{
"type": "FeatureCollection",
"name": "official_1996",
"crs": { "type": "name", "properties": { "name": "urn:ogc:def:crs:OGC:1.3:CRS84" } },
"features": [
{ "type": "Feature", "properties": { "GRID_CODE": 2, "CODI_FINAL": "2596060", "MUNICIPI": "Camarasa", "DATA_INCEN": "26/07/96" }, "geometry": { "type": "MultiPolygon", "coordinates": [ [ [ [ 0.89081170528047, 41.896955912104673 ], [ 0.891173119283249, 41.896962550427958 ], [ 0.891182003663303, 41.89669252844589 ], [ 0.89154341626579, 41.896699165615068 ], [ 0.89153453346631, 41.896969187660751 ], [ 0.891173119283249, 41.896962550427958 ], [ 0.891164234840409, 41.897232572441858 ], [ 0.891525650485078, 41.897239209691058 ], [ 0.891481233933902, 41.898589319721722 ], [ 0.891842657302179, 41.898595956146913 ], [ 0.891833775172544, 41.898865978155165 ], [ 0.892195200181327, 41.898872613551191 ], [ 0.892186319450691, 41.899142635607667 ], [ 0.892547746101465, 41.899149269929531 ], [ 0.892521107680577, 41.899959336244663 ], [ 0.893605402109749, 41.899979232863565 ], [ 0.893596526913815, 41.900249255156758 ], [ 0.893957960194299, 41.900255885137824 ], [ 0.893931338563373, 41.90106595203126 ], [ 0.894292776465446, 41.901072581106845 ], [ 0.894275031126817, 41.901612625725598 ], [ 0.894636472191653, 41.901619253789299 ], [ 0.894618729469212, 41.902159298476917 ], [ 0.895341618045903, 41.90217255144367 ], [ 0.895332749544185, 41.902442573890895 ], [ 0.894971303614161, 41.902435947912409 ], [ 0.894962433470318, 41.902705970282966 ], [ 0.895685328433043, 41.902719221226839 ], [ 0.895694195536768, 41.90244919868644 ], [ 0.896055641649185, 41.902455822390202 ], [ 0.896046776067721, 41.90272584494798 ], [ 0.896408223822216, 41.902732467577309 ], [ 0.89641708788287, 41.902462444957152 ], [ 0.897139980775724, 41.902475686636699 ], [ 0.89713111975667, 41.902745709381577 ], [ 0.897492567874877, 41.902752328600428 ], [ 0.89747484845453, 41.903292374170974 ], [ 0.897836299735608, 41.903298992377678 ], [ 0.897845158015659, 41.90302896953775 ], [ 0.898568057901133, 41.903042202370948 ], [ 0.898559202723026, 41.903312225336634 ], [ 0.898920654367591, 41.903318840132776 ], [ 0.898902946629473, 41.903858886144825 ], [ 0.899264401436929, 41.903865499928713 ], [ 0.899255548937224, 41.904135522976183 ], [ 0.899617005386702, 41.90414213568549 ], [ 0.89960815428683, 41.904412158781 ], [ 0.899969612378333, 41.904418770415688 ], [ 0.899960762678337, 41.904688793559195 ], [ 0.900322222413345, 41.904695404074239 ], [ 0.900331070592377, 41.904425380868474 ], [ 0.901053987442362, 41.90443859840947 ], [ 0.901045142303788, 41.904708621784749 ], [ 0.902129522958041, 41.904728439776974 ], [ 0.902120682262901, 41.904998463279654 ], [ 0.902843606346309, 41.905011669699292 ], [ 0.902834768572271, 41.905281693312112 ], [ 0.906810876520738, 41.905354248082567 ], [ 0.906819697623693, 41.905084223787412 ], [ 0.906458234193473, 41.905077633629851 ], [ 0.906475878958894, 41.904537585118717 ], [ 0.906114418691372, 41.904530993948377 ], [ 0.906123242414024, 41.904260969733514 ], [ 0.906846160089504, 41.904274150769197 ], [ 0.906854980649534, 41.904004126415913 ], [ 0.907939353473992, 41.904023889278427 ], [ 0.907930537476842, 41.904293913817867 ], [ 0.908653456298466, 41.904307083483367 ], [ 0.908662269253675, 41.904037058819867 ], [ 0.909023727383883, 41.904043641908828 ], [ 0.909032538697592, 41.903773617169072 ], [ 0.908671082148565, 41.903767034143215 ], [ 0.908688707457655, 41.903226984699927 ], [ 0.907965800803503, 41.903213815530648 ], [ 0.907983431772625, 41.90267376632454 ], [ 0.908344881998399, 41.902680351331057 ], [ 0.908362509443481, 41.902140301943881 ], [ 0.908001062260823, 41.902133717016419 ], [ 0.908018692204952, 41.901593667695174 ], [ 0.907657248184469, 41.901587081754947 ], [ 0.907666064496401, 41.901317057134982 ], [ 0.907304622117278, 41.901310470120023 ], [ 0.907313439889578, 41.901040445548944 ], [ 0.90659055847297, 41.901027268276657 ], [ 0.906625840402348, 41.899947170299072 ], [ 0.905902971635278, 41.899933988931338 ], [ 0.905911794886962, 41.899663964537261 ], [ 0.905550362174965, 41.899657372209845 ], [ 0.905559186826549, 41.899387347863609 ], [ 0.905920617957705, 41.89939394012783 ], [ 0.905929440907764, 41.899123915704145 ], [ 0.906290870700752, 41.899130506725655 ], [ 0.906308513197667, 41.898590457711315 ], [ 0.907754221228089, 41.898616810020577 ], [ 0.907780665884153, 41.897806735603538 ], [ 0.907419243271444, 41.897800149440165 ], [ 0.907436875500718, 41.897260099866976 ], [ 0.907075456050981, 41.897253512646039 ], [ 0.907093090837207, 41.896713463184916 ], [ 0.906370258319536, 41.896700285625322 ], [ 0.906379078604058, 41.896430260953046 ], [ 0.906740493251353, 41.896436850261026 ], [ 0.906749311833156, 41.89616682555635 ], [ 0.907110725082202, 41.89617341362068 ], [ 0.907101908019271, 41.896443438432414 ], [ 0.907463322909284, 41.896450025422212 ], [ 0.907454507246117, 41.896720050281758 ], [ 0.907815923777103, 41.896726636196966 ], [ 0.907789480568008, 41.897536710785083 ], [ 0.908150901779353, 41.89754329579479 ], [ 0.908142088676202, 41.897813320676377 ], [ 0.908864934502953, 41.897826487364874 ], [ 0.908856124320216, 41.898096512356226 ], [ 0.909217548934138, 41.898103094079978 ], [ 0.90920874015139, 41.898373119119114 ], [ 0.909570166406325, 41.898379699768185 ], [ 0.909561358963368, 41.898649724853932 ], [ 0.910284214937456, 41.898662882822087 ], [ 0.910275410413663, 41.898932908062527 ], [ 0.910998269910632, 41.898946061607809 ], [ 0.911007071331605, 41.89867603628737 ], [ 0.910645643074314, 41.898669460123081 ], [ 0.910663248656354, 41.898129409564426 ], [ 0.910301823560542, 41.898122832387358 ], [ 0.910310627661317, 41.897852807148062 ], [ 0.909949204206441, 41.897846228896285 ], [ 0.910002035527908, 41.89622607744522 ], [ 0.909640621314562, 41.896219498473613 ], [ 0.909667039910226, 41.895409422741594 ], [ 0.910751269285926, 41.895429155780036 ], [ 0.910742467729093, 41.895699181208435 ], [ 0.911103879321798, 41.89570575669245 ], [ 0.911086278947854, 41.896245807631516 ], [ 0.911447693641392, 41.896252382101714 ], [ 0.911438894824343, 41.896522407612331 ], [ 0.911800311158623, 41.896528981007847 ], [ 0.91178271614401, 41.897069032109115 ], [ 0.912144135639459, 41.897075604491839 ], [ 0.912135339502195, 41.897345630083542 ], [ 0.912496760638415, 41.897352201391534 ], [ 0.91248796590129, 41.897622227030894 ], [ 0.912849388678287, 41.897628797264133 ], [ 0.912840595341339, 41.897898822951127 ], [ 0.913202019759116, 41.897905392109578 ], [ 0.913237186365058, 41.896825288984651 ], [ 0.912875768029119, 41.896818720073718 ], [ 0.912893353682148, 41.896278668527557 ], [ 0.912531938505817, 41.896272098648787 ], [ 0.912540732642888, 41.896002072893168 ], [ 0.91217931910722, 41.895995501939673 ], [ 0.912188114644335, 41.895725476231718 ], [ 0.911826702749326, 41.895718904203541 ], [ 0.911853093256986, 41.894908827270982 ], [ 0.911130278951228, 41.894895680131455 ], [ 0.911139078567861, 41.894625654552236 ], [ 0.910777673115045, 41.894619079362087 ], [ 0.91080407586063, 41.893809002815878 ], [ 0.91116547675134, 41.893815577865219 ], [ 0.911174275946722, 41.893545552230108 ], [ 0.911535675437641, 41.893552126081026 ], [ 0.911526877824121, 41.893822151734156 ], [ 0.911888278955555, 41.893828724510485 ], [ 0.911870686347655, 41.894368775896737 ], [ 0.912593495112525, 41.894381918288595 ], [ 0.912602288407548, 41.894111892433223 ], [ 0.912963691420092, 41.894118461861936 ], [ 0.912990066080231, 41.893308384115826 ], [ 0.913351464712739, 41.893314952223484 ], [ 0.91336025448636, 41.893044926187386 ], [ 0.913721651658718, 41.893051493095584 ], [ 0.913730439850754, 41.892781467029486 ], [ 0.914091835624685, 41.892788032694348 ], [ 0.914109408547704, 41.892247980394608 ], [ 0.913748015755193, 41.89224141480733 ], [ 0.913756803586595, 41.891971388698479 ], [ 0.913395412494587, 41.891964822037707 ], [ 0.913412990716361, 41.891424769898791 ], [ 0.91269021497313, 41.891411633415437 ], [ 0.912699006943657, 41.891141607448368 ], [ 0.913060393295387, 41.891148176197461 ], [ 0.913104343867876, 41.889798045751135 ], [ 0.913465722679966, 41.889804613053386 ], [ 0.913492087008754, 41.888994534437799 ], [ 0.91421483593615, 41.889007665218294 ], [ 0.914232405435447, 41.888467612473541 ], [ 0.91567789251195, 41.888493859948035 ], [ 0.915669113902295, 41.888763886552283 ], [ 0.916030487477506, 41.888770445607932 ], [ 0.916012932936146, 41.88931049894228 ], [ 0.916374309671079, 41.889317056985149 ], [ 0.916365533739437, 41.889587083715234 ], [ 0.917088290607679, 41.889600196560501 ], [ 0.917097063559825, 41.889330169707982 ], [ 0.916735686524593, 41.889323613936689 ], [ 0.916753235046867, 41.88878356035633 ], [ 0.916391861231546, 41.888777003573338 ], [ 0.916400636803076, 41.888506976800528 ], [ 0.916762009157354, 41.88851353356786 ], [ 0.916770783087591, 41.888243506764027 ], [ 0.917132154043565, 41.888250062288279 ], [ 0.917140926334036, 41.887980035408468 ], [ 0.916418187643311, 41.887966923303246 ], [ 0.916409412313328, 41.888236950059536 ], [ 0.914963930293435, 41.888210711966543 ], [ 0.914972711762673, 41.887940685458524 ], [ 0.914611343108547, 41.887934123134407 ], [ 0.91462890860565, 41.88739407019704 ], [ 0.9139061777367, 41.887380942387317 ], [ 0.913932534261055, 41.88657086320152 ], [ 0.913571173564342, 41.886564297822851 ], [ 0.91363267859336, 41.884674112961029 ], [ 0.913994028651687, 41.884680677951799 ], [ 0.914002813117991, 41.88441065144405 ], [ 0.914364161778472, 41.884417215191846 ], [ 0.914408074532891, 41.883067082036973 ], [ 0.914769415714956, 41.883073644384517 ], [ 0.914786976949486, 41.882533590890432 ], [ 0.914425638804657, 41.882527028711536 ], [ 0.914434420731705, 41.882257001981898 ], [ 0.914073084226307, 41.882250438728782 ], [ 0.914090650817371, 41.881710385396524 ], [ 0.913729317472134, 41.881703821086013 ], [ 0.913738102075864, 41.881433794482312 ], [ 0.914099433901854, 41.881440358730991 ], [ 0.914108216927905, 41.881170332007287 ], [ 0.9144695473548, 41.881176895058104 ], [ 0.914487109946402, 41.880636841488226 ], [ 0.915209765085179, 41.880649963889581 ], [ 0.915192208630591, 41.881190017707809 ], [ 0.915553539417768, 41.881196577350586 ], [ 0.915562316186608, 41.880926550364308 ], [ 0.915923645634832, 41.880933108810389 ], [ 0.915949970720867, 41.880123027671843 ], [ 0.915227321118265, 41.880109910060519 ], [ 0.915236098986284, 41.879839883080137 ], [ 0.914874775913563, 41.879833322655372 ], [ 0.914865996527878, 41.880103349528945 ], [ 0.914143347705923, 41.880090225102869 ], [ 0.914152130069646, 41.879820198351865 ], [ 0.913429484767894, 41.879807069460618 ], [ 0.913447055211328, 41.879267016163212 ], [ 0.913085735778858, 41.879260450137366 ], [ 0.913156025143499, 41.877100236742173 ], [ 0.912433410881158, 41.877087102316523 ], [ 0.912459776553243, 41.876277022435616 ], [ 0.912098474189809, 41.876270453682729 ], [ 0.912116053661357, 41.875730400464853 ], [ 0.911754754454289, 41.875723830744938 ], [ 0.911772336542722, 41.875183777594977 ], [ 0.911411040494905, 41.87517720681808 ], [ 0.911428625138375, 41.874637153779901 ], [ 0.910344746767176, 41.874617435050055 ], [ 0.91035354349618, 41.874347408650905 ], [ 0.909992252423949, 41.874340833560687 ], [ 0.910009848496662, 41.87380078088745 ], [ 0.909287272909724, 41.873787627504839 ], [ 0.909260869478804, 41.874597706098534 ], [ 0.90889957730917, 41.874591127540242 ], [ 0.908890774446717, 41.87486115363339 ], [ 0.9096133619423, 41.874874309783166 ], [ 0.909595761869446, 41.8754143622185 ], [ 0.91031835598163, 41.875427514074161 ], [ 0.910309558772825, 41.875697540371306 ], [ 0.909948260167168, 41.87569096497247 ], [ 0.909930662409729, 41.876231017446202 ], [ 0.910653265875337, 41.876244167401964 ], [ 0.910644469824394, 41.876514193718293 ], [ 0.910283166541964, 41.876507619269425 ], [ 0.91027436885186, 41.876777645509563 ], [ 0.909190455173022, 41.87675791507219 ], [ 0.909181652804506, 41.877027941157209 ], [ 0.908820346967273, 41.877021361996135 ], [ 0.90882915085319, 41.876751336018096 ], [ 0.908467846595017, 41.87674475578207 ], [ 0.908441430138324, 41.877554833534646 ], [ 0.907718812928735, 41.877541669329183 ], [ 0.907727621612199, 41.877271643565663 ], [ 0.907005007923813, 41.877258474895861 ], [ 0.906996196261299, 41.877528500581406 ], [ 0.906634888109076, 41.877521914481257 ], [ 0.90662607474837, 41.877791940044418 ], [ 0.905903455766283, 41.877778764357437 ], [ 0.905885822666199, 41.878318815238856 ], [ 0.904079262072708, 41.878285855499364 ], [ 0.90407043771755, 41.878555880585132 ], [ 0.903709124453049, 41.878549285194701 ], [ 0.90370029851842, 41.878819310205174 ], [ 0.902977669254868, 41.878806115846281 ], [ 0.902968840161524, 41.879076140718183 ], [ 0.902607524161016, 41.879069541794678 ], [ 0.902598693427889, 41.879339566590168 ], [ 0.902960010885713, 41.879346165619737 ], [ 0.902951181550844, 41.879616190463146 ], [ 0.902589862573977, 41.879609591371405 ], [ 0.902581031537585, 41.879879616182265 ], [ 0.902219711162431, 41.879873015892429 ], [ 0.90219321289459, 41.880683089965125 ], [ 0.90110923875902, 41.880663281809134 ], [ 0.90110040116437, 41.880933306269164 ], [ 0.900739075196162, 41.880926701186731 ], [ 0.900730236020227, 41.881196725616377 ], [ 0.901091563509066, 41.881203330716041 ], [ 0.901073887774118, 41.881743379610896 ], [ 0.899989896497912, 41.881723560439447 ], [ 0.899963368346542, 41.88253363309267 ], [ 0.899602033624385, 41.882527024273791 ], [ 0.899566654945681, 41.883607120680267 ], [ 0.900650677763948, 41.883626944566927 ], [ 0.900641837320165, 41.883896968807825 ], [ 0.901364522862947, 41.883910179161688 ], [ 0.901346847748951, 41.884450227895705 ], [ 0.90098550190917, 41.884443623140427 ], [ 0.900905944269029, 41.886873841110457 ], [ 0.900544584873071, 41.886867234704006 ], [ 0.900509216686575, 41.887947330944506 ], [ 0.900147851334471, 41.887940723107853 ], [ 0.900139007434565, 41.888210747103265 ], [ 0.898693541095572, 41.888184304188975 ], [ 0.898684691057544, 41.888454327877135 ], [ 0.898323323269628, 41.88844771427965 ], [ 0.898314471530597, 41.888717737890133 ], [ 0.89795310234402, 41.888711123094083 ], [ 0.897935395523439, 41.889251170148704 ], [ 0.897574023418464, 41.889244554091725 ], [ 0.897538602243286, 41.890324647825452 ], [ 0.896815846239685, 41.890311411758908 ], [ 0.896824704725852, 41.890041388437261 ], [ 0.896463328424911, 41.890034768784325 ], [ 0.896454468420367, 41.890304791998631 ], [ 0.896093090662023, 41.890298171100923 ], [ 0.896084229014959, 41.890568194283553 ], [ 0.895000092026705, 41.890548324632455 ], [ 0.894991225700268, 41.890818347568647 ], [ 0.894629845447402, 41.890811722001899 ], [ 0.894620977418077, 41.891081744905314 ], [ 0.893898214235035, 41.891068490282905 ], [ 0.893889343046047, 41.891338513002182 ], [ 0.893527960117364, 41.891331883901508 ], [ 0.893519087345864, 41.891601906590175 ], [ 0.893157702958386, 41.891595276289557 ], [ 0.893148828547035, 41.891865298856466 ], [ 0.892787442819755, 41.89185866740312 ], [ 0.892778566706821, 41.892128689892211 ], [ 0.892055792578058, 41.892115423406381 ], [ 0.892046913303737, 41.892385445756204 ], [ 0.891685524902282, 41.892378810723699 ], [ 0.891641119286258, 41.893728922039472 ], [ 0.891279723406077, 41.893722285557992 ], [ 0.891270840422984, 41.893992307698234 ], [ 0.890909443082492, 41.893985670061667 ], [ 0.890900558457775, 41.894255692125107 ], [ 0.889093566223486, 41.894222486451973 ], [ 0.889084673816301, 41.894492508187227 ], [ 0.889446073587693, 41.894499151676264 ], [ 0.889437182579022, 41.894769173459821 ], [ 0.889075781346228, 41.894762529954306 ], [ 0.88906688869576, 41.895032551661004 ], [ 0.888705486065904, 41.8950259069114 ], [ 0.88869659183235, 41.895295928587316 ], [ 0.888335187803976, 41.895289282638622 ], [ 0.888317395874132, 41.895829325731313 ], [ 0.889401617507328, 41.895849260499531 ], [ 0.88939272588905, 41.896119282256691 ], [ 0.889754134844568, 41.896125924938573 ], [ 0.889745244686662, 41.89639594670011 ], [ 0.890468066060356, 41.896409228870461 ], [ 0.890459178761213, 41.896679250741713 ], [ 0.890820591122109, 41.896685890139047 ], [ 0.89081170528047, 41.896955912104673 ] ], [ [ 0.910098881768553, 41.893255798483814 ], [ 0.910460279378162, 41.893262375682234 ], [ 0.910451477264319, 41.893532401162716 ], [ 0.910090078134567, 41.893525823902316 ], [ 0.910098881768553, 41.893255798483814 ] ], [ [ 0.905109489017771, 41.902080996803875 ], [ 0.905470935235103, 41.902087590825907 ], [ 0.90546210943648, 41.902357615030645 ], [ 0.905100661638101, 41.902351020945396 ], [ 0.905109489017771, 41.902080996803875 ] ], [ [ 0.908758999231062, 41.889989175067761 ], [ 0.909120378118839, 41.889995756068124 ], [ 0.909102764561227, 41.890535806862196 ], [ 0.908741382632188, 41.890529225782842 ], [ 0.908758999231062, 41.889989175067761 ] ], [ [ 0.901399871638926, 41.882830081567512 ], [ 0.901761208484911, 41.882836684768435 ], [ 0.901743537376574, 41.88337673374096 ], [ 0.901382197491944, 41.883370130415628 ], [ 0.901399871638926, 41.882830081567512 ] ], [ [ 0.912019360317779, 41.878700692384868 ], [ 0.912380676411776, 41.878707261695823 ], [ 0.912363097273036, 41.879247314722896 ], [ 0.91200177820117, 41.879240745289273 ], [ 0.912019360317779, 41.878700692384868 ] ], [ [ 0.906811122983598, 41.88319903604539 ], [ 0.907533803454467, 41.883212207398593 ], [ 0.907516180723752, 41.88375225833029 ], [ 0.906793494175424, 41.883739086728923 ], [ 0.906811122983598, 41.88319903604539 ] ], [ [ 0.912662896358672, 41.881144068532841 ], [ 0.91338555637283, 41.881157202541523 ], [ 0.913367984245577, 41.881697255684472 ], [ 0.912645318094276, 41.88168412142722 ], [ 0.912662896358672, 41.881144068532841 ] ], [ [ 0.905868189083745, 41.878858866063247 ], [ 0.90695213602481, 41.878878628658207 ], [ 0.906943323580385, 41.879148654212145 ], [ 0.90658200631435, 41.8791420677397 ], [ 0.906555563819644, 41.879952144177025 ], [ 0.905832920473185, 41.879938967495931 ], [ 0.905868189083745, 41.878858866063247 ] ], [ [ 0.910847451670375, 41.881381239729187 ], [ 0.910838654911256, 41.881651265882802 ], [ 0.911922652485529, 41.881670982581966 ], [ 0.911905067663179, 41.882211035171821 ], [ 0.91154373199918, 41.882204463966353 ], [ 0.911534937858933, 41.882474490154955 ], [ 0.911173600797398, 41.882467917706506 ], [ 0.911182396396715, 41.882197891578727 ], [ 0.910459725671698, 41.882184743442565 ], [ 0.910424530276053, 41.88326484741556 ], [ 0.91006318901604, 41.883258271418121 ], [ 0.910071989535815, 41.882988245473889 ], [ 0.909349310417099, 41.882975090149714 ], [ 0.909384523562934, 41.881894986863216 ], [ 0.90974585698564, 41.881901564822968 ], [ 0.909754658421349, 41.881631538914455 ], [ 0.910477322648172, 41.881644691348065 ], [ 0.910486120925042, 41.881374665301408 ], [ 0.910847451670375, 41.881381239729187 ] ], [ [ 0.909481349692277, 41.878924701591693 ], [ 0.909472547941275, 41.87919472758076 ], [ 0.909833866171006, 41.879201304965861 ], [ 0.909825065818674, 41.879471331002634 ], [ 0.909463746069895, 41.879464753555574 ], [ 0.909454944016436, 41.879734779560046 ], [ 0.908009660087428, 41.879708458208427 ], [ 0.908000851897407, 41.879978483951788 ], [ 0.908362174204145, 41.879985066021568 ], [ 0.908353367352538, 41.880255091811584 ], [ 0.90871469135907, 41.880261672808537 ], [ 0.90867946894813, 41.881341775986208 ], [ 0.908318138926622, 41.881335194697364 ], [ 0.908309331474186, 41.8816052203711 ], [ 0.907586668752698, 41.881592054306395 ], [ 0.907595479183352, 41.881322028755584 ], [ 0.907234149523303, 41.881315444058743 ], [ 0.907242961352642, 41.881045418555729 ], [ 0.906881633332311, 41.881038832784917 ], [ 0.906899259727946, 41.880498781861277 ], [ 0.906537934866476, 41.880492195078602 ], [ 0.9065467493725, 41.880222169656882 ], [ 0.906908072776526, 41.880228756333622 ], [ 0.906925698388689, 41.879688705323353 ], [ 0.907287018875061, 41.879695290740031 ], [ 0.907295829981265, 41.879425265151482 ], [ 0.907657149008873, 41.879431849369112 ], [ 0.90767476788189, 41.87889179802626 ], [ 0.908036083991903, 41.878898380983955 ], [ 0.908044891758779, 41.878628355229687 ], [ 0.909128836311812, 41.878648097192396 ], [ 0.909137639342507, 41.878378071191783 ], [ 0.909860266627685, 41.878391226727203 ], [ 0.909842666464649, 41.87893127887093 ], [ 0.909481349692277, 41.878924701591693 ] ], [ [ 0.904696022569798, 41.881539344560004 ], [ 0.904678376977479, 41.882079394669645 ], [ 0.905401043906983, 41.882092579160002 ], [ 0.905409863694144, 41.881822554010029 ], [ 0.905771195789774, 41.881829144511052 ], [ 0.905762377521848, 41.882099169723077 ], [ 0.905401043906983, 41.882092579160002 ], [ 0.90539222393749, 41.882362604339576 ], [ 0.905030888923988, 41.88235601257837 ], [ 0.905013245646189, 41.88289606272668 ], [ 0.906458598641466, 41.88292242336302 ], [ 0.906449782928267, 41.883192448687169 ], [ 0.906088442934761, 41.883185860146781 ], [ 0.906070808049119, 41.883725910582079 ], [ 0.905709465197721, 41.883719320782568 ], [ 0.905700646085442, 41.88398934589479 ], [ 0.905339301833811, 41.883982754942089 ], [ 0.905348122466941, 41.883712729846941 ], [ 0.904986779855349, 41.883706137820255 ], [ 0.904977957644075, 41.883976162807187 ], [ 0.904616613633766, 41.883969569582284 ], [ 0.90460778984263, 41.884239594493955 ], [ 0.904246444374851, 41.884233000024736 ], [ 0.904255269745608, 41.883962975176289 ], [ 0.903893925978174, 41.883956379634192 ], [ 0.903902752687375, 41.883686354832527 ], [ 0.904264094935437, 41.883692950312486 ], [ 0.904272920066241, 41.883422925390533 ], [ 0.903911579275854, 41.883416330016587 ], [ 0.903929232152302, 41.882876280298042 ], [ 0.904290569902556, 41.882882875592706 ], [ 0.904299394611025, 41.88261285062687 ], [ 0.904660730902456, 41.882619444722259 ], [ 0.904678376977479, 41.882079394669645 ], [ 0.904317043723116, 41.882072800743487 ], [ 0.904308219197309, 41.882342825691751 ], [ 0.903946884545859, 41.882336230522448 ], [ 0.903938058438814, 41.882606255440422 ], [ 0.903576722328584, 41.882599659071843 ], [ 0.903567894583, 41.882869683868414 ], [ 0.903206557132961, 41.882863086347733 ], [ 0.903197727687089, 41.883133111066812 ], [ 0.903559066715187, 41.883139708695737 ], [ 0.903550238667883, 41.883409733462692 ], [ 0.903188898180674, 41.883403135772703 ], [ 0.903180068552005, 41.883673160509339 ], [ 0.902818726605984, 41.883666561620018 ], [ 0.902809895337176, 41.883936586280235 ], [ 0.9024485520528, 41.883929986193777 ], [ 0.902483882536474, 41.882849887852153 ], [ 0.902845219805174, 41.882856487646002 ], [ 0.902854050589346, 41.882586462973755 ], [ 0.903215386399324, 41.882593061568329 ], [ 0.903224215603664, 41.882323036820736 ], [ 0.902862881252745, 41.882316438287226 ], [ 0.902871711857045, 41.882046413542547 ], [ 0.902510379206375, 41.882039813936288 ], [ 0.902519211148909, 41.881769789238405 ], [ 0.901796549249936, 41.881756586697207 ], [ 0.901805384108597, 41.88148656215445 ], [ 0.90216671347921, 41.88149316390836 ], [ 0.90218437985589, 41.880953114656776 ], [ 0.903268359636228, 41.880972912775604 ], [ 0.903277188055791, 41.880702887941361 ], [ 0.904361164363983, 41.880722675694997 ], [ 0.904369988105411, 41.880452650660068 ], [ 0.904731312304873, 41.880459244214627 ], [ 0.904748956449132, 41.879919193933873 ], [ 0.905110277669364, 41.879925786272167 ], [ 0.905101457147286, 41.880195811458734 ], [ 0.905462780067472, 41.880202402724287 ], [ 0.905436322393528, 41.881012478430776 ], [ 0.905074994976148, 41.881005886980034 ], [ 0.905057352904907, 41.881545937270921 ], [ 0.904696022569798, 41.881539344560004 ] ] ], [ [ [ 0.905180837206328, 41.877765584125953 ], [ 0.905903455766283, 41.877778764357437 ], [ 0.905912272104611, 41.877508738917314 ], [ 0.905550964314078, 41.877502149409601 ], [ 0.905568599726958, 41.87696209861182 ], [ 0.904845990523035, 41.87694891643617 ], [ 0.904854811116373, 41.876678891140621 ], [ 0.904493508244325, 41.876672298411734 ], [ 0.90446704160305, 41.877482374160373 ], [ 0.90518965664269, 41.877495558811091 ], [ 0.905180837206328, 41.877765584125953 ] ] ], [ [ [ 0.903241873591301, 41.881782987236683 ], [ 0.903233044627014, 41.882053012057789 ], [ 0.903594377519228, 41.882059609392002 ], [ 0.903603204962809, 41.881789584553751 ], [ 0.903241873591301, 41.881782987236683 ] ] ], [ [ [ 0.901045142303788, 41.904708621784749 ], [ 0.900683682267925, 41.904702013497392 ], [ 0.900674835488831, 41.904972036751161 ], [ 0.901036296985426, 41.904978645099654 ], [ 0.901045142303788, 41.904708621784749 ] ] ], [ [ [ 0.89081170528047, 41.896955912104673 ], [ 0.890450291400736, 41.896949272599812 ], [ 0.890441403858445, 41.897219294442522 ], [ 0.890802819318769, 41.897225934011033 ], [ 0.89081170528047, 41.896955912104673 ] ] ], [ [ [ 0.890802819318769, 41.897225934011033 ], [ 0.890793933175273, 41.897495955902016 ], [ 0.891155350277528, 41.897502594396464 ], [ 0.891164234840409, 41.897232572441858 ], [ 0.890802819318769, 41.897225934011033 ] ] ], [ [ [ 0.889022423858163, 41.896382660029644 ], [ 0.889013530477801, 41.89665268165065 ], [ 0.889374942350789, 41.896659325639227 ], [ 0.88938383421086, 41.896389303955651 ], [ 0.889022423858163, 41.896382660029644 ] ] ] ] } },
{ "type": "Feature", "properties": { "GRID_CODE": 2, "CODI_FINAL": "4396103", "MUNICIPI": "La Riba", "DATA_INCEN": "26/07/96" }, "geometry": { "type": "MultiPolygon", "coordinates": [ [ [ [ 1.194981867509517, 41.314448924078519 ], [ 1.19498931804914, 41.314178825626371 ], [ 1.194631076685184, 41.314173207724359 ], [ 1.194653432187873, 41.313362912400024 ], [ 1.194295195358449, 41.313357293497937 ], [ 1.194302648446578, 41.313087195096621 ], [ 1.193944413195888, 41.313081575133353 ], [ 1.193951867659698, 41.312811476771309 ], [ 1.193235400356384, 41.31280023365229 ], [ 1.193242857732716, 41.312530135383561 ], [ 1.192526393790033, 41.312518887913797 ], [ 1.192548774054217, 41.31170859329648 ], [ 1.19111586517361, 41.31168608562497 ], [ 1.19110839923935, 41.311956183616338 ], [ 1.190391942484746, 41.311944922989525 ], [ 1.190377004461078, 41.312485118763981 ], [ 1.189660542145191, 41.312473853466564 ], [ 1.189645597807157, 41.313014048927847 ], [ 1.188929130049415, 41.313002778961597 ], [ 1.188921654742247, 41.313272876609588 ], [ 1.188205184378918, 41.31326160203389 ], [ 1.188220140737975, 41.31272140702616 ], [ 1.188578372945452, 41.31272704472007 ], [ 1.188585849465184, 41.312456947141726 ], [ 1.187152927336698, 41.312434389806526 ], [ 1.187145444848663, 41.312704487170841 ], [ 1.186070749875354, 41.312687557332488 ], [ 1.18606326291362, 41.312957654524013 ], [ 1.18463033176271, 41.312935065563039 ], [ 1.184615345654836, 41.313475259521887 ], [ 1.184973581274372, 41.313480908518166 ], [ 1.184981072871672, 41.313210811514324 ], [ 1.185339307056344, 41.313216459342051 ], [ 1.185331816935004, 41.313486556444261 ], [ 1.186048288623249, 41.313497848909599 ], [ 1.186040801295866, 41.31376794605869 ], [ 1.185682563952753, 41.313762300352792 ], [ 1.185675075105845, 41.314032397435625 ], [ 1.182809168042727, 41.313987191065038 ], [ 1.18281666870749, 41.313717094409199 ], [ 1.18245843228438, 41.313711438629916 ], [ 1.182450930082682, 41.313981535231378 ], [ 1.181734454587327, 41.313970220268182 ], [ 1.181719444026814, 41.314510413261814 ], [ 1.181361203417632, 41.314504754023467 ], [ 1.18135369653722, 41.314774850424051 ], [ 1.180995454613969, 41.314769189973866 ], [ 1.180980437530821, 41.315309382670627 ], [ 1.18169692744979, 41.315320702626458 ], [ 1.181704433057372, 41.315050606200103 ], [ 1.182062676663671, 41.315056264430112 ], [ 1.18205517253215, 41.315326360954934 ], [ 1.182413417717985, 41.315332018124082 ], [ 1.182405914962847, 41.315602114643468 ], [ 1.182764161726972, 41.315607770796717 ], [ 1.182756660347005, 41.315877867355709 ], [ 1.182398412104274, 41.315872211194041 ], [ 1.182345889059755, 41.317762886432767 ], [ 1.182704147643366, 41.31776854301345 ], [ 1.182696645445952, 41.31803863946174 ], [ 1.18305490561053, 41.318044294936414 ], [ 1.183062406390139, 41.317774198435636 ], [ 1.183420665178107, 41.317779852787481 ], [ 1.183398167083619, 41.318590142455434 ], [ 1.183039903862999, 41.318584487943355 ], [ 1.183009899023665, 41.319664873744301 ], [ 1.182651629993477, 41.319659217949116 ], [ 1.182629120887584, 41.320469507006003 ], [ 1.18298739435083, 41.320475162961472 ], [ 1.18297239076408, 41.321015355719375 ], [ 1.183330667285004, 41.321021010667152 ], [ 1.183338167651089, 41.32075091426421 ], [ 1.183696442854879, 41.320756568089998 ], [ 1.183703941642316, 41.320486471574803 ], [ 1.184062215410814, 41.32049212423172 ], [ 1.184069712678107, 41.320222027650239 ], [ 1.184786257567256, 41.320233329468721 ], [ 1.184801245822515, 41.319693136139868 ], [ 1.184084706784409, 41.319681834533945 ], [ 1.184077209782312, 41.319951931099006 ], [ 1.183718938967985, 41.319946278593903 ], [ 1.18371144032637, 41.320216375090801 ], [ 1.182994896050013, 41.320205066585224 ], [ 1.183002397587298, 41.31993497019419 ], [ 1.183360668197334, 41.319940624928329 ], [ 1.183375668069757, 41.319400431998865 ], [ 1.184092203744091, 41.319411737955974 ], [ 1.184099700543191, 41.319141641318218 ], [ 1.184457967085134, 41.319147292594636 ], [ 1.184465462304513, 41.318877195889677 ], [ 1.185181992680965, 41.318888494946414 ], [ 1.185189484841793, 41.318618398165889 ], [ 1.185547748675039, 41.318624045991257 ], [ 1.185555239317197, 41.318353949099489 ], [ 1.186271764395539, 41.31836524125611 ], [ 1.186286739341642, 41.317825047305888 ], [ 1.186644999109178, 41.317830691583865 ], [ 1.186652484951729, 41.317560594534697 ], [ 1.187010743283993, 41.31756623764398 ], [ 1.187018227606774, 41.317296140528626 ], [ 1.188809513526255, 41.317324339184374 ], [ 1.188816990299935, 41.317054241787886 ], [ 1.18917524628731, 41.317059878149202 ], [ 1.18918272154262, 41.316789780641578 ], [ 1.190973995740956, 41.316817945377906 ], [ 1.19098146344743, 41.316547847589462 ], [ 1.191339717090483, 41.316553477157989 ], [ 1.191354649301888, 41.316013281479222 ], [ 1.192787653193289, 41.316035788096144 ], [ 1.19279511320633, 41.315765690045467 ], [ 1.193153362925384, 41.315771313882699 ], [ 1.193168279752818, 41.315231117589569 ], [ 1.194243020717316, 41.315247982007378 ], [ 1.194250474575814, 41.314977883703762 ], [ 1.194608720268971, 41.314983502924299 ], [ 1.194623624668272, 41.314443306123465 ], [ 1.194981867509517, 41.314448924078519 ] ] ], [ [ [ 1.182606610861845, 41.321279795938359 ], [ 1.182614114286889, 41.321009699611089 ], [ 1.182255837970371, 41.321004042434211 ], [ 1.182263342769707, 41.320733946191559 ], [ 1.1815467933404, 41.320722628555139 ], [ 1.18153928558556, 41.320992724690896 ], [ 1.180106182043322, 41.320970075829791 ], [ 1.18009866827518, 41.321240171737777 ], [ 1.179740391196905, 41.321234506705629 ], [ 1.179725360338281, 41.321774698372117 ], [ 1.180083640370867, 41.3217803635563 ], [ 1.180091154403425, 41.321510267676942 ], [ 1.180807711881015, 41.321521594550539 ], [ 1.180800200804058, 41.321791690536905 ], [ 1.181516761646488, 41.321803013059217 ], [ 1.181524269708134, 41.321532916964976 ], [ 1.182240828004039, 41.321544234922101 ], [ 1.182248333009092, 41.321274138662098 ], [ 1.182606610861845, 41.321279795938359 ] ] ] ] } },
{ "type": "Feature", "properties": { "GRID_CODE": 2, "CODI_FINAL": "4396095", "MUNICIPI": "Pradell de la Teix", "DATA_INCEN": "09/10/96" }, "geometry": { "type": "MultiPolygon", "coordinates": [ [ [ [ 0.847695201258985, 41.129936462870255 ], [ 0.847992836696965, 41.12994202391927 ], [ 0.848000191119709, 41.129716981847395 ], [ 0.847107288106926, 41.129700296391718 ], [ 0.847114645553967, 41.129475254397491 ], [ 0.846817012398671, 41.129469691086079 ], [ 0.846824370716863, 41.129244649169642 ], [ 0.8462291066875, 41.129233520329485 ], [ 0.846207025386543, 41.129908645876107 ], [ 0.845314120887802, 41.129891946459971 ], [ 0.845336211328624, 41.129216821307956 ], [ 0.845038579689366, 41.129211253430434 ], [ 0.845031215277995, 41.129436295083828 ], [ 0.8447335827662, 41.129430726395228 ], [ 0.844726217254359, 41.129655768039854 ], [ 0.84442858375098, 41.129650198537966 ], [ 0.844421217140108, 41.12987524012879 ], [ 0.843825948352711, 41.129864098732234 ], [ 0.843840685553111, 41.129414015716179 ], [ 0.842650157164327, 41.129391724055345 ], [ 0.842664902212872, 41.128941641396942 ], [ 0.842367272340665, 41.128936066648485 ], [ 0.84238939224476, 41.128260942694112 ], [ 0.842091765502561, 41.128255367309087 ], [ 0.842099139652755, 41.128030326000065 ], [ 0.841801514009583, 41.128024749890685 ], [ 0.841808889090179, 41.127799708660667 ], [ 0.841213640145016, 41.127788554226008 ], [ 0.841206263033531, 41.128013595368166 ], [ 0.840908637641134, 41.12800801695392 ], [ 0.840893881133481, 41.128458099210626 ], [ 0.840298626597237, 41.128446939902624 ], [ 0.840328147400183, 41.127546775746211 ], [ 0.840625770534942, 41.127552355607968 ], [ 0.840633149511539, 41.127327314488888 ], [ 0.840335527392198, 41.127321734671071 ], [ 0.840342907299113, 41.127096693631024 ], [ 0.838557182134581, 41.127063198848859 ], [ 0.838549796135263, 41.127288239625074 ], [ 0.838252174542077, 41.127282654428306 ], [ 0.838259561556805, 41.127057613696103 ], [ 0.837961941122258, 41.127052027776195 ], [ 0.837969329070125, 41.126826987033063 ], [ 0.837671709675161, 41.126821400387804 ], [ 0.837679098554677, 41.126596359678764 ], [ 0.837381480258822, 41.126590772309285 ], [ 0.837388870068487, 41.12636573167935 ], [ 0.837091252931264, 41.126360143586751 ], [ 0.83709864367401, 41.126135102945916 ], [ 0.836801027576376, 41.126129514127989 ], [ 0.836808419250703, 41.125904473521253 ], [ 0.835617959818774, 41.125882110744605 ], [ 0.835625355469142, 41.125657070349128 ], [ 0.835327741821095, 41.125651477778185 ], [ 0.835335138404441, 41.125426437371836 ], [ 0.835037525855532, 41.125420844076757 ], [ 0.83503012825688, 41.125645884439059 ], [ 0.834434901439468, 41.125634695457272 ], [ 0.834420101930855, 41.126084775930856 ], [ 0.834122486587524, 41.126079180198928 ], [ 0.834115085691352, 41.12630422039927 ], [ 0.833817469416554, 41.126298623855064 ], [ 0.833810067422644, 41.126523663956377 ], [ 0.834107684712789, 41.126529260544693 ], [ 0.834078079955363, 41.127429421162212 ], [ 0.834375701390893, 41.127435017158575 ], [ 0.834353499988735, 41.128110137638558 ], [ 0.833758251109059, 41.12809894461305 ], [ 0.833750848442567, 41.128323984680058 ], [ 0.833453223113116, 41.128318386970811 ], [ 0.833431011565375, 41.128993506935025 ], [ 0.833728639941212, 41.12899910477654 ], [ 0.833713833854657, 41.129449184776298 ], [ 0.834011464345362, 41.129454781937689 ], [ 0.834004062191007, 41.129679821989285 ], [ 0.834301693781119, 41.129685418426469 ], [ 0.834294292558399, 41.1299104585122 ], [ 0.834591925188379, 41.129916054224033 ], [ 0.834584524898796, 41.130141094298928 ], [ 0.834882158687695, 41.130146689287628 ], [ 0.834867359885072, 41.130596769585843 ], [ 0.835164995788945, 41.130602363894326 ], [ 0.835150198683524, 41.131052444195987 ], [ 0.835447836702398, 41.131058037824253 ], [ 0.835440439038771, 41.131283078026769 ], [ 0.835142800004302, 41.131277484354449 ], [ 0.835135401241231, 41.131502524502991 ], [ 0.835433041291305, 41.131508118219394 ], [ 0.835410847547342, 41.132183238692704 ], [ 0.835708490668615, 41.132188831771749 ], [ 0.83568629921708, 41.132863952287984 ], [ 0.835388653048813, 41.132858359076756 ], [ 0.835381254715934, 41.133083399154941 ], [ 0.835083607556294, 41.133077805130142 ], [ 0.83507620812239, 41.133302845199353 ], [ 0.834778560030922, 41.133297250362055 ], [ 0.834771159497452, 41.133522290377286 ], [ 0.834473510474135, 41.133516694727518 ], [ 0.834466108842555, 41.133741734643742 ], [ 0.834763758881589, 41.133747330337599 ], [ 0.834756358180374, 41.133972370332991 ], [ 0.835351660541504, 41.133983559503541 ], [ 0.835344261787902, 41.134208599577164 ], [ 0.835641914050465, 41.134214193052728 ], [ 0.835634516230248, 41.134439233115472 ], [ 0.836229823157457, 41.134450417851617 ], [ 0.836222427283458, 41.134675458037563 ], [ 0.836520081888573, 41.134681049297015 ], [ 0.836512686946538, 41.134906089517081 ], [ 0.83681034259171, 41.134911680050976 ], [ 0.83680294858314, 41.135136720260149 ], [ 0.83710060538743, 41.135142310070741 ], [ 0.837085819147562, 41.13559239063742 ], [ 0.83738347806728, 41.135597979767589 ], [ 0.837376085838974, 41.135823020035076 ], [ 0.837673745858292, 41.135828608440768 ], [ 0.837666354560573, 41.136053648787367 ], [ 0.837964015619979, 41.136059236467489 ], [ 0.837956625254348, 41.136284276848158 ], [ 0.838254287474384, 41.136289863759913 ], [ 0.838246898040865, 41.136514904174689 ], [ 0.83854456135904, 41.136520490406937 ], [ 0.838537172857655, 41.136745530855798 ], [ 0.838834837275439, 41.136751116363527 ], [ 0.838827449707691, 41.136976156801474 ], [ 0.839125115165571, 41.136981741583554 ], [ 0.839132501717423, 41.136756701101646 ], [ 0.839430166302658, 41.136762285072344 ], [ 0.839437551756388, 41.136537244491535 ], [ 0.839735215409439, 41.136542827649741 ], [ 0.839742599763593, 41.136317787015024 ], [ 0.840040262484446, 41.136323369360767 ], [ 0.840047645737568, 41.136098328717168 ], [ 0.841238293334672, 41.136120650238141 ], [ 0.84124567244217, 41.135895609363843 ], [ 0.841543333490043, 41.13590118777806 ], [ 0.841572845018969, 41.135001024050915 ], [ 0.84187050214666, 41.135006601522036 ], [ 0.841877878802943, 41.13478156055529 ], [ 0.842175534998444, 41.134787137214012 ], [ 0.842182910556809, 41.134562096148429 ], [ 0.842480565760573, 41.134567671993644 ], [ 0.842495314593512, 41.13411758978993 ], [ 0.843090621309181, 41.134128738956591 ], [ 0.843097993568042, 41.133903697774542 ], [ 0.843395646034705, 41.133909271183811 ], [ 0.843403017195728, 41.133684229902947 ], [ 0.843700668670657, 41.133689802498765 ], [ 0.843708038732401, 41.133464761164092 ], [ 0.84400568933465, 41.13347033294869 ], [ 0.844042533309025, 41.132345125997404 ], [ 0.84434017891625, 41.132350696794148 ], [ 0.844347546445511, 41.132125655312279 ], [ 0.844645191120559, 41.132131225296781 ], [ 0.844652557549187, 41.13190618380613 ], [ 0.844950201232525, 41.131911752977238 ], [ 0.844957566563491, 41.131686711387829 ], [ 0.845255209374167, 41.131692279747796 ], [ 0.845269937752941, 41.131242196496522 ], [ 0.845567578615814, 41.131247764000406 ], [ 0.845577886873111, 41.130932705617262 ], [ 0.845582304631002, 41.130797680576791 ], [ 0.846475221567021, 41.130814378213998 ], [ 0.846482581401179, 41.13058933640081 ], [ 0.847375496041065, 41.130606026991259 ], [ 0.847390209368591, 41.130155942982242 ], [ 0.847687845737321, 41.130161504888427 ], [ 0.847695201258985, 41.129936462870255 ] ], [ [ 0.841995893950684, 41.13118090324469 ], [ 0.842591173863144, 41.131192054387114 ], [ 0.84258380057559, 41.131417095600241 ], [ 0.841988518631891, 41.131405944369973 ], [ 0.841995893950684, 41.13118090324469 ] ], [ [ 0.838810491631254, 41.12841902818586 ], [ 0.838803106145157, 41.128644068946585 ], [ 0.839398361875771, 41.128655236025452 ], [ 0.839390978335474, 41.128880276909221 ], [ 0.839688607371548, 41.128885859340727 ], [ 0.839673842072402, 41.129335941121475 ], [ 0.838780949180274, 41.129319191304283 ], [ 0.838803106145157, 41.128644068946585 ], [ 0.838505478375638, 41.128638484254147 ], [ 0.838512864877192, 41.128413443537426 ], [ 0.838810491631254, 41.12841902818586 ] ], [ [ 0.83793977677777, 41.127727149901105 ], [ 0.83792500012997, 41.128177231253133 ], [ 0.838222625641619, 41.128182817393032 ], [ 0.838207850689818, 41.12863289879342 ], [ 0.837612595627415, 41.128621725613222 ], [ 0.837619985176846, 41.128396684983478 ], [ 0.837322358757688, 41.128391097261904 ], [ 0.83732974923883, 41.128166056666267 ], [ 0.837032123918879, 41.128160468220401 ], [ 0.837046906659292, 41.127710387132446 ], [ 0.83793977677777, 41.127727149901105 ] ] ], [ [ [ 0.848962829632463, 41.136715524317204 ], [ 0.849260495898365, 41.136721082881742 ], [ 0.849282551183655, 41.136045956780798 ], [ 0.848984887965448, 41.136040398347625 ], [ 0.84899224051593, 41.135815356366834 ], [ 0.848694578396928, 41.135809797208957 ], [ 0.848696049089182, 41.135764788793146 ], [ 0.848738698408049, 41.134459545205715 ], [ 0.84844104240785, 41.134453985540944 ], [ 0.848455750444086, 41.134003901518213 ], [ 0.848158096557333, 41.133998341217591 ], [ 0.848165451466203, 41.133773299235166 ], [ 0.848463104335715, 41.133778859537003 ], [ 0.848470458145474, 41.133553817500875 ], [ 0.848768110082571, 41.13355937699049 ], [ 0.848782815419111, 41.133109292845958 ], [ 0.848485165513495, 41.133103733443939 ], [ 0.848492519073232, 41.132878691378096 ], [ 0.84819487026669, 41.132873131251451 ], [ 0.848187515691231, 41.133098173273495 ], [ 0.846996917295299, 41.133075924908525 ], [ 0.846989558573563, 41.133300966745416 ], [ 0.846394257874239, 41.133289837865277 ], [ 0.846408979297204, 41.132839754356901 ], [ 0.846111331074343, 41.132834188851305 ], [ 0.846118692674927, 41.132609147171109 ], [ 0.845523398570456, 41.132598013943458 ], [ 0.845530762120466, 41.132372972296046 ], [ 0.84523311617932, 41.132367404572904 ], [ 0.845225751613622, 41.132592446176467 ], [ 0.844928104740251, 41.132586877641053 ], [ 0.844920739076863, 41.132811919145837 ], [ 0.844623091330804, 41.132806349799253 ], [ 0.84460835771922, 41.133256432781387 ], [ 0.844310707965697, 41.133250862577526 ], [ 0.844295971990151, 41.133700945387289 ], [ 0.843998320288647, 41.133695374327232 ], [ 0.843990951159128, 41.133920415695876 ], [ 0.843693298525386, 41.133914843823497 ], [ 0.843678557985734, 41.13436492639827 ], [ 0.843976212651016, 41.134370498358408 ], [ 0.843939364918392, 41.135495704863878 ], [ 0.844237024746247, 41.135501276274965 ], [ 0.844229655964413, 41.135726317608224 ], [ 0.843931995120713, 41.13572074615324 ], [ 0.843917255276251, 41.136170828657256 ], [ 0.844214918151677, 41.136176400199993 ], [ 0.844207549119299, 41.136401441503544 ], [ 0.844802877092915, 41.136412582370156 ], [ 0.844795510008806, 41.13663762375154 ], [ 0.845390840407711, 41.136648761632955 ], [ 0.845376110054132, 41.137098844496428 ], [ 0.844780775591565, 41.137087706439566 ], [ 0.844773408256968, 41.137312747791228 ], [ 0.844178072156082, 41.137301606573587 ], [ 0.844200180003404, 41.136626482797169 ], [ 0.843902515096207, 41.136620911166638 ], [ 0.843909885227993, 41.13639586991691 ], [ 0.843612221420226, 41.136390297561746 ], [ 0.843619592484363, 41.13616525634599 ], [ 0.843024267210728, 41.136154109419074 ], [ 0.84300214767384, 41.136829232728211 ], [ 0.843299813346314, 41.136834806708201 ], [ 0.843292441015631, 41.137059847850345 ], [ 0.843590107728036, 41.137065421104573 ], [ 0.843582736329733, 41.137290462280696 ], [ 0.842094398345167, 41.137262588101329 ], [ 0.842087021785131, 41.137487629002997 ], [ 0.84178935339924, 41.137482051817152 ], [ 0.841781975738184, 41.137707092709988 ], [ 0.841484306419956, 41.137701514711672 ], [ 0.841476927659333, 41.137926555550656 ], [ 0.841774597993513, 41.137932133592898 ], [ 0.841759842254785, 41.13838221528399 ], [ 0.842652859795263, 41.138398945061887 ], [ 0.842660234659237, 41.138173904067017 ], [ 0.843255578111883, 41.138185053322381 ], [ 0.843240832364293, 41.138635135477834 ], [ 0.843836180155602, 41.138646281833438 ], [ 0.843828809189948, 41.138871322939089 ], [ 0.844126484256681, 41.138876895008487 ], [ 0.844133854206329, 41.138651853858939 ], [ 0.844431528342068, 41.138657425070868 ], [ 0.844438897192193, 41.138432383867531 ], [ 0.845034243619728, 41.138443523986801 ], [ 0.845026876801598, 41.138668565277897 ], [ 0.845324551186366, 41.138674134229085 ], [ 0.845317185299281, 41.138899175599136 ], [ 0.846805563495691, 41.138927009044657 ], [ 0.84679820260525, 41.13915205062402 ], [ 0.847393556464211, 41.139163178709126 ], [ 0.847452424993126, 41.137362845185713 ], [ 0.847750093949562, 41.137368407725404 ], [ 0.847742736690923, 41.137593449505566 ], [ 0.848635747048792, 41.137610132643715 ], [ 0.848657809429621, 41.136935006924311 ], [ 0.848955476687645, 41.136940566302272 ], [ 0.848962829632463, 41.136715524317204 ] ], [ [ 0.845964081521647, 41.137335020960158 ], [ 0.846559418683782, 41.137346152956439 ], [ 0.846544695955483, 41.137796236156277 ], [ 0.845949354729542, 41.137785103984633 ], [ 0.845964081521647, 41.137335020960158 ] ] ], [ [ [ 0.848584265243881, 41.139185425612325 ], [ 0.849179620103395, 41.139196544474324 ], [ 0.849194325542953, 41.138746460649791 ], [ 0.848896650133347, 41.138740901691236 ], [ 0.848911357271592, 41.138290817914644 ], [ 0.848613683917815, 41.138285258273967 ], [ 0.84862103837865, 41.138060216392113 ], [ 0.847728021924951, 41.138043532991155 ], [ 0.847713306823973, 41.138493616482158 ], [ 0.848010980884127, 41.138499178471235 ], [ 0.847974196755465, 41.13962438715442 ], [ 0.848569555405292, 41.139635509267094 ], [ 0.848584265243881, 41.139185425612325 ] ] ], [ [ [ 0.850102051400966, 41.13831304878947 ], [ 0.850399725171334, 41.138318604587312 ], [ 0.850392376724637, 41.138543646676894 ], [ 0.851285401523921, 41.138560309589081 ], [ 0.851300092239487, 41.138110225092504 ], [ 0.851002419294825, 41.138104671645237 ], [ 0.851009765544455, 41.137879629403329 ], [ 0.850414421817817, 41.137868520288386 ], [ 0.850429118129713, 41.137418435994896 ], [ 0.849238439863172, 41.137396208893556 ], [ 0.849223735422093, 41.137846292881903 ], [ 0.84952140691205, 41.137851850852904 ], [ 0.849514055582505, 41.138076892876001 ], [ 0.850109400781842, 41.13808800668874 ], [ 0.850102051400966, 41.13831304878947 ] ] ] ] } },
{ "type": "Feature", "properties": { "GRID_CODE": 2, "CODI_FINAL": "2596007", "MUNICIPI": "Montferrer i Castellbò", "DATA_INCEN": "29/02/96" }, "geometry": { "type": "Polygon", "coordinates": [ [ [ 1.31749917887036, 42.355925412490883 ], [ 1.317438491864979, 42.355924522044084 ], [ 1.317377804862348, 42.355923631565183 ], [ 1.317317117862462, 42.355922741054187 ], [ 1.317256430865325, 42.355921850511059 ], [ 1.317195743870935, 42.355920959935837 ], [ 1.317135056879293, 42.355920069328505 ], [ 1.3170743698904, 42.355919178689071 ], [ 1.317013682904253, 42.355918288017556 ], [ 1.316952995920855, 42.35591739731391 ], [ 1.316892308940206, 42.355916506578154 ], [ 1.316891107967265, 42.355961517722555 ], [ 1.316889906991579, 42.356006528866601 ], [ 1.316888706013143, 42.35605154001022 ], [ 1.31688750503196, 42.356096551153485 ], [ 1.316886304048027, 42.356141562296379 ], [ 1.316946991245031, 42.356142453039098 ], [ 1.31700767844478, 42.356143343749714 ], [ 1.317068365647281, 42.35614423442825 ], [ 1.317129052852528, 42.356145125074626 ], [ 1.317189740060523, 42.356146015688928 ], [ 1.317188539290199, 42.356191026838388 ], [ 1.317187338517126, 42.356236037987479 ], [ 1.317186137741305, 42.356281049136186 ], [ 1.317184936962736, 42.356326060284502 ], [ 1.31718373618142, 42.356371071432442 ], [ 1.317182535397358, 42.356416082579997 ], [ 1.317181334610548, 42.356461093727134 ], [ 1.317180133820989, 42.356506104873937 ], [ 1.317178933028683, 42.356551116020327 ], [ 1.317177732233629, 42.356596127166348 ], [ 1.317176531435828, 42.356641138311979 ], [ 1.31717533063528, 42.356686149457218 ], [ 1.317174129831983, 42.356731160602088 ], [ 1.31717292902594, 42.356776171746553 ], [ 1.317171728217147, 42.356821182890648 ], [ 1.317111040360079, 42.356820292255414 ], [ 1.317050352505758, 42.356819401588083 ], [ 1.316989664654183, 42.35681851088863 ], [ 1.316928976805359, 42.356817620157045 ], [ 1.316868288959283, 42.356816729393401 ], [ 1.316867087931382, 42.356861740530142 ], [ 1.316865886900731, 42.356906751666493 ], [ 1.316864685867334, 42.35695176280246 ], [ 1.316863484831188, 42.356996773938036 ], [ 1.316862283792295, 42.357041785073228 ], [ 1.316801595732603, 42.357040894270483 ], [ 1.316740907675661, 42.357040003435621 ], [ 1.316680219621467, 42.357039112568664 ], [ 1.316619531570022, 42.357038221669583 ], [ 1.316558843521327, 42.357037330738436 ], [ 1.316557642263319, 42.35708234186626 ], [ 1.316556441002565, 42.3571273529937 ], [ 1.316555239739061, 42.357172364120778 ], [ 1.316554038472809, 42.357217375247437 ], [ 1.316552837203806, 42.357262386373748 ], [ 1.316551635932057, 42.35730739749966 ], [ 1.316550434657558, 42.357352408625211 ], [ 1.31654923338031, 42.357397419750342 ], [ 1.316548032100314, 42.357442430875103 ], [ 1.316546830817569, 42.357487441999488 ], [ 1.316545629532075, 42.357532453123476 ], [ 1.316544428243833, 42.357577464247086 ], [ 1.316543226952841, 42.35762247537032 ], [ 1.316542025659101, 42.357667486493149 ], [ 1.316540824362611, 42.35771249761563 ], [ 1.316539623063373, 42.357757508737713 ], [ 1.316538421761386, 42.357802519859405 ], [ 1.316537220456652, 42.357847530980699 ], [ 1.316536019149167, 42.357892542101631 ], [ 1.316534817838934, 42.357937553222158 ], [ 1.316533616525952, 42.357982564342315 ], [ 1.316532415210221, 42.358027575462103 ], [ 1.316531213891741, 42.358072586581493 ], [ 1.316530012570513, 42.358117597700485 ], [ 1.316528811246536, 42.358162608819107 ], [ 1.316527609919809, 42.358207619937346 ], [ 1.316526408590333, 42.358252631055201 ], [ 1.31652520725811, 42.358297642172673 ], [ 1.316524005923136, 42.358342653289782 ], [ 1.316522804585414, 42.358387664406472 ], [ 1.316462115241239, 42.358386773401321 ], [ 1.316401425899814, 42.35838588236404 ], [ 1.316340736561139, 42.358384991294649 ], [ 1.316280047225211, 42.358384100193163 ], [ 1.316219357892035, 42.358383209059554 ], [ 1.316218156335185, 42.358428220168904 ], [ 1.316216954775586, 42.358473231277856 ], [ 1.316215753213236, 42.35851824238641 ], [ 1.316214551648139, 42.358563253494616 ], [ 1.316213350080292, 42.358608264602417 ], [ 1.316152660533485, 42.35860737342972 ], [ 1.316091970989427, 42.358606482224914 ], [ 1.31603128144812, 42.358605590988027 ], [ 1.315970591909562, 42.358604699719002 ], [ 1.315909902373756, 42.358603808417882 ], [ 1.315908700586777, 42.358648819518322 ], [ 1.31590749879705, 42.358693830618371 ], [ 1.315906297004571, 42.358738841718043 ], [ 1.315905095209345, 42.358783852817311 ], [ 1.315903893411366, 42.358828863916216 ], [ 1.315843203661927, 42.358827972576002 ], [ 1.315782513915238, 42.358827081203685 ], [ 1.315721824171299, 42.35882618979926 ], [ 1.315661134430111, 42.358825298362731 ], [ 1.315600444691675, 42.358824406894072 ], [ 1.315599242674564, 42.358869417985595 ], [ 1.315598040654702, 42.358914429076741 ], [ 1.31559683863209, 42.358959440167517 ], [ 1.315595636606726, 42.359004451257896 ], [ 1.315594434578614, 42.35904946234789 ], [ 1.315655124533435, 42.359050353823527 ], [ 1.315715814491006, 42.359051245267054 ], [ 1.315776504451331, 42.359052136678464 ], [ 1.315837194414402, 42.359053028057787 ], [ 1.315897884380226, 42.359053919404971 ], [ 1.315896682565749, 42.359098930501574 ], [ 1.31589548074852, 42.359143941597779 ], [ 1.315894278928542, 42.359188952693614 ], [ 1.315893077105816, 42.359233963789073 ], [ 1.315891875280338, 42.359278974884127 ], [ 1.315952565465298, 42.359279866206194 ], [ 1.316013255653009, 42.359280757496151 ], [ 1.316073945843471, 42.359281648754006 ], [ 1.316134636036681, 42.359282539979759 ], [ 1.316195326232642, 42.359283431173395 ], [ 1.316194124620802, 42.35932844227505 ], [ 1.316192923006214, 42.359373453376328 ], [ 1.316191721388876, 42.359418464477216 ], [ 1.316190519768787, 42.359463475577719 ], [ 1.316189318145949, 42.359508486677854 ], [ 1.31625000856105, 42.359509377846379 ], [ 1.3163106989789, 42.359510268982788 ], [ 1.3163713893995, 42.359511160087067 ], [ 1.31643207982285, 42.359512051159257 ], [ 1.316492770248949, 42.359512942199331 ], [ 1.316491568839751, 42.359557953306044 ], [ 1.316490367427806, 42.359602964412389 ], [ 1.316489166013113, 42.359647975518349 ], [ 1.31648796459567, 42.359692986623905 ], [ 1.316486763175477, 42.359737997729106 ], [ 1.316485561752535, 42.359783008833929 ], [ 1.316484360326844, 42.359828019938334 ], [ 1.316483158898404, 42.359873031042369 ], [ 1.316481957467215, 42.359918042146028 ], [ 1.316480756033277, 42.359963053249288 ], [ 1.316541446894912, 42.359963944271215 ], [ 1.316602137759297, 42.359964835261032 ], [ 1.31666282862643, 42.359965726218753 ], [ 1.316723519496314, 42.35996661714433 ], [ 1.316784210368946, 42.359967508037819 ], [ 1.316783009148656, 42.360012519147681 ], [ 1.316781807925615, 42.360057530257166 ], [ 1.316780606699826, 42.360102541366281 ], [ 1.316779405471289, 42.360147552474992 ], [ 1.316778204240003, 42.360192563583304 ], [ 1.316838895331781, 42.360193454451682 ], [ 1.316899586426309, 42.36019434528793 ], [ 1.316960277523586, 42.360195236092075 ], [ 1.31702096862361, 42.360196126864103 ], [ 1.317081659726384, 42.360197017603994 ], [ 1.317082860741273, 42.36015200648869 ], [ 1.317084061753412, 42.360106995373009 ], [ 1.317085262762803, 42.360061984256916 ], [ 1.317086463769446, 42.360016973140453 ], [ 1.31708766477334, 42.359971962023607 ], [ 1.317148355662465, 42.359972852724447 ], [ 1.317209046554338, 42.359973743393162 ], [ 1.317269737448958, 42.359974634029754 ], [ 1.317330428346328, 42.359975524634272 ], [ 1.317391119246443, 42.359976415206674 ], [ 1.31745181014931, 42.359977305746959 ], [ 1.317512501054922, 42.359978196255106 ], [ 1.317573191963284, 42.359979086731165 ], [ 1.317633882874393, 42.359979977175129 ], [ 1.317694573788249, 42.35998086758697 ], [ 1.317695774356602, 42.35993585645577 ], [ 1.31769697492221, 42.359890845324216 ], [ 1.317698175485069, 42.359845834192257 ], [ 1.317699376045181, 42.359800823059928 ], [ 1.317700576602546, 42.359755811927194 ], [ 1.317639885905084, 42.359754921522352 ], [ 1.317579195210373, 42.359754031085359 ], [ 1.317518504518408, 42.35975314061627 ], [ 1.317457813829189, 42.359752250115093 ], [ 1.31739712314272, 42.359751359581786 ], [ 1.317398323913731, 42.359706348455667 ], [ 1.317399524681996, 42.359661337329143 ], [ 1.317400725447512, 42.359616326202257 ], [ 1.317401926210281, 42.359571315074973 ], [ 1.317403126970303, 42.359526303947305 ], [ 1.317404327727576, 42.359481292819261 ], [ 1.317405528482102, 42.35943628169084 ], [ 1.317406729233882, 42.359391270562021 ], [ 1.317407929982912, 42.359346259432819 ], [ 1.317409130729196, 42.359301248303261 ], [ 1.317410331472732, 42.359256237173277 ], [ 1.317411532213519, 42.35921122604293 ], [ 1.31741273295156, 42.359166214912186 ], [ 1.317413933686853, 42.359121203781072 ], [ 1.317415134419398, 42.359076192649574 ], [ 1.317416335149197, 42.359031181517686 ], [ 1.317417535876247, 42.358986170385428 ], [ 1.31741873660055, 42.35894115925278 ], [ 1.317419937322106, 42.358896148119726 ], [ 1.317421138040913, 42.35885113698631 ], [ 1.317481827861826, 42.358852027491714 ], [ 1.317542517685487, 42.358852917964981 ], [ 1.317603207511895, 42.35885380840616 ], [ 1.317663897341051, 42.358854698815243 ], [ 1.317724587172955, 42.358855589192189 ], [ 1.31772338667053, 42.358900600332589 ], [ 1.317722186165361, 42.358945611472613 ], [ 1.317720985657444, 42.358990622612247 ], [ 1.317719785146779, 42.359035633751475 ], [ 1.317718584633367, 42.359080644890348 ], [ 1.317717384117209, 42.359125656028823 ], [ 1.317716183598304, 42.359170667166914 ], [ 1.31771498307665, 42.359215678304622 ], [ 1.317713782552251, 42.359260689441939 ], [ 1.317712582025105, 42.359305700578879 ], [ 1.317773272292529, 42.359306590937692 ], [ 1.3178339625627, 42.359307481264395 ], [ 1.317894652835618, 42.359308371558981 ], [ 1.317955343111284, 42.359309261821437 ], [ 1.318016033389696, 42.359310152051826 ], [ 1.318076723670858, 42.35931104225007 ], [ 1.318137413954763, 42.359311932416219 ], [ 1.318198104241415, 42.359312822550237 ], [ 1.318258794530816, 42.359313712652188 ], [ 1.318319484822961, 42.359314602722002 ], [ 1.31832068491733, 42.359269591571106 ], [ 1.318321885008951, 42.359224580419827 ], [ 1.318323085097828, 42.359179569268164 ], [ 1.318324285183957, 42.359134558116146 ], [ 1.318325485267341, 42.359089546963716 ], [ 1.318386175345845, 42.35909043699445 ], [ 1.318446865427094, 42.359091326993074 ], [ 1.318507555511091, 42.359092216959603 ], [ 1.318568245597834, 42.359093106894008 ], [ 1.318628935687322, 42.359093996796318 ], [ 1.318689625779556, 42.359094886666497 ], [ 1.318750315874535, 42.359095776504581 ], [ 1.31881100597226, 42.359096666310549 ], [ 1.318871696072731, 42.359097556084443 ], [ 1.318932386175947, 42.359098445826184 ], [ 1.318931186525339, 42.359143456992577 ], [ 1.318929986871984, 42.359188468158557 ], [ 1.318928787215886, 42.35923347932416 ], [ 1.318927587557042, 42.359278490489373 ], [ 1.318926387895454, 42.359323501654231 ], [ 1.31892518823112, 42.359368512818676 ], [ 1.31892398856404, 42.359413523982724 ], [ 1.318922788894215, 42.359458535146423 ], [ 1.318921589221646, 42.359503546309718 ], [ 1.318920389546331, 42.359548557472642 ], [ 1.318919189868272, 42.359593568635177 ], [ 1.318917990187467, 42.359638579797327 ], [ 1.318916790503918, 42.359683590959087 ], [ 1.318915590817622, 42.359728602120484 ], [ 1.318914391128582, 42.359773613281483 ], [ 1.318975081883717, 42.359774503012027 ], [ 1.319035772641599, 42.359775392710489 ], [ 1.319096463402224, 42.359776282376828 ], [ 1.319157154165595, 42.359777172011064 ], [ 1.319217844931712, 42.359778061613198 ], [ 1.319216645456321, 42.359823072780799 ], [ 1.319215445978186, 42.359868083947994 ], [ 1.319214246497308, 42.359913095114806 ], [ 1.319213047013682, 42.359958106281226 ], [ 1.319211847527314, 42.360003117447299 ], [ 1.319272538512571, 42.360004007024273 ], [ 1.319333229500574, 42.360004896569144 ], [ 1.319393920491322, 42.360005786081913 ], [ 1.319454611484814, 42.360006675562552 ], [ 1.31951530248105, 42.360007565011124 ], [ 1.319514103208334, 42.36005257618374 ], [ 1.319512903932874, 42.360097587356009 ], [ 1.31951170465467, 42.360142598527865 ], [ 1.319510505373722, 42.360187609699366 ], [ 1.319509306090029, 42.360232620870455 ], [ 1.319569997305409, 42.36023351029386 ], [ 1.319630688523534, 42.360234399685162 ], [ 1.319691379744404, 42.360235289044333 ], [ 1.319752070968016, 42.360236178371409 ], [ 1.319812762194373, 42.360237067666368 ], [ 1.319811563124338, 42.360282078844065 ], [ 1.319810364051557, 42.36032709002135 ], [ 1.319809164976034, 42.360372101198273 ], [ 1.319807965897767, 42.360417112374797 ], [ 1.319806766816754, 42.360462123550988 ], [ 1.319867458262257, 42.360463012820787 ], [ 1.319928149710505, 42.360463902058491 ], [ 1.319988841161494, 42.360464791264107 ], [ 1.32004953261523, 42.360465680437592 ], [ 1.320110224071709, 42.360466569578961 ], [ 1.320109025204357, 42.360511580761703 ], [ 1.320107826334261, 42.360556591944025 ], [ 1.320106627461423, 42.360601603126014 ], [ 1.320105428585842, 42.360646614307612 ], [ 1.320104229707516, 42.360691625488805 ], [ 1.320164921383142, 42.360692514605034 ], [ 1.320225613061514, 42.360693403689147 ], [ 1.320286304742626, 42.360694292741165 ], [ 1.320346996426482, 42.360695181761052 ], [ 1.320407688113082, 42.360696070748872 ], [ 1.320408886775001, 42.360651059560695 ], [ 1.320410085434179, 42.360606048372155 ], [ 1.320411284090612, 42.360561037183217 ], [ 1.320412482744303, 42.360516025993881 ], [ 1.320413681395252, 42.360471014804205 ], [ 1.32047437286819, 42.360471903752902 ], [ 1.320535064343872, 42.360472792669512 ], [ 1.320595755822296, 42.360473681553998 ], [ 1.320656447303463, 42.360474570406389 ], [ 1.320717138787373, 42.360475459226656 ], [ 1.320718337219174, 42.360430448029639 ], [ 1.320719535648234, 42.360385436832189 ], [ 1.320720734074552, 42.360340425634377 ], [ 1.320721932498128, 42.360295414436159 ], [ 1.32072313091896, 42.360250403237586 ], [ 1.320724329337053, 42.360205392038623 ], [ 1.320725527752401, 42.360160380839254 ], [ 1.320726726165006, 42.360115369639537 ], [ 1.320727924574871, 42.360070358439408 ], [ 1.320729122981992, 42.360025347238903 ], [ 1.320730321386373, 42.359980336038006 ], [ 1.32073151978801, 42.359935324836741 ], [ 1.320732718186905, 42.359890313635105 ], [ 1.320733916583057, 42.359845302433072 ], [ 1.320735114976468, 42.359800291230634 ], [ 1.320736313367136, 42.359755280027834 ], [ 1.320737511755062, 42.359710268824657 ], [ 1.320738710140245, 42.359665257621081 ], [ 1.320739908522687, 42.359620246417123 ], [ 1.320741106902388, 42.359575235212795 ], [ 1.320742305279345, 42.359530224008068 ], [ 1.320743503653561, 42.359485212802944 ], [ 1.320744702025034, 42.359440201597451 ], [ 1.320745900393764, 42.359395190391595 ], [ 1.320747098759753, 42.359350179185334 ], [ 1.320748297123, 42.359305167978675 ], [ 1.320749495483504, 42.359260156771654 ], [ 1.320750693841268, 42.359215145564249 ], [ 1.320751892196287, 42.359170134356461 ], [ 1.320753090548565, 42.359125123148274 ], [ 1.320692400363031, 42.359124234369794 ], [ 1.320631710180241, 42.359123345559205 ], [ 1.320571020000194, 42.359122456716499 ], [ 1.320510329822887, 42.359121567841662 ], [ 1.320449639648325, 42.359120678934737 ], [ 1.320388949476506, 42.359119789995717 ], [ 1.320328259307429, 42.35911890102458 ], [ 1.320267569141095, 42.35911801202132 ], [ 1.320206878977505, 42.359117122985971 ], [ 1.320146188816657, 42.359116233918485 ], [ 1.32014738759897, 42.359071222723855 ], [ 1.32014858637854, 42.35902621152885 ], [ 1.320149785155367, 42.358981200333439 ], [ 1.320150983929451, 42.358936189137665 ], [ 1.32015218270079, 42.358891177941508 ], [ 1.320091492759074, 42.358890288848897 ], [ 1.3200308028201, 42.358889399724177 ], [ 1.31997011288387, 42.358888510567319 ], [ 1.319909422950383, 42.3588876213784 ], [ 1.319848733019641, 42.358886732157337 ], [ 1.319849932004624, 42.358841720967767 ], [ 1.319851130986863, 42.358796709777806 ], [ 1.319852329966359, 42.358751698587447 ], [ 1.319853528943111, 42.358706687396726 ], [ 1.31985472791712, 42.358661676205614 ], [ 1.319855926888386, 42.35861666501409 ], [ 1.319857125856907, 42.358571653822224 ], [ 1.319858324822686, 42.358526642629933 ], [ 1.319859523785719, 42.358481631437307 ], [ 1.319860722746012, 42.358436620244255 ], [ 1.319921412243986, 42.358437509451399 ], [ 1.319982101744705, 42.358438398626397 ], [ 1.32004279124817, 42.358439287769286 ], [ 1.320103480754377, 42.35844017688008 ], [ 1.320164170263327, 42.358441065958736 ], [ 1.320165369004494, 42.358396054758373 ], [ 1.320166567742918, 42.35835104355759 ], [ 1.320167766478599, 42.35830603235646 ], [ 1.320168965211538, 42.358261021154902 ], [ 1.320170163941733, 42.35821600995299 ], [ 1.320171362669185, 42.358170998750687 ], [ 1.320172561393895, 42.358125987548007 ], [ 1.320173760115861, 42.358080976344922 ], [ 1.320174958835086, 42.358035965141468 ], [ 1.320176157551565, 42.357990953937637 ], [ 1.320115468475372, 42.357990064872872 ], [ 1.320054779401922, 42.357989175776027 ], [ 1.319994090331216, 42.357988286647078 ], [ 1.319933401263252, 42.357987397485999 ], [ 1.319872712198032, 42.357986508292811 ], [ 1.319812023135556, 42.35798561906752 ], [ 1.319751334075825, 42.357984729810134 ], [ 1.319690645018835, 42.357983840520617 ], [ 1.319629955964592, 42.357982951199006 ], [ 1.319569266913091, 42.357982061845313 ], [ 1.319508577864336, 42.357981172459461 ], [ 1.319447888818324, 42.357980283041535 ], [ 1.319387199775056, 42.357979393591492 ], [ 1.319326510734533, 42.35797850410934 ], [ 1.319265821696755, 42.357977614595093 ], [ 1.319267021059619, 42.357932603411783 ], [ 1.319268220419738, 42.35788759222806 ], [ 1.319269419777113, 42.357842581043982 ], [ 1.319270619131744, 42.357797569859521 ], [ 1.319271818483631, 42.357752558674655 ], [ 1.319273017832773, 42.357707547489412 ], [ 1.319274217179171, 42.35766253630382 ], [ 1.319275416522824, 42.357617525117803 ], [ 1.319276615863733, 42.357572513931409 ], [ 1.319277815201898, 42.357527502744624 ], [ 1.319279014537319, 42.357482491557484 ], [ 1.319280213869996, 42.357437480369946 ], [ 1.319281413199927, 42.357392469182017 ], [ 1.319282612527115, 42.357347457993711 ], [ 1.319283811851558, 42.357302446805015 ], [ 1.319285011173258, 42.357257435615942 ], [ 1.319286210492213, 42.357212424426478 ], [ 1.319287409808424, 42.357167413236631 ], [ 1.31928860912189, 42.357122402046421 ], [ 1.319289808432611, 42.3570773908558 ], [ 1.319229120263059, 42.357076501337318 ], [ 1.319168432096252, 42.357075611786719 ], [ 1.319107743932189, 42.357074722204032 ], [ 1.319047055770871, 42.357073832589236 ], [ 1.318986367612298, 42.357072942942324 ], [ 1.318925679456469, 42.357072053263288 ], [ 1.318864991303387, 42.357071163552156 ], [ 1.318804303153049, 42.357070273808951 ], [ 1.318743615005456, 42.357069384033601 ], [ 1.318682926860609, 42.357068494226162 ], [ 1.318684126601317, 42.357023483049112 ], [ 1.31868532633928, 42.356978471871656 ], [ 1.318686526074498, 42.356933460693831 ], [ 1.31868772580697, 42.356888449515644 ], [ 1.318688925536696, 42.35684343833708 ], [ 1.318628237610959, 42.356842548504488 ], [ 1.318567549687966, 42.356841658639787 ], [ 1.318506861767721, 42.356840768742991 ], [ 1.31844617385022, 42.356839878814107 ], [ 1.318385485935464, 42.356838988853092 ], [ 1.318386685878809, 42.3567939776811 ], [ 1.318387885819407, 42.356748966508718 ], [ 1.318389085757261, 42.356703955335945 ], [ 1.318390285692367, 42.356658944162817 ], [ 1.318391485624728, 42.356613932989255 ], [ 1.318330797929082, 42.356613043003122 ], [ 1.318270110236179, 42.356612152984873 ], [ 1.318209422546023, 42.356611262934521 ], [ 1.318148734858614, 42.356610372852082 ], [ 1.318088047173951, 42.356609482737504 ], [ 1.318027359492034, 42.356608592590852 ], [ 1.317966671812866, 42.356607702412063 ], [ 1.317905984136442, 42.356606812201193 ], [ 1.317845296462764, 42.356605921958199 ], [ 1.317784608791834, 42.356605031683102 ], [ 1.317785809154169, 42.356560020523141 ], [ 1.317787009513758, 42.356515009362774 ], [ 1.317788209870599, 42.356469998202073 ], [ 1.317789410224695, 42.356424987040938 ], [ 1.317790610576043, 42.356379975879442 ], [ 1.317729923124219, 42.356379085579199 ], [ 1.317669235675141, 42.356378195246883 ], [ 1.31760854822881, 42.35637730488245 ], [ 1.317547860785227, 42.356376414485908 ], [ 1.317487173344389, 42.356375524057263 ], [ 1.317488373909349, 42.356330512902332 ], [ 1.31748957447156, 42.356285501747053 ], [ 1.317490775031025, 42.356240490591382 ], [ 1.317491975587743, 42.356195479435307 ], [ 1.317493176141713, 42.356150468278877 ], [ 1.317494376692937, 42.356105457122055 ], [ 1.317495577241413, 42.356060445964836 ], [ 1.317496777787143, 42.356015434807233 ], [ 1.317497978330125, 42.355970423649225 ], [ 1.31749917887036, 42.355925412490883 ] ] ] } },
{ "type": "Feature", "properties": { "GRID_CODE": 2, "CODI_FINAL": "1796052", "MUNICIPI": "Ventalló", "DATA_INCEN": "09/07/96" }, "geometry": { "type": "Polygon", "coordinates": [ [ [ 3.032207634630911, 42.137066390352388 ], [ 3.032207611353253, 42.13702135803031 ], [ 3.032207588075647, 42.136976325707877 ], [ 3.032207564798095, 42.136931293385075 ], [ 3.032207541520597, 42.136886261061925 ], [ 3.032207518243154, 42.136841228738433 ], [ 3.032207494965766, 42.136796196414565 ], [ 3.032146991497966, 42.136796213724047 ], [ 3.032086488030113, 42.136796231001632 ], [ 3.032025984562208, 42.136796248247293 ], [ 3.031965481094249, 42.136796265461058 ], [ 3.031904977626235, 42.136796282642919 ], [ 3.03190495456322, 42.136751250318582 ], [ 3.031904931500258, 42.136706217993869 ], [ 3.031904908437349, 42.1366611856688 ], [ 3.031904885374495, 42.136616153343404 ], [ 3.031904862311694, 42.136571121017631 ], [ 3.031904839248945, 42.13652608869149 ], [ 3.031904816186251, 42.136481056365007 ], [ 3.03190479312361, 42.136436024038176 ], [ 3.031904770061023, 42.136390991710975 ], [ 3.031904746998488, 42.136345959383426 ], [ 3.031844243959059, 42.136345976533114 ], [ 3.031783740919576, 42.136345993650927 ], [ 3.03172323788004, 42.136346010736808 ], [ 3.03166273484045, 42.136346027790808 ], [ 3.031602231800809, 42.136346044812868 ], [ 3.031602208952644, 42.136301012484864 ], [ 3.031602186104532, 42.136255980156449 ], [ 3.031602163256473, 42.136210947827706 ], [ 3.031602140408466, 42.136165915498601 ], [ 3.031602117560513, 42.136120883169134 ], [ 3.031662620385841, 42.136120866147174 ], [ 3.031723123211115, 42.136120849093331 ], [ 3.031783626036338, 42.136120832007556 ], [ 3.031844128861506, 42.136120814889892 ], [ 3.031904631686622, 42.136120797740318 ], [ 3.031965134511685, 42.136120780558841 ], [ 3.032025637336695, 42.136120763345488 ], [ 3.032086140161651, 42.136120746100211 ], [ 3.032146642986552, 42.136120728823009 ], [ 3.032207145811401, 42.136120711513954 ], [ 3.032207122534876, 42.136075679184387 ], [ 3.032207099258404, 42.136030646854465 ], [ 3.032207075981985, 42.135985614524195 ], [ 3.032207052705621, 42.13594058219357 ], [ 3.032207029429311, 42.135895549862582 ], [ 3.032207006153055, 42.135850517531239 ], [ 3.032206982876855, 42.13580548519954 ], [ 3.032206959600706, 42.135760452867501 ], [ 3.032206936324612, 42.135715420535078 ], [ 3.032206913048572, 42.135670388202328 ], [ 3.032206889772587, 42.135625355869209 ], [ 3.032206866496654, 42.135580323535734 ], [ 3.032206843220777, 42.135535291201897 ], [ 3.032206819944953, 42.135490258867719 ], [ 3.032206796669183, 42.135445226533157 ], [ 3.032206773393466, 42.135400194198247 ], [ 3.032206750117805, 42.135355161862996 ], [ 3.032206726842197, 42.135310129527376 ], [ 3.032206703566642, 42.135265097191407 ], [ 3.032206680291142, 42.135220064855091 ], [ 3.032206657015697, 42.135175032518418 ], [ 3.032206633740304, 42.135130000181377 ], [ 3.032206610464965, 42.135084967843973 ], [ 3.032206587189682, 42.135039935506214 ], [ 3.032206563914451, 42.134994903168099 ], [ 3.032146062161138, 42.13499492047653 ], [ 3.032085560407771, 42.134994937753063 ], [ 3.03202505865435, 42.13499495499768 ], [ 3.031964556900875, 42.134994972210386 ], [ 3.031904055147348, 42.134994989391224 ], [ 3.031904032086472, 42.134949957052619 ], [ 3.031904009025649, 42.134904924713666 ], [ 3.031903985964881, 42.134859892374358 ], [ 3.031903962904166, 42.134814860034716 ], [ 3.031903939843504, 42.134769827694683 ], [ 3.031903916782897, 42.134724795354323 ], [ 3.031903893722341, 42.134679763013565 ], [ 3.031903870661841, 42.134634730672502 ], [ 3.031903847601392, 42.134589698331062 ], [ 3.031903824540997, 42.13454466598926 ], [ 3.031903801480658, 42.134499633647081 ], [ 3.031903778420371, 42.134454601304569 ], [ 3.031903755360136, 42.134409568961715 ], [ 3.031903732299956, 42.134364536618463 ], [ 3.03190370923983, 42.134319504274892 ], [ 3.031903686179756, 42.134274471930965 ], [ 3.031903663119735, 42.134229439586683 ], [ 3.03190364005977, 42.13418440724201 ], [ 3.031903616999856, 42.134139374897011 ], [ 3.031903593939997, 42.134094342551656 ], [ 3.031903570880192, 42.134049310205924 ], [ 3.031903547820439, 42.134004277859852 ], [ 3.03190352476074, 42.133959245513431 ], [ 3.031903501701093, 42.133914213166626 ], [ 3.031903478641502, 42.133869180819495 ], [ 3.031963979323555, 42.133869163639332 ], [ 3.032024480005557, 42.133869146427251 ], [ 3.032084980687503, 42.133869129183303 ], [ 3.032145481369397, 42.133869111907423 ], [ 3.032205982051237, 42.133869094599667 ], [ 3.032205958777409, 42.133824062252302 ], [ 3.032205935503637, 42.133779029904559 ], [ 3.032205912229918, 42.13373399755649 ], [ 3.032205888956254, 42.133688965208052 ], [ 3.032205865682644, 42.133643932859272 ], [ 3.032205842409086, 42.133598900510101 ], [ 3.032205819135583, 42.133553868160611 ], [ 3.032205795862133, 42.13350883581073 ], [ 3.032205772588738, 42.133463803460515 ], [ 3.032205749315397, 42.133418771109959 ], [ 3.03214524906213, 42.133418788417451 ], [ 3.032084748808809, 42.133418805693033 ], [ 3.032024248555435, 42.133418822936754 ], [ 3.031963748302006, 42.133418840148565 ], [ 3.031903248048524, 42.133418857328465 ], [ 3.031903224989521, 42.133373824977404 ], [ 3.03190320193057, 42.133328792625974 ], [ 3.031903178871674, 42.13328376027421 ], [ 3.03190315581283, 42.133238727922084 ], [ 3.03190313275404, 42.133193695569588 ], [ 3.03184263271479, 42.133193712717485 ], [ 3.031782132675484, 42.133193729833451 ], [ 3.031721632636125, 42.133193746917513 ], [ 3.031661132596714, 42.1331937639697 ], [ 3.03160063255725, 42.13319378098997 ], [ 3.031600609712795, 42.133148748636984 ], [ 3.031600586868393, 42.133103716283664 ], [ 3.031600564024043, 42.133058683929981 ], [ 3.031600541179747, 42.133013651575929 ], [ 3.031600518335503, 42.132968619221529 ], [ 3.031600495491313, 42.132923586866788 ], [ 3.031600472647176, 42.132878554511684 ], [ 3.031600449803091, 42.13283352215619 ], [ 3.031600426959061, 42.13278848980039 ], [ 3.031600404115084, 42.132743457444214 ], [ 3.031539904504123, 42.132743474432317 ], [ 3.031479404893112, 42.132743491388545 ], [ 3.031418905282047, 42.132743508312856 ], [ 3.03135840567093, 42.132743525205285 ], [ 3.031297906059761, 42.132743542065832 ], [ 3.031297883430113, 42.132698509709151 ], [ 3.031297860800516, 42.132653477352122 ], [ 3.031297838170971, 42.132608444994759 ], [ 3.03129781554148, 42.132563412637026 ], [ 3.031297792912039, 42.13251838027896 ], [ 3.031237293515095, 42.132518397107447 ], [ 3.031176794118095, 42.13251841390403 ], [ 3.031116294721044, 42.132518430668739 ], [ 3.031055795323942, 42.132518447401509 ], [ 3.030995295926789, 42.132518464102418 ], [ 3.030934796529582, 42.132518480771445 ], [ 3.030874297132324, 42.132518497408547 ], [ 3.030813797735015, 42.132518514013732 ], [ 3.030753298337654, 42.132518530587049 ], [ 3.030692798940242, 42.132518547128463 ], [ 3.030632299542779, 42.132518563637973 ], [ 3.030571800145264, 42.132518580115573 ], [ 3.030511300747698, 42.132518596561276 ], [ 3.030450801350081, 42.132518612975126 ], [ 3.030390301952413, 42.13251862935703 ], [ 3.03039032393903, 42.132563661715487 ], [ 3.030390345925698, 42.13260869407361 ], [ 3.030390367912416, 42.13265372643135 ], [ 3.030390389899186, 42.132698758788727 ], [ 3.030390411886007, 42.132743791145778 ], [ 3.030390433872879, 42.132788823502466 ], [ 3.030390455859801, 42.13283385585882 ], [ 3.030390477846775, 42.132878888214769 ], [ 3.030390499833799, 42.132923920570391 ], [ 3.030390521820876, 42.132968952925658 ], [ 3.030330021994604, 42.132968969275922 ], [ 3.030269522168283, 42.132968985594282 ], [ 3.03020902234191, 42.132969001880738 ], [ 3.030148522515486, 42.132969018135313 ], [ 3.030088022689013, 42.132969034357977 ], [ 3.030088044461861, 42.133014066713002 ], [ 3.03008806623476, 42.133059099067673 ], [ 3.030088088007708, 42.133104131421995 ], [ 3.030088109780708, 42.133149163775961 ], [ 3.030088131553759, 42.133194196129566 ], [ 3.030088153326858, 42.133239228482807 ], [ 3.03008817510001, 42.133284260835687 ], [ 3.030088196873212, 42.13332929318824 ], [ 3.030088218646464, 42.133374325540402 ], [ 3.030088240419766, 42.133419357892244 ], [ 3.030088262193118, 42.133464390243695 ], [ 3.030088283966522, 42.133509422594798 ], [ 3.030088305739977, 42.133554454945539 ], [ 3.030088327513482, 42.133599487295953 ], [ 3.030088349287038, 42.133644519646005 ], [ 3.030088371060642, 42.13368955199568 ], [ 3.030088392834299, 42.133734584345 ], [ 3.030088414608006, 42.133779616693971 ], [ 3.030088436381764, 42.13382464904258 ], [ 3.030088458155572, 42.133869681390841 ], [ 3.030088479929431, 42.133914713738747 ], [ 3.03008850170334, 42.133959746086298 ], [ 3.0300885234773, 42.134004778433493 ], [ 3.03008854525131, 42.134049810780319 ], [ 3.030088567025371, 42.134094843126817 ], [ 3.030028066127423, 42.134094859318189 ], [ 3.029967565229424, 42.134094875477686 ], [ 3.029907064331375, 42.134094891605251 ], [ 3.029846563433276, 42.134094907700941 ], [ 3.029786062535127, 42.134094923764721 ], [ 3.029786084094948, 42.134139956110957 ], [ 3.029786105654817, 42.134184988456838 ], [ 3.029786127214738, 42.134230020802399 ], [ 3.029786148774708, 42.134275053147547 ], [ 3.029786170334727, 42.134320085492355 ], [ 3.029846671447169, 42.134320069428455 ], [ 3.02990717255956, 42.134320053332672 ], [ 3.029967673671901, 42.134320037204965 ], [ 3.030028174784194, 42.134320021045355 ], [ 3.030088675896434, 42.134320004853876 ], [ 3.030149177008624, 42.134319988630459 ], [ 3.030209678120764, 42.134319972375152 ], [ 3.030270179232854, 42.134319956087957 ], [ 3.030330680344894, 42.134319939768829 ], [ 3.030391181456881, 42.134319923417827 ], [ 3.03039120344554, 42.134364955762045 ], [ 3.030391225434248, 42.134409988105908 ], [ 3.030391247423009, 42.134455020449408 ], [ 3.030391269411819, 42.134500052792561 ], [ 3.030391291400682, 42.134545085135365 ], [ 3.030330790074399, 42.134545101486495 ], [ 3.030270288748064, 42.1345451178057 ], [ 3.03020978742168, 42.134545134093052 ], [ 3.030149286095245, 42.134545150348465 ], [ 3.03008878476876, 42.134545166571996 ], [ 3.030088806543377, 42.134590198914559 ], [ 3.030088828318044, 42.134635231256766 ], [ 3.030088850092762, 42.134680263598618 ], [ 3.030088871867531, 42.134725295940115 ], [ 3.030088893642349, 42.134770328281242 ], [ 3.030149395183132, 42.134770312057618 ], [ 3.030209896723865, 42.134770295802042 ], [ 3.030270398264545, 42.134770279514584 ], [ 3.030330899805176, 42.134770263195243 ], [ 3.030391401345757, 42.134770246843978 ], [ 3.030391423334926, 42.134815279184622 ], [ 3.030391445324145, 42.134860311524939 ], [ 3.030391467313415, 42.13490534386488 ], [ 3.030391489302736, 42.134950376204465 ], [ 3.030391511292109, 42.134995408543695 ], [ 3.030331009537229, 42.134995424895067 ], [ 3.030270507782298, 42.134995441214556 ], [ 3.030210006027318, 42.134995457502121 ], [ 3.030149504272286, 42.134995473757826 ], [ 3.030089002517203, 42.134995489981591 ], [ 3.030089024292325, 42.135040522320573 ], [ 3.030089046067498, 42.13508555465922 ], [ 3.030089067842722, 42.135130586997512 ], [ 3.030089089617996, 42.135175619335435 ], [ 3.03008911139332, 42.135220651673016 ], [ 3.030028609423884, 42.135220667864999 ], [ 3.0299681074544, 42.1352206840251 ], [ 3.029907605484866, 42.135220700153305 ], [ 3.02984710351528, 42.135220716249599 ], [ 3.029786601545645, 42.135220732313961 ], [ 3.029786623106717, 42.135265764651315 ], [ 3.029786644667839, 42.135310796988314 ], [ 3.029786666229011, 42.135355829324929 ], [ 3.029786687790232, 42.135400861661189 ], [ 3.029786709351504, 42.135445893997115 ], [ 3.029786730912825, 42.135490926332672 ], [ 3.029786752474198, 42.13553595866788 ], [ 3.029786774035619, 42.135580991002719 ], [ 3.029786795597092, 42.135626023337217 ], [ 3.029786817158613, 42.135671055671345 ], [ 3.02984731955686, 42.135671039606706 ], [ 3.029907821955057, 42.13567102351017 ], [ 3.029968324353203, 42.135671007381745 ], [ 3.0300288267513, 42.135670991221403 ], [ 3.030089329149347, 42.135670975029157 ], [ 3.030089350925227, 42.135716007362802 ], [ 3.030089372701158, 42.135761039696121 ], [ 3.030089394477139, 42.135806072029069 ], [ 3.030089416253173, 42.135851104361642 ], [ 3.030089438029255, 42.135896136693873 ], [ 3.030089459805388, 42.135941169025735 ], [ 3.030089481581572, 42.135986201357269 ], [ 3.030089503357806, 42.136031233688442 ], [ 3.030089525134092, 42.136076266019252 ], [ 3.030089546910427, 42.136121298349693 ], [ 3.030150049737044, 42.136121282125316 ], [ 3.03021055256361, 42.136121265868994 ], [ 3.030271055390128, 42.136121249580789 ], [ 3.030331558216593, 42.136121233260724 ], [ 3.030392061043009, 42.136121216908705 ], [ 3.030392083033708, 42.136166249238677 ], [ 3.030392105024458, 42.136211281568293 ], [ 3.03039212701526, 42.136256313897569 ], [ 3.030392149006113, 42.136301346226475 ], [ 3.030392170997017, 42.136346378555004 ], [ 3.030392192987973, 42.136391410883178 ], [ 3.030392214978978, 42.136436443211025 ], [ 3.030392236970034, 42.136481475538503 ], [ 3.030392258961143, 42.136526507865618 ], [ 3.030392280952301, 42.136571540192378 ], [ 3.030331777697254, 42.136571556544631 ], [ 3.030271274442156, 42.136571572864973 ], [ 3.030210771187009, 42.136571589153426 ], [ 3.030150267931812, 42.136571605409955 ], [ 3.030089764676564, 42.136571621634587 ], [ 3.030089786453454, 42.13661665396112 ], [ 3.030089808230397, 42.136661686287304 ], [ 3.03008983000739, 42.136706718613127 ], [ 3.030089851784433, 42.136751750938565 ], [ 3.030089873561527, 42.136796783263691 ], [ 3.030150377031094, 42.136796767038945 ], [ 3.030210880500612, 42.136796750782267 ], [ 3.030271383970079, 42.1367967344937 ], [ 3.030331887439496, 42.136796718173215 ], [ 3.030392390908861, 42.13679670182087 ], [ 3.030392412900326, 42.136841734145477 ], [ 3.030392434891843, 42.13688676646975 ], [ 3.030392456883409, 42.136931798793675 ], [ 3.030392478875028, 42.136976831117224 ], [ 3.030392500866697, 42.137021863440431 ], [ 3.030392522858417, 42.13706689576329 ], [ 3.030392544850189, 42.137111928085766 ], [ 3.030392566842012, 42.137156960407907 ], [ 3.030392588833885, 42.137201992729679 ], [ 3.03039261082581, 42.13724702505111 ], [ 3.030392632817785, 42.137292057372157 ], [ 3.030392654809812, 42.137337089692871 ], [ 3.030392676801889, 42.137382122013243 ], [ 3.030392698794018, 42.137427154333217 ], [ 3.030392720786199, 42.137472186652865 ], [ 3.03033221667386, 42.137472203005622 ], [ 3.030271712561471, 42.13747221932644 ], [ 3.030211208449032, 42.137472235615377 ], [ 3.030150704336541, 42.13747225187241 ], [ 3.030090200224002, 42.137472268097561 ], [ 3.030029696111411, 42.137472284290759 ], [ 3.02996919199877, 42.137472300452096 ], [ 3.029908687886079, 42.137472316581494 ], [ 3.029848183773339, 42.13747233267901 ], [ 3.029787679660549, 42.137472348744623 ], [ 3.029787701224123, 42.137517381064143 ], [ 3.029787722787747, 42.137562413383314 ], [ 3.029787744351423, 42.137607445702152 ], [ 3.029787765915147, 42.137652478020613 ], [ 3.029787787478922, 42.137697510338683 ], [ 3.029727283151752, 42.137697526372527 ], [ 3.029666778824533, 42.137697542374461 ], [ 3.029606274497264, 42.137697558344456 ], [ 3.029545770169945, 42.137697574282583 ], [ 3.029485265842577, 42.137697590188793 ], [ 3.029485287192071, 42.13774262250665 ], [ 3.029485308541615, 42.137787654824173 ], [ 3.029485329891209, 42.137832687141319 ], [ 3.029485351240852, 42.137877719458118 ], [ 3.029485372590545, 42.13792275177456 ], [ 3.029485393940287, 42.137967784090662 ], [ 3.029485415290079, 42.138012816406395 ], [ 3.02948543663992, 42.138057848721772 ], [ 3.029485457989812, 42.138102881036779 ], [ 3.029485479339753, 42.138147913351439 ], [ 3.029485500689743, 42.138192945665772 ], [ 3.029485522039783, 42.138237977979706 ], [ 3.029485543389873, 42.138283010293307 ], [ 3.029485564740011, 42.138328042606553 ], [ 3.029485586090201, 42.138373074919443 ], [ 3.029485607440439, 42.138418107231956 ], [ 3.029485628790726, 42.138463139544115 ], [ 3.029485650141063, 42.138508171855939 ], [ 3.02948567149145, 42.138553204167394 ], [ 3.029485692841886, 42.138598236478501 ], [ 3.029485714192373, 42.138643268789238 ], [ 3.029485735542909, 42.138688301099634 ], [ 3.029485756893494, 42.138733333409661 ], [ 3.029485778244128, 42.138778365719325 ], [ 3.029485799594813, 42.138823398028677 ], [ 3.029485820945547, 42.138868430337624 ], [ 3.02948584229633, 42.138913462646244 ], [ 3.029485863647164, 42.138958494954466 ], [ 3.029485884998046, 42.139003527262382 ], [ 3.029485906348978, 42.139048559569929 ], [ 3.029485927699962, 42.139093591877099 ], [ 3.029485949050991, 42.139138624183936 ], [ 3.029485970402073, 42.139183656490403 ], [ 3.029485991753202, 42.139228688796507 ], [ 3.029486013104384, 42.139273721102278 ], [ 3.029425507276594, 42.139273736977422 ], [ 3.029365001448755, 42.139273752820671 ], [ 3.029304495620868, 42.139273768631988 ], [ 3.029243989792931, 42.139273784411415 ], [ 3.029183483964945, 42.139273800158925 ], [ 3.029122978136911, 42.139273815874539 ], [ 3.029062472308827, 42.139273831558263 ], [ 3.029001966480696, 42.139273847210056 ], [ 3.028941460652514, 42.139273862829967 ], [ 3.028880954824285, 42.139273878417931 ], [ 3.028880975746819, 42.139318910723574 ], [ 3.028880996669402, 42.139363943028862 ], [ 3.028881017592034, 42.139408975333787 ], [ 3.028881038514716, 42.139454007638363 ], [ 3.028881059437444, 42.139499039942564 ], [ 3.028820553394817, 42.139499055498774 ], [ 3.028760047352143, 42.13949907102306 ], [ 3.028699541309421, 42.139499086515464 ], [ 3.028639035266651, 42.139499101975943 ], [ 3.028578529223831, 42.139499117404519 ], [ 3.028578549932259, 42.139544149708478 ], [ 3.028578570640734, 42.139589182012102 ], [ 3.028578591349258, 42.139634214315386 ], [ 3.028578612057829, 42.139679246618293 ], [ 3.028578632766449, 42.139724278920838 ], [ 3.028578653475116, 42.139769311223027 ], [ 3.028578674183833, 42.139814343524861 ], [ 3.028578694892596, 42.13985937582634 ], [ 3.028578715601408, 42.139904408127492 ], [ 3.02857873631027, 42.139949440428239 ], [ 3.028639242781793, 42.139949424999429 ], [ 3.028699749253267, 42.139949409538744 ], [ 3.028760255724695, 42.13994939404612 ], [ 3.028820762196074, 42.139949378521578 ], [ 3.028881268667405, 42.139949362965162 ], [ 3.028941775138688, 42.139949347376799 ], [ 3.029002281609921, 42.139949331756561 ], [ 3.029062788081106, 42.139949316104399 ], [ 3.029123294552243, 42.139949300420341 ], [ 3.029183801023332, 42.139949284704372 ], [ 3.029183779885763, 42.139904252403838 ], [ 3.029183758748242, 42.139859220102935 ], [ 3.02918373761077, 42.139814187801683 ], [ 3.029183716473349, 42.13976915550009 ], [ 3.029183695335975, 42.139724123198143 ], [ 3.029244201592662, 42.13972410745037 ], [ 3.029304707849299, 42.139724091670701 ], [ 3.029365214105886, 42.139724075859135 ], [ 3.029425720362425, 42.139724060015659 ], [ 3.029486226618913, 42.139724044140259 ], [ 3.029486247970639, 42.139769076442121 ], [ 3.029486269322414, 42.139814108743614 ], [ 3.029486290674239, 42.139859141044738 ], [ 3.029486312026113, 42.139904173345499 ], [ 3.029486333378037, 42.139949205645905 ], [ 3.02948635473001, 42.13999423794597 ], [ 3.029486376082034, 42.14003927024568 ], [ 3.029486397434107, 42.140084302545027 ], [ 3.029486418786229, 42.140129334844019 ], [ 3.0294864401384, 42.140174367142642 ], [ 3.029425933453202, 42.14017438301827 ], [ 3.029365426767952, 42.140174398861994 ], [ 3.029304920082657, 42.140174414673801 ], [ 3.02924441339731, 42.140174430453705 ], [ 3.029183906711916, 42.140174446201712 ], [ 3.029183927849779, 42.140219478500093 ], [ 3.029183948987692, 42.140264510798147 ], [ 3.029183970125655, 42.140309543095832 ], [ 3.029183991263665, 42.140354575393154 ], [ 3.029184012401726, 42.140399607690135 ], [ 3.029123505501923, 42.140399623406331 ], [ 3.029062998602072, 42.140399639090624 ], [ 3.029002491702173, 42.140399654743049 ], [ 3.028941984802224, 42.140399670363529 ], [ 3.028881477902227, 42.140399685952083 ], [ 3.028881498825977, 42.140444718248816 ], [ 3.028881519749774, 42.1404897505452 ], [ 3.028881540673621, 42.140534782841236 ], [ 3.028881561597516, 42.140579815136903 ], [ 3.028881582521461, 42.140624847432228 ], [ 3.028881603445452, 42.140669879727177 ], [ 3.028881624369495, 42.140714912021778 ], [ 3.028881645293585, 42.140759944316009 ], [ 3.028881666217723, 42.140804976609907 ], [ 3.02888168714191, 42.140850008903435 ], [ 3.028942194470631, 42.140849993314603 ], [ 3.029002701799304, 42.140849977693897 ], [ 3.029063209127928, 42.140849962041258 ], [ 3.029123716456504, 42.140849946356731 ], [ 3.029184223785031, 42.140849930640272 ], [ 3.029184244923631, 42.140894962933331 ], [ 3.029184266062279, 42.14093999522602 ], [ 3.029184287200978, 42.140985027518362 ], [ 3.029184308339727, 42.141030059810355 ], [ 3.029184329478523, 42.141075092101985 ], [ 3.029244837021367, 42.141075076353509 ], [ 3.029305344564161, 42.141075060573115 ], [ 3.029365852106908, 42.141075044760825 ], [ 3.029426359649604, 42.141075028916646 ], [ 3.029486867192251, 42.141075013040521 ], [ 3.02954737473485, 42.141074997132527 ], [ 3.029607882277397, 42.141074981192595 ], [ 3.029668389819897, 42.14107496522076 ], [ 3.029728897362346, 42.141074949217028 ], [ 3.029789404904746, 42.141074933181379 ], [ 3.029849912447095, 42.141074917113826 ], [ 3.029910419989395, 42.141074901014363 ], [ 3.029970927531645, 42.14107488488299 ], [ 3.030031435073845, 42.141074868719706 ], [ 3.030091942615994, 42.141074852524532 ], [ 3.030091964397942, 42.141119884815417 ], [ 3.030091986179941, 42.141164917105989 ], [ 3.030092007961991, 42.141209949396178 ], [ 3.030092029744089, 42.141254981686032 ], [ 3.030092051526239, 42.14130001397551 ], [ 3.030152559282707, 42.141299997748291 ], [ 3.030213067039123, 42.141299981489162 ], [ 3.03027357479549, 42.141299965198122 ], [ 3.030334082551807, 42.141299948875165 ], [ 3.030394590308072, 42.141299932520326 ], [ 3.030455098064285, 42.141299916133548 ], [ 3.030515605820449, 42.141299899714895 ], [ 3.03057611357656, 42.141299883264296 ], [ 3.030636621332622, 42.141299866781836 ], [ 3.030697129088633, 42.141299850267416 ], [ 3.030697151299573, 42.141344882556304 ], [ 3.030697173510564, 42.141389914844829 ], [ 3.030697195721608, 42.141434947133007 ], [ 3.030697217932702, 42.141479979420808 ], [ 3.030697240143848, 42.141525011708268 ], [ 3.030636732173468, 42.141525028222802 ], [ 3.030576224203035, 42.141525044705404 ], [ 3.030515716232552, 42.141525061156116 ], [ 3.030455208262019, 42.141525077574912 ], [ 3.030394700291434, 42.14152509396181 ], [ 3.030394722288258, 42.141570126249015 ], [ 3.030394744285135, 42.141615158535885 ], [ 3.030394766282063, 42.1416601908224 ], [ 3.030394788279042, 42.141705223108552 ], [ 3.030394810276072, 42.141750255394356 ], [ 3.030334302091064, 42.141750271749459 ], [ 3.030273793906003, 42.14175028807265 ], [ 3.030213285720892, 42.141750304363946 ], [ 3.030152777535732, 42.141750320623316 ], [ 3.030092269350521, 42.14175033685077 ], [ 3.030092291133226, 42.141795369136332 ], [ 3.030092312915984, 42.141840401421554 ], [ 3.030092334698791, 42.141885433706406 ], [ 3.030092356481649, 42.141930465990903 ], [ 3.030092378264557, 42.141975498275052 ], [ 3.030092400047516, 42.142020530558831 ], [ 3.030092421830526, 42.142065562842241 ], [ 3.030092443613587, 42.142110595125331 ], [ 3.030092465396697, 42.142155627408052 ], [ 3.030092487179859, 42.142200659690417 ], [ 3.030092508963071, 42.142245691972427 ], [ 3.030092530746333, 42.142290724254067 ], [ 3.030092552529647, 42.142335756535374 ], [ 3.03009257431301, 42.142380788816304 ], [ 3.030092596096425, 42.142425821096865 ], [ 3.030092617879889, 42.142470853377112 ], [ 3.030092639663405, 42.142515885656962 ], [ 3.03009266144697, 42.142560917936493 ], [ 3.030092683230587, 42.142605950215639 ], [ 3.030092705014254, 42.142650982494452 ], [ 3.030032195971476, 42.142650998690492 ], [ 3.029971686928647, 42.142651014854643 ], [ 3.029911177885768, 42.142651030986862 ], [ 3.029850668842839, 42.142651047087178 ], [ 3.029790159799859, 42.142651063155583 ], [ 3.02972965075683, 42.142651079192063 ], [ 3.029669141713752, 42.142651095196676 ], [ 3.029608632670623, 42.14265111116935 ], [ 3.029548123627446, 42.142651127110128 ], [ 3.029487614584218, 42.142651143018981 ], [ 3.029427105540943, 42.142651158895923 ], [ 3.029366596497617, 42.142651174740955 ], [ 3.029306087454241, 42.142651190554083 ], [ 3.029245578410817, 42.142651206335316 ], [ 3.029185069367343, 42.142651222084631 ], [ 3.029185090507909, 42.142696254363415 ], [ 3.029185111648523, 42.1427412866419 ], [ 3.029185132789185, 42.142786318919981 ], [ 3.029185153929897, 42.142831351197721 ], [ 3.029185175070657, 42.142876383475119 ], [ 3.029245684328515, 42.14287636772567 ], [ 3.029306193586325, 42.142876351944324 ], [ 3.029366702844086, 42.142876336131081 ], [ 3.029427212101796, 42.142876320285914 ], [ 3.029487721359459, 42.142876304408851 ], [ 3.029487742714656, 42.142921336685752 ], [ 3.029487764069903, 42.142966368962298 ], [ 3.029487785425197, 42.143011401238489 ], [ 3.029487806780544, 42.143056433514346 ], [ 3.029487828135939, 42.143101465789805 ], [ 3.02954833760794, 42.143101449880739 ], [ 3.029608847079891, 42.143101433939698 ], [ 3.029669356551792, 42.143101417966783 ], [ 3.029729866023644, 42.143101401961964 ], [ 3.029790375495446, 42.143101385925192 ], [ 3.02979039706528, 42.143146418200224 ], [ 3.029790418635164, 42.143191450474866 ], [ 3.029790440205099, 42.143236482749145 ], [ 3.029790461775082, 42.143281515023098 ], [ 3.029790483345118, 42.143326547296653 ], [ 3.029790504915202, 42.14337157956988 ], [ 3.029790526485336, 42.143416611842746 ], [ 3.029790548055522, 42.143461644115256 ], [ 3.029790569625756, 42.143506676387418 ], [ 3.02979059119604, 42.143551708659203 ], [ 3.029790612766376, 42.143596740930668 ], [ 3.02979063433676, 42.143641773201729 ], [ 3.029790655907196, 42.143686805472463 ], [ 3.029790677477681, 42.143731837742848 ], [ 3.029790699048217, 42.14377687001285 ], [ 3.029851209163147, 42.143776853943848 ], [ 3.029911719278028, 42.143776837842921 ], [ 3.029972229392858, 42.14377682171007 ], [ 3.030032739507638, 42.143776805545322 ], [ 3.030093249622369, 42.143776789348671 ], [ 3.030153759737048, 42.143776773120088 ], [ 3.030214269851679, 42.143776756859587 ], [ 3.030274779966257, 42.143776740567212 ], [ 3.030335290080786, 42.14377672424289 ], [ 3.030395800195262, 42.143776707886673 ], [ 3.03045631030969, 42.143776691498545 ], [ 3.030516820424066, 42.143776675078499 ], [ 3.030577330538391, 42.143776658626564 ], [ 3.030637840652665, 42.143776642142697 ], [ 3.030698350766887, 42.143776625626913 ], [ 3.030698328553163, 42.143731593357273 ], [ 3.030698306339491, 42.14368656108725 ], [ 3.030698284125871, 42.143641528816907 ], [ 3.030698261912301, 42.143596496546195 ], [ 3.030698239698784, 42.143551464275134 ], [ 3.030698217485317, 42.143506432003697 ], [ 3.030698195271903, 42.143461399731905 ], [ 3.03069817305854, 42.143416367459793 ], [ 3.030698150845228, 42.14337133518729 ], [ 3.030698128631968, 42.143326302914424 ], [ 3.03069810641876, 42.143281270641232 ], [ 3.030698084205604, 42.143236238367656 ], [ 3.030698061992498, 42.143191206093732 ], [ 3.030698039779446, 42.143146173819453 ], [ 3.030698017566443, 42.143101141544818 ], [ 3.030758527037435, 42.1431011249975 ], [ 3.030819036508377, 42.1431011084183 ], [ 3.030879545979267, 42.143101091807175 ], [ 3.030940055450106, 42.143101075164125 ], [ 3.031000564920893, 42.143101058489187 ], [ 3.031000542493554, 42.14305602621431 ], [ 3.031000520066266, 42.1430109939391 ], [ 3.03100049763903, 42.142965961663506 ], [ 3.031000475211848, 42.142920929387593 ], [ 3.031000452784716, 42.142875897111288 ], [ 3.031000430357638, 42.14283086483465 ], [ 3.031000407930611, 42.142785832557642 ], [ 3.031000385503635, 42.142740800280315 ], [ 3.031000363076712, 42.142695768002589 ], [ 3.031000340649841, 42.142650735724509 ], [ 3.031000318223021, 42.142605703446087 ], [ 3.031000295796255, 42.142560671167296 ], [ 3.031000273369541, 42.14251563888817 ], [ 3.031000250942877, 42.142470606608683 ], [ 3.031000228516266, 42.142425574328826 ], [ 3.031060737343846, 42.142425557622346 ], [ 3.031121246171374, 42.142425540883934 ], [ 3.031181754998847, 42.142425524113634 ], [ 3.031242263826271, 42.142425507311437 ], [ 3.031302772653642, 42.142425490477315 ], [ 3.031302750012701, 42.142380458197245 ], [ 3.031302727371814, 42.142335425916819 ], [ 3.031302704730978, 42.142290393636003 ], [ 3.031302682090196, 42.142245361354888 ], [ 3.031302659449465, 42.142200329073368 ], [ 3.031302636808788, 42.142155296791508 ], [ 3.031302614168163, 42.142110264509299 ], [ 3.031302591527591, 42.14206523222672 ], [ 3.03130256888707, 42.142020199943786 ], [ 3.031302546246602, 42.141975167660519 ], [ 3.031302523606189, 42.141930135376867 ], [ 3.031302500965825, 42.141885103092861 ], [ 3.031302478325517, 42.141840070808506 ], [ 3.031302455685259, 42.14179503852381 ], [ 3.031302433045054, 42.141750006238745 ], [ 3.031362941229239, 42.141749989373096 ], [ 3.03142344941337, 42.14174997247553 ], [ 3.03148395759745, 42.141749955546082 ], [ 3.031544465781476, 42.141749938584695 ], [ 3.031604973965451, 42.141749921591426 ], [ 3.031604951110923, 42.141704889306141 ], [ 3.03160492825645, 42.141659857020478 ], [ 3.03160490540203, 42.141614824734475 ], [ 3.031604882547664, 42.141569792448109 ], [ 3.031604859693349, 42.141524760161403 ], [ 3.031604836839088, 42.141479727874326 ], [ 3.03160481398488, 42.141434695586895 ], [ 3.031604791130724, 42.141389663299108 ], [ 3.031604768276623, 42.141344631010959 ], [ 3.031604745422573, 42.141299598722462 ], [ 3.031604722568577, 42.141254566433602 ], [ 3.031604699714634, 42.141209534144394 ], [ 3.031604676860743, 42.141164501854831 ], [ 3.031604654006906, 42.141119469564899 ], [ 3.031604631153122, 42.141074437274611 ], [ 3.031604608299392, 42.141029404983975 ], [ 3.031604585445714, 42.140984372692998 ], [ 3.031604562592089, 42.140939340401623 ], [ 3.031604539738517, 42.140894308109928 ], [ 3.031604516884997, 42.140849275817871 ], [ 3.0315440095585, 42.140849292810643 ], [ 3.031483502231952, 42.140849309771511 ], [ 3.031422994905351, 42.140849326700454 ], [ 3.031362487578696, 42.140849343597502 ], [ 3.031301980251991, 42.140849360462639 ], [ 3.031301957612889, 42.140804328170077 ], [ 3.031301934973839, 42.140759295877182 ], [ 3.031301912334843, 42.140714263583916 ], [ 3.031301889695899, 42.140669231290289 ], [ 3.031301867057008, 42.140624198996342 ], [ 3.031301844418167, 42.140579166701997 ], [ 3.031301821779381, 42.140534134407325 ], [ 3.031301799140648, 42.140489102112269 ], [ 3.031301776501967, 42.140444069816887 ], [ 3.031301753863337, 42.140399037521128 ], [ 3.03130173122476, 42.140354005225021 ], [ 3.031301708586237, 42.140308972928572 ], [ 3.031301685947766, 42.140263940631733 ], [ 3.031301663309346, 42.14021890833456 ], [ 3.03130164067098, 42.140173876037039 ], [ 3.031362147354604, 42.140173859172272 ], [ 3.031422654038175, 42.14017384227563 ], [ 3.031483160721695, 42.140173825347048 ], [ 3.031543667405161, 42.140173808386571 ], [ 3.031604174088574, 42.140173791394211 ], [ 3.031664680771935, 42.140173774369934 ], [ 3.031725187455244, 42.140173757313732 ], [ 3.031785694138497, 42.140173740225649 ], [ 3.031846200821699, 42.140173723105633 ], [ 3.031906707504848, 42.140173705953721 ], [ 3.031906684437821, 42.140128673656086 ], [ 3.031906661370847, 42.140083641358096 ], [ 3.031906638303926, 42.140038609059744 ], [ 3.031906615237058, 42.13999357676105 ], [ 3.031906592170245, 42.139948544462001 ], [ 3.031906569103485, 42.13990351216259 ], [ 3.031906546036779, 42.139858479862816 ], [ 3.031906522970124, 42.139813447562695 ], [ 3.031906499903525, 42.139768415262218 ], [ 3.031906476836979, 42.139723382961385 ], [ 3.031845970582541, 42.139723400113034 ], [ 3.031785464328048, 42.13972341723278 ], [ 3.031724958073502, 42.139723434320615 ], [ 3.031664451818903, 42.13972345137654 ], [ 3.031603945564253, 42.139723468400575 ], [ 3.031603922712112, 42.139678436099238 ], [ 3.031603899860024, 42.139633403797546 ], [ 3.03160387700799, 42.139588371495556 ], [ 3.031603854156008, 42.139543339193125 ], [ 3.031603831304079, 42.13949830689041 ], [ 3.031664337344379, 42.139498289866509 ], [ 3.031724843384628, 42.139498272810712 ], [ 3.031785349424822, 42.139498255722998 ], [ 3.031845855464963, 42.13949823860338 ], [ 3.031906361505051, 42.139498221451866 ], [ 3.031906338438825, 42.139453189148881 ], [ 3.031906315372654, 42.139408156845548 ], [ 3.031906292306536, 42.139363124541852 ], [ 3.03190626924047, 42.139318092237808 ], [ 3.031906246174461, 42.139273059933409 ], [ 3.031906223108502, 42.139228027628668 ], [ 3.031906200042598, 42.139182995323551 ], [ 3.031906176976747, 42.139137963018072 ], [ 3.03190615391095, 42.139092930712266 ], [ 3.031906130845207, 42.139047898406062 ], [ 3.031906107779516, 42.139002866099553 ], [ 3.03190608471388, 42.138957833792645 ], [ 3.031906061648296, 42.138912801485404 ], [ 3.031906038582767, 42.138867769177807 ], [ 3.031906015517291, 42.138822736869841 ], [ 3.031905992451869, 42.138777704561534 ], [ 3.031905969386499, 42.13873267225285 ], [ 3.031905946321183, 42.138687639943818 ], [ 3.031905923255921, 42.138642607634416 ], [ 3.031905900190712, 42.138597575324688 ], [ 3.031966405373367, 42.138597558141804 ], [ 3.03202691055597, 42.138597540926988 ], [ 3.032087415738517, 42.138597523680261 ], [ 3.032147920921013, 42.138597506401631 ], [ 3.032208426103453, 42.138597489091097 ], [ 3.032208402823959, 42.138552456781127 ], [ 3.032208379544518, 42.138507424470824 ], [ 3.03220835626513, 42.138462392160129 ], [ 3.032208332985798, 42.138417359849086 ], [ 3.032208309706518, 42.138372327537716 ], [ 3.032208286427293, 42.138327295225949 ], [ 3.032208263148123, 42.138282262913833 ], [ 3.032208239869005, 42.138237230601405 ], [ 3.032208216589942, 42.138192198288571 ], [ 3.032208193310933, 42.138147165975411 ], [ 3.032208170031979, 42.138102133661867 ], [ 3.032208146753077, 42.138057101347982 ], [ 3.032208123474229, 42.138012069033742 ], [ 3.032208100195438, 42.137967036719132 ], [ 3.032208076916697, 42.137922004404189 ], [ 3.032268581456076, 42.13792198706215 ], [ 3.0323290859954, 42.137921969688222 ], [ 3.032389590534671, 42.137921952282355 ], [ 3.032450095073886, 42.137921934844606 ], [ 3.03251059961305, 42.137921917374939 ], [ 3.032510576120031, 42.137876885059768 ], [ 3.032510552627068, 42.137831852744235 ], [ 3.032510529134159, 42.137786820428339 ], [ 3.032510505641305, 42.137741788112102 ], [ 3.032510482148505, 42.137696755795503 ], [ 3.03251045865576, 42.137651723478527 ], [ 3.03251043516307, 42.13760669116121 ], [ 3.032510411670434, 42.137561658843559 ], [ 3.032510388177852, 42.137516626525539 ], [ 3.032510364685324, 42.137471594207149 ], [ 3.032449860574822, 42.137471611676538 ], [ 3.032389356464267, 42.137471629114017 ], [ 3.032328852353658, 42.1374716465196 ], [ 3.032268348242993, 42.13747166389328 ], [ 3.032207844132277, 42.137471681235056 ], [ 3.032207820854131, 42.137426648916168 ], [ 3.032207797576039, 42.137381616596954 ], [ 3.032207774298002, 42.137336584277364 ], [ 3.032207751020019, 42.137291551957418 ], [ 3.032207727742089, 42.137246519637138 ], [ 3.032207704464214, 42.137201487316474 ], [ 3.032207681186393, 42.137156454995463 ], [ 3.032207657908626, 42.137111422674103 ], [ 3.032207634630911, 42.137066390352388 ] ] ] } },
{ "type": "Feature", "properties": { "GRID_CODE": 2, "CODI_FINAL": "896056", "MUNICIPI": "Sallent", "DATA_INCEN": "24/07/96" }, "geometry": { "type": "Polygon", "coordinates": [ [ [ 1.941257712909766, 41.886494798940824 ], [ 1.941197456479272, 41.88649424369499 ], [ 1.941137200050472, 41.886493688417545 ], [ 1.941076943623368, 41.886493133108516 ], [ 1.941016687197956, 41.886492577767861 ], [ 1.94095643077424, 41.886492022395579 ], [ 1.940896174352216, 41.886491466991707 ], [ 1.940835917931889, 41.886490911556216 ], [ 1.940775661513256, 41.886490356089126 ], [ 1.940715405096318, 41.886489800590411 ], [ 1.940655148681075, 41.886489245060105 ], [ 1.940594892267526, 41.886488689498179 ], [ 1.940534635855671, 41.886488133904628 ], [ 1.940474379445513, 41.886487578279507 ], [ 1.940414123037049, 41.886487022622731 ], [ 1.940353866630282, 41.886486466934372 ], [ 1.94029361022521, 41.886485911214415 ], [ 1.940233353821832, 41.886485355462831 ], [ 1.94017309742015, 41.886484799679629 ], [ 1.940112841020166, 41.886484243864828 ], [ 1.940052584621875, 41.886483688018423 ], [ 1.939992328225282, 41.886483132140398 ], [ 1.939932071830383, 41.886482576230755 ], [ 1.93987181543718, 41.886482020289534 ], [ 1.939811559045676, 41.886481464316681 ], [ 1.939751302655866, 41.886480908312222 ], [ 1.939750558566866, 41.886525934891409 ], [ 1.93974981447617, 41.88657096147022 ], [ 1.93974907038378, 41.886615988048696 ], [ 1.939748326289691, 41.886661014626803 ], [ 1.939747582193907, 41.886706041204533 ], [ 1.939807838795192, 41.886706597213347 ], [ 1.939868095398173, 41.886707153190564 ], [ 1.939928352002849, 41.886707709136161 ], [ 1.939988608609223, 41.886708265050167 ], [ 1.940048865217291, 41.886708820932547 ], [ 1.940048121331286, 41.886753847514264 ], [ 1.940047377443588, 41.886798874095639 ], [ 1.940046633554193, 41.886843900676624 ], [ 1.940045889663102, 41.886888927257246 ], [ 1.940045145770315, 41.886933953837513 ], [ 1.939984888950768, 41.886933397950763 ], [ 1.939924632132919, 41.886932842032401 ], [ 1.939864375316765, 41.88693228608242 ], [ 1.939804118502307, 41.886931730100855 ], [ 1.939743861689545, 41.886931174087657 ], [ 1.939743117583586, 41.886976200663199 ], [ 1.939742373475928, 41.88702122723835 ], [ 1.939741629366574, 41.887066253813153 ], [ 1.939740885255526, 41.887111280387572 ], [ 1.939740141142779, 41.887156306961657 ], [ 1.939679884120235, 41.887155750912477 ], [ 1.939619627099387, 41.887155194831699 ], [ 1.939559370080236, 41.887154638719316 ], [ 1.939499113062781, 41.887154082575321 ], [ 1.939438856047025, 41.887153526399715 ], [ 1.939378599032964, 41.887152970192489 ], [ 1.939318342020599, 41.887152413953686 ], [ 1.939258085009933, 41.887151857683236 ], [ 1.939197828000964, 41.887151301381188 ], [ 1.939137570993692, 41.887150745047535 ], [ 1.939077313988116, 41.887150188682284 ], [ 1.939017056984239, 41.887149632285407 ], [ 1.93895679998206, 41.887149075856897 ], [ 1.938896542981578, 41.887148519396803 ], [ 1.938836285982793, 41.887147962905097 ], [ 1.93883554123391, 41.887192989465717 ], [ 1.938834796483329, 41.887238016025933 ], [ 1.938834051731049, 41.887283042585779 ], [ 1.938833306977073, 41.887328069145276 ], [ 1.938832562221398, 41.887373095704405 ], [ 1.93877230501283, 41.887372539176731 ], [ 1.93871204780596, 41.887371982617424 ], [ 1.938651790600789, 41.887371426026526 ], [ 1.938591533397315, 41.887370869404009 ], [ 1.938531276195541, 41.88737031274988 ], [ 1.938530531226685, 41.887415339304269 ], [ 1.938529786256131, 41.887460365858281 ], [ 1.93852904128388, 41.887505392411946 ], [ 1.938528296309932, 41.887550418965233 ], [ 1.938527551334284, 41.887595445518166 ], [ 1.938467293922723, 41.887594888828069 ], [ 1.938407036512861, 41.887594332106353 ], [ 1.938346779104698, 41.887593775353011 ], [ 1.938286521698233, 41.887593218568057 ], [ 1.938226264293468, 41.887592661751519 ], [ 1.9381660068904, 41.887592104903341 ], [ 1.938105749489032, 41.887591548023565 ], [ 1.938045492089362, 41.887590991112184 ], [ 1.937985234691392, 41.887590434169205 ], [ 1.937924977295122, 41.887589877194593 ], [ 1.937924231894805, 41.887634903738395 ], [ 1.93792348649279, 41.887679930281848 ], [ 1.937922741089074, 41.88772495682494 ], [ 1.937921995683661, 41.887769983367633 ], [ 1.937921250276548, 41.887815009910007 ], [ 1.937860992670492, 41.88781445289942 ], [ 1.937800735066134, 41.887813895857207 ], [ 1.937740477463475, 41.887813338783403 ], [ 1.937680219862517, 41.887812781677987 ], [ 1.937619962263258, 41.887812224540944 ], [ 1.9375597046657, 41.887811667372304 ], [ 1.937499447069841, 41.887811110172045 ], [ 1.937439189475682, 41.887810552940202 ], [ 1.937378931883223, 41.887809995676712 ], [ 1.937318674292465, 41.887809438381623 ], [ 1.937317928460678, 41.887854464914859 ], [ 1.937317182627192, 41.887899491447719 ], [ 1.937316436792004, 41.887944517980216 ], [ 1.937315690955117, 41.887989544512344 ], [ 1.93731494511653, 41.88803457104413 ], [ 1.937314199276243, 41.888079597575548 ], [ 1.937313453434257, 41.888124624106581 ], [ 1.937312707590568, 41.888169650637259 ], [ 1.937311961745181, 41.888214677167539 ], [ 1.937311215898093, 41.888259703697493 ], [ 1.937310470049304, 41.888304730227048 ], [ 1.937309724198816, 41.888349756756234 ], [ 1.937308978346628, 41.888394783285086 ], [ 1.93730823249274, 41.888439809813555 ], [ 1.937307486637152, 41.888484836341668 ], [ 1.937247228413621, 41.88848427900183 ], [ 1.937186970191792, 41.888483721630408 ], [ 1.937126711971664, 41.888483164227345 ], [ 1.937066453753237, 41.888482606792685 ], [ 1.937006195536508, 41.888482049326413 ], [ 1.937005449467725, 41.888527075849773 ], [ 1.93700470339724, 41.88857210237277 ], [ 1.937003957325057, 41.88861712889539 ], [ 1.937003211251171, 41.88866215541767 ], [ 1.937002465175585, 41.888707181939552 ], [ 1.9370017190983, 41.888752208461092 ], [ 1.937000973019311, 41.888797234982242 ], [ 1.937000226938623, 41.888842261503044 ], [ 1.936999480856235, 41.888887288023462 ], [ 1.936998734772145, 41.888932314543517 ], [ 1.937058993411865, 41.888932872018543 ], [ 1.937119252053287, 41.888933429461964 ], [ 1.937179510696407, 41.888933986873766 ], [ 1.93723976934123, 41.888934544253942 ], [ 1.937300027987754, 41.888935101602513 ], [ 1.937299282113462, 41.888980128126597 ], [ 1.937298536237471, 41.889025154650291 ], [ 1.93729779035978, 41.889070181173636 ], [ 1.937297044480387, 41.889115207696612 ], [ 1.937296298599297, 41.88916023421919 ], [ 1.937356557459021, 41.88916079154054 ], [ 1.937416816320444, 41.889161348830292 ], [ 1.937477075183569, 41.889161906088383 ], [ 1.937537334048395, 41.889162463314868 ], [ 1.93759759291492, 41.889163020509756 ], [ 1.937596847243628, 41.889208047036377 ], [ 1.937596101570638, 41.889253073562628 ], [ 1.937595355895947, 41.889298100088524 ], [ 1.937594610219558, 41.889343126614037 ], [ 1.937593864541468, 41.889388153139187 ], [ 1.937654123621197, 41.889388710306811 ], [ 1.937714382702623, 41.889389267442859 ], [ 1.937774641785751, 41.88938982454728 ], [ 1.937834900870578, 41.889390381620075 ], [ 1.937895159957105, 41.889390938661293 ], [ 1.937894414488819, 41.889435965190437 ], [ 1.937893669018834, 41.889480991719232 ], [ 1.937892923547151, 41.889526018247651 ], [ 1.937892178073769, 41.889571044775693 ], [ 1.937891432598685, 41.889616071303401 ], [ 1.937951691898418, 41.889616628317363 ], [ 1.93801195119985, 41.889617185299684 ], [ 1.938072210502981, 41.889617742250429 ], [ 1.93813246980781, 41.889618299169534 ], [ 1.938192729114338, 41.889618856057062 ], [ 1.938252988422567, 41.88961941291295 ], [ 1.938313247732494, 41.889619969737225 ], [ 1.93837350704412, 41.88962052652991 ], [ 1.938433766357445, 41.88962108329094 ], [ 1.938494025672468, 41.889621640020408 ], [ 1.938554284989191, 41.889622196718229 ], [ 1.93861454430761, 41.889622753384444 ], [ 1.93867480362773, 41.889623310019068 ], [ 1.938735062949547, 41.889623866622046 ], [ 1.938795322273063, 41.889624423193432 ], [ 1.938796067113626, 41.889579396652607 ], [ 1.938796811952491, 41.889534370111463 ], [ 1.938797556789658, 41.889489343569942 ], [ 1.938798301625127, 41.88944431702803 ], [ 1.938799046458898, 41.889399290485756 ], [ 1.938859305572606, 41.88939984702116 ], [ 1.938919564688012, 41.889400403524959 ], [ 1.938979823805117, 41.889400959997111 ], [ 1.939040082923917, 41.889401516437665 ], [ 1.939100342044418, 41.889402072846607 ], [ 1.939160601166615, 41.889402629223937 ], [ 1.939220860290509, 41.88940318556967 ], [ 1.9392811194161, 41.889403741883761 ], [ 1.93934137854339, 41.889404298166255 ], [ 1.939401637672377, 41.889404854417151 ], [ 1.939402382081442, 41.889359827865761 ], [ 1.939403126488809, 41.88931480131405 ], [ 1.939403870894481, 41.889269774761956 ], [ 1.939404615298456, 41.889224748209486 ], [ 1.939405359700734, 41.889179721656653 ], [ 1.939465618619914, 41.889180277871546 ], [ 1.939525877540791, 41.889180834054834 ], [ 1.939586136463365, 41.88918139020651 ], [ 1.939646395387637, 41.889181946326573 ], [ 1.939706654313604, 41.889182502415039 ], [ 1.939766913241268, 41.889183058471865 ], [ 1.93982717217063, 41.889183614497099 ], [ 1.939887431101687, 41.889184170490722 ], [ 1.939947690034441, 41.889184726452726 ], [ 1.940007948968892, 41.889185282383103 ], [ 1.940008692946466, 41.889140255821175 ], [ 1.940009436922347, 41.889095229258885 ], [ 1.940010180896533, 41.889050202696218 ], [ 1.940010924869022, 41.889005176133175 ], [ 1.940011668839815, 41.888960149569797 ], [ 1.940071927564458, 41.888960705464207 ], [ 1.940132186290799, 41.888961261326983 ], [ 1.940192445018836, 41.888961817158197 ], [ 1.940252703748568, 41.888962372957764 ], [ 1.940312962479996, 41.888962928725739 ], [ 1.940373221213121, 41.888963484462082 ], [ 1.94043347994794, 41.888964040166812 ], [ 1.940493738684457, 41.888964595839965 ], [ 1.940553997422666, 41.888965151481472 ], [ 1.940614256162572, 41.888965707091366 ], [ 1.940674514904174, 41.888966262669655 ], [ 1.940734773647469, 41.888966818216325 ], [ 1.940795032392461, 41.888967373731383 ], [ 1.940855291139145, 41.888967929214864 ], [ 1.940915549887527, 41.888968484666698 ], [ 1.940914806551236, 41.889013511243185 ], [ 1.940914063213249, 41.889058537819295 ], [ 1.940913319873569, 41.889103564395064 ], [ 1.940912576532194, 41.889148590970414 ], [ 1.940911833189125, 41.889193617545452 ], [ 1.9409720921507, 41.889194172970051 ], [ 1.941032351113973, 41.88919472836303 ], [ 1.941092610078939, 41.889195283724376 ], [ 1.941152869045599, 41.889195839054139 ], [ 1.941213128013953, 41.889196394352282 ], [ 1.941273386984002, 41.889196949618821 ], [ 1.941333645955747, 41.889197504853712 ], [ 1.941393904929183, 41.889198060057026 ], [ 1.941454163904314, 41.8891986152287 ], [ 1.941514422881139, 41.889199170368791 ], [ 1.941515165801204, 41.889154143785035 ], [ 1.941515908719574, 41.889109117200938 ], [ 1.94151665163625, 41.889064090616465 ], [ 1.941517394551233, 41.889019064031636 ], [ 1.941518137464524, 41.888974037446438 ], [ 1.94157839623154, 41.888974592550561 ], [ 1.941638655000253, 41.888975147623029 ], [ 1.941698913770655, 41.888975702663927 ], [ 1.941759172542752, 41.888976257673193 ], [ 1.941819431316543, 41.888976812650846 ], [ 1.941879690092026, 41.888977367596887 ], [ 1.941939948869203, 41.888977922511316 ], [ 1.942000207648074, 41.88897847739414 ], [ 1.942060466428637, 41.888979032245345 ], [ 1.942120725210893, 41.888979587064945 ], [ 1.942180983994843, 41.888980141852912 ], [ 1.942241242780484, 41.888980696609295 ], [ 1.942301501567818, 41.888981251334044 ], [ 1.942361760356843, 41.888981806027203 ], [ 1.942422019147563, 41.888982360688722 ], [ 1.942422761424657, 41.888937334090087 ], [ 1.942423503700061, 41.888892307491098 ], [ 1.942424245973771, 41.888847280891731 ], [ 1.94242498824579, 41.888802254291996 ], [ 1.942425730516117, 41.888757227691883 ], [ 1.942485989097027, 41.888757782317441 ], [ 1.942546247679632, 41.888758336911394 ], [ 1.942606506263927, 41.888758891473749 ], [ 1.942666764849915, 41.888759446004457 ], [ 1.942727023437593, 41.888760000503602 ], [ 1.942787282026965, 41.888760554971071 ], [ 1.942847540618028, 41.888761109406971 ], [ 1.942907799210781, 41.888761663811273 ], [ 1.942968057805228, 41.888762218183942 ], [ 1.943028316401365, 41.888762772525013 ], [ 1.943088574999194, 41.888763326834436 ], [ 1.943148833598713, 41.888763881112261 ], [ 1.943209092199924, 41.888764435358489 ], [ 1.943269350802826, 41.888764989573097 ], [ 1.943329609407419, 41.888765543756094 ], [ 1.943389868013702, 41.888766097907478 ], [ 1.943450126621676, 41.888766652027265 ], [ 1.943510385231341, 41.888767206115411 ], [ 1.943570643842695, 41.888767760171973 ], [ 1.943630902455742, 41.888768314196895 ], [ 1.943630161031411, 41.888813340814401 ], [ 1.94362941960539, 41.88885836743156 ], [ 1.943628678177679, 41.888903394048327 ], [ 1.943627936748279, 41.88894842066474 ], [ 1.943627195317187, 41.888993447280789 ], [ 1.943687454143423, 41.888994001278455 ], [ 1.94374771297135, 41.888994555244523 ], [ 1.943807971800966, 41.888995109178971 ], [ 1.943868230632272, 41.888995663081815 ], [ 1.94392848946527, 41.888996216953025 ], [ 1.943988748299956, 41.88899677079263 ], [ 1.944049007136333, 41.888997324600624 ], [ 1.944109265974399, 41.888997878377026 ], [ 1.944169524814155, 41.888998432121795 ], [ 1.944229783655599, 41.888998985834952 ], [ 1.944230524663687, 41.888953959210205 ], [ 1.944231265670087, 41.888908932585103 ], [ 1.944232006674798, 41.888863905959631 ], [ 1.944232747677819, 41.88881887933379 ], [ 1.944233488679151, 41.88877385270758 ], [ 1.944293747310785, 41.88877440638479 ], [ 1.944354005944108, 41.888774960030382 ], [ 1.94441426457912, 41.888775513644362 ], [ 1.944474523215822, 41.888776067226729 ], [ 1.944534781854213, 41.88877662077747 ], [ 1.944535522642356, 41.888731594146556 ], [ 1.944536263428811, 41.888686567515272 ], [ 1.944537004213579, 41.888641540883619 ], [ 1.944537744996657, 41.888596514251581 ], [ 1.944538485778045, 41.88855148761921 ], [ 1.944598744206627, 41.888552041134012 ], [ 1.944659002636896, 41.888552594617188 ], [ 1.944719261068855, 41.888553148068759 ], [ 1.944779519502503, 41.888553701488711 ], [ 1.944839777937838, 41.888554254877064 ], [ 1.944900036374863, 41.88855480823382 ], [ 1.944960294813575, 41.888555361558922 ], [ 1.945020553253976, 41.888555914852446 ], [ 1.945080811696064, 41.888556468114338 ], [ 1.945141070139841, 41.888557021344624 ], [ 1.945141810496548, 41.888511994703194 ], [ 1.945142550851567, 41.888466968061387 ], [ 1.945143291204899, 41.888421941419217 ], [ 1.945144031556544, 41.888376914776664 ], [ 1.9451447719065, 41.888331888133763 ], [ 1.945205030140469, 41.888332441328103 ], [ 1.945265288376126, 41.88833299449081 ], [ 1.94532554661347, 41.888333547621933 ], [ 1.945385804852501, 41.88833410072143 ], [ 1.945446063093219, 41.888334653789308 ], [ 1.945446803229994, 41.888289627141688 ], [ 1.945447543365083, 41.888244600493714 ], [ 1.945448283498482, 41.888199573845377 ], [ 1.945449023630196, 41.888154547196642 ], [ 1.945449763760222, 41.888109520547566 ], [ 1.945450503888561, 41.888064493898121 ], [ 1.945451244015212, 41.888019467248327 ], [ 1.945451984140178, 41.887974440598136 ], [ 1.945452724263455, 41.887929413947603 ], [ 1.945453464385045, 41.88788438729668 ], [ 1.945393206567311, 41.887883834237471 ], [ 1.945332948751264, 41.887883281146628 ], [ 1.945272690936906, 41.887882728024231 ], [ 1.945212433124234, 41.887882174870207 ], [ 1.94515217531325, 41.887881621684542 ], [ 1.945091917503954, 41.887881068467287 ], [ 1.945031659696346, 41.88788051521842 ], [ 1.944971401890425, 41.887879961937948 ], [ 1.944911144086194, 41.887879408625835 ], [ 1.94485088628365, 41.887878855282132 ], [ 1.944790628482794, 41.887878301906838 ], [ 1.944730370683626, 41.887877748499896 ], [ 1.944670112886149, 41.887877195061371 ], [ 1.944609855090359, 41.88787664159122 ], [ 1.944549597296257, 41.887876088089456 ], [ 1.944489339503845, 41.887875534556073 ], [ 1.944429081713121, 41.887874980991093 ], [ 1.944368823924087, 41.887874427394507 ], [ 1.944308566136741, 41.887873873766324 ], [ 1.944248308351085, 41.887873320106479 ], [ 1.944188050567117, 41.887872766415065 ], [ 1.944127792784839, 41.887872212692031 ], [ 1.944067535004252, 41.887871658937364 ], [ 1.944007277225353, 41.88787110515112 ], [ 1.943947019448144, 41.887870551333251 ], [ 1.943947760625494, 41.8878255247037 ], [ 1.943948501801156, 41.887780498073774 ], [ 1.943949242975127, 41.887735471443484 ], [ 1.943949984147411, 41.887690444812847 ], [ 1.943950725318004, 41.887645418181798 ], [ 1.943890467753973, 41.887644864336686 ], [ 1.94383021019163, 41.887644310459933 ], [ 1.94376995263098, 41.887643756551569 ], [ 1.943709695072019, 41.887643202611606 ], [ 1.943649437514747, 41.887642648640025 ], [ 1.943650178895137, 41.887597622012997 ], [ 1.943650920273838, 41.887552595385586 ], [ 1.943651661650847, 41.887507568757805 ], [ 1.943652403026167, 41.887462542129676 ], [ 1.943653144399798, 41.887417515501163 ], [ 1.943592887055703, 41.887416961502339 ], [ 1.943532629713298, 41.887416407471868 ], [ 1.943472372372584, 41.887415853409813 ], [ 1.943412115033558, 41.887415299316146 ], [ 1.943351857696225, 41.887414745190867 ], [ 1.943352599279651, 41.887369718566326 ], [ 1.943353340861384, 41.887324691941444 ], [ 1.943354082441428, 41.887279665316193 ], [ 1.94335482401978, 41.887234638690551 ], [ 1.943355565596444, 41.887189612064596 ], [ 1.943295308472284, 41.887189057912046 ], [ 1.943235051349814, 41.887188503727891 ], [ 1.943174794229037, 41.887187949512111 ], [ 1.943114537109951, 41.887187395264739 ], [ 1.943054279992554, 41.887186840985777 ], [ 1.942994022876848, 41.887186286675181 ], [ 1.942933765762835, 41.887185732332966 ], [ 1.942873508650511, 41.887185177959147 ], [ 1.942813251539882, 41.887184623553729 ], [ 1.942752994430942, 41.887184069116671 ], [ 1.942692737323694, 41.887183514648036 ], [ 1.942632480218137, 41.887182960147783 ], [ 1.942572223114274, 41.887182405615917 ], [ 1.9425119660121, 41.887181851052432 ], [ 1.942451708911621, 41.887181296457335 ], [ 1.942450966700511, 41.88722632307028 ], [ 1.94245022448771, 41.887271349682827 ], [ 1.942449482273217, 41.887316376295047 ], [ 1.942448740057034, 41.887361402906876 ], [ 1.942447997839156, 41.887406429518336 ], [ 1.942447255619588, 41.887451456129426 ], [ 1.942446513398328, 41.887496482740168 ], [ 1.942445771175375, 41.887541509350548 ], [ 1.942445028950732, 41.887586535960551 ], [ 1.942444286724395, 41.887631562570178 ], [ 1.942384029202639, 41.88763100793475 ], [ 1.942323771682575, 41.887630453267761 ], [ 1.942263514164203, 41.887629898569109 ], [ 1.942203256647523, 41.88762934383886 ], [ 1.942142999132536, 41.88762878907702 ], [ 1.942082741619242, 41.887628234283568 ], [ 1.942022484107639, 41.887627679458475 ], [ 1.941962226597731, 41.887627124601792 ], [ 1.941901969089515, 41.887626569713497 ], [ 1.941841711582993, 41.887626014793597 ], [ 1.9418424542323, 41.887580988192688 ], [ 1.941843196879916, 41.887535961591404 ], [ 1.941843939525838, 41.887490934989728 ], [ 1.941844682170068, 41.887445908387726 ], [ 1.941845424812605, 41.887400881785318 ], [ 1.941785167519261, 41.887400326838161 ], [ 1.941724910227609, 41.887399771859386 ], [ 1.941664652937651, 41.887399216849019 ], [ 1.941604395649385, 41.887398661807033 ], [ 1.941544138362814, 41.887398106733407 ], [ 1.941544881215141, 41.887353080135007 ], [ 1.941545624065776, 41.887308053536252 ], [ 1.941546366914716, 41.887263026937127 ], [ 1.941547109761963, 41.887218000337633 ], [ 1.941547852607518, 41.887172973737755 ], [ 1.941487595534122, 41.887172418636908 ], [ 1.941427338462421, 41.88717186350447 ], [ 1.941367081392413, 41.887171308340385 ], [ 1.941306824324098, 41.887170753144694 ], [ 1.941246567257479, 41.887170197917392 ], [ 1.941247310312821, 41.887125171321507 ], [ 1.94124805336647, 41.887080144725275 ], [ 1.941248796418424, 41.887035118128672 ], [ 1.941249539468685, 41.886990091531715 ], [ 1.941250282517252, 41.886945064934352 ], [ 1.941251025564123, 41.886900038336663 ], [ 1.941251768609304, 41.886855011738596 ], [ 1.94125251165279, 41.886809985140168 ], [ 1.941253254694583, 41.886764958541335 ], [ 1.94125399773468, 41.886719931942174 ], [ 1.941254740773084, 41.886674905342637 ], [ 1.941255483809796, 41.886629878742738 ], [ 1.941256226844812, 41.886584852142448 ], [ 1.941256969878136, 41.886539825541831 ], [ 1.941257712909766, 41.886494798940824 ] ] ] } },
{ "type": "Feature", "properties": { "GRID_CODE": 2, "CODI_FINAL": "1796147\r\n", "MUNICIPI": "Llançà", "DATA_INCEN": "10/11/96" }, "geometry": { "type": "Polygon", "coordinates": [ [ [ 3.148625768612432, 42.372217969822771 ], [ 3.14856503990268, 42.372218048871289 ], [ 3.148504311192684, 42.37221812788767 ], [ 3.148443582482443, 42.372218206871892 ], [ 3.148382853771956, 42.372218285823926 ], [ 3.148322125061226, 42.372218364743816 ], [ 3.148261396350252, 42.372218443631517 ], [ 3.148200667639034, 42.372218522487081 ], [ 3.148139938927571, 42.372218601310465 ], [ 3.148079210215866, 42.372218680101668 ], [ 3.148018481503915, 42.372218758860704 ], [ 3.147957752791721, 42.372218837587596 ], [ 3.147897024079284, 42.372218916282307 ], [ 3.147836295366603, 42.372218994944859 ], [ 3.147775566653678, 42.372219073575252 ], [ 3.147714837940511, 42.372219152173457 ], [ 3.147714943917537, 42.372264182498604 ], [ 3.147715049894805, 42.372309212823403 ], [ 3.147715155872318, 42.372354243147811 ], [ 3.147715261850076, 42.372399273471892 ], [ 3.147715367828075, 42.372444303795618 ], [ 3.147654638897761, 42.372444382362261 ], [ 3.147593909967203, 42.372444460896787 ], [ 3.147533181036402, 42.372444539399112 ], [ 3.14747245210536, 42.372444617869299 ], [ 3.147411723174073, 42.372444696307284 ], [ 3.147350994242545, 42.372444774713124 ], [ 3.147290265310773, 42.372444853086805 ], [ 3.14722953637876, 42.372444931428319 ], [ 3.147168807446503, 42.372445009737646 ], [ 3.147108078514003, 42.372445088014821 ], [ 3.147047349581263, 42.372445166259837 ], [ 3.14698662064828, 42.372445244472686 ], [ 3.146925891715054, 42.372445322653377 ], [ 3.146865162781586, 42.372445400801872 ], [ 3.146804433847877, 42.372445478918223 ], [ 3.146743704913926, 42.372445557002386 ], [ 3.146682975979734, 42.372445635054397 ], [ 3.1466222470453, 42.372445713074242 ], [ 3.146561518110623, 42.372445791061928 ], [ 3.146500789175707, 42.372445869017447 ], [ 3.146500684065323, 42.372400838691291 ], [ 3.146500578955181, 42.372355808364745 ], [ 3.14650047384528, 42.372310778037864 ], [ 3.14650036873562, 42.372265747710621 ], [ 3.146500263626202, 42.37222071738303 ], [ 3.146500158517027, 42.372175687055091 ], [ 3.146500053408091, 42.372130656726753 ], [ 3.146499948299398, 42.372085626398068 ], [ 3.146499843190946, 42.372040596069077 ], [ 3.146499738082736, 42.371995565739674 ], [ 3.146439009581381, 42.371995643661798 ], [ 3.146378281079785, 42.371995721551762 ], [ 3.146317552577948, 42.371995799409554 ], [ 3.146256824075871, 42.371995877235179 ], [ 3.146196095573552, 42.371995955028645 ], [ 3.146135367070992, 42.371996032789923 ], [ 3.146074638568193, 42.371996110519078 ], [ 3.146013910065153, 42.371996188216059 ], [ 3.14595318156187, 42.371996265880824 ], [ 3.145892453058349, 42.371996343513473 ], [ 3.145892348384178, 42.371951313182507 ], [ 3.145892243710248, 42.371906282851192 ], [ 3.14589213903656, 42.371861252519523 ], [ 3.14589203436311, 42.371816222187491 ], [ 3.1458919296899, 42.37177119185511 ], [ 3.145952657976525, 42.371771114223087 ], [ 3.146013386262909, 42.37177103655889 ], [ 3.146074114549051, 42.371770958862534 ], [ 3.146134842834952, 42.371770881134019 ], [ 3.146195571120613, 42.371770803373337 ], [ 3.14619546623075, 42.371725773041192 ], [ 3.146195361341125, 42.371680742708719 ], [ 3.146195256451743, 42.371635712375848 ], [ 3.146195151562602, 42.371590682042651 ], [ 3.146195046673702, 42.371545651709091 ], [ 3.146194941785041, 42.371500621375183 ], [ 3.146194836896623, 42.371455591040885 ], [ 3.146194732008445, 42.371410560706273 ], [ 3.146194627120508, 42.371365530371293 ], [ 3.146194522232813, 42.371320500035928 ], [ 3.14613379438094, 42.371320577795409 ], [ 3.146073066528827, 42.371320655522695 ], [ 3.146012338676473, 42.371320733217836 ], [ 3.145951610823879, 42.371320810880817 ], [ 3.145890882971044, 42.371320888511619 ], [ 3.14583015511797, 42.371320966110268 ], [ 3.145769427264655, 42.371321043676744 ], [ 3.145708699411098, 42.371321121211032 ], [ 3.145647971557303, 42.37132119871319 ], [ 3.145587243703269, 42.371321276183181 ], [ 3.145526515848994, 42.371321353620971 ], [ 3.14546578799448, 42.37132143102663 ], [ 3.145405060139726, 42.371321508400122 ], [ 3.145344332284732, 42.371321585741448 ], [ 3.1452836044295, 42.371321663050622 ], [ 3.14528350019272, 42.371276632713069 ], [ 3.145283395956179, 42.37123160237519 ], [ 3.145283291719879, 42.371186572036962 ], [ 3.145283187483818, 42.371141541698364 ], [ 3.145283083247997, 42.371096511359426 ], [ 3.145282979012415, 42.371051481020103 ], [ 3.145282874777072, 42.371006450680419 ], [ 3.145282770541969, 42.3709614203404 ], [ 3.145282666307105, 42.370916390000019 ], [ 3.145282562072481, 42.370871359659297 ], [ 3.145282457838098, 42.370826329318213 ], [ 3.145282353603952, 42.370781298976745 ], [ 3.145282249370046, 42.37073626863495 ], [ 3.14528214513638, 42.370691238292778 ], [ 3.145282040902954, 42.370646207950251 ], [ 3.145281936669767, 42.370601177607391 ], [ 3.145281832436819, 42.370556147264139 ], [ 3.145281728204112, 42.370511116920561 ], [ 3.145281623971643, 42.370466086576606 ], [ 3.145281519739414, 42.370421056232317 ], [ 3.14522079275149, 42.370421133506873 ], [ 3.145160065763327, 42.370421210749271 ], [ 3.145099338774925, 42.370421287959516 ], [ 3.145038611786283, 42.370421365137588 ], [ 3.144977884797403, 42.370421442283522 ], [ 3.144917157808283, 42.370421519397269 ], [ 3.144856430818926, 42.370421596478835 ], [ 3.14479570382933, 42.370421673528234 ], [ 3.144734976839495, 42.370421750545503 ], [ 3.144674249849422, 42.370421827530578 ], [ 3.144613522859111, 42.370421904483514 ], [ 3.144552795868561, 42.370421981404263 ], [ 3.144492068877773, 42.370422058292881 ], [ 3.144431341886749, 42.370422135149305 ], [ 3.144370614895486, 42.37042221197359 ], [ 3.144309887903985, 42.370422288765695 ], [ 3.144249160912246, 42.370422365525627 ], [ 3.144188433920268, 42.370422442253428 ], [ 3.144127706928054, 42.370422518949034 ], [ 3.144066979935603, 42.370422595612482 ], [ 3.144006252942916, 42.370422672243777 ], [ 3.143945525949991, 42.370422748842898 ], [ 3.143884798956829, 42.370422825409861 ], [ 3.143824071963428, 42.370422901944657 ], [ 3.143763344969792, 42.37042297844728 ], [ 3.143763241822211, 42.370377948099609 ], [ 3.143763138674867, 42.370332917751583 ], [ 3.143763035527761, 42.37028788740318 ], [ 3.143762932380891, 42.37024285705445 ], [ 3.143762829234259, 42.370197826705329 ], [ 3.143762726087865, 42.37015279635586 ], [ 3.143762622941706, 42.370107766006051 ], [ 3.143762519795783, 42.370062735655871 ], [ 3.143762416650099, 42.370017705305337 ], [ 3.143762313504652, 42.369972674954454 ], [ 3.143823040064529, 42.369972598453025 ], [ 3.14388376662417, 42.369972521919422 ], [ 3.143944493183573, 42.369972445353675 ], [ 3.144005219742739, 42.369972368755754 ], [ 3.144065946301668, 42.369972292125674 ], [ 3.14412667286036, 42.369972215463427 ], [ 3.144187399418816, 42.369972138769008 ], [ 3.144248125977033, 42.369972062042443 ], [ 3.144308852535012, 42.369971985283684 ], [ 3.144369579092754, 42.369971908492772 ], [ 3.144430305650259, 42.369971831669723 ], [ 3.144491032207525, 42.369971754814493 ], [ 3.144551758764553, 42.369971677927097 ], [ 3.144612485321344, 42.369971601007556 ], [ 3.144673211877895, 42.369971524055842 ], [ 3.144673108082055, 42.369926493706387 ], [ 3.144673004286453, 42.369881463356592 ], [ 3.144672900491088, 42.369836433006448 ], [ 3.144672796695964, 42.369791402655935 ], [ 3.144672692901076, 42.369746372305059 ], [ 3.144672589106428, 42.369701341953864 ], [ 3.144672485312018, 42.369656311602277 ], [ 3.144672381517847, 42.369611281250336 ], [ 3.144672277723913, 42.369566250898053 ], [ 3.14467217393022, 42.369521220545408 ], [ 3.144672070136764, 42.369476190192394 ], [ 3.144671966343546, 42.369431159839046 ], [ 3.144671862550567, 42.369386129485321 ], [ 3.144671758757827, 42.36934109913124 ], [ 3.144671654965324, 42.369296068776798 ], [ 3.144610929059393, 42.369296145726736 ], [ 3.144550203153221, 42.369296222644465 ], [ 3.144489477246813, 42.369296299530042 ], [ 3.144428751340167, 42.369296376383467 ], [ 3.144368025433284, 42.369296453204726 ], [ 3.14430729952616, 42.369296529993818 ], [ 3.144246573618802, 42.369296606750744 ], [ 3.144185847711205, 42.369296683475525 ], [ 3.14412512180337, 42.369296760168112 ], [ 3.144064395895298, 42.369296836828561 ], [ 3.144064499254061, 42.369341867184197 ], [ 3.14406460261306, 42.369386897539471 ], [ 3.144064705972298, 42.369431927894411 ], [ 3.144064809331772, 42.369476958248974 ], [ 3.144064912691483, 42.369521988603168 ], [ 3.144004186566304, 42.369522065232054 ], [ 3.143943460440887, 42.369522141828782 ], [ 3.143882734315234, 42.369522218393328 ], [ 3.143822008189342, 42.369522294925723 ], [ 3.143761282063213, 42.369522371425958 ], [ 3.143700555936848, 42.369522447894006 ], [ 3.143639829810248, 42.36952252432993 ], [ 3.14357910368341, 42.36952260073366 ], [ 3.143518377556336, 42.369522677105259 ], [ 3.143457651429024, 42.369522753444656 ], [ 3.143396925301477, 42.369522829751915 ], [ 3.143336199173693, 42.369522906027022 ], [ 3.143275473045675, 42.369522982269935 ], [ 3.143214746917419, 42.369523058480688 ], [ 3.143154020788927, 42.369523134659296 ], [ 3.143154123498261, 42.369568165014954 ], [ 3.143154226207828, 42.369613195370249 ], [ 3.143154328917634, 42.369658225725189 ], [ 3.143154431627674, 42.369703256079788 ], [ 3.143154534337951, 42.369748286433996 ], [ 3.143093807992351, 42.369748362581042 ], [ 3.143033081646514, 42.369748438695908 ], [ 3.142972355300444, 42.369748514778614 ], [ 3.142911628954137, 42.369748590829154 ], [ 3.142850902607594, 42.369748666847556 ], [ 3.142790176260815, 42.369748742833785 ], [ 3.142729449913805, 42.369748818787826 ], [ 3.142668723566556, 42.36974889470973 ], [ 3.142607997219072, 42.369748970599474 ], [ 3.142547270871355, 42.369749046457038 ], [ 3.142486544523404, 42.369749122282428 ], [ 3.142425818175216, 42.369749198075695 ], [ 3.142365091826794, 42.369749273836753 ], [ 3.142304365478137, 42.36974934956568 ], [ 3.142243639129247, 42.369749425262427 ], [ 3.142243741189134, 42.369794455618091 ], [ 3.142243843249257, 42.369839485973387 ], [ 3.142243945309614, 42.369884516328341 ], [ 3.142244047370206, 42.369929546682918 ], [ 3.142244149431031, 42.369974577037148 ], [ 3.142244251492091, 42.370019607391022 ], [ 3.142244353553387, 42.370064637744555 ], [ 3.142244455614916, 42.370109668097719 ], [ 3.142244557676681, 42.370154698450506 ], [ 3.142244659738679, 42.370199728802973 ], [ 3.142244761800912, 42.370244759155064 ], [ 3.14224486386338, 42.370289789506785 ], [ 3.142244965926082, 42.370334819858179 ], [ 3.14224506798902, 42.370379850209197 ], [ 3.142245170052191, 42.37042488055986 ], [ 3.142184443052429, 42.370424956226245 ], [ 3.142123716052435, 42.370425031860435 ], [ 3.142062989052207, 42.370425107462474 ], [ 3.142002262051744, 42.370425183032374 ], [ 3.141941535051049, 42.37042525857008 ], [ 3.141941636897572, 42.370470288920991 ], [ 3.14194173874433, 42.370515319271533 ], [ 3.14194184059132, 42.370560349621726 ], [ 3.141941942438547, 42.370605379971551 ], [ 3.141942044286005, 42.370650410321026 ], [ 3.141881317068193, 42.370650485827184 ], [ 3.141820589850145, 42.370650561301161 ], [ 3.141759862631864, 42.370650636742965 ], [ 3.141699135413349, 42.370650712152631 ], [ 3.141638408194603, 42.370650787530117 ], [ 3.141577680975622, 42.370650862875422 ], [ 3.141516953756407, 42.370650938188604 ], [ 3.141456226536961, 42.370651013469598 ], [ 3.14139549931728, 42.370651088718439 ], [ 3.141334772097367, 42.370651163935115 ], [ 3.141274044877221, 42.37065123911961 ], [ 3.141213317656842, 42.37065131427196 ], [ 3.141152590436232, 42.370651389392116 ], [ 3.141091863215388, 42.370651464480162 ], [ 3.141031135994312, 42.370651539535999 ], [ 3.141031034797506, 42.370606509184732 ], [ 3.141030933600932, 42.370561478833132 ], [ 3.14103083240459, 42.370516448481162 ], [ 3.141030731208482, 42.370471418128851 ], [ 3.141030630012606, 42.370426387776192 ], [ 3.140969903008181, 42.370426462799273 ], [ 3.140909176003524, 42.370426537790195 ], [ 3.140848448998635, 42.370426612748957 ], [ 3.140787721993513, 42.37042668767559 ], [ 3.140726994988161, 42.370426762570013 ], [ 3.140666267982576, 42.370426837432305 ], [ 3.14060554097676, 42.370426912262403 ], [ 3.140544813970711, 42.370426987060341 ], [ 3.140484086964432, 42.370427061826135 ], [ 3.140423359957921, 42.370427136559748 ], [ 3.140423259196039, 42.370382106205561 ], [ 3.140423158434393, 42.370337075850991 ], [ 3.140423057672975, 42.370292045496086 ], [ 3.140422956911792, 42.370247015140784 ], [ 3.140422856150839, 42.370201984785162 ], [ 3.140362129360975, 42.370202059486033 ], [ 3.140301402570884, 42.370202134154724 ], [ 3.14024067578056, 42.37020220879127 ], [ 3.140179948990005, 42.370202283395663 ], [ 3.14011922219922, 42.370202357967884 ], [ 3.140058495408203, 42.370202432507917 ], [ 3.139997768616957, 42.370202507015797 ], [ 3.139937041825478, 42.370202581491526 ], [ 3.139876315033771, 42.370202655935103 ], [ 3.139815588241831, 42.370202730346485 ], [ 3.139815688569026, 42.3702477607033 ], [ 3.139815788896449, 42.370292791059747 ], [ 3.139815889224104, 42.370337821415845 ], [ 3.139815989551988, 42.370382851771573 ], [ 3.139816089880104, 42.370427882126954 ], [ 3.13981619020845, 42.370472912481972 ], [ 3.139816290537026, 42.370517942836642 ], [ 3.139816390865834, 42.370562973190935 ], [ 3.139816491194871, 42.370608003544902 ], [ 3.13981659152414, 42.370653033898492 ], [ 3.139755864298206, 42.370653108278894 ], [ 3.139695137072043, 42.370653182627144 ], [ 3.139634409845649, 42.370653256943221 ], [ 3.139573682619024, 42.370653331227132 ], [ 3.139512955392171, 42.370653405478869 ], [ 3.139512855279787, 42.370608375124689 ], [ 3.139512755167635, 42.37056334477014 ], [ 3.13951265505571, 42.370518314415243 ], [ 3.139512554944017, 42.370473284060012 ], [ 3.139512454832552, 42.370428253704404 ], [ 3.139451727822352, 42.370428327923413 ], [ 3.139391000811922, 42.370428402110235 ], [ 3.139330273801264, 42.370428476264919 ], [ 3.139269546790374, 42.370428550387444 ], [ 3.139208819779257, 42.370428624477753 ], [ 3.139148092767909, 42.370428698535939 ], [ 3.139087365756333, 42.370428772561951 ], [ 3.139026638744526, 42.370428846555811 ], [ 3.13896591173249, 42.370428920517497 ], [ 3.138905184720227, 42.370428994447018 ], [ 3.138905284397926, 42.370474024803784 ], [ 3.138905384075852, 42.370519055160187 ], [ 3.13890548375401, 42.37056408551625 ], [ 3.138905583432396, 42.370609115871964 ], [ 3.138905683111009, 42.370654146227324 ], [ 3.138844955881633, 42.370654220125246 ], [ 3.138784228652029, 42.370654293991009 ], [ 3.138723501422195, 42.370654367824628 ], [ 3.138662774192133, 42.370654441626087 ], [ 3.138602046961842, 42.370654515395344 ], [ 3.138602146423801, 42.370699545750924 ], [ 3.138602245885988, 42.370744576106155 ], [ 3.138602345348405, 42.370789606460988 ], [ 3.138602444811049, 42.370834636815466 ], [ 3.138602544273922, 42.370879667169632 ], [ 3.138602643737023, 42.3709246975234 ], [ 3.138602743200354, 42.370969727876819 ], [ 3.138602842663912, 42.37101475822989 ], [ 3.1386029421277, 42.371059788582606 ], [ 3.138603041591717, 42.371104818934981 ], [ 3.138663769255781, 42.371104745164537 ], [ 3.138724496919618, 42.371104671361927 ], [ 3.138785224583227, 42.37110459752715 ], [ 3.138845952246605, 42.371104523660222 ], [ 3.138906679909757, 42.371104449761127 ], [ 3.138906779590891, 42.371149480112528 ], [ 3.138906879272255, 42.371194510463582 ], [ 3.138906978953847, 42.371239540814308 ], [ 3.13890707863567, 42.371284571164665 ], [ 3.13890717831772, 42.371329601514645 ], [ 3.138967906197533, 42.371329527582816 ], [ 3.139028634077117, 42.371329453618792 ], [ 3.139089361956472, 42.371329379622644 ], [ 3.139150089835598, 42.371329305594266 ], [ 3.139210817714495, 42.371329231533785 ], [ 3.139210917613668, 42.371374261882835 ], [ 3.139211017513069, 42.371419292231522 ], [ 3.139211117412701, 42.371464322579861 ], [ 3.139211217312562, 42.371509352927873 ], [ 3.139211317212653, 42.371554383275488 ], [ 3.139272045308214, 42.37155430918223 ], [ 3.139332773403545, 42.371554235056799 ], [ 3.139393501498648, 42.371554160899244 ], [ 3.13945422959352, 42.37155408670948 ], [ 3.139514957688162, 42.371554012487564 ], [ 3.139515057805377, 42.371599042834255 ], [ 3.139515157922823, 42.371644073180597 ], [ 3.139515258040498, 42.371689103526563 ], [ 3.139515358158404, 42.371734133872181 ], [ 3.13951545827654, 42.371779164217443 ], [ 3.139576186587848, 42.371779089962786 ], [ 3.139636914898927, 42.371779015675976 ], [ 3.139697643209776, 42.371778941356965 ], [ 3.139758371520394, 42.371778867005823 ], [ 3.139819099830782, 42.3717787926225 ], [ 3.139879828140942, 42.371778718206997 ], [ 3.139940556450868, 42.371778643759349 ], [ 3.140001284760565, 42.37177856927952 ], [ 3.140062013070032, 42.37177849476754 ], [ 3.140122741379268, 42.3717784202234 ], [ 3.140122841931429, 42.371823450567149 ], [ 3.14012294248382, 42.371868480910507 ], [ 3.140123043036443, 42.371913511253538 ], [ 3.140123143589296, 42.371958541596207 ], [ 3.140123244142382, 42.372003571938521 ], [ 3.140123344695697, 42.372048602280486 ], [ 3.140123445249244, 42.372093632622082 ], [ 3.140123545803022, 42.37213866296333 ], [ 3.140123646357031, 42.372183693304208 ], [ 3.140123746911271, 42.372228723644739 ], [ 3.140123847465744, 42.372273753984899 ], [ 3.140123948020445, 42.372318784324712 ], [ 3.140124048575379, 42.372363814664176 ], [ 3.140124149130544, 42.372408845003285 ], [ 3.14012424968594, 42.372453875342018 ], [ 3.140124350241566, 42.372498905680409 ], [ 3.140124450797424, 42.372543936018445 ], [ 3.140124551353513, 42.372588966356112 ], [ 3.140124651909834, 42.372633996693452 ], [ 3.140124752466385, 42.372679027030401 ], [ 3.140124853023167, 42.372724057367002 ], [ 3.140124953580181, 42.372769087703247 ], [ 3.140125054137424, 42.372814118039152 ], [ 3.1401251546949, 42.37285914837468 ], [ 3.140125255252606, 42.372904178709867 ], [ 3.140185984646128, 42.372904104130612 ], [ 3.14024671403942, 42.372904029519226 ], [ 3.140307443432479, 42.372903954875625 ], [ 3.140368172825308, 42.3729038801999 ], [ 3.140428902217906, 42.37290380549198 ], [ 3.140429002992752, 42.372948835826222 ], [ 3.140429103767831, 42.372993866160087 ], [ 3.140429204543143, 42.373038896493618 ], [ 3.140429305318685, 42.37308392682678 ], [ 3.140429406094458, 42.373128957159615 ], [ 3.140490135703735, 42.373128882418925 ], [ 3.14055086531278, 42.373128807646104 ], [ 3.140611594921594, 42.37312873284111 ], [ 3.140672324530176, 42.373128658003942 ], [ 3.140733054138528, 42.373128583134616 ], [ 3.140793783746646, 42.373128508233108 ], [ 3.140854513354532, 42.373128433299442 ], [ 3.140915242962187, 42.373128358333624 ], [ 3.14097597256961, 42.373128283335603 ], [ 3.1410367021768, 42.373128208305459 ], [ 3.14103680338663, 42.373173238636731 ], [ 3.141036904596693, 42.373218268967641 ], [ 3.141037005806988, 42.373263299298209 ], [ 3.141037107017516, 42.373308329628422 ], [ 3.141037208228276, 42.373353359958273 ], [ 3.141037309439268, 42.373398390287754 ], [ 3.141037410650495, 42.373443420616894 ], [ 3.141037511861953, 42.373488450945679 ], [ 3.141037613073643, 42.373533481274116 ], [ 3.141037714285567, 42.373578511602183 ], [ 3.141037815497723, 42.373623541929874 ], [ 3.141037916710111, 42.373668572257252 ], [ 3.141038017922733, 42.373713602584239 ], [ 3.141038119135586, 42.373758632910857 ], [ 3.141038220348673, 42.373803663237169 ], [ 3.141038321561992, 42.373848693563083 ], [ 3.141038422775543, 42.373893723888656 ], [ 3.141038523989326, 42.373938754213867 ], [ 3.141038625203344, 42.373983784538723 ], [ 3.141038726417593, 42.374028814863223 ], [ 3.141099456892217, 42.374028739798533 ], [ 3.141160187366612, 42.37402866470169 ], [ 3.141220917840773, 42.37402858957266 ], [ 3.141281648314701, 42.374028514411449 ], [ 3.141342378788397, 42.374028439218094 ], [ 3.141342480219802, 42.374073469541642 ], [ 3.141342581651438, 42.374118499864856 ], [ 3.141342683083308, 42.374163530187708 ], [ 3.141342784515411, 42.374208560510169 ], [ 3.141342885947747, 42.374253590832296 ], [ 3.141403616638135, 42.374253515606171 ], [ 3.141464347328287, 42.374253440347879 ], [ 3.141525078018207, 42.374253365057427 ], [ 3.141585808707893, 42.374253289734824 ], [ 3.141646539397346, 42.374253214380026 ], [ 3.141646641046841, 42.374298244701201 ], [ 3.141646742696568, 42.374343275022021 ], [ 3.141646844346529, 42.374388305342478 ], [ 3.141646945996724, 42.374433335662594 ], [ 3.141647047647153, 42.374478365982341 ], [ 3.141707778553299, 42.374478290594787 ], [ 3.141768509459212, 42.374478215175081 ], [ 3.14182924036489, 42.37447813972318 ], [ 3.141889971270335, 42.374478064239128 ], [ 3.141950702175547, 42.374477988722909 ], [ 3.141950600308191, 42.374432958403737 ], [ 3.14195049844107, 42.374387928084225 ], [ 3.141950396574184, 42.37434289776435 ], [ 3.141950294707531, 42.374297867444113 ], [ 3.141950192841111, 42.374252837123528 ], [ 3.142010923529163, 42.374252761575711 ], [ 3.142071654216982, 42.374252685995756 ], [ 3.142132384904565, 42.374252610383621 ], [ 3.142193115591915, 42.37425253473932 ], [ 3.142253846279031, 42.374252459062838 ], [ 3.142314576965912, 42.374252383354204 ], [ 3.142375307652559, 42.374252307613396 ], [ 3.142436038338972, 42.374252231840416 ], [ 3.142496769025148, 42.374252156035283 ], [ 3.142557499711092, 42.374252080197955 ], [ 3.142618230396799, 42.374252004328461 ], [ 3.142678961082273, 42.374251928426816 ], [ 3.14273969176751, 42.374251852493011 ], [ 3.142800422452514, 42.374251776527011 ], [ 3.142861153137281, 42.374251700528859 ], [ 3.142861255654474, 42.374296730847668 ], [ 3.142861358171902, 42.3743417611661 ], [ 3.142861460689566, 42.374386791484191 ], [ 3.142861563207465, 42.374431821801913 ], [ 3.1428616657256, 42.374476852119294 ], [ 3.142861768243971, 42.374521882436319 ], [ 3.142861870762578, 42.374566912752989 ], [ 3.142861973281418, 42.374611943069297 ], [ 3.142862075800497, 42.374656973385228 ], [ 3.142862178319809, 42.374702003700811 ], [ 3.142862280839358, 42.37474703401606 ], [ 3.142862383359141, 42.374792064330947 ], [ 3.142862485879161, 42.374837094645464 ], [ 3.142862588399417, 42.37488212495964 ], [ 3.142862690919907, 42.374927155273433 ], [ 3.142862793440634, 42.374972185586884 ], [ 3.142862895961597, 42.375017215899987 ], [ 3.142862998482795, 42.375062246212728 ], [ 3.142863101004227, 42.375107276525107 ], [ 3.142863203525895, 42.37515230683713 ], [ 3.142923935078145, 42.375152230804417 ], [ 3.142984666630158, 42.375152154739524 ], [ 3.143045398181937, 42.375152078642479 ], [ 3.143106129733481, 42.375152002513261 ], [ 3.143166861284789, 42.37515192635189 ], [ 3.14322759283586, 42.375151850158332 ], [ 3.143288324386695, 42.3751517739326 ], [ 3.143349055937295, 42.375151697674703 ], [ 3.143409787487658, 42.375151621384632 ], [ 3.143470519037785, 42.375151545062401 ], [ 3.143531250587675, 42.375151468707983 ], [ 3.143591982137331, 42.375151392321435 ], [ 3.143652713686748, 42.375151315902684 ], [ 3.143713445235928, 42.375151239451789 ], [ 3.143774176784874, 42.375151162968713 ], [ 3.143774279957581, 42.375196193278583 ], [ 3.143774383130526, 42.375241223588077 ], [ 3.143774486303708, 42.375286253897258 ], [ 3.143774589477128, 42.375331284206041 ], [ 3.143774692650784, 42.375376314514483 ], [ 3.143774795824677, 42.375421344822584 ], [ 3.143774898998808, 42.37546637513033 ], [ 3.143775002173176, 42.37551140543767 ], [ 3.14377510534778, 42.375556435744691 ], [ 3.143775208522622, 42.375601466051371 ], [ 3.143775311697701, 42.375646496357682 ], [ 3.143775414873017, 42.37569152666363 ], [ 3.143775518048569, 42.375736556969223 ], [ 3.143775621224358, 42.375781587274439 ], [ 3.143775724400387, 42.375826617579335 ], [ 3.143836456599908, 42.375826541062274 ], [ 3.143897188799193, 42.375826464513032 ], [ 3.14395792099824, 42.375826387931681 ], [ 3.14401865319705, 42.3758263113181 ], [ 3.144079385395624, 42.375826234672381 ], [ 3.144079488788829, 42.375871264976297 ], [ 3.144079592182273, 42.375916295279858 ], [ 3.144079695575954, 42.375961325583063 ], [ 3.144079798969873, 42.376006355885927 ], [ 3.144079902364031, 42.376051386188387 ], [ 3.144080005758424, 42.37609641649054 ], [ 3.144080109153056, 42.37614144679231 ], [ 3.144080212547925, 42.376186477093746 ], [ 3.144080315943032, 42.376231507394827 ], [ 3.144080419338377, 42.376276537695546 ], [ 3.144141151970601, 42.376276461016431 ], [ 3.144201884602587, 42.376276384305164 ], [ 3.144262617234336, 42.37627630756171 ], [ 3.144323349865847, 42.376276230786104 ], [ 3.144384082497121, 42.376276153978324 ], [ 3.14438418610965, 42.376321184278048 ], [ 3.144384289722417, 42.376366214577459 ], [ 3.144384393335422, 42.376411244876472 ], [ 3.144384496948665, 42.37645627517518 ], [ 3.144384600562146, 42.376501305473496 ], [ 3.144445333410131, 42.376501228632939 ], [ 3.144506066257875, 42.376501151760202 ], [ 3.144566799105384, 42.376501074855319 ], [ 3.144627531952654, 42.376500997918242 ], [ 3.144688264799685, 42.376500920948985 ], [ 3.144748997646478, 42.376500843947575 ], [ 3.144809730493031, 42.376500766913999 ], [ 3.144870463339348, 42.37650068984825 ], [ 3.144931196185425, 42.376500612750313 ], [ 3.144991929031264, 42.376500535620224 ], [ 3.144992033078882, 42.37654556591697 ], [ 3.144992137126739, 42.376590596213369 ], [ 3.144992241174836, 42.37663562650944 ], [ 3.144992345223171, 42.376680656805114 ], [ 3.144992449271746, 42.376725687100446 ], [ 3.145053182334296, 42.376725609937573 ], [ 3.145113915396606, 42.376725532742519 ], [ 3.14517464845868, 42.376725455515313 ], [ 3.145235381520511, 42.376725378255941 ], [ 3.145296114582106, 42.376725300964381 ], [ 3.14529621884787, 42.376770331258754 ], [ 3.145296323113875, 42.376815361552758 ], [ 3.145296427380119, 42.376860391846414 ], [ 3.145296531646605, 42.376905422139714 ], [ 3.145296635913328, 42.376950452432652 ], [ 3.145357369191634, 42.376950375108329 ], [ 3.145418102469703, 42.376950297751812 ], [ 3.145478835747531, 42.376950220363149 ], [ 3.145539569025119, 42.376950142942299 ], [ 3.145600302302469, 42.376950065489282 ], [ 3.145661035579577, 42.376949988004093 ], [ 3.145721768856445, 42.376949910486729 ], [ 3.145782502133074, 42.376949832937207 ], [ 3.145843235409463, 42.376949755355483 ], [ 3.145903968685613, 42.376949677741599 ], [ 3.145964701961521, 42.376949600095585 ], [ 3.146025435237188, 42.376949522417355 ], [ 3.146086168512615, 42.376949444706966 ], [ 3.1461469017878, 42.376949366964418 ], [ 3.146207635062748, 42.376949289189682 ], [ 3.146268368337452, 42.376949211382779 ], [ 3.146329101611917, 42.376949133543697 ], [ 3.146389834886139, 42.376949055672448 ], [ 3.146450568160121, 42.376948977769047 ], [ 3.146511301433863, 42.376948899833472 ], [ 3.146511196299322, 42.376903869542957 ], [ 3.146511091165026, 42.376858839252094 ], [ 3.14651098603097, 42.37681380896089 ], [ 3.146510880897157, 42.376768778669309 ], [ 3.146510775763584, 42.376723748377373 ], [ 3.146571508820131, 42.376723670410229 ], [ 3.146632241876435, 42.376723592410912 ], [ 3.146692974932499, 42.376723514379414 ], [ 3.146753707988321, 42.376723436315757 ], [ 3.146814441043902, 42.376723358219941 ], [ 3.14681433569362, 42.376678327928261 ], [ 3.14681423034358, 42.376633297636239 ], [ 3.146814124993782, 42.376588267343841 ], [ 3.146814019644227, 42.376543237051095 ], [ 3.146813914294912, 42.376498206757994 ], [ 3.146813808945842, 42.376453176464544 ], [ 3.146813703597012, 42.376408146170689 ], [ 3.146813598248424, 42.376363115876551 ], [ 3.146813492900078, 42.376318085582021 ], [ 3.146813387551974, 42.376273055287129 ], [ 3.146813282204113, 42.376228024991889 ], [ 3.146813176856494, 42.3761829946963 ], [ 3.146813071509117, 42.376137964400328 ], [ 3.146812966161981, 42.376092934104015 ], [ 3.146812860815089, 42.376047903807368 ], [ 3.146812755468438, 42.376002873510338 ], [ 3.146812650122029, 42.375957843212959 ], [ 3.146812544775861, 42.375912812915217 ], [ 3.146812439429937, 42.375867782617114 ], [ 3.146812334084254, 42.375822752318655 ], [ 3.146812228738813, 42.375777722019855 ], [ 3.146812123393615, 42.375732691720692 ], [ 3.146812018048657, 42.375687661421161 ], [ 3.146811912703944, 42.375642631121288 ], [ 3.146811807359471, 42.375597600821045 ], [ 3.146751075388617, 42.375597678913806 ], [ 3.146690343417521, 42.3755977569744 ], [ 3.146629611446185, 42.375597835002822 ], [ 3.146568879474605, 42.375597912999076 ], [ 3.146508147502785, 42.375597990963165 ], [ 3.146508042375492, 42.37555296066197 ], [ 3.146507937248442, 42.375507930360413 ], [ 3.146507832121634, 42.375462900058473 ], [ 3.146507726995067, 42.375417869756198 ], [ 3.146507621868742, 42.375372839453561 ], [ 3.146507516742658, 42.375327809150576 ], [ 3.146507411616816, 42.375282778847236 ], [ 3.146507306491215, 42.37523774854354 ], [ 3.146507201365857, 42.375192718239468 ], [ 3.146507096240738, 42.375147687935041 ], [ 3.146567827778686, 42.375147609972196 ], [ 3.146628559316392, 42.375147531977177 ], [ 3.146689290853855, 42.375147453949978 ], [ 3.146750022391078, 42.375147375890627 ], [ 3.14681075392806, 42.375147297799074 ], [ 3.146810859270111, 42.375192328102877 ], [ 3.146810964612406, 42.375237358406309 ], [ 3.146811069954941, 42.375282388709401 ], [ 3.146811175297719, 42.375327419012137 ], [ 3.14681128064074, 42.375372449314526 ], [ 3.146872012394414, 42.375372371190196 ], [ 3.146932744147847, 42.37537229303372 ], [ 3.146993475901037, 42.375372214845044 ], [ 3.147054207653986, 42.375372136624229 ], [ 3.147114939406692, 42.375372058371227 ], [ 3.147115044966891, 42.375417088672656 ], [ 3.147115150527332, 42.375462118973687 ], [ 3.147115256088016, 42.375507149274384 ], [ 3.147115361648943, 42.375552179574704 ], [ 3.147115467210113, 42.375597209874698 ], [ 3.147176199179514, 42.375597131588911 ], [ 3.147236931148673, 42.375597053270951 ], [ 3.147297663117591, 42.375596974920839 ], [ 3.147358395086265, 42.375596896538525 ], [ 3.147419127054696, 42.375596818124087 ], [ 3.147419232833047, 42.375641848423093 ], [ 3.147419338611642, 42.375686878721751 ], [ 3.147419444390478, 42.37573190902004 ], [ 3.147419550169558, 42.37577693931798 ], [ 3.147419655948882, 42.375821969615558 ], [ 3.14748038813401, 42.375821891168336 ], [ 3.147541120318897, 42.375821812688905 ], [ 3.14760185250354, 42.375821734177315 ], [ 3.14766258468794, 42.375821655633565 ], [ 3.147723316872097, 42.375821577057621 ], [ 3.147784049056011, 42.375821498449554 ], [ 3.14784478123968, 42.375821419809284 ], [ 3.147905513423106, 42.375821341136849 ], [ 3.147966245606289, 42.375821262432247 ], [ 3.148026977789229, 42.375821183695471 ], [ 3.148026871576023, 42.375776153399123 ], [ 3.14802676536306, 42.375731123102426 ], [ 3.148026659150343, 42.375686092805353 ], [ 3.14802655293787, 42.375641062507967 ], [ 3.148026446725641, 42.375596032210183 ], [ 3.148087178691396, 42.375595953441845 ], [ 3.148147910656907, 42.375595874641348 ], [ 3.148208642622174, 42.375595795808692 ], [ 3.148269374587198, 42.375595716943856 ], [ 3.148330106551976, 42.375595638046846 ], [ 3.148390838516512, 42.375595559117677 ], [ 3.148451570480802, 42.375595480156342 ], [ 3.148512302444849, 42.375595401162833 ], [ 3.148573034408649, 42.375595322137137 ], [ 3.148633766372206, 42.37559524307931 ], [ 3.148694498335518, 42.375595163989274 ], [ 3.148755230298584, 42.375595084867065 ], [ 3.148815962261406, 42.375595005712732 ], [ 3.148876694223983, 42.375594926526198 ], [ 3.148937426186315, 42.375594847307468 ], [ 3.148998158148401, 42.375594768056629 ], [ 3.149058890110241, 42.375594688773589 ], [ 3.149119622071838, 42.375594609458382 ], [ 3.149180354033188, 42.375594530111009 ], [ 3.149241085994292, 42.375594450731462 ], [ 3.149301817955151, 42.375594371319721 ], [ 3.149362549915763, 42.375594291875842 ], [ 3.14942328187613, 42.375594212399797 ], [ 3.14948401383625, 42.375594132891557 ], [ 3.149544745796125, 42.375594053351179 ], [ 3.149544638499446, 42.375549023056138 ], [ 3.149544531203013, 42.375503992760763 ], [ 3.149544423906828, 42.375458962465039 ], [ 3.149544316610888, 42.375413932168939 ], [ 3.149544209315195, 42.375368901872513 ], [ 3.149604941057887, 42.375368822300565 ], [ 3.149665672800329, 42.375368742696445 ], [ 3.149726404542528, 42.375368663060172 ], [ 3.149787136284479, 42.375368583391733 ], [ 3.149847868026184, 42.375368503691114 ], [ 3.1498477605138, 42.375323473394928 ], [ 3.149847653001665, 42.375278443098388 ], [ 3.149847545489776, 42.375233412801499 ], [ 3.149847437978136, 42.375188382504255 ], [ 3.149847330466742, 42.375143352206642 ], [ 3.149786598941972, 42.375143431906622 ], [ 3.149725867416957, 42.375143511574436 ], [ 3.149665135891693, 42.375143591210097 ], [ 3.149604404366185, 42.3751436708136 ], [ 3.14954367284043, 42.3751437503849 ], [ 3.149482941314429, 42.375143829924049 ], [ 3.149422209788181, 42.375143909431031 ], [ 3.149361478261687, 42.375143988905847 ], [ 3.149300746734947, 42.375144068348476 ], [ 3.149240015207962, 42.375144147758938 ], [ 3.149179283680731, 42.375144227137248 ], [ 3.149118552153253, 42.375144306483378 ], [ 3.14905782062553, 42.375144385797348 ], [ 3.148997089097562, 42.375144465079131 ], [ 3.148936357569348, 42.375144544328748 ], [ 3.148936250709003, 42.375099514028925 ], [ 3.148936143848903, 42.375054483728732 ], [ 3.148936036989046, 42.375009453428198 ], [ 3.148935930129437, 42.374964423127267 ], [ 3.148935823270073, 42.374919392826008 ], [ 3.148875091958547, 42.374919472042855 ], [ 3.148814360646776, 42.374919551227507 ], [ 3.148753629334759, 42.37491963038002 ], [ 3.148692898022498, 42.37491970950034 ], [ 3.148632166709991, 42.374919788588493 ], [ 3.148571435397241, 42.374919867644486 ], [ 3.148510704084244, 42.3749199466683 ], [ 3.148449972771006, 42.374920025659947 ], [ 3.14838924145752, 42.374920104619434 ], [ 3.148328510143792, 42.374920183546742 ], [ 3.148328403718535, 42.374875153243899 ], [ 3.148328297293524, 42.374830122940672 ], [ 3.148328190868755, 42.37478509263709 ], [ 3.148328084444234, 42.37474006233316 ], [ 3.148327978019957, 42.374695032028889 ], [ 3.148388709116755, 42.3746949531022 ], [ 3.148449440213309, 42.374694874143337 ], [ 3.148510171309619, 42.374694795152308 ], [ 3.148570902405686, 42.374694716129099 ], [ 3.148631633501505, 42.374694637073738 ], [ 3.148631526860544, 42.374649606769708 ], [ 3.148631420219826, 42.374604576465316 ], [ 3.148631313579354, 42.374559546160583 ], [ 3.148631206939127, 42.374514515855481 ], [ 3.148631100299145, 42.374469485550051 ], [ 3.148691831177793, 42.374469406463128 ], [ 3.148752562056196, 42.37446932734403 ], [ 3.148813292934354, 42.374469248192774 ], [ 3.148874023812268, 42.374469169009366 ], [ 3.148934754689936, 42.374469089793777 ], [ 3.148934647833272, 42.374424059488597 ], [ 3.148934540976855, 42.374379029183046 ], [ 3.148934434120682, 42.374333998877169 ], [ 3.148934327264755, 42.374288968570895 ], [ 3.148934220409075, 42.374243938264279 ], [ 3.148994951069572, 42.374243859017156 ], [ 3.149055681729824, 42.374243779737839 ], [ 3.149116412389832, 42.374243700426376 ], [ 3.149177143049593, 42.374243621082734 ], [ 3.149237873709107, 42.374243541706925 ], [ 3.149298604368378, 42.374243462298956 ], [ 3.149359335027402, 42.374243382858822 ], [ 3.149420065686179, 42.374243303386486 ], [ 3.149480796344712, 42.374243223882011 ], [ 3.149541527002997, 42.374243144345371 ], [ 3.149602257661035, 42.37424306477655 ], [ 3.14966298831883, 42.37424298517557 ], [ 3.149723718976376, 42.37424290554241 ], [ 3.149784449633677, 42.374242825877076 ], [ 3.149845180290729, 42.374242746179604 ], [ 3.149845072784523, 42.374197715874509 ], [ 3.149844965278563, 42.374152685569051 ], [ 3.14984485777285, 42.374107655263245 ], [ 3.149844750267383, 42.37406262495707 ], [ 3.149844642762166, 42.374017594650546 ], [ 3.149844535257192, 42.373972564343667 ], [ 3.149844427752468, 42.373927534036433 ], [ 3.14984432024799, 42.373882503728844 ], [ 3.149844212743759, 42.373837473420878 ], [ 3.149844105239775, 42.373792443112578 ], [ 3.149843997736038, 42.373747412803922 ], [ 3.149843890232548, 42.373702382494876 ], [ 3.149843782729305, 42.373657352185532 ], [ 3.149843675226308, 42.37361232187579 ], [ 3.149843567723561, 42.373567291565678 ], [ 3.149782837717269, 42.373567371261309 ], [ 3.149722107710729, 42.373567450924746 ], [ 3.149661377703943, 42.373567530556038 ], [ 3.14960064769691, 42.373567610155135 ], [ 3.149539917689631, 42.373567689722066 ], [ 3.149539810404045, 42.373522659411016 ], [ 3.149539703118707, 42.373477629099568 ], [ 3.149539595833614, 42.373432598787787 ], [ 3.149539488548768, 42.373387568475643 ], [ 3.149539381264169, 42.373342538163151 ], [ 3.149478651473559, 42.37334261769729 ], [ 3.149417921682703, 42.37334269719927 ], [ 3.1493571918916, 42.373342776669105 ], [ 3.149296462100253, 42.373342856106753 ], [ 3.14923573230866, 42.373342935512227 ], [ 3.149235625241221, 42.373297905198747 ], [ 3.149235518174026, 42.373252874884919 ], [ 3.149235411107079, 42.373207844570736 ], [ 3.149235304040378, 42.373162814256183 ], [ 3.149235196973924, 42.373117783941261 ], [ 3.149174467398996, 42.373117863313979 ], [ 3.149113737823824, 42.373117942654474 ], [ 3.149053008248407, 42.373118021962846 ], [ 3.148992278672743, 42.373118101239037 ], [ 3.148931549096834, 42.373118180483047 ], [ 3.148931442247536, 42.37307315016718 ], [ 3.148931335398484, 42.373028119850929 ], [ 3.148931228549677, 42.372983089534323 ], [ 3.148931121701116, 42.372938059217368 ], [ 3.148931014852799, 42.372893028900073 ], [ 3.148930908004729, 42.372847998582387 ], [ 3.148930801156903, 42.372802968264352 ], [ 3.148930694309323, 42.372757937945984 ], [ 3.14893058746199, 42.372712907627246 ], [ 3.148930480614902, 42.372667877308139 ], [ 3.148869751472565, 42.372667956518768 ], [ 3.148809022329984, 42.372668035697231 ], [ 3.148748293187159, 42.372668114843499 ], [ 3.148687564044089, 42.372668193957601 ], [ 3.148626834900774, 42.372668273039537 ], [ 3.148626728270837, 42.37262324271947 ], [ 3.148626621641146, 42.372578212399056 ], [ 3.148626515011698, 42.372533182078271 ], [ 3.148626408382496, 42.372488151757118 ], [ 3.148626301753541, 42.372443121435637 ], [ 3.148626195124829, 42.372398091113759 ], [ 3.148626088496362, 42.372353060791539 ], [ 3.148625981868141, 42.372308030468972 ], [ 3.148625875240163, 42.372263000146035 ], [ 3.148625768612432, 42.372217969822771 ] ], [ [ 3.144071631582246, 42.372448960861803 ], [ 3.144071734957636, 42.372493991192471 ], [ 3.144071838333262, 42.372539021522797 ], [ 3.144071941709126, 42.372584051852748 ], [ 3.144072045085227, 42.372629082182343 ], [ 3.144072148461566, 42.372674112511589 ], [ 3.144011419299933, 42.372674189148903 ], [ 3.143950690138062, 42.372674265754036 ], [ 3.143889960975955, 42.372674342327016 ], [ 3.143829231813611, 42.37267441886781 ], [ 3.143768502651028, 42.372674495376472 ], [ 3.143768605810698, 42.372719525705946 ], [ 3.143768708970604, 42.372764556035108 ], [ 3.143768812130749, 42.37280958636385 ], [ 3.143768915291129, 42.372854616692294 ], [ 3.143769018451746, 42.372899647020326 ], [ 3.14370828907202, 42.372899723497397 ], [ 3.143647559692057, 42.372899799942324 ], [ 3.143586830311857, 42.372899876355056 ], [ 3.14352610093142, 42.372899952735629 ], [ 3.143465371550748, 42.372900029084029 ], [ 3.143465268607041, 42.372854998755386 ], [ 3.143465165663569, 42.372809968426367 ], [ 3.143465062720332, 42.372764938096971 ], [ 3.143464959777335, 42.372719907767262 ], [ 3.143464856834572, 42.372674877437142 ], [ 3.143464753892048, 42.372629847106737 ], [ 3.143464650949757, 42.372584816775912 ], [ 3.143464548007705, 42.372539786444761 ], [ 3.14346444506589, 42.372494756113248 ], [ 3.14346434212431, 42.372449725781387 ], [ 3.143525071071169, 42.372449649434181 ], [ 3.143585800017791, 42.372449573054801 ], [ 3.143646528964177, 42.372449496643263 ], [ 3.143707257910326, 42.372449420199544 ], [ 3.143767986856239, 42.372449343723673 ], [ 3.143828715801914, 42.372449267215643 ], [ 3.143889444747352, 42.372449190675418 ], [ 3.143950173692555, 42.372449114103055 ], [ 3.14401090263752, 42.372449037498519 ], [ 3.144071631582246, 42.372448960861803 ] ], [ [ 3.144682554480316, 42.374024254044677 ], [ 3.144682658297863, 42.374069284361667 ], [ 3.14468276211565, 42.374114314678287 ], [ 3.144682865933673, 42.374159344994553 ], [ 3.144682969751935, 42.374204375310455 ], [ 3.144683073570437, 42.37424940562601 ], [ 3.144743804247863, 42.374249328630668 ], [ 3.144804534925052, 42.374249251603111 ], [ 3.144865265602001, 42.374249174543422 ], [ 3.144925996278711, 42.374249097451532 ], [ 3.144986726955183, 42.37424902032749 ], [ 3.144986830990847, 42.374294050642092 ], [ 3.144986935026751, 42.374339080956332 ], [ 3.144987039062893, 42.374384111270217 ], [ 3.144987143099275, 42.37442914158374 ], [ 3.144987247135895, 42.3744741718969 ], [ 3.144987351172755, 42.374519202209704 ], [ 3.144987455209854, 42.374564232522161 ], [ 3.144987559247193, 42.374609262834248 ], [ 3.144987663284769, 42.374654293145994 ], [ 3.144987767322585, 42.374699323457378 ], [ 3.145048498432672, 42.374699246299961 ], [ 3.14510922954252, 42.374699169110364 ], [ 3.145169960652128, 42.374699091888615 ], [ 3.145230691761498, 42.374699014634672 ], [ 3.145291422870628, 42.37469893734859 ], [ 3.145291527125613, 42.374743967659008 ], [ 3.145291631380836, 42.37478899796907 ], [ 3.1452917356363, 42.374834028278784 ], [ 3.145291839892004, 42.374879058588121 ], [ 3.145291944147946, 42.374924088897131 ], [ 3.145231212821886, 42.374924166183831 ], [ 3.145170481495585, 42.374924243438358 ], [ 3.145109750169046, 42.374924320660725 ], [ 3.145049018842268, 42.374924397850918 ], [ 3.14498828751525, 42.374924475008939 ], [ 3.144927556187995, 42.374924552134814 ], [ 3.1448668248605, 42.374924629228495 ], [ 3.144806093532767, 42.374924706290003 ], [ 3.144745362204795, 42.374924783319365 ], [ 3.144684630876586, 42.374924860316533 ], [ 3.144684527054506, 42.374879830006321 ], [ 3.144684423232663, 42.374834799695783 ], [ 3.144684319411061, 42.374789769384847 ], [ 3.144684215589697, 42.37474473907357 ], [ 3.144684111768572, 42.374699708761945 ], [ 3.144623380657054, 42.374699785726349 ], [ 3.144562649545298, 42.374699862658588 ], [ 3.144501918433303, 42.374699939558653 ], [ 3.14444118732107, 42.374700016426566 ], [ 3.1443804562086, 42.374700093262298 ], [ 3.144380352604642, 42.374655062949707 ], [ 3.144380249000922, 42.374610032636745 ], [ 3.144380145397441, 42.37456500232345 ], [ 3.144380041794197, 42.374519972009779 ], [ 3.144379938191191, 42.374474941695773 ], [ 3.144379834588424, 42.374429911381398 ], [ 3.144379730985893, 42.374384881066675 ], [ 3.144379627383602, 42.374339850751596 ], [ 3.144379523781549, 42.374294820436148 ], [ 3.144379420179733, 42.374249790120331 ], [ 3.144379316578156, 42.374204759804179 ], [ 3.144379212976816, 42.374159729487644 ], [ 3.144379109375715, 42.374114699170775 ], [ 3.144379005774851, 42.374069668853579 ], [ 3.144378902174227, 42.374024638535985 ], [ 3.14443963263592, 42.374024561702036 ], [ 3.144500363097377, 42.374024484835964 ], [ 3.144561093558595, 42.374024407937696 ], [ 3.144621824019574, 42.37402433100727 ], [ 3.144682554480316, 42.374024254044677 ] ] ] } }
]
}
