{
"type": "FeatureCollection",
"name": "official_2002",
"crs": { "type": "name", "properties": { "name": "urn:ogc:def:crs:OGC:1.3:CRS84" } },
"features": [
{ "type": "Feature", "properties": { "GRID_CODE": 2, "CODI_FINAL": "2002250008", "MUNICIPI": "Naut Aran", "DATA_INCEN": "29/01/02" }, "geometry": { "type": "MultiPolygon", "coordinates": [ [ [ [ 0.860131994841293, 42.708333351656272 ], [ 0.861352252762809, 42.708356145699355 ], [ 0.861336803183663, 42.708806109782259 ], [ 0.86072666967533, 42.708794714206647 ], [ 0.860703488041914, 42.709469659943437 ], [ 0.860398418089656, 42.709463960803404 ], [ 0.860390689600383, 42.709688942666055 ], [ 0.859780547763106, 42.709677541815992 ], [ 0.859772816984642, 42.709902523579402 ], [ 0.859467745098082, 42.709896821914363 ], [ 0.85946001313063, 42.710121803623139 ], [ 0.859154940293586, 42.710116101102685 ], [ 0.859124007136692, 42.711016027614235 ], [ 0.859734161762795, 42.711027432201426 ], [ 0.859741892984951, 42.710802450488025 ], [ 0.860046969361333, 42.710808151519629 ], [ 0.860023778731136, 42.711483096718688 ], [ 0.859718699053806, 42.71147739555321 ], [ 0.859695504322416, 42.712152340573397 ], [ 0.85939042143432, 42.712146638417067 ], [ 0.859374955696576, 42.712596601625705 ], [ 0.859680040725966, 42.712602303825172 ], [ 0.859672308793843, 42.712827285458552 ], [ 0.85936722266405, 42.712821583214463 ], [ 0.859359489544308, 42.713046564748211 ], [ 0.859054402341845, 42.713040861646327 ], [ 0.859038933632102, 42.713490824684541 ], [ 0.859344023035432, 42.713496527875705 ], [ 0.859336289647844, 42.713721509424424 ], [ 0.859641380179373, 42.713727211847058 ], [ 0.859633647803482, 42.713952193430423 ], [ 0.859328556173034, 42.713946490918175 ], [ 0.859313088954008, 42.714396453965655 ], [ 0.859618182786972, 42.714402156522176 ], [ 0.859579518751073, 42.715527064145121 ], [ 0.859884618175446, 42.715532766112737 ], [ 0.859876886190031, 42.71575774766071 ], [ 0.859571785665089, 42.715752045648479 ], [ 0.859556319228367, 42.716202008580169 ], [ 0.859861421954481, 42.71620771068168 ], [ 0.859853689702799, 42.71643269219966 ], [ 0.860158793679289, 42.716438393534823 ], [ 0.860143331112448, 42.716888356585009 ], [ 0.859533118906738, 42.716876952925205 ], [ 0.859517651580757, 42.71732691580187 ], [ 0.859822759871039, 42.717332618127678 ], [ 0.859807294392854, 42.717782581008613 ], [ 0.859502183901223, 42.717776878593533 ], [ 0.859494449927505, 42.718001859996861 ], [ 0.859189338423957, 42.717996156725022 ], [ 0.859181603262315, 42.718221138028696 ], [ 0.859486715865019, 42.718226841390198 ], [ 0.859471247475254, 42.718676804101833 ], [ 0.859166132669553, 42.718671100696049 ], [ 0.859158397239979, 42.718896082014751 ], [ 0.858853281422321, 42.718890377752132 ], [ 0.858806860378498, 42.720240265096237 ], [ 0.859417105312043, 42.72025167334499 ], [ 0.859409370361703, 42.72047665463829 ], [ 0.860324741730427, 42.720493761053689 ], [ 0.860332473378266, 42.720268779626494 ], [ 0.860637596181959, 42.720274480139736 ], [ 0.860629865636503, 42.720499461566547 ], [ 0.860934989692349, 42.720505161268328 ], [ 0.860927260157443, 42.720730142774748 ], [ 0.860622135000759, 42.720724443028345 ], [ 0.860614404276272, 42.720949424480153 ], [ 0.86091953053382, 42.720955124271157 ], [ 0.860911800821465, 42.721180105757554 ], [ 0.861216928268631, 42.721185804780937 ], [ 0.861209199569979, 42.721410786256953 ], [ 0.86151432820521, 42.721416484557658 ], [ 0.861498872742012, 42.721866447613912 ], [ 0.862109134685312, 42.721877841866949 ], [ 0.862093683269472, 42.722327805106531 ], [ 0.862703949971269, 42.722339196288807 ], [ 0.862719396922338, 42.721889232869756 ], [ 0.863329659573478, 42.721900620669622 ], [ 0.863314216966701, 42.722350584220806 ], [ 0.862703949971269, 42.722339196288807 ], [ 0.862696226332232, 42.722564177982768 ], [ 0.863001360856067, 42.722569872398907 ], [ 0.862993638230883, 42.72279485408243 ], [ 0.864824454144571, 42.722829003839145 ], [ 0.864847601939916, 42.72215405786671 ], [ 0.864542469025264, 42.722148368412242 ], [ 0.864557902648857, 42.721698404439699 ], [ 0.864252772085677, 42.72169271426317 ], [ 0.864260489863968, 42.721467732351428 ], [ 0.863650231084731, 42.721456349603379 ], [ 0.863688829660672, 42.720331440205207 ], [ 0.863993953502391, 42.720337131740123 ], [ 0.864001671851513, 42.720112149767935 ], [ 0.864306794619968, 42.720117840444956 ], [ 0.86431451177812, 42.719892858463226 ], [ 0.864009390110489, 42.719887167830763 ], [ 0.864017108221384, 42.719662185837457 ], [ 0.864322228849228, 42.719667876426506 ], [ 0.864329945831752, 42.719442894379796 ], [ 0.863109468316246, 42.71942012732962 ], [ 0.863101746932074, 42.719645109153134 ], [ 0.862796626658698, 42.719639415315243 ], [ 0.862781181419725, 42.720089378933132 ], [ 0.863391426458362, 42.720100765974976 ], [ 0.863375985269691, 42.720550729686131 ], [ 0.863070860504378, 42.7205450364822 ], [ 0.863078582243102, 42.720320054698675 ], [ 0.862773458668809, 42.720314360682103 ], [ 0.862781181419725, 42.720089378933132 ], [ 0.862170936798254, 42.720077988598561 ], [ 0.862186386377916, 42.719628025202816 ], [ 0.862796626658698, 42.719639415315243 ], [ 0.862804349143666, 42.719414433536279 ], [ 0.862499230061278, 42.719408738885747 ], [ 0.86250695355838, 42.719183757141373 ], [ 0.862201835663898, 42.719178061768211 ], [ 0.862194111066015, 42.719403043468034 ], [ 0.861888992220442, 42.71939734723923 ], [ 0.861896717920649, 42.719172365539002 ], [ 0.861591600203511, 42.719166668541469 ], [ 0.861599326914255, 42.718941686920829 ], [ 0.861904443530626, 42.718947383873797 ], [ 0.861912169053466, 42.718722402153581 ], [ 0.862217284596741, 42.718728098248619 ], [ 0.862225008930158, 42.71850311647384 ], [ 0.86253012352084, 42.718508811758241 ], [ 0.862537846664859, 42.718283829928879 ], [ 0.862232733173363, 42.718278134734035 ], [ 0.862240457329445, 42.718053152939227 ], [ 0.862850682199646, 42.718064542427605 ], [ 0.862835238201711, 42.7185145061855 ], [ 0.86253012352084, 42.718508811758241 ], [ 0.862514676968379, 42.718958775342003 ], [ 0.863124910821778, 42.718970163562602 ], [ 0.863132631940051, 42.718745181709082 ], [ 0.86557356202928, 42.718790701791441 ], [ 0.865565849717111, 42.719015684001228 ], [ 0.866481203224868, 42.719032740791953 ], [ 0.866504329992062, 42.718357793642063 ], [ 0.865588986330091, 42.718340737250699 ], [ 0.865596698378216, 42.718115754965922 ], [ 0.8649864719743, 42.71810438009765 ], [ 0.864994186135331, 42.717879397891899 ], [ 0.864689074136408, 42.717873709283467 ], [ 0.864719934296225, 42.716973780583601 ], [ 0.864414826788581, 42.716968091341101 ], [ 0.864407110780418, 42.717193073497796 ], [ 0.863796893829544, 42.717181692487365 ], [ 0.863827766134363, 42.716281764201966 ], [ 0.861997143886336, 42.716247602705081 ], [ 0.862004868345077, 42.716022620864862 ], [ 0.862309970741313, 42.716028316426055 ], [ 0.86231769400925, 42.715803334576272 ], [ 0.863538100017208, 42.715826108520638 ], [ 0.863530381150097, 42.716051090593687 ], [ 0.864140586917444, 42.716062472782944 ], [ 0.864148303583361, 42.715837490620792 ], [ 0.864758507502282, 42.715848869517551 ], [ 0.864743078485834, 42.716298833964963 ], [ 0.865048182780122, 42.716304522261716 ], [ 0.865040469238921, 42.716529504537441 ], [ 0.865650680233329, 42.71654087878251 ], [ 0.865666102823172, 42.716090914088007 ], [ 0.865971206282421, 42.716096599903899 ], [ 0.865978916344729, 42.715871617474669 ], [ 0.865368711715944, 42.71586024511975 ], [ 0.865384135975853, 42.715410280454272 ], [ 0.865079036057972, 42.71540459310382 ], [ 0.865102175086326, 42.714729646141684 ], [ 0.864491981994368, 42.714718269359395 ], [ 0.864484266871863, 42.714943251616056 ], [ 0.863874071934605, 42.714931871451412 ], [ 0.863881789256647, 42.714706889328824 ], [ 0.864186885581215, 42.714712579750142 ], [ 0.864194601715684, 42.714487597528027 ], [ 0.864499697028313, 42.714493287092736 ], [ 0.864507411973701, 42.714268304816073 ], [ 0.865422695078772, 42.714285368548154 ], [ 0.865430406634103, 42.714060386127947 ], [ 0.865125313256864, 42.714054699088443 ], [ 0.865133025824165, 42.713829716702755 ], [ 0.864522841597263, 42.713818340277776 ], [ 0.864515126828988, 42.714043322574433 ], [ 0.864210033717366, 42.714037633098769 ], [ 0.864217749586126, 42.713812650846663 ], [ 0.863912657663568, 42.713806960603485 ], [ 0.863920374544233, 42.713581978385903 ], [ 0.864225465366319, 42.713587668584545 ], [ 0.864233181057958, 42.713362686312443 ], [ 0.864843360765365, 42.713374064229512 ], [ 0.864851074167531, 42.713149081858354 ], [ 0.865156162993357, 42.713154769530703 ], [ 0.865163875206549, 42.712929787105018 ], [ 0.865774051043374, 42.712941159971869 ], [ 0.865758630931788, 42.713391124946263 ], [ 0.865453540767462, 42.713385438852335 ], [ 0.865445829477669, 42.713610421302533 ], [ 0.865750920742471, 42.713616107440977 ], [ 0.865743210464652, 42.713841089925694 ], [ 0.866048302918435, 42.713846775296567 ], [ 0.866032884299821, 42.714296740279998 ], [ 0.86694816873249, 42.71431379183116 ], [ 0.866917343700785, 42.7152137222131 ], [ 0.867222443049056, 42.715219404646504 ], [ 0.867214737656071, 42.715444387238676 ], [ 0.867519838255928, 42.715450068860619 ], [ 0.867504429402707, 42.715900034193965 ], [ 0.86811463527008, 42.715911395179369 ], [ 0.868091527932244, 42.716586343326185 ], [ 0.869006847239467, 42.716603379157341 ], [ 0.868999147918133, 42.716828362001316 ], [ 0.869304255652165, 42.716834039017243 ], [ 0.869288858947244, 42.717284004719048 ], [ 0.869593968970994, 42.717289681011721 ], [ 0.869586271585901, 42.717514663914571 ], [ 0.869891382798695, 42.717520339439488 ], [ 0.869883686425952, 42.717745322376764 ], [ 0.870493911318007, 42.71775667107898 ], [ 0.870486217058351, 42.717981654095091 ], [ 0.870791330676567, 42.717987327271224 ], [ 0.870783637429336, 42.718212310321732 ], [ 0.870478522710383, 42.718206637101218 ], [ 0.870470828275629, 42.718431620052336 ], [ 0.870165712483237, 42.71842594597409 ], [ 0.870150321144136, 42.718875911847555 ], [ 0.871370793588767, 42.718898603641549 ], [ 0.871378484899386, 42.718673620532201 ], [ 0.871988719478907, 42.718684961512785 ], [ 0.871996408499703, 42.718459978304686 ], [ 0.872606641171266, 42.718471315901624 ], [ 0.87259126744451, 42.718921282485319 ], [ 0.873506623809804, 42.718938283057149 ], [ 0.873514307414948, 42.718713299637223 ], [ 0.875345015859358, 42.718747278629195 ], [ 0.875352692771638, 42.718522294933351 ], [ 0.875657810062333, 42.718527955249357 ], [ 0.875673161420997, 42.718077987739079 ], [ 0.875368046330292, 42.718072327556662 ], [ 0.875360369594258, 42.718297311272508 ], [ 0.87505525349092, 42.718291650233581 ], [ 0.875062931327707, 42.718066666562081 ], [ 0.87414758685036, 42.718049678660229 ], [ 0.874139905711315, 42.71827466219878 ], [ 0.872919443298639, 42.718252000176179 ], [ 0.872927128840677, 42.718027016815022 ], [ 0.87231690039564, 42.718015681019907 ], [ 0.872324588050921, 42.71779069773747 ], [ 0.872629701098083, 42.717796365996165 ], [ 0.872637387564398, 42.717571382659365 ], [ 0.872942499660099, 42.717577050062687 ], [ 0.872950184935936, 42.717352066716522 ], [ 0.873255296019139, 42.717357733263327 ], [ 0.873270664107851, 42.716907766362368 ], [ 0.874185991219966, 42.716924760907617 ], [ 0.87417831052177, 42.717149744496112 ], [ 0.873873200337236, 42.717144080386269 ], [ 0.873865518450173, 42.717369063920444 ], [ 0.873255296019139, 42.717357733263327 ], [ 0.873239927579137, 42.717807700079334 ], [ 0.873850154411501, 42.717819030958829 ], [ 0.873857836474928, 42.717594047444628 ], [ 0.876298738407435, 42.717639337983783 ], [ 0.876291065149829, 42.717864321852488 ], [ 0.876901293746398, 42.717875636443438 ], [ 0.876908964802523, 42.717650652486185 ], [ 0.87751919148882, 42.717661963738777 ], [ 0.87751152263416, 42.71788694778455 ], [ 0.877816637240614, 42.717892602237406 ], [ 0.87782430499299, 42.717667618192344 ], [ 0.878129418586724, 42.717673271788762 ], [ 0.878121751935088, 42.717898255878062 ], [ 0.878426866716025, 42.717903908751538 ], [ 0.878419201077135, 42.718128892875114 ], [ 0.879029433045022, 42.71814019622785 ], [ 0.879021769519672, 42.71836518042992 ], [ 0.879326886767628, 42.718370830910295 ], [ 0.879319224253557, 42.718595815191598 ], [ 0.879929461214891, 42.718607113804197 ], [ 0.879906479749772, 42.719282066853495 ], [ 0.882042334939843, 42.719321587339955 ], [ 0.882034681981478, 42.719546571979087 ], [ 0.88233980555153, 42.719552214557162 ], [ 0.882347457407519, 42.719327229918854 ], [ 0.882957702731477, 42.719338512552213 ], [ 0.882973001778162, 42.718888543024057 ], [ 0.883888363756664, 42.718905460616405 ], [ 0.883880717578925, 42.719130445540394 ], [ 0.88479608371089, 42.719147355956252 ], [ 0.8847884407479, 42.719372341002632 ], [ 0.886619181922863, 42.719406140212541 ], [ 0.886611545478828, 42.719631125468503 ], [ 0.887221795398589, 42.719642385491284 ], [ 0.887237063798624, 42.719192414703151 ], [ 0.887542186719531, 42.719198043386129 ], [ 0.887565085358315, 42.718523087041966 ], [ 0.887259965739901, 42.718517458491156 ], [ 0.887275233262078, 42.718067487648284 ], [ 0.887580350678901, 42.718073116110986 ], [ 0.887603248003436, 42.717398159617197 ], [ 0.887908362205577, 42.717403787135559 ], [ 0.887954147884874, 42.71605387361447 ], [ 0.888564363282403, 42.716065125685041 ], [ 0.888579620071594, 42.715615154270388 ], [ 0.887969409078231, 42.715603902330976 ], [ 0.887992300209812, 42.714928945375959 ], [ 0.888297402331078, 42.714934571596551 ], [ 0.888305031431476, 42.71470958591091 ], [ 0.887999930412341, 42.714703959689331 ], [ 0.888015190553112, 42.71425398833118 ], [ 0.888320289372607, 42.71425961441966 ], [ 0.888335546961928, 42.713809642933541 ], [ 0.886199872169362, 42.713770243826275 ], [ 0.886192235715409, 42.713995229243437 ], [ 0.885887138548797, 42.713989597513248 ], [ 0.885871863173734, 42.714439568319477 ], [ 0.884956565659171, 42.714422667947964 ], [ 0.884948924538392, 42.714647653203833 ], [ 0.884643824420843, 42.714642018092995 ], [ 0.8846514666422, 42.714417032881229 ], [ 0.884346367712953, 42.714411397002394 ], [ 0.884338724391021, 42.714636382170042 ], [ 0.884033624450475, 42.714630745390011 ], [ 0.884048913206212, 42.714180775177958 ], [ 0.884354010947149, 42.714186411824784 ], [ 0.88436929715081, 42.713736441484585 ], [ 0.883759106160371, 42.713725167510376 ], [ 0.88375146090057, 42.713950152619717 ], [ 0.883446364496698, 42.713944514393987 ], [ 0.883454010857034, 42.713719529328785 ], [ 0.88284382039165, 42.713708250527127 ], [ 0.882859117249537, 42.713258280588356 ], [ 0.882554024351081, 42.713252640012719 ], [ 0.882561673748062, 42.713027655095019 ], [ 0.882256582036386, 42.713022013796476 ], [ 0.882264232447572, 42.712797028867939 ], [ 0.8819591419852, 42.712791386802664 ], [ 0.881966793409037, 42.712566401908305 ], [ 0.881356614826677, 42.712555115427669 ], [ 0.881364268363589, 42.71233013061169 ], [ 0.881059180304643, 42.712324486197467 ], [ 0.881051525667282, 42.712549470969279 ], [ 0.880441347674628, 42.712538179572554 ], [ 0.8804643179242, 42.711863225537343 ], [ 0.881379575173871, 42.711880160949768 ], [ 0.881371921812661, 42.712105145785713 ], [ 0.882287183152711, 42.712122074067494 ], [ 0.882310133069067, 42.711447119132245 ], [ 0.881699965376334, 42.711435834718436 ], [ 0.881707617373612, 42.711210849808381 ], [ 0.88140253472888, 42.711205206427074 ], [ 0.88141018773717, 42.710980221596223 ], [ 0.880800024913508, 42.710968932440984 ], [ 0.880792369702941, 42.711193917228478 ], [ 0.88048728738279, 42.711188271412318 ], [ 0.880479630983969, 42.711413256145633 ], [ 0.879869464286068, 42.711401961941661 ], [ 0.879877122884123, 42.711176977341751 ], [ 0.880182205089515, 42.711182624783021 ], [ 0.880243461915939, 42.70938274700071 ], [ 0.880548535406615, 42.709388393276441 ], [ 0.880556191014531, 42.7091634084533 ], [ 0.880251118624124, 42.709157762221764 ], [ 0.880274088219839, 42.708482807870034 ], [ 0.880579157309513, 42.708488453968982 ], [ 0.880586812565944, 42.708263469105916 ], [ 0.880281744576489, 42.708257823051163 ], [ 0.880289400845259, 42.708032838222302 ], [ 0.8799843340439, 42.708027191399843 ], [ 0.879991991324985, 42.707802206605216 ], [ 0.879686925711698, 42.707796559015065 ], [ 0.879702242209007, 42.707346589529244 ], [ 0.879397178883978, 42.707340941215634 ], [ 0.879412497231508, 42.706890971733316 ], [ 0.879107436255687, 42.706885322697346 ], [ 0.87909977602574, 42.707110307399283 ], [ 0.87848965201711, 42.707099006756032 ], [ 0.878497314445798, 42.706874022187549 ], [ 0.877582132453175, 42.706857065289952 ], [ 0.877574466722553, 42.70708204977069 ], [ 0.876964343592093, 42.70707074105367 ], [ 0.876972011522978, 42.706845756661444 ], [ 0.876666951189885, 42.706840101129401 ], [ 0.876682288987841, 42.70639013240352 ], [ 0.876072172986188, 42.706378819080911 ], [ 0.876064501931017, 42.706603803360295 ], [ 0.875759443023165, 42.706598145438043 ], [ 0.875767115178435, 42.706373161202976 ], [ 0.876072172986188, 42.706378819080911 ], [ 0.876079843953311, 42.706153834791557 ], [ 0.878520301208783, 42.706199068287262 ], [ 0.878527963285682, 42.705974083678861 ], [ 0.878833019746228, 42.705979734162774 ], [ 0.878840680636642, 42.705754749455174 ], [ 0.87853562527617, 42.705749099015485 ], [ 0.878543287178714, 42.705524114342118 ], [ 0.878238233006233, 42.705518463134815 ], [ 0.878245895920884, 42.705293478495719 ], [ 0.877940842936403, 42.705287826520824 ], [ 0.877948506863143, 42.705062841915975 ], [ 0.877643455127675, 42.705057189174624 ], [ 0.877651120066458, 42.704832204604052 ], [ 0.876125867965062, 42.704803928936897 ], [ 0.876133538315885, 42.704578944577662 ], [ 0.875523440267113, 42.704567628716241 ], [ 0.875531112729871, 42.704342644435592 ], [ 0.875226064937553, 42.70433698533148 ], [ 0.875233738412221, 42.704112001085136 ], [ 0.874928691807948, 42.704106341213524 ], [ 0.874921017234844, 42.704331325370589 ], [ 0.874310922151655, 42.704320003104513 ], [ 0.874303245288964, 42.704544987207953 ], [ 0.873693148297242, 42.704533661604927 ], [ 0.873685469147991, 42.704758645564723 ], [ 0.873380419684352, 42.704752981501201 ], [ 0.873372739345422, 42.704977965451654 ], [ 0.872457588244452, 42.704960968258312 ], [ 0.872449904518867, 42.705185952020756 ], [ 0.872144853207907, 42.705180284621285 ], [ 0.872137168292557, 42.705405268374378 ], [ 0.87183211596978, 42.705399600118724 ], [ 0.8718244298662, 42.70562458381746 ], [ 0.871519376533135, 42.705618914660619 ], [ 0.871504001861208, 42.706068881939373 ], [ 0.870588835849113, 42.706051869422701 ], [ 0.870596526527824, 42.705826885966459 ], [ 0.869071257004167, 42.705798515785474 ], [ 0.869063560823659, 42.706023499064635 ], [ 0.868758506144539, 42.706017822558671 ], [ 0.868750808777176, 42.706242805738384 ], [ 0.868140697361859, 42.706231450199788 ], [ 0.868156096411527, 42.705781483918095 ], [ 0.868461149873366, 42.705787162049425 ], [ 0.868468848165607, 42.705562178849142 ], [ 0.8687739006173, 42.70556785607922 ], [ 0.868781597721161, 42.705342872824509 ], [ 0.869086649100176, 42.705348549197204 ], [ 0.869094345014142, 42.70512356593305 ], [ 0.869399395442492, 42.705129241450642 ], [ 0.869422479359066, 42.704454291330002 ], [ 0.868812385251634, 42.704442939750749 ], [ 0.868827778486047, 42.703992973176412 ], [ 0.868217689072299, 42.703981618481613 ], [ 0.868209990298602, 42.704206601707398 ], [ 0.867904944623563, 42.704200923120403 ], [ 0.867897244661545, 42.704425906291746 ], [ 0.867592197974918, 42.704420226848498 ], [ 0.867599899036892, 42.704195243721607 ], [ 0.866989808191282, 42.704183882444852 ], [ 0.866982104929403, 42.704408865482812 ], [ 0.866677058507999, 42.7044031836042 ], [ 0.866669354057739, 42.704628166587703 ], [ 0.866364306624789, 42.704622483852837 ], [ 0.866372012175011, 42.704397500913835 ], [ 0.865151827790165, 42.704374761990636 ], [ 0.865144117840104, 42.704599744751668 ], [ 0.864534023947397, 42.704588370352297 ], [ 0.864526311708906, 42.704813353014295 ], [ 0.86391621597187, 42.704801975233714 ], [ 0.863923930408751, 42.704576992705789 ], [ 0.863313837286846, 42.704565611768274 ], [ 0.863306120648494, 42.704790594252131 ], [ 0.863611168235403, 42.704796285148255 ], [ 0.863588021090421, 42.705471232628476 ], [ 0.862977919344244, 42.705459849756011 ], [ 0.862970201251593, 42.705684832155328 ], [ 0.862360097598713, 42.705673445945386 ], [ 0.86238325821091, 42.704998498984821 ], [ 0.861773161512454, 42.70498710979507 ], [ 0.861765439197036, 42.705212092036106 ], [ 0.861460389880771, 42.705206396178959 ], [ 0.86146811329617, 42.704981413982516 ], [ 0.859942873607284, 42.704952922699 ], [ 0.859927415687996, 42.705402886635873 ], [ 0.860232465660873, 42.705408586596612 ], [ 0.860217009588297, 42.705858550537734 ], [ 0.859911957415406, 42.705852850487773 ], [ 0.859896498786413, 42.706302814344639 ], [ 0.860201553159369, 42.706308514483844 ], [ 0.860193824811848, 42.706533496441885 ], [ 0.860498880373571, 42.706539195813868 ], [ 0.860491153037412, 42.706764177806534 ], [ 0.859575983319738, 42.70674707707623 ], [ 0.859552790879836, 42.707422022547654 ], [ 0.859857850662903, 42.707427723766791 ], [ 0.859850120773277, 42.70765270558524 ], [ 0.860155181745194, 42.707658406037119 ], [ 0.860147452866971, 42.70788338789017 ], [ 0.860452515029261, 42.707889087529836 ], [ 0.860444787160919, 42.708114069462489 ], [ 0.860139723898489, 42.70810836977823 ], [ 0.860131994841293, 42.708333351656272 ] ], [ [ 0.880113284436856, 42.713207486490845 ], [ 0.880105626146534, 42.713432471090123 ], [ 0.880410719444217, 42.71343811816142 ], [ 0.880418376634043, 42.713213133517925 ], [ 0.881028561229533, 42.713224425179796 ], [ 0.881043870943586, 42.712774455686116 ], [ 0.881654051549637, 42.712785743924172 ], [ 0.88162344057707, 42.71368568313509 ], [ 0.881318345827369, 42.713680039267857 ], [ 0.881310691763324, 42.713905024023965 ], [ 0.880395404800879, 42.713888087418482 ], [ 0.880403062166497, 42.713663102794946 ], [ 0.880097967768304, 42.713657455679446 ], [ 0.880105626146534, 42.713432471090123 ], [ 0.879800532936769, 42.713426823206788 ], [ 0.879808192327587, 42.713201838651699 ], [ 0.880113284436856, 42.713207486490845 ] ], [ [ 0.882462224724346, 42.715952458651863 ], [ 0.882454574184267, 42.716177443484845 ], [ 0.885200542088621, 42.71622818423193 ], [ 0.885185260558785, 42.716678154617277 ], [ 0.884575040485466, 42.71666688441492 ], [ 0.884567397386811, 42.716891869526911 ], [ 0.884262286350544, 42.716886233162839 ], [ 0.884269930549902, 42.716661248094937 ], [ 0.883659710942007, 42.716649973018505 ], [ 0.88365206454278, 42.716874957953124 ], [ 0.882431622038618, 42.716852397878924 ], [ 0.882439272842164, 42.716627413075869 ], [ 0.8821341635211, 42.716621771070805 ], [ 0.882141815337503, 42.716396786301942 ], [ 0.881836707265969, 42.716391143530004 ], [ 0.881852012835064, 42.715941174095661 ], [ 0.882462224724346, 42.715952458651863 ] ] ], [ [ [ 0.886916934919012, 42.710631706190782 ], [ 0.886901668777615, 42.711081677515672 ], [ 0.887511835049486, 42.711092934189828 ], [ 0.88753472753023, 42.710417976855709 ], [ 0.887839807526181, 42.710423603865721 ], [ 0.887855066541374, 42.709973632171668 ], [ 0.887549988744582, 42.709968005294733 ], [ 0.887565249610114, 42.709518033648905 ], [ 0.887870325204747, 42.709523660482731 ], [ 0.887893212545325, 42.708848702807046 ], [ 0.88758814025001, 42.708843076150345 ], [ 0.887595770287129, 42.708618090327526 ], [ 0.88729069918118, 42.708612462857936 ], [ 0.887283068042276, 42.708837448681678 ], [ 0.886977995983152, 42.708831820402231 ], [ 0.886970363656385, 42.709056806171944 ], [ 0.887275436815778, 42.709062434495472 ], [ 0.887260174101528, 42.709512406048106 ], [ 0.886650023408175, 42.709501148411761 ], [ 0.886642389718276, 42.709726134107513 ], [ 0.886337313372222, 42.709720504026755 ], [ 0.886322043530434, 42.710170475255197 ], [ 0.886016965071358, 42.710164844274331 ], [ 0.886001692678321, 42.710614815374718 ], [ 0.886306773336568, 42.710620446488718 ], [ 0.886314408477321, 42.710395460876939 ], [ 0.886619488124367, 42.710401091089892 ], [ 0.88661185408397, 42.71062607674574 ], [ 0.886916934919012, 42.710631706190782 ] ] ], [ [ [ 0.871565498428286, 42.704269012674601 ], [ 0.871870545162878, 42.704274681520204 ], [ 0.871862859500382, 42.704499665268891 ], [ 0.873083051659623, 42.704522332709715 ], [ 0.873098414095128, 42.704072364892525 ], [ 0.872793368168735, 42.704066699339542 ], [ 0.872808732453017, 42.70361673152609 ], [ 0.871588558186347, 42.703594061501725 ], [ 0.871565498428286, 42.704269012674601 ] ] ], [ [ [ 0.866596829098609, 42.715658004097918 ], [ 0.866589121325991, 42.715882986626141 ], [ 0.866894223950103, 42.715888669961238 ], [ 0.866886517191158, 42.71611365247896 ], [ 0.86749672484344, 42.716125016845616 ], [ 0.867504429402707, 42.715900034193965 ], [ 0.867199326601668, 42.715894352483069 ], [ 0.867207032173095, 42.715669369865878 ], [ 0.866596829098609, 42.715658004097918 ] ] ], [ [ [ 0.866291727663556, 42.715652319995222 ], [ 0.866596829098609, 42.715658004097918 ], [ 0.866604536782752, 42.715433021559683 ], [ 0.866299436448281, 42.715427337501481 ], [ 0.866291727663556, 42.715652319995222 ] ] ], [ [ [ 0.886901668777615, 42.711081677515672 ], [ 0.88659658574182, 42.711076047982509 ], [ 0.886588951438537, 42.711301033608429 ], [ 0.886894035574726, 42.711306663185667 ], [ 0.886901668777615, 42.711081677515672 ] ] ], [ [ [ 0.860131994841293, 42.708333351656272 ], [ 0.859826930567414, 42.708327651115496 ], [ 0.859819200322885, 42.708552632893927 ], [ 0.860124265695384, 42.708558333524302 ], [ 0.860131994841293, 42.708333351656272 ] ] ], [ [ [ 0.865978916344729, 42.715871617474669 ], [ 0.866284018791886, 42.715877302433967 ], [ 0.866291727663556, 42.715652319995222 ], [ 0.865986626316993, 42.715646635080404 ], [ 0.865978916344729, 42.715871617474669 ] ] ] ] } },
{ "type": "Feature", "properties": { "GRID_CODE": 2, "CODI_FINAL": "2002250054", "MUNICIPI": "Alins", "DATA_INCEN": "22/03/02" }, "geometry": { "type": "MultiPolygon", "coordinates": [ [ [ [ 1.320499354207155, 42.582505075031278 ], [ 1.321717482144416, 42.582522921748364 ], [ 1.321711446808567, 42.58274796910748 ], [ 1.322015980075795, 42.582752428788154 ], [ 1.322028048489674, 42.582302333990448 ], [ 1.321723517411048, 42.582297874379648 ], [ 1.321729552608464, 42.582072827001383 ], [ 1.321425022693346, 42.582068366616525 ], [ 1.321431058914608, 42.581843319308646 ], [ 1.320822001542697, 42.581834396137737 ], [ 1.320828039883242, 42.581609348890183 ], [ 1.320523512364352, 42.58160488614827 ], [ 1.320535591027369, 42.581154791649354 ], [ 1.319317490460555, 42.581136932827604 ], [ 1.319311446786169, 42.58136197996447 ], [ 1.319006920707968, 42.581357513212659 ], [ 1.319012965476578, 42.58113246611078 ], [ 1.318403915716586, 42.581123530250288 ], [ 1.318422056170458, 42.580448389142262 ], [ 1.317813013313942, 42.580439450256883 ], [ 1.317819062181946, 42.58021440325674 ], [ 1.316905501608642, 42.580200988965345 ], [ 1.316911553689742, 42.579975942060727 ], [ 1.316302515903765, 42.579966995226094 ], [ 1.316308570102527, 42.579741948426992 ], [ 1.315090499619828, 42.579724045144104 ], [ 1.315096558125661, 42.579498998475657 ], [ 1.314487525550896, 42.579490042029271 ], [ 1.314481464855607, 42.579715088672572 ], [ 1.312654362110918, 42.579688199797218 ], [ 1.312648294781335, 42.579913246220329 ], [ 1.312343776796197, 42.57990876188213 ], [ 1.312349845219908, 42.579683715494156 ], [ 1.310827261871156, 42.579661281801066 ], [ 1.310833335694633, 42.579436235624222 ], [ 1.310224305066914, 42.579427256573503 ], [ 1.31021822905523, 42.57965230268001 ], [ 1.309000164198741, 42.57963433473013 ], [ 1.308994083740901, 42.579859380686308 ], [ 1.308385049512307, 42.579850391787083 ], [ 1.308391132159608, 42.579625345856286 ], [ 1.308086616244057, 42.579620850228522 ], [ 1.308092699914475, 42.579395804368367 ], [ 1.307483670541802, 42.579386810757462 ], [ 1.30748975627095, 42.579161764912286 ], [ 1.307185242813837, 42.579157266929187 ], [ 1.307191329628162, 42.578932221110541 ], [ 1.305973280630566, 42.57891422122659 ], [ 1.305955006911283, 42.579589358186659 ], [ 1.306259522277277, 42.579593859475835 ], [ 1.30625343197241, 42.579818905114998 ], [ 1.306557948563265, 42.57982340563143 ], [ 1.306551859281467, 42.580048451341256 ], [ 1.306856377036278, 42.580052951084042 ], [ 1.306850288778781, 42.580277996819547 ], [ 1.307154807697539, 42.580282495788637 ], [ 1.307148720465586, 42.580507541504794 ], [ 1.307757760700841, 42.580516537086702 ], [ 1.307751675586185, 42.580741582908743 ], [ 1.308665239684006, 42.580755070319363 ], [ 1.308653075811652, 42.581205162101 ], [ 1.309262123308428, 42.581214149849821 ], [ 1.309256043456643, 42.58143919577418 ], [ 1.31016961844705, 42.581452671412393 ], [ 1.310163541808196, 42.581677717432747 ], [ 1.313208807330448, 42.581722583892073 ], [ 1.313202741563073, 42.581947630299268 ], [ 1.314116325896473, 42.581961074554535 ], [ 1.314110263342304, 42.582186121057482 ], [ 1.315632910698761, 42.582208512144511 ], [ 1.31562685348552, 42.582433558812355 ], [ 1.31654044605126, 42.58244698390746 ], [ 1.31653439211233, 42.582672030671787 ], [ 1.316838924140242, 42.58267650410464 ], [ 1.316832871226184, 42.582901550894448 ], [ 1.317441937800683, 42.582910495404995 ], [ 1.317435887005842, 42.583135542255292 ], [ 1.317740421430598, 42.583140013331189 ], [ 1.317716221934667, 42.584040200776762 ], [ 1.31802076080621, 42.584044671183676 ], [ 1.318008662830715, 42.584494764919086 ], [ 1.318313204021324, 42.584499234587902 ], [ 1.318307156023922, 42.584724281476277 ], [ 1.318611698317393, 42.584728750370125 ], [ 1.31860565134505, 42.584953797283937 ], [ 1.318910194863196, 42.584958265404609 ], [ 1.318904148915935, 42.585183312343851 ], [ 1.319208693597869, 42.585187779690465 ], [ 1.319202648614805, 42.585412826654235 ], [ 1.320116286359868, 42.585426223944559 ], [ 1.320110244651779, 42.585651271004586 ], [ 1.320414791738956, 42.585655735183948 ], [ 1.320420832352579, 42.585430688088962 ], [ 1.321334470927857, 42.585444075715309 ], [ 1.321340508188837, 42.58521902850589 ], [ 1.321645053425045, 42.585223489379892 ], [ 1.321669197398865, 42.584323300306828 ], [ 1.320755575091992, 42.584309915677814 ], [ 1.320761614195563, 42.584084868490478 ], [ 1.319238917168719, 42.584062544723707 ], [ 1.319244961735826, 42.583837497702532 ], [ 1.318940423620326, 42.583833030565856 ], [ 1.318946469151561, 42.58360798356923 ], [ 1.320773692255836, 42.58363477408799 ], [ 1.320767653290785, 42.583859821294467 ], [ 1.321072191761123, 42.583864283575998 ], [ 1.321078229631806, 42.583639236334584 ], [ 1.321382767137923, 42.583643697773034 ], [ 1.321388803843808, 42.58341865053211 ], [ 1.321084267494154, 42.583414189084493 ], [ 1.321090305226346, 42.583189141823929 ], [ 1.320785769978162, 42.583184679646344 ], [ 1.320791808735438, 42.582959632411153 ], [ 1.32048727471175, 42.582955169460405 ], [ 1.320499354207155, 42.582505075031278 ] ] ], [ [ [ 1.313981551505279, 42.575655289498165 ], [ 1.314286049050614, 42.575659769170038 ], [ 1.314298170057573, 42.575209675599496 ], [ 1.310948725059412, 42.575160355949471 ], [ 1.310954797489939, 42.574935309581171 ], [ 1.310650304052474, 42.574930821118897 ], [ 1.310644230526872, 42.575155867497052 ], [ 1.310339736003081, 42.575151378234949 ], [ 1.310345810622542, 42.574926331891945 ], [ 1.309736823971686, 42.574917351011756 ], [ 1.309730747164513, 42.575142397284388 ], [ 1.308817264491464, 42.575128919748622 ], [ 1.30881118433299, 42.575353965906125 ], [ 1.308506689133511, 42.575349471756141 ], [ 1.30850060781266, 42.575574517823853 ], [ 1.307891615496061, 42.575565527028019 ], [ 1.307885531916476, 42.57579057306075 ], [ 1.307581034738479, 42.575786076413969 ], [ 1.307574949996446, 42.576011122356896 ], [ 1.306661455599494, 42.575997627458108 ], [ 1.306655367505949, 42.576222673285741 ], [ 1.306046369463471, 42.576213672572926 ], [ 1.306040279111049, 42.576438718365488 ], [ 1.305735779070192, 42.576434216760184 ], [ 1.305729687555212, 42.576659262462904 ], [ 1.30542518649028, 42.576654760013518 ], [ 1.305413001061628, 42.577104851364702 ], [ 1.306326511028457, 42.577118356542996 ], [ 1.306320421491842, 42.577343402287489 ], [ 1.306624926048186, 42.577347902416179 ], [ 1.30663101449083, 42.577122856636436 ], [ 1.309371548669601, 42.577163321123088 ], [ 1.309365470072739, 42.577388367219783 ], [ 1.309669975326747, 42.57739285926008 ], [ 1.309663897752952, 42.577617905427388 ], [ 1.3108819237809, 42.577635865639884 ], [ 1.31087585051344, 42.577860911938302 ], [ 1.311484866163823, 42.577869887262182 ], [ 1.311497008190967, 42.577419794559269 ], [ 1.311192502579867, 42.577415307372952 ], [ 1.311198574614045, 42.577190261020228 ], [ 1.310285061297856, 42.577176794710965 ], [ 1.310297211719891, 42.576726702232769 ], [ 1.310601713901041, 42.576731191741018 ], [ 1.310607787914215, 42.576506145429896 ], [ 1.312739297351269, 42.576537549137768 ], [ 1.312745363636014, 42.576312502616076 ], [ 1.313354364805881, 42.576321467742076 ], [ 1.313360428834414, 42.576096421095585 ], [ 1.313664928429743, 42.576100902410275 ], [ 1.313670991293603, 42.575875855764117 ], [ 1.313975489864542, 42.575880336234889 ], [ 1.313981551505279, 42.575655289498165 ] ] ], [ [ [ 1.323077312725554, 42.588621491845444 ], [ 1.323686436873076, 42.588630404121567 ], [ 1.32369246640735, 42.588405356767574 ], [ 1.323387905363181, 42.588400901068567 ], [ 1.323393935862025, 42.588175853739024 ], [ 1.323089375981648, 42.588171397265725 ], [ 1.323095407505928, 42.587946349961541 ], [ 1.322486290202856, 42.587937434658208 ], [ 1.322492323847158, 42.587712387414271 ], [ 1.322187766363569, 42.587707928583342 ], [ 1.322193801094158, 42.587482881365666 ], [ 1.321584688523788, 42.587473961346241 ], [ 1.321590725313404, 42.587248914187981 ], [ 1.321286170226633, 42.587244452999485 ], [ 1.321304283524615, 42.586569311573001 ], [ 1.320999731790734, 42.586564849680229 ], [ 1.321005770492449, 42.586339802553589 ], [ 1.320396669482402, 42.586330876411516 ], [ 1.320390628591654, 42.586555923468239 ], [ 1.319476974222541, 42.586542528035537 ], [ 1.319470929978926, 42.586767574977777 ], [ 1.31886182528382, 42.586758640604671 ], [ 1.318867871716485, 42.586533593732405 ], [ 1.317649667475727, 42.586515715415914 ], [ 1.317643616604071, 42.586740762147251 ], [ 1.317034512742644, 42.586731818019707 ], [ 1.317028459673429, 42.586956864672302 ], [ 1.316419353838519, 42.586947917282359 ], [ 1.316437519465906, 42.586272777506998 ], [ 1.315828420475885, 42.58626382709086 ], [ 1.315834477714801, 42.586038780549742 ], [ 1.313398093413455, 42.58600294675874 ], [ 1.313392027418651, 42.586227993019186 ], [ 1.313087478584052, 42.586223510124682 ], [ 1.313075344196727, 42.586673602546639 ], [ 1.313684446252586, 42.586682567666074 ], [ 1.313678381143586, 42.586907613932915 ], [ 1.313982933400841, 42.58691209531451 ], [ 1.313976869316812, 42.587137141606888 ], [ 1.3145859761681, 42.587146102012042 ], [ 1.314579914203618, 42.587371148365023 ], [ 1.314884468858567, 42.587375627389449 ], [ 1.31487840791912, 42.587600673767945 ], [ 1.315182963738134, 42.587605152018291 ], [ 1.315176903762845, 42.587830198421393 ], [ 1.317308804041263, 42.587861523807554 ], [ 1.317314856293597, 42.587636477158178 ], [ 1.32036042303893, 42.587681158562475 ], [ 1.320354381732465, 42.587906205561815 ], [ 1.32096349806507, 42.587915132238322 ], [ 1.320957458879734, 42.588140179252981 ], [ 1.321566577678597, 42.588149102762777 ], [ 1.321560540612026, 42.588374149882796 ], [ 1.322169661939227, 42.588383070181685 ], [ 1.322163626992672, 42.588608117362 ], [ 1.322468188793822, 42.58861257633172 ], [ 1.322462154872708, 42.588837623537401 ], [ 1.323071280993738, 42.588846539120951 ], [ 1.323077312725554, 42.588621491845444 ] ] ], [ [ [ 1.323686436873076, 42.588630404121567 ], [ 1.323680407330562, 42.588855451466877 ], [ 1.323984970633176, 42.588859906426521 ], [ 1.323990999081037, 42.588634859046309 ], [ 1.323686436873076, 42.588630404121567 ] ] ] ] } },
{ "type": "Feature", "properties": { "GRID_CODE": 2, "CODI_FINAL": "2002250055", "MUNICIPI": "Conca de Dalt", "DATA_INCEN": "22/03/02" }, "geometry": { "type": "Polygon", "coordinates": [ [ [ 0.919150379252751, 42.237087601958926 ], [ 0.919157772254757, 42.236862592967903 ], [ 0.918854977580704, 42.23685709880538 ], [ 0.918862371570955, 42.236632089892538 ], [ 0.918559578117693, 42.236626594930435 ], [ 0.918574367994493, 42.236176577116126 ], [ 0.918271576712136, 42.236171081485381 ], [ 0.918278972598661, 42.235946072583943 ], [ 0.917976182475037, 42.235940576197549 ], [ 0.917968785514327, 42.236165585055886 ], [ 0.917665994401088, 42.236160087827678 ], [ 0.917658596283103, 42.236385096587988 ], [ 0.916144636675271, 42.236357598251459 ], [ 0.916137233101684, 42.2365826067863 ], [ 0.915531647738832, 42.236571601774919 ], [ 0.915539053462303, 42.236346593281368 ], [ 0.912813933039389, 42.236297031533553 ], [ 0.912806517648155, 42.236522039638558 ], [ 0.911898142497842, 42.236505504519585 ], [ 0.911890723799235, 42.236730512485046 ], [ 0.911587931157192, 42.236724999152663 ], [ 0.911580511301051, 42.236950007019978 ], [ 0.910974924183555, 42.236938977873656 ], [ 0.910960079918415, 42.23738899345058 ], [ 0.90974889804732, 42.237366925225928 ], [ 0.909763750907742, 42.236916909950018 ], [ 0.909460957785479, 42.236911390983238 ], [ 0.909453530323501, 42.237136398582891 ], [ 0.908242354448851, 42.237114314511345 ], [ 0.908227490677807, 42.237564329289633 ], [ 0.907924694757536, 42.237558806199246 ], [ 0.907917261669585, 42.23778381355271 ], [ 0.907311667996051, 42.237772764890202 ], [ 0.907304232676102, 42.237997772102112 ], [ 0.907001434862282, 42.237992246528847 ], [ 0.906979125166625, 42.238667268065086 ], [ 0.906676324214978, 42.238661741563071 ], [ 0.906668886406422, 42.238886748648646 ], [ 0.906366084526064, 42.238881221305618 ], [ 0.90635120650225, 42.239331235450337 ], [ 0.906654010591813, 42.23933676288113 ], [ 0.906646572528172, 42.239561769936913 ], [ 0.90694937771654, 42.239567296611135 ], [ 0.906934503540459, 42.240017310870712 ], [ 0.906631696142819, 42.240011784108752 ], [ 0.906624257824083, 42.24023679113477 ], [ 0.90632144943709, 42.24023126353066 ], [ 0.906276811286449, 42.241581305398405 ], [ 0.90688244103849, 42.241592360327807 ], [ 0.906867565272899, 42.242042374362661 ], [ 0.907170382425403, 42.242047900715718 ], [ 0.907177819275493, 42.241822893682418 ], [ 0.90748063543855, 42.241828419193283 ], [ 0.907517812985467, 42.240703383525293 ], [ 0.908123434822149, 42.240714431717315 ], [ 0.908130867940425, 42.240489424449542 ], [ 0.908433677910346, 42.240494947348999 ], [ 0.908441109808688, 42.240269940026906 ], [ 0.909349537009432, 42.240286503667384 ], [ 0.909371822704067, 42.239611481345371 ], [ 0.909977434755725, 42.239622519517482 ], [ 0.910014565140445, 42.238497481623 ], [ 0.910620166788402, 42.238508516167308 ], [ 0.910597895318403, 42.239183539203367 ], [ 0.910295091198764, 42.239178022200306 ], [ 0.91028766611216, 42.239403029785535 ], [ 0.911498887335236, 42.239425093221861 ], [ 0.911506308125954, 42.239200085418645 ], [ 0.912111917066819, 42.239211112279442 ], [ 0.912104498426279, 42.239436120124097 ], [ 0.912407304129307, 42.239441632377535 ], [ 0.912414721695499, 42.239216624489686 ], [ 0.914231551185786, 42.23924968102002 ], [ 0.914238962222626, 42.239024672818111 ], [ 0.915450179259359, 42.239046694370785 ], [ 0.915442772521384, 42.239271702700364 ], [ 0.916048383665511, 42.239282708792103 ], [ 0.916063192762383, 42.238832691860452 ], [ 0.915457585914146, 42.238821685986288 ], [ 0.915464992423709, 42.23859667759077 ], [ 0.915162190231194, 42.238591173499195 ], [ 0.915169597789468, 42.238366165183024 ], [ 0.915472398907673, 42.238371669231455 ], [ 0.915479805308451, 42.238146660817215 ], [ 0.915782605497587, 42.238152164024832 ], [ 0.915790010737929, 42.237927155602527 ], [ 0.91609280993742, 42.237932657968216 ], [ 0.91607800151919, 42.238382674934158 ], [ 0.916380802951926, 42.238388176587321 ], [ 0.916373399689418, 42.238613185121068 ], [ 0.91728180765774, 42.238629685416086 ], [ 0.917289207695818, 42.238404676797984 ], [ 0.917592009467007, 42.238410175255993 ], [ 0.917584610501766, 42.238635183962195 ], [ 0.917887413431847, 42.238640681664506 ], [ 0.917894811322779, 42.238415672915202 ], [ 0.918197613202545, 42.238421169774533 ], [ 0.918205009933119, 42.238196161017214 ], [ 0.917902209129128, 42.238190664155994 ], [ 0.917909606788867, 42.237965655430756 ], [ 0.918212406580604, 42.237971152204999 ], [ 0.91822719962043, 42.237521134595809 ], [ 0.91883279516043, 42.237532125575576 ], [ 0.918847583565021, 42.237082107754418 ], [ 0.919150379252751, 42.237087601958926 ] ] ] } },
{ "type": "Feature", "properties": { "GRID_CODE": 2, "CODI_FINAL": "2002250100", "MUNICIPI": "Vilanova de l'Aguda", "DATA_INCEN": "21/06/02" }, "geometry": { "type": "Polygon", "coordinates": [ [ [ 1.277819794008901, 41.952823239505747 ], [ 1.277831910101379, 41.952373105477989 ], [ 1.277530402839235, 41.952368582965676 ], [ 1.277542520775916, 41.951918448925653 ], [ 1.276939510758098, 41.951909401669873 ], [ 1.276945571742139, 41.95168433470652 ], [ 1.27664406786648, 41.951679809926659 ], [ 1.276650129841055, 41.95145474298927 ], [ 1.27634862709421, 41.951450217453583 ], [ 1.276372878598676, 41.950549949796319 ], [ 1.276071380159562, 41.950545423611388 ], [ 1.276077443907618, 41.950320356697219 ], [ 1.275172952184192, 41.950306773501204 ], [ 1.275179019041872, 41.950081706684074 ], [ 1.274877523059022, 41.950077177405909 ], [ 1.27488359090708, 41.949852110614763 ], [ 1.274582095992739, 41.949847580579934 ], [ 1.274588164831152, 41.949622513814795 ], [ 1.274286671045599, 41.949617983024233 ], [ 1.274292740874343, 41.949392916285085 ], [ 1.274895726395559, 41.949401977003767 ], [ 1.274889658685933, 41.949627043814061 ], [ 1.275492646542817, 41.94963610143779 ], [ 1.275510843165849, 41.948960900810846 ], [ 1.274907861605953, 41.94895184339952 ], [ 1.27491999654071, 41.948501709711969 ], [ 1.274618507983604, 41.948497179890509 ], [ 1.274624576406663, 41.948272113067951 ], [ 1.274323089038579, 41.948267582491688 ], [ 1.274335227795991, 41.947817448888976 ], [ 1.273732257384862, 41.947808385503194 ], [ 1.273738328778639, 41.947583318758625 ], [ 1.273436844736406, 41.947578785914452 ], [ 1.27344291711916, 41.947353719240915 ], [ 1.272839951421712, 41.947344651250951 ], [ 1.27284602585528, 41.947119584594013 ], [ 1.272544544139763, 41.947115049447333 ], [ 1.272550619563461, 41.946889982816423 ], [ 1.271947659062153, 41.946880910229716 ], [ 1.27195373653536, 41.946655843660459 ], [ 1.271652257146608, 41.946651306211358 ], [ 1.271658335609884, 41.946426239668156 ], [ 1.27075390109818, 41.946412622681407 ], [ 1.270759982670257, 41.946187556235529 ], [ 1.270157028754519, 41.94617847435903 ], [ 1.270163112374738, 41.945953408019889 ], [ 1.269258685260004, 41.945939779379103 ], [ 1.269264771990096, 41.945714713092357 ], [ 1.268963297463276, 41.94571016866508 ], [ 1.268969385183275, 41.945485102404447 ], [ 1.268366438456651, 41.945476011247742 ], [ 1.268372528286142, 41.945250945049814 ], [ 1.268071056086349, 41.945246398320393 ], [ 1.2680771468454, 41.945021332147661 ], [ 1.267474204772847, 41.945012236386738 ], [ 1.267449832845173, 41.945912500734593 ], [ 1.267751308084011, 41.945917049153451 ], [ 1.267739123821884, 41.946367181341344 ], [ 1.267437646464324, 41.946362632851049 ], [ 1.267419366372981, 41.947037830908911 ], [ 1.267720846908718, 41.947042379506328 ], [ 1.267708661891353, 41.947492511597545 ], [ 1.268010144615422, 41.947497059475126 ], [ 1.268004053092085, 41.947722125542533 ], [ 1.268908504859504, 41.947735764535011 ], [ 1.26889023934871, 41.94841096295503 ], [ 1.269191726588499, 41.948415507810402 ], [ 1.26918563902518, 41.948640573982267 ], [ 1.26978861583208, 41.948649661390618 ], [ 1.269782530318323, 41.948874727624236 ], [ 1.270686999167497, 41.948888352908334 ], [ 1.270680916762897, 41.949113419239332 ], [ 1.270982407597681, 41.949117959454114 ], [ 1.270970244699412, 41.949568092158678 ], [ 1.271271737722662, 41.949572631653446 ], [ 1.271253495974592, 41.950247830699482 ], [ 1.271554992245922, 41.950252369509855 ], [ 1.271548912603799, 41.950477435890328 ], [ 1.272453404409642, 41.950491047671356 ], [ 1.272435174603747, 41.951166247075911 ], [ 1.272736675392102, 41.951170782818458 ], [ 1.272730599711155, 41.951395849303097 ], [ 1.273032101627251, 41.95140038433491 ], [ 1.273026026936657, 41.951625450845576 ], [ 1.273327529921408, 41.951629985120768 ], [ 1.273321456221194, 41.951855051657446 ], [ 1.274225968951035, 41.95186864984435 ], [ 1.27421382770092, 41.952318783102527 ], [ 1.274515334141808, 41.952323314319003 ], [ 1.274509264472579, 41.952548380969304 ], [ 1.274810772102726, 41.952552911430899 ], [ 1.274798634677251, 41.953003044728909 ], [ 1.275100144496096, 41.953007574470227 ], [ 1.275094076738662, 41.953232641162941 ], [ 1.275998609729402, 41.953246225744323 ], [ 1.275986480365514, 41.953696359314335 ], [ 1.276287993640463, 41.953700885996703 ], [ 1.276300120884801, 41.953250752355622 ], [ 1.276903143403087, 41.953259803204041 ], [ 1.276909204801983, 41.953034736298115 ], [ 1.277210715044791, 41.953039260498791 ], [ 1.277216775314796, 41.952814193547759 ], [ 1.277819794008901, 41.952823239505747 ] ] ] } },
{ "type": "Feature", "properties": { "GRID_CODE": 2, "CODI_FINAL": "2002080139", "MUNICIPI": "El Bruc", "DATA_INCEN": "21/07/02" }, "geometry": { "type": "Polygon", "coordinates": [ [ [ 1.810596972142977, 41.592572099151688 ], [ 1.810617626826666, 41.591446426623506 ], [ 1.810317734066403, 41.59144332516766 ], [ 1.810321865891654, 41.591218190658751 ], [ 1.810021974159953, 41.591215088444613 ], [ 1.810026106979697, 41.590989953950938 ], [ 1.809726216396497, 41.590986850979796 ], [ 1.80973448397706, 41.590536582058697 ], [ 1.808834818638683, 41.590527268598386 ], [ 1.80884309228072, 41.590076999742024 ], [ 1.808543206051632, 41.590073893740495 ], [ 1.808547343843483, 41.589848759322962 ], [ 1.808247458642939, 41.589845652563255 ], [ 1.808251597429142, 41.589620518160984 ], [ 1.807951713377101, 41.589617410644323 ], [ 1.807952541313312, 41.589572383749406 ], [ 1.807964132577382, 41.588942007455699 ], [ 1.808264013565181, 41.588945114899637 ], [ 1.808259874920253, 41.589170249329477 ], [ 1.808859639059911, 41.589176461919706 ], [ 1.808872048664272, 41.588501058501727 ], [ 1.809171927650568, 41.588504163550304 ], [ 1.809192604137907, 41.587378490805769 ], [ 1.808892730298333, 41.58737538587868 ], [ 1.808905138773979, 41.58669998219527 ], [ 1.808605268105338, 41.586696876559536 ], [ 1.808613542288825, 41.586246607485407 ], [ 1.808313673749765, 41.586243501116641 ], [ 1.808317811782568, 41.586018366567416 ], [ 1.808017944391809, 41.586015259441794 ], [ 1.80802208341876, 41.585790124907831 ], [ 1.807722217056347, 41.585787017024117 ], [ 1.807726357077423, 41.585561882505409 ], [ 1.807426491863308, 41.585558773864918 ], [ 1.807430632878494, 41.58533363936148 ], [ 1.807130768692724, 41.585330529962931 ], [ 1.807134910701976, 41.585105395474763 ], [ 1.806835047664501, 41.585102285319415 ], [ 1.806851619394891, 41.584201747372738 ], [ 1.806251901730693, 41.584195524911614 ], [ 1.806243611795165, 41.584645793805421 ], [ 1.805943750921521, 41.584642681352847 ], [ 1.805931312541001, 41.585318084551247 ], [ 1.806231176478213, 41.585321197076674 ], [ 1.806227031298214, 41.585546331482256 ], [ 1.806526896383768, 41.585549443250876 ], [ 1.80652275219783, 41.585774577671749 ], [ 1.806822618311775, 41.58577768868237 ], [ 1.806806045202321, 41.586678226326235 ], [ 1.807105915588363, 41.58668133665342 ], [ 1.807068632779982, 41.588707546092067 ], [ 1.806768753022043, 41.588704435544713 ], [ 1.806772896778815, 41.588479301263796 ], [ 1.806473018109394, 41.588476189958946 ], [ 1.806489596893658, 41.587575652661819 ], [ 1.805589973724444, 41.587566314349949 ], [ 1.805565086551616, 41.588917119755145 ], [ 1.805864967162267, 41.588920233454822 ], [ 1.805840084538044, 41.590271038721298 ], [ 1.804940424162122, 41.590261694836038 ], [ 1.804932123348568, 41.59071196299292 ], [ 1.805232012136279, 41.590715078451915 ], [ 1.805223713215973, 41.591165346666095 ], [ 1.805523604193859, 41.591168461392719 ], [ 1.805511158523866, 41.591843863717948 ], [ 1.80611094681037, 41.591850090971391 ], [ 1.80610680026238, 41.592075225110612 ], [ 1.806406695547951, 41.592078337589051 ], [ 1.806402549994337, 41.592303471743563 ], [ 1.806702446308654, 41.592306583463809 ], [ 1.806681722981826, 41.59343225417534 ], [ 1.807581427951558, 41.593441585011846 ], [ 1.807577286281431, 41.593666719209111 ], [ 1.807877189093906, 41.593669827948425 ], [ 1.807873048418297, 41.593894962160945 ], [ 1.808172952259547, 41.593898070141982 ], [ 1.808164672851132, 41.594348338543348 ], [ 1.808764484901555, 41.59435455225745 ], [ 1.808768622545564, 41.59412941803501 ], [ 1.809068527629732, 41.594132523694761 ], [ 1.80907266418583, 41.593907389393692 ], [ 1.809372568275408, 41.59391049424692 ], [ 1.809376703742792, 41.593685359912236 ], [ 1.809976509919827, 41.593691567222933 ], [ 1.80998477660688, 41.593241298429007 ], [ 1.80968487554812, 41.59323819521321 ], [ 1.809689009832726, 41.593013060826564 ], [ 1.809089209999529, 41.593006852098142 ], [ 1.809122299306998, 41.591205777110666 ], [ 1.808822407823439, 41.591202671769032 ], [ 1.808830681747892, 41.590752402967787 ], [ 1.809130571208436, 41.590755508261175 ], [ 1.809126435251256, 41.590980642690212 ], [ 1.809426325800352, 41.590983747226026 ], [ 1.809409785847057, 41.591884284949835 ], [ 1.809709680609293, 41.59188738880124 ], [ 1.80970141246345, 41.592337657657183 ], [ 1.810001309295861, 41.592340760774732 ], [ 1.809993043045838, 41.592791029597734 ], [ 1.810292942068426, 41.592794131982629 ], [ 1.810297074174944, 41.592568997573856 ], [ 1.810596972142977, 41.592572099151688 ] ] ] } },
{ "type": "Feature", "properties": { "GRID_CODE": 2, "CODI_FINAL": "2002080141", "MUNICIPI": "Montcada i Reixach", "DATA_INCEN": "22/07/02" }, "geometry": { "type": "Polygon", "coordinates": [ [ [ 2.209779851051178, 41.485408420303855 ], [ 2.209785318256423, 41.484958088643737 ], [ 2.209485880847379, 41.484956032709192 ], [ 2.209488615440077, 41.484730866859309 ], [ 2.209189179098574, 41.484728810161506 ], [ 2.209194650263503, 41.484278478467168 ], [ 2.208895216085812, 41.484276421022741 ], [ 2.208897952658009, 41.484051255178265 ], [ 2.208598519487941, 41.484049196970247 ], [ 2.208603994611183, 41.483598865331743 ], [ 2.20830456354501, 41.483596806376717 ], [ 2.208307302096567, 41.483371640537676 ], [ 2.207708442130354, 41.483367520321885 ], [ 2.207713923285415, 41.482917188681661 ], [ 2.207724885220996, 41.482016525338338 ], [ 2.207425461562416, 41.482014464159128 ], [ 2.207428203004814, 41.481789298305777 ], [ 2.207128780353795, 41.481787236363026 ], [ 2.207131522800734, 41.481562070561949 ], [ 2.20653267966535, 41.481557944325878 ], [ 2.206529935145339, 41.481783110139503 ], [ 2.206230512587914, 41.481781045858753 ], [ 2.20622776700042, 41.482006211647153 ], [ 2.205928343497831, 41.482004146571192 ], [ 2.20592559684283, 41.48222931233434 ], [ 2.205626172275853, 41.482227246417345 ], [ 2.205623424553323, 41.482452412155233 ], [ 2.205323998980757, 41.482450345487649 ], [ 2.205318501369331, 41.482900676903931 ], [ 2.205019073755387, 41.48289860942446 ], [ 2.20501082399533, 41.483574106387557 ], [ 2.20471139336352, 41.483572038080275 ], [ 2.204705891294565, 41.484022369296483 ], [ 2.204406458561408, 41.48402030017683 ], [ 2.204400954293976, 41.484470631369511 ], [ 2.204101519519326, 41.484468561437886 ], [ 2.204084999748345, 41.485819554612227 ], [ 2.203785558786361, 41.485817483803416 ], [ 2.203782804344944, 41.486042649299712 ], [ 2.202884478597986, 41.486036432102985 ], [ 2.202876205757254, 41.486711928391095 ], [ 2.203175650771217, 41.486714001603531 ], [ 2.203172894131447, 41.486939167031231 ], [ 2.202873448081509, 41.486937093757433 ], [ 2.202870690373852, 41.487162259159824 ], [ 2.203170137460882, 41.487164332404895 ], [ 2.203164624024599, 41.487614663215325 ], [ 2.203464073216105, 41.487616735713523 ], [ 2.203461317487514, 41.487841901121556 ], [ 2.203760767687041, 41.487843972856169 ], [ 2.203752503423586, 41.488519469030166 ], [ 2.204650863719148, 41.48852567970485 ], [ 2.204653615395308, 41.488300514258626 ], [ 2.204953067853142, 41.48830258290819 ], [ 2.204955818460859, 41.488077417481733 ], [ 2.20525526985349, 41.488079485335078 ], [ 2.205258019393888, 41.487854319838299 ], [ 2.20585692031955, 41.487858453174795 ], [ 2.20586790987543, 41.486957791012671 ], [ 2.205568463543215, 41.48695572479923 ], [ 2.205576708491498, 41.486280228143237 ], [ 2.204977822139969, 41.486276093475524 ], [ 2.204986073025876, 41.485600596836228 ], [ 2.205285513076564, 41.485602664510978 ], [ 2.205291011438249, 41.485152333310552 ], [ 2.207985954523323, 41.485170907060308 ], [ 2.207983214686164, 41.485396072811184 ], [ 2.208282654012483, 41.4853981326753 ], [ 2.20827991518118, 41.485623298388361 ], [ 2.209477676883247, 41.485631530159836 ], [ 2.209480411569239, 41.485406364336924 ], [ 2.209779851051178, 41.485408420303855 ] ] ] } },
{ "type": "Feature", "properties": { "GRID_CODE": 2, "CODI_FINAL": "2002080116", "MUNICIPI": "Castellbisbal", "DATA_INCEN": "11/07/02" }, "geometry": { "type": "MultiPolygon", "coordinates": [ [ [ [ 1.943500430368991, 41.488901757510334 ], [ 1.943496774440409, 41.489126906316557 ], [ 1.944095642820494, 41.489132402678671 ], [ 1.944102950490766, 41.488682104970572 ], [ 1.94440238267046, 41.488684851939333 ], [ 1.944409688101188, 41.488234554196616 ], [ 1.944709118189914, 41.488237300342284 ], [ 1.944712769807053, 41.48801215141313 ], [ 1.945012198960895, 41.488014896758393 ], [ 1.945008548380051, 41.488240045709155 ], [ 1.945607408884827, 41.488245534104884 ], [ 1.945622002668218, 41.48734493811952 ], [ 1.945921428837722, 41.48734768106204 ], [ 1.945925076143062, 41.487122532055125 ], [ 1.946224501258641, 41.487125274151175 ], [ 1.946239085921884, 41.486224677856065 ], [ 1.945640243963534, 41.486219192966701 ], [ 1.945636595787142, 41.486444342033494 ], [ 1.945337173804031, 41.486441598398002 ], [ 1.945333524550675, 41.48666674738908 ], [ 1.945034101572845, 41.486664002952715 ], [ 1.945026800867733, 41.487114300954396 ], [ 1.944427950951582, 41.487108809657926 ], [ 1.944438908163599, 41.486433362816406 ], [ 1.94473832996231, 41.486436108789199 ], [ 1.944745632490782, 41.485985810776072 ], [ 1.944146793019774, 41.485980318137109 ], [ 1.944143139703921, 41.486205467105002 ], [ 1.943843718964589, 41.486202719594715 ], [ 1.943840064570999, 41.486427868531877 ], [ 1.943540642837031, 41.486425120220673 ], [ 1.943536987366411, 41.486650269082062 ], [ 1.943237564637787, 41.486647519969956 ], [ 1.943233908088651, 41.486872668845642 ], [ 1.943533331853497, 41.486875417979384 ], [ 1.943526020703706, 41.487325715701679 ], [ 1.943226594866384, 41.487322966524658 ], [ 1.943219281477075, 41.487773264212279 ], [ 1.94351870938691, 41.487776013432544 ], [ 1.9435150536669, 41.488001162239314 ], [ 1.943215624720054, 41.487998413042412 ], [ 1.943211967922187, 41.488223561818423 ], [ 1.94231367828435, 41.48821530935232 ], [ 1.942306358344564, 41.488665606837188 ], [ 1.942006926455933, 41.488662854412986 ], [ 1.942003265388014, 41.488888003075068 ], [ 1.941404399662988, 41.488882495845282 ], [ 1.941411725903179, 41.488432198553646 ], [ 1.941711156672243, 41.488434952514872 ], [ 1.941718480673245, 41.487984655143464 ], [ 1.942017909411359, 41.487987408282002 ], [ 1.942021570313492, 41.487762259538471 ], [ 1.941422714951456, 41.48775675252535 ], [ 1.941419051976769, 41.487981901225574 ], [ 1.941119623381831, 41.487979146528914 ], [ 1.941115959329941, 41.488204295153302 ], [ 1.940816529680499, 41.488201539655087 ], [ 1.940820194768677, 41.487976391052371 ], [ 1.940520766197184, 41.487973634796504 ], [ 1.940546427904955, 41.486397594249119 ], [ 1.939947585394385, 41.486392079703172 ], [ 1.939951253257769, 41.486166931092647 ], [ 1.939352413046285, 41.486161413473553 ], [ 1.939348743110511, 41.486386562040629 ], [ 1.938450479907867, 41.486378279701427 ], [ 1.938443133692446, 41.486828576767984 ], [ 1.939041979930631, 41.486834099193651 ], [ 1.939034637693807, 41.487284396265657 ], [ 1.938735212481379, 41.487281635399 ], [ 1.938727868005079, 41.487731932391121 ], [ 1.939027295290005, 41.487734693301213 ], [ 1.939023624025127, 41.487959841827845 ], [ 1.939323052388078, 41.487962601980342 ], [ 1.939319382117741, 41.488187750519572 ], [ 1.939618811558709, 41.488190509914453 ], [ 1.93961514228367, 41.488415658421275 ], [ 1.939315711806406, 41.488412899004679 ], [ 1.939312041452603, 41.488638047525704 ], [ 1.939012609980766, 41.48863528730805 ], [ 1.939016281370876, 41.488410138808739 ], [ 1.938716850977102, 41.488407377833482 ], [ 1.938713178550684, 41.488632526311065 ], [ 1.938114315815783, 41.48862700197904 ], [ 1.938106966692384, 41.4890772988199 ], [ 1.937807533374842, 41.489074535441965 ], [ 1.937803857714866, 41.489299683781951 ], [ 1.937504423342888, 41.489296919602339 ], [ 1.93750074660403, 41.489522067956507 ], [ 1.935704135092311, 41.48950546638217 ], [ 1.93570781804853, 41.48928031820369 ], [ 1.93540838396944, 41.489277548568545 ], [ 1.935404699976873, 41.489502696725268 ], [ 1.935105264903335, 41.489499926288971 ], [ 1.935101579831784, 41.489725074459805 ], [ 1.934203271813402, 41.489716758409877 ], [ 1.934206959994028, 41.489491610304505 ], [ 1.933907525088162, 41.489488836750766 ], [ 1.93390383587118, 41.489713984834317 ], [ 1.933304964112569, 41.489708435345094 ], [ 1.933301272780904, 41.48993358337588 ], [ 1.933001835928194, 41.489930807440359 ], [ 1.932998143518177, 41.490155955440194 ], [ 1.932698705730953, 41.49015317870402 ], [ 1.932695012243301, 41.490378326627848 ], [ 1.933593328959856, 41.490386654564887 ], [ 1.933597019339076, 41.490161506530484 ], [ 1.933896457312109, 41.490164280929065 ], [ 1.933889078584492, 41.49061457703241 ], [ 1.933589638538674, 41.490611802590173 ], [ 1.933582257571164, 41.491062098568349 ], [ 1.934181141850444, 41.491067646760783 ], [ 1.93418851867227, 41.490617350695281 ], [ 1.935685719680104, 41.490631207318117 ], [ 1.935682036472615, 41.49085635544197 ], [ 1.935981477848256, 41.490859124450239 ], [ 1.93597779563458, 41.491084272631795 ], [ 1.935678353222508, 41.49108150360172 ], [ 1.935670986597391, 41.491531799848843 ], [ 1.935371542154293, 41.49152902999576 ], [ 1.9353568042548, 41.492429622338534 ], [ 1.93565625284382, 41.492432392278801 ], [ 1.935648885716106, 41.492882688416586 ], [ 1.935948336420059, 41.492885457621 ], [ 1.935944653829543, 41.493110605720531 ], [ 1.936244105552013, 41.49311337416669 ], [ 1.936240423956909, 41.493338522233877 ], [ 1.935641518420852, 41.493332984517934 ], [ 1.935634150957316, 41.493783280627859 ], [ 1.934735786658187, 41.493774968076316 ], [ 1.934724725820112, 41.494450411931602 ], [ 1.934425268027781, 41.494447639456673 ], [ 1.934421579961045, 41.494672787383415 ], [ 1.934122121233929, 41.494670014107733 ], [ 1.934125810337281, 41.494444866202812 ], [ 1.933526894962359, 41.494439317355486 ], [ 1.933537968239544, 41.493763873762084 ], [ 1.933837422796256, 41.49376664850999 ], [ 1.933841112768389, 41.49354150059046 ], [ 1.934140566330478, 41.493544274537079 ], [ 1.934147944075043, 41.493093978672029 ], [ 1.932950138370845, 41.493082878383468 ], [ 1.932946445372994, 41.49330802625569 ], [ 1.932646993015348, 41.493305249213066 ], [ 1.932639604821287, 41.49375554484147 ], [ 1.931741241840969, 41.493747208906122 ], [ 1.93173754457083, 41.493972356663583 ], [ 1.931438089271577, 41.493969576437458 ], [ 1.931434390922808, 41.494194724163911 ], [ 1.931134934629022, 41.494191943136407 ], [ 1.931131235202342, 41.494417090786847 ], [ 1.930831777913292, 41.494414309002998 ], [ 1.930828077407924, 41.494639456622444 ], [ 1.930528619125083, 41.494636673992169 ], [ 1.930532320726944, 41.494411526395204 ], [ 1.93023286352279, 41.494408743007334 ], [ 1.930236566060006, 41.494183595377542 ], [ 1.929637653851219, 41.494178026307168 ], [ 1.929641358419504, 41.493952878712101 ], [ 1.929341903414869, 41.493950093029596 ], [ 1.929345608976862, 41.49372494549236 ], [ 1.928746701227046, 41.493719371833315 ], [ 1.928742993531286, 41.493944519371183 ], [ 1.928144083876964, 41.493938942550386 ], [ 1.928136664333122, 41.494389237467075 ], [ 1.928735578133797, 41.494394814375639 ], [ 1.92873187037143, 41.494619961886691 ], [ 1.929031328402309, 41.494622749148931 ], [ 1.929023914824365, 41.495073044187571 ], [ 1.929622835157563, 41.495078616551289 ], [ 1.929619130379393, 41.495303764055755 ], [ 1.929918591645837, 41.495306549090252 ], [ 1.929922295387362, 41.49508140156388 ], [ 1.930221755659276, 41.495084185796948 ], [ 1.930214350206668, 41.495534480929457 ], [ 1.93051381253409, 41.495537264426268 ], [ 1.930510110780928, 41.495762412023261 ], [ 1.930809574247736, 41.495765194717983 ], [ 1.930805873489162, 41.495990342327758 ], [ 1.931105338034002, 41.495993124309869 ], [ 1.931097938464748, 41.496443419500828 ], [ 1.931397405125046, 41.496446200747151 ], [ 1.931390007460214, 41.49689649599047 ], [ 1.931689476236028, 41.496899276501026 ], [ 1.931682080477191, 41.497349571706593 ], [ 1.931981551368548, 41.497352351481325 ], [ 1.93197785446318, 41.497577499069791 ], [ 1.932277326373443, 41.497580278086261 ], [ 1.932273630462086, 41.497805425732516 ], [ 1.932573103511051, 41.497808203991816 ], [ 1.932550933382719, 41.499159089719086 ], [ 1.932850412694607, 41.499161867329946 ], [ 1.93284302438893, 41.499612162573179 ], [ 1.93314250581657, 41.499614939448101 ], [ 1.933138812578446, 41.499840087032318 ], [ 1.934037260223944, 41.499848413044752 ], [ 1.934033570113678, 41.500073560730975 ], [ 1.934632537434408, 41.500079107550789 ], [ 1.934628849356002, 41.500304255271537 ], [ 1.934928334146132, 41.500307027534056 ], [ 1.934924647062711, 41.500532175267502 ], [ 1.935224132931703, 41.500534946772177 ], [ 1.935220446843292, 41.500760094518299 ], [ 1.935819420721721, 41.500765635186681 ], [ 1.935812052566967, 41.501215930738809 ], [ 1.936111541672508, 41.501218699969854 ], [ 1.936104175424139, 41.501668995529116 ], [ 1.935804684244629, 41.501666226254471 ], [ 1.935793631387772, 41.502341669414072 ], [ 1.936392620010717, 41.502347207314365 ], [ 1.936425758665588, 41.500320877151282 ], [ 1.937024728790482, 41.500326411540776 ], [ 1.93702104896628, 41.500551559381705 ], [ 1.937320535128433, 41.500554325428737 ], [ 1.937316856298591, 41.500779473327349 ], [ 1.937915830762366, 41.500785003125351 ], [ 1.937919507518326, 41.500559855183241 ], [ 1.938218993805932, 41.500562618891273 ], [ 1.938222669483153, 41.500337470918289 ], [ 1.939420610903743, 41.500348517866783 ], [ 1.939424282391489, 41.500123369797763 ], [ 1.940622220272493, 41.500134404184287 ], [ 1.940618552932434, 41.500359552340129 ], [ 1.941517009876896, 41.500367820008535 ], [ 1.941524338353706, 41.499917523558189 ], [ 1.942123305690736, 41.499923031351955 ], [ 1.942126967762888, 41.499697883069501 ], [ 1.942426450486921, 41.499700635775525 ], [ 1.942433772492418, 41.499250339140502 ], [ 1.942134291842165, 41.499247586477807 ], [ 1.942141615694244, 41.498797289894178 ], [ 1.942441094270775, 41.498800042513565 ], [ 1.942448415882631, 41.498349745850156 ], [ 1.942747892427847, 41.498352497601573 ], [ 1.942755211799552, 41.497902200858441 ], [ 1.943054686252134, 41.497904951831444 ], [ 1.943058344838403, 41.497679803447085 ], [ 1.942758871422617, 41.497677052495746 ], [ 1.9427625310048, 41.497451904078893 ], [ 1.942463058607527, 41.497449152369043 ], [ 1.942466719184871, 41.497224003964725 ], [ 1.942167247865984, 41.497221251496967 ], [ 1.94217090943773, 41.496996103150238 ], [ 1.942769850043606, 41.497001607262881 ], [ 1.942766190545382, 41.497226755652932 ], [ 1.943365133331322, 41.497232256690012 ], [ 1.9433614758643, 41.497457405159253 ], [ 1.944259893555279, 41.497465650933727 ], [ 1.944263547911975, 41.497240502399613 ], [ 1.944563019521987, 41.497243249410303 ], [ 1.944570325976572, 41.496792952315978 ], [ 1.944270856499975, 41.49679020534905 ], [ 1.944274510732011, 41.496565056787595 ], [ 1.944573979171867, 41.496567803732901 ], [ 1.944581285437105, 41.496117506584483 ], [ 1.944281819070695, 41.496114759682399 ], [ 1.944285473178087, 41.495889611093624 ], [ 1.943986007830037, 41.495886863433057 ], [ 1.943993317992791, 41.495436566316457 ], [ 1.943693854759677, 41.495433817919618 ], [ 1.943701166829512, 41.494983520809839 ], [ 1.944000627989299, 41.494986269163434 ], [ 1.944007937820298, 41.494535971928919 ], [ 1.944307396948364, 41.494538719459769 ], [ 1.944322011963774, 41.493638124885059 ], [ 1.944621466927071, 41.493640871549403 ], [ 1.944643381985292, 41.492289979239416 ], [ 1.944343933241273, 41.492287232704761 ], [ 1.944351240001188, 41.491836935253474 ], [ 1.944650686672208, 41.491839681744892 ], [ 1.94465799119375, 41.491389384168933 ], [ 1.944957435893227, 41.491392129838268 ], [ 1.94496108705451, 41.49116698106004 ], [ 1.944661643391492, 41.491164235412306 ], [ 1.944665295548437, 41.490939086601557 ], [ 1.944365853023273, 41.490936340196583 ], [ 1.944369506175126, 41.490711191398326 ], [ 1.94377062320251, 41.490705696292274 ], [ 1.943785243684332, 41.489805101271209 ], [ 1.944084681004236, 41.489807849127466 ], [ 1.94408833498478, 41.489582700305299 ], [ 1.94378889870125, 41.48957995247067 ], [ 1.943792553676609, 41.489354803661016 ], [ 1.94349311847099, 41.489352055068665 ], [ 1.943496774440409, 41.489126906316557 ], [ 1.94319734031271, 41.489124156966469 ], [ 1.94320099727763, 41.48889900818186 ], [ 1.943500430368991, 41.488901757510334 ] ], [ [ 1.94308761203532, 41.495878615774117 ], [ 1.943083953781122, 41.496103764276377 ], [ 1.943682886342759, 41.496109263538493 ], [ 1.943675573857184, 41.496559560557195 ], [ 1.942777168916684, 41.496551310365426 ], [ 1.942780828290074, 41.496326161948041 ], [ 1.942481361076537, 41.496323410346477 ], [ 1.942488681772634, 41.495873113482695 ], [ 1.94308761203532, 41.495878615774117 ] ], [ [ 1.940980360098863, 41.496534788978209 ], [ 1.940969363066093, 41.497210233875698 ], [ 1.941268834158467, 41.497212989461232 ], [ 1.94126516943477, 41.497438137733837 ], [ 1.940965697305626, 41.497435382126632 ], [ 1.940962031502741, 41.497660530413469 ], [ 1.940363085176172, 41.497655016815798 ], [ 1.940385091807787, 41.496304127308449 ], [ 1.940684558729718, 41.496306884366909 ], [ 1.940680892098526, 41.496532032677607 ], [ 1.940980360098863, 41.496534788978209 ] ] ], [ [ [ 1.930169913952654, 41.49823625104888 ], [ 1.930158803941707, 41.498911693373685 ], [ 1.930458281820385, 41.498914477199037 ], [ 1.930454579436519, 41.499139624614287 ], [ 1.931951974884987, 41.499153532158523 ], [ 1.931959369302854, 41.498703237055594 ], [ 1.93165989219074, 41.49870045714961 ], [ 1.931667288454922, 41.498250162008397 ], [ 1.931367813458484, 41.498247381366561 ], [ 1.931371512563557, 41.498022233849191 ], [ 1.931072038645983, 41.498019452449654 ], [ 1.93106833850337, 41.498244599990173 ], [ 1.93046938872087, 41.498239034808549 ], [ 1.93047309093708, 41.498013887311807 ], [ 1.929874143456456, 41.498008319056161 ], [ 1.92987043916665, 41.498233466509085 ], [ 1.930169913952654, 41.49823625104888 ] ] ], [ [ [ 1.945366366341575, 41.484640405871474 ], [ 1.944468125568948, 41.484632170808311 ], [ 1.944460821466398, 41.485082468887484 ], [ 1.944760237107976, 41.485085214731185 ], [ 1.944752934852464, 41.48553551277157 ], [ 1.945052352607849, 41.48553825787922 ], [ 1.945048702483565, 41.485763406930133 ], [ 1.945348121316606, 41.485766151280124 ], [ 1.945344472187726, 41.485991300298494 ], [ 1.945643892098447, 41.485994043890798 ], [ 1.94564754019115, 41.485768894850814 ], [ 1.945946959107902, 41.485771637597239 ], [ 1.94595060612296, 41.485546488526559 ], [ 1.945651188243103, 41.485543745756722 ], [ 1.945654836253578, 41.485318596653492 ], [ 1.945355419451355, 41.485315853125968 ], [ 1.945359068455764, 41.485090704080278 ], [ 1.945658484222576, 41.485093447541175 ], [ 1.945662132149366, 41.484868298464761 ], [ 1.945362717419414, 41.484865554980423 ], [ 1.945366366341575, 41.484640405871474 ] ] ], [ [ [ 1.945370015222259, 41.484415256753415 ], [ 1.945366366341575, 41.484640405871474 ], [ 1.945965193770718, 41.484645892017753 ], [ 1.945961546920794, 41.484871041169875 ], [ 1.946260961733677, 41.484873783095722 ], [ 1.946257315879149, 41.485098932215287 ], [ 1.946856147641663, 41.485104413771857 ], [ 1.946859791423927, 41.484879264609162 ], [ 1.947159206361146, 41.484882004197281 ], [ 1.947162849066588, 41.484656854958899 ], [ 1.946863435165491, 41.484654115392331 ], [ 1.946867078865625, 41.484428966166398 ], [ 1.945968840579177, 41.484420742856528 ], [ 1.945972487345441, 41.484195593731243 ], [ 1.945673075682335, 41.484192851090867 ], [ 1.945669427879974, 41.484418000194594 ], [ 1.945370015222259, 41.484415256753415 ] ] ], [ [ [ 1.930158803941707, 41.498911693373685 ], [ 1.929859326045241, 41.498908908768129 ], [ 1.929855621586944, 41.499134056184587 ], [ 1.929556142695758, 41.499131270777504 ], [ 1.929552437159222, 41.49935641811792 ], [ 1.929252957273329, 41.499353631909287 ], [ 1.929249250657048, 41.499578779263686 ], [ 1.929848212484818, 41.499584350944573 ], [ 1.929851917027364, 41.499359203546348 ], [ 1.930151396997531, 41.499361988195709 ], [ 1.930158803941707, 41.498911693373685 ] ] ], [ [ [ 1.946246378005505, 41.485774379608841 ], [ 1.946239085921884, 41.486224677856065 ], [ 1.9465385069932, 41.486227419132099 ], [ 1.946542152019541, 41.486002269991474 ], [ 1.94684157209611, 41.486005010466663 ], [ 1.946845216044828, 41.485779861295363 ], [ 1.946246378005505, 41.485774379608841 ] ] ] ] } },
{ "type": "Feature", "properties": { "GRID_CODE": 2, "CODI_FINAL": "2002430094", "MUNICIPI": "Vallclara", "DATA_INCEN": "17/09/02" }, "geometry": { "type": "Polygon", "coordinates": [ [ [ 0.997755690284941, 41.392115015583329 ], [ 0.997783313925282, 41.391214802745203 ], [ 0.997185609262635, 41.391204400282056 ], [ 0.997199424729905, 41.390754293968008 ], [ 0.996900574544467, 41.390749091676838 ], [ 0.996921300245883, 41.390073932232703 ], [ 0.997220147343195, 41.390079134401098 ], [ 0.997233962026069, 41.38962902798923 ], [ 0.996935116988842, 41.389623825857704 ], [ 0.996942025241261, 41.389398772700552 ], [ 0.997240869250542, 41.389403974746138 ], [ 0.997260209025381, 41.388773825630842 ], [ 0.997261590451971, 41.388728815003198 ], [ 0.996962749530608, 41.388723613080387 ], [ 0.996976565332206, 41.388273506588064 ], [ 0.996378887901669, 41.388263100580545 ], [ 0.996385797743319, 41.388038047401579 ], [ 0.996684635360219, 41.388043250751664 ], [ 0.996698452748269, 41.387593144327518 ], [ 0.996399617189847, 41.38758794105933 ], [ 0.996406526796108, 41.387362887851033 ], [ 0.99610769228561, 41.387357683847213 ], [ 0.996121513319775, 41.386907577528163 ], [ 0.995822680946142, 41.386902372830718 ], [ 0.995843414997073, 41.386227213379158 ], [ 0.995544585849208, 41.386222008030103 ], [ 0.995551498072167, 41.385996954885975 ], [ 0.995252669972182, 41.385991748801366 ], [ 0.995266496240894, 41.385541642565677 ], [ 0.99437001864651, 41.385526019905775 ], [ 0.994376934750447, 41.385300966896196 ], [ 0.993779285491642, 41.385290547994565 ], [ 0.993793121578896, 41.384840442154996 ], [ 0.993494299095616, 41.384835231622453 ], [ 0.993501218051174, 41.384610178706481 ], [ 0.993202396675543, 41.384604967439479 ], [ 0.993195476690915, 41.384830020314439 ], [ 0.992597832177001, 41.384819595373138 ], [ 0.992590910057018, 41.385044648111304 ], [ 0.992292086858996, 41.385039434435917 ], [ 0.992278240382027, 41.385489539891886 ], [ 0.991979415204428, 41.385484325359002 ], [ 0.991951717072418, 41.386384535942327 ], [ 0.992250546366539, 41.386389750639324 ], [ 0.992243622667158, 41.38661480326796 ], [ 0.991944792343876, 41.386609588529957 ], [ 0.991903242314378, 41.387959904075245 ], [ 0.992202078812852, 41.387965119059452 ], [ 0.992188230233336, 41.388415224215002 ], [ 0.992487068809173, 41.388420438504681 ], [ 0.992459374822326, 41.3893206489075 ], [ 0.992758217653689, 41.389325862586745 ], [ 0.992716680491479, 41.390676178121126 ], [ 0.993015529577515, 41.390681391270867 ], [ 0.99300860747092, 41.390906443881725 ], [ 0.993307457664946, 41.390911656296872 ], [ 0.993286693963134, 41.391586814148731 ], [ 0.993585547264209, 41.391592025910242 ], [ 0.993523261179727, 41.393617499306593 ], [ 0.994419849468581, 41.393633131091242 ], [ 0.994412931548887, 41.393858183735929 ], [ 0.994711795459131, 41.393863392804711 ], [ 0.994704878429271, 41.394088445524588 ], [ 0.995003743507394, 41.394093653859692 ], [ 0.995010659507698, 41.393868601098838 ], [ 0.995309523575026, 41.393873808616235 ], [ 0.995323353279564, 41.393423703028247 ], [ 0.995024491271311, 41.393418495592819 ], [ 0.995031407036007, 41.393193442802612 ], [ 0.994732546076034, 41.393188234631417 ], [ 0.99473946279032, 41.39296318191743 ], [ 0.994440602939795, 41.392957972966528 ], [ 0.994454438193096, 41.392507867546158 ], [ 0.995351011747747, 41.392523491689914 ], [ 0.995357926167454, 41.39229843886465 ], [ 0.995656783166512, 41.392303645320631 ], [ 0.995636042757515, 41.392978803980014 ], [ 0.995934902923543, 41.39298400978322 ], [ 0.995927990327297, 41.393209062661057 ], [ 0.996226851540178, 41.393214267773509 ], [ 0.996206116366278, 41.39388942656128 ], [ 0.996504980807416, 41.393894630976902 ], [ 0.996498069956284, 41.39411968389755 ], [ 0.997394666778041, 41.394135292656941 ], [ 0.997408482227251, 41.393685186470293 ], [ 0.997109618580264, 41.393679984422697 ], [ 0.997116527216744, 41.393454931355613 ], [ 0.996817664737525, 41.393449728574303 ], [ 0.996824574323697, 41.393224675583397 ], [ 0.996525712892705, 41.393219472066299 ], [ 0.996539533891438, 41.392769366046991 ], [ 0.996838393263423, 41.392774569482221 ], [ 0.996845302614205, 41.392549516461976 ], [ 0.99744301947478, 41.392559920922494 ], [ 0.997456833825826, 41.392109814598946 ], [ 0.997755690284941, 41.392115015583329 ] ], [ [ 0.995072899972228, 41.391843125946096 ], [ 0.994176335918351, 41.391827499844155 ], [ 0.994190172444983, 41.391377394407947 ], [ 0.994489024952355, 41.39138260380156 ], [ 0.994502859107312, 41.390932498199255 ], [ 0.995100560299832, 41.390942914496748 ], [ 0.995072899972228, 41.391843125946096 ] ] ] } },
{ "type": "Feature", "properties": { "GRID_CODE": 2, "CODI_FINAL": "2002250122", "MUNICIPI": "Almatret", "DATA_INCEN": "06/08/02" }, "geometry": { "type": "MultiPolygon", "coordinates": [ [ [ [ 0.393927137354604, 41.346719567977374 ], [ 0.393963032079754, 41.345819730351728 ], [ 0.393365996450284, 41.345806204222868 ], [ 0.39342882266633, 41.344231488766752 ], [ 0.392831801799911, 41.344217960244308 ], [ 0.392840778599944, 41.343993000951329 ], [ 0.391646742246489, 41.343965934930694 ], [ 0.391655723045525, 41.343740975840184 ], [ 0.388969156486074, 41.343680032489829 ], [ 0.388960166400478, 41.343904991099599 ], [ 0.388661658531053, 41.343898215657291 ], [ 0.38865266731824, 41.344123174203347 ], [ 0.388354158523826, 41.344116397979406 ], [ 0.388273224209809, 41.34614102390934 ], [ 0.388571742291327, 41.346147800614354 ], [ 0.388562750117966, 41.346372759057473 ], [ 0.388861269267146, 41.346379535041045 ], [ 0.388843286665012, 41.346829452002602 ], [ 0.388544765405438, 41.346822675911049 ], [ 0.388508794877159, 41.347722509450804 ], [ 0.388807320176745, 41.347729285799161 ], [ 0.388798328314537, 41.347954244222571 ], [ 0.390290961717545, 41.347988114409937 ], [ 0.390281974880428, 41.348213073089312 ], [ 0.390580502904353, 41.348219844860047 ], [ 0.390571516931001, 41.348444803580925 ], [ 0.39087004608233, 41.348451574631461 ], [ 0.390861061092165, 41.348676533396528 ], [ 0.391458121751596, 41.348690073283791 ], [ 0.3914491386507, 41.348915032143573 ], [ 0.392344733478891, 41.348935336378283 ], [ 0.392353713443669, 41.348710377357449 ], [ 0.392950775062504, 41.348723909508848 ], [ 0.392977708252486, 41.348049032065838 ], [ 0.393574764124312, 41.348062560849165 ], [ 0.393610665394948, 41.347162723686452 ], [ 0.393312141479005, 41.347155959916115 ], [ 0.393321117612227, 41.346931000653605 ], [ 0.393619640443081, 41.346937764369379 ], [ 0.393628615389373, 41.346712805041861 ], [ 0.393927137354604, 41.346719567977374 ] ] ], [ [ [ 0.398043736244727, 41.348388887931478 ], [ 0.398070616466413, 41.3477140077134 ], [ 0.397772088973257, 41.347707255438131 ], [ 0.397790010723255, 41.347257335348203 ], [ 0.397491485382629, 41.347250582405721 ], [ 0.397518370291356, 41.346575702351394 ], [ 0.396921326067497, 41.34656219446493 ], [ 0.3969302895312, 41.346337234531788 ], [ 0.396631768597183, 41.346330479481566 ], [ 0.396649697329868, 41.345880559691643 ], [ 0.39635117854827, 41.345873803974314 ], [ 0.396360143757511, 41.345648844116177 ], [ 0.396061626102953, 41.345642087678627 ], [ 0.396043693532078, 41.346092007278195 ], [ 0.395745173928598, 41.346085249960943 ], [ 0.395754141349947, 41.34586029022087 ], [ 0.395157104498929, 41.34584677337255 ], [ 0.395166073809465, 41.345621813727028 ], [ 0.394569039477669, 41.345608293847903 ], [ 0.394533153362478, 41.346508131940723 ], [ 0.394234632217177, 41.346501370650202 ], [ 0.394189767172454, 41.34762616772116 ], [ 0.39448829344469, 41.347632929277616 ], [ 0.394479321167298, 41.347857888722984 ], [ 0.394777848566766, 41.347864649559178 ], [ 0.394768877153291, 41.348089609045964 ], [ 0.39506740567999, 41.348096369161908 ], [ 0.395058435249877, 41.348321328692791 ], [ 0.3953569649038, 41.348328088088451 ], [ 0.395347995397358, 41.34855304766208 ], [ 0.395945056999968, 41.348566564283018 ], [ 0.395954024455484, 41.348341604603085 ], [ 0.396849614638374, 41.348361873508679 ], [ 0.396858578915774, 41.348136913658877 ], [ 0.397754166876251, 41.3481571754877 ], [ 0.397745205677017, 41.348382135451885 ], [ 0.398043736244727, 41.348388887931478 ] ] ] ] } },
{ "type": "Feature", "properties": { "GRID_CODE": 2, "CODI_FINAL": "2002430070", "MUNICIPI": "Montblanc", "DATA_INCEN": "07/08/02" }, "geometry": { "type": "MultiPolygon", "coordinates": [ [ [ [ 1.191451323759488, 41.340604332032868 ], [ 1.191432643307865, 41.34127957373159 ], [ 1.192029958820065, 41.341288957907871 ], [ 1.192042408416881, 41.340838796607251 ], [ 1.192341064223189, 41.340843487504742 ], [ 1.192347287888328, 41.34061840680311 ], [ 1.192645942739262, 41.340623096844141 ], [ 1.192664610229029, 41.339947854570887 ], [ 1.192963262068878, 41.33995254372666 ], [ 1.192969483396958, 41.339727462912798 ], [ 1.193268134280228, 41.339732151257138 ], [ 1.193286794757857, 41.339056908692271 ], [ 1.19298814695618, 41.33905222045864 ], [ 1.193006809940739, 41.338376977873985 ], [ 1.193305454660928, 41.338381665996941 ], [ 1.193311674467482, 41.338156585078963 ], [ 1.193610318229898, 41.338161272435578 ], [ 1.193616536938712, 41.337936191471108 ], [ 1.193915179686112, 41.337940877970389 ], [ 1.193908962004428, 41.338165958971736 ], [ 1.19450624988469, 41.33817532972256 ], [ 1.194456522266413, 41.339975977931807 ], [ 1.194755174529881, 41.339980662440468 ], [ 1.194736528553802, 41.340655905442418 ], [ 1.195035183969567, 41.340660589287161 ], [ 1.195028969549851, 41.340885670320795 ], [ 1.194730313106812, 41.340880986439188 ], [ 1.194699234814622, 41.342006391234015 ], [ 1.194997896334476, 41.34201107529902 ], [ 1.194979251593668, 41.342686318198318 ], [ 1.195277916325881, 41.342691001600265 ], [ 1.195271702298539, 41.34291608258436 ], [ 1.194973036538947, 41.342911399145549 ], [ 1.194966821414908, 41.343136480038169 ], [ 1.194668154698488, 41.343131795787912 ], [ 1.194655722181424, 41.343581957560652 ], [ 1.194954390892922, 41.343586641883704 ], [ 1.194948175555951, 41.343811722792552 ], [ 1.195246845425175, 41.343816406378792 ], [ 1.195221987482702, 41.344716730020572 ], [ 1.194923313503661, 41.344712046286872 ], [ 1.194910882053489, 41.345162207998953 ], [ 1.19461220609004, 41.345157523416859 ], [ 1.194593555244458, 41.345832765756391 ], [ 1.19489223429046, 41.345837450449096 ], [ 1.194886018247804, 41.346062531261943 ], [ 1.195184698391922, 41.346067215216813 ], [ 1.195172268150006, 41.346517376887441 ], [ 1.195470950419795, 41.346522060141339 ], [ 1.195458521891052, 41.346972221846322 ], [ 1.195757206286572, 41.346976904399263 ], [ 1.195750992975085, 41.347201985229653 ], [ 1.195452307551963, 41.347197302639863 ], [ 1.195427449485075, 41.34809762589812 ], [ 1.194830070629481, 41.348088258099502 ], [ 1.194823853882291, 41.348313338771305 ], [ 1.1942264732537, 41.348303967799978 ], [ 1.194214035434385, 41.348754129057347 ], [ 1.193915343170658, 41.34874944233578 ], [ 1.193909123127399, 41.348974522913174 ], [ 1.193610429906589, 41.348969835379997 ], [ 1.193597987554039, 41.349419996387162 ], [ 1.194494073594551, 41.349434056883808 ], [ 1.19448785539488, 41.349659137506137 ], [ 1.194786551850919, 41.349663822824759 ], [ 1.194774117295265, 41.350113984114408 ], [ 1.195371514649556, 41.350123352576595 ], [ 1.195365299321371, 41.35034843328075 ], [ 1.195962698953718, 41.350357798716566 ], [ 1.19595648561052, 41.350582879484811 ], [ 1.196852588761051, 41.350596921939413 ], [ 1.196846378370949, 41.350822002807668 ], [ 1.19804118766992, 41.350840715380414 ], [ 1.19802877502138, 41.351290877339522 ], [ 1.200119708275758, 41.351323595069459 ], [ 1.200094910911667, 41.352223919947548 ], [ 1.200393620072596, 41.352228590950531 ], [ 1.200387421583181, 41.352453672194081 ], [ 1.200686131782627, 41.352458342458007 ], [ 1.200679934250732, 41.35268342372872 ], [ 1.200082511807919, 41.352674082306514 ], [ 1.20007631214984, 41.352899163494087 ], [ 1.199478887871802, 41.352889818942941 ], [ 1.199485089585694, 41.352664737828874 ], [ 1.199186378580191, 41.352660064427788 ], [ 1.199192581250322, 41.352434983385933 ], [ 1.197997742105243, 41.352416282135934 ], [ 1.197985328468896, 41.352866444005713 ], [ 1.197089193636893, 41.35285240974433 ], [ 1.197101613500347, 41.352402248096396 ], [ 1.195608067136227, 41.352378842531799 ], [ 1.19561428213142, 41.352153761878114 ], [ 1.195315574098119, 41.352149078477481 ], [ 1.195321789989628, 41.351923997895142 ], [ 1.195023083055992, 41.351919313711512 ], [ 1.195010649144185, 41.352369474882899 ], [ 1.194711940224167, 41.352364789895695 ], [ 1.194705722134502, 41.352589870430123 ], [ 1.194407012257215, 41.352585184631195 ], [ 1.194400793069061, 41.352810265119132 ], [ 1.194102082234485, 41.352805578508473 ], [ 1.194089641591766, 41.35325573933676 ], [ 1.193193503404149, 41.3532416746351 ], [ 1.193187279832726, 41.353466754945714 ], [ 1.192589852691675, 41.353457374530038 ], [ 1.192540045549425, 41.35525801599529 ], [ 1.191643880607121, 41.35524393867248 ], [ 1.191625192532775, 41.355919178720235 ], [ 1.191923917192344, 41.355923872091928 ], [ 1.191917688721657, 41.356148952095545 ], [ 1.192216414481261, 41.35615364468422 ], [ 1.192222641923891, 41.355928564643641 ], [ 1.192521366726144, 41.355933256420435 ], [ 1.192502687208099, 41.356608496713186 ], [ 1.192801415165263, 41.356613187825772 ], [ 1.192795189565448, 41.356838267956391 ], [ 1.19249646058019, 41.356833576806885 ], [ 1.192484007113517, 41.357283736920444 ], [ 1.192185276142736, 41.357279044922116 ], [ 1.192166592326176, 41.357954284977204 ], [ 1.191867858341689, 41.3579495920931 ], [ 1.191849170805411, 41.358624831905921 ], [ 1.192147907874422, 41.358629524900827 ], [ 1.192141679581986, 41.358854604871176 ], [ 1.192440417690163, 41.358859297127069 ], [ 1.192427962950812, 41.359309457067774 ], [ 1.19272670324587, 41.359314148623419 ], [ 1.192732929622055, 41.359089068643442 ], [ 1.193031668959598, 41.359093759387136 ], [ 1.193037894238119, 41.35886867931562 ], [ 1.193635371068812, 41.35887805840408 ], [ 1.193622924555209, 41.359328218640087 ], [ 1.193324184048092, 41.359323529409579 ], [ 1.193317959656436, 41.359548609498781 ], [ 1.193019218191745, 41.359543919456321 ], [ 1.193000541507943, 41.360219159555598 ], [ 1.19240305262233, 41.360209776878996 ], [ 1.192396824863121, 41.360434856819047 ], [ 1.192098079497486, 41.360430164303715 ], [ 1.192091850639271, 41.360655244197233 ], [ 1.191793104316059, 41.360650550869906 ], [ 1.191786874358814, 41.360875630716883 ], [ 1.191189379868016, 41.360866241663089 ], [ 1.191176915629278, 41.361316401135461 ], [ 1.191774414233352, 41.361325790337013 ], [ 1.191768184063886, 41.361550870155185 ], [ 1.191469433698136, 41.361546175904998 ], [ 1.19146320242958, 41.361771255676615 ], [ 1.191164451106237, 41.361766560614385 ], [ 1.191158218738566, 41.361991640339461 ], [ 1.19145697109027, 41.361996335438633 ], [ 1.19145073968145, 41.362221415146024 ], [ 1.191749493072527, 41.362226109506096 ], [ 1.191743262620087, 41.362451189285849 ], [ 1.192042017170036, 41.362455882908655 ], [ 1.192035787675247, 41.362680962715743 ], [ 1.192334543324337, 41.36268565560038 ], [ 1.192340771790729, 41.362460575756373 ], [ 1.193237036077086, 41.362474649648711 ], [ 1.193230810636136, 41.362699729602561 ], [ 1.19382832257064, 41.362709108395642 ], [ 1.193822099175582, 41.362934188414627 ], [ 1.195315885330578, 41.362957622015976 ], [ 1.195309667006992, 41.363182702209762 ], [ 1.195608425490247, 41.363187386641663 ], [ 1.195645728201015, 41.361836905158668 ], [ 1.195944480584452, 41.361841588594267 ], [ 1.195950696427684, 41.361616508269151 ], [ 1.19624944785334, 41.361621190892762 ], [ 1.196261877270136, 41.361171030185041 ], [ 1.196560626709656, 41.361175711959874 ], [ 1.196585480584484, 41.360275390236794 ], [ 1.19688422598131, 41.360280071089171 ], [ 1.196902862621274, 41.359604829597743 ], [ 1.197201604944084, 41.359609509563633 ], [ 1.197214026982307, 41.35915934841799 ], [ 1.197512767319154, 41.359164027535165 ], [ 1.197525187018849, 41.358713866277476 ], [ 1.198122663849674, 41.358723222085388 ], [ 1.19811645612263, 41.358948302748125 ], [ 1.198415195702495, 41.358952979504295 ], [ 1.198433815590039, 41.358277737286876 ], [ 1.198732552155759, 41.358282413157639 ], [ 1.198751168324544, 41.357607170743421 ], [ 1.199049901876208, 41.357611845728783 ], [ 1.199056106097152, 41.357386764853054 ], [ 1.1993548386911, 41.357391439026621 ], [ 1.199361041813461, 41.357166358104507 ], [ 1.199659773449714, 41.357171031466287 ], [ 1.199665975473516, 41.356945950497781 ], [ 1.19996470615206, 41.356950623047815 ], [ 1.199970907076085, 41.356725542077974 ], [ 1.200269636796919, 41.356730213816249 ], [ 1.200275836623671, 41.356505132755025 ], [ 1.199977107930942, 41.356500461053528 ], [ 1.199983308715394, 41.356275380019483 ], [ 1.199684581121165, 41.35627070757976 ], [ 1.199690782863293, 41.356045626572914 ], [ 1.199989509429442, 41.356050298975823 ], [ 1.199995710071843, 41.355825217967599 ], [ 1.199696984533766, 41.355820545601453 ], [ 1.199709387725695, 41.355370383540652 ], [ 1.200306834700293, 41.355379727349998 ], [ 1.200319233438703, 41.354929565102807 ], [ 1.201514120126468, 41.354948243175045 ], [ 1.201520315278029, 41.354723161890057 ], [ 1.201819036098137, 41.354727829422821 ], [ 1.201837618046813, 41.354052585400076 ], [ 1.201538900310676, 41.354047917977546 ], [ 1.20155128997951, 41.353597755366238 ], [ 1.201252574369639, 41.35359308724226 ], [ 1.201264965873998, 41.353142924621949 ], [ 1.201563679368242, 41.353147592671512 ], [ 1.201569874016851, 41.352922511310702 ], [ 1.201271161490785, 41.352917843296943 ], [ 1.201289747917841, 41.352242599309363 ], [ 1.201588457360208, 41.35224726721291 ], [ 1.201594651667745, 41.352022185812764 ], [ 1.201295943253255, 41.352017517945967 ], [ 1.201308333711831, 41.351567355235417 ], [ 1.201607040070592, 41.351572023028751 ], [ 1.201613234167143, 41.351346941599836 ], [ 1.201911939568401, 41.351351608581595 ], [ 1.201918132566794, 41.351126527106359 ], [ 1.202216837010534, 41.351131193276558 ], [ 1.202229220739513, 41.350681030268866 ], [ 1.202527923197914, 41.350685695590784 ], [ 1.202534113929773, 41.350460614013322 ], [ 1.202832815430676, 41.350465278523721 ], [ 1.20283900506446, 41.350240196899961 ], [ 1.203137705607851, 41.350244860598856 ], [ 1.203143894143584, 41.350019778928775 ], [ 1.202845194627969, 41.350015115266594 ], [ 1.202851384121203, 41.349790033623634 ], [ 1.203150082609053, 41.349794697249116 ], [ 1.203168647582654, 41.349119452197591 ], [ 1.202869952178028, 41.349114788682236 ], [ 1.202876141449915, 41.348889707001824 ], [ 1.202577447143288, 41.348885042748414 ], [ 1.202589827410928, 41.348434879475406 ], [ 1.202888519662157, 41.34843954365541 ], [ 1.202894708663494, 41.348214461945304 ], [ 1.203193399957318, 41.348219125313854 ], [ 1.203187211983663, 41.34844420706068 ], [ 1.203784596777695, 41.34845353154595 ], [ 1.203778410789176, 41.348678613356562 ], [ 1.204674491619898, 41.348692594384289 ], [ 1.204668308645512, 41.348917676250338 ], [ 1.204967003442559, 41.348922335125366 ], [ 1.204960821425686, 41.349147417018472 ], [ 1.205259517321882, 41.349152075110389 ], [ 1.20525333626133, 41.349377157075565 ], [ 1.205850730259978, 41.349386471007399 ], [ 1.205869267123254, 41.348711224909088 ], [ 1.205570573142154, 41.348706568440058 ], [ 1.205601471550894, 41.347581158236025 ], [ 1.205900160393597, 41.347585814521821 ], [ 1.205906338837464, 41.347360732406607 ], [ 1.205607651022407, 41.347356076157439 ], [ 1.205613830483502, 41.347130994070191 ], [ 1.205315143766235, 41.347126337082955 ], [ 1.205321324125052, 41.346901255021855 ], [ 1.205022638505586, 41.346896597296521 ], [ 1.205028819821842, 41.346671515262493 ], [ 1.204431450908394, 41.346662197561976 ], [ 1.204437634208422, 41.346437115636704 ], [ 1.203541584359214, 41.346423133339236 ], [ 1.203535397975171, 41.34664821519948 ], [ 1.203236713804552, 41.34664355286256 ], [ 1.203230526322669, 41.346868634676518 ], [ 1.20263315619674, 41.346859307606067 ], [ 1.202626966589381, 41.347084389337041 ], [ 1.201133537278115, 41.347061057873368 ], [ 1.201139732022282, 41.346835976371047 ], [ 1.201438416728507, 41.346840644167656 ], [ 1.201444610375986, 41.346615562573987 ], [ 1.201743294065194, 41.346620229558233 ], [ 1.201749486674509, 41.346395147919161 ], [ 1.202346852268392, 41.346404479491021 ], [ 1.202359233045107, 41.345954316080395 ], [ 1.20295659486959, 41.345963644407526 ], [ 1.202950406572123, 41.346188726168556 ], [ 1.203249088616075, 41.346193389251802 ], [ 1.203255275887214, 41.345968307409045 ], [ 1.203553956975094, 41.345972969635895 ], [ 1.203566329251534, 41.345522805848219 ], [ 1.203865008354548, 41.345527467227008 ], [ 1.203877378293762, 41.345077303372619 ], [ 1.20417605541194, 41.345081963903354 ], [ 1.204182239249326, 41.344856881902565 ], [ 1.204480915350461, 41.344861541621015 ], [ 1.204493280819349, 41.344411377518298 ], [ 1.204791954935691, 41.344416036388736 ], [ 1.204810499499086, 41.343740790097236 ], [ 1.205109170662945, 41.343745448083993 ], [ 1.205115350996772, 41.34352036591568 ], [ 1.205414021143618, 41.343525023090187 ], [ 1.205426379605656, 41.3430748586524 ], [ 1.206023716058575, 41.343084170576915 ], [ 1.206029893099674, 41.342859088269876 ], [ 1.206328560434413, 41.342863743011534 ], [ 1.206334736377982, 41.342638660658274 ], [ 1.206932069202984, 41.342647967744497 ], [ 1.206944416770246, 41.342197802862678 ], [ 1.20784041030813, 41.342211757506888 ], [ 1.207852751490568, 41.341761592368002 ], [ 1.207554088942271, 41.341756941682426 ], [ 1.207560260425888, 41.341531859134719 ], [ 1.207858921946838, 41.341536509783694 ], [ 1.207865092333054, 41.341311427189794 ], [ 1.208462413470683, 41.341320726089883 ], [ 1.208468581790696, 41.341095643459163 ], [ 1.208767241407373, 41.341100291710291 ], [ 1.20877957572543, 41.34065012625593 ], [ 1.209675548951104, 41.340664066144363 ], [ 1.209681712893362, 41.340438983292628 ], [ 1.209980369767849, 41.340443628336736 ], [ 1.209992695386639, 41.339993462576395 ], [ 1.209694040566708, 41.339988817605416 ], [ 1.20968787676564, 41.340213900431301 ], [ 1.208791909703693, 41.340199960762327 ], [ 1.20880424340067, 41.339749795275345 ], [ 1.209102896983376, 41.33975444253339 ], [ 1.209109062700218, 41.339529359716437 ], [ 1.209407715325677, 41.339534006163369 ], [ 1.209413879945285, 41.339308923300244 ], [ 1.209115228347062, 41.339304276889884 ], [ 1.209127559430755, 41.338854111208072 ], [ 1.208828910016697, 41.338849464097265 ], [ 1.208841242873559, 41.338399298495254 ], [ 1.208542595525405, 41.338394650637177 ], [ 1.208548762875386, 41.338169567880861 ], [ 1.208250116623179, 41.338164919329898 ], [ 1.208311796673897, 41.33591409120212 ], [ 1.208610432595271, 41.335918739386287 ], [ 1.208616599176353, 41.335693656479506 ], [ 1.209512504457275, 41.335707596323523 ], [ 1.209518667887241, 41.335482513297443 ], [ 1.209220033750236, 41.33547786750875 ], [ 1.209226198137258, 41.335252784509635 ], [ 1.208927565097272, 41.335248137983108 ], [ 1.208933730501044, 41.335023055011909 ], [ 1.208336466685073, 41.335013759708801 ], [ 1.208330299286996, 41.335238842607765 ], [ 1.208031666457013, 41.335234193757998 ], [ 1.208037834882101, 41.335009110895626 ], [ 1.207739203208884, 41.335004461309005 ], [ 1.207745372590953, 41.334779378473634 ], [ 1.207148111389181, 41.334770077048518 ], [ 1.207154282755172, 41.334544994276762 ], [ 1.206855653286367, 41.334540342439233 ], [ 1.206867997921817, 41.334090176941132 ], [ 1.205076234964139, 41.33406225009437 ], [ 1.205082413308572, 41.333837167550286 ], [ 1.204783787411365, 41.333832510402011 ], [ 1.204796146003393, 41.333382345359311 ], [ 1.204497522230195, 41.333377687509994 ], [ 1.204509882535701, 41.332927522501308 ], [ 1.204808504255098, 41.332932180277304 ], [ 1.20481468327573, 41.332707097721901 ], [ 1.2051133040384, 41.332711754686905 ], [ 1.205125659814258, 41.332261589519049 ], [ 1.20393118546039, 41.332242957262331 ], [ 1.203937367349892, 41.33201787483317 ], [ 1.20304151541711, 41.332003892609279 ], [ 1.20304770031693, 41.331778810280618 ], [ 1.202749084152919, 41.331774148042072 ], [ 1.202755270010584, 41.331549065695491 ], [ 1.201859425020405, 41.331535074444176 ], [ 1.201865613888266, 41.331309992198101 ], [ 1.201567000118566, 41.331305326936736 ], [ 1.201573189942961, 41.331080244717803 ], [ 1.200975964548521, 41.331070911943755 ], [ 1.200982156354969, 41.330845829833692 ], [ 1.200384933296486, 41.330836493990979 ], [ 1.200391127086175, 41.330611411944801 ], [ 1.200092516748263, 41.330606742922214 ], [ 1.200098711435907, 41.330381660857256 ], [ 1.199501492964854, 41.330372320561864 ], [ 1.19950768969538, 41.330147238561743 ], [ 1.199209081562238, 41.330142567288966 ], [ 1.199215279249146, 41.329917485316024 ], [ 1.198618065247407, 41.329908140521212 ], [ 1.198624264917387, 41.329683058612225 ], [ 1.198325659108512, 41.329678385091164 ], [ 1.198331859733572, 41.329453303254397 ], [ 1.197734650260966, 41.32944395396126 ], [ 1.197740852870255, 41.329218872143464 ], [ 1.197442249266246, 41.329214196372348 ], [ 1.197460859750392, 41.32853895101681 ], [ 1.197162259296793, 41.328534274581898 ], [ 1.197168463677719, 41.328309192799317 ], [ 1.196869864321202, 41.328304515626996 ], [ 1.196876069658322, 41.328079433871657 ], [ 1.196577471458586, 41.328074755962874 ], [ 1.196583677692156, 41.327849674233811 ], [ 1.196285080589485, 41.327844995587675 ], [ 1.196291287838927, 41.327619913886771 ], [ 1.19599269177361, 41.327615234502332 ], [ 1.195998899977934, 41.32739015287369 ], [ 1.195700305009669, 41.327385472751899 ], [ 1.195706514171338, 41.32716039110548 ], [ 1.195407920300134, 41.327155710246359 ], [ 1.195414130417881, 41.326930628627181 ], [ 1.195115537643747, 41.326925947030745 ], [ 1.195127959719605, 41.326475783882294 ], [ 1.1948293690703, 41.326471101540385 ], [ 1.194835581028375, 41.326246020011133 ], [ 1.195134170652397, 41.32625070227116 ], [ 1.195140381514684, 41.326025620650455 ], [ 1.194841792917178, 41.326020938427263 ], [ 1.194860428159255, 41.325345693663088 ], [ 1.194561842711748, 41.325341010776327 ], [ 1.194580480398581, 41.324665766036333 ], [ 1.194281898161916, 41.324661082441992 ], [ 1.194275684643303, 41.324886164009719 ], [ 1.193977101389765, 41.324881479648489 ], [ 1.193970886774164, 41.325106561169747 ], [ 1.193672302564729, 41.325101875997518 ], [ 1.193659871070177, 41.325552038892468 ], [ 1.193361284878361, 41.325547352872363 ], [ 1.19334885104735, 41.325997515700159 ], [ 1.193050262932829, 41.32599282883308 ], [ 1.193044044886199, 41.326217910150667 ], [ 1.192446866696467, 41.326208534018413 ], [ 1.192434426282855, 41.326658696567243 ], [ 1.192135835240859, 41.326654007266079 ], [ 1.192117171012428, 41.327329250861553 ], [ 1.191519983040714, 41.32731986971617 ], [ 1.191532430037347, 41.326869707446463 ], [ 1.191233838180704, 41.326865015785899 ], [ 1.191240062599589, 41.326639934673587 ], [ 1.190941471840154, 41.326635242275806 ], [ 1.190947697213662, 41.326410161235827 ], [ 1.190649107552657, 41.326405468055817 ], [ 1.190655333882011, 41.326180387043173 ], [ 1.190356745316953, 41.326175693170988 ], [ 1.190362972603375, 41.325950612140673 ], [ 1.19006438519523, 41.325945917532216 ], [ 1.190070613437451, 41.325720836529257 ], [ 1.189772027066785, 41.325716141182717 ], [ 1.189778256264782, 41.325491060207106 ], [ 1.189479670991293, 41.3254863641234 ], [ 1.189492131226824, 41.325036202262304 ], [ 1.189193548076983, 41.325031505478428 ], [ 1.189206010083745, 41.324581343607839 ], [ 1.188907429057491, 41.324576646123795 ], [ 1.188913660981191, 41.324351565211074 ], [ 1.189809401131907, 41.3243656552741 ], [ 1.189815629905651, 41.324140574240865 ], [ 1.190114209091237, 41.32414526932871 ], [ 1.190120436767879, 41.323920188248941 ], [ 1.189821858608689, 41.323915493198037 ], [ 1.189828087241033, 41.323690412145602 ], [ 1.189230933247259, 41.323681019796453 ], [ 1.189243394404027, 41.323230857855648 ], [ 1.188944819536092, 41.323226160593443 ], [ 1.188951051035356, 41.32300107962309 ], [ 1.188055329935061, 41.322986983303117 ], [ 1.188049095358012, 41.32321206411747 ], [ 1.187451946318689, 41.323202662627516 ], [ 1.187445709616915, 41.323427743403293 ], [ 1.186549983420287, 41.323413635250489 ], [ 1.186556223201114, 41.323188554585762 ], [ 1.185660500780717, 41.323174439578452 ], [ 1.185672986287865, 41.322724278442365 ], [ 1.18537441432221, 41.322719571965621 ], [ 1.185380657994551, 41.322494491465221 ], [ 1.184783516329722, 41.322485076218697 ], [ 1.184752287050648, 41.323610478435015 ], [ 1.18505086292019, 41.323615186607128 ], [ 1.185007146113263, 41.325190749538514 ], [ 1.185305729296988, 41.32519545724189 ], [ 1.185274505969883, 41.326320859206405 ], [ 1.184975917652541, 41.32631615136274 ], [ 1.184944687419293, 41.327441552946802 ], [ 1.184646094040201, 41.327436844143698 ], [ 1.184621104530946, 41.328337165081685 ], [ 1.184322507116442, 41.328332455356126 ], [ 1.184316258521224, 41.328557535495548 ], [ 1.184614856962328, 41.328562245258169 ], [ 1.184602361609848, 41.329012405672351 ], [ 1.184900962175144, 41.329017114734903 ], [ 1.184894715419166, 41.32924219496465 ], [ 1.184596113827223, 41.329237485865029 ], [ 1.184589865974923, 41.32946256600308 ], [ 1.184291263427258, 41.329457856092162 ], [ 1.184266267198285, 41.33035817653505 ], [ 1.183967660614814, 41.330353465701606 ], [ 1.183961410353196, 41.330578545762485 ], [ 1.184260017963382, 41.330583256633005 ], [ 1.184253768657537, 41.330808336721347 ], [ 1.183955160080338, 41.330803625814688 ], [ 1.183948909678063, 41.331028705811327 ], [ 1.184247519282, 41.331033416755076 ], [ 1.184241269834268, 41.331258496824212 ], [ 1.184539880595624, 41.331263207031697 ], [ 1.184533632103711, 41.331488287128302 ], [ 1.184832243962752, 41.331492996598591 ], [ 1.184825996426679, 41.331718076722645 ], [ 1.18512460938343, 41.331722785455732 ], [ 1.185130855892727, 41.331497705294609 ], [ 1.185728079965387, 41.331507120363817 ], [ 1.185715590983014, 41.331957280824675 ], [ 1.186014205119529, 41.331961987270994 ], [ 1.185976742633277, 41.333312468600212 ], [ 1.185379501989727, 41.333303054486805 ], [ 1.185373255941232, 41.333528134563082 ], [ 1.184776013527558, 41.33351871727826 ], [ 1.184757268791518, 41.334193957362203 ], [ 1.185055893043573, 41.334198666502971 ], [ 1.185049645683276, 41.334423746548801 ], [ 1.184751020404305, 41.334419037370971 ], [ 1.184738523357349, 41.334869197358735 ], [ 1.185037150690185, 41.33487390661071 ], [ 1.185024655474375, 41.335324066590083 ], [ 1.18532328493079, 41.335328775186817 ], [ 1.185329531547831, 41.335103695142372 ], [ 1.185628160049446, 41.335108402882675 ], [ 1.185634405568609, 41.334883322791555 ], [ 1.185933033114184, 41.33488802972041 ], [ 1.185939277535505, 41.334662949582643 ], [ 1.186237904125027, 41.334667655700109 ], [ 1.186231660730648, 41.334892735874924 ], [ 1.186530288358263, 41.334897441254114 ], [ 1.186536530725696, 41.33467236104228 ], [ 1.187133784259067, 41.334681769405378 ], [ 1.187115063105904, 41.335357010234262 ], [ 1.186517803410782, 41.335347601648991 ], [ 1.186511560830746, 41.335572681832033 ], [ 1.186212930062515, 41.335567976340776 ], [ 1.186219173669529, 41.335342896194803 ], [ 1.185920543999144, 41.335338189966201 ], [ 1.185914299365152, 41.335563270075156 ], [ 1.185317038244096, 41.335553855176656 ], [ 1.18530454459574, 41.336004015216609 ], [ 1.185603177205282, 41.336008723105117 ], [ 1.185596931331597, 41.336233803148211 ], [ 1.185895565039067, 41.336238510299353 ], [ 1.1858893201215, 41.336463590369881 ], [ 1.185590685387008, 41.336458883181656 ], [ 1.185571947068056, 41.337134123223514 ], [ 1.185273309383065, 41.337129415150656 ], [ 1.1852670620693, 41.337354495062691 ], [ 1.184968423428164, 41.337349786178351 ], [ 1.184962175074866, 41.337574866089675 ], [ 1.184663535417854, 41.3375701563929 ], [ 1.18465728596653, 41.337795236257534 ], [ 1.184955926590901, 41.337799945990447 ], [ 1.18494967809573, 41.338025025882551 ], [ 1.184651036384527, 41.338020316111624 ], [ 1.184644786791306, 41.338245395957053 ], [ 1.184346144123938, 41.338240685374615 ], [ 1.184339893432643, 41.338465765173346 ], [ 1.184638537127134, 41.338470475792882 ], [ 1.184632287393263, 41.338695555574056 ], [ 1.184930932184592, 41.33870026550121 ], [ 1.184924683406916, 41.338925345309875 ], [ 1.184626037587189, 41.338920635390664 ], [ 1.184613537762182, 41.339370794995048 ], [ 1.184912185576509, 41.33937550498743 ], [ 1.184905936584758, 41.339600584812288 ], [ 1.185204585556934, 41.3396052940682 ], [ 1.185198337521434, 41.339830373920513 ], [ 1.185496987591751, 41.339835082438988 ], [ 1.185490740512526, 41.340060162318743 ], [ 1.185789391621241, 41.340064870098836 ], [ 1.185776899304479, 41.340515029903621 ], [ 1.1866728593986, 41.340529148821901 ], [ 1.186666616155855, 41.340754228820074 ], [ 1.186965270689586, 41.340758933614147 ], [ 1.186946543798341, 41.341434173619916 ], [ 1.187543859182281, 41.341443581105665 ], [ 1.187531378342145, 41.341893741239566 ], [ 1.186934058848987, 41.341884333605741 ], [ 1.186927816208284, 41.342109413583302 ], [ 1.186629155570556, 41.34210470856798 ], [ 1.18662291183164, 41.342329788498894 ], [ 1.186921573556432, 41.342334493552187 ], [ 1.186915330834957, 41.34255957346646 ], [ 1.188109982491126, 41.342578386126057 ], [ 1.188103743808185, 41.342803466178779 ], [ 1.188402407940684, 41.342808167478232 ], [ 1.188396170214295, 41.343033247558346 ], [ 1.188694835446229, 41.343037948075192 ], [ 1.188669887877352, 41.343938268626736 ], [ 1.188968557289692, 41.343942968516956 ], [ 1.188949848997894, 41.344618208896421 ], [ 1.189248521503622, 41.344622908122034 ], [ 1.189229815655807, 41.345298148571032 ], [ 1.189528491374495, 41.345302847133887 ], [ 1.189522256977808, 41.345527927301305 ], [ 1.189820933794767, 41.345532625126474 ], [ 1.189814700295084, 41.345757705320345 ], [ 1.190113378210328, 41.3457624024078 ], [ 1.190100913174416, 41.346212562797533 ], [ 1.189802233204108, 41.346207865636124 ], [ 1.189789765828783, 41.346658025958511 ], [ 1.18949108387414, 41.346653327948474 ], [ 1.189484849052749, 41.346878408058288 ], [ 1.188887483300668, 41.346869009640166 ], [ 1.188881246353327, 41.347094089666406 ], [ 1.187686511649664, 41.347075283341724 ], [ 1.187674029321773, 41.347525443069351 ], [ 1.187375343752545, 41.347520739488424 ], [ 1.187369101454698, 41.347745819300791 ], [ 1.187070414928719, 41.347741114908125 ], [ 1.187051684528287, 41.348416354131537 ], [ 1.186752994990292, 41.348411648853045 ], [ 1.18674050564608, 41.34886180824325 ], [ 1.18644181412366, 41.348857102115936 ], [ 1.186435568317525, 41.349082181759577 ], [ 1.186136875838349, 41.34907747482049 ], [ 1.186130628934851, 41.349302554372457 ], [ 1.186429322381986, 41.349307261347668 ], [ 1.186423076434024, 41.349532340972104 ], [ 1.186721771039517, 41.349537047210518 ], [ 1.18670928098629, 41.34998720650465 ], [ 1.187306674520846, 41.349996616805321 ], [ 1.187294188235235, 41.350446776208209 ], [ 1.18759288716434, 41.350451480270401 ], [ 1.187586644972844, 41.35067655999493 ], [ 1.187885345000584, 41.350681263319366 ], [ 1.187872862461788, 41.351131422768603 ], [ 1.188171564615944, 41.351136125392252 ], [ 1.188165324207695, 41.351361205161041 ], [ 1.188464027460502, 41.351365907046898 ], [ 1.188457788068947, 41.35159098684403 ], [ 1.189055196842723, 41.351600388365249 ], [ 1.189030246732329, 41.352500707707719 ], [ 1.189328955336818, 41.352505407454032 ], [ 1.189335191928161, 41.352280327584339 ], [ 1.190530022941426, 41.352299118718271 ], [ 1.190536255350549, 41.352074038691093 ], [ 1.190834962193515, 41.352078734488316 ], [ 1.190841193563775, 41.351853654415521 ], [ 1.192036017710865, 41.351872429711001 ], [ 1.192042244839296, 41.351647349479883 ], [ 1.192639655311294, 41.351656732405232 ], [ 1.192652105243529, 41.351206571811531 ], [ 1.19235340202783, 41.351201880810109 ], [ 1.192365853734197, 41.350751720206823 ], [ 1.192664554894303, 41.350756411134398 ], [ 1.192677004261145, 41.350306250463881 ], [ 1.19237830515782, 41.350301559565125 ], [ 1.192384530822103, 41.350076479275813 ], [ 1.192683228839174, 41.350081170091713 ], [ 1.192708126504312, 41.349180848507942 ], [ 1.192409432538416, 41.349176157838784 ], [ 1.192415657789547, 41.348951077500551 ], [ 1.191220886804611, 41.348932307179929 ], [ 1.191245803548751, 41.348031986186754 ], [ 1.191544492093516, 41.348036679770267 ], [ 1.19155072007542, 41.34781159944977 ], [ 1.192148095321786, 41.347820984218714 ], [ 1.192154321176484, 41.347595903859769 ], [ 1.19245300787808, 41.347600595045243 ], [ 1.192459232635724, 41.347375514594752 ], [ 1.192757918380377, 41.34738020496858 ], [ 1.192776589146503, 41.346704963448772 ], [ 1.192477906484627, 41.346700273185704 ], [ 1.192484130958342, 41.346475192741813 ], [ 1.19158808654048, 41.346461117371092 ], [ 1.191594314026194, 41.346236037028383 ], [ 1.191295633702186, 41.346231343740399 ], [ 1.191314318881184, 41.345556102631399 ], [ 1.19161299606286, 41.345560795807636 ], [ 1.191619223326753, 41.34533571538244 ], [ 1.192216575906903, 41.34534509933799 ], [ 1.192210350757766, 41.345570179837985 ], [ 1.192509028211246, 41.345574870691166 ], [ 1.192521476382589, 41.345124709652772 ], [ 1.192222800984129, 41.345120018873423 ], [ 1.192241475855193, 41.344444777287997 ], [ 1.19313749295556, 41.344458846968905 ], [ 1.193156157882632, 41.34378360500893 ], [ 1.193454827328294, 41.343788293242909 ], [ 1.193461047802377, 41.343563212518468 ], [ 1.193162379443871, 41.343558524322333 ], [ 1.193168600874741, 41.343333443625198 ], [ 1.192869933554539, 41.343328754690418 ], [ 1.192876155942171, 41.343103674020583 ], [ 1.192577489720009, 41.343098984348082 ], [ 1.192571266304982, 41.343324064981019 ], [ 1.191376598073175, 41.343305298398327 ], [ 1.191370370477876, 41.343530378873943 ], [ 1.190474366920599, 41.343516295647014 ], [ 1.190480597596854, 41.343291215327248 ], [ 1.190181930973853, 41.343286519376939 ], [ 1.190213088435899, 41.342161117638824 ], [ 1.190511749983053, 41.342165813360261 ], [ 1.190524210417257, 41.341715652550882 ], [ 1.191121529614474, 41.341725041522238 ], [ 1.191127757671487, 41.341499961006733 ], [ 1.191426416348843, 41.341504654293637 ], [ 1.191432643307865, 41.34127957373159 ], [ 1.19083532807843, 41.341270186457123 ], [ 1.190829099064826, 41.341495266945287 ], [ 1.189933123728947, 41.341481180114528 ], [ 1.189945587849165, 41.341031019350353 ], [ 1.190542900599686, 41.341040411198186 ], [ 1.190555360327839, 41.340590250247772 ], [ 1.190854014754672, 41.340594944935951 ], [ 1.190860243484164, 41.340369864454409 ], [ 1.191158896954462, 41.340374558331128 ], [ 1.191165124587249, 41.340149477758011 ], [ 1.192061082280844, 41.340163554629328 ], [ 1.192048633108039, 41.340613715987566 ], [ 1.191451323759488, 41.340604332032868 ] ], [ [ 1.203702405866987, 41.340571001833439 ], [ 1.203696221308799, 41.340796083943104 ], [ 1.204592194101159, 41.340810063444614 ], [ 1.204579830878251, 41.341260227854285 ], [ 1.204281171155982, 41.341255568721671 ], [ 1.204274988443037, 41.341480650830896 ], [ 1.203677667214178, 41.341471330169519 ], [ 1.20367148237513, 41.341696412240822 ], [ 1.203372820808828, 41.341691750711114 ], [ 1.203360448865376, 41.342141914751558 ], [ 1.202763121834046, 41.342132589221634 ], [ 1.202781685807951, 41.341457343366784 ], [ 1.202483025539427, 41.341452679551011 ], [ 1.202513969226171, 41.340327269829615 ], [ 1.203111279679957, 41.340336596321443 ], [ 1.203105093137431, 41.34056167836733 ], [ 1.203702405866987, 41.340571001833439 ] ], [ [ 1.19299431574679, 41.360444239523538 ], [ 1.193591806972963, 41.360453619128698 ], [ 1.19360425419321, 41.3600034589887 ], [ 1.194500485392772, 41.360017522362021 ], [ 1.194506705812731, 41.359792442144439 ], [ 1.194805448658934, 41.359797128348553 ], [ 1.194811667980011, 41.359572048084473 ], [ 1.195110409868579, 41.359576733476665 ], [ 1.195116628089552, 41.359351653211128 ], [ 1.195714109962255, 41.35936102159566 ], [ 1.195732758095703, 41.358685780386189 ], [ 1.195434020178852, 41.358681096691548 ], [ 1.195440237090461, 41.358456016305738 ], [ 1.194842763524912, 41.358446646665129 ], [ 1.194836544556911, 41.358671726977207 ], [ 1.194239069217435, 41.35866235416276 ], [ 1.194245290301574, 41.358437273925375 ], [ 1.193946553765972, 41.358432586392524 ], [ 1.193952775746661, 41.358207506226506 ], [ 1.193056569648334, 41.358193439088524 ], [ 1.193050344583109, 41.358418519143797 ], [ 1.192751608330168, 41.358413828510869 ], [ 1.192745382164825, 41.358638908564657 ], [ 1.19244664501414, 41.358634217120731 ], [ 1.19245287220767, 41.358409137103841 ], [ 1.19215413609614, 41.358404444920879 ], [ 1.192160364247139, 41.358179364931345 ], [ 1.192459099330505, 41.358184057077381 ], [ 1.192471553362795, 41.357733897040632 ], [ 1.193367752808358, 41.357747968606247 ], [ 1.193373976634643, 41.357522888440243 ], [ 1.193075244483412, 41.35751819873088 ], [ 1.193087693978988, 41.357068038488862 ], [ 1.193983884595402, 41.357082105072379 ], [ 1.19399010615347, 41.356857024803745 ], [ 1.19428883549205, 41.356861712078391 ], [ 1.194282614962093, 41.357086792383924 ], [ 1.194581345399415, 41.357091478920452 ], [ 1.194568906185113, 41.357541639531462 ], [ 1.195465104029768, 41.357555694711493 ], [ 1.195458887400511, 41.357780775135716 ], [ 1.195757621204654, 41.357785458682905 ], [ 1.19573897397787, 41.358460700008528 ], [ 1.196037710937112, 41.358465382891289 ], [ 1.196031496023392, 41.358690463304853 ], [ 1.196330234081399, 41.358695145449438 ], [ 1.196324020183829, 41.358920225936217 ], [ 1.196622759340602, 41.358924907342612 ], [ 1.196616546400701, 41.359149987856647 ], [ 1.196317806215704, 41.359145306413389 ], [ 1.196305378069024, 41.359595467293943 ], [ 1.195409151768, 41.359581418092851 ], [ 1.195402934503432, 41.359806498430665 ], [ 1.195104191575756, 41.359801813777601 ], [ 1.195097973152575, 41.360026894068007 ], [ 1.194500485392772, 41.360017522362021 ], [ 1.194494264902183, 41.360242602570011 ], [ 1.194195520070081, 41.360237915517082 ], [ 1.194189298481818, 41.360462995633561 ], [ 1.193591806972963, 41.360453619128698 ], [ 1.193585583256217, 41.360678699206801 ], [ 1.193286836579501, 41.360674009754838 ], [ 1.193280611763768, 41.360899089786443 ], [ 1.192981864129424, 41.360894399522515 ], [ 1.19299431574679, 41.360444239523538 ] ] ], [ [ [ 1.207461508163812, 41.345133178610283 ], [ 1.207760186123705, 41.345137829844944 ], [ 1.207766357630897, 41.344912747404472 ], [ 1.207467680698515, 41.344908096206424 ], [ 1.207473853161905, 41.34468301383798 ], [ 1.207175177388085, 41.344678361857781 ], [ 1.207193697442718, 41.344003114714774 ], [ 1.206895024760469, 41.343998462113852 ], [ 1.206901198999712, 41.343773379735275 ], [ 1.206303855960191, 41.343764072283705 ], [ 1.206272973729641, 41.344889483668453 ], [ 1.20597429714777, 41.344884828597039 ], [ 1.20596811947547, 41.345109910817776 ], [ 1.206266797084859, 41.345114565925805 ], [ 1.20626062036995, 41.345339648173578 ], [ 1.207455335559029, 41.345358261004534 ], [ 1.207461508163812, 41.345133178610283 ] ] ], [ [ [ 1.20477340979916, 41.345091282639856 ], [ 1.204754864032205, 41.345766528759633 ], [ 1.205053544443582, 41.345771187076359 ], [ 1.20504736340804, 41.345996269148749 ], [ 1.2047486819691, 41.345991610795394 ], [ 1.204754864032205, 41.345766528759633 ], [ 1.204456183691014, 41.345761869668237 ], [ 1.204443817439486, 41.346212033656805 ], [ 1.20563854738611, 41.34623066566661 ], [ 1.205632368265383, 41.346455747793151 ], [ 1.206229735684976, 41.346465059222659 ], [ 1.206242089805693, 41.346014894814353 ], [ 1.205943408086118, 41.34601023955976 ], [ 1.205961941733032, 41.345334993028921 ], [ 1.205663263166253, 41.345330337109566 ], [ 1.205669441995958, 41.345105254935994 ], [ 1.20477340979916, 41.345091282639856 ] ] ] ] } },
{ "type": "Feature", "properties": { "GRID_CODE": 2, "CODI_FINAL": "2002430043", "MUNICIPI": "Tivissa", "DATA_INCEN": "22/06/02" }, "geometry": { "type": "Polygon", "coordinates": [ [ [ 0.771318511685856, 41.034426476203159 ], [ 0.771615701352503, 41.034432223708315 ], [ 0.771623291197805, 41.034207189347271 ], [ 0.771028914030871, 41.034195693663015 ], [ 0.771036505811164, 41.033970659382589 ], [ 0.770442130949612, 41.033959160725196 ], [ 0.770434537148382, 41.034184194915014 ], [ 0.769840160669335, 41.03417269310556 ], [ 0.769832564761152, 41.034397727194765 ], [ 0.76953537561045, 41.034391975095687 ], [ 0.76952777860576, 41.034617009129562 ], [ 0.769230588530604, 41.034611256219492 ], [ 0.769222990430901, 41.034836290153073 ], [ 0.768925799489215, 41.034830536478147 ], [ 0.768910600949693, 41.035280604268571 ], [ 0.768613408074559, 41.035274849692286 ], [ 0.768605807694123, 41.035499883550273 ], [ 0.768011420062153, 41.035488372007677 ], [ 0.767996215000903, 41.035938439512279 ], [ 0.767699019292962, 41.035932682501738 ], [ 0.767676208025158, 41.036607783502703 ], [ 0.767379009371624, 41.036602025590341 ], [ 0.767371404432354, 41.03682705920702 ], [ 0.767074204913793, 41.036821300484746 ], [ 0.767043780195093, 41.037721434623947 ], [ 0.767638187522212, 41.037732951668126 ], [ 0.767600164866324, 41.038858119584113 ], [ 0.769383419115597, 41.038892653697225 ], [ 0.769391017755118, 41.038667619852845 ], [ 0.77087706031556, 41.03869637699588 ], [ 0.770884653814031, 41.038471342959923 ], [ 0.771181861525902, 41.038477092045014 ], [ 0.77117426903813, 41.038702126126246 ], [ 0.77147147790613, 41.038707874492012 ], [ 0.771448702954498, 41.039382976946833 ], [ 0.771151491054341, 41.039377228445176 ], [ 0.771121119206965, 41.040277364685778 ], [ 0.770526687637964, 41.040265865023784 ], [ 0.770519092439183, 41.040490898979613 ], [ 0.769627442609309, 41.040473643605381 ], [ 0.769612245890389, 41.040923711170194 ], [ 0.770206683067483, 41.040935215700152 ], [ 0.770191490046135, 41.04138528345139 ], [ 0.769894269392909, 41.041379531478668 ], [ 0.769879074005731, 41.041829599099373 ], [ 0.770176296621208, 41.041835351161588 ], [ 0.770183893406412, 41.041610317312063 ], [ 0.771372780804011, 41.041633317723438 ], [ 0.771357595354893, 41.04208338573229 ], [ 0.771952043672577, 41.042094881525216 ], [ 0.771944452840042, 41.042319915627786 ], [ 0.772241678079284, 41.042325662419586 ], [ 0.772234088171678, 41.042550696557456 ], [ 0.772531314567223, 41.042556442629824 ], [ 0.772523725584569, 41.042781476803 ], [ 0.773118180655302, 41.042792966740627 ], [ 0.773133354491042, 41.042342898203223 ], [ 0.773430580074043, 41.042348641931554 ], [ 0.773438165852138, 41.04212360760264 ], [ 0.774329840262223, 41.042140834060078 ], [ 0.774314674626075, 41.042590902978297 ], [ 0.774909128705798, 41.042602383634858 ], [ 0.774886385763738, 41.043277487165483 ], [ 0.775480846193024, 41.043288965028708 ], [ 0.775496004196011, 41.042838895852384 ], [ 0.775198775990039, 41.042833157394725 ], [ 0.775206355874455, 41.042608122814322 ], [ 0.775503583069506, 41.042613861226748 ], [ 0.775518740559, 41.04216379194559 ], [ 0.775815965877511, 41.042169529502857 ], [ 0.775831121000403, 41.041719460136413 ], [ 0.776722791346086, 41.041736667940668 ], [ 0.776700067630271, 41.042411772404691 ], [ 0.776997294302894, 41.042417506943671 ], [ 0.776989720569795, 41.042642541805279 ], [ 0.77728694833912, 41.042648275623556 ], [ 0.777294521061301, 41.042423240716793 ], [ 0.777888974775946, 41.042434705964212 ], [ 0.777896545390552, 41.042209670957121 ], [ 0.778193771395295, 41.042215402387399 ], [ 0.778201340911752, 41.041990367370197 ], [ 0.778498565991336, 41.041996097989454 ], [ 0.778513702748337, 41.041546027744822 ], [ 0.778810925832426, 41.041551757506753 ], [ 0.778826060224859, 41.041101687131956 ], [ 0.778231618126393, 41.041090227021648 ], [ 0.778246756217857, 41.040640156832588 ], [ 0.778543975232283, 41.040645887180929 ], [ 0.778581813909176, 41.03952071124057 ], [ 0.77887902795533, 41.039526440597321 ], [ 0.778894160805249, 41.039076370043141 ], [ 0.778596948780607, 41.039070640776664 ], [ 0.778604516087771, 41.038845605529765 ], [ 0.778307305219001, 41.038839875543815 ], [ 0.778314873451192, 41.038614840332087 ], [ 0.777423244213042, 41.038597645911572 ], [ 0.777430815449591, 41.038372610871541 ], [ 0.777133606885721, 41.038366877911649 ], [ 0.777141178989296, 41.038141842860675 ], [ 0.776843971521878, 41.038136109180194 ], [ 0.776851544550387, 41.037911074164427 ], [ 0.777148751007118, 41.037916807799725 ], [ 0.777156322939188, 41.037691772728806 ], [ 0.776561912192293, 41.03768030478399 ], [ 0.776569486059937, 41.037455269793469 ], [ 0.775677873525739, 41.037438062266958 ], [ 0.775693027125488, 41.036987992573373 ], [ 0.775098623240937, 41.036976517241186 ], [ 0.775106201904392, 41.036751482446789 ], [ 0.774809001160911, 41.036745743678473 ], [ 0.77481658074915, 41.036520708919319 ], [ 0.774222181422057, 41.036509229173681 ], [ 0.774207018117286, 41.036959298501074 ], [ 0.773612615150615, 41.03694781551274 ], [ 0.773665699361443, 41.035372573370765 ], [ 0.773368505051292, 41.035366831044193 ], [ 0.773376089177218, 41.035141796451427 ], [ 0.773078896022921, 41.035136053405573 ], [ 0.773094066038147, 41.034685984280621 ], [ 0.772796874929824, 41.034680240603478 ], [ 0.772812046622452, 41.034230171529153 ], [ 0.772514857622551, 41.034224427131896 ], [ 0.772522444350481, 41.033999392625041 ], [ 0.772225256506401, 41.033993647508545 ], [ 0.772217668767997, 41.034218681970096 ], [ 0.771920479939931, 41.034212936041513 ], [ 0.771912891105112, 41.03443797044784 ], [ 0.771615701352503, 41.034432223708315 ], [ 0.771592931302394, 41.035107326686592 ], [ 0.770998546051466, 41.03509583063996 ], [ 0.771013730212362, 41.034645762193954 ], [ 0.771310920744107, 41.034651510508937 ], [ 0.771318511685856, 41.034426476203159 ] ] ] } },
{ "type": "Feature", "properties": { "GRID_CODE": 2, "CODI_FINAL": "2002430065", "MUNICIPI": "El Perelló", "DATA_INCEN": "30/07/02" }, "geometry": { "type": "Polygon", "coordinates": [ [ [ 0.648391135184734, 40.849158472477406 ], [ 0.648415007016785, 40.848483405839303 ], [ 0.647822343581935, 40.84847131961871 ], [ 0.647838261689077, 40.848021275348522 ], [ 0.646356614652516, 40.847991047032423 ], [ 0.646372542408228, 40.847541003153708 ], [ 0.645187234370389, 40.847516807184505 ], [ 0.645155362487399, 40.848416894138225 ], [ 0.644859031685144, 40.84841084306484 ], [ 0.644835123826099, 40.849085907986002 ], [ 0.644538790111739, 40.849079856008984 ], [ 0.644530819643843, 40.849304877596467 ], [ 0.646308829166133, 40.8493411783802 ], [ 0.646292899969341, 40.849791222097501 ], [ 0.647774587036191, 40.849821452320953 ], [ 0.647782546734898, 40.849596430230129 ], [ 0.648078883382322, 40.849602473935903 ], [ 0.648094800389615, 40.849152429626265 ], [ 0.648391135184734, 40.849158472477406 ] ] ] } },
{ "type": "Feature", "properties": { "GRID_CODE": 2, "CODI_FINAL": "2002170100", "MUNICIPI": "Roses", "DATA_INCEN": "12/10/02" }, "geometry": { "type": "MultiPolygon", "coordinates": [ [ [ [ 3.200916744196608, 42.259200476931873 ], [ 3.200856124217118, 42.25920058344974 ], [ 3.200795504237302, 42.259200689935554 ], [ 3.200734884257156, 42.259200796389344 ], [ 3.200674264276683, 42.259200902811088 ], [ 3.200613644295881, 42.25920100920078 ], [ 3.200613787493255, 42.259246040291579 ], [ 3.200613930690957, 42.259291071382002 ], [ 3.200614073888988, 42.259336102472091 ], [ 3.200614217087347, 42.259381133561817 ], [ 3.200614360286034, 42.259426164651195 ], [ 3.200553740089251, 42.259426271009673 ], [ 3.200493119892141, 42.259426377336148 ], [ 3.200432499694702, 42.259426483630584 ], [ 3.200371879496935, 42.259426589892946 ], [ 3.200311259298841, 42.259426696123292 ], [ 3.200250639100418, 42.259426802321578 ], [ 3.200190018901668, 42.259426908487853 ], [ 3.200129398702592, 42.259427014622055 ], [ 3.200068778503186, 42.25942712072424 ], [ 3.200008158303455, 42.259427226794386 ], [ 3.199947538103396, 42.259427332832495 ], [ 3.199886917903011, 42.25942743883855 ], [ 3.199826297702298, 42.259427544812588 ], [ 3.199765677501258, 42.259427650754574 ], [ 3.19970505729989, 42.259427756664536 ], [ 3.199704914748164, 42.259382725572628 ], [ 3.199704772196765, 42.259337694480415 ], [ 3.199704629645691, 42.259292663387839 ], [ 3.199704487094946, 42.259247632294908 ], [ 3.199704344544525, 42.259202601201615 ], [ 3.199643724558486, 42.259202707078686 ], [ 3.199583104572119, 42.259202812923718 ], [ 3.199522484585424, 42.259202918736712 ], [ 3.199461864598403, 42.259203024517667 ], [ 3.199401244611057, 42.259203130266613 ], [ 3.199340624623385, 42.259203235983499 ], [ 3.199280004635387, 42.259203341668297 ], [ 3.19921938464706, 42.259203447321099 ], [ 3.199158764658411, 42.259203552941841 ], [ 3.199098144669434, 42.259203658530602 ], [ 3.199098002550644, 42.259158627435276 ], [ 3.199097860432181, 42.25911359633961 ], [ 3.199097718314043, 42.259068565243574 ], [ 3.199097576196231, 42.259023534147197 ], [ 3.199097434078745, 42.258978503050479 ], [ 3.199036814305092, 42.25897860860632 ], [ 3.198976194531115, 42.258978714130123 ], [ 3.198915574756812, 42.258978819621909 ], [ 3.198854954982184, 42.258978925081635 ], [ 3.19879433520723, 42.258979030509323 ], [ 3.198733715431951, 42.258979135905001 ], [ 3.198673095656347, 42.258979241268612 ], [ 3.198612475880419, 42.258979346600206 ], [ 3.198551856104165, 42.258979451899748 ], [ 3.198491236327585, 42.258979557167251 ], [ 3.198430616550682, 42.258979662402695 ], [ 3.198369996773454, 42.258979767606142 ], [ 3.198309376995901, 42.258979872777509 ], [ 3.198248757218025, 42.258979977916844 ], [ 3.198188137439823, 42.258980083024177 ], [ 3.198127517661297, 42.258980188099443 ], [ 3.198066897882447, 42.258980293142685 ], [ 3.198006278103273, 42.258980398153881 ], [ 3.197945658323777, 42.25898050313301 ], [ 3.197885038543955, 42.25898060808013 ], [ 3.19788489728939, 42.258935576979731 ], [ 3.197884756035149, 42.258890545878984 ], [ 3.197884614781231, 42.25884551477786 ], [ 3.197884473527639, 42.258800483676367 ], [ 3.197884332274371, 42.25875545257454 ], [ 3.197823712709873, 42.258755557488797 ], [ 3.197763093145051, 42.258755662370994 ], [ 3.197702473579906, 42.258755767221189 ], [ 3.197641854014439, 42.258755872039323 ], [ 3.197581234448649, 42.258755976825405 ], [ 3.197520614882534, 42.258756081579456 ], [ 3.197459995316097, 42.258756186301483 ], [ 3.197399375749337, 42.258756290991471 ], [ 3.197338756182253, 42.258756395649407 ], [ 3.197278136614846, 42.258756500275325 ], [ 3.197278277436823, 42.258801531378793 ], [ 3.197278418259121, 42.258846562481907 ], [ 3.197278559081741, 42.258891593584664 ], [ 3.197278699904686, 42.258936624687081 ], [ 3.197278840727953, 42.258981655789128 ], [ 3.197278981551543, 42.259026686890813 ], [ 3.197279122375456, 42.25907171799215 ], [ 3.197279263199693, 42.259116749093117 ], [ 3.197279404024252, 42.259161780193757 ], [ 3.197279544849134, 42.259206811294014 ], [ 3.197279685674339, 42.259251842393923 ], [ 3.197279826499867, 42.259296873493469 ], [ 3.197279967325718, 42.259341904592638 ], [ 3.197280108151892, 42.259386935691495 ], [ 3.197280248978389, 42.25943196678999 ], [ 3.197280389805209, 42.259476997888108 ], [ 3.197280530632352, 42.259522028985877 ], [ 3.197280671459818, 42.259567060083278 ], [ 3.197280812287607, 42.259612091180337 ], [ 3.197280953115718, 42.259657122277048 ], [ 3.197220332685384, 42.259657226874189 ], [ 3.197159712254726, 42.259657331439286 ], [ 3.197099091823745, 42.259657435972372 ], [ 3.197038471392443, 42.259657540473391 ], [ 3.196977850960817, 42.259657644942386 ], [ 3.196977710348362, 42.259612613844872 ], [ 3.196977569736228, 42.259567582747003 ], [ 3.196977429124417, 42.25952255164875 ], [ 3.19697728851293, 42.259477520550178 ], [ 3.196977147901764, 42.259432489451235 ], [ 3.196916527685473, 42.259432593887347 ], [ 3.196855907468857, 42.259432698291434 ], [ 3.196795287251921, 42.259432802663511 ], [ 3.196734667034663, 42.259432907003493 ], [ 3.196674046817082, 42.259433011311479 ], [ 3.196613426599181, 42.259433115587406 ], [ 3.196552806380956, 42.259433219831301 ], [ 3.196492186162412, 42.259433324043144 ], [ 3.196431565943544, 42.259433428222977 ], [ 3.196370945724357, 42.259433532370736 ], [ 3.196371085904214, 42.25947856347134 ], [ 3.196371226084392, 42.259523594571569 ], [ 3.196371366264892, 42.259568625671434 ], [ 3.196371506445715, 42.259613656770938 ], [ 3.196371646626857, 42.259658687870093 ], [ 3.196371786808322, 42.259703718968886 ], [ 3.196371926990108, 42.259748750067338 ], [ 3.196372067172216, 42.259793781165421 ], [ 3.196372207354644, 42.259838812263162 ], [ 3.196372347537395, 42.259883843360527 ], [ 3.196372487720468, 42.259928874457536 ], [ 3.196372627903861, 42.259973905554212 ], [ 3.196372768087576, 42.260018936650511 ], [ 3.196372908271613, 42.260063967746454 ], [ 3.196373048455971, 42.260108998842043 ], [ 3.196373188640651, 42.260154029937276 ], [ 3.196373328825653, 42.260199061032147 ], [ 3.196373469010976, 42.260244092126669 ], [ 3.196373609196619, 42.260289123220822 ], [ 3.196373749382585, 42.260334154314627 ], [ 3.19643437046441, 42.2603340501636 ], [ 3.196494991545912, 42.260333945980506 ], [ 3.196555612627094, 42.260333841765387 ], [ 3.196616233707954, 42.260333737518216 ], [ 3.196676854788492, 42.260333633238993 ], [ 3.196676995190444, 42.260378664331625 ], [ 3.196677135592718, 42.260423695423889 ], [ 3.196677275995313, 42.260468726515825 ], [ 3.196677416398231, 42.260513757607391 ], [ 3.19667755680147, 42.260558788698596 ], [ 3.196616935505266, 42.260558892978622 ], [ 3.196556314208741, 42.260558997226589 ], [ 3.196495692911895, 42.260559101442546 ], [ 3.196435071614728, 42.260559205626457 ], [ 3.196374450317238, 42.260559309778301 ], [ 3.196374590505133, 42.260604340869975 ], [ 3.196374730693351, 42.260649371961264 ], [ 3.196374870881888, 42.260694403052234 ], [ 3.196375011070748, 42.260739434142828 ], [ 3.196375151259929, 42.260784465233058 ], [ 3.196314529746451, 42.260784569353724 ], [ 3.196253908232651, 42.260784673442302 ], [ 3.19619328671853, 42.260784777498856 ], [ 3.196132665204088, 42.260784881523385 ], [ 3.196072043689326, 42.260784985515876 ], [ 3.196011422174243, 42.2607850894763 ], [ 3.195950800658839, 42.260785193404708 ], [ 3.195890179143114, 42.260785297301062 ], [ 3.195829557627069, 42.26078540116535 ], [ 3.195768936110704, 42.260785504997642 ], [ 3.195768796352861, 42.260740473905763 ], [ 3.195768656595337, 42.260695442813535 ], [ 3.195768516838134, 42.260650411720931 ], [ 3.195768377081252, 42.260605380628007 ], [ 3.195768237324691, 42.2605603495347 ], [ 3.195707616023673, 42.260560453334136 ], [ 3.195646994722335, 42.260560557101499 ], [ 3.195586373420676, 42.26056066083683 ], [ 3.195525752118698, 42.260560764540138 ], [ 3.195465130816399, 42.260560868211364 ], [ 3.195404509513782, 42.260560971850595 ], [ 3.195343888210844, 42.260561075457758 ], [ 3.195283266907586, 42.260561179032898 ], [ 3.19522264560401, 42.260561282575971 ], [ 3.195162024300114, 42.260561386087033 ], [ 3.195161884975205, 42.260516354991736 ], [ 3.195161745650616, 42.260471323896098 ], [ 3.195161606326346, 42.260426292800098 ], [ 3.195161467002395, 42.260381261703749 ], [ 3.195161327678766, 42.260336230607031 ], [ 3.195161188355455, 42.260291199509986 ], [ 3.195161049032464, 42.26024616841255 ], [ 3.195160909709792, 42.260201137314787 ], [ 3.195160770387441, 42.260156106216648 ], [ 3.195160631065407, 42.260111075118132 ], [ 3.195221251937975, 42.260110971608711 ], [ 3.195281872810225, 42.260110868067258 ], [ 3.195342493682154, 42.260110764493746 ], [ 3.195403114553763, 42.260110660888209 ], [ 3.195463735425053, 42.26011055725062 ], [ 3.195463595887678, 42.260065526152587 ], [ 3.195463456350625, 42.260020495054199 ], [ 3.19546331681389, 42.259975463955442 ], [ 3.195463177277476, 42.259930432856343 ], [ 3.195463037741381, 42.259885401756875 ], [ 3.195402417085752, 42.259885505393655 ], [ 3.195341796429803, 42.259885608998367 ], [ 3.195281175773534, 42.259885712571062 ], [ 3.195220555116945, 42.259885816111705 ], [ 3.195159934460039, 42.259885919620331 ], [ 3.195159795139922, 42.259840888519697 ], [ 3.195159655820127, 42.259795857418695 ], [ 3.19515951650065, 42.259750826317365 ], [ 3.195159377181494, 42.259705795215652 ], [ 3.195159237862656, 42.259660764113583 ], [ 3.195159098544139, 42.259615733011174 ], [ 3.19515895922594, 42.259570701908395 ], [ 3.195158819908062, 42.25952567080526 ], [ 3.195158680590503, 42.259480639701778 ], [ 3.195158541273262, 42.259435608597947 ], [ 3.195158401956343, 42.259390577493747 ], [ 3.195158262639743, 42.259345546389177 ], [ 3.195158123323462, 42.259300515284266 ], [ 3.1951579840075, 42.259255484178986 ], [ 3.195157844691858, 42.259210453073372 ], [ 3.195157705376535, 42.259165421967367 ], [ 3.195157566061533, 42.259120390861021 ], [ 3.195157426746849, 42.259075359754348 ], [ 3.195157287432485, 42.25903032864727 ], [ 3.195157148118442, 42.258985297539873 ], [ 3.195096528323832, 42.258985401013184 ], [ 3.195035908528902, 42.258985504454479 ], [ 3.194975288733654, 42.258985607863707 ], [ 3.194914668938086, 42.258985711240918 ], [ 3.1948540491422, 42.258985814586076 ], [ 3.194793429345995, 42.258985917899224 ], [ 3.194732809549471, 42.258986021180306 ], [ 3.194672189752628, 42.258986124429327 ], [ 3.194611569955467, 42.258986227646339 ], [ 3.194550950157988, 42.258986330831313 ], [ 3.194490330360189, 42.258986433984234 ], [ 3.194429710562074, 42.258986537105137 ], [ 3.194369090763639, 42.258986640193996 ], [ 3.194308470964889, 42.258986743250787 ], [ 3.194247851165819, 42.258986846275576 ], [ 3.194247989832914, 42.259031877385404 ], [ 3.194248128500329, 42.259076908494905 ], [ 3.194248267168061, 42.259121939604036 ], [ 3.194248405836109, 42.259166970712798 ], [ 3.194248544504477, 42.259212001821219 ], [ 3.194248683173163, 42.259257032929277 ], [ 3.194248821842167, 42.25930206403698 ], [ 3.194248960511489, 42.259347095144349 ], [ 3.194249099181129, 42.259392126251313 ], [ 3.194249237851087, 42.259437157357965 ], [ 3.194188617620396, 42.259437260352314 ], [ 3.194127997389388, 42.259437363314618 ], [ 3.194067377158061, 42.259437466244904 ], [ 3.194006756926416, 42.259437569143138 ], [ 3.193946136694455, 42.259437672009319 ], [ 3.193885516462176, 42.259437774843477 ], [ 3.19382489622958, 42.259437877645588 ], [ 3.193764275996667, 42.259437980415676 ], [ 3.193703655763437, 42.259438083153704 ], [ 3.193643035529889, 42.2594381858597 ], [ 3.193643173768858, 42.259483216967588 ], [ 3.193643312008142, 42.259528248075149 ], [ 3.193643450247742, 42.259573279182305 ], [ 3.193643588487661, 42.259618310289135 ], [ 3.193643726727895, 42.259663341395594 ], [ 3.193583106278377, 42.259663444070362 ], [ 3.193522485828541, 42.259663546713071 ], [ 3.193461865378388, 42.25966364932377 ], [ 3.193401244927919, 42.259663751902394 ], [ 3.193340624477133, 42.259663854449016 ], [ 3.193340762502028, 42.259708885555924 ], [ 3.19334090052724, 42.25975391666249 ], [ 3.193341038552769, 42.259798947768694 ], [ 3.193341176578614, 42.259843978874535 ], [ 3.193341314604776, 42.259889009980007 ], [ 3.193280693938016, 42.259889112495394 ], [ 3.193220073270939, 42.259889214978713 ], [ 3.193159452603547, 42.259889317430016 ], [ 3.193098831935838, 42.259889419849259 ], [ 3.193038211267814, 42.25988952223647 ], [ 3.192977590599474, 42.259889624591636 ], [ 3.192916969930818, 42.259889726914757 ], [ 3.192856349261846, 42.259889829205861 ], [ 3.192795728592559, 42.259889931464912 ], [ 3.192735107922957, 42.259890033691924 ], [ 3.192735245518116, 42.259935064798661 ], [ 3.192735383113591, 42.259980095905028 ], [ 3.19273552070938, 42.260025127011069 ], [ 3.192735658305488, 42.260070158116733 ], [ 3.192735795901909, 42.260115189222041 ], [ 3.19267517501633, 42.260115291417804 ], [ 3.192614554130436, 42.260115393581557 ], [ 3.192553933244228, 42.260115495713222 ], [ 3.192493312357703, 42.260115597812884 ], [ 3.192432691470866, 42.26011569988048 ], [ 3.192432828851939, 42.26016073098625 ], [ 3.19243296623333, 42.260205762091651 ], [ 3.192433103615037, 42.260250793196704 ], [ 3.192433240997056, 42.260295824301373 ], [ 3.192433378379392, 42.260340855405708 ], [ 3.192433515762043, 42.260385886509688 ], [ 3.192433653145009, 42.260430917613306 ], [ 3.19243379052829, 42.260475948716561 ], [ 3.192433927911886, 42.260520979819461 ], [ 3.192434065295796, 42.260566010922012 ], [ 3.192434202680023, 42.260611042024216 ], [ 3.192434340064565, 42.260656073126029 ], [ 3.192434477449421, 42.260701104227515 ], [ 3.192434614834593, 42.260746135328645 ], [ 3.19243475222008, 42.260791166429399 ], [ 3.192434889605882, 42.260836197529805 ], [ 3.192435026991999, 42.260881228629863 ], [ 3.192435164378431, 42.260926259729551 ], [ 3.192435301765178, 42.260971290828891 ], [ 3.19243543915224, 42.261016321927862 ], [ 3.192496060901747, 42.261016219857069 ], [ 3.192556682650937, 42.261016117754195 ], [ 3.192617304399814, 42.26101601561929 ], [ 3.192677926148373, 42.261015913452354 ], [ 3.192738547896619, 42.261015811253365 ], [ 3.192738685499669, 42.261060842351199 ], [ 3.192738823103033, 42.261105873448642 ], [ 3.192738960706714, 42.261150904545765 ], [ 3.19273909831071, 42.261195935642498 ], [ 3.192739235915022, 42.26124096673891 ], [ 3.192739373519649, 42.261285997834946 ], [ 3.192739511124593, 42.261331028930641 ], [ 3.192739648729852, 42.26137606002596 ], [ 3.192739786335427, 42.261421091120923 ], [ 3.192739923941316, 42.261466122215545 ], [ 3.192679301761722, 42.261466224416118 ], [ 3.192618679581814, 42.261466326584653 ], [ 3.19255805740159, 42.26146642872115 ], [ 3.192497435221051, 42.261466530825629 ], [ 3.192436813040197, 42.261466632898056 ], [ 3.192436950430726, 42.261511663993097 ], [ 3.19243708782157, 42.261556695087812 ], [ 3.192437225212728, 42.261601726182157 ], [ 3.192437362604203, 42.261646757276147 ], [ 3.192437499995993, 42.26169178836976 ], [ 3.192437637388096, 42.261736819463039 ], [ 3.192437774780516, 42.261781850555963 ], [ 3.19243791217325, 42.261826881648517 ], [ 3.192438049566301, 42.261871912740702 ], [ 3.192438186959666, 42.261916943832574 ], [ 3.192438324353347, 42.261961974924063 ], [ 3.192438461747341, 42.262007006015182 ], [ 3.192438599141652, 42.262052037105967 ], [ 3.192438736536278, 42.26209706819639 ], [ 3.192438873931218, 42.262142099286443 ], [ 3.192439011326474, 42.262187130376162 ], [ 3.192439148722045, 42.262232161465512 ], [ 3.192439286117931, 42.2622771925545 ], [ 3.192439423514132, 42.262322223643132 ], [ 3.192439560910649, 42.262367254731416 ], [ 3.192439698307481, 42.262412285819316 ], [ 3.192439835704627, 42.262457316906897 ], [ 3.192439973102089, 42.262502347994086 ], [ 3.192440110499866, 42.262547379080956 ], [ 3.192440247897959, 42.262592410167457 ], [ 3.192500871157225, 42.262592308091016 ], [ 3.192561494416179, 42.262592205982571 ], [ 3.192622117674817, 42.262592103842032 ], [ 3.192682740933139, 42.262592001669482 ], [ 3.192743364191147, 42.262591899464873 ], [ 3.192743501805243, 42.262636930550201 ], [ 3.192743639419654, 42.262681961635174 ], [ 3.192743777034383, 42.262726992719827 ], [ 3.192743914649426, 42.262772023804089 ], [ 3.192744052264785, 42.262817054888004 ], [ 3.192804675738167, 42.262816952650539 ], [ 3.192865299211234, 42.262816850381057 ], [ 3.192925922683984, 42.262816748079544 ], [ 3.192986546156419, 42.262816645745943 ], [ 3.193047169628538, 42.262816543380339 ], [ 3.193107793100341, 42.262816440982647 ], [ 3.19316841657183, 42.262816338552959 ], [ 3.193229040043001, 42.262816236091211 ], [ 3.193289663513856, 42.262816133597418 ], [ 3.193350286984393, 42.262816031071573 ], [ 3.193410910454617, 42.262815928513724 ], [ 3.193471533924523, 42.262815825923788 ], [ 3.193532157394111, 42.262815723301806 ], [ 3.193592780863386, 42.262815620647814 ], [ 3.193653404332341, 42.262815517961769 ], [ 3.193714027800979, 42.262815415243658 ], [ 3.193774651269301, 42.262815312493515 ], [ 3.193835274737306, 42.262815209711356 ], [ 3.193895898204994, 42.262815106897122 ], [ 3.193956521672364, 42.26281500405085 ], [ 3.193956660150806, 42.262860035131162 ], [ 3.193956798629564, 42.262905066211175 ], [ 3.19395693710864, 42.262950097290769 ], [ 3.193957075588034, 42.262995128370036 ], [ 3.193957214067746, 42.263040159448941 ], [ 3.193896590384683, 42.263040262296002 ], [ 3.193835966701302, 42.263040365111038 ], [ 3.193775343017605, 42.263040467894029 ], [ 3.193714719333591, 42.263040570644996 ], [ 3.193654095649258, 42.263040673363882 ], [ 3.193654233913595, 42.263085704443249 ], [ 3.193654372178246, 42.263130735522239 ], [ 3.193654510443216, 42.263175766600888 ], [ 3.193654648708502, 42.263220797679175 ], [ 3.193654786974106, 42.263265828757099 ], [ 3.193654925240028, 42.263310859834675 ], [ 3.193655063506265, 42.263355890911903 ], [ 3.193655201772821, 42.263400921988762 ], [ 3.193655340039693, 42.263445953065258 ], [ 3.193655478306881, 42.263490984141391 ], [ 3.193655616574389, 42.263536015217184 ], [ 3.193655754842212, 42.2635810462926 ], [ 3.193655893110353, 42.26362607736769 ], [ 3.193656031378811, 42.263671108442409 ], [ 3.193656169647586, 42.263716139516781 ], [ 3.193656307916679, 42.263761170590762 ], [ 3.193656446186087, 42.263806201664437 ], [ 3.193656584455814, 42.263851232737714 ], [ 3.193656722725858, 42.263896263810651 ], [ 3.193656860996219, 42.263941294883232 ], [ 3.193717485543346, 42.263941192161106 ], [ 3.193778110090154, 42.26394108940692 ], [ 3.193838734636647, 42.26394098662071 ], [ 3.193899359182823, 42.263940883802448 ], [ 3.193959983728681, 42.26394078095214 ], [ 3.19402060827422, 42.263940678069794 ], [ 3.194081232819443, 42.263940575155395 ], [ 3.194141857364348, 42.263940472208944 ], [ 3.194202481908935, 42.263940369230461 ], [ 3.194263106453205, 42.26394026621994 ], [ 3.194323730997156, 42.263940163177359 ], [ 3.194384355540792, 42.26394006010274 ], [ 3.194444980084107, 42.26393995699609 ], [ 3.194505604627105, 42.263939853857366 ], [ 3.194566229169784, 42.26393975068661 ], [ 3.194626853712144, 42.263939647483824 ], [ 3.194687478254187, 42.263939544248991 ], [ 3.194748102795911, 42.263939440982085 ], [ 3.194808727337315, 42.263939337683162 ], [ 3.194869351878403, 42.263939234352186 ], [ 3.194869212745228, 42.263894203282867 ], [ 3.194869073612373, 42.263849172213163 ], [ 3.194868934479837, 42.26380414114309 ], [ 3.194868795347621, 42.263759110072691 ], [ 3.194868656215723, 42.263714079001907 ], [ 3.194929280540788, 42.263713975639696 ], [ 3.194989904865533, 42.263713872245447 ], [ 3.19505052918996, 42.263713768819166 ], [ 3.195111153514069, 42.263713665360818 ], [ 3.195171777837858, 42.263713561870418 ], [ 3.195232402161327, 42.263713458348001 ], [ 3.195293026484477, 42.263713354793524 ], [ 3.195353650807307, 42.263713251207001 ], [ 3.195414275129818, 42.26371314758844 ], [ 3.195474899452008, 42.263713043937827 ], [ 3.195474759889028, 42.263668012868337 ], [ 3.195474620326368, 42.263622981798477 ], [ 3.195474480764028, 42.263577950728276 ], [ 3.195474341202007, 42.263532919657699 ], [ 3.195474201640307, 42.263487888586781 ], [ 3.195534825746479, 42.263487784904925 ], [ 3.19559544985233, 42.263487681191073 ], [ 3.195656073957862, 42.26348757744514 ], [ 3.195716698063073, 42.263487473667148 ], [ 3.195777322167964, 42.263487369857167 ], [ 3.195837946272535, 42.263487266015105 ], [ 3.195898570376783, 42.263487162140976 ], [ 3.195959194480712, 42.263487058234858 ], [ 3.196019818584323, 42.26348695429666 ], [ 3.196080442687611, 42.263486850326437 ], [ 3.196141066790577, 42.263486746324148 ], [ 3.196201690893224, 42.263486642289834 ], [ 3.196262314995549, 42.263486538223447 ], [ 3.196322939097552, 42.263486434125049 ], [ 3.196383563199236, 42.263486329994606 ], [ 3.196444187300597, 42.263486225832111 ], [ 3.196504811401637, 42.263486121637563 ], [ 3.196565435502356, 42.263486017410969 ], [ 3.196626059602753, 42.263485913152351 ], [ 3.196686683702827, 42.263485808861674 ], [ 3.196747307802581, 42.263485704538965 ], [ 3.196807931902013, 42.263485600184211 ], [ 3.196868556001122, 42.263485495797383 ], [ 3.19692918009991, 42.263485391378545 ], [ 3.196989804198375, 42.263485286927647 ], [ 3.196989944838567, 42.263530317994487 ], [ 3.196990085479086, 42.263575349060986 ], [ 3.196990226119924, 42.263620380127101 ], [ 3.196990366761086, 42.263665411192875 ], [ 3.196990507402569, 42.263710442258279 ], [ 3.196990648044375, 42.263755473323343 ], [ 3.196990788686505, 42.263800504388058 ], [ 3.196990929328956, 42.26384553545239 ], [ 3.196991069971731, 42.263890566516395 ], [ 3.196991210614828, 42.263935597580023 ], [ 3.197051835144372, 42.26393549309541 ], [ 3.197112459673595, 42.263935388578808 ], [ 3.197173084202494, 42.263935284030147 ], [ 3.197233708731072, 42.263935179449412 ], [ 3.197294333259325, 42.263935074836674 ], [ 3.197294474118449, 42.26398010589913 ], [ 3.197294614977896, 42.26402513696123 ], [ 3.197294755837664, 42.264070168022968 ], [ 3.197294896697757, 42.264115199084344 ], [ 3.197295037558172, 42.264160230145364 ], [ 3.197355662301808, 42.26416012549975 ], [ 3.197416287045121, 42.264160020822075 ], [ 3.197476911788111, 42.264159916112376 ], [ 3.197537536530779, 42.264159811370618 ], [ 3.197598161273122, 42.264159706596814 ], [ 3.197658786015142, 42.264159601790958 ], [ 3.197719410756839, 42.264159496953084 ], [ 3.197780035498213, 42.26415939208313 ], [ 3.197840660239263, 42.264159287181165 ], [ 3.197901284979989, 42.264159182247141 ], [ 3.197961909720391, 42.264159077281079 ], [ 3.19802253446047, 42.264158972282964 ], [ 3.198083159200224, 42.264158867252803 ], [ 3.198143783939654, 42.264158762190576 ], [ 3.19820440867876, 42.264158657096338 ], [ 3.198265033417541, 42.264158551970048 ], [ 3.198325658155999, 42.264158446811706 ], [ 3.198386282894132, 42.264158341621325 ], [ 3.19844690763194, 42.264158236398885 ], [ 3.198507532369424, 42.26415813114442 ], [ 3.198507390646187, 42.264113100086689 ], [ 3.198507248923273, 42.264068069028603 ], [ 3.198507107200686, 42.264023037970162 ], [ 3.198506965478423, 42.263978006911358 ], [ 3.198506823756485, 42.263932975852207 ], [ 3.198506682034874, 42.263887944792671 ], [ 3.198506540313586, 42.263842913732837 ], [ 3.198506398592624, 42.263797882672591 ], [ 3.198506256871986, 42.263752851612004 ], [ 3.198506115151675, 42.263707820551076 ], [ 3.198505973431686, 42.263662789489779 ], [ 3.198505831712024, 42.263617758428133 ], [ 3.198505689992688, 42.263572727366125 ], [ 3.198505548273676, 42.263527696303747 ], [ 3.198505406554989, 42.263482665241042 ], [ 3.198566030645041, 42.263482559956977 ], [ 3.198626654734769, 42.263482454640901 ], [ 3.198687278824171, 42.263482349292779 ], [ 3.19874790291325, 42.263482243912627 ], [ 3.198808527002001, 42.263482138500414 ], [ 3.198869151090427, 42.263482033056121 ], [ 3.19892977517853, 42.263481927579861 ], [ 3.198990399266306, 42.263481822071491 ], [ 3.199051023353757, 42.263481716531103 ], [ 3.199111647440882, 42.263481610958671 ], [ 3.199111505291124, 42.263436579897238 ], [ 3.199111363141692, 42.263391548835457 ], [ 3.199111220992586, 42.263346517773329 ], [ 3.199111078843805, 42.263301486710844 ], [ 3.199110936695352, 42.263256455647984 ], [ 3.199171560566453, 42.263256350044337 ], [ 3.19923218443723, 42.263256244408637 ], [ 3.199292808307679, 42.263256138740907 ], [ 3.199353432177805, 42.263256033041145 ], [ 3.199414056047603, 42.263255927309302 ], [ 3.199413913683779, 42.263210896246918 ], [ 3.19941377132028, 42.263165865184192 ], [ 3.19941362895711, 42.263120834121104 ], [ 3.199413486594266, 42.263075803057646 ], [ 3.199413344231748, 42.263030771993854 ], [ 3.199473967885525, 42.263030666230819 ], [ 3.199534591538976, 42.263030560435745 ], [ 3.1995952151921, 42.263030454608611 ], [ 3.199655838844898, 42.263030348749453 ], [ 3.19971646249737, 42.263030242858228 ], [ 3.199716605075581, 42.263075273921196 ], [ 3.199716747654119, 42.263120304983829 ], [ 3.199716890232985, 42.263165336046086 ], [ 3.199717032812176, 42.263210367107973 ], [ 3.199717175391696, 42.263255398169541 ], [ 3.199777799259535, 42.263255292245468 ], [ 3.199838423127046, 42.263255186289314 ], [ 3.199899046994232, 42.263255080301157 ], [ 3.19995967086109, 42.263254974280947 ], [ 3.200020294727621, 42.263254868228664 ], [ 3.200080918593824, 42.263254762144378 ], [ 3.200141542459701, 42.263254656028018 ], [ 3.200202166325249, 42.263254549879633 ], [ 3.200262790190471, 42.263254443699203 ], [ 3.200323414055365, 42.263254337486728 ], [ 3.20038403791993, 42.263254231242193 ], [ 3.200444661784168, 42.263254124965627 ], [ 3.200505285648078, 42.263254018657008 ], [ 3.20056590951166, 42.263253912316358 ], [ 3.200626533374914, 42.263253805943656 ], [ 3.200626390148309, 42.263208774884617 ], [ 3.200626246922031, 42.26316374382521 ], [ 3.200626103696083, 42.263118712765461 ], [ 3.200625960470461, 42.263073681705329 ], [ 3.200625817245171, 42.263028650644863 ], [ 3.200686440892401, 42.263028544240953 ], [ 3.200747064539304, 42.263028437805005 ], [ 3.200807688185879, 42.263028331337026 ], [ 3.200868311832124, 42.26302822483698 ], [ 3.200928935478042, 42.263028118304909 ], [ 3.200928792037384, 42.262983087244912 ], [ 3.200928648597057, 42.262938056184552 ], [ 3.200928505157059, 42.262893025123844 ], [ 3.20092836171739, 42.262847994062774 ], [ 3.200928218278049, 42.262802963001363 ], [ 3.200988841707945, 42.262802856438078 ], [ 3.201049465137512, 42.262802749842741 ], [ 3.201110088566752, 42.262802643215373 ], [ 3.201170711995661, 42.262802536555959 ], [ 3.201231335424243, 42.262802429864493 ], [ 3.20123119176954, 42.262757398803544 ], [ 3.201231048115167, 42.262712367742253 ], [ 3.201230904461124, 42.262667336680593 ], [ 3.201230760807411, 42.262622305618592 ], [ 3.201230617154026, 42.262577274556207 ], [ 3.201291240366589, 42.262577167833548 ], [ 3.20135186357882, 42.262577061078858 ], [ 3.201412486790724, 42.262576954292115 ], [ 3.201473110002298, 42.262576847473305 ], [ 3.20153373321354, 42.262576740622485 ], [ 3.201533589344799, 42.262531709560591 ], [ 3.201533445476386, 42.262486678498334 ], [ 3.201533301608302, 42.26244164743575 ], [ 3.201533157740549, 42.262396616372783 ], [ 3.201533013873127, 42.262351585309474 ], [ 3.201532870006034, 42.262306554245811 ], [ 3.201532726139271, 42.262261523181785 ], [ 3.201532582272837, 42.262216492117396 ], [ 3.201532438406735, 42.26217146105266 ], [ 3.201532294540962, 42.262126429987561 ], [ 3.201532150675518, 42.262081398922106 ], [ 3.201532006810404, 42.262036367856304 ], [ 3.20153186294562, 42.261991336790146 ], [ 3.201531719081168, 42.261946305723619 ], [ 3.201531575217045, 42.261901274656722 ], [ 3.201531431353251, 42.261856243589484 ], [ 3.201531287489788, 42.261811212521906 ], [ 3.201531143626654, 42.261766181453957 ], [ 3.201530999763849, 42.261721150385654 ], [ 3.201530855901375, 42.261676119316995 ], [ 3.201530712039232, 42.261631088247967 ], [ 3.201530568177418, 42.261586057178583 ], [ 3.201530424315934, 42.261541026108851 ], [ 3.201530280454779, 42.261495995038757 ], [ 3.201530136593956, 42.261450963968301 ], [ 3.201469514461122, 42.261451070814957 ], [ 3.201408892327958, 42.261451177629553 ], [ 3.201348270194467, 42.261451284412118 ], [ 3.201287648060645, 42.26145139116263 ], [ 3.201227025926493, 42.261451497881112 ], [ 3.201226882281676, 42.261406466809461 ], [ 3.201226738637187, 42.261361435737456 ], [ 3.201226594993028, 42.261316404665116 ], [ 3.201226451349197, 42.261271373592407 ], [ 3.201226307705696, 42.261226342519315 ], [ 3.201165685786891, 42.261226449204919 ], [ 3.201105063867756, 42.261226555858464 ], [ 3.201044441948291, 42.261226662479977 ], [ 3.200983820028498, 42.261226769069459 ], [ 3.200923198108378, 42.261226875626882 ], [ 3.200862576187928, 42.261226982152273 ], [ 3.200801954267149, 42.261227088645619 ], [ 3.200741332346042, 42.261227195106898 ], [ 3.200680710424606, 42.261227301536195 ], [ 3.200620088502843, 42.261227407933418 ], [ 3.200619945291018, 42.261182376858301 ], [ 3.200619802079522, 42.261137345782863 ], [ 3.200619658868353, 42.261092314707042 ], [ 3.200619515657514, 42.261047283630866 ], [ 3.200619372447004, 42.261002252554334 ], [ 3.20061922923682, 42.260957221477462 ], [ 3.200619086026967, 42.260912190400219 ], [ 3.200618942817441, 42.260867159322636 ], [ 3.200618799608244, 42.260822128244676 ], [ 3.200618656399375, 42.260777097166368 ], [ 3.200679277889797, 42.260776990770808 ], [ 3.200739899379891, 42.260776884343223 ], [ 3.200800520869655, 42.260776777883578 ], [ 3.200861142359092, 42.260776671391923 ], [ 3.2009217638482, 42.260776564868188 ], [ 3.20098238533698, 42.260776458312449 ], [ 3.201043006825429, 42.26077635172463 ], [ 3.201103628313552, 42.260776245104807 ], [ 3.201164249801344, 42.260776138452925 ], [ 3.201224871288808, 42.260776031769012 ], [ 3.20122472764893, 42.260731000692012 ], [ 3.201224584009383, 42.260685969614677 ], [ 3.201224440370165, 42.260640938536966 ], [ 3.201224296731276, 42.260595907458892 ], [ 3.201224153092717, 42.260550876380464 ], [ 3.201224009454488, 42.260505845301701 ], [ 3.201223865816587, 42.260460814222562 ], [ 3.201223722179016, 42.260415783143067 ], [ 3.201223578541774, 42.260370752063217 ], [ 3.201223434904861, 42.260325720983005 ], [ 3.201223291268279, 42.260280689902466 ], [ 3.201223147632026, 42.26023565882155 ], [ 3.201223003996102, 42.260190627740272 ], [ 3.201222860360508, 42.260145596658639 ], [ 3.201222716725243, 42.260100565576657 ], [ 3.201222573090307, 42.260055534494313 ], [ 3.201222429455701, 42.260010503411614 ], [ 3.201222285821424, 42.259965472328552 ], [ 3.201222142187476, 42.259920441245129 ], [ 3.201221998553859, 42.259875410161371 ], [ 3.201221854920571, 42.259830379077243 ], [ 3.201221711287611, 42.259785347992761 ], [ 3.201221567654981, 42.259740316907909 ], [ 3.201221424022681, 42.259695285822701 ], [ 3.20122128039071, 42.259650254737153 ], [ 3.201221136759068, 42.259605223651263 ], [ 3.201220993127756, 42.259560192564983 ], [ 3.201220849496773, 42.259515161478376 ], [ 3.201220705866121, 42.259470130391371 ], [ 3.201220562235795, 42.259425099304046 ], [ 3.2011599420423, 42.259425205982936 ], [ 3.201099321848474, 42.25942531262978 ], [ 3.201038701654319, 42.259425419244593 ], [ 3.200978081459836, 42.259425525827375 ], [ 3.200917461265023, 42.259425632378097 ], [ 3.200917317850682, 42.259380601289564 ], [ 3.200917174436671, 42.259335570200683 ], [ 3.200917031022987, 42.259290539111419 ], [ 3.200916887609633, 42.259245508021834 ], [ 3.200916744196608, 42.259200476931873 ] ] ], [ [ [ 3.200602905428753, 42.255823676374462 ], [ 3.200542288682115, 42.255823782719567 ], [ 3.20048167193515, 42.25582388903269 ], [ 3.200421055187856, 42.255823995313754 ], [ 3.200360438440235, 42.255824101562787 ], [ 3.200299821692286, 42.255824207779767 ], [ 3.20023920494401, 42.255824313964737 ], [ 3.200178588195405, 42.255824420117669 ], [ 3.200117971446474, 42.255824526238555 ], [ 3.200057354697214, 42.255824632327396 ], [ 3.199996737947629, 42.255824738384227 ], [ 3.199996880689144, 42.255869769503434 ], [ 3.199997023430988, 42.2559148006223 ], [ 3.199997166173159, 42.25595983174081 ], [ 3.199997308915657, 42.256004862858944 ], [ 3.199997451658482, 42.256049893976751 ], [ 3.199936834692954, 42.256050000002354 ], [ 3.1998762177271, 42.256050105995925 ], [ 3.199815600760916, 42.256050211957472 ], [ 3.199754983794406, 42.256050317886981 ], [ 3.19969436682757, 42.256050423784437 ], [ 3.199633749860407, 42.25605052964989 ], [ 3.199573132892918, 42.25605063548327 ], [ 3.199512515925103, 42.256050741284646 ], [ 3.199451898956959, 42.25605084705397 ], [ 3.199391281988491, 42.256050952791284 ], [ 3.199391424300409, 42.256095983910363 ], [ 3.199391566612655, 42.256141015029122 ], [ 3.199391708925227, 42.256186046147498 ], [ 3.199391851238125, 42.256231077265525 ], [ 3.19939199355135, 42.256276108383183 ], [ 3.199331376366937, 42.256276214089276 ], [ 3.199270759182198, 42.256276319763337 ], [ 3.199210141997133, 42.256276425405339 ], [ 3.199149524811744, 42.256276531015324 ], [ 3.199088907626026, 42.25627663659327 ], [ 3.199028290439985, 42.256276742139185 ], [ 3.198967673253617, 42.256276847653041 ], [ 3.198907056066924, 42.256276953134879 ], [ 3.198846438879905, 42.256277058584679 ], [ 3.198785821692562, 42.256277164002434 ], [ 3.198785963574874, 42.256322195121427 ], [ 3.198786105457511, 42.256367226240016 ], [ 3.198786247340474, 42.256412257358285 ], [ 3.198786389223761, 42.256457288476199 ], [ 3.198786531107374, 42.256502319593743 ], [ 3.198786672991313, 42.256547350710932 ], [ 3.198786814875576, 42.256592381827758 ], [ 3.198786956760166, 42.256637412944201 ], [ 3.19878709864508, 42.256682444060324 ], [ 3.19878724053032, 42.256727475176092 ], [ 3.198847858148908, 42.256727369756675 ], [ 3.19890847576717, 42.256727264305226 ], [ 3.198969093385106, 42.256727158821725 ], [ 3.199029711002717, 42.256727053306214 ], [ 3.199090328620003, 42.256726947758644 ], [ 3.199150946236963, 42.256726842179049 ], [ 3.199211563853596, 42.256726736567408 ], [ 3.199272181469905, 42.256726630923723 ], [ 3.199332799085887, 42.256726525248034 ], [ 3.199393416701544, 42.256726419540271 ], [ 3.199454034316874, 42.256726313800485 ], [ 3.199514651931878, 42.256726208028667 ], [ 3.199575269546555, 42.256726102224818 ], [ 3.199635887160907, 42.256725996388916 ], [ 3.199696504774932, 42.256725890520975 ], [ 3.19969664730737, 42.256770921633908 ], [ 3.199696789840136, 42.256815952746472 ], [ 3.19969693237323, 42.256860983858658 ], [ 3.199697074906648, 42.256906014970504 ], [ 3.199697217440396, 42.256951046082015 ], [ 3.199636599610745, 42.256951151950759 ], [ 3.199575981780769, 42.256951257787478 ], [ 3.199515363950466, 42.256951363592194 ], [ 3.199454746119836, 42.256951469364829 ], [ 3.199394128288881, 42.25695157510544 ], [ 3.199394270607328, 42.256996606217406 ], [ 3.199394412926101, 42.257041637328996 ], [ 3.1993945552452, 42.257086668440252 ], [ 3.199394697564625, 42.257131699551145 ], [ 3.199394839884377, 42.257176730661683 ], [ 3.199334221837468, 42.257176836371102 ], [ 3.199273603790231, 42.257176942048446 ], [ 3.199212985742669, 42.257177047693794 ], [ 3.199152367694781, 42.25717715330709 ], [ 3.199091749646568, 42.257177258888355 ], [ 3.199091891751018, 42.257222289999355 ], [ 3.199092033855792, 42.25726732111 ], [ 3.199092175960894, 42.257312352220325 ], [ 3.19909231806632, 42.257357383330245 ], [ 3.199092460172073, 42.257402414439831 ], [ 3.199031841907903, 42.257402519989888 ], [ 3.198971223643407, 42.257402625507886 ], [ 3.198910605378587, 42.257402730993846 ], [ 3.198849987113442, 42.257402836447795 ], [ 3.19878936884797, 42.257402941869721 ], [ 3.198789510738416, 42.257447972979776 ], [ 3.198789652629189, 42.257493004089461 ], [ 3.198789794520287, 42.257538035198813 ], [ 3.19878993641171, 42.257583066307795 ], [ 3.198790078303457, 42.257628097416415 ], [ 3.198790220195531, 42.257673128524672 ], [ 3.19879036208793, 42.25771815963261 ], [ 3.198790503980654, 42.257763190740143 ], [ 3.198790645873705, 42.257808221847363 ], [ 3.19879078776708, 42.257853252954199 ], [ 3.198790929660781, 42.25789828406068 ], [ 3.198791071554807, 42.257943315166806 ], [ 3.198791213449159, 42.25798834627259 ], [ 3.198791355343836, 42.258033377378005 ], [ 3.198791497238839, 42.258078408483044 ], [ 3.198791639134167, 42.25812343958777 ], [ 3.19879178102982, 42.258168470692112 ], [ 3.198791922925798, 42.258213501796092 ], [ 3.198792064822103, 42.258258532899731 ], [ 3.198792206718733, 42.258303564003008 ], [ 3.198792348615688, 42.258348595105907 ], [ 3.198792490512968, 42.258393626208473 ], [ 3.198792632410575, 42.258438657310698 ], [ 3.198792774308506, 42.258483688412554 ], [ 3.198792916206762, 42.258528719514032 ], [ 3.198853535550424, 42.258528614087979 ], [ 3.198914154893759, 42.258528508629915 ], [ 3.198974774236768, 42.258528403139799 ], [ 3.199035393579452, 42.258528297617637 ], [ 3.199096012921813, 42.258528192063444 ], [ 3.199096155036038, 42.258573223163751 ], [ 3.199096297150591, 42.258618254263695 ], [ 3.199096439265469, 42.258663285363298 ], [ 3.199096581380674, 42.258708316462524 ], [ 3.199096723496205, 42.258753347561424 ], [ 3.199157343053883, 42.258753241974361 ], [ 3.199217962611235, 42.258753136355253 ], [ 3.199278582168263, 42.258753030704085 ], [ 3.199339201724964, 42.258752925020929 ], [ 3.199399821281338, 42.258752819305698 ], [ 3.199460440837388, 42.258752713558458 ], [ 3.199521060393109, 42.258752607779151 ], [ 3.199581679948506, 42.258752501967805 ], [ 3.199642299503576, 42.258752396124443 ], [ 3.199702919058318, 42.258752290249028 ], [ 3.199702776511494, 42.258707259151819 ], [ 3.199702633964999, 42.258662228054234 ], [ 3.19970249141883, 42.258617196956301 ], [ 3.199702348872987, 42.258572165858006 ], [ 3.199702206327473, 42.258527134759362 ], [ 3.199762825666244, 42.25852702885274 ], [ 3.199823445004688, 42.258526922914079 ], [ 3.199884064342806, 42.258526816943373 ], [ 3.199944683680596, 42.258526710940657 ], [ 3.200005303018059, 42.258526604905882 ], [ 3.200065922355195, 42.258526498839075 ], [ 3.200126541692005, 42.258526392740229 ], [ 3.200187161028486, 42.258526286609339 ], [ 3.20024778036464, 42.25852618044641 ], [ 3.200308399700466, 42.258526074251456 ], [ 3.200308256723991, 42.258481043154092 ], [ 3.200308113747843, 42.258436012056421 ], [ 3.200307970772023, 42.25839098095836 ], [ 3.200307827796531, 42.258345949859958 ], [ 3.200307684821367, 42.258300918761179 ], [ 3.200368303941224, 42.258300812535012 ], [ 3.200428923060752, 42.258300706276813 ], [ 3.200489542179952, 42.258300599986569 ], [ 3.200550161298825, 42.258300493664272 ], [ 3.200610780417369, 42.258300387309951 ], [ 3.200610637226891, 42.25825535621167 ], [ 3.200610494036744, 42.258210325113041 ], [ 3.200610350846922, 42.258165294014034 ], [ 3.20061020765743, 42.258120262914673 ], [ 3.200610064468266, 42.258075231814956 ], [ 3.200609921279431, 42.258030200714877 ], [ 3.200609778090924, 42.25798516961445 ], [ 3.200609634902746, 42.257940138513675 ], [ 3.200609491714895, 42.257895107412537 ], [ 3.200609348527374, 42.257850076311037 ], [ 3.20060920534018, 42.257805045209182 ], [ 3.200609062153315, 42.257760014106964 ], [ 3.200608918966779, 42.257714983004426 ], [ 3.200608775780569, 42.257669951901491 ], [ 3.200608632594689, 42.257624920798193 ], [ 3.200669251065993, 42.257624814414335 ], [ 3.200729869536967, 42.257624707998453 ], [ 3.200790488007615, 42.257624601550539 ], [ 3.200851106477932, 42.257624495070566 ], [ 3.200911724947923, 42.25762438855854 ], [ 3.200911581546737, 42.257579357455739 ], [ 3.200911438145881, 42.257534326352591 ], [ 3.200911294745353, 42.257489295249087 ], [ 3.200911151345154, 42.257444264145228 ], [ 3.200911007945284, 42.257399233040985 ], [ 3.200910864545743, 42.257354201936387 ], [ 3.200910721146531, 42.257309170831455 ], [ 3.200910577747648, 42.257264139726146 ], [ 3.200910434349093, 42.257219108620497 ], [ 3.200910290950868, 42.257174077514485 ], [ 3.200849672912141, 42.257174184024812 ], [ 3.200789054873086, 42.257174290503116 ], [ 3.200728436833702, 42.257174396949381 ], [ 3.200667818793991, 42.257174503363601 ], [ 3.200607200753951, 42.257174609745796 ], [ 3.200607057571683, 42.257129578638569 ], [ 3.200606914389743, 42.257084547531001 ], [ 3.200606771208132, 42.257039516423085 ], [ 3.20060662802685, 42.25699448531482 ], [ 3.200606484845895, 42.256949454206193 ], [ 3.200606341665269, 42.256904423097204 ], [ 3.200606198484972, 42.256859391987852 ], [ 3.200606055305003, 42.256814360878153 ], [ 3.200605912125362, 42.256769329768083 ], [ 3.200605768946049, 42.256724298657673 ], [ 3.200666386554835, 42.256724192277161 ], [ 3.200727004163293, 42.256724085864597 ], [ 3.200787621771424, 42.256723979420016 ], [ 3.200848239379226, 42.256723872943404 ], [ 3.200908856986699, 42.256723766434746 ], [ 3.200908713592092, 42.256678735324812 ], [ 3.200908570197812, 42.256633704214515 ], [ 3.200908426803862, 42.256588673103863 ], [ 3.200908283410241, 42.256543641992856 ], [ 3.200908140016947, 42.256498610881501 ], [ 3.200968757408469, 42.256498504341636 ], [ 3.201029374799663, 42.256498397769754 ], [ 3.201089992190525, 42.256498291165798 ], [ 3.201150609581061, 42.256498184529839 ], [ 3.201211226971266, 42.256498077861828 ], [ 3.201211083362682, 42.256453046750948 ], [ 3.201210939754427, 42.256408015639721 ], [ 3.201210796146499, 42.256362984528124 ], [ 3.201210652538902, 42.256317953416165 ], [ 3.201210508931635, 42.256272922303857 ], [ 3.201210365324696, 42.256227891191187 ], [ 3.201210221718085, 42.256182860078169 ], [ 3.201210078111807, 42.256137828964796 ], [ 3.201209934505856, 42.256092797851061 ], [ 3.201209790900234, 42.25604776673697 ], [ 3.201149173941267, 42.25604787340329 ], [ 3.201088556981971, 42.256047980037565 ], [ 3.201027940022345, 42.256048086639851 ], [ 3.20096732306239, 42.25604819321007 ], [ 3.200906706102105, 42.256048299748244 ], [ 3.200846089141495, 42.256048406254401 ], [ 3.200785472180555, 42.256048512728498 ], [ 3.200724855219285, 42.256048619170578 ], [ 3.200664238257689, 42.256048725580627 ], [ 3.200603621295763, 42.256048831958637 ], [ 3.200603478121706, 42.2560038008425 ], [ 3.200603334947974, 42.255958769726014 ], [ 3.200603191774574, 42.255913738609195 ], [ 3.200603048601498, 42.25586870749202 ], [ 3.200602905428753, 42.255823676374462 ] ] ] ] } },
{ "type": "Feature", "properties": { "GRID_CODE": 2, "CODI_FINAL": "2002250044", "MUNICIPI": "El Pont de Suert", "DATA_INCEN": "13/03/02" }, "geometry": { "type": "Polygon", "coordinates": [ [ [ 0.723142800160227, 42.433420413618457 ], [ 0.723141171138018, 42.433465408001105 ], [ 0.723139542112079, 42.433510402383334 ], [ 0.72313791308241, 42.433555396765179 ], [ 0.723136284049015, 42.433600391146634 ], [ 0.723134655011889, 42.433645385527662 ], [ 0.723133025971035, 42.433690379908271 ], [ 0.723131396926452, 42.433735374288474 ], [ 0.723129767878138, 42.433780368668288 ], [ 0.723128138826097, 42.433825363047696 ], [ 0.723126509770327, 42.433870357426684 ], [ 0.723124880710827, 42.433915351805254 ], [ 0.723123251647599, 42.433960346183454 ], [ 0.723121622580642, 42.434005340561214 ], [ 0.723119993509955, 42.434050334938597 ], [ 0.72311836443554, 42.434095329315561 ], [ 0.723116735357397, 42.434140323692098 ], [ 0.723115106275523, 42.434185318068231 ], [ 0.723113477189919, 42.434230312443987 ], [ 0.723111848100588, 42.434275306819316 ], [ 0.723110219007527, 42.434320301194234 ], [ 0.723108589910737, 42.434365295568774 ], [ 0.723106960810218, 42.434410289942861 ], [ 0.723105331705971, 42.434455284316577 ], [ 0.723103702597993, 42.434500278689882 ], [ 0.723102073486287, 42.434545273062767 ], [ 0.723100444370851, 42.434590267435254 ], [ 0.723098815251687, 42.434635261807323 ], [ 0.723097186128793, 42.434680256178993 ], [ 0.72309555700217, 42.434725250550279 ], [ 0.723093927871817, 42.434770244921118 ], [ 0.723092298737736, 42.434815239291567 ], [ 0.723090669599926, 42.434860233661617 ], [ 0.723089040458386, 42.434905228031255 ], [ 0.723087411313117, 42.434950222400488 ], [ 0.72308578216412, 42.434995216769309 ], [ 0.723084153011392, 42.435040211137718 ], [ 0.723082523854936, 42.435085205505743 ], [ 0.723080894694749, 42.435130199873356 ], [ 0.723079265530835, 42.43517519424055 ], [ 0.72307763636319, 42.435220188607332 ], [ 0.723076007191816, 42.435265182973708 ], [ 0.723074378016714, 42.435310177339687 ], [ 0.72307274883788, 42.435355171705261 ], [ 0.72307111965532, 42.435400166070423 ], [ 0.723069490469028, 42.435445160435187 ], [ 0.723130232316193, 42.4354463672355 ], [ 0.723190974167087, 42.435447574003653 ], [ 0.723251716021711, 42.435448780739669 ], [ 0.723312457880064, 42.435449987443498 ], [ 0.723373199742145, 42.435451194115203 ], [ 0.723371570769043, 42.435496188489005 ], [ 0.723369941792213, 42.435541182862401 ], [ 0.723368312811651, 42.435586177235372 ], [ 0.723366683827362, 42.435631171607973 ], [ 0.723365054839344, 42.435676165980141 ], [ 0.723425796922074, 42.435677372629122 ], [ 0.723486539008535, 42.435678579245952 ], [ 0.723547281098721, 42.435679785830622 ], [ 0.723608023192639, 42.435680992383105 ], [ 0.723668765290284, 42.435682198903443 ], [ 0.723667136515458, 42.43572719328467 ], [ 0.723665507736902, 42.435772187665492 ], [ 0.723663878954619, 42.435817182045902 ], [ 0.723662250168607, 42.435862176425914 ], [ 0.723660621378868, 42.435907170805486 ], [ 0.723658992585398, 42.435952165184695 ], [ 0.723657363788201, 42.435997159563478 ], [ 0.723655734987276, 42.436042153941834 ], [ 0.723654106182621, 42.436087148319835 ], [ 0.72365247737424, 42.436132142697382 ], [ 0.72371321990946, 42.436133349204496 ], [ 0.723773962448408, 42.436134555679416 ], [ 0.723834704991086, 42.436135762122184 ], [ 0.723895447537492, 42.436136968532786 ], [ 0.723956190087625, 42.436138174911243 ], [ 0.723954561492439, 42.436183169297855 ], [ 0.723952932893526, 42.436228163684063 ], [ 0.723951304290886, 42.436273158069852 ], [ 0.723949675684516, 42.436318152455264 ], [ 0.723948047074418, 42.436363146840236 ], [ 0.723946418460593, 42.436408141224803 ], [ 0.723944789843039, 42.436453135608978 ], [ 0.723943161221758, 42.436498129992728 ], [ 0.723941532596747, 42.436543124376101 ], [ 0.723939903968009, 42.436588118759062 ], [ 0.72387916098402, 42.436586912361676 ], [ 0.723818418003758, 42.436585705932181 ], [ 0.723757675027224, 42.436584499470491 ], [ 0.72369693205442, 42.436583292976664 ], [ 0.723636189085343, 42.436582086450663 ], [ 0.723634560235946, 42.436627080823776 ], [ 0.723632931382822, 42.436672075196427 ], [ 0.723631302525969, 42.436717069568722 ], [ 0.723629673665387, 42.436762063940591 ], [ 0.723628044801075, 42.436807058312041 ], [ 0.723688787987082, 42.436808264847485 ], [ 0.723749531176819, 42.436809471350777 ], [ 0.723810274370283, 42.43681067782191 ], [ 0.723871017567476, 42.436811884260891 ], [ 0.723931760768399, 42.436813090667698 ], [ 0.723992503973047, 42.436814297042361 ], [ 0.724053247181427, 42.436815503384807 ], [ 0.724113990393533, 42.436816709695158 ], [ 0.724174733609369, 42.436817915973329 ], [ 0.724235476828932, 42.436819122219319 ], [ 0.724296220052223, 42.436820328433178 ], [ 0.724356963279242, 42.436821534614879 ], [ 0.724417706509988, 42.436822740764391 ], [ 0.724478449744463, 42.436823946881745 ], [ 0.724539192982665, 42.436825152966961 ], [ 0.724599936224592, 42.436826359020024 ], [ 0.72466067947025, 42.436827565040886 ], [ 0.724721422719633, 42.43682877102961 ], [ 0.724782165972743, 42.436829976986196 ], [ 0.724842909229582, 42.436831182910595 ], [ 0.724844537226161, 42.43678618850133 ], [ 0.724846165219014, 42.436741194091638 ], [ 0.72484779320814, 42.436696199681563 ], [ 0.724849421193539, 42.436651205271083 ], [ 0.724851049175213, 42.436606210860198 ], [ 0.724911792218843, 42.436607416743009 ], [ 0.724972535266204, 42.436608622593617 ], [ 0.725033278317289, 42.436609828412067 ], [ 0.7250940213721, 42.436611034198393 ], [ 0.725154764430639, 42.436612239952559 ], [ 0.725215507492905, 42.436613445674567 ], [ 0.725276250558897, 42.436614651364401 ], [ 0.725336993628613, 42.436615857022069 ], [ 0.725397736702057, 42.436617062647585 ], [ 0.725458479779227, 42.436618268240942 ], [ 0.725519222860123, 42.436619473802132 ], [ 0.725579965944743, 42.436620679331178 ], [ 0.725640709033093, 42.436621884828007 ], [ 0.725701452125163, 42.436623090292748 ], [ 0.725762195220962, 42.436624295725295 ], [ 0.725822938320485, 42.436625501125697 ], [ 0.725883681423734, 42.436626706493904 ], [ 0.725944424530708, 42.436627911830008 ], [ 0.726005167641408, 42.436629117133918 ], [ 0.726065910755831, 42.436630322405655 ], [ 0.72612665387398, 42.43663152764524 ], [ 0.726187396995854, 42.436632732852686 ], [ 0.726248140121453, 42.436633938027953 ], [ 0.726308883250776, 42.436635143171053 ], [ 0.726369626383824, 42.436636348282015 ], [ 0.726371253277112, 42.436591353823474 ], [ 0.726372880166675, 42.436546359364556 ], [ 0.726374507052515, 42.436501364905205 ], [ 0.72637613393463, 42.436456370445455 ], [ 0.726377760813022, 42.436411375985308 ], [ 0.726438503732863, 42.436412581054661 ], [ 0.726499246656429, 42.436413786091848 ], [ 0.726559989583717, 42.436414991096875 ], [ 0.72662073251473, 42.436416196069757 ], [ 0.726681475449468, 42.436417401010438 ], [ 0.726683102107204, 42.43637240654045 ], [ 0.726684728761219, 42.436327412070057 ], [ 0.726686355411508, 42.43628241759923 ], [ 0.726687982058075, 42.436237423128006 ], [ 0.726689608700918, 42.436192428656376 ], [ 0.726691235340038, 42.436147434184356 ], [ 0.726692861975434, 42.436102439711924 ], [ 0.726694488607108, 42.436057445239051 ], [ 0.726696115235055, 42.436012450765816 ], [ 0.726697741859281, 42.435967456292154 ], [ 0.7266369993584, 42.435966251370317 ], [ 0.726576256861242, 42.435965046416335 ], [ 0.726515514367808, 42.435963841430194 ], [ 0.726454771878098, 42.435962636411908 ], [ 0.726394029392113, 42.43596143136142 ], [ 0.72639565622954, 42.435916436896797 ], [ 0.726397283063242, 42.435871442431768 ], [ 0.726398909893222, 42.435826447966313 ], [ 0.726400536719476, 42.435781453500489 ], [ 0.726402163542008, 42.435736459034246 ], [ 0.72646290581107, 42.435737664075248 ], [ 0.726523648083855, 42.435738869084126 ], [ 0.726584390360365, 42.43574007406081 ], [ 0.726645132640599, 42.435741279005363 ], [ 0.726705874924557, 42.43574248391775 ], [ 0.726766617212239, 42.435743688797956 ], [ 0.726827359503645, 42.435744893646032 ], [ 0.726888101798771, 42.435746098461941 ], [ 0.726948844097624, 42.435747303245705 ], [ 0.727009586400198, 42.435748507997275 ], [ 0.727070328706498, 42.435749712716721 ], [ 0.727131071016518, 42.435750917403993 ], [ 0.727191813330262, 42.435752122059078 ], [ 0.72725255564773, 42.435753326682054 ], [ 0.72731329796892, 42.435754531272828 ], [ 0.727374040293833, 42.435755735831478 ], [ 0.727434782622469, 42.43575694035794 ], [ 0.727495524954827, 42.435758144852251 ], [ 0.727556267290906, 42.435759349314424 ], [ 0.72761700963071, 42.435760553744423 ], [ 0.727677751974235, 42.43576175814222 ], [ 0.727738494321482, 42.435762962507923 ], [ 0.72779923667245, 42.435764166841444 ], [ 0.727859979027142, 42.435765371142814 ], [ 0.727920721385555, 42.435766575411996 ], [ 0.72798146374769, 42.435767779649034 ], [ 0.728042206113546, 42.435768983853933 ], [ 0.728102948483124, 42.435770188026659 ], [ 0.728163690856424, 42.435771392167204 ], [ 0.728224433233444, 42.435772596275591 ], [ 0.728226058750712, 42.435727601752319 ], [ 0.728227684264259, 42.435682607228621 ], [ 0.728229309774087, 42.435637612704532 ], [ 0.728230935280192, 42.43559261818001 ], [ 0.728232560782578, 42.435547623655118 ], [ 0.728293302946397, 42.43554882772191 ], [ 0.728354045113936, 42.435550031756563 ], [ 0.728414787285197, 42.43555123575905 ], [ 0.72847552946018, 42.435552439729385 ], [ 0.728536271638882, 42.435553643667546 ], [ 0.728597013821305, 42.435554847573556 ], [ 0.728657756007449, 42.435556051447421 ], [ 0.728718498197314, 42.435557255289098 ], [ 0.728779240390898, 42.435558459098651 ], [ 0.728839982588204, 42.435559662876003 ], [ 0.728900724789228, 42.435560866621231 ], [ 0.728961466993973, 42.435562070334292 ], [ 0.729022209202438, 42.435563274015188 ], [ 0.729082951414626, 42.435564477663902 ], [ 0.72914369363053, 42.435565681280494 ], [ 0.729145318478427, 42.435520686726875 ], [ 0.729146943322608, 42.435475692172851 ], [ 0.729148568163068, 42.435430697618429 ], [ 0.729150192999809, 42.435385703063595 ], [ 0.72915181783283, 42.435340708508356 ], [ 0.729212559835532, 42.435341912083338 ], [ 0.729273301841956, 42.435343115626175 ], [ 0.729334043852098, 42.435344319136838 ], [ 0.72939478586596, 42.435345522615329 ], [ 0.729455527883543, 42.435346726061695 ], [ 0.729516269904843, 42.43534792947591 ], [ 0.729577011929861, 42.43534913285793 ], [ 0.729637753958598, 42.435350336207819 ], [ 0.729698495991056, 42.435351539525534 ], [ 0.729759238027232, 42.43535274281107 ], [ 0.729760862422694, 42.435307748236561 ], [ 0.729762486814438, 42.435262753661661 ], [ 0.729764111202463, 42.435217759086342 ], [ 0.729765735586771, 42.435172764510618 ], [ 0.729767359967359, 42.435127769934489 ], [ 0.729768984344229, 42.435082775357941 ], [ 0.729770608717382, 42.435037780780988 ], [ 0.729772233086814, 42.434992786203644 ], [ 0.729773857452531, 42.434947791625881 ], [ 0.729775481814527, 42.43490279704772 ], [ 0.729777106172806, 42.434857802469161 ], [ 0.729778730527367, 42.434812807890204 ], [ 0.729780354878209, 42.434767813310778 ], [ 0.729781979225332, 42.434722818730997 ], [ 0.729783603568738, 42.434677824150818 ], [ 0.729785227908426, 42.434632829570184 ], [ 0.729786852244394, 42.434587834989188 ], [ 0.729788476576646, 42.434542840407772 ], [ 0.729790100905179, 42.434497845825952 ], [ 0.729791725229994, 42.434452851243712 ], [ 0.729730984061479, 42.434451647995857 ], [ 0.729670242896682, 42.434450444715864 ], [ 0.729609501735607, 42.434449241403691 ], [ 0.729548760578247, 42.434448038059386 ], [ 0.729488019424608, 42.434446834682909 ], [ 0.729489643962614, 42.434401840109693 ], [ 0.729491268496904, 42.434356845536094 ], [ 0.729492893027472, 42.434311850962054 ], [ 0.729494517554323, 42.434266856387644 ], [ 0.729496142077455, 42.434221861812802 ], [ 0.729497766596868, 42.434176867237554 ], [ 0.729499391112563, 42.434131872661936 ], [ 0.729501015624538, 42.434086878085864 ], [ 0.729502640132795, 42.43404188350943 ], [ 0.729504264637335, 42.433996888932548 ], [ 0.729565005357158, 42.433998092290167 ], [ 0.729625746080702, 42.433999295615635 ], [ 0.729686486807962, 42.434000498908929 ], [ 0.729747227538943, 42.434001702170072 ], [ 0.729807968273642, 42.434002905399062 ], [ 0.729809592557556, 42.43395791081236 ], [ 0.729811216837754, 42.433912916225268 ], [ 0.729812841114232, 42.433867921637749 ], [ 0.729814465386991, 42.433822927049839 ], [ 0.729816089656035, 42.433777932461496 ], [ 0.729876830177548, 42.433779135648926 ], [ 0.729937570702778, 42.433780338804148 ], [ 0.729998311231729, 42.433781541927225 ], [ 0.730059051764394, 42.433782745018192 ], [ 0.730119792300779, 42.433783948076957 ], [ 0.730121416349201, 42.433738953478795 ], [ 0.730123040393905, 42.433693958880241 ], [ 0.730124664434893, 42.433648964281261 ], [ 0.730126288472161, 42.433603969681883 ], [ 0.730127912505713, 42.433558975082086 ], [ 0.730188652828913, 42.433560178099285 ], [ 0.730249393155832, 42.433561381084317 ], [ 0.730310133486467, 42.433562584037197 ], [ 0.73037087382082, 42.433563786957919 ], [ 0.730431614158891, 42.433564989846488 ], [ 0.730433237971825, 42.433519995236871 ], [ 0.730434861781041, 42.433475000626849 ], [ 0.730436485586542, 42.433430006016415 ], [ 0.730438109388323, 42.433385011405583 ], [ 0.730439733186391, 42.433340016794332 ], [ 0.730500473311278, 42.433341219641335 ], [ 0.730561213439883, 42.433342422456128 ], [ 0.730621953572204, 42.433343625238805 ], [ 0.730682693708245, 42.433344827989323 ], [ 0.730743433847999, 42.433346030707689 ], [ 0.73074505742545, 42.433301036086625 ], [ 0.730746680999184, 42.433256041465121 ], [ 0.730748304569201, 42.433211046843233 ], [ 0.730749928135502, 42.43316605222094 ], [ 0.730751551698088, 42.433121057598242 ], [ 0.730812291624661, 42.433122260275034 ], [ 0.730873031554955, 42.433123462919639 ], [ 0.730933771488961, 42.433124665532105 ], [ 0.730994511426686, 42.433125868112427 ], [ 0.731055251368127, 42.433127070660561 ], [ 0.731056874710098, 42.433082076028036 ], [ 0.731058498048355, 42.433037081395092 ], [ 0.731060121382894, 42.432992086761764 ], [ 0.73106174471372, 42.432947092127996 ], [ 0.731063368040828, 42.432902097493844 ], [ 0.73106499136422, 42.432857102859295 ], [ 0.731066614683899, 42.432812108224333 ], [ 0.731068237999858, 42.432767113588966 ], [ 0.731069861312104, 42.432722118953166 ], [ 0.731071484620633, 42.432677124316996 ], [ 0.731132224132002, 42.432678326814113 ], [ 0.731192963647086, 42.432679529279135 ], [ 0.731253703165887, 42.432680731711969 ], [ 0.731314442688402, 42.432681934112658 ], [ 0.731375182214634, 42.432683136481174 ], [ 0.731376805302557, 42.432638141835156 ], [ 0.731378428386763, 42.43259314718874 ], [ 0.731380051467254, 42.432548152541905 ], [ 0.731381674544032, 42.432503157894679 ], [ 0.731383297617092, 42.432458163247041 ], [ 0.731384920686437, 42.432413168598991 ], [ 0.731386543752067, 42.43236817395055 ], [ 0.731388166813982, 42.432323179301683 ], [ 0.731389789872183, 42.432278184652411 ], [ 0.731391412926667, 42.432233190002741 ], [ 0.731393035977436, 42.432188195352651 ], [ 0.731394659024491, 42.432143200702171 ], [ 0.731396282067829, 42.432098206051286 ], [ 0.731397905107454, 42.43205321140001 ], [ 0.731399528143362, 42.432008216748294 ], [ 0.731401151175556, 42.431963222096179 ], [ 0.731402774204034, 42.43191822744366 ], [ 0.731404397228799, 42.431873232790736 ], [ 0.731406020249846, 42.431828238137427 ], [ 0.731407643267179, 42.431783243483679 ], [ 0.731346904608494, 42.431782041152836 ], [ 0.731286165953526, 42.431780838789834 ], [ 0.731225427302272, 42.431779636394708 ], [ 0.731164688654736, 42.431778433967366 ], [ 0.731103950010914, 42.431777231507922 ], [ 0.731105573241413, 42.431732236863205 ], [ 0.731107196468198, 42.431687242218082 ], [ 0.731108819691265, 42.431642247572533 ], [ 0.731110442910618, 42.431597252926593 ], [ 0.731112066126256, 42.431552258280227 ], [ 0.731113689338176, 42.431507263633513 ], [ 0.731115312546382, 42.431462268986351 ], [ 0.731116935750873, 42.43141727433877 ], [ 0.73111855895165, 42.431372279690798 ], [ 0.731120182148708, 42.431327285042421 ], [ 0.731059443942362, 42.43132608256964 ], [ 0.730998705739729, 42.431324880064714 ], [ 0.730937967540815, 42.431323677527644 ], [ 0.730877229345613, 42.431322474958414 ], [ 0.730816491154131, 42.431321272357003 ], [ 0.730818114564351, 42.431276277717643 ], [ 0.730819737970855, 42.431231283077892 ], [ 0.730821361373645, 42.431186288437715 ], [ 0.730822984772716, 42.431141293797097 ], [ 0.730824608168071, 42.431096299156124 ], [ 0.730826231559713, 42.431051304514746 ], [ 0.730827854947637, 42.431006309872942 ], [ 0.730829478331846, 42.430961315230718 ], [ 0.730831101712338, 42.430916320588139 ], [ 0.730832725089116, 42.430871325945084 ], [ 0.730771987335096, 42.430870123330386 ], [ 0.730711249584793, 42.430868920683537 ], [ 0.730650511838207, 42.430867718004528 ], [ 0.730589774095337, 42.430866515293374 ], [ 0.730529036356185, 42.430865312550047 ], [ 0.730530659946117, 42.430820317916037 ], [ 0.730532283532331, 42.430775323281658 ], [ 0.730533907114831, 42.430730328646838 ], [ 0.730535530693614, 42.430685334011606 ], [ 0.73053715426868, 42.430640339375991 ], [ 0.730476416750114, 42.430639136609919 ], [ 0.730415679235263, 42.430637933811738 ], [ 0.73035494172413, 42.430636730981377 ], [ 0.730294204216714, 42.43063552811887 ], [ 0.730233466713016, 42.430634325224197 ], [ 0.730235090501234, 42.430589330597599 ], [ 0.730236714285736, 42.430544335970552 ], [ 0.73023833806652, 42.430499341343157 ], [ 0.730239961843589, 42.430454346715315 ], [ 0.730241585616941, 42.430409352087104 ], [ 0.730243209386575, 42.430364357458451 ], [ 0.730244833152492, 42.430319362829387 ], [ 0.730246456914694, 42.430274368199946 ], [ 0.730248080673178, 42.430229373570072 ], [ 0.730249704427946, 42.430184378939792 ], [ 0.730188967361696, 42.430183176031846 ], [ 0.730128230299163, 42.430181973091713 ], [ 0.730067493240347, 42.430180770119449 ], [ 0.730006756185248, 42.43017956711504 ], [ 0.729946019133867, 42.430178364078429 ], [ 0.729947643101781, 42.430133369457202 ], [ 0.729949267065977, 42.430088374835535 ], [ 0.729950891026458, 42.430043380213476 ], [ 0.729952514983219, 42.429998385591027 ], [ 0.729954138936266, 42.429953390968144 ], [ 0.729893402105465, 42.429952187908839 ], [ 0.72983266527838, 42.429950984817381 ], [ 0.729771928455014, 42.42994978169375 ], [ 0.729711191635366, 42.429948578537996 ], [ 0.729650454819434, 42.429947375350075 ], [ 0.729652078985624, 42.429902380736216 ], [ 0.729653703148094, 42.429857386121974 ], [ 0.729655327306848, 42.429812391507298 ], [ 0.729656951461882, 42.429767396892217 ], [ 0.729658575613201, 42.429722402276759 ], [ 0.729597839017846, 42.429721199066108 ], [ 0.729537102426213, 42.429719995823305 ], [ 0.729476365838296, 42.429718792548336 ], [ 0.729415629254096, 42.429717589241257 ], [ 0.729354892673616, 42.429716385901983 ], [ 0.729294156096854, 42.429715182530593 ], [ 0.729233419523811, 42.429713979127037 ], [ 0.729172682954486, 42.429712775691307 ], [ 0.729111946388879, 42.429711572223461 ], [ 0.729051209826991, 42.429710368723434 ], [ 0.728990473268821, 42.429709165191269 ], [ 0.728929736714373, 42.429707961626939 ], [ 0.728869000163643, 42.42970675803047 ], [ 0.728808263616631, 42.429705554401856 ], [ 0.72874752707334, 42.429704350741048 ], [ 0.728745902271447, 42.42974934532824 ], [ 0.728744277465836, 42.429794339915048 ], [ 0.728742652656506, 42.429839334501423 ], [ 0.728741027843457, 42.429884329087386 ], [ 0.728739403026688, 42.429929323672951 ], [ 0.728678666270256, 42.429928119970583 ], [ 0.728617929517545, 42.42992691623607 ], [ 0.728557192768553, 42.429925712469412 ], [ 0.728496456023281, 42.429924508670567 ], [ 0.728435719281728, 42.429923304839598 ], [ 0.728434094244381, 42.429968299415307 ], [ 0.728432469203313, 42.430013293990655 ], [ 0.728430844158526, 42.430058288565583 ], [ 0.728429219110018, 42.430103283140092 ], [ 0.728427594057793, 42.430148277714189 ], [ 0.728366857103097, 42.430147073841624 ], [ 0.728306120152124, 42.430145869936901 ], [ 0.728245383204872, 42.430144666000025 ], [ 0.728184646261339, 42.430143462031005 ], [ 0.728123909321526, 42.430142258029832 ], [ 0.728063172385434, 42.4301410539965 ], [ 0.728002435453063, 42.430139849931024 ], [ 0.727941698524412, 42.430138645833388 ], [ 0.727880961599481, 42.430137441703621 ], [ 0.727820224678272, 42.430136237541667 ], [ 0.727818599188603, 42.430181232096494 ], [ 0.72781697369521, 42.43022622665093 ], [ 0.727815348198099, 42.430271221204926 ], [ 0.727813722697266, 42.430316215758538 ], [ 0.727812097192712, 42.430361210311744 ], [ 0.727810471684439, 42.430406204864546 ], [ 0.727808846172443, 42.430451199416936 ], [ 0.727807220656729, 42.430496193968914 ], [ 0.727805595137291, 42.430541188520493 ], [ 0.727803969614135, 42.430586183071647 ], [ 0.727864706969073, 42.430587387252459 ], [ 0.72792544432773, 42.430588591401118 ], [ 0.72798618169011, 42.430589795517619 ], [ 0.728046919056209, 42.430590999601975 ], [ 0.72810765642603, 42.430592203654172 ], [ 0.728106031116019, 42.43063719821437 ], [ 0.728104405802287, 42.430682192774142 ], [ 0.728102780484836, 42.430727187333559 ], [ 0.728101155163664, 42.430772181892522 ], [ 0.728099529838771, 42.430817176451093 ], [ 0.728097904510158, 42.430862171009259 ], [ 0.728096279177825, 42.430907165567007 ], [ 0.728094653841771, 42.43095216012437 ], [ 0.728093028501997, 42.430997154681307 ], [ 0.728091403158503, 42.43104214923784 ], [ 0.728030665354944, 42.431040945166771 ], [ 0.727969927555106, 42.43103974106355 ], [ 0.727909189758987, 42.431038536928192 ], [ 0.727848451966591, 42.43103733276066 ], [ 0.727787714177915, 42.431036128560976 ], [ 0.727786088613828, 42.431081123107667 ], [ 0.72778446304602, 42.431126117653989 ], [ 0.727782837474492, 42.431171112199856 ], [ 0.727781211899242, 42.431216106745325 ], [ 0.727779586320271, 42.431261101290403 ], [ 0.727718848318445, 42.431259897049109 ], [ 0.727658110320339, 42.431258692775707 ], [ 0.727597372325952, 42.431257488470138 ], [ 0.72753663433529, 42.431256284132381 ], [ 0.727475896348349, 42.431255079762522 ], [ 0.72741515836513, 42.431253875360454 ], [ 0.727354420385631, 42.431252670926277 ], [ 0.727293682409855, 42.431251466459919 ], [ 0.727232944437802, 42.431250261961438 ], [ 0.727172206469471, 42.431249057430755 ], [ 0.727170580453031, 42.431294051956549 ], [ 0.72716895443287, 42.431339046481916 ], [ 0.727167328408986, 42.431384041006901 ], [ 0.727165702381379, 42.43142903553148 ], [ 0.727164076350053, 42.431474030055654 ], [ 0.72710333816857, 42.431472825483397 ], [ 0.727042599990807, 42.431471620878987 ], [ 0.726981861816767, 42.431470416242426 ], [ 0.72692112364645, 42.43146921157372 ], [ 0.726860385479856, 42.431468006872834 ], [ 0.726799647316985, 42.431466802139802 ], [ 0.726738909157836, 42.431465597374633 ], [ 0.72667817100241, 42.431464392577311 ], [ 0.726617432850708, 42.431463187747809 ], [ 0.726556694702726, 42.431461982886169 ], [ 0.726558321167806, 42.431416988380896 ], [ 0.726559947629162, 42.431371993875196 ], [ 0.726561574086796, 42.43132699936907 ], [ 0.726563200540704, 42.431282004862588 ], [ 0.726564826990892, 42.431237010355673 ], [ 0.726504089063508, 42.431235805471317 ], [ 0.726443351139851, 42.431234600554816 ], [ 0.726382613219914, 42.431233395606121 ], [ 0.726321875303703, 42.43123219062533 ], [ 0.726261137391215, 42.431230985612338 ], [ 0.72620039948245, 42.431229780567215 ], [ 0.72613966157741, 42.431228575489939 ], [ 0.726078923676094, 42.431227370380491 ], [ 0.726018185778501, 42.431226165238911 ], [ 0.725957447884631, 42.431224960065173 ], [ 0.72595907476484, 42.431179965576732 ], [ 0.725960701641325, 42.431134971087893 ], [ 0.725962328514087, 42.431089976598628 ], [ 0.725963955383123, 42.431044982108986 ], [ 0.725965582248436, 42.430999987618918 ], [ 0.726026319925434, 42.431001192783221 ], [ 0.726087057606154, 42.431002397915371 ], [ 0.726147795290599, 42.43100360301537 ], [ 0.726208532978769, 42.431004808083195 ], [ 0.726269270670661, 42.431006013118875 ], [ 0.726330008366278, 42.431007218122424 ], [ 0.726390746065619, 42.431008423093793 ], [ 0.726451483768682, 42.431009628033017 ], [ 0.72651222147547, 42.431010832940075 ], [ 0.72657295918598, 42.431012037815002 ], [ 0.726574585613829, 42.430967043305643 ], [ 0.726576212037955, 42.4309220487959 ], [ 0.726577838458359, 42.430877054285737 ], [ 0.726579464875038, 42.430832059775156 ], [ 0.726581091287996, 42.430787065264163 ], [ 0.726520353794356, 42.430785860398693 ], [ 0.726459616304438, 42.430784655501085 ], [ 0.726398878818244, 42.430783450571283 ], [ 0.726338141335771, 42.430782245609358 ], [ 0.726277403857025, 42.430781040615258 ], [ 0.726279030483128, 42.430736046113317 ], [ 0.726280657105506, 42.430691051610957 ], [ 0.72628228372416, 42.430646057108227 ], [ 0.726283910339095, 42.430601062605049 ], [ 0.726285536950305, 42.430556068101481 ], [ 0.726224799692148, 42.430554863084659 ], [ 0.726164062437713, 42.43055365803572 ], [ 0.726103325187003, 42.430552452954593 ], [ 0.726042587940017, 42.430551247841343 ], [ 0.725981850696755, 42.430550042695927 ], [ 0.725921113457217, 42.430548837518344 ], [ 0.725860376221404, 42.430547632308631 ], [ 0.725799638989312, 42.430546427066773 ], [ 0.725738901760947, 42.430545221792734 ], [ 0.725678164536307, 42.430544016486536 ], [ 0.72561742731539, 42.430542811148207 ], [ 0.725556690098199, 42.430541605777726 ], [ 0.725495952884732, 42.430540400375065 ], [ 0.725435215674989, 42.430539194940273 ], [ 0.725374478468974, 42.430537989473329 ], [ 0.725313741266679, 42.43053678397424 ], [ 0.725253004068112, 42.430535578442971 ], [ 0.725192266873271, 42.430534372879542 ], [ 0.725131529682155, 42.430533167283983 ], [ 0.725070792494763, 42.430531961656285 ], [ 0.725072419969709, 42.43048696719007 ], [ 0.725074047440926, 42.430441972723472 ], [ 0.725075674908421, 42.430396978256447 ], [ 0.72507730237219, 42.430351983789052 ], [ 0.725078929832233, 42.43030698932121 ], [ 0.725018192865431, 42.430305783670768 ], [ 0.724957455902352, 42.430304577988203 ], [ 0.724896718943003, 42.430303372273471 ], [ 0.724835981987378, 42.430302166526587 ], [ 0.724775245035476, 42.430300960747545 ], [ 0.724714508087306, 42.430299754936364 ], [ 0.724653771142856, 42.430298549093017 ], [ 0.724593034202137, 42.430297343217518 ], [ 0.724532297265141, 42.430296137309874 ], [ 0.724471560331872, 42.430294931370078 ], [ 0.724473188221914, 42.430249936920752 ], [ 0.724474816108227, 42.430204942471008 ], [ 0.724476443990816, 42.43015994802083 ], [ 0.724478071869678, 42.430114953570289 ], [ 0.724479699744813, 42.430069959119322 ], [ 0.724418963032132, 42.430068753156789 ], [ 0.724358226323177, 42.430067547162146 ], [ 0.724297489617948, 42.43006634113533 ], [ 0.724236752916445, 42.430065135076362 ], [ 0.72417601621867, 42.430063928985255 ], [ 0.724115279524622, 42.430062722861969 ], [ 0.724054542834301, 42.430061516706573 ], [ 0.723993806147707, 42.430060310518989 ], [ 0.723933069464839, 42.430059104299268 ], [ 0.7238723327857, 42.430057898047366 ], [ 0.723811596110287, 42.430056691763347 ], [ 0.723750859438603, 42.430055485447163 ], [ 0.723690122770645, 42.430054279098819 ], [ 0.723629386106416, 42.430053072718344 ], [ 0.723568649445914, 42.430051866305689 ], [ 0.723507912789141, 42.430050659860889 ], [ 0.723447176136095, 42.430049453383944 ], [ 0.723386439486778, 42.430048246874854 ], [ 0.723325702841188, 42.430047040333569 ], [ 0.723264966199327, 42.430045833760168 ], [ 0.723263337456756, 42.430090828173327 ], [ 0.723261708710458, 42.430135822586081 ], [ 0.723260079960431, 42.430180816998437 ], [ 0.723258451206676, 42.430225811410374 ], [ 0.723256822449191, 42.430270805821905 ], [ 0.72325519368798, 42.430315800233039 ], [ 0.723253564923039, 42.430360794643768 ], [ 0.723251936154374, 42.43040578905407 ], [ 0.723250307381976, 42.430450783463982 ], [ 0.723248678605853, 42.430495777873475 ], [ 0.723309415681434, 42.430496984465783 ], [ 0.723370152760745, 42.430498191025919 ], [ 0.723430889843784, 42.430499397553959 ], [ 0.72349162693055, 42.430500604049811 ], [ 0.723552364021044, 42.430501810513505 ], [ 0.723550735458056, 42.430546804932057 ], [ 0.723549106891337, 42.430591799350189 ], [ 0.723547478320893, 42.430636793767924 ], [ 0.72354584974672, 42.430681788185275 ], [ 0.723544221168821, 42.430726782602179 ], [ 0.723542592587192, 42.430771777018705 ], [ 0.723540964001835, 42.430816771434806 ], [ 0.723539335412752, 42.430861765850494 ], [ 0.723537706819941, 42.430906760265785 ], [ 0.723536078223401, 42.430951754680677 ], [ 0.723534449623133, 42.430996749095151 ], [ 0.723532821019138, 42.431041743509219 ], [ 0.723531192411415, 42.43108673792289 ], [ 0.723529563799963, 42.431131732336148 ], [ 0.723527935184785, 42.431176726748994 ], [ 0.723588672929608, 42.431177933208893 ], [ 0.723649410678159, 42.431179139636669 ], [ 0.723710148430439, 42.431180346032264 ], [ 0.723770886186447, 42.431181552395707 ], [ 0.723831623946181, 42.431182758726997 ], [ 0.723829995544145, 42.431227753148882 ], [ 0.723828367138381, 42.431272747570389 ], [ 0.72382673872889, 42.431317741991471 ], [ 0.723825110315672, 42.43136273641214 ], [ 0.723823481898727, 42.431407730832419 ], [ 0.723821853478055, 42.431452725252292 ], [ 0.723820225053654, 42.431497719671739 ], [ 0.723818596625524, 42.43154271409081 ], [ 0.72381696819367, 42.43158770850944 ], [ 0.723815339758088, 42.431632702927658 ], [ 0.723754601564606, 42.431631496577467 ], [ 0.723693863374852, 42.431630290195123 ], [ 0.723633125188827, 42.431629083780621 ], [ 0.723572387006528, 42.431627877333959 ], [ 0.723511648827958, 42.431626670855145 ], [ 0.723513277480417, 42.431581676446378 ], [ 0.723514906129148, 42.431536682037169 ], [ 0.723516534774149, 42.43149168762757 ], [ 0.723518163415425, 42.431446693217573 ], [ 0.72351979205297, 42.431401698807164 ], [ 0.723459054095004, 42.431400492305649 ], [ 0.723398316140765, 42.43139928577196 ], [ 0.723337578190255, 42.431398079206161 ], [ 0.723276840243473, 42.431396872608168 ], [ 0.723216102300421, 42.431395665978023 ], [ 0.723217731151111, 42.431350671576666 ], [ 0.723219359998074, 42.431305677174905 ], [ 0.723220988841308, 42.431260682772717 ], [ 0.723222617680814, 42.431215688370138 ], [ 0.723224246516592, 42.431170693967154 ], [ 0.723163508794139, 42.431169487314321 ], [ 0.723102771075415, 42.431168280629329 ], [ 0.723042033360419, 42.431167073912199 ], [ 0.722981295649152, 42.431165867162896 ], [ 0.722920557941614, 42.431164660381448 ], [ 0.722859820237807, 42.431163453567827 ], [ 0.722799082537728, 42.431162246722089 ], [ 0.722738344841377, 42.431161039844184 ], [ 0.722677607148758, 42.431159832934121 ], [ 0.722616869459867, 42.43115862599192 ], [ 0.722615240190349, 42.431203620375967 ], [ 0.722613610917102, 42.431248614759653 ], [ 0.722611981640124, 42.431293609142941 ], [ 0.722610352359419, 42.431338603525774 ], [ 0.722608723074984, 42.431383597908244 ], [ 0.722547985172951, 42.431382390924426 ], [ 0.722487247274649, 42.431381183908421 ], [ 0.722426509380076, 42.431379976860306 ], [ 0.722365771489235, 42.431378769779997 ], [ 0.722305033602122, 42.431377562667564 ], [ 0.722303404097085, 42.431422557040143 ], [ 0.722301774588318, 42.431467551412325 ], [ 0.722300145075821, 42.431512545784102 ], [ 0.722298515559593, 42.431557540155481 ], [ 0.722296886039635, 42.431602534526455 ], [ 0.722295256515947, 42.431647528896995 ], [ 0.722293626988531, 42.431692523267138 ], [ 0.722291997457383, 42.431737517636883 ], [ 0.722290367922506, 42.431782512006187 ], [ 0.722288738383899, 42.43182750637515 ], [ 0.722228000066768, 42.431826299211622 ], [ 0.722167261753367, 42.431825092015963 ], [ 0.722106523443698, 42.431823884788137 ], [ 0.722045785137756, 42.431822677528153 ], [ 0.721985046835549, 42.431821470236017 ], [ 0.721983417076335, 42.431866464595096 ], [ 0.721981787313388, 42.431911458953756 ], [ 0.721980157546714, 42.431956453312011 ], [ 0.721978527776308, 42.432001447669833 ], [ 0.721976898002171, 42.432046442027264 ], [ 0.722037636521258, 42.432047649328858 ], [ 0.722098375044076, 42.432048856598271 ], [ 0.722159113570624, 42.432050063835575 ], [ 0.722219852100902, 42.43205127104072 ], [ 0.722280590634913, 42.432052478213677 ], [ 0.722278961073924, 42.432097472580182 ], [ 0.722277331509207, 42.432142466946253 ], [ 0.722275701940758, 42.432187461311912 ], [ 0.72227407236858, 42.432232455677202 ], [ 0.722272442792673, 42.432277450042065 ], [ 0.722270813213034, 42.432322444406502 ], [ 0.722269183629667, 42.432367438770562 ], [ 0.722267554042567, 42.432412433134182 ], [ 0.722265924451738, 42.432457427497432 ], [ 0.722264294857179, 42.432502421860256 ], [ 0.722203555889408, 42.432501214668356 ], [ 0.722142816925364, 42.432500007444304 ], [ 0.722082077965053, 42.432498800188107 ], [ 0.722021339008473, 42.432497592899743 ], [ 0.721960600055622, 42.432496385579249 ], [ 0.721958970240448, 42.432541379932196 ], [ 0.721957340421544, 42.432586374284732 ], [ 0.721955710598908, 42.432631368636898 ], [ 0.721954080772543, 42.432676362988651 ], [ 0.721952450942446, 42.432721357339972 ], [ 0.721891711776443, 42.432720149977847 ], [ 0.721830972614169, 42.432718942583563 ], [ 0.721770233455627, 42.432717735157127 ], [ 0.721709494300817, 42.432716527698531 ], [ 0.721648755149736, 42.432715320207777 ], [ 0.721647125099023, 42.432760314549235 ], [ 0.721645495044578, 42.432805308890288 ], [ 0.721643864986401, 42.43285030323095 ], [ 0.721642234924494, 42.432895297571186 ], [ 0.721640604858855, 42.432940291911045 ], [ 0.721701344226821, 42.432941499411235 ], [ 0.72176208359852, 42.432942706879302 ], [ 0.721822822973951, 42.432943914315196 ], [ 0.721883562353112, 42.432945121718944 ], [ 0.721944301736004, 42.432946329090527 ], [ 0.721942671883524, 42.432991323439438 ], [ 0.721941042027312, 42.433036317787924 ], [ 0.721939412167369, 42.43308131213599 ], [ 0.721937782303695, 42.433126306483665 ], [ 0.721936152436292, 42.433171300830935 ], [ 0.721934522565157, 42.433216295177786 ], [ 0.721932892690292, 42.433261289524218 ], [ 0.721931262811695, 42.433306283870287 ], [ 0.721929632929368, 42.433351278215923 ], [ 0.72192800304331, 42.433396272561147 ], [ 0.721867263226636, 42.433395065170622 ], [ 0.72180652341369, 42.43339385774798 ], [ 0.721745783604477, 42.433392650293165 ], [ 0.721685043798996, 42.433391442806169 ], [ 0.721624303997247, 42.433390235287035 ], [ 0.721563564199228, 42.433389027735757 ], [ 0.721502824404941, 42.433387820152305 ], [ 0.721442084614386, 42.433386612536722 ], [ 0.721381344827563, 42.433385404888966 ], [ 0.721320605044472, 42.433384197209037 ], [ 0.721322235364318, 42.433339202882742 ], [ 0.72132386568043, 42.433294208556013 ], [ 0.721325495992813, 42.433249214228887 ], [ 0.721327126301462, 42.433204219901377 ], [ 0.72132875660638, 42.433159225573448 ], [ 0.721268017043914, 42.433158017870824 ], [ 0.721207277485181, 42.433156810136062 ], [ 0.721146537930178, 42.433155602369155 ], [ 0.721085798378909, 42.433154394570074 ], [ 0.721025058831372, 42.433153186738835 ], [ 0.720964319287568, 42.433151978875443 ], [ 0.720903579747495, 42.433150770979893 ], [ 0.720842840211155, 42.433149563052204 ], [ 0.72078210067855, 42.433148355092349 ], [ 0.720721361149677, 42.433147147100328 ], [ 0.720660621624536, 42.433145939076169 ], [ 0.72059988210313, 42.433144731019851 ], [ 0.720539142585457, 42.433143522931353 ], [ 0.720478403071516, 42.433142314810723 ], [ 0.72041766356131, 42.433141106657914 ], [ 0.720356924054835, 42.433139898472987 ], [ 0.720296184552096, 42.433138690255873 ], [ 0.720235445053091, 42.433137482006636 ], [ 0.720174705557819, 42.433136273725204 ], [ 0.720113966066281, 42.433135065411633 ], [ 0.7201123348938, 42.433180059701691 ], [ 0.720110703717584, 42.433225053991357 ], [ 0.720109072537635, 42.43327004828064 ], [ 0.720107441353952, 42.43331504256949 ], [ 0.720105810166537, 42.433360036857948 ], [ 0.720045070461839, 42.433358828502762 ], [ 0.71998433076088, 42.433357620115395 ], [ 0.719923591063653, 42.433356411695883 ], [ 0.719862851370161, 42.433355203244211 ], [ 0.719802111680403, 42.433353994760395 ], [ 0.71974137199438, 42.433352786244441 ], [ 0.71968063231209, 42.433351577696314 ], [ 0.719619892633536, 42.433350369116006 ], [ 0.719559152958719, 42.433349160503568 ], [ 0.719498413287635, 42.43334795185897 ], [ 0.719496781662699, 42.433392946128066 ], [ 0.719495150034028, 42.43343794039675 ], [ 0.719493518401623, 42.433482934665044 ], [ 0.719491886765482, 42.433527928932939 ], [ 0.719490255125608, 42.433572923200416 ], [ 0.719550995013585, 42.433574131854485 ], [ 0.719611734905297, 42.433575340476409 ], [ 0.719672474800745, 42.433576549066167 ], [ 0.719733214699927, 42.433577757623752 ], [ 0.719793954602842, 42.433578966149206 ], [ 0.719792323176129, 42.433623960425727 ], [ 0.719790691745678, 42.433668954701865 ], [ 0.719789060311494, 42.433713948977598 ], [ 0.719787428873577, 42.433758943252919 ], [ 0.719785797431924, 42.433803937527827 ], [ 0.719784165986536, 42.433848931802331 ], [ 0.719782534537415, 42.433893926076429 ], [ 0.719780903084559, 42.433938920350109 ], [ 0.719779271627969, 42.433983914623397 ], [ 0.719777640167645, 42.434028908896273 ], [ 0.719716899830933, 42.434027700351891 ], [ 0.719656159497956, 42.434026491775349 ], [ 0.719595419168715, 42.434025283166655 ], [ 0.719534678843209, 42.434024074525794 ], [ 0.719473938521436, 42.434022865852789 ], [ 0.719475570198661, 42.43397787158937 ], [ 0.71947720187215, 42.433932877325574 ], [ 0.719478833541904, 42.433887883061338 ], [ 0.719480465207925, 42.433842888796718 ], [ 0.719482096870209, 42.433797894531693 ], [ 0.719421356769072, 42.433796685835986 ], [ 0.719360616671669, 42.433795477108134 ], [ 0.719299876578002, 42.433794268348137 ], [ 0.719239136488072, 42.433793059555946 ], [ 0.719178396401875, 42.43379185073163 ], [ 0.719117656319415, 42.433790641875149 ], [ 0.71905691624069, 42.433789432986508 ], [ 0.718996176165702, 42.433788224065715 ], [ 0.71893543609445, 42.433787015112763 ], [ 0.718874696026933, 42.433785806127666 ], [ 0.718876328119276, 42.433740811881179 ], [ 0.718877960207883, 42.433695817634266 ], [ 0.718879592292753, 42.433650823386941 ], [ 0.718881224373889, 42.433605829139225 ], [ 0.718882856451287, 42.433560834891097 ], [ 0.718822116604401, 42.433559625883326 ], [ 0.718761376761254, 42.433558416843375 ], [ 0.71870063692184, 42.433557207771265 ], [ 0.718639897086163, 42.433555998667011 ], [ 0.718579157254226, 42.433554789530596 ], [ 0.718518417426023, 42.43355358036203 ], [ 0.718457677601556, 42.433552371161291 ], [ 0.718396937780828, 42.433551161928406 ], [ 0.718336197963835, 42.433549952663377 ], [ 0.71827545815058, 42.433548743366167 ], [ 0.718214718341062, 42.433547534036826 ], [ 0.718153978535281, 42.433546324675312 ], [ 0.718093238733238, 42.433545115281646 ], [ 0.718032498934931, 42.433543905855828 ], [ 0.717971759140362, 42.433542696397851 ], [ 0.717970126412281, 42.433587690617564 ], [ 0.717968493680463, 42.433632684836844 ], [ 0.717966860944908, 42.433677679055741 ], [ 0.717965228205616, 42.433722673274218 ], [ 0.717963595462586, 42.433767667492269 ], [ 0.71790285545486, 42.433766457992689 ], [ 0.717842115450872, 42.433765248460922 ], [ 0.717781375450623, 42.433764038896975 ], [ 0.717720635454111, 42.43376282930091 ], [ 0.717659895461337, 42.43376161967268 ], [ 0.717658262497673, 42.433806613880861 ], [ 0.717656629530272, 42.433851608088624 ], [ 0.717654996559133, 42.433896602296016 ], [ 0.717653363584255, 42.433941596502983 ], [ 0.717651730605639, 42.433986590709573 ], [ 0.71771247081531, 42.433987800347261 ], [ 0.717773211028719, 42.433989009952811 ], [ 0.717833951245865, 42.433990219526216 ], [ 0.71789469146675, 42.43399142906749 ], [ 0.717955431691373, 42.433992638576555 ], [ 0.717953798925917, 42.43403763279219 ], [ 0.717952166156724, 42.434082627007406 ], [ 0.717950533383795, 42.434127621222231 ], [ 0.717948900607127, 42.434172615436637 ], [ 0.717947267826722, 42.434217609650638 ], [ 0.71794563504258, 42.434262603864248 ], [ 0.7179440022547, 42.434307598077439 ], [ 0.717942369463082, 42.434352592290224 ], [ 0.717940736667728, 42.434397586502598 ], [ 0.717939103868634, 42.434442580714574 ], [ 0.717937471065803, 42.434487574926138 ], [ 0.717935838259236, 42.434532569137296 ], [ 0.717934205448932, 42.434577563348022 ], [ 0.717932572634888, 42.434622557558384 ], [ 0.717930939817109, 42.434667551768321 ], [ 0.717991680696174, 42.434668761273677 ], [ 0.718052421578979, 42.434669970746882 ], [ 0.71811316246552, 42.434671180187912 ], [ 0.7181739033558, 42.434672389596805 ], [ 0.718234644249815, 42.434673598973554 ], [ 0.718295385147569, 42.434674808318107 ], [ 0.71835612604906, 42.43467601763053 ], [ 0.718416866954289, 42.434677226910779 ], [ 0.718477607863255, 42.434678436158883 ], [ 0.718538348775957, 42.434679645374821 ], [ 0.718599089692396, 42.434680854558607 ], [ 0.718659830612572, 42.434682063710262 ], [ 0.718720571536486, 42.434683272829702 ], [ 0.718781312464135, 42.434684481917024 ], [ 0.718842053395521, 42.434685690972174 ], [ 0.718902794330644, 42.434686899995164 ], [ 0.718963535269502, 42.434688108986009 ], [ 0.719024276212097, 42.434689317944688 ], [ 0.719085017158428, 42.434690526871229 ], [ 0.719145758108496, 42.43469173576559 ], [ 0.719206499062298, 42.434692944627791 ], [ 0.719267240019836, 42.434694153457841 ], [ 0.719327980981112, 42.434695362255752 ], [ 0.719388721946121, 42.434696571021504 ], [ 0.719449462914868, 42.434697779755041 ], [ 0.719510203887348, 42.434698988456482 ], [ 0.719570944863564, 42.434700197125736 ], [ 0.719631685843516, 42.434701405762858 ], [ 0.719692426827201, 42.434702614367808 ], [ 0.719753167814623, 42.434703822940605 ], [ 0.719751536294545, 42.434748817206945 ], [ 0.719749904770732, 42.434793811472915 ], [ 0.719748273243185, 42.434838805738458 ], [ 0.719746641711903, 42.434883800003604 ], [ 0.719745010176887, 42.434928794268345 ], [ 0.719743378638136, 42.434973788532666 ], [ 0.719741747095647, 42.435018782796611 ], [ 0.719740115549428, 42.43506377706013 ], [ 0.719738483999472, 42.435108771323222 ], [ 0.719736852445782, 42.43515376558593 ], [ 0.719797593870758, 42.435154974145519 ], [ 0.719858335299468, 42.435156182672927 ], [ 0.719919076731914, 42.435157391168168 ], [ 0.719979818168094, 42.435158599631272 ], [ 0.720040559608009, 42.43515980806221 ], [ 0.720101301051658, 42.435161016461016 ], [ 0.720162042499042, 42.435162224827621 ], [ 0.72022278395016, 42.435163433162089 ], [ 0.720283525405012, 42.435164641464375 ], [ 0.720344266863599, 42.435165849734545 ], [ 0.720345897983464, 42.435120855452894 ], [ 0.720347529099598, 42.435075861170866 ], [ 0.720349160211996, 42.435030866888361 ], [ 0.720350791320661, 42.434985872605516 ], [ 0.720352422425591, 42.434940878322266 ], [ 0.720413163671001, 42.434942086550784 ], [ 0.720473904920144, 42.43494329474715 ], [ 0.720534646173019, 42.434944502911343 ], [ 0.72059538742963, 42.43494571104339 ], [ 0.720656128689975, 42.4349469191433 ], [ 0.720716869954052, 42.434948127211022 ], [ 0.720777611221863, 42.434949335246607 ], [ 0.720838352493406, 42.434950543250039 ], [ 0.720899093768683, 42.434951751221298 ], [ 0.720959835047694, 42.43495295916037 ], [ 0.721020576330437, 42.434954167067332 ], [ 0.721081317616914, 42.434955374942113 ], [ 0.721142058907122, 42.434956582784743 ], [ 0.721202800201063, 42.43495779059522 ], [ 0.721263541498739, 42.434958998373517 ], [ 0.721265171949204, 42.434914004061454 ], [ 0.721266802395939, 42.434869009748958 ], [ 0.721268432838941, 42.434824015436085 ], [ 0.721270063278211, 42.4347790211228 ], [ 0.721271693713749, 42.434734026809103 ], [ 0.721273324145554, 42.434689032495008 ], [ 0.721274954573629, 42.434644038180487 ], [ 0.72127658499797, 42.434599043865589 ], [ 0.721278215418578, 42.43455404955025 ], [ 0.721279845835456, 42.434509055234514 ], [ 0.721281476248601, 42.434464060918394 ], [ 0.721283106658013, 42.434419066601833 ], [ 0.721284737063695, 42.434374072284882 ], [ 0.721286367465643, 42.434329077967519 ], [ 0.72128799786386, 42.434284083649764 ], [ 0.721348738514545, 42.43428529136753 ], [ 0.721409479168962, 42.434286499053137 ], [ 0.721470219827112, 42.434287706706584 ], [ 0.721530960488992, 42.434288914327873 ], [ 0.721591701154605, 42.434290121917009 ], [ 0.721593331332189, 42.434245127589392 ], [ 0.721594961506037, 42.434200133261321 ], [ 0.721596591676155, 42.43415513893288 ], [ 0.721598221842542, 42.434110144604041 ], [ 0.721599852005197, 42.434065150274762 ], [ 0.721660592457639, 42.434066357822289 ], [ 0.721721332913814, 42.434067565337656 ], [ 0.721782073373719, 42.434068772820865 ], [ 0.721842813837358, 42.4340699802719 ], [ 0.721903554304726, 42.434071187690805 ], [ 0.721905184246748, 42.43402619335167 ], [ 0.721906814185039, 42.433981199012116 ], [ 0.7219084441196, 42.433936204672193 ], [ 0.72191007405043, 42.433891210331808 ], [ 0.721911703977526, 42.433846215991096 ], [ 0.721913333900895, 42.433801221649908 ], [ 0.721914963820532, 42.433756227308344 ], [ 0.721916593736437, 42.43371123296636 ], [ 0.721918223648612, 42.433666238623992 ], [ 0.721919853557056, 42.433621244281191 ], [ 0.721980593594358, 42.433622451649008 ], [ 0.722041333635389, 42.433623658984672 ], [ 0.722102073680153, 42.433624866288177 ], [ 0.722162813728648, 42.433626073559488 ], [ 0.722223553780875, 42.433627280798689 ], [ 0.722225183468692, 42.433582286446025 ], [ 0.722226813152778, 42.433537292092957 ], [ 0.722228442833133, 42.433492297739498 ], [ 0.722230072509758, 42.433447303385613 ], [ 0.722231702182652, 42.433402309031337 ], [ 0.722292442021714, 42.4334035162289 ], [ 0.722353181864505, 42.433404723394311 ], [ 0.722413921711026, 42.43340593052757 ], [ 0.722474661561279, 42.43340713762867 ], [ 0.722535401415262, 42.433408344697611 ], [ 0.722596141272974, 42.433409551734414 ], [ 0.722656881134416, 42.433410758739036 ], [ 0.722717620999589, 42.433411965711514 ], [ 0.722778360868492, 42.433413172651846 ], [ 0.722839100741123, 42.433414379559984 ], [ 0.722899840617485, 42.433415586435999 ], [ 0.722960580497577, 42.433416793279839 ], [ 0.723021320381398, 42.433418000091542 ], [ 0.723082060268948, 42.433419206871065 ], [ 0.723142800160227, 42.433420413618457 ] ], [ [ 0.726819728064943, 42.432592869608847 ], [ 0.726818101719951, 42.432637864113012 ], [ 0.726816475371237, 42.432682858616758 ], [ 0.726814849018801, 42.432727853120099 ], [ 0.726813222662642, 42.432772847623028 ], [ 0.726811596302759, 42.432817842125537 ], [ 0.726809969939154, 42.43286283662767 ], [ 0.726808343571825, 42.432907831129398 ], [ 0.726806717200774, 42.432952825630679 ], [ 0.726805090826, 42.432997820131604 ], [ 0.726803464447505, 42.433042814632095 ], [ 0.726742724766443, 42.433041609833005 ], [ 0.726681985089103, 42.433040405001726 ], [ 0.726621245415487, 42.433039200138303 ], [ 0.726560505745595, 42.433037995242749 ], [ 0.726499766079425, 42.433036790315022 ], [ 0.726439026416981, 42.433035585355142 ], [ 0.72637828675826, 42.433034380363104 ], [ 0.726317547103262, 42.433033175338885 ], [ 0.726256807451988, 42.433031970282556 ], [ 0.726196067804439, 42.433030765194047 ], [ 0.72619769461672, 42.432985770712421 ], [ 0.726199321425277, 42.432940776230403 ], [ 0.726200948230111, 42.43289578174798 ], [ 0.726202575031222, 42.43285078726516 ], [ 0.726204201828608, 42.43280579278192 ], [ 0.726205828622272, 42.432760798298261 ], [ 0.72620745541221, 42.432715803814219 ], [ 0.726209082198424, 42.432670809329757 ], [ 0.726210708980916, 42.432625814844876 ], [ 0.726212335759682, 42.432580820359618 ], [ 0.726273074973453, 42.432582025429248 ], [ 0.726333814190946, 42.432583230466705 ], [ 0.726394553412163, 42.432584435472023 ], [ 0.726455292637104, 42.432585640445183 ], [ 0.726516031865769, 42.432586845386162 ], [ 0.726576771098157, 42.432588050295024 ], [ 0.726637510334269, 42.432589255171699 ], [ 0.726698249574104, 42.432590460016243 ], [ 0.726758988817661, 42.432591664828614 ], [ 0.726819728064943, 42.432592869608847 ] ] ] } }
]
}
