{
"type": "FeatureCollection",
"name": "official_1995",
"crs": { "type": "name", "properties": { "name": "urn:ogc:def:crs:OGC:1.3:CRS84" } },
"features": [
{ "type": "Feature", "properties": { "GRID_CODE": 2, "CODI_FINAL": "1795182", "MUNICIPI": "Portbou", "DATA_INCEN": "25/08/95" }, "geometry": { "type": "MultiPolygon", "coordinates": [ [ [ [ 3.129568604444179, 42.429305769675196 ], [ 3.128960766053898, 42.429306458517758 ], [ 3.128961229887579, 42.429531608081248 ], [ 3.128657309657601, 42.429531951296504 ], [ 3.128658697866637, 42.430207399941814 ], [ 3.128962621420435, 42.430207056718423 ], [ 3.12896308527441, 42.430432205796087 ], [ 3.12835523604689, 42.430432891442358 ], [ 3.12835615936091, 42.430883190482454 ], [ 3.127748305761361, 42.430883872916233 ], [ 3.127748765281197, 42.431109022428267 ], [ 3.126229125660705, 42.431110714424555 ], [ 3.126229579747013, 42.431335863940937 ], [ 3.125621721662544, 42.431336535104087 ], [ 3.125622625499633, 42.431786834120686 ], [ 3.128358006173881, 42.431783788455924 ], [ 3.128357544462719, 42.431558638975886 ], [ 3.129269334703392, 42.431557609257446 ], [ 3.129268869734203, 42.43133245977657 ], [ 3.129572798716034, 42.431332114928153 ], [ 3.129573730774407, 42.431782413830675 ], [ 3.129877661926457, 42.431782068171053 ], [ 3.129878129081867, 42.432007217628779 ], [ 3.131397790139959, 42.432005477229694 ], [ 3.131396844956612, 42.431555178332559 ], [ 3.132004705015266, 42.43155447654307 ], [ 3.132003755502596, 42.431104177666434 ], [ 3.132307683348257, 42.431103825568464 ], [ 3.13230720751227, 42.430878676097052 ], [ 3.132611134264757, 42.430878323196026 ], [ 3.132610180433659, 42.430428024232114 ], [ 3.133521954071203, 42.430426960710939 ], [ 3.133521473901579, 42.43020181162926 ], [ 3.134129320830966, 42.430201098591738 ], [ 3.134130285527407, 42.430651397140373 ], [ 3.132914583005784, 42.430652820014458 ], [ 3.13291506101179, 42.43087796948921 ], [ 3.132611134264757, 42.430878323196026 ], [ 3.132612565052214, 42.431553771530297 ], [ 3.132004705015266, 42.43155447654307 ], [ 3.132006604105971, 42.432455074279829 ], [ 3.131398735344923, 42.432455776091288 ], [ 3.131398262739738, 42.432230626664925 ], [ 3.130790396193487, 42.432231325247471 ], [ 3.130790866623036, 42.432456474679292 ], [ 3.130486932223632, 42.43245682276455 ], [ 3.130487401570719, 42.432681972190224 ], [ 3.130183466078118, 42.432682319472384 ], [ 3.13018393434274, 42.432907468891855 ], [ 3.129879997756929, 42.432907815370861 ], [ 3.129880932126422, 42.433358114143594 ], [ 3.12927305458735, 42.433358804694834 ], [ 3.129273519604395, 42.433583954095795 ], [ 3.128969579738989, 42.433584298165293 ], [ 3.128970043673459, 42.433809447560073 ], [ 3.128666102775647, 42.433809790826309 ], [ 3.128666565627516, 42.434034940214893 ], [ 3.12805868151863, 42.434035624335216 ], [ 3.12805960288655, 42.43448592309641 ], [ 3.126843825963065, 42.434487281687559 ], [ 3.126844282303154, 42.434712431065485 ], [ 3.124716664825428, 42.434714777591182 ], [ 3.124717113555041, 42.434939926978551 ], [ 3.123501327700263, 42.434941250130741 ], [ 3.123501772083131, 42.435166399519566 ], [ 3.123197824503543, 42.435166728295407 ], [ 3.123198711108448, 42.43561702700655 ], [ 3.122286861811368, 42.435618008513906 ], [ 3.122287301857453, 42.435843157886339 ], [ 3.121983350993681, 42.435843483446135 ], [ 3.121983789956778, 42.436068632812223 ], [ 3.121679838060748, 42.436068957568565 ], [ 3.121680275940833, 42.436294106928301 ], [ 3.121072369836114, 42.436294754028324 ], [ 3.121073676978069, 42.436970202069482 ], [ 3.120769720654059, 42.436970524418122 ], [ 3.120771024576484, 42.437645972341905 ], [ 3.121074984164778, 42.437645649985704 ], [ 3.121076727150173, 42.438546247098024 ], [ 3.120772763209413, 42.438546569509327 ], [ 3.120774501921781, 42.439447166489657 ], [ 3.120470533623211, 42.439447488059955 ], [ 3.12047140083281, 42.439897786524384 ], [ 3.120167430352832, 42.439898107293679 ], [ 3.120167862876738, 42.440123256470045 ], [ 3.120471834444961, 42.440122935698263 ], [ 3.120472268062155, 42.440348084908258 ], [ 3.121688158577555, 42.440346793750479 ], [ 3.121688596552784, 42.440571942941524 ], [ 3.122296543987415, 42.440571292521113 ], [ 3.122296984144215, 42.440796441698211 ], [ 3.123208908462444, 42.440795460014463 ], [ 3.123208021624227, 42.44034516166677 ], [ 3.12351199423055, 42.440344832831819 ], [ 3.123511105236116, 42.439894534453735 ], [ 3.123207134806293, 42.439894863283541 ], [ 3.123206248008728, 42.439444564909842 ], [ 3.122902279750273, 42.439444892928485 ], [ 3.122901837447259, 42.439219743703227 ], [ 3.123509771782687, 42.439219086865059 ], [ 3.123509327308342, 42.438993937636056 ], [ 3.123813293380234, 42.438993608010485 ], [ 3.123811511181131, 42.438093011061042 ], [ 3.124115472895278, 42.438092680639791 ], [ 3.124115026270083, 42.437867531371552 ], [ 3.124418986891003, 42.437867200146876 ], [ 3.124418539182797, 42.437642050872356 ], [ 3.124722498649683, 42.43764171884434 ], [ 3.124722947446007, 42.437866868116274 ], [ 3.125026908056674, 42.437866535279618 ], [ 3.125026458172231, 42.437641386010284 ], [ 3.125330417689624, 42.437641052370225 ], [ 3.125329515759972, 42.43719075381015 ], [ 3.12563347309602, 42.437190419369323 ], [ 3.125632569010845, 42.436740120778957 ], [ 3.126240479315121, 42.436739449489892 ], [ 3.126238662502594, 42.435838852268617 ], [ 3.126542613294787, 42.435838515425651 ], [ 3.126542158016611, 42.435613366089505 ], [ 3.12684610765481, 42.435613028443335 ], [ 3.12684565135464, 42.435387879100873 ], [ 3.127149599899627, 42.435387540651412 ], [ 3.127149142455902, 42.435162391302804 ], [ 3.127757037475794, 42.435161711991256 ], [ 3.12775749709547, 42.435386861334578 ], [ 3.1283653942703, 42.435386178794019 ], [ 3.128365856010436, 42.435611328123173 ], [ 3.12927770499701, 42.435610298259846 ], [ 3.129277239932102, 42.435385148938792 ], [ 3.130189085546039, 42.435384111830274 ], [ 3.130189553874925, 42.435609261143206 ], [ 3.131405352384833, 42.435607867037852 ], [ 3.131405825010302, 42.435833016331095 ], [ 3.131709775712304, 42.435832665787181 ], [ 3.131710249491895, 42.436057815023702 ], [ 3.132926056536857, 42.436056404777744 ], [ 3.132925578405103, 42.435831255507232 ], [ 3.133837430412994, 42.43583018936863 ], [ 3.133836949022791, 42.43560504014259 ], [ 3.135052747209942, 42.435603607307563 ], [ 3.135052261473279, 42.435378458083854 ], [ 3.135660158388029, 42.435377736858861 ], [ 3.135660646300675, 42.435602886076943 ], [ 3.135356696758098, 42.435603247095216 ], [ 3.135357183588417, 42.435828396352264 ], [ 3.136572986016449, 42.435826947432304 ], [ 3.136573477204401, 42.436052096669151 ], [ 3.137485332215329, 42.436051001508297 ], [ 3.137485826672983, 42.436276150727693 ], [ 3.137789779440296, 42.436275784059291 ], [ 3.137790770548555, 42.436726082420662 ], [ 3.138094725486293, 42.436725714940586 ], [ 3.138095222137046, 42.436950864127603 ], [ 3.138399178157169, 42.436950495838659 ], [ 3.138399675840884, 42.437175645013987 ], [ 3.138703632396264, 42.437175275916864 ], [ 3.138704131234556, 42.437400425080334 ], [ 3.139312047598624, 42.437399684461042 ], [ 3.139313049644649, 42.437849982704776 ], [ 3.139617009933517, 42.437849611180418 ], [ 3.139617512053308, 42.438074760308567 ], [ 3.139921473485355, 42.438074387975249 ], [ 3.139922983143644, 42.438749835297664 ], [ 3.141138841811171, 42.438748337869285 ], [ 3.141138334233327, 42.438523188782398 ], [ 3.141442297812763, 42.43852281241319 ], [ 3.141442806478771, 42.438747961497135 ], [ 3.141746771140542, 42.438747584318946 ], [ 3.141747790666279, 42.439197882409282 ], [ 3.1420517574378, 42.439197504419248 ], [ 3.142051246583777, 42.438972355358942 ], [ 3.142659178054481, 42.438971596966567 ], [ 3.142659691084882, 42.439196746020919 ], [ 3.143267624647706, 42.439195984398545 ], [ 3.143268139860379, 42.439421133438074 ], [ 3.143572107751557, 42.439420751414822 ], [ 3.1435736566895, 42.440096198426083 ], [ 3.14387762783945, 42.440095815587803 ], [ 3.143877110432723, 42.439870666625957 ], [ 3.144181080488415, 42.439870282939587 ], [ 3.144179525038896, 42.439194835919658 ], [ 3.143875558247743, 42.439195219551983 ], [ 3.143875040864586, 42.438970070509598 ], [ 3.143571075155715, 42.438970453332878 ], [ 3.143570558866652, 42.438745304278591 ], [ 3.144178488102135, 42.438744537831951 ], [ 3.144177451189198, 42.438294239753745 ], [ 3.144481413621741, 42.438293855327395 ], [ 3.144480374556157, 42.437843557174666 ], [ 3.144784334806492, 42.437843171948323 ], [ 3.1447838141945, 42.437618022861642 ], [ 3.14569569158458, 42.437616862355881 ], [ 3.145696215460913, 42.437842011433503 ], [ 3.146000175687353, 42.4378416229832 ], [ 3.145999650722907, 42.437616473908626 ], [ 3.146911528041004, 42.437615303731022 ], [ 3.14691205626979, 42.437840452796436 ], [ 3.147216016472137, 42.437840061122188 ], [ 3.147218133800164, 42.438740657237773 ], [ 3.146914169245252, 42.438741048924285 ], [ 3.14691522576929, 42.439191346957443 ], [ 3.148131092597249, 42.439189775350769 ], [ 3.148131625221133, 42.43941492434174 ], [ 3.149043528527572, 42.439413737164131 ], [ 3.149042992639088, 42.439188588182454 ], [ 3.149346959327727, 42.439188190847609 ], [ 3.149350181279851, 42.440539084540802 ], [ 3.148742234837683, 42.440539878441726 ], [ 3.148743304517676, 42.440990176250821 ], [ 3.149351255312968, 42.440989382337463 ], [ 3.149351792338794, 42.441214531244995 ], [ 3.149655768754739, 42.441214133076159 ], [ 3.149656845001457, 42.441664430858332 ], [ 3.14996082364868, 42.441664031877089 ], [ 3.149961362869503, 42.441889180706717 ], [ 3.150265342598883, 42.441888780916258 ], [ 3.15026588291433, 42.442113929778884 ], [ 3.150873844470456, 42.442113127773453 ], [ 3.150874386968808, 42.442338276620944 ], [ 3.151482350737621, 42.44233747138469 ], [ 3.151482895418927, 42.442562620216989 ], [ 3.152090861278775, 42.442561811750018 ], [ 3.152091408142975, 42.442786960522106 ], [ 3.153003360242142, 42.442785741766045 ], [ 3.153000059559964, 42.441434848877442 ], [ 3.152696082063309, 42.441435255916481 ], [ 3.152693337109251, 42.440309511552471 ], [ 3.152389365108544, 42.440309917769468 ], [ 3.152388817224797, 42.440084768857837 ], [ 3.151476904267486, 42.440085982663192 ], [ 3.151477448886485, 42.440311131584309 ], [ 3.150869504768064, 42.440311936763813 ], [ 3.150868419889266, 42.439861638900098 ], [ 3.151780329558489, 42.439860429940609 ], [ 3.151779783863726, 42.439635281004882 ], [ 3.152387721476107, 42.439634471007921 ], [ 3.152388269347319, 42.439859619937323 ], [ 3.152692239171541, 42.439859213726677 ], [ 3.152692788137256, 42.440084362644029 ], [ 3.152996759104221, 42.440083955624068 ], [ 3.152998959382842, 42.440984551146833 ], [ 3.153910885244363, 42.440983325212386 ], [ 3.153911991951312, 42.441433622923803 ], [ 3.154215969422721, 42.441433212660399 ], [ 3.154216523873903, 42.441658361454543 ], [ 3.154520502427292, 42.441657950381824 ], [ 3.154519946887676, 42.441432801545851 ], [ 3.155431879183881, 42.441431563500835 ], [ 3.155431320385801, 42.441206414710685 ], [ 3.15573529673706, 42.441206000420038 ], [ 3.155734736856963, 42.440980851579234 ], [ 3.156038712113508, 42.440980436485738 ], [ 3.156039834056604, 42.441430734106973 ], [ 3.156343811422552, 42.441430318200979 ], [ 3.156344373492105, 42.441655467017519 ], [ 3.157256308998671, 42.441654214452974 ], [ 3.157255743664151, 42.441429065646211 ], [ 3.157863698398776, 42.441428226579312 ], [ 3.157863130894218, 42.441203077815267 ], [ 3.158775059712777, 42.44120181313405 ], [ 3.15877448894982, 42.440976664371007 ], [ 3.159686414505634, 42.440975392489925 ], [ 3.159685266469426, 42.440525094867034 ], [ 3.159381293467257, 42.440525519626846 ], [ 3.159380147633811, 42.440075221961777 ], [ 3.159988089278558, 42.440074371649409 ], [ 3.159987514195313, 42.43984922285523 ], [ 3.160291483919595, 42.439848796493301 ], [ 3.160292060030277, 42.440073945284226 ], [ 3.160596030836202, 42.440073518112918 ], [ 3.160596608102634, 42.440298666936563 ], [ 3.160292636208463, 42.440299094111218 ], [ 3.160293788584609, 42.440749391738542 ], [ 3.160597762655311, 42.440748964557194 ], [ 3.16059718537567, 42.440523815751327 ], [ 3.160901158351497, 42.440523387767243 ], [ 3.16089884494613, 42.439622792513312 ], [ 3.161202813562368, 42.439622363736603 ], [ 3.161201075313151, 42.438946917179187 ], [ 3.161505040658171, 42.438946487606508 ], [ 3.161505621156135, 42.439171636464501 ], [ 3.162113553941832, 42.439170774894421 ], [ 3.16211413662283, 42.439395923736775 ], [ 3.16272207161904, 42.439395058935744 ], [ 3.162722656483121, 42.439620207762466 ], [ 3.163026624998613, 42.439619774149598 ], [ 3.163027210957606, 42.439844922964042 ], [ 3.163331180615412, 42.439844488541631 ], [ 3.163331767669225, 42.440069637298798 ], [ 3.163939709141129, 42.440068766029022 ], [ 3.163940298378268, 42.440293914815499 ], [ 3.164548241938911, 42.440293040314771 ], [ 3.164545876325112, 42.439392445187949 ], [ 3.164849843772772, 42.439392006742139 ], [ 3.164848066368958, 42.438716560325318 ], [ 3.165152030545291, 42.438716121083814 ], [ 3.165150843466916, 42.438265823405033 ], [ 3.165454805460167, 42.438265383364367 ], [ 3.16545302162929, 42.437589936834925 ], [ 3.165756980351377, 42.437589495998637 ], [ 3.165755193317356, 42.436914049354556 ], [ 3.16605914876838, 42.436913607722644 ], [ 3.166058552015945, 42.436688458826971 ], [ 3.166362506311289, 42.436688016392637 ], [ 3.166361908477755, 42.436462867536569 ], [ 3.166665861738998, 42.436462424299656 ], [ 3.166663466120736, 42.43556182862033 ], [ 3.166967415023189, 42.435561384636394 ], [ 3.166966815047767, 42.435336235697818 ], [ 3.167574710655889, 42.435335345229049 ], [ 3.167575312807276, 42.435560494160647 ], [ 3.167879261688981, 42.435560047713899 ], [ 3.16788288120922, 42.436910941051039 ], [ 3.168186836612191, 42.436910493777383 ], [ 3.168187440987823, 42.437135642594768 ], [ 3.168795353888353, 42.4371347456226 ], [ 3.168795960447172, 42.437359894469132 ], [ 3.169099918005513, 42.437359444770536 ], [ 3.169100525659378, 42.437584593604669 ], [ 3.170316360114666, 42.437582786736442 ], [ 3.170316972127909, 42.437807935547561 ], [ 3.170620931827565, 42.437807481811973 ], [ 3.170622158051308, 42.438257779400459 ], [ 3.170926119859403, 42.438257324851861 ], [ 3.170925505655893, 42.438032176065605 ], [ 3.172749270131628, 42.438029431869033 ], [ 3.172748028688468, 42.437579134357861 ], [ 3.17183615304146, 42.437580510061565 ], [ 3.171835535594751, 42.437355361259371 ], [ 3.171531578099427, 42.437355818211749 ], [ 3.171527880095941, 42.436004925235679 ], [ 3.171223929182659, 42.436005381360587 ], [ 3.171220853146936, 42.434879636959231 ], [ 3.172132689667472, 42.434878266220096 ], [ 3.172130834399828, 42.434202819477747 ], [ 3.171826892143569, 42.434203277185986 ], [ 3.171826274802937, 42.433978128295578 ], [ 3.171218392445065, 42.433979041287252 ], [ 3.171217162136296, 42.433528743375476 ], [ 3.170609284162604, 42.433529653129298 ], [ 3.17060805823345, 42.433079355167735 ], [ 3.170000184583159, 42.433080261683905 ], [ 3.169995298551934, 42.431279069470662 ], [ 3.169083514100966, 42.431280423116327 ], [ 3.169082906641846, 42.431055274078496 ], [ 3.168778979544966, 42.431055723633605 ], [ 3.168777766822919, 42.430605425479257 ], [ 3.168473841955463, 42.430605874266476 ], [ 3.168473236692487, 42.430380725149952 ], [ 3.168169312845027, 42.430381173127955 ], [ 3.16816810451631, 42.429930875266543 ], [ 3.167864182837315, 42.429931322431763 ], [ 3.167864785911076, 42.430156471573056 ], [ 3.167560863137511, 42.430156917936017 ], [ 3.167561465129395, 42.430382066666631 ], [ 3.166649693565098, 42.430383400931213 ], [ 3.166648496113268, 42.429933103034934 ], [ 3.166040652740498, 42.429933988501858 ], [ 3.166041249288158, 42.430159137663992 ], [ 3.165433403651923, 42.430160019914837 ], [ 3.165432809279631, 42.42993487074579 ], [ 3.164521044098165, 42.429936188068353 ], [ 3.164521635207404, 42.430161337247696 ], [ 3.163913789503371, 42.430162211440773 ], [ 3.163912022721973, 42.429486763855579 ], [ 3.1633041835778, 42.429487634805049 ], [ 3.163304770322876, 42.429712784015805 ], [ 3.162089087542669, 42.429714516259288 ], [ 3.162088505148233, 42.429489367034982 ], [ 3.161784585508966, 42.42948979807808 ], [ 3.161784004208956, 42.429264648886559 ], [ 3.161480085650675, 42.429265079120533 ], [ 3.161479505444834, 42.42903992987172 ], [ 3.160871670544432, 42.429040787915653 ], [ 3.160872248575001, 42.429265937171174 ], [ 3.160568329996858, 42.429266364987932 ], [ 3.160569483902412, 42.429716663433972 ], [ 3.160265563142348, 42.429717090451632 ], [ 3.160266139017409, 42.429942239687186 ], [ 3.159658295362973, 42.429943091311806 ], [ 3.159659442720274, 42.430393389364426 ], [ 3.159355518738217, 42.430393813974675 ], [ 3.159357236592054, 42.431069261559763 ], [ 3.159661163898058, 42.431068836939481 ], [ 3.15966173763715, 42.431293986128402 ], [ 3.159053880903863, 42.431294834569755 ], [ 3.159053309340278, 42.431069685374183 ], [ 3.158749382021175, 42.431070108382876 ], [ 3.158748811551853, 42.430844959175118 ], [ 3.158140959069565, 42.430845802768502 ], [ 3.158140390842993, 42.430620653545191 ], [ 3.157836465679821, 42.430621074129917 ], [ 3.157835898486796, 42.430395924939525 ], [ 3.157531974404836, 42.430396344715184 ], [ 3.157532540510149, 42.430621493908824 ], [ 3.156924690151402, 42.430622331049307 ], [ 3.156924126282288, 42.430397181849024 ], [ 3.15631627807316, 42.43039801575982 ], [ 3.156315154584285, 42.429947717634924 ], [ 3.157226920301373, 42.429946465579725 ], [ 3.157225790371973, 42.429496167033541 ], [ 3.156921870627805, 42.429496585184545 ], [ 3.156920742838867, 42.429046286641388 ], [ 3.156616825263522, 42.429046703980106 ], [ 3.156615699675509, 42.428596405349872 ], [ 3.156919615075618, 42.428595988017705 ], [ 3.156919051203669, 42.428370838692537 ], [ 3.15661513689116, 42.428371256021435 ], [ 3.156614574113247, 42.428146106684146 ], [ 3.156310660942674, 42.428146523203978 ], [ 3.156310099258886, 42.427921373899572 ], [ 3.156006187108687, 42.427921789610522 ], [ 3.156005626518774, 42.427696640248925 ], [ 3.155397804435039, 42.427697469247143 ], [ 3.155397246026638, 42.427472319870191 ], [ 3.154485516024645, 42.427473557315167 ], [ 3.154486071170396, 42.427698706701797 ], [ 3.153878249022973, 42.427699527642922 ], [ 3.153878801999948, 42.427924677027093 ], [ 3.152967065377552, 42.427925902405718 ], [ 3.152967615098016, 42.428151051745544 ], [ 3.152663701790391, 42.428151458596837 ], [ 3.152664250429665, 42.428376607976013 ], [ 3.15236033608895, 42.428377014024669 ], [ 3.152360883586113, 42.428602163398217 ], [ 3.152056968151534, 42.428602568644308 ], [ 3.152058061110984, 42.429052867370942 ], [ 3.151146308061729, 42.429054078294037 ], [ 3.151146851287915, 42.429279227653495 ], [ 3.150235094980598, 42.429280431334227 ], [ 3.150237794827734, 42.430406177595131 ], [ 3.149629946402139, 42.43040697605138 ], [ 3.149626719582979, 42.429056080384207 ], [ 3.149322801917352, 42.429056478384943 ], [ 3.149322265223137, 42.428831328997816 ], [ 3.149626181801137, 42.428830931000206 ], [ 3.149625644025445, 42.428605781607331 ], [ 3.149929559570467, 42.428605382807021 ], [ 3.149930098433772, 42.42883053219677 ], [ 3.150234015060244, 42.428830132587599 ], [ 3.150234555017328, 42.42905528196534 ], [ 3.150842390366197, 42.429054480323586 ], [ 3.15084184823385, 42.428829330952098 ], [ 3.151145764841756, 42.428828928925711 ], [ 3.151145221627997, 42.428603779548475 ], [ 3.151449137142077, 42.428603376719479 ], [ 3.15144859284693, 42.428378227336523 ], [ 3.151752507267171, 42.428377823704977 ], [ 3.151751961890662, 42.428152674316294 ], [ 3.152359788537264, 42.428151864642317 ], [ 3.15235924099195, 42.427926715296131 ], [ 3.152055328759349, 42.4279271205328 ], [ 3.152054782307752, 42.427701971129515 ], [ 3.151446959998951, 42.42770277917942 ], [ 3.151446415728707, 42.427477629760929 ], [ 3.151142505713293, 42.427478032574108 ], [ 3.151141962536812, 42.427252883143595 ], [ 3.151445871525473, 42.427252480333507 ], [ 3.151445327267679, 42.427027330897268 ], [ 3.151749235101803, 42.427026927284714 ], [ 3.15174814449065, 42.426576628391828 ], [ 3.151444238770767, 42.426577031998136 ], [ 3.151443150298863, 42.426126733108525 ], [ 3.150835343190353, 42.426127537891539 ], [ 3.150835885248283, 42.426352687369601 ], [ 3.15053198059725, 42.426353088555743 ], [ 3.150533062556633, 42.426803387446455 ], [ 3.14962134210224, 42.426804586189554 ], [ 3.149621879828725, 42.42702973565347 ], [ 3.148406248099846, 42.427031322710441 ], [ 3.148406781482374, 42.427256472177909 ], [ 3.147798963375839, 42.427257260878463 ], [ 3.147799494589389, 42.42748241034321 ], [ 3.147495584439457, 42.427482803488033 ], [ 3.147496644709668, 42.42793310239702 ], [ 3.147192732378556, 42.427933494742263 ], [ 3.147193261435074, 42.428158644141469 ], [ 3.14658543464035, 42.428159426420855 ], [ 3.146584907758986, 42.427934277015538 ], [ 3.146280995409757, 42.427934666943614 ], [ 3.146281521203544, 42.428159816352 ], [ 3.145977607760725, 42.428160205477425 ], [ 3.14597813247304, 42.428385354924998 ], [ 3.14567421793664, 42.428385743247745 ], [ 3.145674741567356, 42.42861089268947 ], [ 3.14506691036216, 42.42861166692375 ], [ 3.145067953291072, 42.429061965792663 ], [ 3.144764035473886, 42.429062351707273 ], [ 3.144764555859649, 42.429287501131434 ], [ 3.144156718032165, 42.429288270549428 ], [ 3.144157754470807, 42.429738569338092 ], [ 3.143549912268967, 42.429739335545058 ], [ 3.143550944380686, 42.43018963435523 ], [ 3.1429430978653, 42.430190397350984 ], [ 3.142942070104317, 42.429740098528896 ], [ 3.143245991219975, 42.429739717439823 ], [ 3.143243416482281, 42.428613970289113 ], [ 3.142939500804815, 42.428614351363287 ], [ 3.142938986962525, 42.428389201894518 ], [ 3.142635072366784, 42.428389582159973 ], [ 3.142634559618064, 42.428164432724387 ], [ 3.142330646164836, 42.428164812181066 ], [ 3.142330134509467, 42.427939662688601 ], [ 3.14202622207718, 42.42794004133669 ], [ 3.142025200959095, 42.427489742319189 ], [ 3.141113470213402, 42.427490873411379 ], [ 3.141114484806128, 42.427941172446545 ], [ 3.141418397195099, 42.427940796215708 ], [ 3.141418905587743, 42.428165945717041 ], [ 3.140811078568044, 42.428166697378984 ], [ 3.14081158479122, 42.428391846832291 ], [ 3.14050767015469, 42.428392221457656 ], [ 3.140508175296152, 42.428617370950036 ], [ 3.13959642808915, 42.428618490000503 ], [ 3.139597431863669, 42.429068788976117 ], [ 3.139901349780343, 42.429068416759215 ], [ 3.139901852763854, 42.429293566230797 ], [ 3.139294014749485, 42.429294309864673 ], [ 3.139293514002043, 42.429069160387208 ], [ 3.138989596073902, 42.429069530992614 ], [ 3.13898909635903, 42.428844381503431 ], [ 3.138077346411098, 42.428845488475801 ], [ 3.138077842863084, 42.429070637973631 ], [ 3.137773924912169, 42.429071005356043 ], [ 3.137774420282191, 42.429296154847862 ], [ 3.137470501237957, 42.42929652142741 ], [ 3.137471489819677, 42.429746820390129 ], [ 3.137167568594469, 42.429747186169642 ], [ 3.137168061806031, 42.429972335595508 ], [ 3.136560217163456, 42.429973064787951 ], [ 3.136561199251928, 42.430423363264232 ], [ 3.136865123751467, 42.430422999087703 ], [ 3.136865615892332, 42.430648148534821 ], [ 3.135649913570416, 42.430649600417432 ], [ 3.135649425780418, 42.430424450958959 ], [ 3.134737652197926, 42.430425531401696 ], [ 3.134736198712388, 42.429750083397906 ], [ 3.133824434869253, 42.42975115656342 ], [ 3.133823953627574, 42.429526007052587 ], [ 3.133520033423181, 42.429526363160114 ], [ 3.133519553335437, 42.429301213637551 ], [ 3.132911715085489, 42.429301923429755 ], [ 3.132910759155469, 42.428851624347033 ], [ 3.133214676107914, 42.428851269859329 ], [ 3.133213718024629, 42.428400970791692 ], [ 3.132605888464731, 42.428401678950237 ], [ 3.132604934753612, 42.427951379790947 ], [ 3.131997109583024, 42.427952084715486 ], [ 3.131997584260696, 42.428177234305075 ], [ 3.131693670549281, 42.428177585561556 ], [ 3.131692723374515, 42.427727286367997 ], [ 3.131388811832844, 42.427727636813252 ], [ 3.131388339341141, 42.427502487200428 ], [ 3.130172697531529, 42.427503880913427 ], [ 3.130172229395404, 42.427278731280808 ], [ 3.129868320001932, 42.427279077692106 ], [ 3.129867852958785, 42.427053928092938 ], [ 3.129563944708289, 42.427054273695759 ], [ 3.129563478757909, 42.426829124039983 ], [ 3.129259571528829, 42.426829468834505 ], [ 3.129260966133255, 42.427504917738254 ], [ 3.128957055636265, 42.427505261735135 ], [ 3.128957519427516, 42.427730411369659 ], [ 3.12956534253052, 42.427729722564862 ], [ 3.129565808502213, 42.427954872185126 ], [ 3.129869721163696, 42.427954526571419 ], [ 3.129870655298243, 42.428404825779907 ], [ 3.129566740461584, 42.428405171399014 ], [ 3.129568604444179, 42.429305769675196 ], [ 3.129872523631338, 42.429305424045268 ], [ 3.129873924937301, 42.429980872684844 ], [ 3.129570002487148, 42.429981218322851 ], [ 3.129568604444179, 42.429305769675196 ] ], [ [ 3.135047404472091, 42.433126964953011 ], [ 3.135655279567604, 42.433126243784464 ], [ 3.135655767424549, 42.433351393136377 ], [ 3.135047890153302, 42.433352114310537 ], [ 3.135047404472091, 42.433126964953011 ] ], [ [ 3.160289179299133, 42.438948201061031 ], [ 3.160897109961492, 42.438947345945849 ], [ 3.160897688283088, 42.439172494810563 ], [ 3.160289755444361, 42.439173349932396 ], [ 3.160289179299133, 42.438948201061031 ] ], [ [ 3.150259939784569, 42.439637291891458 ], [ 3.150563908624973, 42.439636891326202 ], [ 3.150564991314889, 42.440087189213962 ], [ 3.150261020298033, 42.44008758978547 ], [ 3.150259939784569, 42.439637291891458 ] ], [ [ 3.156329199993054, 42.435576446078102 ], [ 3.15663314906057, 42.43557602945075 ], [ 3.156634838051081, 42.436251476556755 ], [ 3.15633088565874, 42.436251893193976 ], [ 3.156329199993054, 42.435576446078102 ] ], [ [ 3.129882800929706, 42.434258711672591 ], [ 3.130794630192218, 42.43425766976921 ], [ 3.130795100670187, 42.434482819121122 ], [ 3.129883268143884, 42.434483861032632 ], [ 3.129882800929706, 42.434258711672591 ] ], [ [ 3.131089143165578, 42.42975433254832 ], [ 3.132000907095511, 42.429753281138623 ], [ 3.132001381816611, 42.429978430657179 ], [ 3.131089614623624, 42.429979482075105 ], [ 3.131089143165578, 42.42975433254832 ] ], [ [ 3.158452857187892, 42.433997469431297 ], [ 3.159060740116015, 42.433996624133762 ], [ 3.159061883419644, 42.434446922240042 ], [ 3.158453996139855, 42.434447767550786 ], [ 3.158452857187892, 42.433997469431297 ] ], [ [ 3.159680674587446, 42.438723904110262 ], [ 3.159984638877323, 42.438723478571035 ], [ 3.15998636404833, 42.439398925150194 ], [ 3.159378428932913, 42.43939977544261 ], [ 3.159377283165123, 42.438949477733743 ], [ 3.159681248549625, 42.438949052952182 ], [ 3.159680674587446, 42.438723904110262 ] ], [ [ 3.166049004966568, 42.433086075423283 ], [ 3.166049601609779, 42.43331122446105 ], [ 3.166353539585756, 42.433310782078614 ], [ 3.166355332819994, 42.433986229128315 ], [ 3.165747450273124, 42.433987113108138 ], [ 3.165745068010844, 42.433086516996475 ], [ 3.166049004966568, 42.433086075423283 ] ], [ [ 3.141742693270522, 42.436946391467345 ], [ 3.141743712703063, 42.437396689744794 ], [ 3.142047670830216, 42.437396311778315 ], [ 3.142048692462203, 42.437846609969313 ], [ 3.141440771849646, 42.437847365108048 ], [ 3.14144026320701, 42.437622216033624 ], [ 3.141136303980107, 42.437622592391072 ], [ 3.141134781351072, 42.436947144970553 ], [ 3.141742693270522, 42.436946391467345 ] ] ], [ [ [ 3.128654533260916, 42.428181053811301 ], [ 3.128655458705343, 42.428631353023569 ], [ 3.12926329051967, 42.428630665808697 ], [ 3.129262360785627, 42.428180366607116 ], [ 3.128654533260916, 42.428181053811301 ] ] ] ] } },
{ "type": "Feature", "properties": { "GRID_CODE": 2, "CODI_FINAL": "1795106", "MUNICIPI": "Portbou", "DATA_INCEN": "23/06/95" }, "geometry": { "type": "Polygon", "coordinates": [ [ [ 3.167541603181342, 42.422952141122302 ], [ 3.167539196159784, 42.42205154339797 ], [ 3.167235312588857, 42.422051988829615 ], [ 3.167234711937879, 42.421826839361579 ], [ 3.166930829386536, 42.4218272839843 ], [ 3.166928431200267, 42.420926686054486 ], [ 3.166624553051541, 42.420927129812647 ], [ 3.166623954609381, 42.420701980338279 ], [ 3.166016200344444, 42.420702865521378 ], [ 3.166015604083332, 42.420477715986195 ], [ 3.165711728027781, 42.42047815736602 ], [ 3.165710537761081, 42.420027858261982 ], [ 3.165406663873017, 42.420028298829429 ], [ 3.165406069806614, 42.419803149260673 ], [ 3.165102196998868, 42.419803589019175 ], [ 3.165101604026371, 42.419578439438133 ], [ 3.164797732298952, 42.419578878387696 ], [ 3.164798324184338, 42.419804027972205 ], [ 3.164190578595769, 42.419804903461696 ], [ 3.164189988884606, 42.419579753870352 ], [ 3.163886117136913, 42.419580190403515 ], [ 3.163885528519595, 42.419355040799864 ], [ 3.163581657852268, 42.419355476524117 ], [ 3.163580482872885, 42.418905177328341 ], [ 3.16327661437301, 42.418905612240302 ], [ 3.163276027950014, 42.418680462603213 ], [ 3.162972160530482, 42.418680896706348 ], [ 3.162971575201243, 42.418455747056974 ], [ 3.162363842576982, 42.418456612840025 ], [ 3.162363259428512, 42.418231463174997 ], [ 3.159628471922024, 42.418235319299086 ], [ 3.159627898563451, 42.418010169595028 ], [ 3.158412441633256, 42.418011862473229 ], [ 3.158410734640897, 42.417336413268011 ], [ 3.157803012689088, 42.417337254854708 ], [ 3.157802445878604, 42.417112105095292 ], [ 3.156283146229588, 42.417114194951033 ], [ 3.156284830375657, 42.41778964425167 ], [ 3.156892556740079, 42.417788810706099 ], [ 3.156893683884311, 42.418239110182412 ], [ 3.157501414571041, 42.418238273402046 ], [ 3.157502546089125, 42.418688572784696 ], [ 3.158110281158914, 42.418687732769335 ], [ 3.158111985007198, 42.419363181824579 ], [ 3.158719726512682, 42.41936233856768 ], [ 3.158722007098297, 42.420262937157268 ], [ 3.159025882220134, 42.420262514307339 ], [ 3.159027595928418, 42.420937963101402 ], [ 3.160243109335462, 42.42093626360694 ], [ 3.160244260578468, 42.421386562761953 ], [ 3.159636499569674, 42.421387414133491 ], [ 3.159637646429374, 42.421837713266399 ], [ 3.159333763771084, 42.421838137750477 ], [ 3.159335480878341, 42.422513586348082 ], [ 3.159031594951755, 42.422514010036544 ], [ 3.159035594234523, 42.424090056536578 ], [ 3.159643381425067, 42.424089208307471 ], [ 3.159644528442194, 42.424539507227188 ], [ 3.160252319955979, 42.424538655762333 ], [ 3.160250592824785, 42.423863207389523 ], [ 3.162985624829041, 42.423859336010572 ], [ 3.162986795815642, 42.424309634874085 ], [ 3.16268290120914, 42.424310068256503 ], [ 3.162684654477105, 42.424985516495347 ], [ 3.162988552345777, 42.424985083102776 ], [ 3.162989137869217, 42.425210232494585 ], [ 3.163900834636433, 42.42520892747293 ], [ 3.163901423428723, 42.425434076800606 ], [ 3.164205323445362, 42.425433640178667 ], [ 3.164204143692567, 42.424983341476235 ], [ 3.164508041527624, 42.424982904055504 ], [ 3.164507450573891, 42.424757754671873 ], [ 3.165115243988124, 42.424756877420464 ], [ 3.165113464643261, 42.424081429236836 ], [ 3.165417358108475, 42.424080989412985 ], [ 3.16541498145521, 42.423180391769193 ], [ 3.16571887050354, 42.423179951153585 ], [ 3.165718275254694, 42.422954801712649 ], [ 3.167541603181342, 42.422952141122302 ] ] ] } },
{ "type": "Feature", "properties": { "GRID_CODE": 2, "CODI_FINAL": "4395178", "MUNICIPI": "el Montmell", "DATA_INCEN": "08/09/95" }, "geometry": { "type": "Polygon", "coordinates": [ [ [ 1.50979678853119, 41.339851562029565 ], [ 1.509438349697292, 41.339846921563073 ], [ 1.509444507658707, 41.339576781531008 ], [ 1.50908607038782, 41.339572140037546 ], [ 1.509079911007047, 41.339842279981497 ], [ 1.508363033817593, 41.339832993515046 ], [ 1.508356871391558, 41.340103133402842 ], [ 1.507281551767407, 41.340089195179743 ], [ 1.507269217723679, 41.340629474605741 ], [ 1.507627660494309, 41.340634121899029 ], [ 1.507621494797245, 41.340904261612806 ], [ 1.507263050605129, 41.340899614321408 ], [ 1.507256883403561, 41.341169753978576 ], [ 1.506898437755512, 41.341165105526628 ], [ 1.506879931145052, 41.341975524329776 ], [ 1.507238381173124, 41.34198017295774 ], [ 1.507232213634376, 41.342250312606019 ], [ 1.50759066522782, 41.342254960116925 ], [ 1.507584499085355, 41.342525099795637 ], [ 1.507226045952881, 41.342520452195025 ], [ 1.507219878246061, 41.34279059181636 ], [ 1.506861423717287, 41.342785943055887 ], [ 1.50685525444605, 41.343056082619803 ], [ 1.506496798520979, 41.343051432699447 ], [ 1.506484456706827, 41.343591711653225 ], [ 1.506125997963778, 41.343587060574819 ], [ 1.506119825480527, 41.343857199965434 ], [ 1.505402905227222, 41.343847894326935 ], [ 1.505396729638218, 41.344118033660408 ], [ 1.505038268187721, 41.344113379101067 ], [ 1.505032091034109, 41.344383518377093 ], [ 1.504315165424751, 41.344374205822412 ], [ 1.504308985226017, 41.344644344996972 ], [ 1.503950521067181, 41.344639687001596 ], [ 1.503944339303737, 41.344909826118695 ], [ 1.503585873748633, 41.344905166963279 ], [ 1.503554956446387, 41.346255862038703 ], [ 1.503196483512015, 41.346251201591365 ], [ 1.503190298342693, 41.346521340495272 ], [ 1.502473349826367, 41.346512016120037 ], [ 1.502460973251529, 41.347052293755475 ], [ 1.501744019149952, 41.347042964739579 ], [ 1.501725444800462, 41.347853380850154 ], [ 1.503876334709617, 41.347881355296387 ], [ 1.503882517398697, 41.347611216372627 ], [ 1.505316439747288, 41.34762984350413 ], [ 1.505310263039795, 41.34789998264965 ], [ 1.505668745303709, 41.347904636663429 ], [ 1.505674920589203, 41.347634497519728 ], [ 1.506033401456556, 41.347639150373375 ], [ 1.506027227710493, 41.347909289606832 ], [ 1.50674419271772, 41.34791859209934 ], [ 1.506750363502324, 41.347648452778031 ], [ 1.508184288601736, 41.347667044238534 ], [ 1.508190453379434, 41.347396904728122 ], [ 1.50854893341326, 41.347401549770623 ], [ 1.508561259815006, 41.346861270622405 ], [ 1.508919736911717, 41.346865914460246 ], [ 1.508913575203632, 41.347136054084586 ], [ 1.509272053925745, 41.347140696805901 ], [ 1.509278214092379, 41.346870557181958 ], [ 1.50963669141776, 41.346875198743327 ], [ 1.509630532671024, 41.347145338455363 ], [ 1.509989011561004, 41.347149978944415 ], [ 1.509995168766288, 41.346879839232805 ], [ 1.510712123775819, 41.346889116819128 ], [ 1.510718277936913, 41.346618976961352 ], [ 1.511793706667498, 41.346632884861407 ], [ 1.511799856301785, 41.346362744903807 ], [ 1.512875281285918, 41.346376642581681 ], [ 1.512869136092538, 41.346646782715595 ], [ 1.513227612715821, 41.346651413071129 ], [ 1.513221468919368, 41.346921553235305 ], [ 1.513938425437135, 41.346930810731287 ], [ 1.513932284458591, 41.347200950968656 ], [ 1.514290764354084, 41.347205578064035 ], [ 1.514284624772569, 41.347475718331637 ], [ 1.514643106232436, 41.347480344354565 ], [ 1.514630829840675, 41.348020624892541 ], [ 1.515706283484991, 41.348034496614943 ], [ 1.515712417250041, 41.347764356243765 ], [ 1.516070900525097, 41.34776897784571 ], [ 1.516064768180032, 41.34803911830479 ], [ 1.516423253019412, 41.3480437388342 ], [ 1.516429383822944, 41.347773598375738 ], [ 1.516787867265118, 41.347778217745351 ], [ 1.516781737881563, 41.348048358291685 ], [ 1.517498707917204, 41.34805759381387 ], [ 1.517492581412722, 41.348327734388981 ], [ 1.517851068065923, 41.348332350542286 ], [ 1.517844942957739, 41.348602491192558 ], [ 1.518561919417401, 41.348611720192004 ], [ 1.518568041563971, 41.348341579454548 ], [ 1.518926528407768, 41.348346192258504 ], [ 1.518932648930372, 41.348076051463259 ], [ 1.519291134436525, 41.34808066310822 ], [ 1.519297253394967, 41.347810522255926 ], [ 1.519655737503732, 41.347815132741161 ], [ 1.519686323759096, 41.346464428151563 ], [ 1.520044800487913, 41.346469037302128 ], [ 1.520057031457031, 41.345928755294096 ], [ 1.519340084004285, 41.345919536096041 ], [ 1.519333965570772, 41.346189676996801 ], [ 1.518975490488316, 41.346185065702549 ], [ 1.518981610343728, 41.345914924799573 ], [ 1.518623136825294, 41.345910312432778 ], [ 1.518635379305862, 41.345370030719337 ], [ 1.517918438383928, 41.345360802720997 ], [ 1.51792456242984, 41.345090661953364 ], [ 1.518641500391677, 41.345099889819508 ], [ 1.518635379305862, 41.345370030719337 ], [ 1.518993849863113, 41.345374642998976 ], [ 1.518999969527078, 41.345104502101378 ], [ 1.519358438687141, 41.345109113221355 ], [ 1.51936455672742, 41.344838972265968 ], [ 1.51972302455005, 41.344843582227128 ], [ 1.519716907929553, 41.345113723270309 ], [ 1.520433846725183, 41.345122939975738 ], [ 1.520439960384577, 41.344852798845494 ], [ 1.521156896491568, 41.344862011043844 ], [ 1.521163007106586, 41.344591869813094 ], [ 1.521879940646328, 41.344601077415959 ], [ 1.521886048156293, 41.344330936129012 ], [ 1.521527582855688, 41.344326332906974 ], [ 1.521539800647676, 41.343786050335403 ], [ 1.521898262987296, 41.343790653470478 ], [ 1.521904370308347, 41.343520512098877 ], [ 1.522262831250743, 41.343525114074488 ], [ 1.522268936948389, 41.343254972645177 ], [ 1.522985856181606, 41.34326417316214 ], [ 1.522991958894972, 41.342994031633239 ], [ 1.52263350068731, 41.342989431975816 ], [ 1.5226396047969, 41.342719290521934 ], [ 1.52335651827583, 41.342728488588094 ], [ 1.523362619281727, 41.342458347033073 ], [ 1.523004164011446, 41.342453748579302 ], [ 1.523010266415588, 41.342183607009233 ], [ 1.522293359024466, 41.342174406884929 ], [ 1.522287253659607, 41.342444548368093 ], [ 1.521211888786232, 41.342430739659349 ], [ 1.521205778838324, 41.34270088095279 ], [ 1.520847322585871, 41.34269627580472 ], [ 1.520853433955437, 41.342426134508983 ], [ 1.519778070080229, 41.342412312453625 ], [ 1.519784185807561, 41.342142171274993 ], [ 1.519425732850083, 41.342137561705059 ], [ 1.519419615642392, 41.342407702840148 ], [ 1.519061161228178, 41.342403092109933 ], [ 1.519073398579592, 41.34186280995921 ], [ 1.518714947268139, 41.341858198245937 ], [ 1.518721067269733, 41.341588057171052 ], [ 1.517645718219042, 41.341574215375552 ], [ 1.517657966912389, 41.341033933492689 ], [ 1.516582627494386, 41.341020081915488 ], [ 1.516588756126225, 41.340749941106836 ], [ 1.516230311321036, 41.340745321711523 ], [ 1.516236441349581, 41.340475180933026 ], [ 1.515877998108135, 41.340470560465455 ], [ 1.515884129533346, 41.340200419717149 ], [ 1.515525687855641, 41.340195798177348 ], [ 1.515537953476501, 41.339655516683351 ], [ 1.514821076231702, 41.339646270475086 ], [ 1.514827211907432, 41.339376129773122 ], [ 1.514468774861193, 41.339371505016004 ], [ 1.514462637765088, 41.339641645675052 ], [ 1.514104199322357, 41.339637019758392 ], [ 1.514079644062487, 41.34071758203855 ], [ 1.513362755706054, 41.3407083265095 ], [ 1.513368897576274, 41.340438186080497 ], [ 1.513727340233468, 41.340442814314201 ], [ 1.513733480599546, 41.340172673828768 ], [ 1.513375039363817, 41.340168045592968 ], [ 1.513393464341772, 41.339357624141194 ], [ 1.512676591061986, 41.33934836458517 ], [ 1.512682735533707, 41.339078224177044 ], [ 1.513041170622804, 41.339082854423822 ], [ 1.513071884148211, 41.337732151870007 ], [ 1.513788739835761, 41.33774140862463 ], [ 1.513807158115477, 41.336930986632915 ], [ 1.514165581614471, 41.336935613227574 ], [ 1.514171719414062, 41.33666547247828 ], [ 1.513813297334228, 41.336660845971572 ], [ 1.513819436530093, 41.336390705252526 ], [ 1.513461016014836, 41.336386077628788 ], [ 1.513454875398809, 41.336656218304903 ], [ 1.513096453487321, 41.336651589521708 ], [ 1.513090311307701, 41.336921730140645 ], [ 1.512731887999973, 41.336917100197979 ], [ 1.512719600371037, 41.337457381262119 ], [ 1.512002748205414, 41.337448117901154 ], [ 1.511996601275034, 41.337718258347621 ], [ 1.511279746425778, 41.337708990390247 ], [ 1.511267446453447, 41.338249271068456 ], [ 1.510550586019367, 41.338239998472801 ], [ 1.510538279851402, 41.338780278922698 ], [ 1.510179846770158, 41.338775640863162 ], [ 1.510173692080333, 41.33904578102409 ], [ 1.509815257602881, 41.339041141804934 ], [ 1.50979678853119, 41.339851562029565 ], [ 1.51015522739027, 41.339856201334406 ], [ 1.510161382390397, 41.339586061259695 ], [ 1.510519819853202, 41.33959069940488 ], [ 1.510513666391925, 41.339860839569191 ], [ 1.51015522739027, 41.339856201334406 ], [ 1.510149072364992, 41.340126341441419 ], [ 1.509790631967043, 41.340121702046957 ], [ 1.50979678853119, 41.339851562029565 ] ], [ [ 1.517152478489561, 41.347512695438802 ], [ 1.517510960616985, 41.347517312577459 ], [ 1.517504834279471, 41.347787453179521 ], [ 1.517146350730032, 41.347782836043031 ], [ 1.517152478489561, 41.347512695438802 ] ] ] } },
{ "type": "Feature", "properties": { "GRID_CODE": 2, "CODI_FINAL": "0895211", "MUNICIPI": "Torrelles de Llobregat", "DATA_INCEN": "08/07/95" }, "geometry": { "type": "MultiPolygon", "coordinates": [ [ [ [ 1.920541903980695, 41.349029077534809 ], [ 1.921617545021397, 41.349039156172367 ], [ 1.921613088903364, 41.349309339374543 ], [ 1.923405832614788, 41.349326114912074 ], [ 1.923392486182794, 41.350136664960992 ], [ 1.923033932897098, 41.350133312019253 ], [ 1.923029482523368, 41.350403495296334 ], [ 1.921953818526435, 41.350393429584486 ], [ 1.921949363585855, 41.35066361279781 ], [ 1.921590807579905, 41.350660255280346 ], [ 1.921586351096679, 41.350930438448813 ], [ 1.920869236302457, 41.350923720044925 ], [ 1.920864776795378, 41.351193903091762 ], [ 1.921223335643667, 41.351197262906389 ], [ 1.921218877617519, 41.351467445972418 ], [ 1.921577438008524, 41.351470804701933 ], [ 1.921572981403584, 41.35174098778657 ], [ 1.921931543337308, 41.351744345430937 ], [ 1.921927088153616, 41.352014528534177 ], [ 1.92228565163006, 41.352017885093389 ], [ 1.922290105332501, 41.351747701913403 ], [ 1.92264866744742, 41.351751057324577 ], [ 1.922644215167955, 41.352021240490686 ], [ 1.923002778825556, 41.352024594816683 ], [ 1.922998327967422, 41.352294778001351 ], [ 1.923356893107955, 41.352298131241568 ], [ 1.923343544734495, 41.353108680858078 ], [ 1.922984975147056, 41.353105327567846 ], [ 1.922980524046236, 41.353375510700026 ], [ 1.923339095115043, 41.353378864066983 ], [ 1.923334645495436, 41.353649047218305 ], [ 1.923693218107013, 41.3536523995 ], [ 1.923688769908895, 41.353922582669853 ], [ 1.924405918278937, 41.353929283900683 ], [ 1.924401472984521, 41.354199467120736 ], [ 1.925118624560517, 41.354206163991982 ], [ 1.925114182169864, 41.354476347262221 ], [ 1.925831337012947, 41.354483039684325 ], [ 1.925826897465657, 41.35475322304913 ], [ 1.926185476430667, 41.354756567593526 ], [ 1.926181038364858, 41.355026750977352 ], [ 1.925822457918349, 41.355023406356345 ], [ 1.925818018250772, 41.355293589649875 ], [ 1.926176600179516, 41.355296934302487 ], [ 1.926172161993457, 41.35556711761506 ], [ 1.926530745464966, 41.355570461182261 ], [ 1.926526308700699, 41.355840644513314 ], [ 1.926884893714974, 41.35584398699504 ], [ 1.92688045837254, 41.356114170344554 ], [ 1.927239044929584, 41.356117511740813 ], [ 1.927243478789719, 41.355847328359722 ], [ 1.927602063985395, 41.355850668562901 ], [ 1.92760649630279, 41.355580485137125 ], [ 1.928682247685096, 41.355590498993685 ], [ 1.928686675555021, 41.355320315460744 ], [ 1.929045257967178, 41.35532365117718 ], [ 1.929040831579528, 41.355593834741626 ], [ 1.929399415594051, 41.355597169373112 ], [ 1.929403840440396, 41.355326985731544 ], [ 1.931913919557186, 41.355350296516662 ], [ 1.931909505086802, 41.355620480378462 ], [ 1.932268089524249, 41.355623806028042 ], [ 1.932263676475997, 41.355893989908139 ], [ 1.932622262455902, 41.355897314472095 ], [ 1.932613439084573, 41.356437682210213 ], [ 1.932972028089284, 41.356441005719908 ], [ 1.932967617825299, 41.356711189623503 ], [ 1.932609027338945, 41.356707866037368 ], [ 1.932600203606797, 41.357248233696801 ], [ 1.932958797057933, 41.357251557345748 ], [ 1.932954386554562, 41.357521741164398 ], [ 1.933671576662541, 41.357528385129271 ], [ 1.933675984201056, 41.357258201247816 ], [ 1.934751765276984, 41.357268158699334 ], [ 1.934747362244786, 41.35753834272041 ], [ 1.934030171776402, 41.357531705458264 ], [ 1.934025765720028, 41.357801889358498 ], [ 1.934742959093545, 41.357808526682824 ], [ 1.934738555941319, 41.358078710677688 ], [ 1.934379957742436, 41.358075392520234 ], [ 1.934375552988663, 41.358345576425059 ], [ 1.934734152670038, 41.358348894613869 ], [ 1.934729749398505, 41.358619078537501 ], [ 1.935088350622415, 41.358622395640509 ], [ 1.935083948773394, 41.35889257958236 ], [ 1.934008140772902, 41.3588826249173 ], [ 1.934003734356448, 41.359152808751432 ], [ 1.932569318620318, 41.359139520068929 ], [ 1.932564906273292, 41.359409703764939 ], [ 1.932923511584409, 41.359413027665113 ], [ 1.932914689614607, 41.359953395125082 ], [ 1.932556081338281, 41.359950071162082 ], [ 1.932547256162689, 41.360490438506787 ], [ 1.932905867405018, 41.360493762487543 ], [ 1.932897044954184, 41.361034129842601 ], [ 1.932538430746497, 41.361030805799011 ], [ 1.932520779193005, 41.362111540181083 ], [ 1.933596639847637, 41.362121509427418 ], [ 1.933592231227552, 41.362391693072816 ], [ 1.933950853028614, 41.362395013966555 ], [ 1.933942038633564, 41.362935381281297 ], [ 1.934300663520115, 41.362938701120996 ], [ 1.934296257685447, 41.363208884789785 ], [ 1.934654884114912, 41.363212203543519 ], [ 1.934650479703062, 41.36348238723054 ], [ 1.935009107615679, 41.363485704897727 ], [ 1.93500470468645, 41.363755888603563 ], [ 1.935721963718016, 41.363762520604055 ], [ 1.935726363681436, 41.363492336835591 ], [ 1.938954018853959, 41.363522125268595 ], [ 1.938949632176897, 41.363792309317965 ], [ 1.938591002121541, 41.363789003955468 ], [ 1.93858222568119, 41.364329371998004 ], [ 1.938223592720511, 41.364326065410623 ], [ 1.938219202898117, 41.364596249358215 ], [ 1.937860568513591, 41.364592941667219 ], [ 1.93785617714837, 41.364863125570416 ], [ 1.937497541340707, 41.364859816730771 ], [ 1.93748436255561, 41.365670368314078 ], [ 1.9382016431282, 41.365676985108536 ], [ 1.938197253066369, 41.365947168991106 ], [ 1.937838611206931, 41.365943861143322 ], [ 1.937834219602155, 41.366214044981518 ], [ 1.938910149688244, 41.36622396535526 ], [ 1.938905762413162, 41.366494149273528 ], [ 1.93998169748684, 41.366504059683741 ], [ 1.939977314661123, 41.366774243683082 ], [ 1.941053254721924, 41.366784144129554 ], [ 1.94104011911456, 41.367594696373487 ], [ 1.942474724476511, 41.36760788166751 ], [ 1.942479097159602, 41.367337697444903 ], [ 1.942837747150661, 41.367340990965857 ], [ 1.942842118290235, 41.36707080674406 ], [ 1.94355941548545, 41.36707739032623 ], [ 1.943563783599843, 41.366807205984067 ], [ 1.943922430803247, 41.366810496090338 ], [ 1.943935530218788, 41.365999942980942 ], [ 1.945370101950976, 41.366013091769439 ], [ 1.945374462351267, 41.365742907264043 ], [ 1.946091745607923, 41.365749474891444 ], [ 1.946083030619774, 41.366289844057746 ], [ 1.94751760965074, 41.366302966150592 ], [ 1.947521961211828, 41.366032781472256 ], [ 1.947880604680003, 41.366036059148705 ], [ 1.947884954698667, 41.365765874426295 ], [ 1.948243596683283, 41.365769150953774 ], [ 1.948252293636365, 41.365228781408284 ], [ 1.948969571910196, 41.365235331032679 ], [ 1.948973917302589, 41.364965146133109 ], [ 1.949691192846571, 41.364971691270959 ], [ 1.949695535213697, 41.364701506296427 ], [ 1.950771444495361, 41.364711315484548 ], [ 1.950775782413351, 41.364441130449812 ], [ 1.950417147370362, 41.364437861853361 ], [ 1.950425825935828, 41.363897491760774 ], [ 1.950067193976979, 41.363894222154279 ], [ 1.950071534684171, 41.363624037096983 ], [ 1.950430165159359, 41.363627306717611 ], [ 1.950434504263977, 41.36335712166079 ], [ 1.950075875271695, 41.36335385207105 ], [ 1.950080215859822, 41.363083667032591 ], [ 1.950438843369931, 41.363086936546416 ], [ 1.950447521343174, 41.36254656636784 ], [ 1.950088896799533, 41.362543296870768 ], [ 1.950106257968225, 41.361462556434915 ], [ 1.949747639355198, 41.361459285943589 ], [ 1.949756322550407, 41.360918915686348 ], [ 1.9493977070211, 41.36091564418512 ], [ 1.949402049983121, 41.36064545904496 ], [ 1.948684822068268, 41.360638912707536 ], [ 1.94869351380377, 41.360098542602216 ], [ 1.947617681212521, 41.360088714879318 ], [ 1.947613330956275, 41.360358899845963 ], [ 1.94797194322325, 41.36036217691661 ], [ 1.947967594330619, 41.360632361900535 ], [ 1.94760898058023, 41.360629084843943 ], [ 1.94760463020537, 41.360899269784362 ], [ 1.946887399858057, 41.3608927122119 ], [ 1.946891753258818, 41.360622527288946 ], [ 1.945457299207277, 41.360609398860902 ], [ 1.945452939936186, 41.360879583615308 ], [ 1.94509432511863, 41.36087629870692 ], [ 1.945098685872413, 41.36060611398355 ], [ 1.945457299207277, 41.360609398860902 ], [ 1.945461658478707, 41.360339214093919 ], [ 1.945103046627263, 41.36033592920257 ], [ 1.94510740726216, 41.360065744452982 ], [ 1.945824628119645, 41.360072313011891 ], [ 1.945828985729829, 41.359802128187148 ], [ 1.946546203859629, 41.359808692215111 ], [ 1.946541849154973, 41.36007887710133 ], [ 1.94690045982109, 41.360082157493281 ], [ 1.946917872235022, 41.359001417654596 ], [ 1.946559267498639, 41.358998137431669 ], [ 1.946567976314696, 41.358457767495693 ], [ 1.945850773070488, 41.358451203778365 ], [ 1.945859487579164, 41.357910833913998 ], [ 1.945142290442821, 41.357904265851595 ], [ 1.945146650603278, 41.357634080939562 ], [ 1.944788053576478, 41.357630795285914 ], [ 1.944792415159961, 41.357360610391858 ], [ 1.944075224310142, 41.357354035750809 ], [ 1.944083953167247, 41.356813666137079 ], [ 1.943725360826672, 41.356810377180793 ], [ 1.943738458084105, 41.355999822709833 ], [ 1.943379870250164, 41.355996532729698 ], [ 1.94338423740556, 41.355726347926293 ], [ 1.943025651053713, 41.355723056859631 ], [ 1.943021282475022, 41.355993241677538 ], [ 1.942304107044355, 41.355986656176405 ], [ 1.942308478647476, 41.355716471421289 ], [ 1.942667064820452, 41.355719764721506 ], [ 1.942671434881674, 41.355449579922158 ], [ 1.941954265499447, 41.355442992311417 ], [ 1.941967384158123, 41.35463243811099 ], [ 1.942325964342381, 41.35463573240375 ], [ 1.942343449084666, 41.353554993131453 ], [ 1.941984874829204, 41.353551698963209 ], [ 1.94198924731772, 41.353281514165722 ], [ 1.941630674604007, 41.353278218911619 ], [ 1.941626300572849, 41.353548403722435 ], [ 1.941267726436598, 41.353545107320237 ], [ 1.941280852736381, 41.352734553031411 ], [ 1.940922283046394, 41.352731255605157 ], [ 1.940926659862136, 41.352461070862347 ], [ 1.940568091713893, 41.35245777235032 ], [ 1.940572469952042, 41.352187587625579 ], [ 1.941289603285023, 41.352194183424793 ], [ 1.941298353595131, 41.351653813765751 ], [ 1.939864099024132, 41.351640617949037 ], [ 1.939868480047257, 41.351370433247304 ], [ 1.940585604249397, 41.351377033327097 ], [ 1.940589982189821, 41.35110684850433 ], [ 1.940231421570392, 41.351103549076846 ], [ 1.940235800933106, 41.350833364272141 ], [ 1.939160123819929, 41.350823459336475 ], [ 1.939168891316872, 41.350283089920502 ], [ 1.939527447371095, 41.350286392605533 ], [ 1.939536211664537, 41.349746023119764 ], [ 1.939177658574822, 41.349742720452099 ], [ 1.939173275005963, 41.35001290517063 ], [ 1.938814720553152, 41.350009601400515 ], [ 1.938819105604608, 41.349739416668186 ], [ 1.9381019998428, 41.349732805794929 ], [ 1.938106387797468, 41.349462621156981 ], [ 1.937389285178845, 41.349456005878416 ], [ 1.937393676097866, 41.349185821245392 ], [ 1.937035126389654, 41.349182511984949 ], [ 1.93703951867089, 41.348912327369533 ], [ 1.936322422398457, 41.348905705515818 ], [ 1.936326817582663, 41.348635520994904 ], [ 1.93596827101846, 41.348632208401646 ], [ 1.935963874292703, 41.348902392890714 ], [ 1.934888230453136, 41.348892448405891 ], [ 1.93488382928179, 41.349162632788442 ], [ 1.934525279934052, 41.349159315664885 ], [ 1.934520877220156, 41.349429500048004 ], [ 1.934162326510376, 41.349426181776835 ], [ 1.934157922194862, 41.349696366114955 ], [ 1.933082265919751, 41.349686404551029 ], [ 1.93308667468006, 41.349416220352083 ], [ 1.93236957374133, 41.34940957375801 ], [ 1.932365162076364, 41.349679757939739 ], [ 1.931648058413757, 41.349673106860664 ], [ 1.931643643665902, 41.349943290920869 ], [ 1.932002196978512, 41.349946617073023 ], [ 1.931997783652362, 41.350216801151525 ], [ 1.93163922891691, 41.350213475013511 ], [ 1.931643643665902, 41.349943290920869 ], [ 1.930926537340034, 41.349936635312226 ], [ 1.930930954991831, 41.34966645131437 ], [ 1.928421095003638, 41.349643121656207 ], [ 1.928425523027814, 41.349372937866228 ], [ 1.928066973281544, 41.349369600608981 ], [ 1.928071402727176, 41.349099416837412 ], [ 1.928429950931875, 41.349102754062571 ], [ 1.928434378836094, 41.348832570201331 ], [ 1.927717285390134, 41.348825894741772 ], [ 1.927712854523088, 41.349096078494917 ], [ 1.927354306438416, 41.349092739081215 ], [ 1.927363171016648, 41.348552371579338 ], [ 1.92700462595668, 41.348549031066952 ], [ 1.927009059606675, 41.348278847350144 ], [ 1.925574885837046, 41.348265474348928 ], [ 1.925579325414003, 41.347995290700872 ], [ 1.925220783559358, 41.347991944712412 ], [ 1.925229665434622, 41.347451577484676 ], [ 1.923795510656546, 41.347438182483231 ], [ 1.923799957399766, 41.347167998998472 ], [ 1.923441420353505, 41.34716464747688 ], [ 1.923445868577511, 41.346894464011228 ], [ 1.923087333013753, 41.346891111404055 ], [ 1.923091782658745, 41.34662092795697 ], [ 1.923450316681883, 41.346624280486878 ], [ 1.923454764784634, 41.346354096995 ], [ 1.92381329738605, 41.346357448421593 ], [ 1.923817743947342, 41.346087264839888 ], [ 1.923459212767742, 41.346083913444403 ], [ 1.923463660749243, 41.345813729926277 ], [ 1.923105131111822, 41.345810377445822 ], [ 1.923100681707784, 41.346080560977853 ], [ 1.922025088833577, 41.346070496787647 ], [ 1.922020634864419, 41.346340680210901 ], [ 1.921303570328966, 41.346333965074393 ], [ 1.921299113335922, 41.346604148421079 ], [ 1.92058204601978, 41.346597428798873 ], [ 1.920577586063274, 41.346867612024475 ], [ 1.921294656342621, 41.346874331710183 ], [ 1.921290199228079, 41.347144515030614 ], [ 1.921648735911019, 41.347147873207376 ], [ 1.921639824523496, 41.347688239827903 ], [ 1.921998364289493, 41.347691596996988 ], [ 1.921989455622459, 41.348231963628471 ], [ 1.920196742760779, 41.348215166390169 ], [ 1.920187819033482, 41.34875553265173 ], [ 1.920546364424285, 41.348758894369155 ], [ 1.920541903980695, 41.349029077534809 ] ], [ [ 1.946104817614389, 41.364938921065956 ], [ 1.946463454852425, 41.364942203132706 ], [ 1.946459099079534, 41.365212387770484 ], [ 1.946100460358459, 41.365209105672733 ], [ 1.946104817614389, 41.364938921065956 ] ], [ [ 1.935132366114477, 41.355920555323486 ], [ 1.935490952633923, 41.355923870996591 ], [ 1.935486552807444, 41.356194055100339 ], [ 1.935127964865434, 41.356190739396453 ], [ 1.935132366114477, 41.355920555323486 ] ], [ [ 1.93729267048371, 41.35540006390864 ], [ 1.937651254339048, 41.355403372771292 ], [ 1.937646863585311, 41.355673557134573 ], [ 1.937288278248418, 41.355670248195636 ], [ 1.93729267048371, 41.35540006390864 ] ], [ [ 1.947539366983956, 41.364952042538896 ], [ 1.947898004459381, 41.364955320135955 ], [ 1.947893654618612, 41.365225504897673 ], [ 1.947535015659419, 41.365222227314689 ], [ 1.947539366983956, 41.364952042538896 ] ], [ [ 1.934786987609358, 41.355106686285836 ], [ 1.935145569621936, 41.355110002981981 ], [ 1.9351411684931, 41.355380187093729 ], [ 1.934782585057273, 41.355376870411845 ], [ 1.934786987609358, 41.355106686285836 ] ], [ [ 1.924437033884636, 41.35203800086002 ], [ 1.924795597785603, 41.352041349600995 ], [ 1.924786710887989, 41.352581716319428 ], [ 1.924428144022947, 41.352578367515171 ], [ 1.924437033884636, 41.35203800086002 ] ], [ [ 1.937974722231112, 41.357568155124426 ], [ 1.938691913958147, 41.357574767809389 ], [ 1.938683140268959, 41.358115136455005 ], [ 1.93832454141096, 41.358111830586104 ], [ 1.938328929737679, 41.35784164632333 ], [ 1.93797033242198, 41.357838339368527 ], [ 1.937974722231112, 41.357568155124426 ] ], [ [ 1.939037353765225, 41.358388625518877 ], [ 1.939028582682324, 41.358928994148286 ], [ 1.939387186108204, 41.358932297831522 ], [ 1.939382801989168, 41.359202482180542 ], [ 1.939024197081441, 41.359199178421072 ], [ 1.939028582682324, 41.358928994148286 ], [ 1.938669979316944, 41.358925689302851 ], [ 1.938678753364924, 41.358385320735898 ], [ 1.939037353765225, 41.358388625518877 ] ], [ [ 1.940900398250597, 41.354082179214302 ], [ 1.941258975291558, 41.354085476795781 ], [ 1.941263350863651, 41.353815292086814 ], [ 1.941621926542553, 41.353818588475676 ], [ 1.941617552392152, 41.354088773260266 ], [ 1.941258975291558, 41.354085476795781 ], [ 1.941250223907935, 41.354625846218902 ], [ 1.940891643902552, 41.354622548575094 ], [ 1.940900398250597, 41.354082179214302 ] ], [ [ 1.938753323084172, 41.353792185911942 ], [ 1.939111898345156, 41.353795490119644 ], [ 1.939103129294504, 41.354335859194769 ], [ 1.938385972964044, 41.35432924949297 ], [ 1.938390360513901, 41.35405906500219 ], [ 1.938748937136796, 41.354062370402588 ], [ 1.938753323084172, 41.353792185911942 ] ], [ [ 1.947193787692105, 41.364138209647002 ], [ 1.947911053746204, 41.364144765728248 ], [ 1.947906704023544, 41.364414950528726 ], [ 1.947548069514112, 41.36441167299359 ], [ 1.947543718308217, 41.364681857795588 ], [ 1.946826446440846, 41.364675299355653 ], [ 1.946830800672508, 41.364405114616176 ], [ 1.947189435063279, 41.364408394386103 ], [ 1.947193787692105, 41.364138209647002 ] ], [ [ 1.925167487223637, 41.351234146931901 ], [ 1.926243166194079, 41.351244182773847 ], [ 1.92623872885559, 41.351514366282643 ], [ 1.925880167676463, 41.35151102207243 ], [ 1.92587572885453, 41.351781205582107 ], [ 1.925158603653355, 41.351774513792307 ], [ 1.925167487223637, 41.351234146931901 ] ], [ [ 1.93800105965153, 41.355947049292901 ], [ 1.937996670201406, 41.356217233615652 ], [ 1.938355258682407, 41.356220540383539 ], [ 1.938342094479215, 41.357031093412431 ], [ 1.937983501610828, 41.357027786551349 ], [ 1.937987891180695, 41.356757602267379 ], [ 1.937629299854543, 41.356754294320467 ], [ 1.937633690846955, 41.356484110054645 ], [ 1.937992280751217, 41.356487417925834 ], [ 1.937996670201406, 41.356217233615652 ], [ 1.937638081840004, 41.35621392573124 ], [ 1.937642472712699, 41.355943741439177 ], [ 1.93800105965153, 41.355947049292901 ] ], [ [ 1.936588688254858, 41.354582889945689 ], [ 1.937305846951381, 41.354589510880004 ], [ 1.937297062719642, 41.355129879564046 ], [ 1.936938480346683, 41.355126569615081 ], [ 1.936934086688984, 41.355396753883909 ], [ 1.936575502953416, 41.355393442787182 ], [ 1.936588688254858, 41.354582889945689 ] ], [ [ 1.935840742465098, 41.356467553809665 ], [ 1.935831945536072, 41.357007922059815 ], [ 1.937266315993102, 41.35702116952239 ], [ 1.937261923398573, 41.35729135373073 ], [ 1.936544735055501, 41.357284732170804 ], [ 1.936540339375718, 41.357554916347937 ], [ 1.936181743841867, 41.357551603838772 ], [ 1.936186141003353, 41.357281419737973 ], [ 1.935827546952107, 41.357278106142445 ], [ 1.935823148367209, 41.357548290257526 ], [ 1.935105957539509, 41.35754165965303 ], [ 1.935119162126852, 41.356731107547546 ], [ 1.935477753033599, 41.35673442331408 ], [ 1.93548215298076, 41.356464239191538 ], [ 1.935840742465098, 41.356467553809665 ] ], [ [ 1.936282862742877, 41.351337365791522 ], [ 1.934848617510047, 41.351324107509697 ], [ 1.934853019161335, 41.351053923232044 ], [ 1.934494459500164, 41.351050605889625 ], [ 1.934498862573403, 41.350780421630212 ], [ 1.935574537351548, 41.350790370168397 ], [ 1.935578935979484, 41.350520185757375 ], [ 1.936654606851429, 41.350530124149962 ], [ 1.936645818487733, 41.35107049310222 ], [ 1.937004378508589, 41.351073803743439 ], [ 1.937008771268674, 41.350803619220336 ], [ 1.937725888526805, 41.35081023704462 ], [ 1.937717108935102, 41.351350606158285 ], [ 1.938075670617499, 41.351353913480146 ], [ 1.938071282244132, 41.351624098026321 ], [ 1.93735415591471, 41.351617482247661 ], [ 1.937349764517496, 41.35188766671822 ], [ 1.936991199930297, 41.351884357144527 ], [ 1.936995592870011, 41.351614172660767 ], [ 1.936278466899789, 41.35160755018078 ], [ 1.936282862742877, 41.351337365791522 ] ] ], [ [ [ 1.921613088903364, 41.349309339374543 ], [ 1.920895991891467, 41.349302621351512 ], [ 1.920891532749074, 41.349572804477091 ], [ 1.920532982852107, 41.349569443781164 ], [ 1.920528522167106, 41.349839626861865 ], [ 1.921245625044498, 41.349846347246029 ], [ 1.921250082706077, 41.349576164101265 ], [ 1.9216086327836, 41.349579522609197 ], [ 1.921613088903364, 41.349309339374543 ] ] ], [ [ [ 1.920541903980695, 41.349029077534809 ], [ 1.920183357049106, 41.349025715740034 ], [ 1.920178895062931, 41.349295898860795 ], [ 1.920537443417292, 41.34929926064175 ], [ 1.920541903980695, 41.349029077534809 ] ] ], [ [ [ 1.936282862742877, 41.351337365791522 ], [ 1.936641424186532, 41.35134067753588 ], [ 1.936645818487733, 41.35107049310222 ], [ 1.93628725846702, 41.351067181343574 ], [ 1.936282862742877, 41.351337365791522 ] ] ], [ [ [ 1.931909505086802, 41.355620480378462 ], [ 1.931550920710254, 41.355617153566804 ], [ 1.931546504638363, 41.35588733733848 ], [ 1.931905090497215, 41.355890664181558 ], [ 1.931909505086802, 41.355620480378462 ] ] ] ] } },
{ "type": "Feature", "properties": { "GRID_CODE": 2, "CODI_FINAL": "4395148", "MUNICIPI": "Sant Jaume dels Domenys", "DATA_INCEN": "25/06/95" }, "geometry": { "type": "MultiPolygon", "coordinates": [ [ [ [ 1.470610684451013, 41.313666764827566 ], [ 1.470604371773097, 41.31393690124365 ], [ 1.470962662226811, 41.313941660176269 ], [ 1.47095635094206, 41.314211796578789 ], [ 1.471314642958813, 41.314216554486613 ], [ 1.471308333066216, 41.314486690920532 ], [ 1.470950039631049, 41.314481932968548 ], [ 1.470937416690311, 41.315022205751795 ], [ 1.471295713082857, 41.31502696374865 ], [ 1.471302023147377, 41.314756827341746 ], [ 1.47345179449575, 41.314785351733001 ], [ 1.473445493360017, 41.315055488410181 ], [ 1.474520384656686, 41.315069735735854 ], [ 1.474514087810004, 41.315339872533336 ], [ 1.473080893692484, 41.315320873720275 ], [ 1.473074590906844, 41.315591010325555 ], [ 1.472716291068542, 41.315586257812207 ], [ 1.472722595392123, 41.315316121252614 ], [ 1.472364297178685, 41.315311367625121 ], [ 1.472357991375834, 41.31558150418482 ], [ 1.471641392249229, 41.315571993540473 ], [ 1.47162877453463, 41.31611226635038 ], [ 1.470912169779113, 41.316102751066062 ], [ 1.470905857866195, 41.316372887361261 ], [ 1.473055681914219, 41.316401420103766 ], [ 1.473049378785107, 41.316671556655002 ], [ 1.4737659904847, 41.316681058740457 ], [ 1.47374708933275, 41.317491468580833 ], [ 1.474105399775674, 41.317496218108737 ], [ 1.474099100678501, 41.317766354739767 ], [ 1.474457412626955, 41.317771103151813 ], [ 1.47446371024574, 41.317500966475905 ], [ 1.475180331442199, 41.317510459910508 ], [ 1.475186626018453, 41.317240323131408 ], [ 1.475544935267473, 41.317245068108953 ], [ 1.475551228219913, 41.316974931270735 ], [ 1.475192920450283, 41.316970186292963 ], [ 1.475211803287852, 41.316159775832482 ], [ 1.475570106683311, 41.316164520631531 ], [ 1.475557521146333, 41.316704794419778 ], [ 1.475915827524402, 41.316709538192811 ], [ 1.475903244602235, 41.317249811971621 ], [ 1.475544935267473, 41.317245068108953 ], [ 1.47553864222931, 41.317515204933677 ], [ 1.475180331442199, 41.317510459910508 ], [ 1.475174036839911, 41.31778059667689 ], [ 1.476248973773111, 41.317794828579565 ], [ 1.476242683460582, 41.318064965466135 ], [ 1.476600997400886, 41.318069707278362 ], [ 1.476594708540806, 41.318339844196984 ], [ 1.476953024046271, 41.318344584894035 ], [ 1.47694673657897, 41.318614721843964 ], [ 1.47766337080271, 41.318624200027735 ], [ 1.477669655372806, 41.31835406298908 ], [ 1.478744602975362, 41.318368271746515 ], [ 1.478738322840652, 41.318638408919412 ], [ 1.478021688102212, 41.318628937470471 ], [ 1.478015404924978, 41.31889907454039 ], [ 1.476940449026022, 41.318884858780358 ], [ 1.476927873602371, 41.31942513265686 ], [ 1.476211230790568, 41.319415649743618 ], [ 1.476217521531595, 41.319145512924628 ], [ 1.476575841386807, 41.319150254871019 ], [ 1.47658841959506, 41.318609981102107 ], [ 1.476230102637107, 41.318605239244498 ], [ 1.476236393122079, 41.318335102339951 ], [ 1.474444817251424, 41.318311376464692 ], [ 1.474438519374196, 41.318581513145091 ], [ 1.474080202991512, 41.318576764553434 ], [ 1.474092801555222, 41.318036491358114 ], [ 1.473734488154457, 41.318031741785482 ], [ 1.473728187466947, 41.318301878345416 ], [ 1.473369872734368, 41.318297127568734 ], [ 1.473376174900302, 41.318026991053685 ], [ 1.472659548648524, 41.318017486290266 ], [ 1.472646938256294, 41.318557759171526 ], [ 1.473363570422841, 41.3185672640695 ], [ 1.473357268084137, 41.318837400602568 ], [ 1.473715585774676, 41.318842151423993 ], [ 1.473709284829646, 41.319112287943405 ], [ 1.474784242910374, 41.319126533898242 ], [ 1.474790539419943, 41.318856397244247 ], [ 1.475148857452687, 41.318861143650786 ], [ 1.475142562421597, 41.31913128034963 ], [ 1.475500882019644, 41.319136025641015 ], [ 1.475494588381303, 41.319406162371166 ], [ 1.475852909542555, 41.319410906637408 ], [ 1.475834032489025, 41.32022131688052 ], [ 1.476550683941046, 41.320230802291789 ], [ 1.476544394395508, 41.320500939102374 ], [ 1.476902721729187, 41.32050568015773 ], [ 1.476896433576577, 41.320775816999586 ], [ 1.477613091457099, 41.320785295899753 ], [ 1.477606806176109, 41.321055432817644 ], [ 1.477965136722937, 41.321060170662413 ], [ 1.477952568801682, 41.321600444546426 ], [ 1.478310902452239, 41.321605181321395 ], [ 1.478292054333501, 41.322415592224964 ], [ 1.478650392505827, 41.322420328019064 ], [ 1.478644111087597, 41.322690464989385 ], [ 1.479002450763492, 41.322695199757327 ], [ 1.478996170798196, 41.322965336759673 ], [ 1.479354512039484, 41.322970070412175 ], [ 1.47936079058573, 41.322699933365904 ], [ 1.480077470366278, 41.322709397281116 ], [ 1.480083745869434, 41.322439260131929 ], [ 1.481158761745669, 41.322453447484669 ], [ 1.48117130356331, 41.321913172876961 ], [ 1.481529639402472, 41.321917899659944 ], [ 1.48153590873429, 41.321647762291583 ], [ 1.481177574373844, 41.321643035553237 ], [ 1.481183845040264, 41.321372898170203 ], [ 1.480825512243945, 41.321368170361417 ], [ 1.480831784302562, 41.321098033054582 ], [ 1.480473453071411, 41.321093304130365 ], [ 1.48046717947335, 41.32136344143678 ], [ 1.480108846848998, 41.321358711352808 ], [ 1.480096296500864, 41.321898985746479 ], [ 1.479021290266544, 41.321884788625859 ], [ 1.479027569889614, 41.321614651569504 ], [ 1.478669236127616, 41.321609917025519 ], [ 1.478700640473437, 41.320259231721366 ], [ 1.480492273230204, 41.32028289226362 ], [ 1.480485999949319, 41.320553029566305 ], [ 1.482277642235795, 41.320576662455785 ], [ 1.482271376202892, 41.320846799967441 ], [ 1.482629706442157, 41.320851523272445 ], [ 1.482623441802545, 41.321121660815216 ], [ 1.483698437350981, 41.321135824081999 ], [ 1.48369217712179, 41.321405961745874 ], [ 1.485125511607791, 41.32142483069844 ], [ 1.485131765922237, 41.321154692856318 ], [ 1.485848430750105, 41.321164120508357 ], [ 1.485854682022004, 41.320893982563639 ], [ 1.486213013054118, 41.320898694717144 ], [ 1.486206763260892, 41.32116883270637 ], [ 1.486565095857867, 41.32117354374428 ], [ 1.486577592461582, 41.320633267664114 ], [ 1.487652581949893, 41.320647393866224 ], [ 1.48764633809671, 41.32091753204611 ], [ 1.488721332786572, 41.32093164834599 ], [ 1.488715093284363, 41.321201786645751 ], [ 1.489073426535506, 41.321206489923853 ], [ 1.489060950293205, 41.321746766572559 ], [ 1.490135959311376, 41.321760869891165 ], [ 1.490142193008975, 41.321490731439937 ], [ 1.490858863114816, 41.321500128002477 ], [ 1.490846401549635, 41.322040405069004 ], [ 1.490488063436541, 41.322035707278239 ], [ 1.490494295800045, 41.321765568796891 ], [ 1.490135959311376, 41.321760869891165 ], [ 1.490123491600613, 41.322301146797386 ], [ 1.490481831047851, 41.322305845746875 ], [ 1.490469365955997, 41.322846122642893 ], [ 1.491186051079067, 41.322855517419761 ], [ 1.491179821333573, 41.323125655935911 ], [ 1.491538165531639, 41.323130351673854 ], [ 1.491544393738573, 41.322860213112584 ], [ 1.491902736481905, 41.322864907735244 ], [ 1.491908963184898, 41.322594769116904 ], [ 1.493342329153903, 41.322613536144388 ], [ 1.493348549797147, 41.322343397334471 ], [ 1.492990209671192, 41.322338707306088 ], [ 1.492996431708465, 41.322068568527001 ], [ 1.492638093147095, 41.322063877382782 ], [ 1.492644316578356, 41.321793738634526 ], [ 1.492285979579495, 41.321789046464509 ], [ 1.492292204404704, 41.321518907747084 ], [ 1.491575533619934, 41.321509520105387 ], [ 1.491581761317765, 41.321239381463158 ], [ 1.492298429205871, 41.321248768971913 ], [ 1.492292204404704, 41.321518907747084 ], [ 1.493008875589478, 41.321528290884096 ], [ 1.493002653721731, 41.321798429690183 ], [ 1.493719328142287, 41.321807808499599 ], [ 1.493725547052555, 41.321537669604922 ], [ 1.494083882970395, 41.321542357315948 ], [ 1.494090100318239, 41.321272218318498 ], [ 1.494448434782337, 41.32127690486935 ], [ 1.494467081939263, 41.320466487753983 ], [ 1.49518374231016, 41.320475857200591 ], [ 1.495177529593729, 41.320745996325549 ], [ 1.495894193260513, 41.320755361400337 ], [ 1.495887983416813, 41.321025500600271 ], [ 1.497321317620492, 41.321044217544909 ], [ 1.49731511366676, 41.32131435690895 ], [ 1.497673448893334, 41.321319033378842 ], [ 1.497667246333813, 41.321589172773585 ], [ 1.499100594057567, 41.321607867769501 ], [ 1.499088200455426, 41.32214814687098 ], [ 1.499804880767845, 41.322157487900107 ], [ 1.499823462143026, 41.32134706891749 ], [ 1.500181798019397, 41.321351737627388 ], [ 1.500194182183005, 41.32081145817952 ], [ 1.500552515187341, 41.320816125641095 ], [ 1.500546324566703, 41.321086265415104 ], [ 1.500904659133053, 41.321090931850698 ], [ 1.500892280655939, 41.321631211447183 ], [ 1.50017560575133, 41.32162187733033 ], [ 1.500169413458624, 41.321892017020581 ], [ 1.500527752317143, 41.321896684702793 ], [ 1.500515370436213, 41.322436964130986 ], [ 1.5012320543225, 41.322446296281306 ], [ 1.501238242407245, 41.322176156486549 ], [ 1.501596582997529, 41.322180820867416 ], [ 1.501608955896825, 41.321640541148561 ], [ 1.502325631475867, 41.321649866344394 ], [ 1.502331814811729, 41.321379726376264 ], [ 1.50161514219121, 41.321370401223497 ], [ 1.501621328460006, 41.321100261330741 ], [ 1.502337998123063, 41.32110958639543 ], [ 1.502344181291462, 41.320839446355293 ], [ 1.503060848334056, 41.320848766871457 ], [ 1.503067028459798, 41.320578626774825 ], [ 1.503425360659596, 41.320583285271617 ], [ 1.503431539222476, 41.320313145117474 ], [ 1.503073208562097, 41.320308486620448 ], [ 1.503079388519455, 41.320038346496851 ], [ 1.503437717760892, 41.320043004950641 ], [ 1.503431539222476, 41.320313145117474 ], [ 1.504148200856477, 41.320322458722032 ], [ 1.504142025250963, 41.320592598964147 ], [ 1.503783692882829, 41.32058794269755 ], [ 1.503777515714468, 41.320858082882204 ], [ 1.505569185607564, 41.320881353416901 ], [ 1.505575355382422, 41.320611213012398 ], [ 1.508083686483563, 41.320643744611118 ], [ 1.508077526999951, 41.320913885322192 ], [ 1.508435861854095, 41.320918528296545 ], [ 1.508429703765299, 41.321188669038001 ], [ 1.509146376624043, 41.321197951683253 ], [ 1.509140221468576, 41.321468092499707 ], [ 1.509856897619245, 41.321477370817149 ], [ 1.50985074527776, 41.321747511707009 ], [ 1.510209084988499, 41.321752149192214 ], [ 1.510196783070375, 41.32229243106493 ], [ 1.50983844040304, 41.322287793447089 ], [ 1.509832287869814, 41.322557934297315 ], [ 1.51054897618727, 41.322567208459645 ], [ 1.510542826526918, 41.322837349429037 ], [ 1.510901172260846, 41.322841984858336 ], [ 1.510895023996618, 41.323112125813012 ], [ 1.510536676724079, 41.323107490339154 ], [ 1.510524376926752, 41.32364777211972 ], [ 1.511599427807378, 41.32366167554769 ], [ 1.511593282190009, 41.323931816548729 ], [ 1.512309986134097, 41.323941079996843 ], [ 1.512291557772992, 41.324751503183258 ], [ 1.511574844954959, 41.324742239472577 ], [ 1.511568699062389, 41.325012380420496 ], [ 1.511210341269565, 41.325007746870618 ], [ 1.511216488701917, 41.32473760592223 ], [ 1.510499776386353, 41.324728335519971 ], [ 1.510505926632218, 41.324458194689925 ], [ 1.509789217609839, 41.324448919914239 ], [ 1.50978306440598, 41.324719060656662 ], [ 1.510141420323881, 41.324723698668073 ], [ 1.510135268515209, 41.32499383944085 ], [ 1.510493626056704, 41.324998476336539 ], [ 1.510487475583529, 41.325268617138867 ], [ 1.509770757687013, 41.325259342100317 ], [ 1.509752297009647, 41.326069764165098 ], [ 1.510110660382602, 41.326074402396372 ], [ 1.510104508095093, 41.326344543101001 ], [ 1.510462873030994, 41.32634918026077 ], [ 1.510456722138807, 41.326619320995718 ], [ 1.510815088637657, 41.326623957083953 ], [ 1.510808939140831, 41.326894097849227 ], [ 1.511525675289482, 41.326903366721474 ], [ 1.511531821827961, 41.326633225868626 ], [ 1.512248555293522, 41.326642490191155 ], [ 1.512254698789957, 41.32637234923731 ], [ 1.512613064168633, 41.326376979704335 ], [ 1.512619206103258, 41.326106838648258 ], [ 1.51369429836466, 41.326120723181909 ], [ 1.513700435717517, 41.325850582025438 ], [ 1.514417161370906, 41.32585983274749 ], [ 1.51442329568296, 41.325589691445145 ], [ 1.515498380383431, 41.325603558987702 ], [ 1.515504510173644, 41.325333417585874 ], [ 1.516221230746154, 41.325342656980212 ], [ 1.516227357495745, 41.325072515432602 ], [ 1.516585716458017, 41.325077133413579 ], [ 1.516591841644078, 41.324806991853904 ], [ 1.518741988118111, 41.324834675964809 ], [ 1.518735871746633, 41.325104817785274 ], [ 1.519094231293683, 41.325109427914185 ], [ 1.519088116316928, 41.325379569809755 ], [ 1.519446477426367, 41.325384178866933 ], [ 1.519440363846413, 41.325654320747553 ], [ 1.520157089211583, 41.325663535692343 ], [ 1.52016319983437, 41.325393393679647 ], [ 1.520879922514629, 41.325402604075393 ], [ 1.520892137532381, 41.324862319924868 ], [ 1.521250496099944, 41.324866923318567 ], [ 1.52125660197509, 41.324596781179217 ], [ 1.521614959086064, 41.324601383458386 ], [ 1.521621063458725, 41.324331241262875 ], [ 1.522337775032837, 41.324340442344216 ], [ 1.522356078659473, 41.32353001536957 ], [ 1.521997727237429, 41.323525415539038 ], [ 1.522003829798479, 41.323255273246211 ], [ 1.521645479939542, 41.323250672298897 ], [ 1.521663791441108, 41.322440245468513 ], [ 1.521305446161759, 41.322435643537169 ], [ 1.52131765639129, 41.321895359003463 ], [ 1.521675998713941, 41.321899960802838 ], [ 1.52168820565314, 41.321359676128338 ], [ 1.521329866228388, 41.321355074415152 ], [ 1.521335971082913, 41.321084932056529 ], [ 1.521694308968139, 41.321089533770511 ], [ 1.521706515408419, 41.32054924901523 ], [ 1.522064850420309, 41.320553849482117 ], [ 1.522070952066857, 41.320283707041199 ], [ 1.522787619440261, 41.320292904633504 ], [ 1.522799816450758, 41.31975261949097 ], [ 1.521724824416352, 41.319738821735953 ], [ 1.52173092729219, 41.319468679298119 ], [ 1.522089256388293, 41.319473279636178 ], [ 1.522131963603165, 41.317582281842085 ], [ 1.521773644797415, 41.317577681807492 ], [ 1.521785849075963, 41.317037396702212 ], [ 1.522144164924731, 41.31704199664987 ], [ 1.522174666745366, 41.315691283388368 ], [ 1.521816358288694, 41.315686683657994 ], [ 1.5218102566365, 41.315956826285074 ], [ 1.521093637074526, 41.315947623438383 ], [ 1.521063112661739, 41.317298335980524 ], [ 1.52034647864807, 41.317289128239139 ], [ 1.520340370583084, 41.317559270611497 ], [ 1.519623733945287, 41.317550058323107 ], [ 1.519629844968269, 41.317279915992771 ], [ 1.519271528282089, 41.317275308242529 ], [ 1.519265415721911, 41.317545450483529 ], [ 1.518548779643426, 41.317536231505933 ], [ 1.518561010476015, 41.316995947138068 ], [ 1.518919325575857, 41.317000557120551 ], [ 1.518931553177, 41.316460272657515 ], [ 1.518573241034038, 41.316455662762152 ], [ 1.518579356217943, 41.31618552055437 ], [ 1.518937666822784, 41.316190130405424 ], [ 1.518943780385267, 41.315919988139854 ], [ 1.518227162215682, 41.315910767409953 ], [ 1.518233278651625, 41.31564062521803 ], [ 1.518591586216389, 41.315645236096877 ], [ 1.518597701150365, 41.315375093848708 ], [ 1.518956007321119, 41.315379703524066 ], [ 1.518943780385267, 41.315919988139854 ], [ 1.519302089655738, 41.315924596788136 ], [ 1.519314313633849, 41.315384312130313 ], [ 1.519672619971143, 41.315388919575859 ], [ 1.519678730327102, 41.315118777182803 ], [ 1.519320425468138, 41.315114169780813 ], [ 1.519326537219162, 41.314844027417863 ], [ 1.520043144122424, 41.314853241065691 ], [ 1.520055361522294, 41.314312956081032 ], [ 1.520413662111838, 41.314317561167726 ], [ 1.520425876221319, 41.313777276087194 ], [ 1.520784173998301, 41.313781879927774 ], [ 1.520778068432517, 41.314052022562883 ], [ 1.521494667131743, 41.314061227030692 ], [ 1.521500769740035, 41.313791084353632 ], [ 1.521859067706771, 41.31379568484887 ], [ 1.521877370478801, 41.312985256604975 ], [ 1.521519076947678, 41.312980656195101 ], [ 1.521531281356322, 41.312440370719045 ], [ 1.521172990804908, 41.312435769280526 ], [ 1.521179094392509, 41.31216562656617 ], [ 1.520462516554086, 41.312156420477521 ], [ 1.520468622955008, 41.311886277835903 ], [ 1.518677187235946, 41.311863243300991 ], [ 1.518683300945048, 41.311593100818506 ], [ 1.517966730244005, 41.311583879297871 ], [ 1.517972846824901, 41.311313736934096 ], [ 1.517256279353542, 41.311304511040795 ], [ 1.517244040136514, 41.311844795579781 ], [ 1.516527467086424, 41.311835565053066 ], [ 1.516502975886738, 41.312916133621414 ], [ 1.515786391345435, 41.312906898286627 ], [ 1.515780265395583, 41.313177040307963 ], [ 1.51542197174158, 41.313172420946827 ], [ 1.515428099229296, 41.312902278969887 ], [ 1.515069807137946, 41.31289765849256 ], [ 1.515082064759495, 41.312357374584806 ], [ 1.514365486799504, 41.312348130461181 ], [ 1.514359355103093, 41.312618272379865 ], [ 1.514001064740425, 41.31261364860179 ], [ 1.514013331063586, 41.312073364929148 ], [ 1.513296756561048, 41.312064114204205 ], [ 1.513290620513891, 41.312334256005272 ], [ 1.512932331880055, 41.312329628926534 ], [ 1.512926194272232, 41.31259977062539 ], [ 1.512209614357897, 41.312590513081886 ], [ 1.512203473710208, 41.312860654679803 ], [ 1.511486891174251, 41.31285139258965 ], [ 1.511480747426901, 41.31312153408583 ], [ 1.511122454836694, 41.313116901302642 ], [ 1.511128600002466, 41.312846759849478 ], [ 1.510412017968764, 41.312837491070496 ], [ 1.510405869846715, 41.3131076324361 ], [ 1.509330993020349, 41.313093720753081 ], [ 1.50932484031933, 41.313363862018029 ], [ 1.507533373208731, 41.313340653333988 ], [ 1.507527213092756, 41.313610794366959 ], [ 1.507168918408532, 41.313606149232363 ], [ 1.507181241570538, 41.313065867331524 ], [ 1.505389784367575, 41.313042625467709 ], [ 1.505395953183419, 41.31277248471627 ], [ 1.505037663497288, 41.312767833025354 ], [ 1.505043833707192, 41.312497692304404 ], [ 1.504685545583216, 41.312493039542666 ], [ 1.50469171718714, 41.312222898852191 ], [ 1.504333430625318, 41.312218245019643 ], [ 1.504327257482572, 41.312488385710381 ], [ 1.502894106103411, 41.312469759100793 ], [ 1.50290646400781, 41.311929478146261 ], [ 1.503264748815819, 41.31193413634962 ], [ 1.503283280666799, 41.311123714685479 ], [ 1.503999841606457, 41.311133027528214 ], [ 1.504006015745959, 41.310862886858281 ], [ 1.504722574066116, 41.31087219515419 ], [ 1.504753428843326, 41.309521491119213 ], [ 1.504395157060123, 41.309516837771376 ], [ 1.504401329217129, 41.309246696976587 ], [ 1.504043058996893, 41.309242042513006 ], [ 1.50404923254765, 41.308971901748741 ], [ 1.502974426764374, 41.308957931846386 ], [ 1.502980604664459, 41.308687791200626 ], [ 1.50262233773639, 41.308683132366511 ], [ 1.502628517030103, 41.308412991751283 ], [ 1.50227025166297, 41.308408331891577 ], [ 1.502282613014127, 41.307868050664503 ], [ 1.5015660883848, 41.307858727731627 ], [ 1.501572271859153, 41.307588587208073 ], [ 1.500855750522228, 41.307579259904955 ], [ 1.500868123189737, 41.307038978949407 ], [ 1.500509865632397, 41.307034313737049 ], [ 1.500516053287029, 41.306764173305233 ], [ 1.500157797232958, 41.306759506976611 ], [ 1.500163986340648, 41.306489366576194 ], [ 1.499805731848525, 41.306484699177112 ], [ 1.499818112706484, 41.305944418423259 ], [ 1.499459861313603, 41.305939749998636 ], [ 1.499466053063814, 41.305669609645179 ], [ 1.498391303763337, 41.305655597860884 ], [ 1.498403695935658, 41.305115317379098 ], [ 1.498761942642782, 41.305119989014848 ], [ 1.49878052580695, 41.30430956801321 ], [ 1.498422283531263, 41.304304896554918 ], [ 1.498440870368295, 41.303494475564349 ], [ 1.498082632609306, 41.30348980312403 ], [ 1.498095026387005, 41.302949522469767 ], [ 1.497378557032822, 41.302940174377554 ], [ 1.49739715589883, 41.302129753627135 ], [ 1.49775538610225, 41.302134428075448 ], [ 1.497767781989346, 41.301594147419671 ], [ 1.499917147371119, 41.301622170314964 ], [ 1.499910958363257, 41.301892310914752 ], [ 1.500269187678931, 41.301896977563437 ], [ 1.500263000064055, 41.302167118193822 ], [ 1.500621230942343, 41.302171783727232 ], [ 1.500615044719463, 41.302441924433239 ], [ 1.50025681230517, 41.30243725880996 ], [ 1.500250624521714, 41.3027073994134 ], [ 1.500608858353622, 41.302712065079973 ], [ 1.500602671963229, 41.302982205714017 ], [ 1.500960907356768, 41.302986870310271 ], [ 1.500954722359479, 41.303257010974889 ], [ 1.501671196414807, 41.303266336868091 ], [ 1.501665014228342, 41.303536477606571 ], [ 1.502381491575331, 41.303545799130184 ], [ 1.502387670806981, 41.303275658303619 ], [ 1.502745908098969, 41.303280317371886 ], [ 1.502758263296331, 41.302740035544517 ], [ 1.503832966873634, 41.302754005754601 ], [ 1.503839139943381, 41.302483864711611 ], [ 1.50419737313976, 41.302488519190277 ], [ 1.50420971601368, 41.301948236930087 ], [ 1.503851485770899, 41.301943582584379 ], [ 1.503857658529712, 41.301673441455137 ], [ 1.504215887353873, 41.30167809580265 ], [ 1.504240571695914, 41.300597531110853 ], [ 1.504598794695181, 41.30060218416817 ], [ 1.504580285922569, 41.301412607804394 ], [ 1.504938513437581, 41.301417259879258 ], [ 1.504932345135985, 41.301687401108069 ], [ 1.505290574212294, 41.301692052112529 ], [ 1.505309074314835, 41.300881628207243 ], [ 1.504950849728973, 41.300876977380419 ], [ 1.504963185685317, 41.300336694782651 ], [ 1.503530299882511, 41.300318080592241 ], [ 1.503536473612956, 41.300047939471149 ], [ 1.503178253879989, 41.300043283159667 ], [ 1.503196779058849, 41.299232859803219 ], [ 1.502838563840343, 41.299228202554481 ], [ 1.502850916453708, 41.298687920321946 ], [ 1.50249270427347, 41.298683262046985 ], [ 1.502498881930487, 41.298413120977017 ], [ 1.50142425026826, 41.298399139508021 ], [ 1.501430432272174, 41.298128998556678 ], [ 1.499997597163229, 41.298110341160445 ], [ 1.50001616045313, 41.297299918755151 ], [ 1.500374364658908, 41.297304584609307 ], [ 1.500386736830136, 41.296764302850477 ], [ 1.499312133269555, 41.296750302119236 ], [ 1.499305942765495, 41.297020442872721 ], [ 1.498589537898998, 41.297011103408394 ], [ 1.498595731297172, 41.296740962742383 ], [ 1.497879329721957, 41.296731618909703 ], [ 1.497885525989537, 41.296461478318484 ], [ 1.497169127705692, 41.296452130117544 ], [ 1.497200122666258, 41.295101427357345 ], [ 1.496841931035603, 41.295096751784023 ], [ 1.496860531416352, 41.294286330125495 ], [ 1.496502344300379, 41.294281653570671 ], [ 1.496508545715184, 41.294011513034768 ], [ 1.496150360159346, 41.294006835455114 ], [ 1.49615656302709, 41.293736694905697 ], [ 1.496514747105217, 41.293741372486181 ], [ 1.496520948351092, 41.29347123192332 ], [ 1.496879131097764, 41.293475908301353 ], [ 1.496885330782521, 41.293205767680824 ], [ 1.497243512077303, 41.293210442899856 ], [ 1.497255908299969, 41.292670161530779 ], [ 1.497614086725957, 41.292674835547494 ], [ 1.497620283263917, 41.292404694798932 ], [ 1.497978460297738, 41.292409367657498 ], [ 1.497984655215034, 41.292139226850544 ], [ 1.498342830855643, 41.292143898596002 ], [ 1.498367603895404, 41.291063335013291 ], [ 1.498725773715351, 41.29106800542322 ], [ 1.498731965317524, 41.290797864461361 ], [ 1.49944830231612, 41.29080720189701 ], [ 1.49945449082138, 41.290537060832662 ], [ 1.499812658001047, 41.290541727813363 ], [ 1.499818844945575, 41.290271586691432 ], [ 1.500177010732054, 41.290276252559181 ], [ 1.500183196116944, 41.290006111334655 ], [ 1.499108703556885, 41.289992110613596 ], [ 1.499114893286675, 41.289721969507895 ], [ 1.498756730764528, 41.289717300432471 ], [ 1.498762921885342, 41.289447159402407 ], [ 1.498046600047801, 41.289437817953186 ], [ 1.498040405914565, 41.289707958894205 ], [ 1.497682243645465, 41.289703286477156 ], [ 1.497663656429713, 41.290513709088408 ], [ 1.497305489815804, 41.290509035425018 ], [ 1.497311687095297, 41.290238894611967 ], [ 1.4965953570746, 41.290229543986769 ], [ 1.496601557223521, 41.289959403203575 ], [ 1.496243393815715, 41.28995472628683 ], [ 1.496249595415211, 41.289684585580162 ], [ 1.495533271747139, 41.289675228447642 ], [ 1.495545680539434, 41.28913494712485 ], [ 1.495187521814167, 41.289130266999109 ], [ 1.495193727529498, 41.288860126383831 ], [ 1.493402942556117, 41.288836709133662 ], [ 1.493384302891191, 41.289647130318677 ], [ 1.493742464145251, 41.289651816147227 ], [ 1.49371761601957, 41.290732377701055 ], [ 1.49407578332457, 41.290737062548558 ], [ 1.494057150741133, 41.291547483715966 ], [ 1.493698979067477, 41.291542798691438 ], [ 1.493686553988704, 41.292083079329004 ], [ 1.493328379446637, 41.292078393101967 ], [ 1.493309736794479, 41.292888813802215 ], [ 1.491877021692307, 41.292870057312001 ], [ 1.491870801358731, 41.293140197370711 ], [ 1.491512621333791, 41.293135505396535 ], [ 1.491500177519929, 41.293675785340554 ], [ 1.491141994626483, 41.293671092163692 ], [ 1.491148218081757, 41.293400952265671 ], [ 1.490790036688992, 41.293396258063382 ], [ 1.490796261537152, 41.293126118151207 ], [ 1.490438081765493, 41.293121422880041 ], [ 1.490444307944722, 41.292851283042985 ], [ 1.489727951610073, 41.292841889202421 ], [ 1.489721722417957, 41.293112028949956 ], [ 1.489005363469508, 41.293102630564626 ], [ 1.48899913129901, 41.293372770210638 ], [ 1.488640950415286, 41.293368069324288 ], [ 1.488647184122082, 41.29309792972348 ], [ 1.488289004860615, 41.293093227723318 ], [ 1.488301474912944, 41.292552948569302 ], [ 1.488659651222296, 41.292557650435576 ], [ 1.488665884614667, 41.292287510793507 ], [ 1.489024059532387, 41.292292211501383 ], [ 1.489030291423024, 41.292022071802187 ], [ 1.48938846494805, 41.292026771396721 ], [ 1.489382234593642, 41.292296911141115 ], [ 1.491889462043505, 41.29232977724341 ], [ 1.49188324188042, 41.292599917284058 ], [ 1.492599596338824, 41.292609297668903 ], [ 1.492612030614367, 41.292069017396038 ], [ 1.492970204988165, 41.292073705805976 ], [ 1.49297642049255, 41.291803565604631 ], [ 1.492618247596301, 41.291798877193962 ], [ 1.492636898090618, 41.290988456642644 ], [ 1.492278729708506, 41.29098376725095 ], [ 1.492284947886823, 41.290713627085047 ], [ 1.490494114566489, 41.290690163773832 ], [ 1.490500339983548, 41.290420023770309 ], [ 1.491216670140202, 41.290429412357284 ], [ 1.491235337080921, 41.289618992135502 ], [ 1.49159349782793, 41.289623684602233 ], [ 1.491599718535455, 41.289353544457519 ], [ 1.491957877890868, 41.289358235766052 ], [ 1.49196409697765, 41.289088095562718 ], [ 1.492680413048595, 41.289097474795398 ], [ 1.492686629098067, 41.28882733448998 ], [ 1.492328472526923, 41.28882264545274 ], [ 1.492347124656866, 41.288012224544197 ], [ 1.491988972598139, 41.288007534571101 ], [ 1.491976534957831, 41.288547815071382 ], [ 1.491618380031311, 41.288543123895842 ], [ 1.491612159637668, 41.288813264081803 ], [ 1.491254003259913, 41.288808571747332 ], [ 1.49124155926582, 41.28934885199012 ], [ 1.490883400020202, 41.28934415845309 ], [ 1.4908771764197, 41.289614298509903 ], [ 1.489444534560941, 41.28959551295813 ], [ 1.489438304969221, 41.289865652868954 ], [ 1.489080143255711, 41.289860953629642 ], [ 1.48907391204411, 41.290131093436806 ], [ 1.488357585917946, 41.29012169157275 ], [ 1.488351351667656, 41.29039183132258 ], [ 1.487993187256066, 41.290387128652789 ], [ 1.487980715608642, 41.290927407978877 ], [ 1.487622548329159, 41.290922704106315 ], [ 1.487653734161234, 41.289572005979274 ], [ 1.487295574347584, 41.289567301260092 ], [ 1.487289335898827, 41.289837440859344 ], [ 1.486931174635163, 41.28983273493602 ], [ 1.486918694469237, 41.290373014049365 ], [ 1.486560530396483, 41.29036830696905 ], [ 1.486535563139993, 41.291448864810825 ], [ 1.486893733178166, 41.291453572069834 ], [ 1.486887492598386, 41.291723711529379 ], [ 1.487245664137314, 41.291728417763167 ], [ 1.487233185735455, 41.292268696731483 ], [ 1.487591360372081, 41.292273401941024 ], [ 1.487578884583396, 41.292813680944271 ], [ 1.48722070705231, 41.292808975691614 ], [ 1.487214467524083, 41.293079115128158 ], [ 1.486856288602455, 41.293074408672027 ], [ 1.486850047511595, 41.293344548095611 ], [ 1.486491867198366, 41.293339840481003 ], [ 1.486485624605573, 41.293609979847417 ], [ 1.485769261220259, 41.29360056123145 ], [ 1.485763015590196, 41.293870700450334 ], [ 1.485404832578878, 41.293865989404715 ], [ 1.485392338049442, 41.294406267757218 ], [ 1.485034152168845, 41.294401555553542 ], [ 1.485027903270462, 41.294671694642112 ], [ 1.484669715999317, 41.29466698123484 ], [ 1.484663465538058, 41.294937120310415 ], [ 1.484305276875349, 41.294932405744561 ], [ 1.484292772804657, 41.295472683721869 ], [ 1.484650964481609, 41.295477398332579 ], [ 1.484644713765958, 41.295747537322633 ], [ 1.484286520671946, 41.295742822668167 ], [ 1.484267763702068, 41.296553239470292 ], [ 1.483551368850023, 41.296543806505873 ], [ 1.483545113422934, 41.29681394530904 ], [ 1.48318691461749, 41.296809227133167 ], [ 1.483180657628331, 41.297079365878282 ], [ 1.482464257439853, 41.297069926051527 ], [ 1.482432956266126, 41.29842061917121 ], [ 1.482074748914634, 41.298415897386079 ], [ 1.482068486983097, 41.298686035916369 ], [ 1.481710278181256, 41.298681312926618 ], [ 1.481704014686381, 41.298951451443799 ], [ 1.481345804552548, 41.298946727295991 ], [ 1.481339539436669, 41.299216865709226 ], [ 1.480981327910119, 41.299212140447587 ], [ 1.480968794527932, 41.299752417145051 ], [ 1.481327009007542, 41.299757142541019 ], [ 1.481314478297778, 41.300297419274564 ], [ 1.480956260803229, 41.300292693833555 ], [ 1.480943726738114, 41.300832970423009 ], [ 1.482376608864198, 41.30085186594625 ], [ 1.482382870060712, 41.300581727480122 ], [ 1.48274108931395, 41.300586448507907 ], [ 1.482734829654293, 41.30085658701941 ], [ 1.483451271369823, 41.300866025866341 ], [ 1.483419986444107, 41.302216718710753 ], [ 1.483778214815277, 41.302221436708166 ], [ 1.483746935145233, 41.303572129438002 ], [ 1.484105170989238, 41.303576846498892 ], [ 1.484098916301029, 41.303846985040245 ], [ 1.485173628774213, 41.3038611297602 ], [ 1.485167378432995, 41.304131268421699 ], [ 1.486958575039002, 41.304154820830099 ], [ 1.486952331940059, 41.304424959699837 ], [ 1.48731057304104, 41.304429666910352 ], [ 1.4873043313345, 41.304699805811062 ], [ 1.489095545265933, 41.304723325231166 ], [ 1.489089310921436, 41.304993464341386 ], [ 1.48873106649927, 41.30498876266001 ], [ 1.488724830532628, 41.305258901711518 ], [ 1.488008338989214, 41.305249494871482 ], [ 1.48800209998261, 41.305519633820623 ], [ 1.487643852860334, 41.30551492870697 ], [ 1.487631371696781, 41.306055206476657 ], [ 1.487989621773086, 41.306059911724255 ], [ 1.487983382571217, 41.30633005063369 ], [ 1.488341634211128, 41.306334754766226 ], [ 1.488335396401857, 41.30660489370662 ], [ 1.488693649603297, 41.306609596814084 ], [ 1.488687413186665, 41.306879735785422 ], [ 1.489045667951714, 41.306884437777775 ], [ 1.489033197758116, 41.307424715813077 ], [ 1.489749713452556, 41.307434116676831 ], [ 1.489762177735575, 41.306893838463907 ], [ 1.490120432754335, 41.306898537157672 ], [ 1.490139124138676, 41.306088119626814 ], [ 1.490497374809512, 41.306092817072908 ], [ 1.490491145890966, 41.30636295629246 ], [ 1.4912076505031, 41.306372347885613 ], [ 1.491201424454905, 41.306642487180419 ], [ 1.490843170659187, 41.306637791874614 ], [ 1.490812031935733, 41.307988487971791 ], [ 1.490453770835501, 41.307983791374639 ], [ 1.490447541382664, 41.308253930500527 ], [ 1.490089278829871, 41.308249232743599 ], [ 1.49008304781443, 41.30851937181162 ], [ 1.489724783929521, 41.308514672851487 ], [ 1.489712318627692, 41.309054950902492 ], [ 1.490070585469169, 41.309059649906395 ], [ 1.490076816714093, 41.308789510866156 ], [ 1.490435082162687, 41.308794208711056 ], [ 1.490441311785251, 41.30852406961214 ], [ 1.490799575839898, 41.308528766343088 ], [ 1.490805803960606, 41.308258627142074 ], [ 1.491164066622364, 41.308263322714048 ], [ 1.491151613313389, 41.308803601102049 ], [ 1.492226410735827, 41.308817681307232 ], [ 1.492232632969575, 41.308547541986549 ], [ 1.492590897448242, 41.308552233144489 ], [ 1.492584676692273, 41.308822372509482 ], [ 1.493301208860397, 41.30883175152514 ], [ 1.493307426720537, 41.308561612072303 ], [ 1.494023956272979, 41.308570986495901 ], [ 1.494017741427065, 41.308841126083109 ], [ 1.493659475131758, 41.308836439339316 ], [ 1.493653258664707, 41.309106578822941 ], [ 1.493294990975267, 41.309101890965252 ], [ 1.49328877300543, 41.309372030391906 ], [ 1.491855697126025, 41.309353267546818 ], [ 1.491861921007113, 41.309083128297466 ], [ 1.491145386561527, 41.309073740276204 ], [ 1.491139159664084, 41.309343879481112 ], [ 1.490422622602197, 41.309334486912647 ], [ 1.490416392665318, 41.30960462597028 ], [ 1.491132932742568, 41.309614018628302 ], [ 1.49111425140931, 41.310424435988089 ], [ 1.49183080063335, 41.310433824452822 ], [ 1.491843249048755, 41.309893546049317 ], [ 1.492201520832736, 41.309898238498512 ], [ 1.492182852544931, 41.310708656261937 ], [ 1.491824576328321, 41.310703963634715 ], [ 1.491818351878783, 41.310974102802369 ], [ 1.491460074268003, 41.310969409061137 ], [ 1.491447622218328, 41.311509687268021 ], [ 1.49108934173645, 41.311504992323407 ], [ 1.491076886391508, 41.312045270387593 ], [ 1.490718603038479, 41.312040574239504 ], [ 1.490712373790585, 41.312310713207403 ], [ 1.490354088984664, 41.312306015899416 ], [ 1.49034162727818, 41.312846293705938 ], [ 1.489983339602086, 41.312841595149408 ], [ 1.489970874598823, 41.313381872858216 ], [ 1.489254293647675, 41.313372472269016 ], [ 1.489260529207155, 41.313102333533486 ], [ 1.488543951552008, 41.313092928574008 ], [ 1.488537713096049, 41.313363067221474 ], [ 1.487462842845827, 41.313348951310999 ], [ 1.487469085736072, 41.313078812796896 ], [ 1.487827374296518, 41.31308351915623 ], [ 1.487833615623653, 41.312813380584146 ], [ 1.488908477260371, 41.312827492883613 ], [ 1.48891471406831, 41.312557354164731 ], [ 1.48927299995289, 41.31256205597532 ], [ 1.489279235257533, 41.312291917199296 ], [ 1.489637519747988, 41.312296617895761 ], [ 1.48964375342995, 41.312026479061046 ], [ 1.489285470417526, 41.31202177840899 ], [ 1.489291705552283, 41.311751639606001 ], [ 1.488933424042043, 41.311746937927872 ], [ 1.488939660570878, 41.31147679911075 ], [ 1.488223100820959, 41.311467392500006 ], [ 1.488229340220748, 41.311197253758287 ], [ 1.487871061921379, 41.311192548824891 ], [ 1.487877302713064, 41.310922410159151 ], [ 1.487519026037403, 41.31091770411129 ], [ 1.48753775221662, 41.310107288164879 ], [ 1.486462935939143, 41.310093163822799 ], [ 1.486469182302171, 41.309823025280956 ], [ 1.485752641478763, 41.309813603553394 ], [ 1.485758890712351, 41.309543465087067 ], [ 1.484684084579619, 41.309529324247379 ], [ 1.484690338101771, 41.30925918590038 ], [ 1.48433207105823, 41.309254470132728 ], [ 1.484344580863261, 41.308714193443123 ], [ 1.483628052942903, 41.30870475874223 ], [ 1.483634310643748, 41.308434620443421 ], [ 1.483276048289166, 41.308429901465644 ], [ 1.483282307381438, 41.308159763242948 ], [ 1.482565785884553, 41.308150321987874 ], [ 1.482584571576594, 41.307339907462115 ], [ 1.482226315388599, 41.307335185319076 ], [ 1.482232578572717, 41.307065047176174 ], [ 1.481516069409003, 41.307055599590718 ], [ 1.481509803209913, 41.307325737643559 ], [ 1.481151547277942, 41.307321012156883 ], [ 1.481145279575544, 41.307591150152383 ], [ 1.48078702219264, 41.307586423460727 ], [ 1.480780752926159, 41.30785656144306 ], [ 1.480422494210707, 41.307851833592956 ], [ 1.480416223322457, 41.308121971471323 ], [ 1.480774483575319, 41.308126699366866 ], [ 1.480761944557695, 41.308666975173239 ], [ 1.480403681408081, 41.308662247234153 ], [ 1.480397410263561, 41.308932385072005 ], [ 1.478964352550979, 41.308913461900218 ], [ 1.478970629606468, 41.308643324241139 ], [ 1.478612366824485, 41.30863859072835 ], [ 1.4786249235757, 41.308098315413318 ], [ 1.478266663894363, 41.308093580876175 ], [ 1.47827922325776, 41.307553305641633 ], [ 1.478637479983752, 41.307558040089305 ], [ 1.478643758089347, 41.307287902407438 ], [ 1.478285502782327, 41.307283167958673 ], [ 1.478291782280016, 41.307013030308028 ], [ 1.477933528535107, 41.307008294834532 ], [ 1.477939809424851, 41.306738157215108 ], [ 1.477581557303856, 41.306733420627587 ], [ 1.477612967678792, 41.305382732504327 ], [ 1.477254723029992, 41.305377995071126 ], [ 1.47726100630163, 41.305107857459411 ], [ 1.476902763216942, 41.305103118911504 ], [ 1.476909047880439, 41.304832981331046 ], [ 1.476550806357765, 41.304828241758507 ], [ 1.476557092473837, 41.304558104165096 ], [ 1.476198852454513, 41.30455336352211 ], [ 1.476205139961315, 41.304283226004998 ], [ 1.475846901565805, 41.304278484248172 ], [ 1.475853190404636, 41.30400834676157 ], [ 1.475136716824352, 41.303998860039322 ], [ 1.47514930015444, 41.303458585204858 ], [ 1.474791066448084, 41.303453840239271 ], [ 1.474797359521596, 41.303183702847406 ], [ 1.473722663287096, 41.30316946148826 ], [ 1.473728960647073, 41.302899324216646 ], [ 1.47301249991437, 41.302889824480673 ], [ 1.473018800143128, 41.302619687285308 ], [ 1.472302342708262, 41.302610183181713 ], [ 1.472296039465262, 41.302880320286505 ], [ 1.471937809398821, 41.302875566540799 ], [ 1.471931504652363, 41.303145703587958 ], [ 1.471573273195566, 41.303140948637953 ], [ 1.471566966825165, 41.303411085670902 ], [ 1.471208733976954, 41.303406329561597 ], [ 1.471196118084515, 41.303946603452857 ], [ 1.470837882367565, 41.303941846139303 ], [ 1.470825263176645, 41.304482119886622 ], [ 1.470467024590892, 41.304477361368761 ], [ 1.470460713358724, 41.304747498199276 ], [ 1.46974423348928, 41.304737977775396 ], [ 1.469731604919086, 41.305278251126815 ], [ 1.470089847765158, 41.305283012008438 ], [ 1.470083534858353, 41.305553148709237 ], [ 1.469725290475117, 41.30554838778184 ], [ 1.469687402241618, 41.307169207521468 ], [ 1.469329149079189, 41.307164445209672 ], [ 1.469322832615179, 41.307434581725886 ], [ 1.468248069328778, 41.307420288060023 ], [ 1.468241748345859, 41.307690424427683 ], [ 1.467525236942915, 41.307680889684136 ], [ 1.467506264551842, 41.308491298435037 ], [ 1.466789744628614, 41.308481758917985 ], [ 1.466764435098076, 41.309562303414715 ], [ 1.467480966783394, 41.309571843291486 ], [ 1.467449342664384, 41.310922524047086 ], [ 1.468524163066022, 41.310936826156613 ], [ 1.468530483604479, 41.310666689906085 ], [ 1.468888755746508, 41.31067145498632 ], [ 1.468882436684871, 41.310941591326895 ], [ 1.469240710390846, 41.310946355337471 ], [ 1.469234392722061, 41.311216491664524 ], [ 1.469592667990932, 41.311221254650498 ], [ 1.469567402247427, 41.31230180000189 ], [ 1.469209121065761, 41.31229703688097 ], [ 1.469202802966626, 41.312567173140422 ], [ 1.469561085626288, 41.312571936306377 ], [ 1.469554768858316, 41.312842072641544 ], [ 1.469196484721712, 41.312837309385586 ], [ 1.469190166450443, 41.313107445618009 ], [ 1.469548452065072, 41.313112208918973 ], [ 1.469542135185773, 41.313382345182909 ], [ 1.469900422365558, 41.313387107369081 ], [ 1.4698941068175, 41.313657243708732 ], [ 1.470610684451013, 41.313666764827566 ], [ 1.470616996982173, 41.31339662844222 ], [ 1.47097528447867, 41.313401387329961 ], [ 1.470968973365876, 41.313671523759474 ], [ 1.470610684451013, 41.313666764827566 ] ], [ [ 1.511920912380937, 41.325287153877575 ], [ 1.512279271759509, 41.325291785284911 ], [ 1.512273128657604, 41.325561926293418 ], [ 1.511914767799951, 41.325557294842334 ], [ 1.511920912380937, 41.325287153877575 ] ], [ [ 1.492945342003581, 41.293154266519963 ], [ 1.493303522368351, 41.293158953993107 ], [ 1.493297307916227, 41.293429094216314 ], [ 1.49293912607588, 41.293424406653862 ], [ 1.492945342003581, 41.293154266519963 ] ], [ [ 1.502437101332519, 41.301114531157019 ], [ 1.502795326866736, 41.301119189828903 ], [ 1.502789149785689, 41.301389330807311 ], [ 1.502430922833935, 41.301384672092205 ], [ 1.502437101332519, 41.301114531157019 ] ], [ [ 1.491210969034182, 41.321774963172956 ], [ 1.491569305837245, 41.321779658734116 ], [ 1.491563077909993, 41.322049797348591 ], [ 1.491204739686865, 41.322045101788866 ], [ 1.491210969034182, 41.321774963172956 ] ], [ [ 1.496193778215363, 41.292115851547976 ], [ 1.496910128797535, 41.292125205020376 ], [ 1.496903929390859, 41.292395345694082 ], [ 1.496187575915262, 41.292385992134072 ], [ 1.496193778215363, 41.292115851547976 ] ], [ [ 1.495597969567028, 41.318049287094098 ], [ 1.495591759150514, 41.318319426385479 ], [ 1.495950077689599, 41.318324107944328 ], [ 1.495931450308272, 41.319134525869394 ], [ 1.494498158858721, 41.319115792367192 ], [ 1.494491943668067, 41.319385931471842 ], [ 1.494133619553427, 41.31938124527592 ], [ 1.494139836223669, 41.319111106170517 ], [ 1.493064868764986, 41.319097040979663 ], [ 1.493058647660104, 41.319367179907154 ], [ 1.492342000133674, 41.319357797479292 ], [ 1.49234822425644, 41.319087658596217 ], [ 1.491273258069383, 41.319073576680125 ], [ 1.491285714869844, 41.318533299228811 ], [ 1.493793949773399, 41.318566140831997 ], [ 1.493806385475951, 41.318025862705362 ], [ 1.494523018895049, 41.318035235770246 ], [ 1.494529233662345, 41.317765096598151 ], [ 1.494887548989547, 41.317769781458487 ], [ 1.494899975374021, 41.317229502941075 ], [ 1.494541663002636, 41.317224818214271 ], [ 1.494535448404685, 41.317494957413338 ], [ 1.493460507304678, 41.317480896364636 ], [ 1.493448068924355, 41.318021174455836 ], [ 1.492014803502608, 41.318002410442254 ], [ 1.492008578301313, 41.318272549290739 ], [ 1.491291943112945, 41.318263160482523 ], [ 1.491298171330906, 41.31799302172351 ], [ 1.49058153943887, 41.317983628544127 ], [ 1.490587770528878, 41.317713489860374 ], [ 1.490229456159297, 41.317708791619694 ], [ 1.490248153295497, 41.316898375619878 ], [ 1.491681393365099, 41.316917161267945 ], [ 1.491675166964922, 41.317187300125269 ], [ 1.492750102358485, 41.317201377765279 ], [ 1.492756324263762, 41.316931238774188 ], [ 1.493114634733214, 41.316935929031374 ], [ 1.493120855135084, 41.316665789983247 ], [ 1.493837473370409, 41.316675167109302 ], [ 1.493843690730809, 41.316405027959092 ], [ 1.494201998497707, 41.316409714782935 ], [ 1.494195782615665, 41.31667985397744 ], [ 1.494554092004277, 41.316684539776453 ], [ 1.494547877515933, 41.316954679001711 ], [ 1.495622810507457, 41.316968729750322 ], [ 1.49561660042937, 41.31723886909564 ], [ 1.495258287829004, 41.317234186597958 ], [ 1.495239652592075, 41.318044604419448 ], [ 1.495597969567028, 41.318049287094098 ] ] ], [ [ [ 1.523559144637491, 41.317870813533098 ], [ 1.523917465278442, 41.317875407990279 ], [ 1.523941838351678, 41.316794836737301 ], [ 1.523583523625735, 41.316790242408715 ], [ 1.523595712561428, 41.316249956787537 ], [ 1.52323740087539, 41.316245361430809 ], [ 1.523231304970632, 41.316515504204709 ], [ 1.522872991828468, 41.316510907733871 ], [ 1.522866894362216, 41.316781050450892 ], [ 1.522508579825706, 41.316776452776637 ], [ 1.522502480797917, 41.317046595436764 ], [ 1.522860796753168, 41.317051193153695 ], [ 1.522842503547019, 41.317861621182864 ], [ 1.522484183155238, 41.31785702338064 ], [ 1.522471984292068, 41.31839730857898 ], [ 1.523188631131646, 41.318406503287932 ], [ 1.523194727617782, 41.31813636060825 ], [ 1.52355304971295, 41.318140956269652 ], [ 1.523559144637491, 41.317870813533098 ] ] ], [ [ [ 1.503752806080005, 41.321938643484458 ], [ 1.504111145840801, 41.321943300016045 ], [ 1.504117321867027, 41.321673159841303 ], [ 1.502683969362427, 41.321654527246736 ], [ 1.502677787420064, 41.321924667290432 ], [ 1.501961108716001, 41.321915344191751 ], [ 1.501954923732859, 41.322185484088891 ], [ 1.503746628490847, 41.32220878360171 ], [ 1.503752806080005, 41.321938643484458 ] ] ], [ [ [ 1.509832287869814, 41.322557934297315 ], [ 1.509473943866164, 41.322553295566266 ], [ 1.509455481207428, 41.323363717903042 ], [ 1.510172178230539, 41.32337299455866 ], [ 1.510184480818075, 41.322832712838746 ], [ 1.509826135252764, 41.322828075134048 ], [ 1.509832287869814, 41.322557934297315 ] ] ], [ [ [ 1.498608117900142, 41.296200681370678 ], [ 1.498966315861068, 41.296205351505023 ], [ 1.498972507589009, 41.295935210755196 ], [ 1.498256114646542, 41.295925869414845 ], [ 1.498243725258584, 41.296466150725244 ], [ 1.498601924670696, 41.296470822063654 ], [ 1.498608117900142, 41.296200681370678 ] ] ], [ [ [ 1.509430863254773, 41.324444280831401 ], [ 1.509789217609839, 41.324448919914239 ], [ 1.509795370789593, 41.324178779159119 ], [ 1.50943701785378, 41.324174140119332 ], [ 1.509430863254773, 41.324444280831401 ] ] ], [ [ [ 1.502288793533032, 41.307597910052841 ], [ 1.502282613014127, 41.307868050664503 ], [ 1.502640875424717, 41.30787271048117 ], [ 1.502647054465897, 41.307602569825484 ], [ 1.502288793533032, 41.307597910052841 ] ] ] ] } },
{ "type": "Feature", "properties": { "GRID_CODE": 2, "CODI_FINAL": "4395051", "MUNICIPI": "Vendrell", "DATA_INCEN": "13/04/95" }, "geometry": { "type": "MultiPolygon", "coordinates": [ [ [ [ 1.476316830734463, 41.207004467137402 ], [ 1.476310565153961, 41.207274609246895 ], [ 1.476668274031159, 41.207279340497024 ], [ 1.476662009895179, 41.207549482638527 ], [ 1.476304299547788, 41.207544751343683 ], [ 1.476298033795659, 41.207814893471202 ], [ 1.476655745614315, 41.207819624765762 ], [ 1.476643216855345, 41.208359909025503 ], [ 1.477716361702993, 41.208374096559247 ], [ 1.477722621683988, 41.20810395432413 ], [ 1.478438049027905, 41.208113407051684 ], [ 1.478431791987435, 41.208383549376158 ], [ 1.47878950725692, 41.208388274141107 ], [ 1.478795762887774, 41.20811813172773 ], [ 1.480226618938032, 41.208137019412099 ], [ 1.480232868601683, 41.207866876851725 ], [ 1.480590581357247, 41.207871595929007 ], [ 1.480603077430275, 41.207331310632732 ], [ 1.480245367615166, 41.20732659164468 ], [ 1.480251616963969, 41.207056449043023 ], [ 1.480609325308892, 41.207061167986488 ], [ 1.480603077430275, 41.207331310632732 ], [ 1.481318497314594, 41.207340745321972 ], [ 1.481324742312424, 41.207070602587336 ], [ 1.482040159596383, 41.207080032744848 ], [ 1.482052643397748, 41.206539747010964 ], [ 1.481694937653103, 41.206535032599177 ], [ 1.481701180867187, 41.206264889733667 ], [ 1.48205888520028, 41.206269604146712 ], [ 1.482052643397748, 41.206539747010964 ], [ 1.48241034922633, 41.206544460357186 ], [ 1.482416589559749, 41.206274317403327 ], [ 1.482774294003122, 41.206279029594377 ], [ 1.482786771414242, 41.205738743601373 ], [ 1.48350217467633, 41.205748164428499 ], [ 1.483508410344655, 41.205478021300593 ], [ 1.484939212006889, 41.205496849449837 ], [ 1.484932982278547, 41.205766992756523 ], [ 1.48743689880238, 41.205799899549675 ], [ 1.487443118240044, 41.205529755931941 ], [ 1.489231625248682, 41.205553227283303 ], [ 1.489225413162596, 41.205823371077869 ], [ 1.489583116276893, 41.205828062033547 ], [ 1.489589326892881, 41.205557918194621 ], [ 1.489947028620575, 41.205562608040388 ], [ 1.48994081947471, 41.205832751923651 ], [ 1.491371633113046, 41.205851500287984 ], [ 1.491377836439107, 41.205581356183281 ], [ 1.491735538589221, 41.205586040476092 ], [ 1.491741740360743, 41.205315896313593 ], [ 1.49209944112517, 41.205320579451552 ], [ 1.492111841414171, 41.20478029104185 ], [ 1.492827237316954, 41.204789653763953 ], [ 1.492833434424062, 41.204519509473293 ], [ 1.493548827725234, 41.204528867619644 ], [ 1.493561215746718, 41.203988578820159 ], [ 1.493918909583751, 41.203993256139086 ], [ 1.49392510202784, 41.203723111675281 ], [ 1.493567409602207, 41.203718434354776 ], [ 1.493573603431968, 41.203448289921724 ], [ 1.49393129432905, 41.203452967152224 ], [ 1.49392510202784, 41.203723111675281 ], [ 1.49428279447918, 41.203727787839462 ], [ 1.49430755741571, 41.202647209581087 ], [ 1.494665244070547, 41.202651884503005 ], [ 1.494671433094824, 41.202381739837605 ], [ 1.494313747908854, 41.202377065004903 ], [ 1.494319938377338, 41.202106920416036 ], [ 1.493962254746533, 41.202102244472037 ], [ 1.493956062807138, 41.202372389061757 ], [ 1.493598377790753, 41.20236771196307 ], [ 1.493592184357847, 41.202637856450842 ], [ 1.492519125343263, 41.202623818448579 ], [ 1.492512927415296, 41.202893962835191 ], [ 1.49179755220139, 41.202884598510828 ], [ 1.491791351250258, 41.203154742750399 ], [ 1.49036059601544, 41.203136000599443 ], [ 1.490366802905853, 41.202865856537812 ], [ 1.490009115793664, 41.202861168245832 ], [ 1.489996699047086, 41.203401456312754 ], [ 1.489281319135906, 41.203392076264251 ], [ 1.48927510772524, 41.203662220211726 ], [ 1.488917416456839, 41.203657528455238 ], [ 1.488923629336429, 41.203387384597129 ], [ 1.489281319135906, 41.203392076264251 ], [ 1.489299952977777, 41.202581644432513 ], [ 1.490015324009863, 41.20259102421425 ], [ 1.490021532201173, 41.20232088016995 ], [ 1.489663848113254, 41.202316190856131 ], [ 1.489670057630292, 41.202046046841915 ], [ 1.490743105799683, 41.20206011122977 ], [ 1.49074931082271, 41.201789967069089 ], [ 1.490033948271703, 41.201780591995153 ], [ 1.490040156150916, 41.201510447864599 ], [ 1.489682476471458, 41.201505758728779 ], [ 1.489676267123468, 41.201775902769988 ], [ 1.489318585999094, 41.201771212478619 ], [ 1.48931237509675, 41.202041356461983 ], [ 1.488954692646718, 41.202036665016607 ], [ 1.488960905019925, 41.201766521032567 ], [ 1.488603224124285, 41.2017618285211 ], [ 1.488597010282275, 41.202031972415753 ], [ 1.487881645746532, 41.202022583926968 ], [ 1.487887862587799, 41.201752440121822 ], [ 1.487530181945968, 41.201747744279047 ], [ 1.487536400113836, 41.201477600458993 ], [ 1.48717872102645, 41.20147290355019 ], [ 1.487166281607856, 41.202013191042163 ], [ 1.486808599666548, 41.202008492889064 ], [ 1.486796156969594, 41.202548780238281 ], [ 1.48751152681733, 41.202558175566622 ], [ 1.487505308311919, 41.202828319287683 ], [ 1.487862994832128, 41.20283301535305 ], [ 1.487869211868692, 41.202562871542568 ], [ 1.488584582283868, 41.202572260208875 ], [ 1.488578368127458, 41.202842404107322 ], [ 1.488220681438001, 41.202837710262912 ], [ 1.488214465727096, 41.2031078541035 ], [ 1.488572153947102, 41.203112547948038 ], [ 1.488565939622549, 41.203382691774493 ], [ 1.487492870986485, 41.203368606733605 ], [ 1.487486652167506, 41.203638750413418 ], [ 1.487128961321143, 41.203634053149379 ], [ 1.487122740947549, 41.203904196771312 ], [ 1.486765048715886, 41.203899498352364 ], [ 1.486758826847257, 41.204169641917183 ], [ 1.486043439639505, 41.204160241613032 ], [ 1.48604966450771, 41.203890098137869 ], [ 1.486407356568928, 41.20389479882288 ], [ 1.486419803052662, 41.203354511697398 ], [ 1.487135181550445, 41.203363909513179 ], [ 1.487141401755732, 41.203093765819247 ], [ 1.486783713933903, 41.20308906753354 ], [ 1.486796156969594, 41.202548780238281 ], [ 1.486438472173271, 41.202544080885907 ], [ 1.486444695003618, 41.202273937284581 ], [ 1.486087011760823, 41.202269236911178 ], [ 1.48606833854536, 41.203079667585612 ], [ 1.485352963436129, 41.203070263194945 ], [ 1.485346735941896, 41.203340406622459 ], [ 1.4849890470738, 41.203335702739864 ], [ 1.484982817965255, 41.203605846108637 ], [ 1.48319436748983, 41.203582309724801 ], [ 1.483188131006359, 41.203852452858385 ], [ 1.483903513857824, 41.203861870841159 ], [ 1.483897280228357, 41.204132014095315 ], [ 1.483181894377336, 41.204122596022728 ], [ 1.483188131006359, 41.203852452858385 ], [ 1.482472748433798, 41.20384303047782 ], [ 1.482466508925502, 41.204113173508844 ], [ 1.481751123813409, 41.204103746552867 ], [ 1.481744881219553, 41.204373889525542 ], [ 1.48210257520362, 41.204378603580835 ], [ 1.482096334055449, 41.204648746540329 ], [ 1.482454029593435, 41.204653459574665 ], [ 1.482441549921627, 41.205193745586541 ], [ 1.482799248485661, 41.205198457554395 ], [ 1.482793009963123, 41.205468600561723 ], [ 1.482077609979856, 41.205459175426356 ], [ 1.482083851443575, 41.205189032463096 ], [ 1.48172615304943, 41.205184318274107 ], [ 1.481707424054876, 41.205994746900458 ], [ 1.48134972133651, 41.205990031422175 ], [ 1.481368454681698, 41.205179602928759 ], [ 1.480653058319442, 41.205170168952968 ], [ 1.480659305577309, 41.204900026199546 ], [ 1.481017002246415, 41.204904743675613 ], [ 1.481029493507398, 41.204364458038334 ], [ 1.480671799779361, 41.204359740606421 ], [ 1.48066555269053, 41.204629883431842 ], [ 1.480307857577521, 41.204625164844792 ], [ 1.480314106075701, 41.20435502210821 ], [ 1.479956412517746, 41.204350302455239 ], [ 1.47995016254854, 41.204620445192241 ], [ 1.479592467605678, 41.204615724384126 ], [ 1.479598719043836, 41.204345581736767 ], [ 1.479241025656066, 41.204340859862739 ], [ 1.47924727853872, 41.204070717247312 ], [ 1.478531894897816, 41.204061270301217 ], [ 1.478506871213628, 41.205141840416388 ], [ 1.478149173671238, 41.205137115076781 ], [ 1.478136658378065, 41.20567739996406 ], [ 1.478494358861628, 41.205682125347955 ], [ 1.478463076518954, 41.207032837531173 ], [ 1.477747660876131, 41.207023385205247 ], [ 1.47775392049173, 41.206753242858404 ], [ 1.478111626769526, 41.206757969576628 ], [ 1.47811788477016, 41.206487827170804 ], [ 1.477760179961457, 41.2064831005423 ], [ 1.477766439406652, 41.206212958168464 ], [ 1.476335626846052, 41.206194040681332 ], [ 1.476329361581034, 41.206464182832107 ], [ 1.475971657140001, 41.206459450604747 ], [ 1.4759653903185, 41.20672959274232 ], [ 1.475607684552254, 41.206724859360406 ], [ 1.475595147654433, 41.207265143459743 ], [ 1.475952856361019, 41.207269876931171 ], [ 1.475959123353126, 41.206999734820585 ], [ 1.476316830734463, 41.207004467137402 ], [ 1.47632309617111, 41.206734324968593 ], [ 1.476680802107953, 41.206739056129301 ], [ 1.476687066048779, 41.206468913903045 ], [ 1.477044770600758, 41.206473643908417 ], [ 1.477038508131119, 41.206743786134332 ], [ 1.476680802107953, 41.206739056129301 ], [ 1.476674538142523, 41.207009198297797 ], [ 1.476316830734463, 41.207004467137402 ] ], [ [ 1.478808273832308, 41.207577846949775 ], [ 1.479165984777237, 41.20758257042506 ], [ 1.479159730787967, 41.207852712865055 ], [ 1.478802018372806, 41.207847989345119 ], [ 1.478808273832308, 41.207577846949775 ] ], [ [ 1.492124241365569, 41.204240002578238 ], [ 1.492481936334194, 41.204244684428573 ], [ 1.49247573784142, 41.204514828688474 ], [ 1.492118041401742, 41.204510146838906 ], [ 1.492124241365569, 41.204240002578238 ] ], [ [ 1.488202034113144, 41.203648141654973 ], [ 1.488559725212368, 41.203652835632482 ], [ 1.48855351077825, 41.203922979432747 ], [ 1.488195818208012, 41.203918285455885 ], [ 1.488202034113144, 41.203648141654973 ] ], [ [ 1.490705873646206, 41.203680976042477 ], [ 1.490699668031912, 41.203951120108741 ], [ 1.491057361193874, 41.203955806311932 ], [ 1.491051156904448, 41.204225950453242 ], [ 1.490693462273525, 41.204221264160743 ], [ 1.490699668031912, 41.203951120108741 ], [ 1.490341974954412, 41.203946432795036 ], [ 1.490348182039727, 41.203676288728055 ], [ 1.490705873646206, 41.203680976042477 ] ], [ [ 1.486388686238288, 41.204705229387827 ], [ 1.487104079435873, 41.204714627647803 ], [ 1.487116520547853, 41.204174340425567 ], [ 1.487831908204097, 41.20418373406573 ], [ 1.487825690660779, 41.204453877750268 ], [ 1.487467995260194, 41.204449181462792 ], [ 1.487461776162205, 41.204719325089442 ], [ 1.487104079435873, 41.204714627647803 ], [ 1.487097858723576, 41.204984771215777 ], [ 1.48674016061187, 41.204980072619172 ], [ 1.486733938404453, 41.205250216130032 ], [ 1.486376238847777, 41.205245516377659 ], [ 1.486388686238288, 41.204705229387827 ] ] ], [ [ [ 1.481368454681698, 41.205179602928759 ], [ 1.48172615304943, 41.205184318274107 ], [ 1.48173863860138, 41.204644032440477 ], [ 1.48138094317371, 41.204639317184274 ], [ 1.481368454681698, 41.205179602928759 ] ] ], [ [ [ 1.494677622093439, 41.202111595204542 ], [ 1.494671433094824, 41.202381739837605 ], [ 1.495029118423626, 41.202386413605616 ], [ 1.495035305893796, 41.202116268882591 ], [ 1.494677622093439, 41.202111595204542 ] ] ] ] } },
{ "type": "Feature", "properties": { "GRID_CODE": 2, "CODI_FINAL": "4395091", "MUNICIPI": "Tarragona", "DATA_INCEN": "09/07/95" }, "geometry": { "type": "MultiPolygon", "coordinates": [ [ [ [ 1.32922851144063, 41.15173073791393 ], [ 1.329207939738743, 41.152541113922517 ], [ 1.329565325367313, 41.152546296457807 ], [ 1.329558469373157, 41.152816421800125 ], [ 1.32920108233842, 41.15281123921671 ], [ 1.32919422484364, 41.153081364542231 ], [ 1.329551613345286, 41.153086547129647 ], [ 1.329544757222976, 41.153356672490524 ], [ 1.330974318082579, 41.153377392044057 ], [ 1.330981168340623, 41.153107266532309 ], [ 1.333125503662021, 41.153138312275544 ], [ 1.333132345032266, 41.152868186456615 ], [ 1.333847121305564, 41.152878526088926 ], [ 1.333894987892776, 41.150987644201841 ], [ 1.334252365939491, 41.150992811991479 ], [ 1.33425920216827, 41.150722685916769 ], [ 1.333901825588309, 41.150717518130982 ], [ 1.333908663249234, 41.150447392092374 ], [ 1.333193913356898, 41.150437053384842 ], [ 1.333187072824343, 41.150707179326567 ], [ 1.332829696523539, 41.150702008216193 ], [ 1.332822854431172, 41.150972134140417 ], [ 1.332465476757852, 41.150966961872918 ], [ 1.332472320374253, 41.15069683604348 ], [ 1.332114944258512, 41.15069166276173 ], [ 1.33210809923606, 41.150961788543121 ], [ 1.331393344473059, 41.150951438513857 ], [ 1.331400192426709, 41.150681312830329 ], [ 1.331042816651132, 41.15067613617984 ], [ 1.331049665977192, 41.15040601053159 ], [ 1.332479163837975, 41.15042671019954 ], [ 1.332486007208598, 41.15015658434195 ], [ 1.333558127260226, 41.150172097288866 ], [ 1.333564966142218, 41.149901971225951 ], [ 1.334279710357253, 41.149912307566673 ], [ 1.334293381978872, 41.149372055249465 ], [ 1.334650751324066, 41.14937722168284 ], [ 1.334664419642693, 41.148836969213356 ], [ 1.335021786151036, 41.148842134395885 ], [ 1.335028618704842, 41.148572008114364 ], [ 1.33538598383955, 41.14857717218495 ], [ 1.335392814836106, 41.148307045795939 ], [ 1.335035451165687, 41.148301881819179 ], [ 1.335042283593147, 41.148031755511234 ], [ 1.335399645738572, 41.148036919438297 ], [ 1.335392814836106, 41.148307045795939 ], [ 1.336107542395018, 41.148317370469272 ], [ 1.336114370366641, 41.148047244014023 ], [ 1.336471732850385, 41.148052404617637 ], [ 1.336485385585299, 41.147512151523607 ], [ 1.337200104909128, 41.147522469255605 ], [ 1.337206928205964, 41.1472523426131 ], [ 1.337564286572119, 41.147257499746161 ], [ 1.337571108310784, 41.146987373041235 ], [ 1.33792846524484, 41.146992529016593 ], [ 1.337914824604289, 41.147532782555302 ], [ 1.337557464681087, 41.147527626436563 ], [ 1.337550642755665, 41.147797753159224 ], [ 1.338622727082971, 41.147813218245659 ], [ 1.338629544671782, 41.147543091377628 ], [ 1.338986904813749, 41.147548244171261 ], [ 1.338993720784867, 41.147278117240049 ], [ 1.339351079613769, 41.147283268877743 ], [ 1.339357894025661, 41.1470131419292 ], [ 1.339715251483046, 41.147018292365097 ], [ 1.339722064336887, 41.146748165354218 ], [ 1.339364708405537, 41.146743014922848 ], [ 1.339371522632002, 41.14647288794702 ], [ 1.342230361138889, 41.146514059760626 ], [ 1.342237163610923, 41.146243932337747 ], [ 1.342594517352617, 41.146249073807418 ], [ 1.34260131820725, 41.145978946321435 ], [ 1.343316023098332, 41.145989225795319 ], [ 1.343322820928761, 41.145719098243532 ], [ 1.343680172078113, 41.14572423624778 ], [ 1.343686968350813, 41.145454108633778 ], [ 1.343329618726264, 41.14544897067897 ], [ 1.343343213925836, 41.144908715462194 ], [ 1.342628520816244, 41.144898436377893 ], [ 1.342614919696237, 41.145438691399448 ], [ 1.341900221036302, 41.145428407687881 ], [ 1.341913828016059, 41.144888152905807 ], [ 1.341556481726154, 41.144883009462333 ], [ 1.341542871874391, 41.145423264193042 ], [ 1.340828173769921, 41.145412973833437 ], [ 1.340834981671969, 41.145142846594702 ], [ 1.34012028686843, 41.145132551900403 ], [ 1.340127097667829, 41.144862424746236 ], [ 1.339055060522799, 41.144846974562988 ], [ 1.339061875625058, 41.144576847541252 ], [ 1.338347187609201, 41.144566541961922 ], [ 1.338354005489488, 41.144296415023113 ], [ 1.337639320774964, 41.144286105109373 ], [ 1.337646141492766, 41.144015978254409 ], [ 1.337288800770165, 41.14401082166227 ], [ 1.337295622860279, 41.143740694842435 ], [ 1.336580944563076, 41.143730378476029 ], [ 1.336587769550097, 41.143460251740933 ], [ 1.336230431975511, 41.143455091966715 ], [ 1.336237258335881, 41.143184965221735 ], [ 1.335522586455036, 41.143174642447967 ], [ 1.335543073647673, 41.142364262512309 ], [ 1.335185742213032, 41.142359099564558 ], [ 1.335192572595729, 41.142088972956465 ], [ 1.334120583301659, 41.142073477703313 ], [ 1.334147921364376, 41.140992971673732 ], [ 1.331646657384815, 41.140956778648103 ], [ 1.331639812784436, 41.141226904822943 ], [ 1.329853191192857, 41.14120101918995 ], [ 1.329846339115287, 41.14147114510552 ], [ 1.329131688225326, 41.141460782990933 ], [ 1.329124833184246, 41.141730908795765 ], [ 1.328767506354104, 41.141725726049351 ], [ 1.328733222364177, 41.143076354667883 ], [ 1.328375888362008, 41.143071170569449 ], [ 1.328348453558899, 41.144151673030478 ], [ 1.327276434533889, 41.144136113409317 ], [ 1.327269571175004, 41.144406238831642 ], [ 1.327984253420675, 41.144416613149311 ], [ 1.327963671693762, 41.145226989630395 ], [ 1.328321017322288, 41.145232175273968 ], [ 1.328327876506241, 41.144962049744606 ], [ 1.328685220823622, 41.144967234187021 ], [ 1.328671505232054, 41.145507485374274 ], [ 1.328314158045012, 41.145502300789673 ], [ 1.328307298613698, 41.145772426335881 ], [ 1.328664647326668, 41.14577761092535 ], [ 1.328657789268404, 41.146047736461917 ], [ 1.328300439149774, 41.146042551824287 ], [ 1.328293579592524, 41.146312677299029 ], [ 1.328650931175263, 41.146317862030699 ], [ 1.328623497813462, 41.14739836403345 ], [ 1.328980855351866, 41.147403547808103 ], [ 1.328973998257524, 41.147673673357644 ], [ 1.329331357354577, 41.147678856073256 ], [ 1.329324501632315, 41.147948981658153 ], [ 1.32968186228802, 41.147954163314665 ], [ 1.329675007879456, 41.148224288889026 ], [ 1.330747094859518, 41.148239827447867 ], [ 1.330740244813516, 41.148509953156349 ], [ 1.33109760877181, 41.148515130523442 ], [ 1.33109076009805, 41.148785256267224 ], [ 1.330376029283063, 41.14877490037118 ], [ 1.330382880947269, 41.148504774726177 ], [ 1.330025517115832, 41.148499595142006 ], [ 1.330018664045751, 41.148769720738905 ], [ 1.329303933849717, 41.148759358195008 ], [ 1.329297077694775, 41.149029483724455 ], [ 1.329654444271748, 41.149034665577787 ], [ 1.329647589490141, 41.149304791097556 ], [ 1.329290221507258, 41.149299609196092 ], [ 1.329255939109651, 41.150650236393638 ], [ 1.32961331441907, 41.150655418585082 ], [ 1.329606459077856, 41.150925544022961 ], [ 1.329963836005708, 41.150930725156066 ], [ 1.329956982036837, 41.151200850629245 ], [ 1.329599603702935, 41.151195669448029 ], [ 1.329585892672115, 41.151735920302215 ], [ 1.32922851144063, 41.15173073791393 ] ] ], [ [ [ 1.309642062765288, 41.14874277394177 ], [ 1.311071508817793, 41.14876373857679 ], [ 1.311064577832224, 41.149033861580129 ], [ 1.312136667773466, 41.149049573547764 ], [ 1.312143594302117, 41.148779450440045 ], [ 1.312858318489501, 41.148789919460988 ], [ 1.312851394891674, 41.149060042667685 ], [ 1.313208758561724, 41.149065275587574 ], [ 1.313201836335126, 41.149335398830083 ], [ 1.313559201564787, 41.149340630691327 ], [ 1.313566122325966, 41.149070507399358 ], [ 1.314280850197606, 41.149080967654491 ], [ 1.314287767934944, 41.148810844204931 ], [ 1.313215680694154, 41.148795152331402 ], [ 1.313229524737174, 41.148254905733893 ], [ 1.312872165462136, 41.148249673007449 ], [ 1.312879088778526, 41.147979549714726 ], [ 1.313236446587061, 41.147984782436723 ], [ 1.313243368402347, 41.147714659126748 ], [ 1.314315437999242, 41.147730350405986 ], [ 1.314322355324408, 41.147460226934015 ], [ 1.314679710578872, 41.147465455124916 ], [ 1.314672794719021, 41.147735578646341 ], [ 1.315030151593609, 41.147740805734472 ], [ 1.315023237103848, 41.148010929336664 ], [ 1.314665878824639, 41.148005702154961 ], [ 1.314652046692863, 41.148545949175364 ], [ 1.315366769267551, 41.148556402584219 ], [ 1.315359856021663, 41.148826526150685 ], [ 1.316074581843819, 41.14883697522513 ], [ 1.31608840243953, 41.148296727881828 ], [ 1.315731042412783, 41.148291503974924 ], [ 1.315737954005198, 41.148021380331741 ], [ 1.315380595537848, 41.148016155366165 ], [ 1.31539442137122, 41.147475908137586 ], [ 1.315751776909053, 41.147481132959349 ], [ 1.315758688278918, 41.147211009276027 ], [ 1.316116042444341, 41.147216232985386 ], [ 1.316109132599328, 41.147486356718957 ], [ 1.316823844143934, 41.147496800867309 ], [ 1.316816937135566, 41.147766924685946 ], [ 1.317174294513582, 41.147772145169924 ], [ 1.317201916182769, 41.146691649571778 ], [ 1.318988675238801, 41.146717734250103 ], [ 1.31898177730281, 41.146987858450743 ], [ 1.319339130849459, 41.14699307209348 ], [ 1.319359820037397, 41.146182699393641 ], [ 1.319717169340521, 41.146187911826381 ], [ 1.319730958693616, 41.145647663177364 ], [ 1.319373612379305, 41.145642450889063 ], [ 1.319380508380904, 41.145372326570843 ], [ 1.31830847439768, 41.145356683160969 ], [ 1.31830157394216, 41.145626807285424 ], [ 1.317229536409499, 41.145611153710874 ], [ 1.31722263146338, 41.145881277718658 ], [ 1.316150590380658, 41.145865614024281 ], [ 1.316143680946133, 41.146135737825304 ], [ 1.315428984430181, 41.146125289738698 ], [ 1.315422072029619, 41.146395413473179 ], [ 1.315779421706374, 41.146400638097347 ], [ 1.315772510618596, 41.146670761821667 ], [ 1.313271054544209, 41.146634165702544 ], [ 1.313264133105617, 41.146904289067201 ], [ 1.312549429303965, 41.14689382295596 ], [ 1.31254250490023, 41.147163946208856 ], [ 1.311827798485317, 41.147153475565737 ], [ 1.311820871056801, 41.147423598705963 ], [ 1.311106162088322, 41.147413123531699 ], [ 1.31109923163495, 41.147683246559225 ], [ 1.310741875856035, 41.14767800728346 ], [ 1.310734943843049, 41.147948130247798 ], [ 1.310377586633576, 41.147942889813571 ], [ 1.310370653060938, 41.14821301271467 ], [ 1.310728011676188, 41.14821825319757 ], [ 1.310721079473418, 41.148488376179579 ], [ 1.310363719393955, 41.148483135602113 ], [ 1.310370653060938, 41.14821301271467 ], [ 1.310013294541169, 41.14820777107871 ], [ 1.310006359348119, 41.148477893960745 ], [ 1.309648999457361, 41.148472651167133 ], [ 1.309642062765288, 41.14874277394177 ] ] ], [ [ [ 1.306762329318718, 41.149511158579266 ], [ 1.306769278018507, 41.14924103619753 ], [ 1.307484005235281, 41.149251538704469 ], [ 1.307490950909719, 41.148981416209807 ], [ 1.307848313164683, 41.148986665751053 ], [ 1.307855257337642, 41.148716543238955 ], [ 1.308569979201357, 41.148727038852968 ], [ 1.308576920290694, 41.148456916182063 ], [ 1.309291639660968, 41.148467407265471 ], [ 1.30929857772402, 41.148197284526717 ], [ 1.308226503235498, 41.148181546411266 ], [ 1.308219560776405, 41.148451669001204 ], [ 1.307147482743093, 41.148435920719344 ], [ 1.30715442965779, 41.148165798279159 ], [ 1.306439714351905, 41.148155293998286 ], [ 1.306432764566084, 41.148425416340054 ], [ 1.305718046707736, 41.148414907527624 ], [ 1.305724999483811, 41.1481447852861 ], [ 1.305367642132651, 41.148139529244538 ], [ 1.30537459627945, 41.147869407039032 ], [ 1.305017240547784, 41.147864149939998 ], [ 1.30501028493452, 41.14813427214083 ], [ 1.304652927832181, 41.148129013884045 ], [ 1.30464597071966, 41.148399135977336 ], [ 1.304288612185919, 41.148393876606924 ], [ 1.304295570823326, 41.148123754564246 ], [ 1.303223500307664, 41.14810796986562 ], [ 1.303195647783166, 41.149188457405025 ], [ 1.302480922836603, 41.149177928348948 ], [ 1.302487889025422, 41.148907806595204 ], [ 1.302130528190045, 41.148902540432744 ], [ 1.302137495809015, 41.14863241871597 ], [ 1.301422777292665, 41.148621883210609 ], [ 1.301408836158002, 41.149162126432131 ], [ 1.300694112219082, 41.149151586296092 ], [ 1.30070108573482, 41.14888146479138 ], [ 1.29927164479762, 41.148860371420923 ], [ 1.299264665420393, 41.149130492726215 ], [ 1.298907303973542, 41.149125216541265 ], [ 1.298886360815134, 41.149935580269506 ], [ 1.299243726658217, 41.149940856604104 ], [ 1.299236746841583, 41.150210977853774 ], [ 1.303167793683276, 41.150268944724665 ], [ 1.303174757379852, 41.149998822926982 ], [ 1.304961593296588, 41.15002512689788 ], [ 1.304968549511597, 41.149755004836933 ], [ 1.305683281645535, 41.149765518578576 ], [ 1.305690234835029, 41.149495396404582 ], [ 1.306762329318718, 41.149511158579266 ] ], [ [ 1.301394894702374, 41.149702369644814 ], [ 1.301752259745512, 41.149707638127822 ], [ 1.301745290340292, 41.149977759785941 ], [ 1.30138792377332, 41.149972491207244 ], [ 1.301394894702374, 41.149702369644814 ] ], [ [ 1.303188684370818, 41.149458579243756 ], [ 1.30390341262717, 41.149469103967007 ], [ 1.303896452049779, 41.149739225936585 ], [ 1.303181720923293, 41.149728701069684 ], [ 1.303188684370818, 41.149458579243756 ] ] ], [ [ [ 1.34867632147621, 41.146066180461119 ], [ 1.350105737906044, 41.146086659630114 ], [ 1.350112507897167, 41.145816531112082 ], [ 1.349755155146011, 41.145811413053252 ], [ 1.349761926509174, 41.145541284615014 ], [ 1.349404575316554, 41.14553616545151 ], [ 1.349411348052848, 41.145266037048053 ], [ 1.348696648813891, 41.145255795537985 ], [ 1.348710199930507, 41.144715538884682 ], [ 1.347995506921184, 41.144705293136283 ], [ 1.348002285301383, 41.144435164886502 ], [ 1.346215561687905, 41.144409531390117 ], [ 1.346208776041316, 41.144679659398399 ], [ 1.345136738632801, 41.144664265869004 ], [ 1.345129948497152, 41.144934393763123 ], [ 1.34405790746492, 41.144918990115372 ], [ 1.344051112842366, 41.145189117805209 ], [ 1.344408461186591, 41.145194253495447 ], [ 1.344401667935695, 41.145464381265221 ], [ 1.344044318127378, 41.145459245481419 ], [ 1.344037523260383, 41.145729373143126 ], [ 1.344394874593517, 41.145734508976361 ], [ 1.344374493951709, 41.146544892072093 ], [ 1.346161273808759, 41.146570555163038 ], [ 1.346154487422432, 41.146840683107293 ], [ 1.346869202895216, 41.14685094066553 ], [ 1.346875986409285, 41.146580812670166 ], [ 1.347233342818774, 41.146585939738728 ], [ 1.347240124775223, 41.146315811681262 ], [ 1.347597479811668, 41.146320937593259 ], [ 1.347583918795597, 41.146861193837374 ], [ 1.347226560828486, 41.146856067828416 ], [ 1.347212996513772, 41.147396323876066 ], [ 1.346855635708181, 41.147391196662099 ], [ 1.346862419347275, 41.147121068693146 ], [ 1.346505060100497, 41.147115940374555 ], [ 1.346491489738515, 41.147656196246004 ], [ 1.346134127653264, 41.147651066722332 ], [ 1.346127340838031, 41.147921194611214 ], [ 1.347199431888395, 41.14793657991504 ], [ 1.347206214246658, 41.14766645192487 ], [ 1.347920939125032, 41.147676703126308 ], [ 1.347941276914524, 41.1468663187391 ], [ 1.348298635065004, 41.146871442576909 ], [ 1.348312190219701, 41.146331186139008 ], [ 1.348669545531698, 41.146336308771893 ], [ 1.34867632147621, 41.146066180461119 ] ] ], [ [ [ 1.320108984090202, 41.144842501202284 ], [ 1.320102091207679, 41.145112625601371 ], [ 1.321174122260843, 41.145128252289872 ], [ 1.321160344944769, 41.145668501386687 ], [ 1.322232385633628, 41.14568411835382 ], [ 1.322225501201415, 41.145954243006457 ], [ 1.322582849789201, 41.145959446525993 ], [ 1.322589732696645, 41.145689321823291 ], [ 1.324019121946819, 41.145710124532165 ], [ 1.323998490465617, 41.146520499233453 ], [ 1.325070546588323, 41.14653609005115 ], [ 1.325084292170751, 41.145995839998577 ], [ 1.326156340342396, 41.146011420594483 ], [ 1.326163208598829, 41.145741295355371 ], [ 1.326520556690844, 41.145746486636973 ], [ 1.326527423448189, 41.145476361336023 ], [ 1.326884770168412, 41.145481551460563 ], [ 1.326877904936978, 41.14575167676643 ], [ 1.327235253215812, 41.145756865832041 ], [ 1.327242116982051, 41.145486740477111 ], [ 1.327599463890205, 41.14549192834064 ], [ 1.327606326157422, 41.145221802923871 ], [ 1.326891635306455, 41.14521142614101 ], [ 1.326898500352229, 41.14494130076281 ], [ 1.326541156561212, 41.14493611078143 ], [ 1.326548023037146, 41.144665985484529 ], [ 1.326190680746278, 41.144660794398384 ], [ 1.326211283890925, 41.143850418526249 ], [ 1.3254966084981, 41.143840033371426 ], [ 1.325489737966718, 41.144110158562881 ], [ 1.323345705122709, 41.144078976211873 ], [ 1.323338825707273, 41.144349101094861 ], [ 1.322981485781596, 41.144343900132249 ], [ 1.322974604747904, 41.144614024951544 ], [ 1.322617263450722, 41.144608822831813 ], [ 1.322624145950681, 41.144338698016696 ], [ 1.322266806152686, 41.14433349483734 ], [ 1.322273690024097, 41.144063370057765 ], [ 1.321916351784845, 41.144058165819686 ], [ 1.321909466509064, 41.144328290505925 ], [ 1.321194787501712, 41.144317878564287 ], [ 1.321187899142487, 41.144588003137549 ], [ 1.320830558313704, 41.144582795478129 ], [ 1.320823668455188, 41.144852919989361 ], [ 1.320108984090202, 41.144842501202284 ] ], [ [ 1.32153835313558, 41.144863334343782 ], [ 1.321895695615766, 41.144868539881578 ], [ 1.321888810058943, 41.145138664526833 ], [ 1.321531466113623, 41.145133458939817 ], [ 1.32153835313558, 41.144863334343782 ] ] ], [ [ [ 1.328871130360865, 41.151725554463304 ], [ 1.32922851144063, 41.15173073791393 ], [ 1.329242225461152, 41.151190487203593 ], [ 1.328884847313818, 41.151185303805946 ], [ 1.328898563832816, 41.150645053138163 ], [ 1.32854118870999, 41.15063986873033 ], [ 1.328602921797142, 41.148208740403199 ], [ 1.327888198149648, 41.14819836918965 ], [ 1.327895059886321, 41.147928243815343 ], [ 1.327537699637637, 41.147923056617543 ], [ 1.327530836496272, 41.148193181898655 ], [ 1.327173474936284, 41.148187993499576 ], [ 1.327194068535895, 41.147377617763297 ], [ 1.326479354427607, 41.147367237979424 ], [ 1.326458752095367, 41.148177613422192 ], [ 1.326816113468538, 41.148182804037454 ], [ 1.326802380984466, 41.148723054361632 ], [ 1.327159745381887, 41.148728243966929 ], [ 1.327152880494948, 41.148998369158029 ], [ 1.327510246451217, 41.149003557704269 ], [ 1.327441606917877, 41.151704809487534 ], [ 1.326726845787624, 41.151694430305696 ], [ 1.326719978406361, 41.151964555342595 ], [ 1.326362596456149, 41.151959364039392 ], [ 1.326341989297365, 41.152769738829981 ], [ 1.326699375644686, 41.152774930280422 ], [ 1.326685639983942, 41.153315180140396 ], [ 1.327043029296647, 41.153320370579848 ], [ 1.327049895738906, 41.153050245563037 ], [ 1.32847944806188, 41.153070995996707 ], [ 1.328500029117966, 41.152260620364103 ], [ 1.328857413095344, 41.152265805021877 ], [ 1.328871130360865, 41.151725554463304 ] ] ], [ [ [ 1.308837116344624, 41.152243878643908 ], [ 1.30919449656365, 41.152249124347918 ], [ 1.309215314495292, 41.151438756620777 ], [ 1.309572690471451, 41.15144400106869 ], [ 1.309565752681586, 41.151714123692066 ], [ 1.311352641069931, 41.151740329463088 ], [ 1.311359571531808, 41.151470206591952 ], [ 1.313146454950648, 41.15149638436548 ], [ 1.313153377930742, 41.151226261232331 ], [ 1.313510753478536, 41.151231493440712 ], [ 1.313517674900032, 41.150961370199397 ], [ 1.313875049016862, 41.150966601249266 ], [ 1.313881968877473, 41.15069647798984 ], [ 1.31459671452319, 41.150706936622015 ], [ 1.314589797593674, 41.150977059980328 ], [ 1.314947171992908, 41.150982287705666 ], [ 1.31496100282788, 41.150442040831543 ], [ 1.315318374449665, 41.150447267350742 ], [ 1.315325288261072, 41.150177143821253 ], [ 1.314967918163215, 41.150171917397365 ], [ 1.3149748333449, 41.149901793948636 ], [ 1.313902727955143, 41.149886108085447 ], [ 1.31390964749873, 41.149615984772225 ], [ 1.313552280649892, 41.149610753968751 ], [ 1.313545359700398, 41.149880877233386 ], [ 1.313187991538652, 41.149875645318225 ], [ 1.313181069029504, 41.150145768519735 ], [ 1.313538438655575, 41.150151000529377 ], [ 1.313524596226193, 41.150691246989432 ], [ 1.312809851204998, 41.150680781709148 ], [ 1.312802926888174, 41.150950904819283 ], [ 1.312088179312723, 41.150940435007378 ], [ 1.312081252030122, 41.151210558005758 ], [ 1.311009126917049, 41.151194844849705 ], [ 1.311016058596336, 41.150924721999893 ], [ 1.31065868523343, 41.150919482084674 ], [ 1.310651752088584, 41.151189604884941 ], [ 1.307792756734681, 41.151147645450898 ], [ 1.307785811711357, 41.151417767839938 ], [ 1.307428436265869, 41.151412517897008 ], [ 1.307421489742022, 41.151682640223612 ], [ 1.308136243657516, 41.151693139145578 ], [ 1.30812929997038, 41.151963261557754 ], [ 1.308844057194988, 41.151973756146148 ], [ 1.308837116344624, 41.152243878643908 ] ] ], [ [ [ 1.315325288261072, 41.150177143821253 ], [ 1.316397399176231, 41.150192816535025 ], [ 1.316390489702972, 41.150462940166783 ], [ 1.316747861700911, 41.150468162253375 ], [ 1.316754769649082, 41.150198038571368 ], [ 1.318184252542049, 41.150218915546077 ], [ 1.318191154534207, 41.14994879165301 ], [ 1.317119046665327, 41.149933135710384 ], [ 1.317125952960041, 41.149663011951695 ], [ 1.316411217722763, 41.149652569183729 ], [ 1.316418126914005, 41.14938244551098 ], [ 1.316060760870889, 41.149377222558776 ], [ 1.316067671434723, 41.149107098876705 ], [ 1.315710307010623, 41.149101874866652 ], [ 1.315703394982502, 41.149371998454306 ], [ 1.315346029187015, 41.149366773286751 ], [ 1.315325288261072, 41.150177143821253 ] ] ], [ [ [ 1.324307709273298, 41.148416571419787 ], [ 1.324665071550939, 41.148421768732689 ], [ 1.324685696204897, 41.147611394023329 ], [ 1.324328338323383, 41.147606196857822 ], [ 1.324321462085993, 41.147876321755753 ], [ 1.323964102773116, 41.147871123432196 ], [ 1.323957224977954, 41.148141248222316 ], [ 1.323599864351695, 41.148136048787421 ], [ 1.323592984937989, 41.148406173513841 ], [ 1.323235622939937, 41.148400972921678 ], [ 1.323228742026795, 41.148671097586167 ], [ 1.322871378658087, 41.148665895791709 ], [ 1.322864496125185, 41.148936020437517 ], [ 1.322149766736717, 41.148925613470944 ], [ 1.322142881239991, 41.14919573796054 ], [ 1.323214979860077, 41.149211346873301 ], [ 1.323221861020023, 41.148941222236985 ], [ 1.323936590970278, 41.148951622554904 ], [ 1.323943469046176, 41.148681497805747 ], [ 1.324300832755247, 41.148686696276755 ], [ 1.324307709273298, 41.148416571419787 ] ] ], [ [ [ 1.306762329318718, 41.149511158579266 ], [ 1.306755380525548, 41.149781280902296 ], [ 1.307827480196886, 41.149797033252092 ], [ 1.307834424654444, 41.149526910735986 ], [ 1.308549155310611, 41.149537406647696 ], [ 1.308556096682109, 41.149267284062837 ], [ 1.308913460745415, 41.149272530330308 ], [ 1.308920400558228, 41.149002407637155 ], [ 1.308205675515273, 41.148991914139216 ], [ 1.30819873277165, 41.149262036733141 ], [ 1.307484005235281, 41.149251538704469 ], [ 1.307477059407935, 41.149521661139609 ], [ 1.306762329318718, 41.149511158579266 ] ] ], [ [ [ 1.318204958297521, 41.149408543781789 ], [ 1.318191154534207, 41.14994879165301 ], [ 1.318548524012436, 41.149954008054259 ], [ 1.318555424504761, 41.149683884099112 ], [ 1.319270160810732, 41.149694313523604 ], [ 1.319277058278228, 41.149424189456184 ], [ 1.3189196914848, 41.149418975323911 ], [ 1.318933489009598, 41.148878727245815 ], [ 1.318576125300471, 41.148873512104899 ], [ 1.31856232484365, 41.149413760129427 ], [ 1.318204958297521, 41.149408543781789 ] ] ], [ [ [ 1.310741875856035, 41.14767800728346 ], [ 1.310748807774718, 41.147407884305466 ], [ 1.311106162088322, 41.147413123531699 ], [ 1.311113092506966, 41.147143000491369 ], [ 1.310398386846222, 41.147132520984059 ], [ 1.310384520172599, 41.147672766854633 ], [ 1.310741875856035, 41.14767800728346 ] ] ], [ [ [ 1.322843848146751, 41.149746394160502 ], [ 1.322823199264795, 41.150556767804744 ], [ 1.323180572891929, 41.150561969943467 ], [ 1.323201217377285, 41.149751596151688 ], [ 1.322843848146751, 41.149746394160502 ] ] ], [ [ [ 1.319380508380904, 41.145372326570843 ], [ 1.320095198230215, 41.145382750031814 ], [ 1.320102091207679, 41.145112625601371 ], [ 1.319387404347082, 41.145102202284846 ], [ 1.319380508380904, 41.145372326570843 ] ] ], [ [ [ 1.308920400558228, 41.149002407637155 ], [ 1.309635125918129, 41.149012896746889 ], [ 1.309642062765288, 41.14874277394177 ], [ 1.308927340275455, 41.148732284975345 ], [ 1.308920400558228, 41.149002407637155 ] ] ], [ [ [ 1.310672551300867, 41.150379236398955 ], [ 1.310665618283947, 41.150649359270723 ], [ 1.311380362233721, 41.150659837849773 ], [ 1.311387292258869, 41.150389714923094 ], [ 1.310672551300867, 41.150379236398955 ] ] ], [ [ [ 1.3117515914054, 41.150124829488945 ], [ 1.311744662880477, 41.150394952477932 ], [ 1.312459404464863, 41.150405424309056 ], [ 1.312466329999223, 41.150135301220175 ], [ 1.3117515914054, 41.150124829488945 ] ] ], [ [ [ 1.317146671341132, 41.148852640549471 ], [ 1.317139765268742, 41.149122764348277 ], [ 1.317497130127208, 41.149127983971795 ], [ 1.317504034675759, 41.148857860077733 ], [ 1.317146671341132, 41.148852640549471 ] ] ], [ [ [ 1.315311460485778, 41.150717390820674 ], [ 1.315304546487376, 41.150987514277801 ], [ 1.315661921074772, 41.150992739786794 ], [ 1.315668833668323, 41.150722616236116 ], [ 1.315311460485778, 41.150717390820674 ] ] ], [ [ [ 1.308837116344624, 41.152243878643908 ], [ 1.308479736218889, 41.152238631876706 ], [ 1.308472793808439, 41.15250875431115 ], [ 1.308830175398678, 41.152514001172975 ], [ 1.308837116344624, 41.152243878643908 ] ] ], [ [ [ 1.322548433726993, 41.147310069877861 ], [ 1.3225415502565, 41.147580194543615 ], [ 1.322898907671201, 41.147585397204388 ], [ 1.322905789675208, 41.14731527253447 ], [ 1.322548433726993, 41.147310069877861 ] ] ], [ [ [ 1.319339130849459, 41.14699307209348 ], [ 1.319332234286062, 41.147263196284719 ], [ 1.319689589390687, 41.147268408913718 ], [ 1.31969648454835, 41.146998284674076 ], [ 1.319339130849459, 41.14699307209348 ] ] ], [ [ [ 1.311120022771769, 41.146872877436508 ], [ 1.311113092506966, 41.147143000491369 ], [ 1.31147044544959, 41.147148238560057 ], [ 1.31147737424912, 41.146878115455657 ], [ 1.311120022771769, 41.146872877436508 ] ] ], [ [ [ 1.316074581843819, 41.14883697522513 ], [ 1.316067671434723, 41.149107098876705 ], [ 1.31642503595168, 41.149112321823672 ], [ 1.316431944895354, 41.148842198122729 ], [ 1.316074581843819, 41.14883697522513 ] ] ], [ [ [ 1.31642503595168, 41.149112321823672 ], [ 1.316418126914005, 41.14938244551098 ], [ 1.316775492990407, 41.149387667399203 ], [ 1.31678240056265, 41.149117543662541 ], [ 1.31642503595168, 41.149112321823672 ] ] ], [ [ [ 1.3225415502565, 41.147580194543615 ], [ 1.32218419293661, 41.147574990729758 ], [ 1.32217730784871, 41.147845115286792 ], [ 1.322534666633946, 41.147850319149846 ], [ 1.3225415502565, 41.147580194543615 ] ] ] ] } },
{ "type": "Feature", "properties": { "GRID_CODE": 2, "CODI_FINAL": "4395185", "MUNICIPI": "Benifallet", "DATA_INCEN": "27/08/95" }, "geometry": { "type": "MultiPolygon", "coordinates": [ [ [ [ 0.579914513342847, 40.917660762526566 ], [ 0.578846661321044, 40.917638340789388 ], [ 0.578856516230601, 40.917368331010913 ], [ 0.575297032669513, 40.91729352122325 ], [ 0.575287163361583, 40.917563530295226 ], [ 0.574931214255795, 40.917556043181222 ], [ 0.574921343368083, 40.917826052167726 ], [ 0.574209442724692, 40.917811074551601 ], [ 0.574189694706338, 40.918351092151021 ], [ 0.574545647822148, 40.918358581671441 ], [ 0.574535775028885, 40.918628590496894 ], [ 0.57489172978553, 40.91863607894684 ], [ 0.574871986686957, 40.919176096740486 ], [ 0.575227944408391, 40.919183584278237 ], [ 0.575208203724862, 40.919723602156232 ], [ 0.574852243109983, 40.919716114521805 ], [ 0.574842371092435, 40.919986123344863 ], [ 0.573774485656552, 40.919963653596916 ], [ 0.57379423823479, 40.919423636316303 ], [ 0.573082321045719, 40.919408651264234 ], [ 0.573062562743137, 40.919948668262563 ], [ 0.571994679318872, 40.919926182049956 ], [ 0.571984795599735, 40.9201961902913 ], [ 0.571272871134383, 40.920181193883643 ], [ 0.571262984389138, 40.920451201968447 ], [ 0.571618947999027, 40.920458700837038 ], [ 0.571609062565537, 40.920728708978132 ], [ 0.571253097508027, 40.92072121008362 ], [ 0.571223436121918, 40.921531234252413 ], [ 0.570511497675888, 40.921516232698323 ], [ 0.570521387850111, 40.921246224814062 ], [ 0.570165420303373, 40.92123872248456 ], [ 0.570145636986263, 40.921778738142763 ], [ 0.569789666624072, 40.921771234527363 ], [ 0.569779773346837, 40.922041242286603 ], [ 0.567999916493799, 40.922003707527736 ], [ 0.568009817060636, 40.921733700124811 ], [ 0.567297878140767, 40.921718678670146 ], [ 0.567287974741163, 40.921988685932199 ], [ 0.567643945551081, 40.921996197256327 ], [ 0.567624141123639, 40.92253621183108 ], [ 0.566912193853942, 40.922521187800854 ], [ 0.566902288547173, 40.922791194901613 ], [ 0.567258263560902, 40.922798707536643 ], [ 0.567248359623442, 40.923068714740069 ], [ 0.565468478553913, 40.923031140139535 ], [ 0.565478389779642, 40.922761133337836 ], [ 0.565834364255319, 40.922768650363821 ], [ 0.565844273902042, 40.922498643431346 ], [ 0.564776355159339, 40.92247608922731 ], [ 0.564697039694931, 40.924636142393268 ], [ 0.565409008487321, 40.924651180779257 ], [ 0.565389184074972, 40.925191194208935 ], [ 0.566101159190725, 40.925206228488129 ], [ 0.566081340025279, 40.925746242143596 ], [ 0.566793321525399, 40.925761272272098 ], [ 0.566773507547823, 40.926301286152018 ], [ 0.56748549536973, 40.926316312218418 ], [ 0.56746568663966, 40.926856326323978 ], [ 0.568177680785028, 40.926871348283079 ], [ 0.568157877362126, 40.927411362615459 ], [ 0.568869877771652, 40.927426380465853 ], [ 0.568840180279081, 40.928236402257561 ], [ 0.569196185025745, 40.928243909726412 ], [ 0.569186287077729, 40.928513917062858 ], [ 0.570254306521248, 40.928536433140991 ], [ 0.570234518784394, 40.929076448148365 ], [ 0.570946538223938, 40.929091453676605 ], [ 0.570936647048028, 40.929361461277757 ], [ 0.571292658385354, 40.929368962487729 ], [ 0.571272878581584, 40.929908977834252 ], [ 0.5716288929481, 40.929916478043104 ], [ 0.571619004320298, 40.930186485788454 ], [ 0.570550957227588, 40.930163981563638 ], [ 0.570541064066148, 40.930433989080207 ], [ 0.570185047210846, 40.930426485390313 ], [ 0.570165257652566, 40.93096650019374 ], [ 0.570521277401262, 40.9309740040256 ], [ 0.570511383838487, 40.931244011453174 ], [ 0.571223426693321, 40.931259015920894 ], [ 0.571213535889713, 40.931529023475761 ], [ 0.572281605488897, 40.931551522176484 ], [ 0.572271718891344, 40.931821529929529 ], [ 0.572983768875918, 40.931836523700142 ], [ 0.572973885037738, 40.932106531580381 ], [ 0.573685938452715, 40.932121521100392 ], [ 0.573666176159457, 40.932661537145464 ], [ 0.574022205931388, 40.932669030421941 ], [ 0.574002446056216, 40.933209046506413 ], [ 0.573646413388864, 40.933201553133166 ], [ 0.573636531773471, 40.933471561081923 ], [ 0.573280497793392, 40.933464066539614 ], [ 0.573270614595252, 40.933734074447806 ], [ 0.572914579304076, 40.933726578691449 ], [ 0.572884924626223, 40.934536602026654 ], [ 0.573240964258283, 40.934544097995747 ], [ 0.573211312713523, 40.935354121411784 ], [ 0.573567356880205, 40.935361616496621 ], [ 0.57353770846883, 40.936171639993475 ], [ 0.572825611644866, 40.936156648346369 ], [ 0.572786066952891, 40.937236678932663 ], [ 0.574210284232728, 40.937266658966891 ], [ 0.574200403558288, 40.937536666838866 ], [ 0.574556459646894, 40.937544159149716 ], [ 0.574546580224525, 40.937814167121637 ], [ 0.575258695756325, 40.937829148636304 ], [ 0.575248819095957, 40.938099156690306 ], [ 0.576316997712326, 40.938121620914139 ], [ 0.576307125258019, 40.93839162921099 ], [ 0.577019247919684, 40.93840660002548 ], [ 0.576999508460799, 40.938946616769705 ], [ 0.577355572856797, 40.938954100692875 ], [ 0.577345704344004, 40.939224109113205 ], [ 0.577701770380682, 40.939231592010003 ], [ 0.577682035846197, 40.939771608993254 ], [ 0.578038104853906, 40.939779090886958 ], [ 0.578028238893262, 40.940049099406153 ], [ 0.579096451118389, 40.94007153880024 ], [ 0.579126035693906, 40.939261512474474 ], [ 0.579838169123519, 40.939276466138146 ], [ 0.579848027504855, 40.939006457222568 ], [ 0.581984422382564, 40.939051291384025 ], [ 0.58199427194597, 40.938781282029687 ], [ 0.58306246687659, 40.938803684115719 ], [ 0.583072311906547, 40.938533674488568 ], [ 0.583428375742486, 40.938541139599003 ], [ 0.583408688326537, 40.939081158932368 ], [ 0.58412082213109, 40.939096086094239 ], [ 0.584110981118202, 40.939366095857658 ], [ 0.584467049697159, 40.939373557884679 ], [ 0.584457209998047, 40.939643567704053 ], [ 0.585169350392231, 40.939658488602724 ], [ 0.585159513454362, 40.93992849854861 ], [ 0.585515585269576, 40.939935957420225 ], [ 0.585505749704931, 40.940205967423296 ], [ 0.586573970355175, 40.940228337615331 ], [ 0.586564138940044, 40.94049834781412 ], [ 0.587276289623, 40.940513255909615 ], [ 0.587286118083837, 40.940243245568567 ], [ 0.587642192206887, 40.940250697921243 ], [ 0.587632365134194, 40.940520708331533 ], [ 0.587988440778816, 40.940528159654981 ], [ 0.587998266405664, 40.940258149129214 ], [ 0.588354340736222, 40.940265599283713 ], [ 0.588344516617846, 40.940535609836196 ], [ 0.588700592529289, 40.940543058962703 ], [ 0.588710415261164, 40.940273048295985 ], [ 0.58906648985851, 40.940280496253564 ], [ 0.589056668574126, 40.940550506990718 ], [ 0.589412744753948, 40.94055795387527 ], [ 0.589422564589205, 40.940287943112658 ], [ 0.591202940364375, 40.940325160843571 ], [ 0.591183315033946, 40.940865183103305 ], [ 0.5918954720791, 40.940880062779129 ], [ 0.591885662109928, 40.941150074005293 ], [ 0.592241742308725, 40.941157512288939 ], [ 0.592251550772634, 40.94088750094614 ], [ 0.593319787708367, 40.940909808947502 ], [ 0.593280570309117, 40.941989854982502 ], [ 0.592568400617826, 40.941974983531999 ], [ 0.592548785330457, 40.942515006135395 ], [ 0.593260960751337, 40.942529877911007 ], [ 0.593251155832907, 40.942799889332093 ], [ 0.593607245190734, 40.94280732364237 ], [ 0.593597441527501, 40.943077335117891 ], [ 0.594309623598883, 40.943092200539589 ], [ 0.594319424366725, 40.942822188923429 ], [ 0.593963334683319, 40.942814756809064 ], [ 0.593973136765753, 40.942544745248611 ], [ 0.594329224942142, 40.942552177291425 ], [ 0.59433902544545, 40.942282165601057 ], [ 0.59469511230725, 40.942289596475028 ], [ 0.594714709958398, 40.941749572953569 ], [ 0.594358625991848, 40.941742142220185 ], [ 0.594378226004323, 40.941202118825814 ], [ 0.594734307136664, 40.941209549374861 ], [ 0.594714709958398, 40.941749572953569 ], [ 0.595426878351607, 40.941764431080962 ], [ 0.595417082457323, 40.94203444301143 ], [ 0.59577316833158, 40.942041870475698 ], [ 0.595753579040898, 40.94258189438829 ], [ 0.596109667941838, 40.942589320939504 ], [ 0.59609008101617, 40.943129344889122 ], [ 0.595021806200985, 40.943107061611926 ], [ 0.595002210056961, 40.943647085081487 ], [ 0.59429002172166, 40.943632223774237 ], [ 0.594299822696323, 40.943362212186102 ], [ 0.593943730176855, 40.94335477993237 ], [ 0.593933927693471, 40.943624791493974 ], [ 0.593577833859366, 40.943617358071315 ], [ 0.593568029796754, 40.943887369502974 ], [ 0.594280220552923, 40.943902235391526 ], [ 0.594270419252727, 40.944172246949179 ], [ 0.59320212906224, 40.944149946304329 ], [ 0.593231545476267, 40.94333991217286 ], [ 0.592875453356181, 40.943332476623333 ], [ 0.592865646529599, 40.943602487973955 ], [ 0.592509553094952, 40.943595051255478 ], [ 0.592529169449397, 40.943055028724068 ], [ 0.592173079041734, 40.943047591092707 ], [ 0.592182888497359, 40.942777579853548 ], [ 0.591826799611233, 40.94277014119271 ], [ 0.591816988768899, 40.943040152317764 ], [ 0.591460898629297, 40.943032712444236 ], [ 0.591451086145062, 40.943302723528049 ], [ 0.589314539298068, 40.943258060881796 ], [ 0.589324360466836, 40.942988050265477 ], [ 0.588256093186522, 40.942965704322852 ], [ 0.588265918505587, 40.942695693902024 ], [ 0.587553743921752, 40.942680791225889 ], [ 0.58756357200267, 40.942410780931418 ], [ 0.586851400846306, 40.942395874047065 ], [ 0.58681207596085, 40.943475914614424 ], [ 0.588236442027814, 40.943505725163106 ], [ 0.588216790394765, 40.944045745946099 ], [ 0.589285075049296, 40.944068092689243 ], [ 0.589275253404771, 40.944338103293298 ], [ 0.589631349984914, 40.944345550065471 ], [ 0.589650990301137, 40.943805528793114 ], [ 0.590363178128104, 40.943820418806141 ], [ 0.590353360902495, 40.944090429589878 ], [ 0.591065552158216, 40.944105315349276 ], [ 0.591036108424358, 40.944915348126351 ], [ 0.591392208566674, 40.944922789546197 ], [ 0.591372581660412, 40.945462811450618 ], [ 0.591728684830047, 40.945470251957545 ], [ 0.591718872655393, 40.945740262936354 ], [ 0.592431082291758, 40.94575514074991 ], [ 0.592421272878038, 40.946025151899804 ], [ 0.593489592676098, 40.946047460568515 ], [ 0.59347978747294, 40.946317471914817 ], [ 0.594548112870844, 40.946339770952399 ], [ 0.594528510696782, 40.946879793931714 ], [ 0.595240734045416, 40.946894654773516 ], [ 0.595250532334351, 40.946624643106219 ], [ 0.595962753320869, 40.946639499367514 ], [ 0.59595295798725, 40.946909511176592 ], [ 0.596665182401805, 40.946924363183477 ], [ 0.596645597069841, 40.947464386992493 ], [ 0.595933366864873, 40.94744953465964 ], [ 0.59595295798725, 40.946909511176592 ], [ 0.595596845920954, 40.9469020835013 ], [ 0.595587049006319, 40.947172095225497 ], [ 0.594874822436201, 40.947157236439381 ], [ 0.594865022492491, 40.947427248008417 ], [ 0.594508907929352, 40.947419816896328 ], [ 0.594489304688871, 40.947959839803673 ], [ 0.594133187422102, 40.947952407453464 ], [ 0.594123384123647, 40.948222418836799 ], [ 0.593767265541921, 40.948214985317506 ], [ 0.593757460663886, 40.94848499657089 ], [ 0.593401340765592, 40.948477561927476 ], [ 0.59338172777156, 40.949017584295973 ], [ 0.592669482525951, 40.949002711340157 ], [ 0.592659672902403, 40.949272722383675 ], [ 0.592303549060931, 40.949265284187817 ], [ 0.592283926578854, 40.949805306046464 ], [ 0.59192779997429, 40.949797866611064 ], [ 0.591917987054695, 40.950067877469955 ], [ 0.592274115109102, 40.950075316930757 ], [ 0.592264303563826, 40.950345327846627 ], [ 0.591908174003491, 40.950337888269225 ], [ 0.591898360878385, 40.950607899055122 ], [ 0.59154223000144, 40.950600458353485 ], [ 0.591552044635773, 40.950330447594212 ], [ 0.591195915399698, 40.950323005865329 ], [ 0.591186099318758, 40.950593016509188 ], [ 0.590829968767751, 40.950585573611058 ], [ 0.590820151105273, 40.950855584169908 ], [ 0.590464019240974, 40.950848140057488 ], [ 0.590454199995271, 40.951118150576285 ], [ 0.588673535370338, 40.951080913267539 ], [ 0.588683361797988, 40.950810903099715 ], [ 0.588327230732396, 40.950803452439047 ], [ 0.588346886141549, 40.950263432246693 ], [ 0.587990758105861, 40.950255980628114 ], [ 0.588000587029588, 40.949985970557357 ], [ 0.587644460575567, 40.949978517910417 ], [ 0.587664120976648, 40.949438497912219 ], [ 0.587307997554078, 40.949431044262468 ], [ 0.587298165941634, 40.949701054220263 ], [ 0.585873667733038, 40.949671228394692 ], [ 0.585863830194425, 40.949941238055736 ], [ 0.586219956040148, 40.949948696198071 ], [ 0.586200283519517, 40.95048871557357 ], [ 0.5854880262299, 40.950473797864056 ], [ 0.585478186843933, 40.950743807365619 ], [ 0.586546577292903, 40.95076618251511 ], [ 0.58655641233421, 40.95049617280192 ], [ 0.586912541284086, 40.950503628886409 ], [ 0.58690270775036, 40.950773638671386 ], [ 0.586546577292903, 40.95076618251511 ], [ 0.586536742177385, 40.951036192214929 ], [ 0.587249006001985, 40.951051103612151 ], [ 0.587239173647809, 40.951321113483388 ], [ 0.587951440903017, 40.951336020626101 ], [ 0.587931781529572, 40.951876040560407 ], [ 0.5872195084218, 40.951861133134436 ], [ 0.587229341102381, 40.951591123293731 ], [ 0.586160936817645, 40.951568754102674 ], [ 0.586151099792155, 40.9518387637318 ], [ 0.585794963869739, 40.951831305051854 ], [ 0.585785125262344, 40.952101314595794 ], [ 0.586141262694067, 40.952108773302534 ], [ 0.58612158803615, 40.952648792443853 ], [ 0.5864777284388, 40.952656250191509 ], [ 0.586458056143297, 40.953196269415372 ], [ 0.585745769620304, 40.953181352492663 ], [ 0.585755608760498, 40.952911343052278 ], [ 0.585043325668766, 40.952896421874883 ], [ 0.585072850921728, 40.952086393798048 ], [ 0.584360577054708, 40.952071468648406 ], [ 0.584370421453716, 40.951801459431771 ], [ 0.584726556843223, 40.951808922462341 ], [ 0.584746242284281, 40.951268903842724 ], [ 0.584390109792965, 40.951261440908354 ], [ 0.584399953790929, 40.9509914316478 ], [ 0.584043822822193, 40.950983967683911 ], [ 0.584033977433697, 40.951253976920107 ], [ 0.583677845150412, 40.951246511786728 ], [ 0.583667998181592, 40.951516520892667 ], [ 0.582955731177373, 40.951501587234276 ], [ 0.582916330256355, 40.952581623034121 ], [ 0.57899880772361, 40.952499406257957 ], [ 0.578979074538907, 40.95303942246845 ], [ 0.579335215220415, 40.953046902382368 ], [ 0.579315484396535, 40.953586918675754 ], [ 0.580740059874412, 40.953616827814116 ], [ 0.580730200112906, 40.953886836267998 ], [ 0.581442491524112, 40.953901784339187 ], [ 0.581432634525617, 40.954171792919816 ], [ 0.582857224804031, 40.954201676248417 ], [ 0.582847373407853, 40.954471685050827 ], [ 0.583203522804132, 40.954479153229578 ], [ 0.58319367272267, 40.954749162087957 ], [ 0.584262125942444, 40.954771560194594 ], [ 0.584252280072783, 40.955041569250206 ], [ 0.583183822505801, 40.955019170976705 ], [ 0.583173972216157, 40.955289179807075 ], [ 0.583886279984041, 40.955304113243827 ], [ 0.58387643245776, 40.955574122200794 ], [ 0.584944899516741, 40.955596514348727 ], [ 0.584885837385283, 40.957216569138915 ], [ 0.584529672892126, 40.957209105795506 ], [ 0.584519827267719, 40.957479114789983 ], [ 0.583451330188396, 40.957456717862037 ], [ 0.583441480141843, 40.957726726676256 ], [ 0.5830853132285, 40.957719258748917 ], [ 0.583095164781491, 40.957449250051575 ], [ 0.582738999510002, 40.957441781097003 ], [ 0.582709440161185, 40.958251806979398 ], [ 0.583421779531987, 40.958266744168284 ], [ 0.583411929084112, 40.958536752938571 ], [ 0.583055757824502, 40.958529284799326 ], [ 0.583045905795713, 40.958799293439327 ], [ 0.58268973321946, 40.958791824175293 ], [ 0.582699586756408, 40.95852181560717 ], [ 0.581631074298995, 40.958499401344518 ], [ 0.581640932048434, 40.95822939297377 ], [ 0.58128476296612, 40.958221919410683 ], [ 0.58129462197107, 40.957951911094703 ], [ 0.580582287103959, 40.957936960857552 ], [ 0.580592148872477, 40.95766695266834 ], [ 0.579523651923293, 40.957644519258828 ], [ 0.579533517903967, 40.957374511267176 ], [ 0.578465026445704, 40.957352068221667 ], [ 0.578484766817453, 40.95681205257646 ], [ 0.578128606124929, 40.95680456947381 ], [ 0.578138477557553, 40.95653456172252 ], [ 0.577782318505427, 40.956527077637837 ], [ 0.577792191194888, 40.956257069896431 ], [ 0.57707987639172, 40.956242098526488 ], [ 0.57707000074569, 40.956512106125047 ], [ 0.576357683581777, 40.956497130217251 ], [ 0.576367562063996, 40.956227122804108 ], [ 0.576011405132679, 40.956219633249958 ], [ 0.575991645075855, 40.956759647963672 ], [ 0.576347804906042, 40.956767137614506 ], [ 0.576337926094495, 40.957037145042115 ], [ 0.576694087566838, 40.957044633665937 ], [ 0.576684210071438, 40.957314641104738 ], [ 0.577040373065567, 40.957322128744053 ], [ 0.577020620627455, 40.957862143765546 ], [ 0.577376786654731, 40.957869630402406 ], [ 0.577386661521001, 40.957599622851305 ], [ 0.578098991139779, 40.957614592687321 ], [ 0.578089119169271, 40.957884600425032 ], [ 0.578445285598799, 40.957892083764534 ], [ 0.578425544214059, 40.958432099293809 ], [ 0.578069374887069, 40.958424615812753 ], [ 0.578059502516006, 40.958694623461504 ], [ 0.578415673291762, 40.958702107013352 ], [ 0.578405802293133, 40.958972114764499 ], [ 0.578761974651727, 40.958979597287978 ], [ 0.578771844259288, 40.958709589512296 ], [ 0.579128015303136, 40.958717070865859 ], [ 0.579118147142707, 40.958987078757303 ], [ 0.579830492589361, 40.959002038309677 ], [ 0.579820627192556, 40.959272046327953 ], [ 0.580176801535981, 40.959279524525499 ], [ 0.580166937513399, 40.959549532601116 ], [ 0.580879289499787, 40.959564485840112 ], [ 0.580869428240951, 40.959834494042518 ], [ 0.580513250674211, 40.959827017855645 ], [ 0.580503387832587, 40.960097025972679 ], [ 0.581215745880658, 40.960111977341143 ], [ 0.581205885804532, 40.960381985539954 ], [ 0.581562066479157, 40.960389459623563 ], [ 0.581552207657035, 40.96065946792217 ], [ 0.582264572363512, 40.960674412979316 ], [ 0.582254716307034, 40.960944421359635 ], [ 0.58261090033886, 40.960951892333135 ], [ 0.582581335770982, 40.96176191764448 ], [ 0.582937524225894, 40.961769387684448 ], [ 0.582927670591408, 40.962039396148775 ], [ 0.583283860627526, 40.96204686520511 ], [ 0.583254303147987, 40.962856890764641 ], [ 0.58289810876467, 40.962849421496372 ], [ 0.582888254533888, 40.963119429945884 ], [ 0.58039488733154, 40.963067113924716 ], [ 0.580385022882443, 40.963337121866012 ], [ 0.581097415706693, 40.963352074931549 ], [ 0.581087554023554, 40.963622082954608 ], [ 0.581799950281787, 40.963637031764193 ], [ 0.581809809127661, 40.963367023555989 ], [ 0.582522203021544, 40.963381967871825 ], [ 0.58250249105517, 40.963921984467547 ], [ 0.583927292164273, 40.963951860384746 ], [ 0.583917441745732, 40.964221868987593 ], [ 0.584629846001404, 40.964236800491221 ], [ 0.584619998349154, 40.96450680917566 ], [ 0.585332406038219, 40.964521736422938 ], [ 0.585322561149063, 40.96479174527893 ], [ 0.586034972271432, 40.964806668269802 ], [ 0.586025130148735, 40.9650766772073 ], [ 0.586381337388552, 40.965084137147301 ], [ 0.586371496581474, 40.965354146140697 ], [ 0.586727705346492, 40.965361605005604 ], [ 0.586717865912803, 40.965631614101149 ], [ 0.587430286800059, 40.965646528719972 ], [ 0.587420450073664, 40.965916537895708 ], [ 0.587064238142767, 40.965909081088604 ], [ 0.587054399833427, 40.966179090179203 ], [ 0.587766826785251, 40.966194002881217 ], [ 0.587756991241037, 40.966464012098214 ], [ 0.588113206395564, 40.966471466893672 ], [ 0.588103372167163, 40.966741476166533 ], [ 0.588459588845272, 40.966748929931761 ], [ 0.588449755992099, 40.967018939261727 ], [ 0.588805974253166, 40.967026391997948 ], [ 0.588796142715885, 40.967296401383777 ], [ 0.589152362561554, 40.967303853045998 ], [ 0.589142532279193, 40.967573862531424 ], [ 0.589498753767202, 40.967581313165837 ], [ 0.589488924800812, 40.967851322707112 ], [ 0.590201371015242, 40.967866220862028 ], [ 0.590191544816005, 40.968136230484582 ], [ 0.589479095761943, 40.968121332189988 ], [ 0.589469266530208, 40.968391341656989 ], [ 0.589113040753064, 40.968383890812405 ], [ 0.589103209938294, 40.968653900194305 ], [ 0.589459437164979, 40.968661351109347 ], [ 0.589449607723975, 40.968931360593338 ], [ 0.590162065534662, 40.968946259311906 ], [ 0.590152238801598, 40.969216268875925 ], [ 0.590508469326212, 40.969223716678165 ], [ 0.590498643968665, 40.969493726299234 ], [ 0.590854876077967, 40.969501173027325 ], [ 0.590825403433196, 40.970311202056564 ], [ 0.591894113664516, 40.970333536368173 ], [ 0.591884293571929, 40.970603546212402 ], [ 0.593665487226807, 40.970640748409686 ], [ 0.593645861077761, 40.971180768801716 ], [ 0.594358345224548, 40.971195642254436 ], [ 0.594338724343099, 40.971735662824301 ], [ 0.595407460319757, 40.971757965201462 ], [ 0.595397654058282, 40.972027975676014 ], [ 0.595753901079704, 40.972035407687216 ], [ 0.595763705952379, 40.971765397098608 ], [ 0.596476197496722, 40.971780257636354 ], [ 0.596495800980788, 40.971240236222954 ], [ 0.596139558042437, 40.97123280662197 ], [ 0.596149361064229, 40.970962795964226 ], [ 0.595436878425472, 40.970947933647551 ], [ 0.595446684154216, 40.970677923114508 ], [ 0.596515403934006, 40.970700214706042 ], [ 0.596505602552823, 40.970970225494938 ], [ 0.596861844176183, 40.970977653880958 ], [ 0.596871644165358, 40.97070764306806 ], [ 0.597940365540821, 40.970729921508692 ], [ 0.597959956363851, 40.970189899371384 ], [ 0.597603718690435, 40.970182474495033 ], [ 0.59761351532321, 40.969912463451557 ], [ 0.597969751545316, 40.969919888302684 ], [ 0.597959956363851, 40.970189899371384 ], [ 0.598672432167523, 40.970204745871399 ], [ 0.598652847143358, 40.970744768289549 ], [ 0.599009088115277, 40.970752190007346 ], [ 0.598999296822948, 40.971022201286573 ], [ 0.599355539436966, 40.971029621976129 ], [ 0.599345749463059, 40.971299633265936 ], [ 0.599701993598808, 40.971307052969756 ], [ 0.599692205001106, 40.971577064316342 ], [ 0.600760942616357, 40.971599316996361 ], [ 0.600770726864672, 40.971329305439312 ], [ 0.601126971593097, 40.971336720700599 ], [ 0.601117188735219, 40.971606732326549 ], [ 0.601473435044684, 40.971614146603265 ], [ 0.601463653503761, 40.971884158284738 ], [ 0.602532397461553, 40.971906394679472 ], [ 0.602542174652988, 40.971636382787707 ], [ 0.602898421435988, 40.971643792619361 ], [ 0.602908196985453, 40.97137378064167 ], [ 0.603264442510786, 40.971381189304751 ], [ 0.60325466835014, 40.971651201396305 ], [ 0.60361091545804, 40.971658609029781 ], [ 0.60360114261611, 40.971928621131767 ], [ 0.602532397461553, 40.971906394679472 ], [ 0.60252262019669, 40.972176406557878 ], [ 0.603947619780146, 40.97220603993798 ], [ 0.603957391245573, 40.971936027779321 ], [ 0.605026137991191, 40.971958241079903 ], [ 0.605035905035381, 40.971688228652766 ], [ 0.605748400648105, 40.971703031911581 ], [ 0.605758164600617, 40.9714330193286 ], [ 0.604689425756406, 40.971410813091445 ], [ 0.604718729981841, 40.970600775977395 ], [ 0.605074971761998, 40.970608178930696 ], [ 0.605055438663168, 40.971148203843448 ], [ 0.605767928478255, 40.971163006777232 ], [ 0.605777692163906, 40.970892994210054 ], [ 0.606846423502797, 40.970915190129951 ], [ 0.606856182765893, 40.970645177339456 ], [ 0.606499940263341, 40.970637779883319 ], [ 0.606509700845274, 40.970367767103177 ], [ 0.607934665668641, 40.970397350181109 ], [ 0.607924910946754, 40.970667363197258 ], [ 0.608281153919997, 40.97067475625343 ], [ 0.608271400513782, 40.970944769369929 ], [ 0.607915156033002, 40.970937376197604 ], [ 0.607905401046137, 40.971207389184578 ], [ 0.608617892922651, 40.971222174521877 ], [ 0.608647148905825, 40.970412135100126 ], [ 0.608290907251496, 40.970404743168565 ], [ 0.608300660391162, 40.970134730067862 ], [ 0.608656900597359, 40.970142121884507 ], [ 0.608666652214199, 40.969872108700521 ], [ 0.609379130182204, 40.969886888941261 ], [ 0.609388878707801, 40.969616875601652 ], [ 0.610813830374235, 40.96964642260648 ], [ 0.610833315549484, 40.969106395327003 ], [ 0.611189550883526, 40.969113779166577 ], [ 0.611179809810128, 40.969383792928468 ], [ 0.61153604678553, 40.969391175739482 ], [ 0.61152630703116, 40.969661189511591 ], [ 0.612238784215583, 40.969675952063071 ], [ 0.612219310168317, 40.970215979843971 ], [ 0.612575551828699, 40.970223359609214 ], [ 0.612565816026776, 40.970493373546958 ], [ 0.612922059330159, 40.970500752238515 ], [ 0.612892855538192, 40.971310794219761 ], [ 0.613249103321606, 40.97131817206597 ], [ 0.613239369890453, 40.971588186084915 ], [ 0.614664367970435, 40.971617686657858 ], [ 0.614654640265974, 40.971887700942432 ], [ 0.615010891550546, 40.971895073428257 ], [ 0.615020617864503, 40.971625059075173 ], [ 0.615376867832914, 40.971632430346517 ], [ 0.615406041513904, 40.970822386988118 ], [ 0.615049795896651, 40.970815015880923 ], [ 0.615040070038359, 40.971085030279006 ], [ 0.614327576239513, 40.971070284669807 ], [ 0.614337305056818, 40.970800270412418 ], [ 0.615049795896651, 40.970815015880923 ], [ 0.615059521682215, 40.970545001469482 ], [ 0.615415765851282, 40.97055237246196 ], [ 0.615425490054968, 40.970282357966184 ], [ 0.615781732904709, 40.970289727834256 ], [ 0.615772010150813, 40.970559742399736 ], [ 0.615415765851282, 40.97055237246196 ], [ 0.615406041513904, 40.970822386988118 ], [ 0.61576228732423, 40.970829756951829 ], [ 0.615752564306226, 40.971099771488106 ], [ 0.616465059161702, 40.971114508299543 ], [ 0.61645533890972, 40.971384523005611 ], [ 0.616811588015843, 40.971391889809532 ], [ 0.616801869081715, 40.971661904570688 ], [ 0.617158119710336, 40.971669270343313 ], [ 0.617206705686582, 40.970319196220835 ], [ 0.617562949197996, 40.970326560545445 ], [ 0.617553233750832, 40.970596575505503 ], [ 0.617909478843999, 40.970603938800053 ], [ 0.617928906762939, 40.970063908817274 ], [ 0.618285149147832, 40.970071270874072 ], [ 0.618265724126872, 40.970611301041124 ], [ 0.61862196948389, 40.970618662136253 ], [ 0.618592835283716, 40.971428707463147 ], [ 0.61894908517993, 40.971436067713626 ], [ 0.618939374946706, 40.971706082847632 ], [ 0.620720633480212, 40.971742867858119 ], [ 0.620710930364661, 40.972012883325448 ], [ 0.621423437612736, 40.972027589761666 ], [ 0.621433137769071, 40.971757574154026 ], [ 0.624283160371001, 40.971816355350732 ], [ 0.62430253714942, 40.971276322980977 ], [ 0.625371289089227, 40.971298347389265 ], [ 0.625361605085825, 40.971568363789139 ], [ 0.626074109956834, 40.971583041353462 ], [ 0.626083791001057, 40.971313024813568 ], [ 0.626440042155016, 40.971320361853579 ], [ 0.626469080267892, 40.970510311940671 ], [ 0.626825327203703, 40.970517647672764 ], [ 0.626835004881692, 40.970247630937003 ], [ 0.627191250499122, 40.97025496549999 ], [ 0.627200926595855, 40.969984948680285 ], [ 0.626488438334309, 40.969970278547109 ], [ 0.62649811719921, 40.969700261851585 ], [ 0.62614187468653, 40.969692925181718 ], [ 0.626151554869748, 40.969422908541006 ], [ 0.625795313936699, 40.969415570885857 ], [ 0.625804995439804, 40.969145554254986 ], [ 0.626161234862125, 40.969152891884512 ], [ 0.626151554869748, 40.969422908541006 ], [ 0.626507795873291, 40.969430245140266 ], [ 0.626517474476896, 40.96916022837059 ], [ 0.62687371416213, 40.969167563800767 ], [ 0.626883391123559, 40.968897546990931 ], [ 0.627239629551488, 40.968904881208296 ], [ 0.627249304931771, 40.96863486431451 ], [ 0.627605541980392, 40.968642197406623 ], [ 0.627615215840556, 40.96837218038511 ], [ 0.627971451570877, 40.968379512308218 ], [ 0.628000467951467, 40.967569461037023 ], [ 0.630850323853045, 40.967628075038725 ], [ 0.6308793042607, 40.966818021973218 ], [ 0.631235532474719, 40.966825343583942 ], [ 0.631245190858503, 40.96655532581125 ], [ 0.630888964094077, 40.966548004269775 ], [ 0.6309082834266, 40.966007968820392 ], [ 0.630195836089541, 40.965993322715747 ], [ 0.630215160695345, 40.965453287485175 ], [ 0.629502719620251, 40.965438637303201 ], [ 0.629522049500625, 40.964898602246478 ], [ 0.62916583208778, 40.964891275667924 ], [ 0.629146499310092, 40.965431310541028 ], [ 0.628790279129607, 40.96542398272431 ], [ 0.628780611064663, 40.965694000069092 ], [ 0.629136832694639, 40.965701327955124 ], [ 0.629127166005658, 40.965971345400888 ], [ 0.628058497104987, 40.965949358144982 ], [ 0.628077839106413, 40.965409323701053 ], [ 0.628790279129607, 40.96542398272431 ], [ 0.628809614807819, 40.964883947944813 ], [ 0.628453397599798, 40.964876619120972 ], [ 0.628492073176621, 40.963796549709393 ], [ 0.62884828458704, 40.963803878255959 ], [ 0.62886761868808, 40.963263843346624 ], [ 0.629223827273346, 40.96327117060887 ], [ 0.629233492707296, 40.963001153063658 ], [ 0.628877285513587, 40.962993825824476 ], [ 0.628915951616674, 40.961913755727686 ], [ 0.62820354933435, 40.961899098553033 ], [ 0.628213218400265, 40.961629081141673 ], [ 0.627857018906082, 40.961621750952077 ], [ 0.627866689349229, 40.961351733596722 ], [ 0.628222887394221, 40.961359063716998 ], [ 0.628232556258476, 40.961089046232722 ], [ 0.627876359601683, 40.961081716225571 ], [ 0.627915039418517, 40.960001646552691 ], [ 0.628983612272981, 40.960023632486731 ], [ 0.629031937382999, 40.958673544039875 ], [ 0.63010048968163, 40.958695519085651 ], [ 0.630090829245728, 40.958965537002527 ], [ 0.630447015036378, 40.958972859903078 ], [ 0.63043735597766, 40.95924287787588 ], [ 0.630793543348515, 40.959250199746407 ], [ 0.630783885607665, 40.959520217773886 ], [ 0.631496263642539, 40.959534858310512 ], [ 0.631505918544646, 40.959264840145771 ], [ 0.631862106310524, 40.959272158673379 ], [ 0.63192967663469, 40.957382030579076 ], [ 0.631573499013245, 40.957374712491031 ], [ 0.631583152807069, 40.957104694208546 ], [ 0.631226976765626, 40.957097375090491 ], [ 0.63123663187722, 40.956827356862668 ], [ 0.630880457415775, 40.956820036714625 ], [ 0.630890113904465, 40.9565500185427 ], [ 0.630177768211733, 40.956535375131317 ], [ 0.630245380068683, 40.95464524839587 ], [ 0.629889217590938, 40.95463792550435 ], [ 0.629908536971794, 40.954097889327201 ], [ 0.631333176142775, 40.954127173655678 ], [ 0.631323522282955, 40.95439719202794 ], [ 0.632035845582177, 40.95441182773655 ], [ 0.632045496485285, 40.954141809224645 ], [ 0.631689336247678, 40.95413449201223 ], [ 0.631708640618971, 40.953594455039351 ], [ 0.631352483411355, 40.953587136821255 ], [ 0.631391096373748, 40.952507063022644 ], [ 0.632103399392293, 40.952521697762229 ], [ 0.632113049377991, 40.952251679148368 ], [ 0.632825350023648, 40.952266309353384 ], [ 0.632815702874071, 40.952536328149421 ], [ 0.634240311472187, 40.952565575646375 ], [ 0.634221028429609, 40.953105613704302 ], [ 0.634933339338383, 40.9531202311356 ], [ 0.634914061508817, 40.953660269365592 ], [ 0.635626378734091, 40.953674882722048 ], [ 0.63560710623496, 40.95421492117147 ], [ 0.635963267911565, 40.954222226338636 ], [ 0.63594399778639, 40.954762264868044 ], [ 0.636300162491273, 40.954769569074273 ], [ 0.636290528710834, 40.955039588386832 ], [ 0.636646694995294, 40.955046891563001 ], [ 0.636675591718282, 40.954236833331841 ], [ 0.636319429720626, 40.954229530361694 ], [ 0.636338696425072, 40.953689491635892 ], [ 0.636694855526969, 40.953696794422868 ], [ 0.636714118810832, 40.953156755500693 ], [ 0.635645650711388, 40.953134844169398 ], [ 0.635664922165238, 40.952594805558491 ], [ 0.636377228325052, 40.952609413965824 ], [ 0.636406125802655, 40.951799355547656 ], [ 0.636049977032659, 40.951792052101396 ], [ 0.636059610751118, 40.951522032684444 ], [ 0.635703463501098, 40.951514728207023 ], [ 0.635713098537216, 40.951244708844627 ], [ 0.634644662034865, 40.951222789073064 ], [ 0.634635022712659, 40.951492808229361 ], [ 0.634991169510719, 40.951500116002599 ], [ 0.634981531446747, 40.951770135212215 ], [ 0.634625383198581, 40.951762827414839 ], [ 0.634635022712659, 40.951492808229361 ], [ 0.634278875984537, 40.951485499400867 ], [ 0.634269235082917, 40.951755518473448 ], [ 0.632844643867191, 40.951726271806436 ], [ 0.632873583681268, 40.950916215332391 ], [ 0.632517440506494, 40.950908901102245 ], [ 0.632536735936848, 40.950368863548043 ], [ 0.63218059584929, 40.950361548358508 ], [ 0.632199893653945, 40.949821510839442 ], [ 0.631843756592566, 40.949814194734373 ], [ 0.631863056769772, 40.949274157295463 ], [ 0.630082387857789, 40.9492375608421 ], [ 0.630092044960844, 40.948967542468857 ], [ 0.629735913032617, 40.94896021993295 ], [ 0.629726254481255, 40.949230238236915 ], [ 0.629370121174929, 40.949222914576609 ], [ 0.62935080072273, 40.949762951001048 ], [ 0.628994664710294, 40.949755626104455 ], [ 0.629004326479996, 40.949485607969422 ], [ 0.628648191989357, 40.949478281996981 ], [ 0.628657855076164, 40.949208263916667 ], [ 0.627945589444554, 40.94919360881488 ], [ 0.627955255296708, 40.948923590858634 ], [ 0.62759912415575, 40.948916261729295 ], [ 0.627608791265549, 40.948646243826587 ], [ 0.62725266170252, 40.948638913712699 ], [ 0.627262330190253, 40.94836889582097 ], [ 0.626906202147405, 40.948361564676333 ], [ 0.626915871952061, 40.948091546839372 ], [ 0.626203619217723, 40.94807688134842 ], [ 0.626164927748764, 40.949156951921339 ], [ 0.624384269337003, 40.949120267555237 ], [ 0.624413309889568, 40.948310215677779 ], [ 0.624057182897792, 40.948302875742179 ], [ 0.624076545486053, 40.947762841207791 ], [ 0.623720421583093, 40.947755500268428 ], [ 0.623749468852773, 40.946945448588956 ], [ 0.623393349424111, 40.946938106804105 ], [ 0.623403032993985, 40.946668089587092 ], [ 0.623046915144924, 40.946660746772892 ], [ 0.623075969525202, 40.945850695335238 ], [ 0.626280995911816, 40.945916739459385 ], [ 0.626300338755882, 40.945376703874842 ], [ 0.626656450547435, 40.945384036452992 ], [ 0.626646780667144, 40.945654054367523 ], [ 0.627002894038032, 40.94566138591626 ], [ 0.627012562528034, 40.945391367978601 ], [ 0.62736867458057, 40.945398698404219 ], [ 0.627388008212975, 40.944858662300284 ], [ 0.626675790029547, 40.944844000672674 ], [ 0.626685459515894, 40.944573982714431 ], [ 0.627397674861138, 40.944588644249585 ], [ 0.627417007705922, 40.944048608058239 ], [ 0.628129217726737, 40.944063264874956 ], [ 0.628138881085285, 40.943793246641896 ], [ 0.628494984845426, 40.943800573310391 ], [ 0.628485322992533, 40.944070591658978 ], [ 0.629197533800634, 40.944085241883421 ], [ 0.629187874654663, 40.944355260309806 ], [ 0.630256196252869, 40.944377227637631 ], [ 0.630246541377342, 40.944647246303475 ], [ 0.630602650268246, 40.944654566587459 ], [ 0.630592996650249, 40.944924585306772 ], [ 0.630949107179573, 40.94493190456248 ], [ 0.630929802447928, 40.945471942050858 ], [ 0.631285916004371, 40.945479260346268 ], [ 0.631266613644528, 40.946019297914873 ], [ 0.631622730226523, 40.946026615294947 ], [ 0.631593780108291, 40.946836671724988 ], [ 0.631949901107909, 40.946843988167657 ], [ 0.631959549849486, 40.946573969318408 ], [ 0.632671789343926, 40.946588598813904 ], [ 0.632681435058252, 40.94631857981171 ], [ 0.633037553553049, 40.94632589286455 ], [ 0.633056841634829, 40.945785854631872 ], [ 0.633412957366012, 40.945793166402581 ], [ 0.633403314867557, 40.946063185618463 ], [ 0.633759432177762, 40.946070496359525 ], [ 0.633778714203744, 40.945530457866091 ], [ 0.634134828808085, 40.94553776737127 ], [ 0.634163746493014, 40.944727709268896 ], [ 0.633807636292086, 40.944720399972383 ], [ 0.633817276747236, 40.944450380615748 ], [ 0.634173385498562, 40.944457689888139 ], [ 0.634183024313863, 40.944187670491608 ], [ 0.633826917010503, 40.944180361288346 ], [ 0.633836557202212, 40.943910341947614 ], [ 0.634192663059236, 40.943917651036706 ], [ 0.634202301672123, 40.943647631612272 ], [ 0.634558406210501, 40.943654939578536 ], [ 0.634596953446167, 40.942574861366246 ], [ 0.634953052323892, 40.942582167957312 ], [ 0.634962687386696, 40.942312148321832 ], [ 0.634606589956802, 40.942304841799874 ], [ 0.634616226277227, 40.942034822217735 ], [ 0.634972322260927, 40.94204212862558 ], [ 0.634991591732358, 40.941502089281833 ], [ 0.634635498586487, 40.941494782966011 ], [ 0.634645134573707, 40.941224763341417 ], [ 0.635001226214079, 40.941232069541911 ], [ 0.635020494841188, 40.940692030109616 ], [ 0.636088761916988, 40.940713941795991 ], [ 0.636185053840813, 40.938013741509558 ], [ 0.63582897918118, 40.938006439388907 ], [ 0.635867498054906, 40.936926359169611 ], [ 0.635511429315939, 40.936919056226792 ], [ 0.635530690862266, 40.936379016190507 ], [ 0.635886756708024, 40.93638631895012 ], [ 0.635867498054906, 40.936926359169611 ], [ 0.636223566924642, 40.93693366101396 ], [ 0.636262077977607, 40.935853580241705 ], [ 0.638398459265681, 40.935897366494515 ], [ 0.638388840368744, 40.936167387100824 ], [ 0.639100971443139, 40.93618197389987 ], [ 0.63909135531039, 40.936451994629635 ], [ 0.640159557215376, 40.936473866751207 ], [ 0.640149945294327, 40.936743887673337 ], [ 0.640506014284176, 40.93675117626718 ], [ 0.640496403739393, 40.937021197244924 ], [ 0.642632829165556, 40.937064906064968 ], [ 0.642604022682843, 40.937874970193917 ], [ 0.643672250213601, 40.937896810394932 ], [ 0.643662652113689, 40.938166831978378 ], [ 0.646511276136964, 40.938225024714463 ], [ 0.646520862656425, 40.937955002580523 ], [ 0.647589094426203, 40.937976806529271 ], [ 0.647560347568106, 40.938786873417456 ], [ 0.648272511475729, 40.938801404334249 ], [ 0.648282090958169, 40.938531381884452 ], [ 0.648638171689177, 40.938538645626899 ], [ 0.648628593596607, 40.938808668099206 ], [ 0.648984675845942, 40.938815930810591 ], [ 0.648994252490896, 40.938545908269596 ], [ 0.649350333424254, 40.938553169768717 ], [ 0.649369483371119, 40.93801312445953 ], [ 0.649725561537723, 40.938020384767739 ], [ 0.649735134897439, 40.937750362045747 ], [ 0.651159443135945, 40.937779391929894 ], [ 0.65116901051613, 40.93750936891756 ], [ 0.651525086496759, 40.937516623597041 ], [ 0.651515520504775, 40.937786646676805 ], [ 0.652583753451535, 40.937808404282606 ], [ 0.652593315041505, 40.937538380995804 ], [ 0.652237238730594, 40.93753112961307 ], [ 0.652246801638265, 40.937261106380326 ], [ 0.651890726904747, 40.93725385396769 ], [ 0.651909855286478, 40.93671380755206 ], [ 0.651197711997493, 40.936699299750735 ], [ 0.651245545182359, 40.935349184166675 ], [ 0.650889480969074, 40.935341928983988 ], [ 0.650899048629067, 40.93507190586449 ], [ 0.650542985993072, 40.935064649651991 ], [ 0.65056212387573, 40.934524603552916 ], [ 0.649137886155469, 40.934495568131922 ], [ 0.649128311518684, 40.934765590937154 ], [ 0.64877225098152, 40.934758329256262 ], [ 0.64878182706403, 40.934488306564738 ], [ 0.648425768104217, 40.934481043854156 ], [ 0.648435345563343, 40.934211021217997 ], [ 0.648791403077452, 40.934218283814857 ], [ 0.648800978899902, 40.933948261094251 ], [ 0.649157035154518, 40.933955522570265 ], [ 0.649176183575774, 40.933415476904287 ], [ 0.651312506172258, 40.933459021774468 ], [ 0.651350766721935, 40.932378928620338 ], [ 0.651706815143475, 40.932386181994751 ], [ 0.651668560382627, 40.933466275423378 ], [ 0.652380669194553, 40.933480779381107 ], [ 0.652390230213952, 40.93321075593164 ], [ 0.652746283368225, 40.933218006171863 ], [ 0.652755842810575, 40.932947982639284 ], [ 0.65239979110512, 40.932940732422637 ], [ 0.652409351805536, 40.932670708942922 ], [ 0.652053301677105, 40.932663457696535 ], [ 0.65207242564375, 40.932123410786872 ], [ 0.651716378537907, 40.93211615862436 ], [ 0.651725941804089, 40.931846135194462 ], [ 0.652081987461186, 40.931853387333355 ], [ 0.652091549089442, 40.931583363864107 ], [ 0.652447593490188, 40.931590614792299 ], [ 0.652457153541519, 40.931320591239924 ], [ 0.653169239717944, 40.931335089706877 ], [ 0.653178796804623, 40.931065066004024 ], [ 0.653534838639612, 40.931072313544014 ], [ 0.653544394151043, 40.93080228971305 ], [ 0.652832313444038, 40.930787793715744 ], [ 0.652851429864224, 40.93024774632952 ], [ 0.652139355464505, 40.930233246213518 ], [ 0.652129794485391, 40.930503269755413 ], [ 0.651773756062112, 40.930496018004561 ], [ 0.651783318489843, 40.930225994486257 ], [ 0.650359171827275, 40.930196976683661 ], [ 0.650368739972502, 40.929926953426566 ], [ 0.650012705092637, 40.929919696321775 ], [ 0.650003135502011, 40.930189719465233 ], [ 0.649647099306698, 40.930182461148569 ], [ 0.649656670344316, 40.929912438073785 ], [ 0.64894460117663, 40.92989791832693 ], [ 0.648954174979824, 40.929627895329972 ], [ 0.646817979399355, 40.929584310101944 ], [ 0.646827561693265, 40.929314287546596 ], [ 0.647183592507478, 40.929321554442829 ], [ 0.647193173285299, 40.929051531760393 ], [ 0.647905232411749, 40.929066062075819 ], [ 0.647914810164083, 40.928796039286382 ], [ 0.648626866916926, 40.928810565071636 ], [ 0.648646016243951, 40.928270519174333 ], [ 0.649002041922443, 40.928277780259805 ], [ 0.649011614884758, 40.928007757219447 ], [ 0.649367639304118, 40.928015017184315 ], [ 0.649358067729313, 40.928285040292145 ], [ 0.6507821723172, 40.928314069396073 ], [ 0.65077260639993, 40.928584092763998 ], [ 0.651128634303323, 40.92859134737418 ], [ 0.65114776305649, 40.928051300440323 ], [ 0.650791738046849, 40.928044045967418 ], [ 0.650810869172622, 40.927503999157679 ], [ 0.647962696859592, 40.927445925028771 ], [ 0.647972273831668, 40.927175902152115 ], [ 0.647260234903266, 40.927161372752693 ], [ 0.647269814638831, 40.926891349998989 ], [ 0.647625832561572, 40.926898615178409 ], [ 0.647635410721929, 40.926628592296417 ], [ 0.64799142732798, 40.926635856309012 ], [ 0.648001003850613, 40.926365833387564 ], [ 0.648713034620281, 40.926380357937283 ], [ 0.648722608119468, 40.926110334863885 ], [ 0.649078622283048, 40.926117595401045 ], [ 0.649088194205566, 40.925847572244429 ], [ 0.650156233014086, 40.925869347149032 ], [ 0.650137097658403, 40.926409393903569 ], [ 0.65120514625704, 40.926431159336211 ], [ 0.651224272932465, 40.92589111216985 ], [ 0.651580286497778, 40.92589836499566 ], [ 0.65158984822449, 40.925628341300182 ], [ 0.651945860472945, 40.925635592959317 ], [ 0.651955420623171, 40.925365569180691 ], [ 0.652311431554764, 40.925372819673157 ], [ 0.652320990126928, 40.925102795856432 ], [ 0.65303300948775, 40.925117293365076 ], [ 0.653042564977522, 40.924847269395457 ], [ 0.654822608475111, 40.924883493632237 ], [ 0.65480351177139, 40.92542354228619 ], [ 0.655159523740739, 40.925430783994216 ], [ 0.655149976671552, 40.925700808346015 ], [ 0.655862003894079, 40.925715288559886 ], [ 0.655890636152981, 40.92490521500735 ], [ 0.655534626817714, 40.924897975632419 ], [ 0.655544172051389, 40.92462795116856 ], [ 0.655188164292358, 40.924620710764096 ], [ 0.655197710902364, 40.924350686355403 ], [ 0.655553717214785, 40.924357926691364 ], [ 0.655572807095028, 40.923817877647224 ], [ 0.656284814323902, 40.923832354706157 ], [ 0.656294356205389, 40.923562330048441 ], [ 0.655938353973519, 40.923555092113951 ], [ 0.655966983122448, 40.922745018212879 ], [ 0.655610985300361, 40.922737779384647 ], [ 0.655620529556583, 40.922467754805801 ], [ 0.655264533369896, 40.9224605149493 ], [ 0.655274078883647, 40.922190490423233 ], [ 0.654918084273019, 40.922183249537298 ], [ 0.654927631162932, 40.921913225066412 ], [ 0.65528362432872, 40.921920465838816 ], [ 0.655312259823815, 40.921110392087286 ], [ 0.655668248778432, 40.921117631601298 ], [ 0.655687335548566, 40.920577582208622 ], [ 0.656755294572646, 40.920599293708683 ], [ 0.656783910768196, 40.9197892189176 ], [ 0.65642792859718, 40.919781983038369 ], [ 0.656437468535519, 40.919511958162822 ], [ 0.656793449200949, 40.919519193972405 ], [ 0.656802987565107, 40.919249168968904 ], [ 0.656447008344331, 40.919241933272765 ], [ 0.656456547965886, 40.918971908321986 ], [ 0.65538861542264, 40.918950194762104 ], [ 0.655369527314903, 40.919490244192083 ], [ 0.652521689645548, 40.919432291933141 ], [ 0.65254080095053, 40.918892243645914 ], [ 0.652184824673818, 40.918884994798326 ], [ 0.652194381579474, 40.918614970656513 ], [ 0.651838406936428, 40.918607720825932 ], [ 0.651847965099165, 40.918337696736977 ], [ 0.651136019096337, 40.918323193874649 ], [ 0.6511455800793, 40.918053169954575 ], [ 0.650789608719532, 40.918045916922871 ], [ 0.650808733130498, 40.917505869130167 ], [ 0.65116470159807, 40.917513122024623 ], [ 0.651174262193201, 40.917243098015959 ], [ 0.651886196625569, 40.917257600374434 ], [ 0.651905311581309, 40.916717552082922 ], [ 0.65154934719232, 40.916710301589745 ], [ 0.65155890595044, 40.916440277513892 ], [ 0.651914868894992, 40.91644752789346 ], [ 0.651943539994973, 40.915637455326731 ], [ 0.651231622853791, 40.915622953835275 ], [ 0.651222063098385, 40.91589297788731 ], [ 0.650510143584452, 40.915878471867899 ], [ 0.650500580807299, 40.916148495768169 ], [ 0.649076737614656, 40.916119470238776 ], [ 0.649086306235017, 40.915849446614331 ], [ 0.648730347222781, 40.915842187545493 ], [ 0.64875905652512, 40.915032116743561 ], [ 0.652318609236523, 40.915104655844821 ], [ 0.652328164264862, 40.9148346315434 ], [ 0.651972209867853, 40.914827382628033 ], [ 0.651991322427086, 40.914287334118804 ], [ 0.651635371051581, 40.914280084242975 ], [ 0.651644928582419, 40.914010060035174 ], [ 0.65128897878252, 40.914002809130324 ], [ 0.651269860697773, 40.914542857439216 ], [ 0.650913908135956, 40.914535605299534 ], [ 0.650923468688277, 40.914265581243455 ], [ 0.650567517702122, 40.914258328074766 ], [ 0.650577079570479, 40.913988304072802 ], [ 0.649865180877718, 40.91397379462483 ], [ 0.649903438680185, 40.912893698976937 ], [ 0.649547495312516, 40.912886442858657 ], [ 0.649557060869, 40.912616418989963 ], [ 0.649201119076935, 40.912609161842781 ], [ 0.649210685949262, 40.912339138028202 ], [ 0.647430986103655, 40.912302836261276 ], [ 0.647421412002787, 40.912572859732379 ], [ 0.647065470990346, 40.912565595999894 ], [ 0.647075046536904, 40.912295572597529 ], [ 0.646719107100167, 40.912288307836235 ], [ 0.646747837356138, 40.911478237749272 ], [ 0.646035967546679, 40.91146370534657 ], [ 0.646045546910086, 40.911193682092275 ], [ 0.645689613644455, 40.911186414358433 ], [ 0.645699194324998, 40.910916391113368 ], [ 0.64605512614345, 40.910923658823435 ], [ 0.64606470524675, 40.910653635540079 ], [ 0.647844359123994, 40.910689957195764 ], [ 0.647873074029816, 40.909879886228715 ], [ 0.647517147343516, 40.909872624280887 ], [ 0.647565010169692, 40.908522506010705 ], [ 0.646853171580741, 40.908507979553754 ], [ 0.646862746683777, 40.908237955958278 ], [ 0.646506828999234, 40.908230691174339 ], [ 0.646525981645164, 40.907690644121061 ], [ 0.647593726294678, 40.907712434855959 ], [ 0.647584154343944, 40.907982458572953 ], [ 0.647940070912112, 40.907989720039836 ], [ 0.647930500336138, 40.908259743812188 ], [ 0.64828641847963, 40.908267004250398 ], [ 0.648305556670185, 40.907726956554981 ], [ 0.647949641417466, 40.907719696254148 ], [ 0.64797835203691, 40.906909624762505 ], [ 0.647622441248505, 40.90690236361543 ], [ 0.647632012621723, 40.906632339794101 ], [ 0.647276103408551, 40.906625077618422 ], [ 0.647285676097097, 40.906355053851279 ], [ 0.647641583863393, 40.906362316003261 ], [ 0.647670296869696, 40.90555224449971 ], [ 0.647314393437493, 40.905544982598876 ], [ 0.647323965604606, 40.905274958818595 ], [ 0.646612162023639, 40.905260431772511 ], [ 0.646621736951147, 40.904990408115161 ], [ 0.6462658368008, 40.904983143014967 ], [ 0.646275413102774, 40.90471311941301 ], [ 0.64591951446827, 40.904705853283112 ], [ 0.645929092085361, 40.904435829735384 ], [ 0.644861401414479, 40.904414025015967 ], [ 0.644870983177539, 40.904144001658779 ], [ 0.64451508801278, 40.904136731278719 ], [ 0.644534254098103, 40.903596684659554 ], [ 0.644890146374314, 40.90360395485704 ], [ 0.644899727747139, 40.903333931456267 ], [ 0.645611509855815, 40.903348468513329 ], [ 0.64562108821012, 40.903078444915458 ], [ 0.646332867948888, 40.903092977446278 ], [ 0.646342443283136, 40.902822953696379 ], [ 0.645986554821814, 40.902815688093909 ], [ 0.646024860693273, 40.901735593360158 ], [ 0.647448392255203, 40.901764648178521 ], [ 0.647362253093804, 40.904194863509581 ], [ 0.648074045635031, 40.904209385571974 ], [ 0.648093182820415, 40.903669337532953 ], [ 0.648449076394928, 40.90367659680345 ], [ 0.648458643317253, 40.903406572715355 ], [ 0.649882213194553, 40.903435598506803 ], [ 0.649872652052479, 40.903705622869509 ], [ 0.650940335114553, 40.903727380886195 ], [ 0.650959448659452, 40.903187331690681 ], [ 0.653094801004649, 40.90323081727751 ], [ 0.653085252936971, 40.903500842315864 ], [ 0.65379704101944, 40.903515328856749 ], [ 0.653787495713905, 40.903785353972644 ], [ 0.655566975321569, 40.903821551531756 ], [ 0.655576513403229, 40.903551526028345 ], [ 0.655932408256035, 40.903558762188794 ], [ 0.655941944702217, 40.903288736646189 ], [ 0.656297838241, 40.903295971595938 ], [ 0.65631690791418, 40.902755920331501 ], [ 0.6566727986907, 40.902763154092149 ], [ 0.656682331860041, 40.902493128324096 ], [ 0.65739411097059, 40.902507592418161 ], [ 0.657384580633587, 40.902777618276851 ], [ 0.658808146129528, 40.902806533526153 ], [ 0.658817670628672, 40.902536507347669 ], [ 0.65917356092502, 40.902543733360787 ], [ 0.659192606642196, 40.902003680913502 ], [ 0.659548494120072, 40.902010905646499 ], [ 0.659558015399068, 40.901740879333936 ], [ 0.659202129367763, 40.901733654624294 ], [ 0.659211651903147, 40.901463628364382 ], [ 0.65956753648949, 40.901470853005662 ], [ 0.659577057452254, 40.901200826617846 ], [ 0.659932940782224, 40.901208050094837 ], [ 0.659942460169209, 40.900938023669177 ], [ 0.66065422420994, 40.900952467147654 ], [ 0.660644707712813, 40.901222493709987 ], [ 0.661000591371112, 40.901229713894338 ], [ 0.661038650865773, 40.900149607240913 ], [ 0.66210628533768, 40.900171260347797 ], [ 0.662115795538631, 40.899901233454216 ], [ 0.661759918717346, 40.899894016902714 ], [ 0.66176943023403, 40.899623990062921 ], [ 0.662481181176904, 40.899638421888483 ], [ 0.66250019804364, 40.899098367892265 ], [ 0.662856070849537, 40.899105582000985 ], [ 0.662865577644492, 40.898835554912843 ], [ 0.663221449073773, 40.898842767900071 ], [ 0.663230954296484, 40.898572740684166 ], [ 0.662519214454941, 40.898558313794204 ], [ 0.662576260530166, 40.896938151195599 ], [ 0.662932121717427, 40.896945364802065 ], [ 0.662922615825849, 40.897215391991764 ], [ 0.663278478586807, 40.897222604569485 ], [ 0.663268974010853, 40.897492631812909 ], [ 0.66362483834551, 40.897499843361871 ], [ 0.663615335085216, 40.897769870659047 ], [ 0.663971200993579, 40.897777081179242 ], [ 0.663942694711901, 40.898587163232158 ], [ 0.665010305681295, 40.898608788768634 ], [ 0.665019803549627, 40.898338761242137 ], [ 0.665375672864891, 40.898345967465616 ], [ 0.665385169218845, 40.898075939857648 ], [ 0.666096905345053, 40.898090348922111 ], [ 0.666106398680642, 40.897820321163294 ], [ 0.666462265493131, 40.897827523959336 ], [ 0.666471757255138, 40.897557496117862 ], [ 0.667183488375673, 40.897571898327563 ], [ 0.667192977121025, 40.897301870290306 ], [ 0.667548841429046, 40.897309069704008 ], [ 0.667577302436486, 40.896498985388455 ], [ 0.666865582556295, 40.896484585916589 ], [ 0.666875072229438, 40.896214557934456 ], [ 0.666519213898326, 40.896207356598104 ], [ 0.666528704887234, 40.895937328669611 ], [ 0.666172848127974, 40.895930126349441 ], [ 0.666182340434193, 40.895660098429587 ], [ 0.666894051072218, 40.895674501879277 ], [ 0.666884561716035, 40.895944529891636 ], [ 0.668307990375388, 40.895973323901323 ], [ 0.668317474012573, 40.895703295617729 ], [ 0.668673330040699, 40.895710491286877 ], [ 0.668682812045277, 40.895440462919474 ], [ 0.669394521656278, 40.895454850876973 ], [ 0.669422958291404, 40.894644765235611 ], [ 0.669778808985214, 40.894651957387872 ], [ 0.66979776317061, 40.894111900069234 ], [ 0.669086067806617, 40.894097514987429 ], [ 0.66909554759444, 40.893827486464993 ], [ 0.667316318539724, 40.893791504925488 ], [ 0.667306831529683, 40.894061533107482 ], [ 0.666239291321963, 40.894039930781126 ], [ 0.66624878266531, 40.893769902803555 ], [ 0.66696047313974, 40.89378430530045 ], [ 0.666969961465411, 40.893514277172102 ], [ 0.668393338182105, 40.893543068730985 ], [ 0.668402820602947, 40.893273040270692 ], [ 0.669826193542331, 40.893301814006257 ], [ 0.669854622815533, 40.892491727813997 ], [ 0.670210462023307, 40.89249891832381 ], [ 0.670219936707602, 40.892228889465216 ], [ 0.670575774658957, 40.892236078811379 ], [ 0.670585247770314, 40.89196604987027 ], [ 0.670941084346651, 40.89197323805039 ], [ 0.67095055594284, 40.891703209072951 ], [ 0.67130639120502, 40.891710396043258 ], [ 0.671325331065404, 40.891170337862711 ], [ 0.672036996256038, 40.891184708287149 ], [ 0.672055929764378, 40.890644649820466 ], [ 0.672767589692099, 40.890659015585889 ], [ 0.672786516970479, 40.890118956745546 ], [ 0.674209826754446, 40.890147674570485 ], [ 0.674219284393784, 40.889877644878744 ], [ 0.674930937197452, 40.889891997075516 ], [ 0.674940391821639, 40.889621967188468 ], [ 0.675652042250368, 40.889636314862493 ], [ 0.675699299103208, 40.888286165118572 ], [ 0.67641093560402, 40.88830050772706 ], [ 0.676420383681953, 40.888030477481607 ], [ 0.677132017807672, 40.888044815567667 ], [ 0.677150907858812, 40.887504754853133 ], [ 0.677862536661951, 40.887519088280058 ], [ 0.677871978638419, 40.887249057721029 ], [ 0.678227791787457, 40.887256222744199 ], [ 0.678237232130898, 40.886986192146679 ], [ 0.678593044024976, 40.8869933559616 ], [ 0.678611921441043, 40.886453294542562 ], [ 0.680035158624979, 40.886481938381344 ], [ 0.680054024034873, 40.885941876408481 ], [ 0.679698217405767, 40.885934717206098 ], [ 0.679688783350568, 40.886204748132641 ], [ 0.679332975463337, 40.886197587812106 ], [ 0.679342410962442, 40.885927556953334 ], [ 0.678986604648784, 40.885920395558962 ], [ 0.678977167644887, 40.886190426393767 ], [ 0.678265552512486, 40.886176100224667 ], [ 0.678256112494192, 40.886446130864428 ], [ 0.67718868636642, 40.886424633159081 ], [ 0.677179241945871, 40.886694663627111 ], [ 0.676823432010044, 40.886687495448477 ], [ 0.676832877932268, 40.886417465094461 ], [ 0.673986414905083, 40.88636008091602 ], [ 0.673976957489102, 40.886630110773233 ], [ 0.672909531648065, 40.886608573386177 ], [ 0.672900069714157, 40.886878602978882 ], [ 0.670053594941945, 40.88682112125781 ], [ 0.670044121327982, 40.887091150292093 ], [ 0.669332501062684, 40.88707676874894 ], [ 0.669323024432198, 40.887346797632624 ], [ 0.668611401793546, 40.887332411566881 ], [ 0.668592442428422, 40.88787246906471 ], [ 0.666813373524863, 40.887836484048428 ], [ 0.66679439920639, 40.888376540762238 ], [ 0.666082766816438, 40.888362138843625 ], [ 0.666073276546288, 40.888632167041891 ], [ 0.666429094180202, 40.888639368618875 ], [ 0.666419605223701, 40.8889093969158 ], [ 0.666063786206615, 40.888902195226869 ], [ 0.66604480509412, 40.889442251192044 ], [ 0.666400627000974, 40.889449452972272 ], [ 0.666381648306466, 40.889989509422001 ], [ 0.666737473230384, 40.889996710241782 ], [ 0.666727985133278, 40.89026673853553 ], [ 0.666372158707475, 40.890259537601395 ], [ 0.666381648306466, 40.889989509422001 ], [ 0.665669998787369, 40.88997510444603 ], [ 0.665651013743208, 40.890515160518909 ], [ 0.665295186317467, 40.890507956272593 ], [ 0.665314174251547, 40.889967900291047 ], [ 0.664958349783712, 40.889960695083154 ], [ 0.664967845032008, 40.889690667116909 ], [ 0.663900377449151, 40.889669045041941 ], [ 0.663919376101879, 40.889128989562714 ], [ 0.663563556542953, 40.889121780128811 ], [ 0.663554055836974, 40.889391807807456 ], [ 0.661774952694384, 40.889355743935262 ], [ 0.661784460620747, 40.889085716597869 ], [ 0.662140279595525, 40.889092931471367 ], [ 0.662149785934502, 40.888822904456234 ], [ 0.661438151122315, 40.888808473706504 ], [ 0.661428641835928, 40.889078500583885 ], [ 0.660717004651971, 40.889064065310855 ], [ 0.660707492393384, 40.889334092443377 ], [ 0.659284213741167, 40.889305208417738 ], [ 0.659274695575544, 40.889575235307433 ], [ 0.65963051647528, 40.889582457993157 ], [ 0.659620999565241, 40.889852484935474 ], [ 0.659265177222992, 40.889845262136411 ], [ 0.659274695575544, 40.889575235307433 ], [ 0.658918874747295, 40.889568011478808 ], [ 0.658928394414717, 40.889297984703681 ], [ 0.657860937154654, 40.889276306890224 ], [ 0.657870461026605, 40.889006280260688 ], [ 0.657158826367426, 40.888991823053075 ], [ 0.657225509807458, 40.887101637822823 ], [ 0.655446476051476, 40.887065477986688 ], [ 0.655427409834198, 40.887605530432694 ], [ 0.654004173655722, 40.88757658225137 ], [ 0.654013712574278, 40.887306556331446 ], [ 0.65365790529764, 40.887299316601862 ], [ 0.653667445530605, 40.887029290735924 ], [ 0.652244223493242, 40.887000321170831 ], [ 0.65226331512312, 40.886460269898627 ], [ 0.65084010670826, 40.886431283381917 ], [ 0.65082100346986, 40.886971334059332 ], [ 0.650465198801751, 40.886964084574082 ], [ 0.65042698499183, 40.88804418552521 ], [ 0.650071174679386, 40.888036934623919 ], [ 0.65002339732186, 40.889387059772233 ], [ 0.649667579919186, 40.889379807431254 ], [ 0.649658022635991, 40.889649832412189 ], [ 0.649302203858098, 40.88964257894969 ], [ 0.649283086014346, 40.890182628730741 ], [ 0.647859800829121, 40.890153603278428 ], [ 0.647869365593795, 40.889883578624818 ], [ 0.647513546080137, 40.88987631961151 ], [ 0.647523112159028, 40.889606295012072 ], [ 0.647167294219278, 40.889599034970793 ], [ 0.647176861671653, 40.889329010426714 ], [ 0.646465229012155, 40.889314487145384 ], [ 0.646474799221071, 40.889044462769199 ], [ 0.646118984501337, 40.889037199529184 ], [ 0.646138127343739, 40.888497151274507 ], [ 0.645426504188573, 40.888482621781947 ], [ 0.645436078280298, 40.888212597567168 ], [ 0.644724458531276, 40.888198063870675 ], [ 0.6447436121614, 40.887658015628766 ], [ 0.644387805309601, 40.887650747294472 ], [ 0.644435694298723, 40.886300626801116 ], [ 0.643368296362149, 40.886278816164278 ], [ 0.643377878076914, 40.886008792245903 ], [ 0.643022080469137, 40.886001519894378 ], [ 0.643031663497594, 40.885731496030296 ], [ 0.643743256016611, 40.885746039455405 ], [ 0.643752836027516, 40.885476015439139 ], [ 0.644108631009512, 40.885483285415042 ], [ 0.644118209505959, 40.885213261316672 ], [ 0.644474003172647, 40.885220530172283 ], [ 0.64448358003767, 40.884950505944367 ], [ 0.644839372390665, 40.884957773634731 ], [ 0.644848947739711, 40.884687749369739 ], [ 0.644493156830411, 40.884680481748156 ], [ 0.644512309907285, 40.884140433309675 ], [ 0.644156522015284, 40.884133164729185 ], [ 0.644166099861658, 40.883863140558134 ], [ 0.643810313483989, 40.883855870948757 ], [ 0.643819892643956, 40.883585846831956 ], [ 0.643464107899215, 40.883578576196179 ], [ 0.643473688313435, 40.883308552132441 ], [ 0.644185255047388, 40.883323092125003 ], [ 0.644175677520319, 40.883593116326324 ], [ 0.645954603906379, 40.883629447487962 ], [ 0.645945033406456, 40.883899472062332 ], [ 0.646656607793499, 40.883913996981164 ], [ 0.646675742828132, 40.883373947586762 ], [ 0.646319958426428, 40.883366685834908 ], [ 0.646329527222961, 40.883096661162732 ], [ 0.645973744454009, 40.883089398384385 ], [ 0.645992884424327, 40.882549349176472 ], [ 0.645281325051931, 40.882534820560522 ], [ 0.645329187257031, 40.881184697998734 ], [ 0.643906098881741, 40.881155628984395 ], [ 0.643877364639291, 40.881965701731062 ], [ 0.643521588555726, 40.88195843150806 ], [ 0.64350242883675, 40.882498479810188 ], [ 0.643146649996238, 40.882491208353215 ], [ 0.643137068469324, 40.882761232390543 ], [ 0.642781288313766, 40.882753959813392 ], [ 0.642771705272555, 40.883023983768581 ], [ 0.641348580122653, 40.882994882084439 ], [ 0.641329402040598, 40.883534929444252 ], [ 0.640262050927529, 40.883513091267858 ], [ 0.640281237669308, 40.882973044366366 ], [ 0.640637018357439, 40.882980324687104 ], [ 0.640656201632021, 40.882440277588444 ], [ 0.641011979622608, 40.882447556676254 ], [ 0.641031159491073, 40.881907509336656 ], [ 0.640319609534182, 40.881892950297633 ], [ 0.640329202159254, 40.881622926766283 ], [ 0.63997342882035, 40.881615645648644 ], [ 0.63999261662599, 40.881075598681349 ], [ 0.639636846304146, 40.881068316605194 ], [ 0.639646441425359, 40.880798293168034 ], [ 0.638934904059166, 40.880783725864617 ], [ 0.638925305990298, 40.881053749207716 ], [ 0.637857996586441, 40.881031889868474 ], [ 0.637848394058711, 40.881301912945162 ], [ 0.635357999848485, 40.881250868995217 ], [ 0.63534838714589, 40.881520891575569 ], [ 0.635704158790304, 40.881528186945509 ], [ 0.635694547341347, 40.881798209579117 ], [ 0.635338774253517, 40.881790914140147 ], [ 0.635300321553847, 40.882871004346676 ], [ 0.634588764162648, 40.8828564096261 ], [ 0.634579147788512, 40.883126432026046 ], [ 0.633156028856325, 40.88309722919832 ], [ 0.633165651002879, 40.882827207119711 ], [ 0.632809873055039, 40.882819903729995 ], [ 0.632800249464973, 40.88308992573949 ], [ 0.632444470202659, 40.883082621229306 ], [ 0.632454095237816, 40.882812599243913 ], [ 0.630675208049349, 40.882776060456848 ], [ 0.630665575796719, 40.883046082096477 ], [ 0.629954018915154, 40.88303145873202 ], [ 0.629944383644766, 40.883301480218734 ], [ 0.629588603927004, 40.883294166822132 ], [ 0.629578967083923, 40.883564188180088 ], [ 0.628867405270787, 40.883549558006777 ], [ 0.628857765350522, 40.883819579210495 ], [ 0.627790419282448, 40.883797625497401 ], [ 0.627771130445672, 40.884337667491927 ], [ 0.626703776835164, 40.884315703494416 ], [ 0.626694127920099, 40.884585724240125 ], [ 0.625982556593795, 40.884571075969056 ], [ 0.625943948013861, 40.885651158295531 ], [ 0.625588156801551, 40.885643832261188 ], [ 0.625568848809251, 40.886183873175298 ], [ 0.625213054840617, 40.886176545905847 ], [ 0.625193743436693, 40.886716586623002 ], [ 0.624482150119384, 40.886701928472277 ], [ 0.624491808744686, 40.886431908259055 ], [ 0.624136013727222, 40.886424577585814 ], [ 0.624126353598891, 40.886694597728429 ], [ 0.621635781979076, 40.886643251962191 ], [ 0.621645452154126, 40.886373232304187 ], [ 0.62200124625491, 40.886380570607798 ], [ 0.622020583383171, 40.885840531110432 ], [ 0.622376374727832, 40.885847868178715 ], [ 0.622395708443845, 40.88530782848423 ], [ 0.622751497032431, 40.885315164317198 ], [ 0.622770827336369, 40.884775124425623 ], [ 0.623126613168931, 40.884782459023363 ], [ 0.623136276710176, 40.884512438986896 ], [ 0.622780492261894, 40.884505104457354 ], [ 0.62279015711714, 40.884235084430742 ], [ 0.622434374302908, 40.884227748875418 ], [ 0.622453706386686, 40.883687708959862 ], [ 0.622097926592327, 40.883680372401976 ], [ 0.622107593880103, 40.883410352514282 ], [ 0.621751815660464, 40.883403014929463 ], [ 0.621761484319796, 40.883132995097824 ], [ 0.620338378465189, 40.883103634161564 ], [ 0.620319029526724, 40.88364367325579 ], [ 0.619607471583696, 40.883628985931011 ], [ 0.619626826297665, 40.88308894706973 ], [ 0.619271050438969, 40.883081601924921 ], [ 0.619261371734658, 40.883351621271437 ], [ 0.618905594506191, 40.883344274914535 ], [ 0.618915274713262, 40.883074255638746 ], [ 0.618203723595127, 40.88305955982117 ], [ 0.618194040560439, 40.883329578959149 ], [ 0.617482487081134, 40.883314878617107 ], [ 0.617472801028064, 40.883584897601395 ], [ 0.616049689932752, 40.883555483484066 ], [ 0.616001228704466, 40.884905576837703 ], [ 0.616357013482999, 40.884912932381745 ], [ 0.616376395494713, 40.88437289491808 ], [ 0.616732177517682, 40.88438024922656 ], [ 0.616703108663933, 40.885190305587081 ], [ 0.615279963977762, 40.885160880983385 ], [ 0.615260572574417, 40.88570091794314 ], [ 0.615972150399944, 40.885715632693163 ], [ 0.615981843279389, 40.885445614103851 ], [ 0.616337631006008, 40.885452969743319 ], [ 0.616327939509279, 40.88572298844602 ], [ 0.615972150399944, 40.885715632693163 ], [ 0.61596245738894, 40.885985651267902 ], [ 0.615250876616838, 40.885970936377412 ], [ 0.615241180586936, 40.886240954798325 ], [ 0.61417380611542, 40.886218874008456 ], [ 0.614154404937792, 40.886758910432441 ], [ 0.613798610843565, 40.886751547822314 ], [ 0.613788908642361, 40.887021565965895 ], [ 0.613077317902309, 40.88700683731566 ], [ 0.613087023048592, 40.886736819357679 ], [ 0.612731229290212, 40.88672945345693 ], [ 0.61274093574844, 40.886459435554052 ], [ 0.612385143623166, 40.886452068672796 ], [ 0.612394851335625, 40.886182050778821 ], [ 0.611683270310057, 40.886167313820096 ], [ 0.611673559711915, 40.886437331529628 ], [ 0.611317767982031, 40.886429961358985 ], [ 0.611327480025445, 40.886159943674187 ], [ 0.610615899850097, 40.886145200138067 ], [ 0.610606184861703, 40.886415217637108 ], [ 0.610961976385587, 40.886422590046884 ], [ 0.61095226270899, 40.886692607601098 ], [ 0.610596469799121, 40.886685235167782 ], [ 0.610606184861703, 40.886415217637108 ], [ 0.610250393527373, 40.886407844177107 ], [ 0.61026010990173, 40.886137826701614 ], [ 0.609548530517655, 40.886123076586841 ], [ 0.609558249645765, 40.88585305928131 ], [ 0.609202461596034, 40.885845682626581 ], [ 0.609212182035818, 40.885575665376251 ], [ 0.608144823007566, 40.885553529087979 ], [ 0.608154547646131, 40.885283512032515 ], [ 0.607798763011475, 40.885276131131782 ], [ 0.607808488961593, 40.885006114131585 ], [ 0.606741140119536, 40.884983965104325 ], [ 0.606750870327528, 40.884713948300337 ], [ 0.604616184871114, 40.884669621062919 ], [ 0.604606446061298, 40.884939637448689 ], [ 0.603183319311894, 40.884910063780275 ], [ 0.60317357453646, 40.885180079870395 ], [ 0.602817791750217, 40.885172683665175 ], [ 0.602808045458266, 40.885442699671927 ], [ 0.602452261303108, 40.885435302254109 ], [ 0.602442513435289, 40.885705318176264 ], [ 0.602086728026561, 40.885697919638282 ], [ 0.602076978523554, 40.885967935474604 ], [ 0.601365405217588, 40.885953134924378 ], [ 0.601355652754352, 40.886223150607272 ], [ 0.600999864796223, 40.886215748638762 ], [ 0.600990110756984, 40.88648576423703 ], [ 0.600634321548569, 40.886478361058309 ], [ 0.600624565874009, 40.886748376570672 ], [ 0.60026877535276, 40.886740972270445 ], [ 0.60025901816142, 40.887010987699384 ], [ 0.598835851570409, 40.886981359162597 ], [ 0.598826088412684, 40.887251374295339 ], [ 0.598470295668162, 40.887243964327716 ], [ 0.598460530993539, 40.887513979376976 ], [ 0.597393149161759, 40.887491742773818 ], [ 0.597383379978868, 40.887761757191811 ], [ 0.596671789908338, 40.887746927107898 ], [ 0.596662017748443, 40.888016941822215 ], [ 0.595950425261799, 40.888002107210838 ], [ 0.5959406500818, 40.888272121770193 ], [ 0.595229055238468, 40.888257282632516 ], [ 0.595219277038306, 40.888527297036823 ], [ 0.594507679838417, 40.888512453372776 ], [ 0.594497898618018, 40.888782467622036 ], [ 0.59485369856733, 40.888789890026899 ], [ 0.594843918657931, 40.889059904331774 ], [ 0.595199720183768, 40.889067325710364 ], [ 0.595189941587039, 40.889337340025861 ], [ 0.594834138558117, 40.88932991857579 ], [ 0.594824358384851, 40.889599932806419 ], [ 0.595535967402126, 40.889614774794225 ], [ 0.595526189922835, 40.88988478919444 ], [ 0.595170383934461, 40.889877368656713 ], [ 0.595150825752541, 40.890417397184137 ], [ 0.593371783301016, 40.890380277433692 ], [ 0.593361996819521, 40.890650291369887 ], [ 0.592650377846637, 40.890635435616488 ], [ 0.592630798651826, 40.891175463117619 ], [ 0.592274986506527, 40.891168033456097 ], [ 0.592255403892276, 40.891708060758184 ], [ 0.592611218986391, 40.891715490516546 ], [ 0.592621008885546, 40.891445476824401 ], [ 0.592976822607669, 40.891452905459637 ], [ 0.592986610990936, 40.891182891638813 ], [ 0.593698235945868, 40.891197745478912 ], [ 0.59368845051142, 40.891467759396505 ], [ 0.592976822607669, 40.891452905459637 ], [ 0.592967034152459, 40.891722919222062 ], [ 0.592611218986391, 40.891715490516546 ], [ 0.592591638728453, 40.892255517900757 ], [ 0.596505644812352, 40.892337174716687 ], [ 0.59647632111433, 40.893147217934363 ], [ 0.5961204973986, 40.893139799889063 ], [ 0.596110721083593, 40.893409814194733 ], [ 0.595754896058117, 40.893402394937546 ], [ 0.5957353401994, 40.893942423410856 ], [ 0.595379512418411, 40.893935002916578 ], [ 0.595359953140457, 40.894475031191028 ], [ 0.595004122603897, 40.894467609459596 ], [ 0.594984559967457, 40.895007637491382 ], [ 0.594628726614355, 40.895000214566544 ], [ 0.594599377271827, 40.895810256292656 ], [ 0.594955214956028, 40.895817679473211 ], [ 0.594945432980989, 40.896087693422103 ], [ 0.593522077438614, 40.896057993931983 ], [ 0.593512289612901, 40.89632800758649 ], [ 0.593156449571469, 40.896320579878306 ], [ 0.593127080903166, 40.897130620587042 ], [ 0.594194614308085, 40.897152901006173 ], [ 0.594214184907416, 40.896612873445413 ], [ 0.594925868749522, 40.896627721323512 ], [ 0.594916086376113, 40.896897735228571 ], [ 0.595271929911045, 40.896905157592016 ], [ 0.595262148908516, 40.897175171553911 ], [ 0.59490630392921, 40.897167749120229 ], [ 0.59481825574993, 40.899597873573853 ], [ 0.595174113729368, 40.899605296639606 ], [ 0.595115417634826, 40.901225379357435 ], [ 0.594759550987746, 40.901217955870273 ], [ 0.594749766415883, 40.901487969528091 ], [ 0.594393898396009, 40.901480544917462 ], [ 0.594384112246615, 40.901750558490427 ], [ 0.593672373836301, 40.901735705795176 ], [ 0.593662584605334, 40.902005719211743 ], [ 0.592594973593975, 40.901983431706782 ], [ 0.59257538618359, 40.902523458076821 ], [ 0.59221951324156, 40.902516026604296 ], [ 0.592190126735164, 40.903326065837526 ], [ 0.591834249532472, 40.903318633055783 ], [ 0.591804857494765, 40.904128671946452 ], [ 0.591448976151511, 40.904121237812873 ], [ 0.591429377883513, 40.904661263570816 ], [ 0.591073493783525, 40.90465382819945 ], [ 0.59106369303555, 40.904923840964251 ], [ 0.59070780762208, 40.904916404470427 ], [ 0.590717609814963, 40.904646391775977 ], [ 0.589649958651703, 40.904624075831748 ], [ 0.589610731683223, 40.905704125676024 ], [ 0.589966621030609, 40.90571156571734 ], [ 0.589947009667199, 40.906251590693152 ], [ 0.590302902037695, 40.906259029778091 ], [ 0.590283292972549, 40.90679905483492 ], [ 0.58992739771037, 40.906791615654193 ], [ 0.589917591562746, 40.907061628090908 ], [ 0.589561694930947, 40.907054187696389 ], [ 0.58955188720511, 40.907324200048087 ], [ 0.589195989319065, 40.907316758532204 ], [ 0.589186179955677, 40.907586770797643 ], [ 0.588830280759331, 40.907579328069133 ], [ 0.588810658861442, 40.908119352417756 ], [ 0.588454756847088, 40.908111908494973 ], [ 0.588425318606477, 40.908921944695678 ], [ 0.588781224954692, 40.908929388874753 ], [ 0.588761601665514, 40.909469413075897 ], [ 0.588049783438429, 40.909454523386209 ], [ 0.588030153835425, 40.909994547247095 ], [ 0.587318330300991, 40.909979652885234 ], [ 0.587308512438708, 40.910249664653428 ], [ 0.586952599456611, 40.9102422157342 ], [ 0.586942780014106, 40.910512227462291 ], [ 0.586586865660698, 40.91050477737403 ], [ 0.586557402142925, 40.911314812122868 ], [ 0.586201483644532, 40.911307360772042 ], [ 0.58618183778146, 40.911847383724634 ], [ 0.585825916467976, 40.91183993108919 ], [ 0.585816091889362, 40.912109942518029 ], [ 0.58474832453004, 40.912087577863467 ], [ 0.58473849548341, 40.912357589021077 ], [ 0.584382571872046, 40.912350131856343 ], [ 0.584372741187211, 40.912620142927544 ], [ 0.585796442275935, 40.912649965240547 ], [ 0.585786617298812, 40.912919976580504 ], [ 0.586142544334728, 40.912927429496726 ], [ 0.586132720669707, 40.913197440892532 ], [ 0.585776792188304, 40.91318998790581 ], [ 0.585786617298812, 40.912919976580504 ], [ 0.585074763625511, 40.912905067500844 ], [ 0.58506493556471, 40.913175078683857 ], [ 0.58435307953579, 40.913160165028494 ], [ 0.584343248448922, 40.913430176100796 ], [ 0.583631390062878, 40.913415257914629 ], [ 0.583621556012475, 40.913685268787397 ], [ 0.583265625513234, 40.913677808021362 ], [ 0.583255789883788, 40.913947818808907 ], [ 0.582187994972659, 40.913925429626907 ], [ 0.582158474213685, 40.91473546126501 ], [ 0.58251441009286, 40.914742925650799 ], [ 0.582504570978736, 40.915012936237346 ], [ 0.583572383637467, 40.915035322974184 ], [ 0.583582218414766, 40.914765312175845 ], [ 0.583938154768805, 40.914772772170501 ], [ 0.583957820914685, 40.91423275034127 ], [ 0.584313754570379, 40.914240209098566 ], [ 0.584333417289549, 40.913700187114678 ], [ 0.585045279161462, 40.913715101008464 ], [ 0.585055107429806, 40.913445089853475 ], [ 0.586122896871318, 40.913467452273728 ], [ 0.586113072939548, 40.913737463640267 ], [ 0.585757141507786, 40.91373001051128 ], [ 0.585737490351384, 40.914270033104486 ], [ 0.584669688300223, 40.914247666757163 ], [ 0.584650027879011, 40.9147876888224 ], [ 0.583938154768805, 40.914772772170501 ], [ 0.583928321496444, 40.915042783040661 ], [ 0.583572383637467, 40.915035322974184 ], [ 0.583562548785962, 40.915305333759122 ], [ 0.582494731790359, 40.915282946810493 ], [ 0.582475052951882, 40.915822967956665 ], [ 0.58283099468785, 40.91583043152616 ], [ 0.582821156544408, 40.916100442126002 ], [ 0.582109270253724, 40.916085513792041 ], [ 0.582099429025983, 40.916355524234781 ], [ 0.581387540436006, 40.916340591415668 ], [ 0.581367851795136, 40.916880612019703 ], [ 0.581011904810796, 40.916873143777558 ], [ 0.581021750642969, 40.916603133576025 ], [ 0.580309859905839, 40.91658819398419 ], [ 0.580300011241519, 40.916858204045631 ], [ 0.579944064597293, 40.916850732554629 ], [ 0.579914513342847, 40.917660762526566 ], [ 0.580270464265047, 40.917668234228415 ], [ 0.58026061506424, 40.917938244276286 ], [ 0.579904662638544, 40.917930772457524 ], [ 0.579914513342847, 40.917660762526566 ] ], [ [ 0.632722896093423, 40.895248207833923 ], [ 0.63307874059322, 40.89525551330641 ], [ 0.633069113821574, 40.895525534783459 ], [ 0.632713267877387, 40.895518229241873 ], [ 0.632722896093423, 40.895248207833923 ] ], [ [ 0.629782951581568, 40.957608123571539 ], [ 0.630139129996185, 40.957615447225017 ], [ 0.630129470085055, 40.957885465200157 ], [ 0.629773290221513, 40.957878141477416 ], [ 0.629782951581568, 40.957608123571539 ] ], [ [ 0.626377704943228, 40.94321656082009 ], [ 0.626733805149707, 40.943223892888369 ], [ 0.626724136262128, 40.943493910873229 ], [ 0.626368034607787, 40.943486578735595 ], [ 0.626377704943228, 40.94321656082009 ] ], [ [ 0.574041965330963, 40.932129014235102 ], [ 0.574397992345012, 40.932136506226698 ], [ 0.574388114159954, 40.932406514375813 ], [ 0.574032085699071, 40.932399022313362 ], [ 0.574041965330963, 40.932129014235102 ] ], [ [ 0.644601331213004, 40.901706520942739 ], [ 0.644957213372765, 40.901713790703717 ], [ 0.64494763278037, 40.901983814191716 ], [ 0.644591749175688, 40.901976544361943 ], [ 0.644601331213004, 40.901706520942739 ] ], [ [ 0.633441884189636, 40.944983108804998 ], [ 0.63379799570764, 40.944990419269438 ], [ 0.633788355051632, 40.945260438553149 ], [ 0.633432242085608, 40.945253128019552 ], [ 0.633441884189636, 40.944983108804998 ] ], [ [ 0.632405568882578, 40.894160815715253 ], [ 0.632761407474258, 40.894168122008033 ], [ 0.632751779840326, 40.894438143475384 ], [ 0.632395939745014, 40.89443083711226 ], [ 0.632405568882578, 40.894160815715253 ] ], [ [ 0.617818894373946, 40.883862267451285 ], [ 0.618174674035831, 40.883869617235106 ], [ 0.618164990606831, 40.88413963632933 ], [ 0.617809209442132, 40.884132286474738 ], [ 0.617818894373946, 40.883862267451285 ] ], [ [ 0.595547859844195, 40.948252141837351 ], [ 0.595903979150694, 40.948259569863943 ], [ 0.595894182961224, 40.94852958153907 ], [ 0.595538062265971, 40.948522153443463 ], [ 0.595547859844195, 40.948252141837351 ] ], [ [ 0.612483932121558, 40.933201822709876 ], [ 0.612839974953015, 40.933209196212744 ], [ 0.612830252906147, 40.933479211940501 ], [ 0.612474208625994, 40.933471838412885 ], [ 0.612483932121558, 40.933201822709876 ] ], [ [ 0.625259849869835, 40.894824519882043 ], [ 0.625615690235749, 40.894831848319875 ], [ 0.625606033263195, 40.895101868357692 ], [ 0.62525019151225, 40.895094539851748 ], [ 0.625259849869835, 40.894824519882043 ] ], [ [ 0.618540135744147, 40.883606946700439 ], [ 0.618895914225396, 40.883614294221992 ], [ 0.618886233814828, 40.883884313469864 ], [ 0.618530453830782, 40.883876965877562 ], [ 0.618540135744147, 40.883606946700439 ] ], [ [ 0.615801177958591, 40.969749698613334 ], [ 0.616157418040862, 40.96975706724232 ], [ 0.616147697060186, 40.970027081907887 ], [ 0.615791455468798, 40.970019713207968 ], [ 0.615801177958591, 40.969749698613334 ] ], [ [ 0.651434632260146, 40.919950589597832 ], [ 0.651790614002891, 40.919957840914215 ], [ 0.651781055003741, 40.920227864869801 ], [ 0.651425071813128, 40.920220613529807 ], [ 0.651434632260146, 40.919950589597832 ] ], [ [ 0.631780574090962, 40.891716007758475 ], [ 0.632136399423218, 40.891723315622514 ], [ 0.632126770017855, 40.891993337081388 ], [ 0.631770943239851, 40.891986029193205 ], [ 0.631780574090962, 40.891716007758475 ] ], [ [ 0.591230753222719, 40.968968599119826 ], [ 0.591586982698012, 40.9689760435529 ], [ 0.591577161763297, 40.969246053398614 ], [ 0.591220930836776, 40.969238608940145 ], [ 0.591230753222719, 40.968968599119826 ] ], [ [ 0.631613975086905, 40.93629861302059 ], [ 0.63197003949307, 40.936305927862946 ], [ 0.631960394280088, 40.936575947241359 ], [ 0.631604328428149, 40.936568632284818 ], [ 0.631613975086905, 40.93629861302059 ] ], [ [ 0.652512133856173, 40.919702316101159 ], [ 0.652868114543559, 40.919709564010439 ], [ 0.652858560011368, 40.919979588231307 ], [ 0.652502577879323, 40.919972340208467 ], [ 0.652512133856173, 40.919702316101159 ] ], [ [ 0.618987924676891, 40.970356006984304 ], [ 0.619344168847884, 40.970363365810414 ], [ 0.61933446059037, 40.970633381117374 ], [ 0.618978214971186, 40.970626022176667 ], [ 0.618987924676891, 40.970356006984304 ] ], [ [ 0.605806982545614, 40.970082956378285 ], [ 0.606163221822522, 40.970090355937565 ], [ 0.60615345998442, 40.970360368618579 ], [ 0.605797219198403, 40.970352968988067 ], [ 0.605806982545614, 40.970082956378285 ] ], [ [ 0.64850063028305, 40.92232274933378 ], [ 0.648856624003845, 40.922330010051063 ], [ 0.648847052264979, 40.922600033326738 ], [ 0.648491057096153, 40.922592772585752 ], [ 0.64850063028305, 40.92232274933378 ] ], [ [ 0.626048769889077, 40.892679014136952 ], [ 0.626404598903795, 40.892686339825403 ], [ 0.626394945927591, 40.892956360119626 ], [ 0.626039115409376, 40.892949034360633 ], [ 0.626048769889077, 40.892679014136952 ] ], [ [ 0.644008100749302, 40.928446046786007 ], [ 0.644364126181436, 40.928453322261241 ], [ 0.644354534090425, 40.928723344377467 ], [ 0.64399850720983, 40.928716068878408 ], [ 0.644008100749302, 40.928446046786007 ] ], [ [ 0.628222327777607, 40.891642868975907 ], [ 0.62857815186095, 40.891650187808168 ], [ 0.628568508014265, 40.891920208575073 ], [ 0.628212682546095, 40.891912889674799 ], [ 0.628222327777607, 40.891642868975907 ] ], [ [ 0.594603561379697, 40.964445379882122 ], [ 0.594959767475376, 40.964452813179882 ], [ 0.594949961851266, 40.964722823907444 ], [ 0.594593754365683, 40.964715390540619 ], [ 0.594603561379697, 40.964445379882122 ] ], [ [ 0.633557579649123, 40.94174287687806 ], [ 0.633913673790795, 40.941750186557698 ], [ 0.633904034705647, 40.942020206016117 ], [ 0.63354793911457, 40.942012896312356 ], [ 0.633557579649123, 40.94174287687806 ] ], [ [ 0.644906396870584, 40.883067603379686 ], [ 0.645262179249752, 40.883074869447256 ], [ 0.645252606181802, 40.883344893914433 ], [ 0.64489682236065, 40.88333762773312 ], [ 0.644906396870584, 40.883067603379686 ] ], [ [ 0.625858941441077, 40.93780153451123 ], [ 0.62621501243346, 40.937808867344359 ], [ 0.626205343334224, 40.938078885528157 ], [ 0.625849270895977, 40.938071552580652 ], [ 0.625858941441077, 40.93780153451123 ] ], [ [ 0.625907292378127, 40.936451443859248 ], [ 0.626263356133469, 40.936458776345567 ], [ 0.626253687690688, 40.936728794602189 ], [ 0.625897622489579, 40.936721462001515 ], [ 0.625907292378127, 40.936451443859248 ] ], [ [ 0.625746904633296, 40.970765653645309 ], [ 0.626103152756013, 40.970772991646243 ], [ 0.626093471974774, 40.971043008215297 ], [ 0.625737222342813, 40.971035670143728 ], [ 0.625746904633296, 40.970765653645309 ] ], [ [ 0.637348884904923, 40.895343093199266 ], [ 0.637704731102047, 40.895350384412666 ], [ 0.637695123167131, 40.895620406788602 ], [ 0.637339275523965, 40.895613115551221 ], [ 0.637348884904923, 40.895343093199266 ] ], [ [ 0.629616705903172, 40.892482200558696 ], [ 0.62997253478319, 40.892489515210578 ], [ 0.629962896379799, 40.892759536211926 ], [ 0.629607066053997, 40.892752221535851 ], [ 0.629616705903172, 40.892482200558696 ] ], [ [ 0.629847225091074, 40.895999787222863 ], [ 0.630203072877915, 40.896007101677682 ], [ 0.630193434217907, 40.896277122558985 ], [ 0.629837584985004, 40.896269808079964 ], [ 0.629847225091074, 40.895999787222863 ] ], [ [ 0.601079600458265, 40.95296107278773 ], [ 0.601435746454025, 40.952968484378992 ], [ 0.601425971237355, 40.953238496929735 ], [ 0.601069823733766, 40.953231085267156 ], [ 0.601079600458265, 40.95296107278773 ] ], [ [ 0.630621957048395, 40.944114529193953 ], [ 0.630978063174467, 40.944121848240727 ], [ 0.63096841132756, 40.944391867014623 ], [ 0.630612303694188, 40.944384547897371 ], [ 0.630621957048395, 40.944114529193953 ] ], [ [ 0.622288553554752, 40.937998162865924 ], [ 0.622644624680562, 40.938005506753143 ], [ 0.622634940975247, 40.938275524228203 ], [ 0.622278868403597, 40.938268180226522 ], [ 0.622288553554752, 40.937998162865924 ] ], [ [ 0.630901846611418, 40.936283979949415 ], [ 0.631257910753989, 40.936291297033605 ], [ 0.63124826270719, 40.936561316229827 ], [ 0.630892197056297, 40.9365539991202 ], [ 0.630901846611418, 40.936283979949415 ] ], [ [ 0.594845422090377, 40.947967271010107 ], [ 0.595201539682698, 40.947974701164007 ], [ 0.595191740730087, 40.948244712713205 ], [ 0.594835621747422, 40.948237282535281 ], [ 0.594845422090377, 40.947967271010107 ] ], [ [ 0.599723491482614, 40.951041329401562 ], [ 0.600079626808548, 40.951048744897712 ], [ 0.600069846726122, 40.951318757315292 ], [ 0.599713709894152, 40.951311341702727 ], [ 0.599723491482614, 40.951041329401562 ] ], [ [ 0.629563296969129, 40.943822546814836 ], [ 0.629919401252363, 40.943829869133516 ], [ 0.629909745192739, 40.944099887714223 ], [ 0.629553639400632, 40.94409256537007 ], [ 0.629563296969129, 40.943822546814836 ] ], [ [ 0.61177184679377, 40.933187072453187 ], [ 0.612127889422118, 40.933194448108772 ], [ 0.612118164479479, 40.933464463742006 ], [ 0.611762120465025, 40.933457087972876 ], [ 0.61177184679377, 40.933187072453187 ] ], [ [ 0.605548383783288, 40.967375429421928 ], [ 0.605904608432987, 40.967382829335918 ], [ 0.605894846469449, 40.967652842138008 ], [ 0.605538620312468, 40.967645442107781 ], [ 0.605548383783288, 40.967375429421928 ] ], [ [ 0.605904638575324, 40.947657066881135 ], [ 0.606260757327917, 40.947664462831156 ], [ 0.606251003590943, 40.947934476584408 ], [ 0.60589488332927, 40.947927080608196 ], [ 0.605904638575324, 40.947657066881135 ] ], [ [ 0.601504169494632, 40.951078396029537 ], [ 0.601860305543774, 40.951085806032388 ], [ 0.601850532643634, 40.951355818799264 ], [ 0.601494395207139, 40.951348408682563 ], [ 0.601504169494632, 40.951078396029537 ] ], [ [ 0.622991013680018, 40.938282867086407 ], [ 0.623347086514639, 40.938290208891139 ], [ 0.62333740557443, 40.938560226445539 ], [ 0.622981331231357, 40.938552884615127 ], [ 0.622991013680018, 40.938282867086407 ] ], [ [ 0.583918488031256, 40.915312793894941 ], [ 0.584274427471008, 40.915320252889494 ], [ 0.584264595316331, 40.915590263844706 ], [ 0.58390865449188, 40.915582804735827 ], [ 0.583918488031256, 40.915312793894941 ] ], [ [ 0.626397045162422, 40.942676524899134 ], [ 0.626753142473245, 40.942683856828687 ], [ 0.6267434739076, 40.942953874843916 ], [ 0.626387375088, 40.942946542888798 ], [ 0.626397045162422, 40.942676524899134 ] ], [ [ 0.595368101114169, 40.94338450231195 ], [ 0.595724194226855, 40.943391930127525 ], [ 0.595714398982172, 40.943661942040528 ], [ 0.595358304482727, 40.943654514110932 ], [ 0.595368101114169, 40.94338450231195 ] ], [ [ 0.633175000712059, 40.89255529759189 ], [ 0.633530830960488, 40.892562601232619 ], [ 0.633521206938174, 40.892832622969337 ], [ 0.633165375306461, 40.89282531921571 ], [ 0.633175000712059, 40.89255529759189 ] ], [ [ 0.594753821924784, 40.970123035668529 ], [ 0.59511005853157, 40.970130469386966 ], [ 0.595090444514834, 40.970670490355111 ], [ 0.594734205007003, 40.970663056541042 ], [ 0.594753821924784, 40.970123035668529 ] ], [ [ 0.626522743870023, 40.939166290106627 ], [ 0.626878822362523, 40.939173621089566 ], [ 0.626859488452307, 40.939713657528067 ], [ 0.626503407066262, 40.939706326361403 ], [ 0.626522743870023, 40.939166290106627 ] ], [ [ 0.619900046025831, 40.944974512472527 ], [ 0.620256154000813, 40.944981864803601 ], [ 0.620236762186079, 40.945521898100758 ], [ 0.619880651315149, 40.945514545630608 ], [ 0.619900046025831, 40.944974512472527 ] ], [ [ 0.61451989840512, 40.886496253649838 ], [ 0.615231484364512, 40.886510973248441 ], [ 0.615221788071391, 40.886780991640187 ], [ 0.614510199223, 40.886766271947309 ], [ 0.61451989840512, 40.886496253649838 ] ], [ [ 0.602333688427001, 40.947853060150678 ], [ 0.602689807363063, 40.947860467114886 ], [ 0.602670270409009, 40.948400493219992 ], [ 0.602314148637704, 40.948393086071874 ], [ 0.602333688427001, 40.947853060150678 ] ], [ [ 0.631289885345337, 40.895488996195716 ], [ 0.63164573082751, 40.895496306080958 ], [ 0.631626465394457, 40.896036348484479 ], [ 0.631270617084354, 40.896029038417133 ], [ 0.631289885345337, 40.895488996195716 ] ], [ [ 0.611810750969388, 40.932107010142197 ], [ 0.612522824661645, 40.932121759839532 ], [ 0.612513101753509, 40.932391775602142 ], [ 0.611801025107933, 40.932377025764033 ], [ 0.611810750969388, 40.932107010142197 ] ], [ [ 0.620307134173853, 40.893911749701658 ], [ 0.621374637038227, 40.893933777117731 ], [ 0.621364963187007, 40.894203796367698 ], [ 0.620297455989868, 40.894181768743223 ], [ 0.620307134173853, 40.893911749701658 ] ], [ [ 0.60106004693585, 40.953501097733181 ], [ 0.602128494068333, 40.95352332972179 ], [ 0.602118721423817, 40.953793342382276 ], [ 0.601050269944182, 40.953771110228367 ], [ 0.60106004693585, 40.953501097733181 ] ], [ [ 0.621769160003827, 40.892861039944783 ], [ 0.621759488062733, 40.893131059321284 ], [ 0.622115318451164, 40.893138398310505 ], [ 0.622095977122837, 40.893678437159899 ], [ 0.621740143905299, 40.893671098033018 ], [ 0.621749816049664, 40.893401078684441 ], [ 0.621393984406032, 40.893393738575249 ], [ 0.621413331190869, 40.892853699928295 ], [ 0.621769160003827, 40.892861039944783 ] ], [ [ 0.627138240601474, 40.941881133275864 ], [ 0.627128573877467, 40.942151151404154 ], [ 0.627484668556869, 40.942158480952713 ], [ 0.62746533754969, 40.942698517348028 ], [ 0.627109239915348, 40.94269118765957 ], [ 0.627118906962848, 40.942421169516656 ], [ 0.626762810966939, 40.942413838800114 ], [ 0.626782147502719, 40.941873802653014 ], [ 0.627138240601474, 40.941881133275864 ] ], [ [ 0.622432471506729, 40.894225814119984 ], [ 0.622422801855417, 40.89449583360873 ], [ 0.622778639669898, 40.894503170705363 ], [ 0.622768971333237, 40.894773190203949 ], [ 0.622413132074442, 40.894765853037889 ], [ 0.6224034621029, 40.895035872451281 ], [ 0.621691781092109, 40.895021194644897 ], [ 0.621701453892992, 40.894751175369187 ], [ 0.622057292889225, 40.894758514728821 ], [ 0.622076635267795, 40.894218475996013 ], [ 0.622432471506729, 40.894225814119984 ] ], [ [ 0.626946486940784, 40.937283493164024 ], [ 0.627302555432106, 40.937290822563078 ], [ 0.627312219852963, 40.937020804173784 ], [ 0.6276682870265, 40.937028132450067 ], [ 0.62767794987034, 40.93675811393188 ], [ 0.628390081716218, 40.936772767050535 ], [ 0.628399741534092, 40.936502748379134 ], [ 0.628755806206406, 40.936510073221527 ], [ 0.628746147896872, 40.936780091918443 ], [ 0.628390081716218, 40.936772767050535 ], [ 0.628370761749519, 40.93731280426082 ], [ 0.627302555432106, 40.937290822563078 ], [ 0.627283226254429, 40.937830859344224 ], [ 0.626927154869823, 40.937823529761481 ], [ 0.626946486940784, 40.937283493164024 ] ], [ [ 0.621632135686723, 40.946361347552688 ], [ 0.621641826291614, 40.946091330700128 ], [ 0.622354055334395, 40.946106023788367 ], [ 0.622334679783656, 40.946646057801857 ], [ 0.621978562330834, 40.946638711646266 ], [ 0.621968872970188, 40.946908728540372 ], [ 0.621256635502147, 40.946894032837541 ], [ 0.62126632781832, 40.946624016083675 ], [ 0.620910210700936, 40.946616666630469 ], [ 0.62091990433356, 40.946346649931556 ], [ 0.621632135686723, 40.946361347552688 ] ], [ [ 0.60339228005682, 40.948145291013127 ], [ 0.604104521633197, 40.948160097432549 ], [ 0.604114284250667, 40.947890084115045 ], [ 0.603758164785753, 40.947882681501035 ], [ 0.603777692520765, 40.947342654917236 ], [ 0.604133809030179, 40.947350057389976 ], [ 0.604124046677849, 40.947620070736704 ], [ 0.604480164827245, 40.9476274721819 ], [ 0.604470403790436, 40.947897485584029 ], [ 0.604826523461117, 40.947904885999208 ], [ 0.604816763799224, 40.948174899457982 ], [ 0.604104521633197, 40.948160097432549 ], [ 0.604084996058263, 40.948700124069973 ], [ 0.603728872308314, 40.948692721247113 ], [ 0.603738636579733, 40.948422708027607 ], [ 0.603382514410525, 40.94841530417596 ], [ 0.60339228005682, 40.948145291013127 ] ], [ [ 0.650213635961831, 40.924249206581713 ], [ 0.650184935102188, 40.925059276931371 ], [ 0.650540943939506, 40.925066532800429 ], [ 0.650521812197229, 40.925606579778233 ], [ 0.649453777398287, 40.925584808374985 ], [ 0.649472917761131, 40.925044761807904 ], [ 0.649828926337029, 40.925052019918049 ], [ 0.64985763159581, 40.924241949775563 ], [ 0.650213635961831, 40.924249206581713 ] ], [ [ 0.605153368164452, 40.948722325901791 ], [ 0.6051631266449, 40.948452312357261 ], [ 0.605519249536233, 40.948459710716044 ], [ 0.605509492446219, 40.948729724284327 ], [ 0.60586561685885, 40.948737121613014 ], [ 0.605885128011711, 40.9481970942769 ], [ 0.606597371443427, 40.948211885312936 ], [ 0.606577866142523, 40.948751912930135 ], [ 0.60586561685885, 40.948737121613014 ], [ 0.605846105237056, 40.949277148846939 ], [ 0.605133850749916, 40.949262352855825 ], [ 0.605143609493766, 40.94899233938547 ], [ 0.604787483897982, 40.948984939789128 ], [ 0.604797244016839, 40.94871492637543 ], [ 0.605153368164452, 40.948722325901791 ] ], [ [ 0.627837563403859, 40.892445610937159 ], [ 0.627827916335369, 40.892715631523096 ], [ 0.629251235860651, 40.892744905718025 ], [ 0.629241594378709, 40.893014926565165 ], [ 0.627818269075018, 40.892985652138229 ], [ 0.627827916335369, 40.892715631523096 ], [ 0.627472086795018, 40.892708310266563 ], [ 0.62748173530928, 40.892438289704899 ], [ 0.627125907344078, 40.892430967420943 ], [ 0.627145206866374, 40.89189092643749 ], [ 0.627501032000985, 40.891898248629104 ], [ 0.627491383690971, 40.892168269173666 ], [ 0.628558864095963, 40.892190229328641 ], [ 0.628549220046758, 40.892460250067664 ], [ 0.627837563403859, 40.892445610937159 ] ], [ [ 0.65105952673238, 40.920483384850797 ], [ 0.652483465594125, 40.920512388425657 ], [ 0.652493021771135, 40.920242364346215 ], [ 0.652849005410386, 40.920249612393846 ], [ 0.652839450618749, 40.920519636585666 ], [ 0.652483465594125, 40.920512388425657 ], [ 0.652445239407356, 40.921592484684567 ], [ 0.652089248727093, 40.921585235152349 ], [ 0.652108364943048, 40.921045187188518 ], [ 0.650684415089266, 40.921016178674542 ], [ 0.650693978757447, 40.920746154967176 ], [ 0.651049964638765, 40.92075340868633 ], [ 0.65105952673238, 40.920483384850797 ] ], [ [ 0.644873583996485, 40.924140239377536 ], [ 0.644863995434057, 40.924410261840251 ], [ 0.645219999426024, 40.924417534087112 ], [ 0.645210412240912, 40.924687556560286 ], [ 0.644498401433083, 40.924673010874756 ], [ 0.644479220826595, 40.925213055501061 ], [ 0.643767204812575, 40.925198505149396 ], [ 0.643786391207047, 40.924658460753399 ], [ 0.643430386287803, 40.924651184090735 ], [ 0.643449575054382, 40.924111139774247 ], [ 0.643093573160104, 40.924103862106271 ], [ 0.643103168764048, 40.923833840016975 ], [ 0.643459169272729, 40.923841117572294 ], [ 0.643468763299873, 40.923571095399602 ], [ 0.643824762431379, 40.92357837183193 ], [ 0.643805577080516, 40.924118416299251 ], [ 0.644873583996485, 40.924140239377536 ] ], [ [ 0.652031896966061, 40.923205378650124 ], [ 0.651319898576654, 40.923190875512539 ], [ 0.651310336632732, 40.923460899226384 ], [ 0.649886335685334, 40.92343187950231 ], [ 0.649895903476197, 40.923161856019213 ], [ 0.65096389960714, 40.923183622274905 ], [ 0.650973462927046, 40.922913598616368 ], [ 0.651329460450072, 40.922920851785385 ], [ 0.651339022135921, 40.922650827997479 ], [ 0.652407011205378, 40.922672580667196 ], [ 0.652397453799612, 40.922942604659681 ], [ 0.652753451902749, 40.922949853393085 ], [ 0.652743895813709, 40.923219877439642 ], [ 0.653099895433759, 40.923227125142418 ], [ 0.653090340661486, 40.923497149243019 ], [ 0.653802343241555, 40.92351164153802 ], [ 0.65379279123263, 40.923781665761183 ], [ 0.65236878092554, 40.923752676462414 ], [ 0.652378338661281, 40.923482652512298 ], [ 0.652022337854241, 40.923475402544966 ], [ 0.652031896966061, 40.923205378650124 ] ], [ [ 0.630616741463579, 40.89439428893931 ], [ 0.630607105032936, 40.894664309977159 ], [ 0.630962945859497, 40.894671621892307 ], [ 0.630972580905121, 40.894401600786487 ], [ 0.631328420419761, 40.894408911490665 ], [ 0.631347687111414, 40.893868869094533 ], [ 0.630636013991753, 40.893854246821135 ], [ 0.630645650031573, 40.89358422569461 ], [ 0.631001485140236, 40.893591537334252 ], [ 0.6310111196034, 40.893321516168974 ], [ 0.631722787207546, 40.893336135972149 ], [ 0.631732418710751, 40.893066114655177 ], [ 0.632799916764013, 40.893088035949241 ], [ 0.63278066241097, 40.893628078985856 ], [ 0.632068991074563, 40.893613465623815 ], [ 0.63201120742506, 40.895233593642253 ], [ 0.630587831718274, 40.895204352052986 ], [ 0.630607105032936, 40.894664309977159 ], [ 0.630251264335582, 40.894656997010202 ], [ 0.630260902210556, 40.894386976041538 ], [ 0.630616741463579, 40.89439428893931 ] ], [ [ 0.622056072780928, 40.944478575839682 ], [ 0.622065760957449, 40.944208558814374 ], [ 0.622421865437664, 40.94421590434581 ], [ 0.622431552036331, 40.94394588719144 ], [ 0.623499861805352, 40.943967916937673 ], [ 0.62349017949265, 40.944237934254225 ], [ 0.624202389577273, 40.94425261542753 ], [ 0.624212068995776, 40.943982597927096 ], [ 0.623855965304352, 40.943975258003626 ], [ 0.623865646039302, 40.943705240558067 ], [ 0.623509543986576, 40.943697899606548 ], [ 0.623519225978583, 40.94342788221465 ], [ 0.624231427375894, 40.943442562971335 ], [ 0.624221748221883, 40.943712580455895 ], [ 0.624577850535891, 40.943719919255024 ], [ 0.624558494788706, 40.944259954320486 ], [ 0.624914600129936, 40.944267292159758 ], [ 0.624904923536819, 40.944537309740674 ], [ 0.625261030457385, 40.944544646550646 ], [ 0.625241679711894, 40.945084681851291 ], [ 0.624885569895392, 40.945077344902522 ], [ 0.624904923536819, 40.944537309740674 ], [ 0.624192710028941, 40.944522632868377 ], [ 0.624183030408522, 40.944792650295859 ], [ 0.623826922432657, 40.944785310165301 ], [ 0.62383660350265, 40.944515292762247 ], [ 0.623480497106195, 40.944507951602411 ], [ 0.623461131882731, 40.945047986163857 ], [ 0.623105022662512, 40.945040643765161 ], [ 0.623124390842851, 40.944500609298856 ], [ 0.623480497106195, 40.944507951602411 ], [ 0.62349017949265, 40.944237934254225 ], [ 0.622421865437664, 40.94421590434581 ], [ 0.622412178649718, 40.944485921439373 ], [ 0.622768284650038, 40.944493265940352 ], [ 0.622758599237842, 40.944763283090076 ], [ 0.622402491789571, 40.94475593851962 ], [ 0.622392804736925, 40.945025955629028 ], [ 0.622036695972253, 40.945018609890361 ], [ 0.622027007341698, 40.945288626870713 ], [ 0.621670897258992, 40.945281280008814 ], [ 0.621651516766526, 40.945821313788016 ], [ 0.620583178562299, 40.945799266146523 ], [ 0.620592873190292, 40.945529249427153 ], [ 0.620948984383892, 40.945536599701036 ], [ 0.620958677432261, 40.945266582897553 ], [ 0.620602567744376, 40.945259232739438 ], [ 0.620612262166825, 40.944989216037136 ], [ 0.621680587279793, 40.945011263051725 ], [ 0.621699967042096, 40.944471229186291 ], [ 0.622056072780928, 40.944478575839682 ] ], [ [ 0.64708777788179, 40.932021780158671 ], [ 0.647059030927168, 40.93283184759386 ], [ 0.648127180587168, 40.93285364432888 ], [ 0.648117602388805, 40.933123667015231 ], [ 0.647761550925397, 40.933116402451475 ], [ 0.647732811092757, 40.933926470124632 ], [ 0.647376755417724, 40.933919204256362 ], [ 0.647338428009597, 40.934999294038391 ], [ 0.646982366675466, 40.934992026796749 ], [ 0.646991950184028, 40.934722004464611 ], [ 0.646635890427359, 40.934714736193307 ], [ 0.646645475193754, 40.934444713914154 ], [ 0.646289417014542, 40.934437444613245 ], [ 0.646308589112386, 40.93389740010511 ], [ 0.645596478931978, 40.933882858528236 ], [ 0.645615656298116, 40.933342814237058 ], [ 0.644903552368104, 40.933328268540748 ], [ 0.644932326152779, 40.932518202430863 ], [ 0.645288373680654, 40.932525475643658 ], [ 0.645317141951866, 40.931715409196478 ], [ 0.646741316062325, 40.931744490150422 ], [ 0.646731732536386, 40.932014512618743 ], [ 0.64708777788179, 40.932021780158671 ] ], [ [ 0.597348037869518, 40.947749246886453 ], [ 0.597338247736728, 40.948019258916766 ], [ 0.598050484858623, 40.948034102696553 ], [ 0.59806027209527, 40.947764090525837 ], [ 0.59841638937703, 40.947771510719249 ], [ 0.598426175031085, 40.947501498508728 ], [ 0.598782290999294, 40.947508917488186 ], [ 0.598811642762402, 40.946698880512194 ], [ 0.599167754517784, 40.946706298227369 ], [ 0.599177536745991, 40.946436285773046 ], [ 0.599533647186228, 40.946443702319328 ], [ 0.599572768855396, 40.945363652207831 ], [ 0.599928873697691, 40.945371067331052 ], [ 0.599909316023754, 40.945911092578811 ], [ 0.600265423835319, 40.945918506742352 ], [ 0.600245868526128, 40.946458532071929 ], [ 0.599889757759293, 40.946451117766877 ], [ 0.599879978488028, 40.946721130317719 ], [ 0.599523866407635, 40.946713714798797 ], [ 0.599514085553948, 40.946983727309899 ], [ 0.600226312626474, 40.946998557341828 ], [ 0.600216534537636, 40.947268569933577 ], [ 0.600572649720298, 40.947275983394036 ], [ 0.600562872887381, 40.947545996040063 ], [ 0.601275106606412, 40.947560819806135 ], [ 0.601294654289605, 40.947020794172772 ], [ 0.600938540289468, 40.947013382979968 ], [ 0.60094831540885, 40.946743370234586 ], [ 0.601660540647439, 40.946758191336272 ], [ 0.60165076848344, 40.947028204223088 ], [ 0.602362997147225, 40.947043021114922 ], [ 0.602353227746596, 40.947313034127269 ], [ 0.602709343725534, 40.947320440995121 ], [ 0.602699575580944, 40.947590454061697 ], [ 0.601987340857988, 40.947575639132097 ], [ 0.601977569684583, 40.947845652043917 ], [ 0.601621451074865, 40.947838242838365 ], [ 0.601631223636978, 40.94756822999539 ], [ 0.601275106606412, 40.947560819806135 ], [ 0.601265332536869, 40.947830832577779 ], [ 0.600909214192588, 40.947823421174654 ], [ 0.600899438599941, 40.948093433907815 ], [ 0.599831079958405, 40.948071192939075 ], [ 0.599821299830973, 40.948341205400993 ], [ 0.599465179119984, 40.948333789507458 ], [ 0.599455397411621, 40.948603801884616 ], [ 0.598743153434181, 40.948588966614487 ], [ 0.598762722512157, 40.948048942081179 ], [ 0.598050484858623, 40.948034102696553 ], [ 0.598011334706545, 40.949114151100687 ], [ 0.598723583885718, 40.949128991045555 ], [ 0.59871379894021, 40.94939900328481 ], [ 0.598001546805343, 40.94938416319831 ], [ 0.598011334706545, 40.949114151100687 ], [ 0.597655210256154, 40.94910672950126 ], [ 0.59766499947259, 40.948836717459216 ], [ 0.59730887666264, 40.948829294832422 ], [ 0.597318667134918, 40.948559282844727 ], [ 0.596962545906046, 40.948551859189337 ], [ 0.596972337752838, 40.9482818472585 ], [ 0.59732845753197, 40.948289270888672 ], [ 0.597338247736728, 40.948019258916766 ], [ 0.596982129405673, 40.948011835356802 ], [ 0.596991920984899, 40.947741823441724 ], [ 0.597348037869518, 40.947749246886453 ] ], [ [ 0.643372816803748, 40.926271316644907 ], [ 0.643353625952711, 40.926811360728728 ], [ 0.644421675817692, 40.926833189164768 ], [ 0.644383309915005, 40.927913277938892 ], [ 0.644027287374925, 40.927906002646331 ], [ 0.644017694097573, 40.928176024722845 ], [ 0.643305646516177, 40.92816147066064 ], [ 0.643296050214888, 40.928431492584906 ], [ 0.642940025173598, 40.928424213815227 ], [ 0.642920829344114, 40.928964257528634 ], [ 0.642564801537818, 40.92895697756807 ], [ 0.642574400935719, 40.928686955764398 ], [ 0.641862348609519, 40.928672392641573 ], [ 0.641852746260137, 40.92894241426125 ], [ 0.64149671884492, 40.928935131006192 ], [ 0.641515926249288, 40.928395087843889 ], [ 0.641159901859786, 40.928387803583497 ], [ 0.641207925351548, 40.927037695790858 ], [ 0.640851908326399, 40.927030410776936 ], [ 0.640861514103336, 40.926760389262178 ], [ 0.64121752968176, 40.926767674207191 ], [ 0.641227133823838, 40.926497652562738 ], [ 0.640871119690509, 40.926490367731645 ], [ 0.640890330534536, 40.925950324583184 ], [ 0.642314376331264, 40.925979456904102 ], [ 0.642304776732278, 40.926249478738121 ], [ 0.643372816803748, 40.926271316644907 ] ], [ [ 0.628590210887567, 40.951098390266587 ], [ 0.628570882804826, 40.951638426209897 ], [ 0.628927028823292, 40.951645752735544 ], [ 0.628917366003871, 40.951915770754042 ], [ 0.629985809252942, 40.951937743900935 ], [ 0.629976150707172, 40.95220776211395 ], [ 0.629263852159258, 40.952193114324402 ], [ 0.629254190583653, 40.952463132429266 ], [ 0.630322642859664, 40.952485102648531 ], [ 0.630332300147416, 40.952215084382061 ], [ 0.630688449718795, 40.952222405551154 ], [ 0.63067879393894, 40.952492423888096 ], [ 0.631034945089984, 40.952499744027399 ], [ 0.631025290568192, 40.952769762417788 ], [ 0.630669137968592, 40.952762442209256 ], [ 0.630649825692238, 40.95330247885412 ], [ 0.629937515031148, 40.953287834906625 ], [ 0.629927855829525, 40.953557853046782 ], [ 0.628503230346529, 40.953528551687022 ], [ 0.628522560268323, 40.952988515902661 ], [ 0.627810254078968, 40.952973858904976 ], [ 0.627819921770596, 40.952703841107699 ], [ 0.627107619003518, 40.952689179852491 ], [ 0.627136629919194, 40.95187912687804 ], [ 0.626424336427861, 40.951864461644064 ], [ 0.626443682156317, 40.951324426516955 ], [ 0.62573139492491, 40.951309757163237 ], [ 0.625770096450502, 40.950229687335394 ], [ 0.627194648204917, 40.950259020535746 ], [ 0.627184978798057, 40.950529038325499 ], [ 0.627541118499337, 40.950536368924752 ], [ 0.627531450468914, 40.950806386770488 ], [ 0.627887591749887, 40.950813716340122 ], [ 0.627877924977231, 40.951083734239376 ], [ 0.628590210887567, 40.951098390266587 ] ], [ [ 0.602187126973744, 40.951903253358395 ], [ 0.602206670214462, 40.951363227772049 ], [ 0.602562807975717, 40.951370635692129 ], [ 0.602553037841197, 40.951640648539559 ], [ 0.602909177124135, 40.951648055429551 ], [ 0.602899408364661, 40.951918068333654 ], [ 0.603255549228637, 40.951925474194745 ], [ 0.603245781784899, 40.95219548715432 ], [ 0.603601924229916, 40.952202891986502 ], [ 0.603572625327826, 40.95301293103018 ], [ 0.604284919367341, 40.95302773777405 ], [ 0.604275155679096, 40.953297750884055 ], [ 0.603919007173425, 40.953290348014711 ], [ 0.603909241904099, 40.953560361040061 ], [ 0.604621542002774, 40.953575165866013 ], [ 0.604602016918141, 40.954115192199232 ], [ 0.604958170034555, 40.954122593080555 ], [ 0.60494840871144, 40.954392606317143 ], [ 0.605660718296808, 40.954407404968912 ], [ 0.605650959739933, 40.954677418285868 ], [ 0.606007116208864, 40.954684816056258 ], [ 0.606026630235193, 40.954144789221537 ], [ 0.606382783880111, 40.954152185751703 ], [ 0.606353516958762, 40.954962226168625 ], [ 0.605997358968077, 40.954954829428573 ], [ 0.605987601654134, 40.95522484278753 ], [ 0.605631442286337, 40.955217444922184 ], [ 0.605641201108261, 40.954947431634437 ], [ 0.60528504338261, 40.954940032696229 ], [ 0.60526552270733, 40.955480059162163 ], [ 0.605621683391246, 40.955487458196579 ], [ 0.605611924302637, 40.955757471500092 ], [ 0.604899600232628, 40.955742672103433 ], [ 0.604889838173475, 40.956012685253626 ], [ 0.604177511734762, 40.955997881365526 ], [ 0.604167746647262, 40.956267894316056 ], [ 0.604523911220148, 40.956275296856575 ], [ 0.604504383483769, 40.956815322897654 ], [ 0.603435881414489, 40.956793111467348 ], [ 0.603445649664694, 40.956523098686084 ], [ 0.603801815478794, 40.956530503541117 ], [ 0.603811582149254, 40.956260490630193 ], [ 0.603455417841618, 40.95625308589144 ], [ 0.603465185887503, 40.955983073037203 ], [ 0.60310902310185, 40.955975667268142 ], [ 0.603099253668252, 40.956245680008564 ], [ 0.602743089568207, 40.956238273025349 ], [ 0.602762631318803, 40.955698247672466 ], [ 0.603474953739744, 40.955713060212119 ], [ 0.6034847215187, 40.955443047373649 ], [ 0.603840881480308, 40.95545045190228 ], [ 0.603850647677988, 40.955180438979177 ], [ 0.602782172480916, 40.955158222214926 ], [ 0.602772401935713, 40.955428234972899 ], [ 0.602060082944456, 40.955413418132025 ], [ 0.602089402751703, 40.954603380322276 ], [ 0.602445557894506, 40.954610789083254 ], [ 0.602455329429241, 40.954340776395291 ], [ 0.602811483257802, 40.954348183942145 ], [ 0.602831023091464, 40.953808158383502 ], [ 0.602474872161617, 40.953800750931791 ], [ 0.602484643357622, 40.953530738201231 ], [ 0.602840792781224, 40.953538145536633 ], [ 0.602850562396043, 40.953268132721419 ], [ 0.603562858801992, 40.953282944001359 ], [ 0.603572625327826, 40.95301293103018 ], [ 0.603216478537503, 40.953005525987884 ], [ 0.603226246379165, 40.952735513072142 ], [ 0.602870101169949, 40.952728107000887 ], [ 0.602899408364661, 40.951918068333654 ], [ 0.602187126973744, 40.951903253358395 ], [ 0.602177355184821, 40.952173266107771 ], [ 0.602533497231849, 40.952180674236828 ], [ 0.602523726699287, 40.952450687040432 ], [ 0.602167583202216, 40.952443278886292 ], [ 0.602177355184821, 40.952173266107771 ], [ 0.601821213209516, 40.952165856923507 ], [ 0.60183098650781, 40.951895844200457 ], [ 0.602187126973744, 40.951903253358395 ] ], [ [ 0.62179817492233, 40.892050981680399 ], [ 0.622153999474841, 40.892058320390639 ], [ 0.62216366938897, 40.891788300840176 ], [ 0.622519492687937, 40.891795638385503 ], [ 0.622529161025114, 40.891525618796067 ], [ 0.622884982953541, 40.891532955129072 ], [ 0.622894649715394, 40.891262935455643 ], [ 0.62360629113546, 40.89127760473901 ], [ 0.623625618548641, 40.890737565072058 ], [ 0.623981436538521, 40.89074489790687 ], [ 0.623971774310293, 40.891014917861405 ], [ 0.624327593934665, 40.891022249670172 ], [ 0.624337254657938, 40.89075222969003 ], [ 0.625760528507724, 40.890781545812381 ], [ 0.625741218423155, 40.891321586311669 ], [ 0.627164505922397, 40.891350885442002 ], [ 0.627174155225885, 40.891080864876798 ], [ 0.627885796902201, 40.891095507746449 ], [ 0.627876150488477, 40.891365528405203 ], [ 0.627164505922397, 40.891350885442002 ], [ 0.627154856489534, 40.891620905947647 ], [ 0.626799032989322, 40.891613582729825 ], [ 0.62678938192044, 40.891883603195389 ], [ 0.62607773242485, 40.891868953331084 ], [ 0.626068078336698, 40.892138973643476 ], [ 0.625356426477065, 40.892124319253718 ], [ 0.625346769428868, 40.892394339414089 ], [ 0.625702596738915, 40.892401667181645 ], [ 0.625683285079905, 40.892941707551145 ], [ 0.624971624817445, 40.892927050551933 ], [ 0.625000600742253, 40.892116990458788 ], [ 0.62464477514017, 40.892109660522159 ], [ 0.624635115146005, 40.892379680497598 ], [ 0.624279288229293, 40.892372349439881 ], [ 0.624269626719146, 40.892642369332627 ], [ 0.624625455078394, 40.892649700504705 ], [ 0.624606134493707, 40.893189740383967 ], [ 0.625317797443263, 40.893204399671575 ], [ 0.625308139811392, 40.893474419772438 ], [ 0.626375639521138, 40.893496400708131 ], [ 0.626365986092506, 40.893766420957427 ], [ 0.62707765612972, 40.89378106955477 ], [ 0.627087306610544, 40.893511049165632 ], [ 0.627798974283257, 40.893525693237315 ], [ 0.62778932663163, 40.893795713763787 ], [ 0.62707765612972, 40.89378106955477 ], [ 0.62706800551788, 40.894051089929327 ], [ 0.62635633259214, 40.8940364411934 ], [ 0.626365986092506, 40.893766420957427 ], [ 0.62601015130092, 40.893759094991715 ], [ 0.626000496356277, 40.894029115158382 ], [ 0.625644660249881, 40.894021788071555 ], [ 0.625654316638777, 40.893751767974251 ], [ 0.624942647710997, 40.89373711055898 ], [ 0.62493298837265, 40.894007130561384 ], [ 0.624577152661177, 40.893999800139241 ], [ 0.62456749180836, 40.894269820013911 ], [ 0.624211654722833, 40.894262488469423 ], [ 0.624201992294566, 40.894532508260163 ], [ 0.624913669424445, 40.894547170434898 ], [ 0.624904009694341, 40.894817190348611 ], [ 0.624192329735141, 40.894802528036351 ], [ 0.624182666985239, 40.895072547796744 ], [ 0.623826825757239, 40.895065214948524 ], [ 0.623836489953085, 40.894795195212509 ], [ 0.623124810721659, 40.894780526318193 ], [ 0.623153811065979, 40.893970467526678 ], [ 0.622797976008795, 40.893963131665693 ], [ 0.62280764395335, 40.893693112078374 ], [ 0.622451810471653, 40.893685775190015 ], [ 0.622471148913164, 40.893145736156761 ], [ 0.622826979504806, 40.893153072951286 ], [ 0.62283664705404, 40.892883053365253 ], [ 0.623192476393647, 40.892890388949844 ], [ 0.623202142367466, 40.892620369279847 ], [ 0.622846314532947, 40.892613033720885 ], [ 0.622855981819703, 40.892343014105741 ], [ 0.622500155560564, 40.892335677519469 ], [ 0.62250982416022, 40.892065657959158 ], [ 0.622153999474841, 40.892058320390639 ], [ 0.622144329431048, 40.892328339881516 ], [ 0.621788503375117, 40.892321001100626 ], [ 0.62179817492233, 40.892050981680399 ] ], [ [ 0.58934893961791, 40.961903660883358 ], [ 0.589329284320197, 40.962443680381142 ], [ 0.590041672295888, 40.962458577916777 ], [ 0.590022022260768, 40.962998597637828 ], [ 0.590378219318149, 40.963006044874426 ], [ 0.590358571647612, 40.963546064677836 ], [ 0.590714771736734, 40.963553510955926 ], [ 0.590695126430924, 40.964093530841687 ], [ 0.591051329609571, 40.964100976207497 ], [ 0.591080792990094, 40.963290946167547 ], [ 0.591436991956175, 40.963298390177748 ], [ 0.591446811346773, 40.963028380079365 ], [ 0.591803008997054, 40.963035822919778 ], [ 0.591822644539277, 40.962495802539564 ], [ 0.592535034322933, 40.96251068468338 ], [ 0.592544849025525, 40.962240674331191 ], [ 0.592901042669009, 40.962248113661225 ], [ 0.592891229473254, 40.962518124130028 ], [ 0.593247424699117, 40.96252556243109 ], [ 0.593276859654779, 40.96171553086225 ], [ 0.593989241810072, 40.961730403789346 ], [ 0.593979433228058, 40.962000414498448 ], [ 0.594335625955424, 40.962007849360852 ], [ 0.594325818689296, 40.962277860125639 ], [ 0.593969624455113, 40.962270425146663 ], [ 0.593950006567318, 40.962810446445459 ], [ 0.594306203642015, 40.962817881518838 ], [ 0.594286588119681, 40.963357902899787 ], [ 0.594642788285273, 40.963365337015702 ], [ 0.594623175128535, 40.963905358478804 ], [ 0.594266972066169, 40.963897924177253 ], [ 0.594237546955557, 40.964707956028114 ], [ 0.593881339736364, 40.964700520462458 ], [ 0.593900959489269, 40.964160499368397 ], [ 0.593544755301827, 40.964153062843984 ], [ 0.593534944013877, 40.964423073304872 ], [ 0.59317873851208, 40.964415635565693 ], [ 0.59316892563998, 40.964685645986613 ], [ 0.59352513265205, 40.964693083752358 ], [ 0.593505509467628, 40.965233104647233 ], [ 0.5931492995586, 40.965225666695773 ], [ 0.593119859465026, 40.966035697695474 ], [ 0.59276364534124, 40.966028258433489 ], [ 0.592753830279479, 40.966298268697528 ], [ 0.592397614839614, 40.96629082826572 ], [ 0.592417247784679, 40.965750807955011 ], [ 0.591348611078397, 40.965728480532562 ], [ 0.59135843172865, 40.965458470567057 ], [ 0.591002221229607, 40.965451025949811 ], [ 0.591012043136438, 40.965181016038869 ], [ 0.590655834220101, 40.965173570392608 ], [ 0.590665657442832, 40.964903560537458 ], [ 0.590309450109195, 40.964896113862203 ], [ 0.590319274707147, 40.964626104064088 ], [ 0.589963068895211, 40.964618656403616 ], [ 0.589972894810622, 40.964348646616315 ], [ 0.589616690640749, 40.964341197928121 ], [ 0.589636344908664, 40.963801178494272 ], [ 0.589280143712953, 40.96379372880137 ], [ 0.589289972124771, 40.963523719156086 ], [ 0.588933772569453, 40.963516268480525 ], [ 0.588943602239227, 40.963246258844848 ], [ 0.588587404266568, 40.963238807140378 ], [ 0.588597235251988, 40.962968797560528 ], [ 0.588953431833235, 40.962976249240747 ], [ 0.588963261234392, 40.962706239620793 ], [ 0.589319456501646, 40.96271369008619 ], [ 0.589329284320197, 40.962443680381142 ], [ 0.588973090563055, 40.962436229942455 ], [ 0.58898291975659, 40.962166220294463 ], [ 0.588270535479949, 40.962151316303867 ], [ 0.588280367378752, 40.961881306780988 ], [ 0.58934893961791, 40.961903660883358 ] ], [ [ 0.64959731753759, 40.921534457774385 ], [ 0.64957818055295, 40.922074504719305 ], [ 0.650290166012818, 40.922089018286066 ], [ 0.65027103429423, 40.922629065447467 ], [ 0.649915038607278, 40.922621809053233 ], [ 0.64990547107623, 40.922891832565398 ], [ 0.64919347719753, 40.922877316390796 ], [ 0.64921261785459, 40.922337269670415 ], [ 0.649568611836883, 40.922344528146844 ], [ 0.64957818055295, 40.922074504719305 ], [ 0.64744222723428, 40.922030937622814 ], [ 0.647432649839726, 40.922300960638175 ], [ 0.647076656637373, 40.922293695574204 ], [ 0.647067077666353, 40.922563718506318 ], [ 0.648135062058917, 40.922585510701857 ], [ 0.648125487297182, 40.922855533825583 ], [ 0.648481483780872, 40.922862795778187 ], [ 0.648471910393344, 40.923132819002312 ], [ 0.646691921981838, 40.923096497959989 ], [ 0.646711083149242, 40.92255645223068 ], [ 0.646355088760602, 40.922549184902103 ], [ 0.646374252300511, 40.922009139252154 ], [ 0.644594296720363, 40.921972786647054 ], [ 0.644603885555925, 40.921702764167279 ], [ 0.643179929208472, 40.921673662605073 ], [ 0.643160739893864, 40.9222137070456 ], [ 0.642804748253506, 40.92220642880666 ], [ 0.642795151925521, 40.922476450913138 ], [ 0.642439158970667, 40.922469171462431 ], [ 0.642448756745052, 40.922199149424813 ], [ 0.641024791953624, 40.922170020962177 ], [ 0.641015188392055, 40.922440042769217 ], [ 0.639591219960668, 40.922410896465649 ], [ 0.639610438463503, 40.921870853432296 ], [ 0.63925444957494, 40.921863564238308 ], [ 0.639264060046528, 40.92159354279066 ], [ 0.638908072734795, 40.921586252567757 ], [ 0.638917684581554, 40.92131623117573 ], [ 0.639629656444475, 40.921330810340734 ], [ 0.639639265268125, 40.921060788796247 ], [ 0.639995249949781, 40.921068076640509 ], [ 0.640014464253819, 40.920528033368768 ], [ 0.639658482466319, 40.920520745617409 ], [ 0.639725738579513, 40.918630594056367 ], [ 0.639369767045778, 40.91862330568987 ], [ 0.639379376011005, 40.91835328406885 ], [ 0.639023406053829, 40.918345994673565 ], [ 0.63903301627536, 40.918075973105765 ], [ 0.63832107964465, 40.918061391159895 ], [ 0.638340305541407, 40.917521348212759 ], [ 0.639764167817225, 40.917550507118023 ], [ 0.639754560687825, 40.917820528896627 ], [ 0.640466495530989, 40.917835101878929 ], [ 0.640456891164898, 40.918105123735856 ], [ 0.641168829360888, 40.918119692508839 ], [ 0.641149626079641, 40.918659736500956 ], [ 0.642573515667221, 40.918688861336278 ], [ 0.64255432343373, 40.919228905821313 ], [ 0.64362225062415, 40.91925073835592 ], [ 0.643612658620065, 40.919520760805064 ], [ 0.643968636117283, 40.919528036161047 ], [ 0.643959045429174, 40.91979805866449 ], [ 0.645382962322078, 40.919827149516976 ], [ 0.645402131937511, 40.9192871039889 ], [ 0.646114085351162, 40.919301642530016 ], [ 0.646094921520578, 40.919841688333186 ], [ 0.646450901314182, 40.919848956117072 ], [ 0.646441320680457, 40.920118979043714 ], [ 0.646085339381275, 40.920111711189861 ], [ 0.646075757169607, 40.920381734078234 ], [ 0.646787722673514, 40.920396268778148 ], [ 0.64677814322591, 40.920666291744489 ], [ 0.647134127618458, 40.920673557538919 ], [ 0.647124549426165, 40.920943580603243 ], [ 0.648548494144429, 40.920972632988487 ], [ 0.648529349001348, 40.921512679579436 ], [ 0.64959731753759, 40.921534457774385 ] ], [ [ 0.615005374021531, 40.93244336546082 ], [ 0.614995661110537, 40.93271338169685 ], [ 0.615351701973145, 40.932720747327544 ], [ 0.615332278591904, 40.933260779848986 ], [ 0.615688322478886, 40.933268144565773 ], [ 0.615707742965991, 40.932728111904986 ], [ 0.616063784150027, 40.932735475385414 ], [ 0.616044366497708, 40.933275508184288 ], [ 0.619248768722353, 40.933341731151302 ], [ 0.61923907278092, 40.933611748179054 ], [ 0.619595119565904, 40.933619100839422 ], [ 0.61960481411795, 40.933349083788336 ], [ 0.619960859585838, 40.933356435325862 ], [ 0.619951166480908, 40.933626452446497 ], [ 0.620307213586876, 40.933633802956507 ], [ 0.620297521797465, 40.933903820132088 ], [ 0.62350196428453, 40.933969925780772 ], [ 0.623492285388027, 40.934239943567142 ], [ 0.624204388092518, 40.934254621754434 ], [ 0.624194711957374, 40.934524639710091 ], [ 0.625618924672297, 40.934553983181146 ], [ 0.625609254253997, 40.934824001401033 ], [ 0.626321364264191, 40.934838666684662 ], [ 0.626311696610701, 40.93510868498371 ], [ 0.628448038532471, 40.935152654936267 ], [ 0.628428720138146, 40.935692692366352 ], [ 0.629852962307032, 40.935721984270295 ], [ 0.629843308673563, 40.935992003217478 ], [ 0.630199370975639, 40.935999323527668 ], [ 0.630209023163375, 40.935729304466243 ], [ 0.630565084149171, 40.93573662360879 ], [ 0.630545782598276, 40.93627666181181 ], [ 0.629833654909018, 40.93626202215011 ], [ 0.629843308673563, 40.935992003217478 ], [ 0.628419060715379, 40.93596271103646 ], [ 0.628409401159839, 40.936232729736965 ], [ 0.627697275101831, 40.936218076940541 ], [ 0.627687612522015, 40.936488095442883 ], [ 0.627331548243262, 40.936480767305234 ], [ 0.627341212270434, 40.936210748872206 ], [ 0.626985149570262, 40.936203419705471 ], [ 0.626994814854199, 40.935933401326004 ], [ 0.626638753732604, 40.935926071130211 ], [ 0.626629086940364, 40.936196089484127 ], [ 0.626273024502699, 40.936188758120586 ], [ 0.62629236078959, 40.935648721580684 ], [ 0.625580242095781, 40.93563405588084 ], [ 0.625570571094496, 40.935904073996227 ], [ 0.625214510496441, 40.935896739451891 ], [ 0.625195165264588, 40.936436775501384 ], [ 0.624839101903207, 40.936429439719824 ], [ 0.624790729255103, 40.937779529331017 ], [ 0.625502870581612, 40.937794200534633 ], [ 0.625464181703049, 40.938874272489905 ], [ 0.625108105124, 40.938866937181047 ], [ 0.625098431158548, 40.939136955053407 ], [ 0.624742353263321, 40.939129618576658 ], [ 0.624752028737275, 40.938859600729906 ], [ 0.625108105124, 40.938866937181047 ], [ 0.625117779019052, 40.938596919250344 ], [ 0.624761704078233, 40.938589582913615 ], [ 0.624771379230077, 40.938319565036494 ], [ 0.624415305868135, 40.938312227670686 ], [ 0.624424982395428, 40.938042209849634 ], [ 0.62406891055301, 40.938034871453532 ], [ 0.624078588396364, 40.937764853687348 ], [ 0.623722518192165, 40.937757514263431 ], [ 0.623732197292193, 40.937487496550865 ], [ 0.623376128666858, 40.937480156097926 ], [ 0.623395489425166, 40.936940120814178 ], [ 0.622683358360071, 40.93692543684579 ], [ 0.622712407224677, 40.936115384250698 ], [ 0.622356346172858, 40.936108040803525 ], [ 0.622375714359891, 40.935568005792014 ], [ 0.622019656332551, 40.935560661430429 ], [ 0.621990599632323, 40.936370713697379 ], [ 0.622346661942237, 40.936378058266179 ], [ 0.622336977519165, 40.936648075757986 ], [ 0.621624850139395, 40.93663338529305 ], [ 0.62161516269008, 40.93690340263133 ], [ 0.621971227763194, 40.936910748437484 ], [ 0.621951855425688, 40.937450783165524 ], [ 0.621239719623074, 40.937436090131783 ], [ 0.621230030333325, 40.93770610731184 ], [ 0.621942169088516, 40.937720800530798 ], [ 0.621932482562081, 40.937990817835249 ], [ 0.621220340910381, 40.937976124522294 ], [ 0.62121065141684, 40.938246141674405 ], [ 0.620854579371366, 40.938238793278835 ], [ 0.620864270312366, 40.937968776196243 ], [ 0.620508199845943, 40.937961426771722 ], [ 0.620517892162135, 40.937691409745305 ], [ 0.620161823215408, 40.937684059290653 ], [ 0.620152129509504, 40.937954076293757 ], [ 0.619796059246974, 40.937946724671086 ], [ 0.619805754458031, 40.937676707783751 ], [ 0.618737548919776, 40.937654646581208 ], [ 0.618747248341411, 40.93738462988798 ], [ 0.618391181559775, 40.937377274011908 ], [ 0.618381480690737, 40.93764729063556 ], [ 0.617669344626229, 40.937632575493943 ], [ 0.617679048330734, 40.937362559008257 ], [ 0.616610849505922, 40.937340478242689 ], [ 0.616620557481747, 40.937070461907531 ], [ 0.616264492936498, 40.937063099555544 ], [ 0.616274202168518, 40.936793083274232 ], [ 0.615562076369888, 40.936778355369349 ], [ 0.61557178842245, 40.936508339258985 ], [ 0.615215727109736, 40.936500973704895 ], [ 0.615225440477729, 40.936230957649641 ], [ 0.61558150028542, 40.936238323087814 ], [ 0.615600923673446, 40.935698290747951 ], [ 0.615244866760324, 40.935690925449101 ], [ 0.615254579734264, 40.935420909305059 ], [ 0.614898524400266, 40.935413542977571 ], [ 0.614908238630211, 40.935143526887394 ], [ 0.614552184875345, 40.93513615953124 ], [ 0.614561900479925, 40.934866143497416 ], [ 0.613849796202685, 40.934851405583295 ], [ 0.613859514568091, 40.934581389719298 ], [ 0.613503464045719, 40.934574019161367 ], [ 0.613532622633895, 40.933763971644773 ], [ 0.613176576644252, 40.933756600198969 ], [ 0.613186297376033, 40.933486584416066 ], [ 0.613542341920197, 40.933493955747139 ], [ 0.613552061072908, 40.933223939879923 ], [ 0.61390810430033, 40.933231310088004 ], [ 0.6138983865947, 40.933501326024945 ], [ 0.614254431401155, 40.933508695204488 ], [ 0.614244715070021, 40.933778711197796 ], [ 0.614956807974549, 40.933793446356447 ], [ 0.614995661110537, 40.93271338169685 ], [ 0.614283579723293, 40.93269864709454 ], [ 0.614303011318516, 40.93215861493411 ], [ 0.614659049023299, 40.932165982621875 ], [ 0.614649334737837, 40.93243599880158 ], [ 0.615005374021531, 40.93244336546082 ] ] ], [ [ [ 0.588197138229635, 40.944585766625543 ], [ 0.588157832235571, 40.94566580789764 ], [ 0.585665111927328, 40.945613624009425 ], [ 0.58567494877663, 40.945343614184779 ], [ 0.584962747046185, 40.94532869476145 ], [ 0.584952907360563, 40.945598704446233 ], [ 0.584596805219061, 40.945591242992883 ], [ 0.584586963953593, 40.945861252547424 ], [ 0.583874757233518, 40.945846326249828 ], [ 0.583864912877677, 40.946116335692302 ], [ 0.584221017649258, 40.94612379943915 ], [ 0.58421117460763, 40.946393808937621 ], [ 0.58385506844914, 40.946386345076377 ], [ 0.583845223827581, 40.946656354444592 ], [ 0.583489116353228, 40.946648889459063 ], [ 0.583469423811531, 40.947188908055331 ], [ 0.583113313576635, 40.947181441784863 ], [ 0.583073921215446, 40.948261478521701 ], [ 0.582717805262949, 40.94825401086873 ], [ 0.582707955420776, 40.948524019923845 ], [ 0.583064072761962, 40.948531487646193 ], [ 0.58305422417474, 40.94880149675604 ], [ 0.582698105383849, 40.948794029008042 ], [ 0.582688255214804, 40.94906403803261 ], [ 0.583756616389021, 40.949086438283388 ], [ 0.583786153404566, 40.948276410483878 ], [ 0.58414226975985, 40.948283874795571 ], [ 0.584161957518154, 40.947743856077722 ], [ 0.584518071051711, 40.94775131914821 ], [ 0.584527913312031, 40.947481309697373 ], [ 0.584884025531244, 40.947488771598543 ], [ 0.584893866209948, 40.947218762062462 ], [ 0.584181644743398, 40.947203837256353 ], [ 0.584191488186017, 40.946933827801814 ], [ 0.584547597374021, 40.946941290705524 ], [ 0.584557439233396, 40.946671281210769 ], [ 0.585269655116064, 40.946686203535904 ], [ 0.585240137882458, 40.947496232445964 ], [ 0.586664588745188, 40.947526064760794 ], [ 0.586674422124612, 40.947256054870728 ], [ 0.587030533755041, 40.947263510155175 ], [ 0.587040365554616, 40.946993500134951 ], [ 0.58668425542986, 40.946986044967275 ], [ 0.58669408860322, 40.946716035004172 ], [ 0.587050197278385, 40.946723490146354 ], [ 0.587060028870288, 40.946453480098107 ], [ 0.587772243725243, 40.946468386945327 ], [ 0.587752586262325, 40.947008407220423 ], [ 0.588108696785907, 40.947015859136947 ], [ 0.588128351413915, 40.946475838677117 ], [ 0.588840567071232, 40.9464907388871 ], [ 0.588830742778367, 40.946760749289034 ], [ 0.589186852255906, 40.946768197793915 ], [ 0.589167206108174, 40.947308218648551 ], [ 0.589879431253674, 40.947323112688949 ], [ 0.589889251527124, 40.947053102151195 ], [ 0.589533140336486, 40.947045655728296 ], [ 0.589562604583512, 40.946235624191068 ], [ 0.588850391288419, 40.946220728516799 ], [ 0.588909333674623, 40.944600665895202 ], [ 0.588197138229635, 40.944585766625543 ] ], [ [ 0.585625763318001, 40.946693663029144 ], [ 0.585981871592516, 40.946701121467449 ], [ 0.585962199381426, 40.947241141053098 ], [ 0.585606088151647, 40.947233682472451 ], [ 0.585625763318001, 40.946693663029144 ] ] ], [ [ [ 0.652583753451535, 40.937808404282606 ], [ 0.652516818445511, 40.939698566968559 ], [ 0.652872906467292, 40.939705817801489 ], [ 0.652863345226914, 40.939975841039441 ], [ 0.653931614475252, 40.939997587108522 ], [ 0.65394117131313, 40.939727563663666 ], [ 0.653585082901906, 40.93972031612654 ], [ 0.653594641117064, 40.939450292736893 ], [ 0.653950728080574, 40.93945754020546 ], [ 0.65394117131313, 40.939727563663666 ], [ 0.654653348585807, 40.939742055398256 ], [ 0.654662902398501, 40.93947203180177 ], [ 0.654306815175451, 40.939464786530422 ], [ 0.654316370365437, 40.939194762989139 ], [ 0.654672456142391, 40.939202008146971 ], [ 0.654701116531553, 40.93839193722917 ], [ 0.655413279787134, 40.938406423882888 ], [ 0.655422830057537, 40.938136400031716 ], [ 0.655066749811715, 40.938129157345152 ], [ 0.655076301457783, 40.937859133594181 ], [ 0.654720222790849, 40.937851889832601 ], [ 0.654729775695436, 40.937581866134423 ], [ 0.655085852916403, 40.937589109782479 ], [ 0.655095404303067, 40.937319086002475 ], [ 0.654739328531245, 40.93731184237793 ], [ 0.654748881176405, 40.937041818650698 ], [ 0.654036732915408, 40.93702732828816 ], [ 0.654027177315853, 40.937297351877092 ], [ 0.654383252887558, 40.937304597699864 ], [ 0.654373698605793, 40.937574621342833 ], [ 0.653305468054426, 40.937552880420689 ], [ 0.653295909359574, 40.937822903844676 ], [ 0.652583753451535, 40.937808404282606 ] ] ], [ [ [ 0.629793861827041, 40.947340109718155 ], [ 0.630149985065909, 40.94734743183848 ], [ 0.630188609139874, 40.94626735780777 ], [ 0.629832491693519, 40.946260035964492 ], [ 0.629842148802196, 40.945990017500307 ], [ 0.629486032935061, 40.945982694627503 ], [ 0.62949569142001, 40.94571267621923 ], [ 0.627715121229784, 40.945676045808639 ], [ 0.627705455504577, 40.945946063870409 ], [ 0.628773801592668, 40.945968045630501 ], [ 0.628764140080411, 40.94623806388563 ], [ 0.629476374378297, 40.946252713022417 ], [ 0.629466715629413, 40.946522731446557 ], [ 0.629822834394346, 40.946530054412882 ], [ 0.629813177021761, 40.94680007289297 ], [ 0.629457056810335, 40.946792749812325 ], [ 0.629447397800734, 40.947062768162333 ], [ 0.628735154814156, 40.947048118609828 ], [ 0.628725492836438, 40.947318136807908 ], [ 0.62801324747839, 40.947303482721473 ], [ 0.628022912411773, 40.947033464663235 ], [ 0.627310670475008, 40.947018806320116 ], [ 0.627320338174995, 40.946748788340955 ], [ 0.626964218880531, 40.946741457613626 ], [ 0.626973887837981, 40.946471439688025 ], [ 0.62661777012292, 40.946464107931234 ], [ 0.626598429124353, 40.94700414353791 ], [ 0.626242308644397, 40.946996810543581 ], [ 0.626232636470317, 40.947266828255088 ], [ 0.626588758396799, 40.947274161363779 ], [ 0.626569416610287, 40.947814196883058 ], [ 0.629062294168126, 40.947865498759576 ], [ 0.629071955021041, 40.947595480477567 ], [ 0.629784204001666, 40.947610128153308 ], [ 0.629793861827041, 40.947340109718155 ] ] ], [ [ [ 0.655163379761015, 40.905164440986034 ], [ 0.655519283214524, 40.905171678655762 ], [ 0.65552882188274, 40.904901653268766 ], [ 0.655172919933746, 40.904894415668728 ], [ 0.655191999773611, 40.904354364943103 ], [ 0.654480202043257, 40.904339886770217 ], [ 0.654489744658391, 40.904069861545103 ], [ 0.653777950338088, 40.904055379075231 ], [ 0.653768404831102, 40.904325404208308 ], [ 0.653056608079584, 40.90431091721122 ], [ 0.653037510897806, 40.904850967114655 ], [ 0.652681609855834, 40.904843721833728 ], [ 0.652672059566788, 40.905113746671404 ], [ 0.652316157207709, 40.90510650026966 ], [ 0.652306605403116, 40.90537652502546 ], [ 0.653730221393349, 40.905405504457946 ], [ 0.653720675239978, 40.905675529473392 ], [ 0.654432486904009, 40.905690012720456 ], [ 0.654422943511533, 40.905960037858414 ], [ 0.655134758582736, 40.905974516898276 ], [ 0.655163379761015, 40.905164440986034 ] ] ], [ [ [ 0.5810481057719, 40.964702114941694 ], [ 0.581404309689356, 40.964709590202702 ], [ 0.581394448726406, 40.964979598221994 ], [ 0.582463065514494, 40.965002017528263 ], [ 0.582492634900876, 40.96419199274407 ], [ 0.581780232251016, 40.964177048047929 ], [ 0.581790091363034, 40.963907039914005 ], [ 0.580365293526287, 40.96387713761338 ], [ 0.580375158241666, 40.963607129746407 ], [ 0.580018960580535, 40.963599651516397 ], [ 0.580028826612721, 40.963329643660487 ], [ 0.579672630534709, 40.963322164401887 ], [ 0.579643027573274, 40.964132187620947 ], [ 0.579999228058103, 40.964139667093029 ], [ 0.579989361564571, 40.964409674903735 ], [ 0.580345563573226, 40.964417153345941 ], [ 0.580335698455912, 40.964687161168982 ], [ 0.580691902046109, 40.964694638627527 ], [ 0.580682038184678, 40.964964646505422 ], [ 0.58103824341744, 40.964972122936544 ], [ 0.5810481057719, 40.964702114941694 ] ] ], [ [ [ 0.582382834311323, 40.95743431108707 ], [ 0.582738999510002, 40.957441781097003 ], [ 0.582748852318548, 40.95717177245443 ], [ 0.582036525013395, 40.957156831433018 ], [ 0.582046380646479, 40.956886822873365 ], [ 0.580977895067491, 40.956864403333164 ], [ 0.580987754911031, 40.956594395015934 ], [ 0.580631594788656, 40.956586919678834 ], [ 0.580641455887571, 40.956316911416401 ], [ 0.579572980666616, 40.956294479112792 ], [ 0.579563115162481, 40.956564487161799 ], [ 0.579919274884692, 40.956571965751124 ], [ 0.579909410752936, 40.956841973902478 ], [ 0.580621733494829, 40.956856927970371 ], [ 0.580611872068727, 40.957126936202265 ], [ 0.581324198302986, 40.957141886016444 ], [ 0.581314339640328, 40.957411894375106 ], [ 0.582026669307476, 40.957426839934264 ], [ 0.582016813408348, 40.957696848419651 ], [ 0.582372979920271, 40.957704319644364 ], [ 0.582382834311323, 40.95743431108707 ] ] ], [ [ [ 0.588039901562957, 40.948905930266726 ], [ 0.588000587029588, 40.949985970557357 ], [ 0.588712840395759, 40.950000872600931 ], [ 0.588732492106218, 40.949460852224853 ], [ 0.588376368283241, 40.949453401871544 ], [ 0.58838619541614, 40.949183391732653 ], [ 0.589098440300896, 40.949198291154516 ], [ 0.58912791215261, 40.948388260180991 ], [ 0.588771793988642, 40.948380811208352 ], [ 0.588761968704154, 40.948650821461619 ], [ 0.588405849223881, 40.948643371364717 ], [ 0.588396022357874, 40.948913381532869 ], [ 0.588039901562957, 40.948905930266726 ] ] ], [ [ [ 0.581936601597, 40.950129134531835 ], [ 0.582292727420308, 40.950136604831947 ], [ 0.582312431533339, 40.949596586980341 ], [ 0.581956308606329, 40.949589116821564 ], [ 0.581966161940779, 40.949319107922598 ], [ 0.581610040655035, 40.949311636736915 ], [ 0.581590331017074, 40.949851654335149 ], [ 0.581234206911199, 40.949844181863078 ], [ 0.581214493841596, 40.950384199261343 ], [ 0.58192674792213, 40.950399143343141 ], [ 0.581936601597, 40.950129134531835 ] ] ], [ [ [ 0.619190590925667, 40.934961832960461 ], [ 0.619180894136523, 40.935231849854503 ], [ 0.619893005262075, 40.9352465549578 ], [ 0.619883311234161, 40.935516572021378 ], [ 0.620595425721399, 40.935531272869099 ], [ 0.620605116853183, 40.935261255711467 ], [ 0.620249060991818, 40.935253905883819 ], [ 0.620258753379916, 40.934983888779897 ], [ 0.619190590925667, 40.934961832960461 ] ] ], [ [ [ 0.647186428933243, 40.889058985911909 ], [ 0.647176861671653, 40.889329010426714 ], [ 0.647532678165765, 40.889336270444282 ], [ 0.647561375275505, 40.88852619701143 ], [ 0.646849751079497, 40.888511676336819 ], [ 0.646830614013015, 40.88905172486637 ], [ 0.647186428933243, 40.889058985911909 ] ] ], [ [ [ 0.61768875196443, 40.937092542464221 ], [ 0.617679048330734, 40.937362559008257 ], [ 0.618391181559775, 40.937377274011908 ], [ 0.618420283318834, 40.936567224007234 ], [ 0.618064220951665, 40.936559867240284 ], [ 0.618044817035214, 40.937099900467537 ], [ 0.61768875196443, 40.937092542464221 ] ] ], [ [ [ 0.603840881480308, 40.95545045190228 ], [ 0.603831115207744, 40.955720464857023 ], [ 0.604899600232628, 40.955742672103433 ], [ 0.604909362216942, 40.955472658984888 ], [ 0.604553201859136, 40.955465257708518 ], [ 0.604562965100161, 40.955195244644145 ], [ 0.604206806321958, 40.955187842383701 ], [ 0.604197041572927, 40.955457855376821 ], [ 0.603840881480308, 40.95545045190228 ] ] ], [ [ [ 0.623855817829382, 40.894255155784322 ], [ 0.624211654722833, 40.894262488469423 ], [ 0.624240641340853, 40.893452428967187 ], [ 0.623884808720864, 40.893445096489039 ], [ 0.623875145241861, 40.893715116254107 ], [ 0.623519311366506, 40.89370778265603 ], [ 0.623509646252763, 40.893977802335918 ], [ 0.623865481630057, 40.893985136049608 ], [ 0.623855817829382, 40.894255155784322 ] ] ], [ [ [ 0.582929369017117, 40.913130324637606 ], [ 0.58435307953579, 40.913160165028494 ], [ 0.584362910428239, 40.912890153985337 ], [ 0.582939205691452, 40.912860313876742 ], [ 0.582929369017117, 40.913130324637606 ] ] ], [ [ [ 0.582929369017117, 40.913130324637606 ], [ 0.582217514529317, 40.913115397857084 ], [ 0.582197834998011, 40.913655419052432 ], [ 0.582909695208488, 40.913670346114159 ], [ 0.582929369017117, 40.913130324637606 ] ] ], [ [ [ 0.62095148322095, 40.935538621669146 ], [ 0.620932103457179, 40.936078656079751 ], [ 0.621644224580803, 40.936093350661544 ], [ 0.621653911635487, 40.935823333279522 ], [ 0.621297852423911, 40.935815986651711 ], [ 0.621307540794343, 40.935545969324615 ], [ 0.62095148322095, 40.935538621669146 ] ] ], [ [ [ 0.591051329609571, 40.964100976207497 ], [ 0.591031686610914, 40.964640996129312 ], [ 0.591744099107601, 40.964655883798152 ], [ 0.59175391777511, 40.964385873703748 ], [ 0.591397712880479, 40.964378430466304 ], [ 0.59140753286388, 40.964108420427685 ], [ 0.591051329609571, 40.964100976207497 ] ] ], [ [ [ 0.577337285965665, 40.958949660507841 ], [ 0.577327410427207, 40.95921966803072 ], [ 0.578039757429375, 40.959234638761295 ], [ 0.578049630070227, 40.958964631096855 ], [ 0.577337285965665, 40.958949660507841 ] ] ], [ [ [ 0.578039757429375, 40.959234638761295 ], [ 0.578029884656093, 40.959504646366121 ], [ 0.578742235092223, 40.959519612841603 ], [ 0.578752104910132, 40.959249605048988 ], [ 0.578039757429375, 40.959234638761295 ] ] ], [ [ [ 0.591773554652362, 40.963845853424793 ], [ 0.591763736249904, 40.964115863593477 ], [ 0.592476143482986, 40.964130746583116 ], [ 0.592485958925995, 40.963860736317429 ], [ 0.591773554652362, 40.963845853424793 ] ] ], [ [ [ 0.630962945859497, 40.894671621892307 ], [ 0.63095331074239, 40.894941642984783 ], [ 0.631664995676598, 40.894956263662969 ], [ 0.631674627965914, 40.894686242388374 ], [ 0.630962945859497, 40.894671621892307 ] ] ], [ [ [ 0.629415728635018, 40.967868794224188 ], [ 0.629406062346942, 40.968138811577695 ], [ 0.630118532413726, 40.968153463145391 ], [ 0.630128195802456, 40.967883445653314 ], [ 0.629415728635018, 40.967868794224188 ] ] ], [ [ [ 0.655919267245591, 40.924095141324116 ], [ 0.655909723658389, 40.924365165884318 ], [ 0.656621736931154, 40.924379641066146 ], [ 0.656631277626755, 40.92410961632401 ], [ 0.655919267245591, 40.924095141324116 ] ] ], [ [ [ 0.676045667610339, 40.888563367111175 ], [ 0.67603621783337, 40.888833397214796 ], [ 0.676747860307756, 40.888847737900122 ], [ 0.676757307255838, 40.888577707661995 ], [ 0.676045667610339, 40.888563367111175 ] ] ], [ [ [ 0.622855981819703, 40.892343014105741 ], [ 0.623567634733276, 40.892357683943111 ], [ 0.62357729905985, 40.892087664175804 ], [ 0.622865648975243, 40.892072994476003 ], [ 0.622855981819703, 40.892343014105741 ] ] ], [ [ [ 0.618592835283716, 40.971428707463147 ], [ 0.617880336004153, 40.97141398371042 ], [ 0.617870621421277, 40.971683998635541 ], [ 0.618583123659984, 40.971698722528771 ], [ 0.618592835283716, 40.971428707463147 ] ] ], [ [ [ 0.616630265324134, 40.936800445602792 ], [ 0.617342391913734, 40.936815166917263 ], [ 0.617352096729629, 40.936545150458656 ], [ 0.616639972975354, 40.936530429282243 ], [ 0.616630265324134, 40.936800445602792 ] ] ], [ [ [ 0.617083385023036, 40.934107642100898 ], [ 0.617073680005248, 40.934377658622338 ], [ 0.617785780807748, 40.934392376486862 ], [ 0.617795482990557, 40.934122359827413 ], [ 0.617083385023036, 40.934107642100898 ] ] ], [ [ [ 0.57923747910723, 40.965474745072882 ], [ 0.57922760910613, 40.965744752625106 ], [ 0.579940027212234, 40.965759713560125 ], [ 0.579949894374125, 40.965489705867654 ], [ 0.57923747910723, 40.965474745072882 ] ] ], [ [ [ 0.622826979504806, 40.893153072951286 ], [ 0.622817311824352, 40.893423092522724 ], [ 0.623528976291363, 40.893437762915354 ], [ 0.6235386410834, 40.893167743205076 ], [ 0.622826979504806, 40.893153072951286 ] ] ], [ [ [ 0.605153368164452, 40.948722325901791 ], [ 0.605143609493766, 40.94899233938547 ], [ 0.605499735281428, 40.94899973788425 ], [ 0.605509492446219, 40.948729724284327 ], [ 0.605153368164452, 40.948722325901791 ] ] ], [ [ [ 0.65148466233817, 40.92859860084117 ], [ 0.651475099242558, 40.928868624378033 ], [ 0.65183112885416, 40.928875876815461 ], [ 0.651840690560614, 40.928605853256187 ], [ 0.65148466233817, 40.92859860084117 ] ] ], [ [ [ 0.583173972216157, 40.955289179807075 ], [ 0.582817818474324, 40.95528171141639 ], [ 0.582807966600723, 40.955551720206458 ], [ 0.583164121733393, 40.955559188621535 ], [ 0.583173972216157, 40.955289179807075 ] ] ], [ [ [ 0.622056072780928, 40.944478575839682 ], [ 0.622046384411888, 40.9447485928942 ], [ 0.622402491789571, 40.94475593851962 ], [ 0.622412178649718, 40.944485921439373 ], [ 0.622056072780928, 40.944478575839682 ] ] ], [ [ [ 0.651155140874716, 40.91778314597375 ], [ 0.6511455800793, 40.918053169954575 ], [ 0.651501551570474, 40.918060421843506 ], [ 0.651511110977522, 40.917790397840292 ], [ 0.651155140874716, 40.91778314597375 ] ] ], [ [ [ 0.587841040735321, 40.944578315388384 ], [ 0.588197138229635, 40.944585766625543 ], [ 0.588206964408585, 40.944315756293761 ], [ 0.587850868304338, 40.944308305080853 ], [ 0.587841040735321, 40.944578315388384 ] ] ], [ [ [ 0.649348496024541, 40.928555063385453 ], [ 0.649338924247548, 40.928825086510415 ], [ 0.649694953079744, 40.928832345536932 ], [ 0.64970452346759, 40.928562322389496 ], [ 0.649348496024541, 40.928555063385453 ] ] ], [ [ [ 0.589631349984914, 40.944345550065471 ], [ 0.589621529595454, 40.944615560724088 ], [ 0.589977627816091, 40.944623006469328 ], [ 0.589987446696762, 40.944352995784023 ], [ 0.589631349984914, 40.944345550065471 ] ] ], [ [ [ 0.592182888497359, 40.942777579853548 ], [ 0.5925389774557, 40.942785017459556 ], [ 0.592548785330457, 40.942515006135395 ], [ 0.592192697758797, 40.942507568643521 ], [ 0.592182888497359, 40.942777579853548 ] ] ], [ [ [ 0.618834536978744, 40.934954478807754 ], [ 0.619190590925667, 40.934961832960461 ], [ 0.619200287525404, 40.934691816005589 ], [ 0.618844235083432, 40.934684461968686 ], [ 0.618834536978744, 40.934954478807754 ] ] ], [ [ [ 0.576981114143389, 40.958942173587729 ], [ 0.577337285965665, 40.958949660507841 ], [ 0.577347161368361, 40.958679653015338 ], [ 0.576990990935512, 40.958672166164789 ], [ 0.576981114143389, 40.958942173587729 ] ] ], [ [ [ 0.636280894740198, 40.95530960768361 ], [ 0.636271260696473, 40.955579627012071 ], [ 0.636627429880101, 40.955586930281392 ], [ 0.636637062473424, 40.955316910928872 ], [ 0.636280894740198, 40.95530960768361 ] ] ], [ [ [ 0.617342391913734, 40.936815166917263 ], [ 0.617332687023777, 40.937085183407483 ], [ 0.61768875196443, 40.937092542464221 ], [ 0.617698455405398, 40.936822525949388 ], [ 0.617342391913734, 40.936815166917263 ] ] ], [ [ [ 0.652550356350672, 40.918622219434297 ], [ 0.65254080095053, 40.918892243645914 ], [ 0.65289677729924, 40.918899491349478 ], [ 0.652906331251607, 40.9186294671143 ], [ 0.652550356350672, 40.918622219434297 ] ] ], [ [ [ 0.583205038025163, 40.964206933086452 ], [ 0.583195184635435, 40.964476941489636 ], [ 0.58355138784916, 40.964484410037407 ], [ 0.583561239849049, 40.964214401564838 ], [ 0.583205038025163, 40.964206933086452 ] ] ], [ [ [ 0.588108696785907, 40.947015859136947 ], [ 0.588098869331893, 40.947285869323665 ], [ 0.588454981436904, 40.947293320211948 ], [ 0.588464807502285, 40.947023309956002 ], [ 0.588108696785907, 40.947015859136947 ] ] ], [ [ [ 0.65289677729924, 40.918899491349478 ], [ 0.652887223156229, 40.919169515613937 ], [ 0.653243201080863, 40.919176762288238 ], [ 0.653252753776077, 40.918906738000246 ], [ 0.65289677729924, 40.918899491349478 ] ] ], [ [ [ 0.591803008997054, 40.963035822919778 ], [ 0.591793190994618, 40.963305833132345 ], [ 0.592149390168025, 40.963313274942578 ], [ 0.592159206719664, 40.963043264704631 ], [ 0.591803008997054, 40.963035822919778 ] ] ], [ [ [ 0.578761974651727, 40.958979597287978 ], [ 0.578752104910132, 40.959249605048988 ], [ 0.579108278909289, 40.95925708659032 ], [ 0.579118147142707, 40.958987078757303 ], [ 0.578761974651727, 40.958979597287978 ] ] ], [ [ [ 0.628570882804826, 40.951638426209897 ], [ 0.628214736916002, 40.951631098630294 ], [ 0.628205071199611, 40.951901116510172 ], [ 0.628561218535308, 40.951908444204115 ], [ 0.628570882804826, 40.951638426209897 ] ] ], [ [ [ 0.620566351653548, 40.936341324302013 ], [ 0.620556659993765, 40.936611341446344 ], [ 0.62091272322482, 40.936618690478241 ], [ 0.62092241343565, 40.936348673309389 ], [ 0.620566351653548, 40.936341324302013 ] ] ], [ [ [ 0.625361605085825, 40.971568363789139 ], [ 0.62500535287809, 40.971561023335433 ], [ 0.624995667293235, 40.971831039651299 ], [ 0.625351921010261, 40.971838380175654 ], [ 0.625361605085825, 40.971568363789139 ] ] ], [ [ [ 0.585161419399689, 40.949656308910853 ], [ 0.585151579025757, 40.949926318387014 ], [ 0.585507704543281, 40.94993377877077 ], [ 0.585517543528413, 40.94966376922531 ], [ 0.585161419399689, 40.949656308910853 ] ] ], [ [ [ 0.621632135686723, 40.946361347552688 ], [ 0.621622445009581, 40.946631364391862 ], [ 0.621978562330834, 40.946638711646266 ], [ 0.621988251619248, 40.946368694738808 ], [ 0.621632135686723, 40.946361347552688 ] ] ], [ [ [ 0.58319367272267, 40.954749162087957 ], [ 0.582837521935612, 40.954741693884813 ], [ 0.582827670271856, 40.955011702657906 ], [ 0.583183822505801, 40.955019170976705 ], [ 0.58319367272267, 40.954749162087957 ] ] ], [ [ [ 0.623904135344657, 40.892905056916383 ], [ 0.623894472127998, 40.893175076710591 ], [ 0.624250303246085, 40.893182409073155 ], [ 0.624259965018538, 40.892912389209563 ], [ 0.623904135344657, 40.892905056916383 ] ] ], [ [ [ 0.625741218423155, 40.891321586311669 ], [ 0.625385396889567, 40.891314258821446 ], [ 0.625375740236255, 40.89158427898051 ], [ 0.625731563213917, 40.891591606540061 ], [ 0.625741218423155, 40.891321586311669 ] ] ], [ [ [ 0.623586963195928, 40.891817644392709 ], [ 0.62357729905985, 40.892087664175804 ], [ 0.623933124268486, 40.892094997402545 ], [ 0.62394278696046, 40.891824977550058 ], [ 0.623586963195928, 40.891817644392709 ] ] ], [ [ [ 0.619229376650091, 40.933881765146019 ], [ 0.619219680446959, 40.934151782099605 ], [ 0.619575730124625, 40.934159134944089 ], [ 0.619585424880603, 40.933889117920941 ], [ 0.619229376650091, 40.933881765146019 ] ] ], [ [ [ 0.652031896966061, 40.923205378650124 ], [ 0.652387896325005, 40.923212628593866 ], [ 0.652397453799612, 40.922942604659681 ], [ 0.652041455887172, 40.922935354784521 ], [ 0.652031896966061, 40.923205378650124 ] ] ], [ [ [ 0.652000878571408, 40.914017309843622 ], [ 0.651991322427086, 40.914287334118804 ], [ 0.652347273932334, 40.914294582897007 ], [ 0.652356828630822, 40.91402455855323 ], [ 0.652000878571408, 40.914017309843622 ] ] ], [ [ [ 0.652194381579474, 40.918614970656513 ], [ 0.652550356350672, 40.918622219434297 ], [ 0.652559911678817, 40.918352195254386 ], [ 0.65220393835378, 40.918344946545176 ], [ 0.652194381579474, 40.918614970656513 ] ] ] ] } },
{ "type": "Feature", "properties": { "GRID_CODE": 2, "CODI_FINAL": "4395191", "MUNICIPI": "Horta de Sant Joan", "DATA_INCEN": "08/11/95" }, "geometry": { "type": "Polygon", "coordinates": [ [ [ 0.379394701301453, 40.96191455715033 ], [ 0.379405384365188, 40.961644590959395 ], [ 0.379049252300867, 40.961636492158874 ], [ 0.379059936667638, 40.961366526029522 ], [ 0.377991545804622, 40.961342223358095 ], [ 0.378002234311175, 40.961072257442254 ], [ 0.375509337476099, 40.961015513259404 ], [ 0.375530734387319, 40.96047558241235 ], [ 0.375174609769657, 40.960467471878957 ], [ 0.375185309484146, 40.960197506532815 ], [ 0.375541432653818, 40.960205616989526 ], [ 0.375552130715708, 40.959935651550332 ], [ 0.374839887419354, 40.959919429646696 ], [ 0.374871989482167, 40.95910953365582 ], [ 0.374515872394821, 40.959101421308659 ], [ 0.37452657421934, 40.958831456039654 ], [ 0.372033768640161, 40.9587746392464 ], [ 0.372044480513733, 40.958504674501057 ], [ 0.37275670706658, 40.958520913171675 ], [ 0.372767415839687, 40.958250948256413 ], [ 0.373479640076696, 40.958267182424116 ], [ 0.373501051456608, 40.957727252197941 ], [ 0.374569380186632, 40.95775159472646 ], [ 0.374580081343979, 40.957481629383864 ], [ 0.374936189744299, 40.95748974127072 ], [ 0.375032480360988, 40.955060051682018 ], [ 0.37467638493053, 40.955051940484225 ], [ 0.374697784195956, 40.954512009439256 ], [ 0.375053876670122, 40.954520120527313 ], [ 0.375096667548913, 40.95344025794801 ], [ 0.374028407869624, 40.95341592239776 ], [ 0.374039109538051, 40.953145956967425 ], [ 0.373683024737314, 40.953137842967728 ], [ 0.373693727707888, 40.952867877599132 ], [ 0.374405894620909, 40.95288410430306 ], [ 0.374427294397552, 40.952344173170381 ], [ 0.372646892707919, 40.952303598963312 ], [ 0.372657599644048, 40.952033633781355 ], [ 0.37158936472824, 40.952009276316453 ], [ 0.371600075801725, 40.951739311348511 ], [ 0.371956152495052, 40.951747431509588 ], [ 0.371966862035122, 40.951477466451209 ], [ 0.371610786790927, 40.951469346321936 ], [ 0.371632208270116, 40.950929416312455 ], [ 0.371276136006609, 40.950921295237123 ], [ 0.37126542392032, 40.951191260218216 ], [ 0.370909350354951, 40.951183137967746 ], [ 0.370930777332445, 40.950643208235519 ], [ 0.37128684800502, 40.950651330287364 ], [ 0.371297559798646, 40.950381365321256 ], [ 0.371653629169403, 40.950389486198013 ], [ 0.371696469223006, 40.949309625789219 ], [ 0.371340405641081, 40.949301505219658 ], [ 0.371351116766893, 40.949031540179952 ], [ 0.370995054838683, 40.949023418545323 ], [ 0.371005767206859, 40.948753453566084 ], [ 0.370293646619928, 40.948737207199436 ], [ 0.370272215888411, 40.949277136879296 ], [ 0.369916152947659, 40.94926901191814 ], [ 0.369905435887729, 40.949538976635552 ], [ 0.369549371645316, 40.949530850499315 ], [ 0.369538652992689, 40.949800815124902 ], [ 0.368826521992525, 40.949784559357617 ], [ 0.368815800357526, 40.9500545238608 ], [ 0.368459733599814, 40.950046394229723 ], [ 0.368470456739574, 40.949776429849763 ], [ 0.368114391632198, 40.949768299243665 ], [ 0.368103667045241, 40.950038263546737 ], [ 0.367391534315409, 40.950021998839645 ], [ 0.367402261796754, 40.949752034690405 ], [ 0.367046197066927, 40.949743900788206 ], [ 0.367024739121734, 40.950283828964196 ], [ 0.367380806745963, 40.950291963020234 ], [ 0.367370078973317, 40.950561927139482 ], [ 0.368438286941067, 40.950586322990979 ], [ 0.368416839699949, 40.951126251692259 ], [ 0.368060767356392, 40.951118120701693 ], [ 0.368039316640054, 40.951658049144157 ], [ 0.369463618581358, 40.951690567224368 ], [ 0.369474338195179, 40.951420602657429 ], [ 0.369830412625873, 40.951428729377994 ], [ 0.369798257574678, 40.952238623171688 ], [ 0.369442178861292, 40.952230496221915 ], [ 0.3694207384979, 40.95277042520312 ], [ 0.369776820167196, 40.952778552262977 ], [ 0.369755382175799, 40.953318481339267 ], [ 0.37117972170781, 40.953350979250551 ], [ 0.371158294714055, 40.953890908881512 ], [ 0.371514382900692, 40.95389903075673 ], [ 0.371503670602554, 40.954168995648374 ], [ 0.371859760382151, 40.954177116501953 ], [ 0.371849049387884, 40.954447081410393 ], [ 0.372205140758659, 40.954455201287352 ], [ 0.372183721288323, 40.95499513121419 ], [ 0.372895910139432, 40.95501136793218 ], [ 0.372885203111008, 40.955281333027337 ], [ 0.37324129920135, 40.955289449837878 ], [ 0.373230593475169, 40.955559414994802 ], [ 0.373586691158494, 40.955567530783632 ], [ 0.373575986734603, 40.955837496002324 ], [ 0.373932086012688, 40.955845610724417 ], [ 0.373921382889334, 40.956115576049847 ], [ 0.372496980743343, 40.956083110170773 ], [ 0.372507689655558, 40.955813145197368 ], [ 0.370727197511872, 40.955772538539399 ], [ 0.370737913576192, 40.955502573936378 ], [ 0.370381817056308, 40.955494449359684 ], [ 0.370371099542577, 40.955764413930872 ], [ 0.370015001720601, 40.955756288178883 ], [ 0.369993563422398, 40.956296217078936 ], [ 0.369637462789523, 40.956288090118377 ], [ 0.36964818348962, 40.956018125730878 ], [ 0.369292084449964, 40.956009997748694 ], [ 0.369281362363352, 40.956279962015671 ], [ 0.368925262021625, 40.956271832858107 ], [ 0.368914538341743, 40.956541797033211 ], [ 0.367134031759043, 40.956501134342446 ], [ 0.367112569426158, 40.957041061877227 ], [ 0.366044258491925, 40.957016650599897 ], [ 0.366033522791657, 40.957286614159599 ], [ 0.365677418031462, 40.957278474764045 ], [ 0.365666680678337, 40.957548438230425 ], [ 0.364242257182482, 40.957515869442176 ], [ 0.364220770517949, 40.958055795670283 ], [ 0.366357424011446, 40.958104643140281 ], [ 0.366335954136991, 40.958644570232238 ], [ 0.367048178926834, 40.958660844211536 ], [ 0.367037446636067, 40.958930807910725 ], [ 0.364544652322986, 40.958873829084837 ], [ 0.364555394746779, 40.958603865969465 ], [ 0.362774839003049, 40.958563134242212 ], [ 0.362785588460614, 40.958293171495676 ], [ 0.362429479220479, 40.958285021950111 ], [ 0.362440229981652, 40.958015059220635 ], [ 0.362084122335261, 40.958006908653587 ], [ 0.362094874396419, 40.957736946031169 ], [ 0.361382662379559, 40.957720641709265 ], [ 0.361371907422908, 40.957990604177496 ], [ 0.360659693092876, 40.957974295352216 ], [ 0.360638176891043, 40.958514219933811 ], [ 0.361350397010354, 40.958530529112558 ], [ 0.36133964155625, 40.95880049153439 ], [ 0.361695753313346, 40.958808644531189 ], [ 0.361674244920249, 40.959348569530384 ], [ 0.361318130267487, 40.959340416379376 ], [ 0.361328886015463, 40.959070453942559 ], [ 0.35990443477687, 40.959037830618811 ], [ 0.359915196168283, 40.958767868520503 ], [ 0.359559085143364, 40.958759709985834 ], [ 0.359569847836452, 40.958489747949663 ], [ 0.359213738403666, 40.958481588438566 ], [ 0.359202974322132, 40.958751550398937 ], [ 0.35884686358771, 40.958743389712133 ], [ 0.358825332031205, 40.95928331343211 ], [ 0.359537559376327, 40.959299634059498 ], [ 0.359526796304182, 40.959569596051971 ], [ 0.359882911613239, 40.959577754816742 ], [ 0.359872149842822, 40.959847716871359 ], [ 0.360228266747668, 40.959855874569698 ], [ 0.360217506277223, 40.960125836731457 ], [ 0.361285862269585, 40.960150303512435 ], [ 0.361264349522149, 40.960690228162292 ], [ 0.362332715516549, 40.960714685518198 ], [ 0.362321963295531, 40.960984648097558 ], [ 0.362678087014456, 40.960992798413848 ], [ 0.36268883784507, 40.960722835803757 ], [ 0.363757205591289, 40.96074727997577 ], [ 0.363746459104589, 40.961017242817036 ], [ 0.364102583466662, 40.961025388739998 ], [ 0.364091838280247, 40.961295351688285 ], [ 0.364804090278709, 40.961311640390875 ], [ 0.364825574650753, 40.960771714259891 ], [ 0.365537821440687, 40.96078799825974 ], [ 0.365516342858839, 40.961327924743735 ], [ 0.365872469338859, 40.961336065248943 ], [ 0.365861731306013, 40.961606028568589 ], [ 0.3655056033204, 40.961597887940037 ], [ 0.36549486369369, 40.961867851167696 ], [ 0.365850993069793, 40.961875991826879 ], [ 0.365840254747114, 40.962145955071513 ], [ 0.366196385715303, 40.962154094753956 ], [ 0.366185648694901, 40.962424058060577 ], [ 0.36689791402595, 40.962440334239574 ], [ 0.366876445280901, 40.962980261114268 ], [ 0.369369398774796, 40.963037194184238 ], [ 0.369358674291084, 40.963307158136793 ], [ 0.370427089444089, 40.963331541759828 ], [ 0.370437809583289, 40.963061577576688 ], [ 0.371150084204439, 40.963077827648284 ], [ 0.371139366959807, 40.963347792030092 ], [ 0.371851645059398, 40.963364037860231 ], [ 0.371840930565643, 40.963634002380687 ], [ 0.372553212143586, 40.96365024396929 ], [ 0.372542500460153, 40.963920208629695 ], [ 0.371830215987547, 40.96390396684248 ], [ 0.371808786333726, 40.964443895764759 ], [ 0.372521076601148, 40.964460137814143 ], [ 0.372510364421986, 40.964730102428206 ], [ 0.373222658167807, 40.964746340235827 ], [ 0.373233367448595, 40.964476375513215 ], [ 0.375014097082873, 40.964516950508184 ], [ 0.375024798919296, 40.964246985340544 ], [ 0.375380943809083, 40.96425509699278 ], [ 0.375402344207041, 40.963715166505423 ], [ 0.374690060364, 40.963698942453966 ], [ 0.374711465971851, 40.963159012258522 ], [ 0.374355327104491, 40.963150898759189 ], [ 0.374366031170071, 40.962880933671386 ], [ 0.374722168528118, 40.962889047137629 ], [ 0.374732871000194, 40.962619081958103 ], [ 0.375801279664607, 40.96264341544547 ], [ 0.37577988332532, 40.963183346206115 ], [ 0.376848301986192, 40.96320767026463 ], [ 0.376869689636375, 40.962667739043951 ], [ 0.37829423833656, 40.962700155156682 ], [ 0.378315613820728, 40.962160223262984 ], [ 0.379027883189669, 40.962176424418928 ], [ 0.379038567846597, 40.961906458319568 ], [ 0.379394701301453, 40.96191455715033 ] ] ] } },
{ "type": "Feature", "properties": { "GRID_CODE": 2, "CODI_FINAL": "4395000", "MUNICIPI": "Vandellós-Hospitalet de l'Infant", "DATA_INCEN": "02/03/95" }, "geometry": { "type": "MultiPolygon", "coordinates": [ [ [ [ 0.83469164293998, 40.948128263897424 ], [ 0.835403999139267, 40.948141641432073 ], [ 0.835395178677113, 40.948411698278022 ], [ 0.835751358435942, 40.948418385437627 ], [ 0.835742539304539, 40.948688442287562 ], [ 0.836098720571392, 40.948695128454951 ], [ 0.836081084966194, 40.949235242240817 ], [ 0.836437269251036, 40.94924192743531 ], [ 0.836428452717931, 40.949511984370098 ], [ 0.836784638571665, 40.94951866852842 ], [ 0.836802268680707, 40.948978554474202 ], [ 0.837158451755897, 40.948985237406653 ], [ 0.837140824546596, 40.949525351542306 ], [ 0.836784638571665, 40.94951866852842 ], [ 0.836775823367976, 40.949788725512192 ], [ 0.837132010790604, 40.94979540863433 ], [ 0.837123196857002, 40.950065465665951 ], [ 0.837479385909366, 40.950072147707971 ], [ 0.837470573303788, 40.950342204833568 ], [ 0.837826763925054, 40.950348885839361 ], [ 0.83781795265048, 40.950618942968902 ], [ 0.838530337089643, 40.950632301852401 ], [ 0.838521528651793, 40.950902359140208 ], [ 0.839233916468029, 40.950915713752174 ], [ 0.839225110751177, 40.951185771105933 ], [ 0.83993750194437, 40.951199121446308 ], [ 0.839919896006999, 40.951739236409828 ], [ 0.840988492360379, 40.951759254029888 ], [ 0.840997291069827, 40.951489196388941 ], [ 0.841709686356969, 40.951502535860598 ], [ 0.841718481988928, 40.951232478078097 ], [ 0.8427870714387, 40.951252478826973 ], [ 0.84277828015321, 40.951522536843733 ], [ 0.844203073534331, 40.951549189397717 ], [ 0.844194287928249, 40.951819247607354 ], [ 0.843481888070583, 40.95180592340278 ], [ 0.843473099446453, 40.952075981472113 ], [ 0.842404496176803, 40.952055986751603 ], [ 0.842413289209833, 40.95178592882754 ], [ 0.842057089787862, 40.951779261799338 ], [ 0.842048295366317, 40.952049319616435 ], [ 0.84169209467527, 40.95204265138176 ], [ 0.84168329862407, 40.952312709165426 ], [ 0.840258491195057, 40.952286025067885 ], [ 0.840267292984344, 40.952015967535559 ], [ 0.839911092889389, 40.952009293848249 ], [ 0.839919896006999, 40.951739236409828 ], [ 0.839563697482418, 40.951732561641151 ], [ 0.83957250192978, 40.951462504251609 ], [ 0.838147714703086, 40.951435794522276 ], [ 0.83813890445847, 40.951705851659121 ], [ 0.837782706532018, 40.951699171392896 ], [ 0.837791518225943, 40.951429114319261 ], [ 0.837079125569887, 40.951415750658619 ], [ 0.837087940102071, 40.95114569369828 ], [ 0.836731745373951, 40.951139010258892 ], [ 0.836749376918301, 40.950598896420772 ], [ 0.836393185267794, 40.950592212009504 ], [ 0.836384368076561, 40.950862268871887 ], [ 0.836028175095088, 40.950855583342921 ], [ 0.836036993676204, 40.95058552654266 ], [ 0.835680802265218, 40.950578839932462 ], [ 0.835671982175505, 40.950848896668347 ], [ 0.835315789433616, 40.950842208940472 ], [ 0.835306967834208, 40.951112265599917 ], [ 0.834950773704984, 40.951105576663153 ], [ 0.834959596813005, 40.950835520068075 ], [ 0.835315789433616, 40.950842208940472 ], [ 0.835324610913198, 40.950572152266709 ], [ 0.835680802265218, 40.950578839932462 ], [ 0.835689622175778, 40.950308783181207 ], [ 0.835333432333803, 40.950302095534845 ], [ 0.835342253573768, 40.950032038832596 ], [ 0.834986065299333, 40.950025350195062 ], [ 0.835012532708656, 40.949215180148713 ], [ 0.835368716694978, 40.949221868597519 ], [ 0.835359895753614, 40.949491925386432 ], [ 0.835716081308881, 40.949498612799104 ], [ 0.83573372011125, 40.948958499169386 ], [ 0.835021354977862, 40.948945123453825 ], [ 0.835038999098922, 40.948405009975147 ], [ 0.834682819579712, 40.948398320616803 ], [ 0.83469164293998, 40.948128263897424 ], [ 0.834335464989666, 40.948121573502995 ], [ 0.834344289677661, 40.947851516877662 ], [ 0.833988113297707, 40.947844825402179 ], [ 0.833961634644239, 40.948654995092738 ], [ 0.833605454096362, 40.948648302329076 ], [ 0.833596626150607, 40.948918358785001 ], [ 0.83395280820693, 40.948925051613102 ], [ 0.833943981590383, 40.949195108118083 ], [ 0.833587798142845, 40.949188415272801 ], [ 0.833578969957285, 40.949458471700204 ], [ 0.833222785181984, 40.94945177764717 ], [ 0.833213955425899, 40.949721834042002 ], [ 0.832501583277458, 40.949708442509902 ], [ 0.832492750562473, 40.949978498764892 ], [ 0.832136563248715, 40.949971801286921 ], [ 0.832154231513433, 40.949431688980532 ], [ 0.831798047158585, 40.94942499052874 ], [ 0.831789211665294, 40.949695046671273 ], [ 0.830720655090724, 40.949674944576593 ], [ 0.830676453973372, 40.951025223942032 ], [ 0.829607876740064, 40.951005111046285 ], [ 0.829616721586685, 40.950735055401687 ], [ 0.828548149783716, 40.950714932756156 ], [ 0.828539300647319, 40.950984988256515 ], [ 0.829251684588502, 40.95099840456416 ], [ 0.82924283823186, 40.951268460132162 ], [ 0.829599031832679, 40.951275166677732 ], [ 0.829572496328853, 40.952085333530398 ], [ 0.829928694397651, 40.952092039166835 ], [ 0.829919850398198, 40.952362094848539 ], [ 0.830276050095815, 40.952368799450007 ], [ 0.83026720742706, 40.952638855135881 ], [ 0.830979610020447, 40.952652261211 ], [ 0.830970770130315, 40.952922317009431 ], [ 0.833107989428295, 40.952962509225259 ], [ 0.833116820562797, 40.952692453045451 ], [ 0.833829225076275, 40.952705841528115 ], [ 0.83383805325146, 40.952435785208507 ], [ 0.834550455345845, 40.952449169166385 ], [ 0.834568105420404, 40.951909056228942 ], [ 0.83492430377914, 40.951915746410059 ], [ 0.834915480191754, 40.952185802948094 ], [ 0.835627880106574, 40.952199180182284 ], [ 0.83561905935594, 40.952469236878734 ], [ 0.835975260913482, 40.952475923886752 ], [ 0.835966441493887, 40.95274598058721 ], [ 0.836322644619125, 40.952752666603949 ], [ 0.836313826529138, 40.953022723353392 ], [ 0.836670031223546, 40.95302940833384 ], [ 0.836661214463206, 40.953299465132282 ], [ 0.838442247099921, 40.953332873769469 ], [ 0.838451056614594, 40.953062816609936 ], [ 0.839875879103027, 40.953089523502236 ], [ 0.839867075328185, 40.953359580868288 ], [ 0.841291905529064, 40.95338627037507 ], [ 0.841283107491857, 40.953656327980489 ], [ 0.841639316759917, 40.953662997693286 ], [ 0.841648113347659, 40.953392940024777 ], [ 0.843072945938325, 40.953419607539971 ], [ 0.843081736608799, 40.953149549604916 ], [ 0.843794150721699, 40.953162876638956 ], [ 0.843802938434727, 40.952892818519665 ], [ 0.847365001602401, 40.952959387129276 ], [ 0.847373774640962, 40.952689328409875 ], [ 0.844880339305071, 40.952642742378124 ], [ 0.844889122429727, 40.952372684086328 ], [ 0.844532919274871, 40.952366024583768 ], [ 0.844541703729616, 40.952095966340728 ], [ 0.844897905377172, 40.952102625734142 ], [ 0.844906688263228, 40.951832567413845 ], [ 0.846331490305168, 40.951859193831403 ], [ 0.846340267274539, 40.951589135244937 ], [ 0.849189865542427, 40.951642334845346 ], [ 0.849181100167923, 40.95191239393511 ], [ 0.849537301974753, 40.951919038972726 ], [ 0.84952853792912, 40.952189098156111 ], [ 0.849884741304375, 40.952195742157045 ], [ 0.849875978590574, 40.952465801344054 ], [ 0.850232183532798, 40.95247244435329 ], [ 0.850223422149407, 40.952742503588908 ], [ 0.850935835231783, 40.952755786388245 ], [ 0.850944593656926, 40.952485727025852 ], [ 0.8520132098533, 40.952505642812667 ], [ 0.852021963812686, 40.952235583202615 ], [ 0.853090576671538, 40.952255488903887 ], [ 0.853081827061883, 40.952525548657256 ], [ 0.852725621166756, 40.952518914489559 ], [ 0.852716869988801, 40.952788974165934 ], [ 0.85164824879, 40.952769064789265 ], [ 0.851639493083978, 40.953039124306947 ], [ 0.851283284826355, 40.953032485571477 ], [ 0.851292041921005, 40.952762426160504 ], [ 0.850935835231783, 40.952755786388245 ], [ 0.850918317963765, 40.953295905114224 ], [ 0.851274527612761, 40.953302544968196 ], [ 0.851265770219377, 40.953572604394601 ], [ 0.851621981377444, 40.953579243210704 ], [ 0.851630737319861, 40.953309183766493 ], [ 0.853055577399639, 40.953335727874766 ], [ 0.853046827314601, 40.953605787571192 ], [ 0.853403039065648, 40.953612420934242 ], [ 0.853394290311285, 40.953882480679191 ], [ 0.85375050363069, 40.953889113005381 ], [ 0.853741756207041, 40.954159172798853 ], [ 0.854097971096267, 40.954165804043136 ], [ 0.854089225001914, 40.954435863930122 ], [ 0.85480165809379, 40.954449123291333 ], [ 0.854792914721908, 40.954719183243412 ], [ 0.856217788128996, 40.95474568902079 ], [ 0.856235263097947, 40.954205568599782 ], [ 0.855166616533107, 40.954185691269274 ], [ 0.85517535821792, 40.953915631226032 ], [ 0.855531572132664, 40.953922258009072 ], [ 0.855549052187664, 40.95338213775338 ], [ 0.854836630217122, 40.953368883292363 ], [ 0.854862858137297, 40.952558703133846 ], [ 0.854150445338597, 40.952545444650724 ], [ 0.854159190599964, 40.952275384709132 ], [ 0.853446781234622, 40.95226212195427 ], [ 0.853455529277498, 40.951992062078901 ], [ 0.855236546452601, 40.952025210430406 ], [ 0.855254027744487, 40.951485090100874 ], [ 0.854897826995052, 40.951478462737533 ], [ 0.854915310651403, 40.950938342475396 ], [ 0.855271508562968, 40.95094496966945 ], [ 0.855280248763719, 40.950674909454307 ], [ 0.854924052362299, 40.950668282279068 ], [ 0.854932793893635, 40.950398222112412 ], [ 0.853864209688898, 40.950378334221696 ], [ 0.853855463808217, 40.950648394245214 ], [ 0.853499267822476, 40.950641762670827 ], [ 0.853508015210358, 40.950371702756193 ], [ 0.853864209688898, 40.950378334221696 ], [ 0.853890446732586, 40.949568154203057 ], [ 0.854246636982151, 40.949574784380893 ], [ 0.854255380937024, 40.94930472428274 ], [ 0.853899192138121, 40.949298094122625 ], [ 0.853907937482784, 40.949028034074082 ], [ 0.853551750191041, 40.949021402921154 ], [ 0.85357798980192, 40.948211222832235 ], [ 0.853221806977893, 40.948204590723108 ], [ 0.853239302335277, 40.947664470747782 ], [ 0.852883122587633, 40.947657837665865 ], [ 0.852874373489574, 40.947927897597317 ], [ 0.852518192410201, 40.947921263398271 ], [ 0.852500691018711, 40.948461383094077 ], [ 0.852144507159967, 40.948454747670063 ], [ 0.852135754807099, 40.94872480743328 ], [ 0.851779569618083, 40.94871817084708 ], [ 0.851788323362178, 40.948448111100518 ], [ 0.851432139741201, 40.948441473477708 ], [ 0.851423384490056, 40.948711533115343 ], [ 0.851067199538853, 40.948704894330284 ], [ 0.851084712762585, 40.94816477512029 ], [ 0.850728530770669, 40.948158135315339 ], [ 0.85073728868219, 40.947888075774856 ], [ 0.850381108256865, 40.947881434978349 ], [ 0.850372348955612, 40.948151494457115 ], [ 0.850016167260974, 40.948144852454497 ], [ 0.850033688702062, 40.947604733609523 ], [ 0.851458404663897, 40.947631294432178 ], [ 0.851449649828855, 40.947901354113604 ], [ 0.851805830550144, 40.947907991655853 ], [ 0.851814583995468, 40.947637931912723 ], [ 0.852170763388022, 40.947644568247767 ], [ 0.852162011391783, 40.947914628053702 ], [ 0.852518192410201, 40.947921263398271 ], [ 0.852535693327755, 40.947381143600516 ], [ 0.851110981675797, 40.947354596220464 ], [ 0.851119737781434, 40.947084536574451 ], [ 0.850051209668651, 40.947064614662587 ], [ 0.850042449214436, 40.947334674165127 ], [ 0.849330094815794, 40.947321387282706 ], [ 0.849312567816424, 40.94786150590474 ], [ 0.849668747883322, 40.947868150044407 ], [ 0.849659985624513, 40.948138209396355 ], [ 0.849303804167887, 40.948131565194942 ], [ 0.849295040339492, 40.948401624514808 ], [ 0.848582674885123, 40.948388332688026 ], [ 0.848573908039436, 40.948658391867916 ], [ 0.848217724041716, 40.948651744242547 ], [ 0.848208955629273, 40.94892180330028 ], [ 0.84714039994105, 40.948901853727847 ], [ 0.847131627121393, 40.949171912583708 ], [ 0.846419254340703, 40.949158607230416 ], [ 0.846410478444168, 40.949428665945035 ], [ 0.846054290812371, 40.949422011579337 ], [ 0.846063068100188, 40.949151952881557 ], [ 0.84570688203678, 40.949145297479397 ], [ 0.845698103301265, 40.949415356069224 ], [ 0.845341915848564, 40.94940869950355 ], [ 0.845333135544612, 40.949678758016155 ], [ 0.844264569676209, 40.94965878144577 ], [ 0.844255784846024, 40.949928839754016 ], [ 0.843899595031442, 40.949922178665695 ], [ 0.843908381251463, 40.949652120419344 ], [ 0.844264569676209, 40.94965878144577 ], [ 0.84428213885991, 40.949118664784315 ], [ 0.844994510209804, 40.949131983330687 ], [ 0.845003291783754, 40.948861924853702 ], [ 0.845715660712429, 40.94887523887644 ], [ 0.845724439210953, 40.948605180213129 ], [ 0.8460806223746, 40.948611835534372 ], [ 0.846089399362672, 40.948341776839953 ], [ 0.846445581197877, 40.948348430953821 ], [ 0.846454356617656, 40.948078372182216 ], [ 0.847522898547469, 40.948098327829776 ], [ 0.847531669442916, 40.947828268809005 ], [ 0.847887848914476, 40.947834918445587 ], [ 0.847914156595354, 40.947024741200231 ], [ 0.846489456987614, 40.94699813690616 ], [ 0.846480682044574, 40.947268195734729 ], [ 0.846124506005635, 40.947261541872663 ], [ 0.846115729494387, 40.947531600624046 ], [ 0.845759552127077, 40.947524945554676 ], [ 0.845750774046096, 40.947795004273857 ], [ 0.845394595348956, 40.947788348042145 ], [ 0.845385815701152, 40.948058406639092 ], [ 0.843961096246656, 40.948031770555453 ], [ 0.843978666956119, 40.947491653850186 ], [ 0.844334843728593, 40.947498314371359 ], [ 0.84435241106274, 40.946958197483085 ], [ 0.845777107869057, 40.946984828162499 ], [ 0.845785885531535, 40.946714769444483 ], [ 0.847566751947773, 40.946748032720798 ], [ 0.847593062605699, 40.945937855494414 ], [ 0.846880724363916, 40.945924553850212 ], [ 0.846889497202779, 40.945654494886384 ], [ 0.84653332973848, 40.945647842501323 ], [ 0.84652455539133, 40.945917901401117 ], [ 0.846168386598734, 40.945911247808816 ], [ 0.846159610741376, 40.946181306677509 ], [ 0.844734930847211, 40.946154681106172 ], [ 0.844726149015477, 40.946424739707624 ], [ 0.84436997792117, 40.946418080492826 ], [ 0.844361194582013, 40.94668813897313 ], [ 0.844005022097203, 40.946681478639881 ], [ 0.844013806944682, 40.946411420223711 ], [ 0.84436997792117, 40.946418080492826 ], [ 0.844387544300951, 40.945877963490581 ], [ 0.844743712498843, 40.945884622534372 ], [ 0.84475249409058, 40.945614563949448 ], [ 0.845464828004231, 40.945627878659288 ], [ 0.845482384976444, 40.945087761148635 ], [ 0.845838549183949, 40.945094416750628 ], [ 0.845847326011946, 40.944824357932923 ], [ 0.844778838032887, 40.944804388061961 ], [ 0.844796400083595, 40.944264270762794 ], [ 0.845152559766945, 40.944270928330447 ], [ 0.845170118443035, 40.943730810848344 ], [ 0.845526275288701, 40.943737467189706 ], [ 0.845535052969453, 40.943467408363745 ], [ 0.84660351999263, 40.943487370650914 ], [ 0.846612293207946, 40.943217311621837 ], [ 0.844831522756828, 40.943184035903506 ], [ 0.844822742296343, 40.943454094662755 ], [ 0.844466587080035, 40.943447436139841 ], [ 0.844457805053019, 40.943717494776841 ], [ 0.844101648505769, 40.94371083513672 ], [ 0.844084081136974, 40.944250952240857 ], [ 0.843727921870824, 40.944244291376606 ], [ 0.843710351127209, 40.944784408297707 ], [ 0.843354189082735, 40.944777746208175 ], [ 0.843362975933348, 40.944507687817193 ], [ 0.843006815458516, 40.944501024646435 ], [ 0.842998027099716, 40.94477108297324 ], [ 0.842641865293957, 40.94476441868521 ], [ 0.842597914641697, 40.946114709838611 ], [ 0.842241745651558, 40.946108044134895 ], [ 0.842232953738046, 40.946378102251217 ], [ 0.841876783419847, 40.946371435340112 ], [ 0.841894370084676, 40.945831319220481 ], [ 0.841182035660184, 40.945817982398822 ], [ 0.841173239519328, 40.946088040340136 ], [ 0.840460902674883, 40.946074698995126 ], [ 0.840469701772913, 40.945804641181155 ], [ 0.840113534949903, 40.945797968899775 ], [ 0.840122335377314, 40.945527911134661 ], [ 0.839410005045559, 40.945514563446459 ], [ 0.839392398334984, 40.946054678710951 ], [ 0.839036230420241, 40.946048003113567 ], [ 0.839018620333534, 40.946588118194754 ], [ 0.839730962017495, 40.946601468586728 ], [ 0.839722159720902, 40.946871526277796 ], [ 0.840078332162229, 40.946878199864898 ], [ 0.840069531196533, 40.947148257559867 ], [ 0.841138053641033, 40.947168272005683 ], [ 0.841129256902825, 40.947438329875737 ], [ 0.840416905568689, 40.947424987899595 ], [ 0.84040810575357, 40.947695045628066 ], [ 0.840051928845692, 40.947688372950921 ], [ 0.84006073005046, 40.947418315284445 ], [ 0.839704554712611, 40.947411641526074 ], [ 0.839695751999454, 40.947681699128289 ], [ 0.838627222293958, 40.947661671156503 ], [ 0.838636029355642, 40.947391613698777 ], [ 0.838279854435306, 40.947384935586904 ], [ 0.83826223735657, 40.947925050272843 ], [ 0.837906059717175, 40.947918370936399 ], [ 0.837914869735724, 40.947648313663173 ], [ 0.83720251771547, 40.947634951773587 ], [ 0.837220143191064, 40.947094837392228 ], [ 0.83686397025773, 40.947088154947345 ], [ 0.836881598211838, 40.946548040636543 ], [ 0.836525428296131, 40.946541357218813 ], [ 0.836498981811037, 40.947351528405875 ], [ 0.836855156131531, 40.947358212059434 ], [ 0.836828712914434, 40.948168383352908 ], [ 0.837184891703197, 40.948175066051803 ], [ 0.837167265210665, 40.948715180318004 ], [ 0.836454902018856, 40.948701813479047 ], [ 0.836463718192728, 40.948431756501492 ], [ 0.836107538253725, 40.948425071541756 ], [ 0.836125173201191, 40.947884957626442 ], [ 0.835768996220688, 40.947878271692723 ], [ 0.835795452119673, 40.947068100925677 ], [ 0.835439279607421, 40.947061414037371 ], [ 0.835448099469132, 40.946791357165147 ], [ 0.83509192852416, 40.946784669285833 ], [ 0.835074285901738, 40.947324782891705 ], [ 0.834718112178638, 40.9473180937865 ], [ 0.834709289238701, 40.947588150504757 ], [ 0.835065464351444, 40.947594839672142 ], [ 0.83505664273922, 40.947864896484447 ], [ 0.834700466119575, 40.947858207207673 ], [ 0.83469164293998, 40.948128263897424 ] ], [ [ 0.84238690987411, 40.952596102469215 ], [ 0.842743113702803, 40.952602768630982 ], [ 0.842734321762353, 40.952872826530353 ], [ 0.842378116484248, 40.952866160305533 ], [ 0.84238690987411, 40.952596102469215 ] ], [ [ 0.847826460117855, 40.949725331503885 ], [ 0.848182649794628, 40.949731980435281 ], [ 0.848173880905794, 40.950002039436058 ], [ 0.847817689779798, 40.94999539044175 ], [ 0.847826460117855, 40.949725331503885 ] ], [ [ 0.853837971634028, 40.951188514158389 ], [ 0.854194170577837, 40.951195144757605 ], [ 0.854185425791588, 40.95146520475614 ], [ 0.853829225339045, 40.951458574093081 ], [ 0.853837971634028, 40.951188514158389 ] ], [ [ 0.845689324387146, 40.949685414643696 ], [ 0.846045513406813, 40.949692070217907 ], [ 0.846036735822669, 40.949962128841086 ], [ 0.845680545411684, 40.949955473250036 ], [ 0.845689324387146, 40.949685414643696 ] ], [ [ 0.836366733392708, 40.951402382600051 ], [ 0.83672292945184, 40.95140906715713 ], [ 0.83671411334916, 40.951679124085011 ], [ 0.836357915901565, 40.951672439420776 ], [ 0.836366733392708, 40.951402382600051 ] ], [ [ 0.848538839589051, 40.949738628312232 ], [ 0.848895029563372, 40.949745275045842 ], [ 0.84888626357153, 40.95001533421739 ], [ 0.848530072208799, 40.950008687377007 ], [ 0.848538839589051, 40.949738628312232 ] ], [ [ 0.846010402472173, 40.950772304672434 ], [ 0.846366597350126, 40.950778959352903 ], [ 0.84634904406534, 40.951319076643131 ], [ 0.845992846290235, 40.951312421791734 ], [ 0.846010402472173, 40.950772304672434 ] ], [ [ 0.831050324525341, 40.950491814214352 ], [ 0.831406514377446, 40.950498515117403 ], [ 0.831388839355912, 40.95103862705615 ], [ 0.831032646603873, 40.951031926071323 ], [ 0.831050324525341, 40.950491814214352 ] ], [ [ 0.850962110209711, 40.951945608259457 ], [ 0.851674515071424, 40.951958886283627 ], [ 0.851665759782998, 40.952228945800108 ], [ 0.850953352022478, 40.952215667650336 ], [ 0.850962110209711, 40.951945608259457 ] ], [ [ 0.831736196014624, 40.95131538299843 ], [ 0.832092390455959, 40.951322081847707 ], [ 0.832074720569242, 40.951862194000533 ], [ 0.831718523171436, 40.951855494978396 ], [ 0.831736196014624, 40.95131538299843 ] ], [ [ 0.84183281469442, 40.947721725480385 ], [ 0.841824020555991, 40.947991783447016 ], [ 0.842180199569689, 40.947998450691571 ], [ 0.842171406759425, 40.948268508752058 ], [ 0.842527587341622, 40.948275174960308 ], [ 0.842518795862495, 40.948545233024603 ], [ 0.841806432039536, 40.948531899339791 ], [ 0.841824020555991, 40.947991783447016 ], [ 0.840755484353285, 40.947971775029352 ], [ 0.840764282838877, 40.947701717251988 ], [ 0.84183281469442, 40.947721725480385 ] ], [ [ 0.842136234506591, 40.949348740719799 ], [ 0.84212744110065, 40.949618798664027 ], [ 0.84319600482083, 40.94963879502432 ], [ 0.84318721570241, 40.949908853144578 ], [ 0.842118647634644, 40.949888856595102 ], [ 0.842109853989833, 40.950158914510837 ], [ 0.842466044714645, 40.950165581205596 ], [ 0.842457252399629, 40.950435639170152 ], [ 0.842101060283475, 40.95042897245844 ], [ 0.842109853989833, 40.950158914510837 ], [ 0.841753663442349, 40.950152246762755 ], [ 0.841762458477014, 40.949882188908987 ], [ 0.842118647634644, 40.949888856595102 ], [ 0.84212744110065, 40.949618798664027 ], [ 0.841771253453046, 40.949612130997096 ], [ 0.841780048248792, 40.949342073114828 ], [ 0.842136234506591, 40.949348740719799 ] ], [ [ 0.839972712382892, 40.950118891393274 ], [ 0.83995510740201, 40.950659006470808 ], [ 0.840667493276368, 40.950672352160694 ], [ 0.840658693476168, 40.95094240978127 ], [ 0.839946304703287, 40.950929063965127 ], [ 0.83995510740201, 40.950659006470808 ], [ 0.839598914615215, 40.950652331953606 ], [ 0.839607718643619, 40.950382274508172 ], [ 0.839251527425642, 40.950375598954651 ], [ 0.839260332783687, 40.950105541558116 ], [ 0.838904143193891, 40.950098864969412 ], [ 0.83891294982217, 40.949828807620676 ], [ 0.839625326283809, 40.949842159528423 ], [ 0.83961652249309, 40.950112217047362 ], [ 0.839972712382892, 40.950118891393274 ] ], [ [ 0.839660540127843, 40.948761929442931 ], [ 0.839304357603413, 40.94875525431334 ], [ 0.839313162243915, 40.948485196831292 ], [ 0.838956981289636, 40.948478520620469 ], [ 0.838974593050665, 40.947938405738824 ], [ 0.839330771108272, 40.947945081778336 ], [ 0.839321966706935, 40.948215139288877 ], [ 0.840034326018173, 40.948228488239963 ], [ 0.840025524393949, 40.948498545907569 ], [ 0.840381705708388, 40.948505218775217 ], [ 0.840372905415192, 40.948775276446675 ], [ 0.840729088296793, 40.948781948323095 ], [ 0.840711490309444, 40.949322063750643 ], [ 0.840355304587471, 40.949315391794102 ], [ 0.840364105060356, 40.949045334150028 ], [ 0.839651736815407, 40.949031987018877 ], [ 0.839660540127843, 40.948761929442931 ] ] ], [ [ [ 0.82210124008733, 40.951674206472774 ], [ 0.821388852264061, 40.951660745850262 ], [ 0.821379973603382, 40.951930799975827 ], [ 0.821023778424836, 40.951924067906681 ], [ 0.821006017901006, 40.952464176033715 ], [ 0.81993742433109, 40.952443972936038 ], [ 0.819928539570731, 40.952714026765065 ], [ 0.819572340526871, 40.952707290106829 ], [ 0.819563454135651, 40.952977343901736 ], [ 0.820632056039549, 40.952997550680202 ], [ 0.820623173936543, 40.953267604608101 ], [ 0.820266971691821, 40.953260870065328 ], [ 0.820258088018788, 40.953530923915253 ], [ 0.820614291653527, 40.953537658520602 ], [ 0.820605409307747, 40.95380771246495 ], [ 0.821317819837917, 40.953821178504455 ], [ 0.821308940270337, 40.954091232561929 ], [ 0.821665147165754, 40.954097963996048 ], [ 0.821647390509772, 40.954638072149351 ], [ 0.820934971043231, 40.954624607881819 ], [ 0.820952733496997, 40.954084499983239 ], [ 0.820240320251387, 40.95407103157109 ], [ 0.820249204225105, 40.953800977750873 ], [ 0.819892999202276, 40.953794241981115 ], [ 0.819910769628598, 40.953254134379144 ], [ 0.819554567684585, 40.953247397638464 ], [ 0.819527907547801, 40.954057558761839 ], [ 0.819884113838505, 40.954064295738732 ], [ 0.819875228294688, 40.954334349480973 ], [ 0.820231436214882, 40.954341085423167 ], [ 0.820222551999829, 40.954611139214826 ], [ 0.820578761432266, 40.954617874075034 ], [ 0.820569878605378, 40.954887927917262 ], [ 0.820926089606458, 40.954894661786618 ], [ 0.820917208108413, 40.955164715678265 ], [ 0.821629633372916, 40.955178180200576 ], [ 0.821620754653283, 40.955448234205306 ], [ 0.82126454051046, 40.955441502452764 ], [ 0.821255660161321, 40.955711556378432 ], [ 0.821968091524521, 40.955725018957374 ], [ 0.821959213953881, 40.95599507299611 ], [ 0.822315431294861, 40.956001802722888 ], [ 0.82234205917917, 40.95519164032558 ], [ 0.822698272234188, 40.955198368715621 ], [ 0.822707146484719, 40.954928314505608 ], [ 0.823419570115233, 40.95494176790573 ], [ 0.823428441346256, 40.954671713554148 ], [ 0.824853284197186, 40.95469860685867 ], [ 0.824862149569194, 40.95442855223952 ], [ 0.825574568787846, 40.954441992189032 ], [ 0.825583431140524, 40.954171937428477 ], [ 0.825227222861834, 40.954165218043457 ], [ 0.825236086543581, 40.953895163332191 ], [ 0.82559229331347, 40.953901882652517 ], [ 0.825601155367513, 40.953631827817276 ], [ 0.825957360867708, 40.953638545975608 ], [ 0.825966221350514, 40.953368491107554 ], [ 0.825610017359082, 40.953361773013896 ], [ 0.825618879170926, 40.953091718195132 ], [ 0.825975081773812, 40.953098436181335 ], [ 0.825966221350514, 40.953368491107554 ], [ 0.826322425463758, 40.95337520805667 ], [ 0.826331284436193, 40.953105153111913 ], [ 0.827043690123399, 40.953118583629426 ], [ 0.827061401851968, 40.952578473396862 ], [ 0.8267052018462, 40.952571758837415 ], [ 0.82669634456376, 40.952841813874251 ], [ 0.826340143228933, 40.952835098151752 ], [ 0.826349001962197, 40.952565043133454 ], [ 0.825636602492874, 40.952551608515869 ], [ 0.825627740921765, 40.952821663363203 ], [ 0.825271539949443, 40.952814944297138 ], [ 0.825262676747764, 40.953084999110501 ], [ 0.824906474446474, 40.953078278881335 ], [ 0.824897609676509, 40.953348333571846 ], [ 0.824541406044755, 40.953341612224598 ], [ 0.824532539764358, 40.953611666838363 ], [ 0.824176334803644, 40.95360494432795 ], [ 0.824158598923339, 40.954145053384345 ], [ 0.823802391124853, 40.954138329646064 ], [ 0.823811260605822, 40.95386827514416 ], [ 0.823455054436608, 40.95386155037103 ], [ 0.823463925185671, 40.953591495962371 ], [ 0.823820129905473, 40.953598220671871 ], [ 0.823828999144041, 40.953328166186431 ], [ 0.824185202534916, 40.953334889732758 ], [ 0.824194070144263, 40.953064835168313 ], [ 0.824550272264098, 40.953071557597653 ], [ 0.824568004224265, 40.952531448253744 ], [ 0.82349940709732, 40.952511278142175 ], [ 0.823508277243975, 40.952241223662128 ], [ 0.822795882660823, 40.952227771535824 ], [ 0.82281362845068, 40.951687662743559 ], [ 0.823526017236719, 40.951701114615318 ], [ 0.823534887081322, 40.951431060093562 ], [ 0.823178694017206, 40.951424334792421 ], [ 0.823187565192049, 40.95115428027502 ], [ 0.823543756746084, 40.951161005556422 ], [ 0.823534887081322, 40.951431060093562 ], [ 0.82424727345074, 40.951444507440222 ], [ 0.82426500692374, 40.950904398053332 ], [ 0.825333578744294, 40.950924560469467 ], [ 0.825324716386725, 40.951194615337741 ], [ 0.826037101121027, 40.951208051563761 ], [ 0.826028241541578, 40.951478106544869 ], [ 0.826384435509548, 40.951484823049171 ], [ 0.826375577316914, 40.951754878125676 ], [ 0.827444164348312, 40.951775021278436 ], [ 0.827435310325353, 40.95204507648512 ], [ 0.828147705198824, 40.95205849989857 ], [ 0.828156556263823, 40.951788444563768 ], [ 0.827800360246692, 40.951781733448342 ], [ 0.82780921264075, 40.951511678162774 ], [ 0.827453018191656, 40.951504966056348 ], [ 0.827461871974103, 40.951234910821128 ], [ 0.828174258094014, 40.951248333807499 ], [ 0.82819195944189, 40.950708223039136 ], [ 0.827835769220273, 40.950701512222686 ], [ 0.827844621134879, 40.95043145683502 ], [ 0.827488432482677, 40.950424744982605 ], [ 0.827497285724769, 40.950154689689185 ], [ 0.827141098643463, 40.950147976755851 ], [ 0.827149953214465, 40.949877921511664 ], [ 0.826793767702578, 40.949871207542429 ], [ 0.826811479441398, 40.949331097139407 ], [ 0.826455296946572, 40.949324382242821 ], [ 0.826464154056444, 40.949054327037857 ], [ 0.826107973131006, 40.949047611105442 ], [ 0.826116831627541, 40.948777555995868 ], [ 0.82540447297787, 40.948764120913864 ], [ 0.825395611642565, 40.949034175897431 ], [ 0.825039431018768, 40.949027456665753 ], [ 0.825021705088889, 40.949567566462932 ], [ 0.825377888551508, 40.949574285820638 ], [ 0.825369026794286, 40.949844340805292 ], [ 0.82501284188402, 40.949837621339007 ], [ 0.82500397861665, 40.950107676246922 ], [ 0.823935420199947, 40.950087511104783 ], [ 0.823926552466191, 40.950357565762666 ], [ 0.822857990784511, 40.950337390579953 ], [ 0.822831373757023, 40.951147553939172 ], [ 0.822475182384604, 40.951140826457745 ], [ 0.822492930107315, 40.95060071772356 ], [ 0.822136741813199, 40.950593989271127 ], [ 0.82212786653175, 40.95086404362614 ], [ 0.821771676908992, 40.950857314010605 ], [ 0.821753923146892, 40.951397422506616 ], [ 0.82211011572893, 40.951404152205598 ], [ 0.82210124008733, 40.951674206472774 ], [ 0.822457434178315, 40.951680935179844 ], [ 0.822439685550738, 40.95222104380094 ], [ 0.822083488500351, 40.952214315010451 ], [ 0.82210124008733, 40.951674206472774 ] ], [ [ 0.82135333701503, 40.952740962314103 ], [ 0.821709536663543, 40.952747693429799 ], [ 0.821700659029195, 40.953017747563045 ], [ 0.82134445793134, 40.95301101638367 ], [ 0.82135333701503, 40.952740962314103 ] ], [ [ 0.822386436594065, 40.953841369408238 ], [ 0.822742642401758, 40.953848097480019 ], [ 0.822733768633351, 40.954118151747132 ], [ 0.822377561316861, 40.954111423610591 ], [ 0.822386436594065, 40.953841369408238 ] ] ], [ [ [ 0.849721318761916, 40.946247793540316 ], [ 0.849703795611238, 40.946787912446965 ], [ 0.850772319021535, 40.946807837423371 ], [ 0.85078107627896, 40.946537777810612 ], [ 0.850424903159659, 40.946531137284339 ], [ 0.850433661747124, 40.946261077720166 ], [ 0.849721318761916, 40.946247793540316 ] ] ], [ [ [ 0.824344801557942, 40.948473905217682 ], [ 0.825057156527981, 40.948487346767571 ], [ 0.82507488155424, 40.947947236857331 ], [ 0.824362532380256, 40.947933795561752 ], [ 0.824344801557942, 40.948473905217682 ] ] ], [ [ [ 0.839783773457317, 40.944981122369342 ], [ 0.83977497187947, 40.945251180100904 ], [ 0.840843463537963, 40.945271196519073 ], [ 0.840852260770732, 40.94500113855311 ], [ 0.839783773457317, 40.944981122369342 ] ] ], [ [ [ 0.842641865293957, 40.94476441868521 ], [ 0.842650655042214, 40.944494360420343 ], [ 0.843006815458516, 40.944501024646435 ], [ 0.843015603638592, 40.944230966304275 ], [ 0.842303285883802, 40.944217636835035 ], [ 0.84228570354968, 40.944757753251785 ], [ 0.842641865293957, 40.94476441868521 ] ] ], [ [ [ 0.823864474717026, 40.952247948053554 ], [ 0.824576870082345, 40.952261393583989 ], [ 0.82458573576065, 40.95199133889885 ], [ 0.823873343353281, 40.951977893496718 ], [ 0.823864474717026, 40.952247948053554 ] ] ], [ [ [ 0.82559229331347, 40.953901882652517 ], [ 0.825583431140524, 40.954171937428477 ], [ 0.826295847941741, 40.954185372852557 ], [ 0.82630470721579, 40.95391531794948 ], [ 0.82559229331347, 40.953901882652517 ] ] ], [ [ [ 0.824576870082345, 40.952261393583989 ], [ 0.824568004224265, 40.952531448253744 ], [ 0.824924203565825, 40.952538169456382 ], [ 0.824933067916706, 40.952268114676912 ], [ 0.824576870082345, 40.952261393583989 ] ] ], [ [ [ 0.842677023690924, 40.943684185497474 ], [ 0.842668234241424, 40.943954243803958 ], [ 0.843024391758685, 40.943960907948977 ], [ 0.843033179701514, 40.943690849533297 ], [ 0.842677023690924, 40.943684185497474 ] ] ], [ [ [ 0.825057156527981, 40.948487346767571 ], [ 0.825048293863983, 40.948757401701855 ], [ 0.82540447297787, 40.948764120913864 ], [ 0.825413334253666, 40.948494065872119 ], [ 0.825057156527981, 40.948487346767571 ] ] ], [ [ [ 0.8354569191517, 40.946521300277546 ], [ 0.835448099469132, 40.946791357165147 ], [ 0.835804270473068, 40.946798043989055 ], [ 0.835813088767518, 40.946527986994298 ], [ 0.8354569191517, 40.946521300277546 ] ] ], [ [ [ 0.821059298023699, 40.950843851526237 ], [ 0.821050418274102, 40.951113905675967 ], [ 0.821406609165762, 40.951120637510172 ], [ 0.821415487405319, 40.950850583340639 ], [ 0.821059298023699, 40.950843851526237 ] ] ], [ [ [ 0.838706481237492, 40.945231153788292 ], [ 0.838697675192046, 40.945501211361176 ], [ 0.839053840030057, 40.945507887930383 ], [ 0.839062644684549, 40.94523783034046 ], [ 0.838706481237492, 40.945231153788292 ] ] ], [ [ [ 0.82715880772456, 40.94960786625434 ], [ 0.827149953214465, 40.949877921511664 ], [ 0.827506138907447, 40.949884634337614 ], [ 0.827514991909041, 40.949614579015645 ], [ 0.82715880772456, 40.94960786625434 ] ] ], [ [ [ 0.820552112528814, 40.955428035602729 ], [ 0.820543229339965, 40.955698089402127 ], [ 0.820899444689589, 40.955704823462597 ], [ 0.820908326430373, 40.955434769554493 ], [ 0.820552112528814, 40.955428035602729 ] ] ], [ [ [ 0.824924203565825, 40.952538169456382 ], [ 0.824915339036665, 40.952808224175435 ], [ 0.825271539949443, 40.952814944297138 ], [ 0.825280402969904, 40.952544889513376 ], [ 0.824924203565825, 40.952538169456382 ] ] ], [ [ [ 0.851788323362178, 40.948448111100518 ], [ 0.852144507159967, 40.948454747670063 ], [ 0.852153259334582, 40.948184687891505 ], [ 0.851797077045296, 40.94817805138586 ], [ 0.851788323362178, 40.948448111100518 ] ] ], [ [ [ 0.825048293863983, 40.948757401701855 ], [ 0.82469211486898, 40.948750681435506 ], [ 0.824683250576179, 40.949020736290812 ], [ 0.825039431018768, 40.949027456665753 ], [ 0.825048293863983, 40.948757401701855 ] ] ], [ [ [ 0.825778371684442, 40.948230728845523 ], [ 0.825769512038871, 40.948500783921197 ], [ 0.826125689945873, 40.948507500825919 ], [ 0.826134548142415, 40.948237445686701 ], [ 0.825778371684442, 40.948230728845523 ] ] ], [ [ [ 0.85590526337997, 40.953388763357538 ], [ 0.855896524831659, 40.953658823554619 ], [ 0.856252737534262, 40.953665448075718 ], [ 0.856261474633051, 40.953395387815966 ], [ 0.85590526337997, 40.953388763357538 ] ] ], [ [ [ 0.839660540127843, 40.948761929442931 ], [ 0.840016722711004, 40.94876860351701 ], [ 0.840025524393949, 40.948498545907569 ], [ 0.839669343259878, 40.948491871896621 ], [ 0.839660540127843, 40.948761929442931 ] ] ] ] } },
{ "type": "Feature", "properties": { "GRID_CODE": 2, "CODI_FINAL": "4395005", "MUNICIPI": "Montblanc", "DATA_INCEN": "13/01/95" }, "geometry": { "type": "MultiPolygon", "coordinates": [ [ [ [ 1.189927619777276, 41.352469788633584 ], [ 1.189987361491633, 41.352470728178687 ], [ 1.190047103208823, 41.352471667692804 ], [ 1.190106844928841, 41.352472607175969 ], [ 1.190108091716698, 41.352427591185034 ], [ 1.190109338501726, 41.352382575193708 ], [ 1.190110585283924, 41.352337559202006 ], [ 1.190111832063291, 41.352292543209948 ], [ 1.190113078839828, 41.352247527217472 ], [ 1.190172820357101, 41.352248466662211 ], [ 1.190232561877204, 41.35224940607597 ], [ 1.190292303400134, 41.352250345458749 ], [ 1.190352044925898, 41.352251284810507 ], [ 1.190411786454491, 41.352252224131284 ], [ 1.190413033022622, 41.352207208131034 ], [ 1.190414279587925, 41.3521621921304 ], [ 1.190415526150399, 41.352117176129383 ], [ 1.190416772710042, 41.352072160128003 ], [ 1.190418019266856, 41.352027144126218 ], [ 1.190358277943838, 41.352026204812816 ], [ 1.19029853662365, 41.352025265468427 ], [ 1.190238795306292, 41.35202432609308 ], [ 1.190179053991764, 41.35202338668671 ], [ 1.190119312680066, 41.352022447249347 ], [ 1.190059571371198, 41.352021507781011 ], [ 1.18999983006516, 41.352020568281638 ], [ 1.189940088761953, 41.352019628751314 ], [ 1.189880347461575, 41.352018689189975 ], [ 1.189820606164029, 41.35201774959765 ], [ 1.189760864869312, 41.352016809974316 ], [ 1.189701123577428, 41.352015870320002 ], [ 1.189641382288372, 41.352014930634709 ], [ 1.189581641002149, 41.352013990918422 ], [ 1.189521899718757, 41.35201305117112 ], [ 1.18952314688946, 41.351968035191128 ], [ 1.189524394057332, 41.351923019210744 ], [ 1.189525641222373, 41.351878003229977 ], [ 1.189526888384584, 41.35183298724882 ], [ 1.189528135543964, 41.351787971267264 ], [ 1.189468394468975, 41.351787031496379 ], [ 1.189408653396815, 41.351786091694478 ], [ 1.189348912327488, 41.351785151861613 ], [ 1.189289171260992, 41.351784211997725 ], [ 1.189229430197326, 41.351783272102871 ], [ 1.189169689136493, 41.351782332177017 ], [ 1.189109948078491, 41.351781392220175 ], [ 1.18905020702332, 41.351780452232326 ], [ 1.188990465970982, 41.351779512213497 ], [ 1.188930724921476, 41.351778572163653 ], [ 1.188931972489165, 41.351733556196514 ], [ 1.188933220054022, 41.351688540228992 ], [ 1.188934467616048, 41.3516435242611 ], [ 1.188935715175243, 41.351598508292788 ], [ 1.188936962731604, 41.351553492324101 ], [ 1.188996703575542, 41.351554432366534 ], [ 1.189056444422312, 41.351555372377973 ], [ 1.189116185271912, 41.35155631235844 ], [ 1.189175926124346, 41.351557252307913 ], [ 1.189235666979609, 41.351558192226364 ], [ 1.189295407837705, 41.351559132113827 ], [ 1.189355148698633, 41.351560071970297 ], [ 1.189414889562392, 41.351561011795788 ], [ 1.189474630428981, 41.351561951590298 ], [ 1.189534371298401, 41.351562891353787 ], [ 1.189535618440797, 41.351517875369943 ], [ 1.189536865580361, 41.351472859385694 ], [ 1.189538112717095, 41.351427843401076 ], [ 1.189539359850998, 41.351382827416067 ], [ 1.18954060698207, 41.35133781143066 ], [ 1.189600347648756, 41.351338751155765 ], [ 1.189660088318272, 41.35133969084989 ], [ 1.189719828990618, 41.351340630513015 ], [ 1.189779569665794, 41.351341570145173 ], [ 1.189839310343803, 41.351342509746296 ], [ 1.18989905102464, 41.351343449316438 ], [ 1.189958791708309, 41.351344388855622 ], [ 1.190018532394809, 41.351345328363763 ], [ 1.190078273084139, 41.351346267840945 ], [ 1.190138013776297, 41.351347207287127 ], [ 1.190139260493407, 41.351302191286564 ], [ 1.190140507207688, 41.35125717528561 ], [ 1.190141753919138, 41.35121215928428 ], [ 1.190143000627759, 41.351167143282531 ], [ 1.19014424733355, 41.351122127280433 ], [ 1.190145494036511, 41.351077111277952 ], [ 1.190146740736643, 41.351032095275073 ], [ 1.190147987433945, 41.350987079271775 ], [ 1.190149234128416, 41.35094206326815 ], [ 1.190150480820058, 41.350897047264112 ], [ 1.190090740539027, 41.35089610783271 ], [ 1.190031000260825, 41.350895168370329 ], [ 1.189971259985453, 41.350894228876939 ], [ 1.189911519712911, 41.350893289352555 ], [ 1.189851779443202, 41.350892349797185 ], [ 1.189853026337575, 41.350847333800161 ], [ 1.189854273229118, 41.350802317802739 ], [ 1.189855520117832, 41.350757301804954 ], [ 1.189856767003716, 41.350712285806743 ], [ 1.189858013886767, 41.350667269808177 ], [ 1.189798273825447, 41.350666330229203 ], [ 1.189738533766957, 41.350665390619248 ], [ 1.189678793711298, 41.350664450978293 ], [ 1.189619053658469, 41.350663511306365 ], [ 1.189559313608471, 41.350662571603408 ], [ 1.189560560694252, 41.350617555611848 ], [ 1.189561807777204, 41.350572539619883 ], [ 1.189563054857324, 41.350527523627534 ], [ 1.189564301934613, 41.350482507634823 ], [ 1.189565549009072, 41.350437491641706 ], [ 1.189505809167463, 41.350436551915188 ], [ 1.189446069328684, 41.350435612157646 ], [ 1.189386329492736, 41.350434672369126 ], [ 1.18932658965962, 41.350433732549618 ], [ 1.189266849829333, 41.350432792699145 ], [ 1.189268097106519, 41.350387776712992 ], [ 1.189269344380872, 41.350342760726519 ], [ 1.189270591652395, 41.350297744739656 ], [ 1.189271838921087, 41.350252728752388 ], [ 1.189273086186946, 41.35020771276475 ], [ 1.189213346565047, 41.350206772890658 ], [ 1.189153606945979, 41.350205832985559 ], [ 1.189093867329743, 41.350204893049465 ], [ 1.189034127716338, 41.350203953082421 ], [ 1.188974388105764, 41.350203013084339 ], [ 1.188914648498023, 41.350202073055286 ], [ 1.188854908893114, 41.350201132995231 ], [ 1.188795169291035, 41.350200192904197 ], [ 1.188735429691789, 41.350199252782168 ], [ 1.188675690095375, 41.350198312629161 ], [ 1.188615950501795, 41.350197372445137 ], [ 1.188556210911045, 41.350196432230142 ], [ 1.188496471323128, 41.350195491984131 ], [ 1.188436731738044, 41.350194551707148 ], [ 1.188376992155792, 41.350193611399177 ], [ 1.188378240035481, 41.350148595433346 ], [ 1.188379487912338, 41.350103579467095 ], [ 1.188380735786362, 41.35005856350049 ], [ 1.188381983657554, 41.350013547533486 ], [ 1.188383231525915, 41.349968531566091 ], [ 1.188323492152048, 41.34996759123451 ], [ 1.188263752781013, 41.34996665087197 ], [ 1.188204013412811, 41.349965710478408 ], [ 1.188144274047443, 41.349964770053852 ], [ 1.188084534684907, 41.349963829598344 ], [ 1.188083286610996, 41.350008845558307 ], [ 1.188082038534252, 41.350053861517935 ], [ 1.188080790454674, 41.350098877477159 ], [ 1.188079542372265, 41.350143893435963 ], [ 1.188078294287023, 41.350188909394419 ], [ 1.188077046198946, 41.350233925352484 ], [ 1.188075798108039, 41.350278941310172 ], [ 1.188074550014296, 41.350323957267456 ], [ 1.188073301917723, 41.350368973224363 ], [ 1.188072053818315, 41.350413989180865 ], [ 1.188070805716077, 41.350459005136976 ], [ 1.188069557611003, 41.350504021092725 ], [ 1.188068309503097, 41.350549037048104 ], [ 1.188067061392358, 41.350594053003078 ], [ 1.188065813278786, 41.350639068957669 ], [ 1.188006073302419, 41.350638128448949 ], [ 1.187946333328888, 41.350637187909236 ], [ 1.187886593358189, 41.350636247338535 ], [ 1.187826853390323, 41.350635306736834 ], [ 1.18776711342529, 41.350634366104138 ], [ 1.187707373463093, 41.350633425440463 ], [ 1.187647633503729, 41.35063248474578 ], [ 1.187587893547198, 41.350631544020111 ], [ 1.187528153593501, 41.350630603263461 ], [ 1.187468413642637, 41.350629662475832 ], [ 1.187467165115117, 41.350674678415224 ], [ 1.187465916584763, 41.350719694354247 ], [ 1.187464668051574, 41.350764710292886 ], [ 1.187463419515551, 41.35080972623112 ], [ 1.187462170976696, 41.350854742168984 ], [ 1.187402430823109, 41.350853801342936 ], [ 1.187342690672355, 41.350852860485915 ], [ 1.187282950524436, 41.350851919597872 ], [ 1.187223210379352, 41.350850978678849 ], [ 1.187163470237103, 41.350850037728861 ], [ 1.187103730097688, 41.350849096747844 ], [ 1.187043989961107, 41.350848155735861 ], [ 1.18698424982736, 41.350847214692877 ], [ 1.18692450969645, 41.350846273618885 ], [ 1.186864769568374, 41.350845332513934 ], [ 1.186863520615565, 41.3508903484366 ], [ 1.18686227165992, 41.350935364358882 ], [ 1.18686102270144, 41.350980380280795 ], [ 1.186859773740127, 41.351025396202303 ], [ 1.186858524775976, 41.351070412123434 ], [ 1.186798784445176, 41.351069470980072 ], [ 1.186739044117209, 41.351068529805715 ], [ 1.186679303792078, 41.351067588600358 ], [ 1.186619563469784, 41.351066647364036 ], [ 1.186559823150323, 41.351065706096676 ], [ 1.186500082833699, 41.351064764798345 ], [ 1.18644034251991, 41.35106382346904 ], [ 1.186380602208958, 41.351062882108721 ], [ 1.18632086190084, 41.351061940717422 ], [ 1.186261121595559, 41.351060999295136 ], [ 1.186259872217452, 41.351106015201054 ], [ 1.186258622836507, 41.351151031106617 ], [ 1.186257373452728, 41.351196047011769 ], [ 1.186256124066114, 41.351241062916543 ], [ 1.186254874676662, 41.351286078820927 ], [ 1.186195134168655, 41.351285137360243 ], [ 1.186135393663484, 41.351284195868566 ], [ 1.18607565316115, 41.35128325434588 ], [ 1.186015912661649, 41.3512823127922 ], [ 1.185956172164988, 41.351281371207563 ], [ 1.185954922567136, 41.351326387104145 ], [ 1.18595367296645, 41.351371403000357 ], [ 1.185952423362926, 41.351416418896171 ], [ 1.185951173756567, 41.351461434791617 ], [ 1.185949924147371, 41.351506450686664 ], [ 1.18589018344798, 41.351505509063614 ], [ 1.185830442751426, 41.351504567409584 ], [ 1.185770702057709, 41.351503625724526 ], [ 1.185710961366829, 41.351502684008473 ], [ 1.185651220678786, 41.351501742261448 ], [ 1.185649970861188, 41.351546758148714 ], [ 1.185648721040752, 41.351591774035576 ], [ 1.185647471217481, 41.351636789922061 ], [ 1.185646221391372, 41.351681805808177 ], [ 1.185644971562426, 41.351726821693873 ], [ 1.185585230671653, 41.351725879908457 ], [ 1.185525489783718, 41.351724938092012 ], [ 1.185465748898618, 41.351723996244587 ], [ 1.185406008016357, 41.351723054366182 ], [ 1.185346267136933, 41.351722112456784 ], [ 1.185286526260347, 41.351721170516399 ], [ 1.1852267853866, 41.351720228545005 ], [ 1.185167044515689, 41.351719286542632 ], [ 1.185107303647616, 41.351718344509237 ], [ 1.18504756278238, 41.351717402444869 ], [ 1.184987821919984, 41.351716460349522 ], [ 1.184928081060425, 41.35171551822318 ], [ 1.184868340203705, 41.351714576065817 ], [ 1.184808599349822, 41.351713633877495 ], [ 1.184748858498779, 41.35171269165815 ], [ 1.184689117650572, 41.351711749407826 ], [ 1.184629376805206, 41.35171080712653 ], [ 1.184569635962677, 41.351709864814225 ], [ 1.184509895122989, 41.351708922470891 ], [ 1.184450154286138, 41.35170798009662 ], [ 1.184448903632085, 41.351752995952303 ], [ 1.18444765297519, 41.351798011807581 ], [ 1.18444640231546, 41.351843027662504 ], [ 1.18444515165289, 41.351888043517029 ], [ 1.184443900987481, 41.351933059371156 ], [ 1.184384159947901, 41.351932116958459 ], [ 1.18432441891116, 41.351931174514768 ], [ 1.184264677877259, 41.35193023204009 ], [ 1.184204936846196, 41.351929289534425 ], [ 1.184145195817973, 41.351928346997731 ], [ 1.184085454792589, 41.351927404430079 ], [ 1.184025713770046, 41.351926461831432 ], [ 1.183965972750342, 41.351925519201743 ], [ 1.183906231733476, 41.351924576541116 ], [ 1.183846490719452, 41.351923633849495 ], [ 1.183786749708267, 41.351922691126852 ], [ 1.183727008699921, 41.351921748373236 ], [ 1.183667267694417, 41.351920805588612 ], [ 1.183607526691753, 41.351919862773023 ], [ 1.183547785691929, 41.351918919926412 ], [ 1.183549036974045, 41.351873904094525 ], [ 1.18355028825332, 41.351828888262247 ], [ 1.183551539529757, 41.351783872429579 ], [ 1.183552790803352, 41.351738856596519 ], [ 1.183554042074108, 41.351693840763076 ], [ 1.183494301282692, 41.35169289789291 ], [ 1.183434560494117, 41.351691954991722 ], [ 1.183374819708382, 41.351691012059561 ], [ 1.183315078925487, 41.351690069096406 ], [ 1.183255338145434, 41.351689126102272 ], [ 1.183254086669111, 41.351734141928276 ], [ 1.183252835189949, 41.351779157753924 ], [ 1.183251583707945, 41.351824173579168 ], [ 1.1832503322231, 41.351869189404027 ], [ 1.183249080735414, 41.351914205228518 ], [ 1.183189339752634, 41.351913262195943 ], [ 1.183129598772694, 41.35191231913241 ], [ 1.183069857795597, 41.351911376037847 ], [ 1.183010116821338, 41.351910432912312 ], [ 1.182950375849924, 41.351909489755784 ], [ 1.182890634881348, 41.351908546568261 ], [ 1.182830893915615, 41.351907603349744 ], [ 1.182771152952724, 41.351906660100234 ], [ 1.182711411992672, 41.351905716819743 ], [ 1.182651671035464, 41.351904773508238 ], [ 1.182591930081097, 41.351903830165746 ], [ 1.182532189129573, 41.351902886792274 ], [ 1.182472448180889, 41.351901943387809 ], [ 1.182412707235049, 41.351900999952342 ], [ 1.18235296629205, 41.351900056485881 ], [ 1.182293225351894, 41.35189911298842 ], [ 1.182233484414581, 41.351898169459979 ], [ 1.182173743480108, 41.351897225900565 ], [ 1.182114002548478, 41.351896282310129 ], [ 1.182054261619691, 41.351895338688706 ], [ 1.181994520693748, 41.35189439503629 ], [ 1.181934779770647, 41.3518934513529 ], [ 1.181875038850389, 41.351892507638482 ], [ 1.181815297932974, 41.351891563893091 ], [ 1.181755557018404, 41.351890620116691 ], [ 1.181695816106674, 41.351889676309327 ], [ 1.181636075197788, 41.351888732470954 ], [ 1.181576334291747, 41.351887788601587 ], [ 1.181516593388549, 41.35188684470122 ], [ 1.181456852488193, 41.351885900769872 ], [ 1.181397111590681, 41.351884956807545 ], [ 1.181337370696014, 41.351884012814189 ], [ 1.18127762980419, 41.351883068789874 ], [ 1.18121788891521, 41.351882124734544 ], [ 1.181158148029074, 41.351881180648249 ], [ 1.181159400955735, 41.351836164875721 ], [ 1.181160653879552, 41.351791149102816 ], [ 1.181161906800525, 41.351746133329549 ], [ 1.181163159718655, 41.351701117555869 ], [ 1.181164412633939, 41.351656101781792 ], [ 1.181104671956214, 41.351655157671928 ], [ 1.181044931281333, 41.351654213531056 ], [ 1.180985190609296, 41.351653269359183 ], [ 1.180925449940105, 41.351652325156337 ], [ 1.180865709273756, 41.351651380922483 ], [ 1.180864456152905, 41.351696396689121 ], [ 1.180863203029209, 41.351741412455368 ], [ 1.180861949902671, 41.35178642822121 ], [ 1.180860696773286, 41.351831443986697 ], [ 1.180859443641059, 41.3518764597518 ], [ 1.18079970277199, 41.351875515479499 ], [ 1.180739961905765, 41.351874571176261 ], [ 1.180680221042385, 41.351873626842007 ], [ 1.180620480181849, 41.351872682476767 ], [ 1.180560739324158, 41.351871738080526 ], [ 1.180500998469313, 41.351870793653291 ], [ 1.180441257617312, 41.351869849195062 ], [ 1.180381516768158, 41.351868904705839 ], [ 1.180321775921848, 41.351867960185622 ], [ 1.180262035078383, 41.351867015634433 ], [ 1.180260781532176, 41.351912031384266 ], [ 1.180259527983124, 41.351957047133716 ], [ 1.180258274431227, 41.352002062882782 ], [ 1.180257020876483, 41.352047078631472 ], [ 1.180255767318894, 41.352092094379778 ], [ 1.180196026272709, 41.352091149790148 ], [ 1.180136285229366, 41.352090205169539 ], [ 1.180076544188871, 41.352089260517914 ], [ 1.180016803151221, 41.352088315835317 ], [ 1.179957062116418, 41.352087371121719 ], [ 1.179955808350415, 41.352132386862188 ], [ 1.179954554581566, 41.352177402602273 ], [ 1.17995330080987, 41.352222418342016 ], [ 1.17995204703533, 41.352267434081313 ], [ 1.179950793257944, 41.352312449820275 ], [ 1.180010534498317, 41.352313394541284 ], [ 1.180070275741537, 41.352314339231334 ], [ 1.180130016987604, 41.352315283890377 ], [ 1.180189758236516, 41.352316228518418 ], [ 1.180249499488273, 41.352317173115487 ], [ 1.180248245913612, 41.352362188861463 ], [ 1.180246992336106, 41.352407204607061 ], [ 1.180245738755755, 41.352452220352276 ], [ 1.180244485172558, 41.352497236097101 ], [ 1.180243231586517, 41.35254225184152 ], [ 1.180241977997629, 41.352587267585598 ], [ 1.180240724405895, 41.352632283329264 ], [ 1.180239470811317, 41.352677299072539 ], [ 1.180238217213895, 41.352722314815438 ], [ 1.180236963613625, 41.352767330557946 ], [ 1.18017722195072, 41.352766385946026 ], [ 1.18011748029066, 41.35276544130312 ], [ 1.180057738633447, 41.352764496629177 ], [ 1.179997996979078, 41.352763551924298 ], [ 1.179938255327556, 41.35276260718841 ], [ 1.179878513678881, 41.352761662421536 ], [ 1.179818772033052, 41.352760717623632 ], [ 1.179759030390069, 41.352759772794762 ], [ 1.179699288749933, 41.352758827934913 ], [ 1.179639547112642, 41.352757883044049 ], [ 1.179638293098375, 41.352802898771287 ], [ 1.179637039081262, 41.352847914498149 ], [ 1.179635785061301, 41.352892930224655 ], [ 1.179634531038494, 41.352937945950757 ], [ 1.179633277012843, 41.352982961676439 ], [ 1.17957353517282, 41.352982016747184 ], [ 1.179513793335647, 41.352981071786878 ], [ 1.17945405150132, 41.352980126795622 ], [ 1.17939430966984, 41.35297918177335 ], [ 1.179334567841208, 41.352978236720077 ], [ 1.179274826015422, 41.352977291635824 ], [ 1.179215084192482, 41.35297634652057 ], [ 1.179155342372391, 41.352975401374309 ], [ 1.179095600555146, 41.352974456197089 ], [ 1.17903585874075, 41.352973510988846 ], [ 1.178976116929201, 41.352972565749617 ], [ 1.178916375120499, 41.352971620479408 ], [ 1.178856633314646, 41.352970675178184 ], [ 1.178796891511641, 41.352969729845974 ], [ 1.178737149711483, 41.352968784482783 ], [ 1.178735895066248, 41.353013800185806 ], [ 1.178734640418167, 41.353058815888438 ], [ 1.178733385767236, 41.353103831590687 ], [ 1.178732131113461, 41.353148847292552 ], [ 1.178730876456834, 41.353193862994011 ], [ 1.178729621797361, 41.353238878695116 ], [ 1.17872836713504, 41.353283894395837 ], [ 1.178727112469872, 41.353328910096131 ], [ 1.178725857801855, 41.353373925796085 ], [ 1.17872460313099, 41.353418941495633 ], [ 1.178664860922521, 41.353417996086556 ], [ 1.178605118716898, 41.353417050646492 ], [ 1.178545376514125, 41.353416105175434 ], [ 1.178485634314201, 41.353415159673368 ], [ 1.178425892117124, 41.353414214140322 ], [ 1.178424637237828, 41.353459229832048 ], [ 1.178423382355686, 41.353504245523403 ], [ 1.178422127470693, 41.353549261214354 ], [ 1.178420872582853, 41.353594276904921 ], [ 1.178419617692166, 41.353639292595091 ], [ 1.178418362798628, 41.353684308284883 ], [ 1.178417107902244, 41.353729323974292 ], [ 1.17841585300301, 41.353774339663318 ], [ 1.178414598100927, 41.353819355351952 ], [ 1.178413343195996, 41.35386437104021 ], [ 1.1783536005906, 41.35386342546127 ], [ 1.178293857988052, 41.353862479851365 ], [ 1.178234115388353, 41.353861534210452 ], [ 1.178174372791502, 41.353860588538552 ], [ 1.178114630197501, 41.353859642835658 ], [ 1.178113375084135, 41.353904658516086 ], [ 1.178112119967919, 41.353949674196123 ], [ 1.178110864848857, 41.353994689875769 ], [ 1.178109609726944, 41.354039705555053 ], [ 1.178108354602182, 41.354084721233924 ], [ 1.178107099474572, 41.354129736912419 ], [ 1.178105844344113, 41.354174752590517 ], [ 1.178104589210804, 41.35421976826823 ], [ 1.178103334074647, 41.354264783945588 ], [ 1.178102078935641, 41.354309799622534 ], [ 1.178042335933311, 41.354308853873739 ], [ 1.177982592933829, 41.354307908094007 ], [ 1.177922849937198, 41.354306962283239 ], [ 1.177863106943416, 41.354306016441456 ], [ 1.177803363952485, 41.354305070568707 ], [ 1.177802108605038, 41.354350086237829 ], [ 1.17780085325474, 41.354395101906569 ], [ 1.177799597901595, 41.35444011757491 ], [ 1.1777983425456, 41.354485133242882 ], [ 1.177797087186756, 41.354530148910463 ], [ 1.177795831825063, 41.354575164577668 ], [ 1.177794576460518, 41.354620180244481 ], [ 1.177793321093127, 41.354665195910897 ], [ 1.177792065722884, 41.354710211576929 ], [ 1.177790810349792, 41.354755227242556 ], [ 1.177850553751911, 41.354756173130198 ], [ 1.177910297156881, 41.354757118986853 ], [ 1.177970040564701, 41.354758064812472 ], [ 1.178029783975368, 41.354759010607133 ], [ 1.178089527388886, 41.354759956370785 ], [ 1.17808827221854, 41.354804972043496 ], [ 1.178087017045347, 41.354849987715795 ], [ 1.178085761869304, 41.354895003387746 ], [ 1.178084506690411, 41.354940019059278 ], [ 1.178083251508669, 41.354985034730447 ], [ 1.178023507889556, 41.354984088959355 ], [ 1.17796376427329, 41.354983143157249 ], [ 1.177904020659874, 41.354982197324176 ], [ 1.177844277049307, 41.354981251460089 ], [ 1.177784533441591, 41.354980305565014 ], [ 1.177783278051401, 41.355025321228347 ], [ 1.177782022658364, 41.355070336891302 ], [ 1.177780767262476, 41.355115352553845 ], [ 1.177779511863738, 41.355160368216019 ], [ 1.177778256462151, 41.355205383877802 ], [ 1.177777001057715, 41.355250399539209 ], [ 1.177775745650429, 41.355295415200224 ], [ 1.177774490240292, 41.355340430860856 ], [ 1.177773234827306, 41.355385446521097 ], [ 1.177771979411472, 41.355430462180955 ], [ 1.177831723430391, 41.355431408090915 ], [ 1.177891467452156, 41.355432353969888 ], [ 1.177951211476775, 41.35543329981784 ], [ 1.17801095550424, 41.355434245634818 ], [ 1.178070699534558, 41.355435191420788 ], [ 1.178069444321476, 41.355480207087709 ], [ 1.178068189105545, 41.355525222754231 ], [ 1.178066933886765, 41.355570238420363 ], [ 1.178065678665136, 41.355615254086118 ], [ 1.178064423440658, 41.355660269751475 ], [ 1.17806316821333, 41.355705285416462 ], [ 1.178061912983154, 41.355750301081059 ], [ 1.178060657750128, 41.355795316745272 ], [ 1.178059402514252, 41.355840332409088 ], [ 1.178058147275529, 41.355885348072526 ], [ 1.178117891719904, 41.355886293842381 ], [ 1.17817763616713, 41.355887239581257 ], [ 1.178237380617206, 41.355888185289118 ], [ 1.17829712507013, 41.355889130965977 ], [ 1.178356869525902, 41.35589007661185 ], [ 1.178416613984524, 41.355891022226714 ], [ 1.178476358445996, 41.355891967810585 ], [ 1.178536102910316, 41.355892913363455 ], [ 1.178595847377484, 41.355893858885345 ], [ 1.178655591847501, 41.355894804376234 ], [ 1.178656846675009, 41.355849788697931 ], [ 1.17865810149967, 41.355804773019216 ], [ 1.178659356321482, 41.355759757340131 ], [ 1.178660611140447, 41.355714741660655 ], [ 1.178661865956563, 41.355669725980803 ], [ 1.178721610223822, 41.355670671433252 ], [ 1.178781354493929, 41.355671616854686 ], [ 1.178841098766884, 41.355672562245175 ], [ 1.178900843042689, 41.355673507604621 ], [ 1.178960587321338, 41.35567445293308 ], [ 1.179020331602839, 41.355675398230545 ], [ 1.179080075887187, 41.355676343497016 ], [ 1.179139820174382, 41.35567728873248 ], [ 1.179199564464425, 41.355678233936963 ], [ 1.179259308757315, 41.355679179110446 ], [ 1.179319053053054, 41.35568012425292 ], [ 1.17937879735164, 41.355681069364415 ], [ 1.179438541653074, 41.355682014444909 ], [ 1.179498285957354, 41.355682959494395 ], [ 1.179558030264482, 41.355683904512894 ], [ 1.179617774574457, 41.355684849500385 ], [ 1.179677518887277, 41.355685794456889 ], [ 1.179737263202946, 41.355686739382399 ], [ 1.179797007521462, 41.35568768427693 ], [ 1.179856751842824, 41.355688629140431 ], [ 1.179858005833668, 41.355643613430445 ], [ 1.179859259821666, 41.355598597720054 ], [ 1.179860513806817, 41.355553582009314 ], [ 1.179861767789122, 41.355508566298148 ], [ 1.179863021768581, 41.355463550586634 ], [ 1.179922765887185, 41.355464495411724 ], [ 1.179982510008634, 41.355465440205798 ], [ 1.180042254132931, 41.355466384968878 ], [ 1.180101998260073, 41.355467329700986 ], [ 1.180161742390063, 41.355468274402078 ], [ 1.180221486522897, 41.355469219072191 ], [ 1.180281230658578, 41.355470163711296 ], [ 1.180340974797105, 41.355471108319392 ], [ 1.180400718938478, 41.355472052896516 ], [ 1.180460463082695, 41.355472997442625 ], [ 1.180459209514445, 41.355518013169018 ], [ 1.180457955943351, 41.355563028895013 ], [ 1.180456702369411, 41.355608044620645 ], [ 1.180455448792625, 41.355653060345894 ], [ 1.180454195212993, 41.355698076070723 ], [ 1.180513939565663, 41.355699020593285 ], [ 1.180573683921179, 41.355699965084824 ], [ 1.180633428279539, 41.355700909545376 ], [ 1.180693172640747, 41.355701853974935 ], [ 1.180752917004798, 41.355702798373486 ], [ 1.180812661371694, 41.355703742741063 ], [ 1.180872405741436, 41.355704687077633 ], [ 1.180932150114024, 41.355705631383188 ], [ 1.180991894489454, 41.355706575657777 ], [ 1.181051638867731, 41.355707519901337 ], [ 1.181111383248853, 41.355708464113924 ], [ 1.181171127632819, 41.355709408295517 ], [ 1.181230872019629, 41.355710352446103 ], [ 1.181290616409284, 41.355711296565701 ], [ 1.181350360801785, 41.35571224065427 ], [ 1.181351613764596, 41.35566722490713 ], [ 1.181352866724562, 41.355622209159627 ], [ 1.181354119681685, 41.355577193411698 ], [ 1.181355372635963, 41.355532177663406 ], [ 1.181356625587399, 41.355487161914745 ], [ 1.181416369777135, 41.355488105964923 ], [ 1.181476113969717, 41.355489049984087 ], [ 1.181535858165142, 41.355489993972249 ], [ 1.181595602363411, 41.355490937929467 ], [ 1.181655346564526, 41.35549188185562 ], [ 1.181715090768483, 41.355492825750801 ], [ 1.181774834975285, 41.355493769615002 ], [ 1.18183457918493, 41.355494713448181 ], [ 1.181894323397418, 41.355495657250373 ], [ 1.181954067612749, 41.355496601021571 ], [ 1.182013811830925, 41.355497544761782 ], [ 1.182073556051943, 41.355498488470992 ], [ 1.182133300275805, 41.355499432149173 ], [ 1.182193044502508, 41.355500375796417 ], [ 1.182252788732056, 41.35550131941261 ], [ 1.182254041063831, 41.355456303641269 ], [ 1.182255293392763, 41.355411287869565 ], [ 1.182256545718854, 41.35536627209742 ], [ 1.182257798042102, 41.355321256324935 ], [ 1.182259050362507, 41.355276240552072 ], [ 1.182318794389293, 41.355277184129875 ], [ 1.182378538418921, 41.355278127676655 ], [ 1.182438282451391, 41.355279071192456 ], [ 1.182498026486705, 41.355280014677277 ], [ 1.182557770524861, 41.355280958131083 ], [ 1.18255902263682, 41.355235942350383 ], [ 1.182560274745937, 41.355190926569314 ], [ 1.182561526852213, 41.35514591078784 ], [ 1.182562778955647, 41.355100895005997 ], [ 1.182564031056237, 41.355055879223769 ], [ 1.182623774891634, 41.355056822639156 ], [ 1.182683518729871, 41.355057766023542 ], [ 1.182743262570952, 41.355058709376948 ], [ 1.182803006414874, 41.355059652699353 ], [ 1.18286275026164, 41.35506059599075 ], [ 1.182922494111245, 41.35506153925116 ], [ 1.182982237963693, 41.355062482480577 ], [ 1.183041981818982, 41.355063425678999 ], [ 1.183101725677113, 41.355064368846413 ], [ 1.183161469538086, 41.355065311982834 ], [ 1.183162721224633, 41.355020296185373 ], [ 1.183163972908339, 41.354975280387535 ], [ 1.183165224589203, 41.354930264589285 ], [ 1.183166476267227, 41.354885248790673 ], [ 1.183167727942409, 41.354840232991656 ], [ 1.183227471600621, 41.354841176089678 ], [ 1.183287215261677, 41.354842119156707 ], [ 1.183346958925573, 41.354843062192735 ], [ 1.183406702592309, 41.354844005197734 ], [ 1.183466446261886, 41.354844948171767 ], [ 1.183526189934307, 41.354845891114799 ], [ 1.183585933609567, 41.354846834026837 ], [ 1.183645677287666, 41.354847776907881 ], [ 1.183705420968608, 41.354848719757918 ], [ 1.18376516465239, 41.354849662576953 ], [ 1.183824908339012, 41.354850605365016 ], [ 1.183884652028474, 41.35485154812207 ], [ 1.183944395720777, 41.354852490848117 ], [ 1.184004139415918, 41.354853433543191 ], [ 1.184063883113902, 41.354854376207228 ], [ 1.184065134169444, 41.354809360385595 ], [ 1.184066385222149, 41.35476434456357 ], [ 1.184067636272013, 41.354719328741155 ], [ 1.184068887319038, 41.354674312918341 ], [ 1.184070138363223, 41.354629297095173 ], [ 1.184129881858447, 41.354630239720827 ], [ 1.18418962535651, 41.354631182315472 ], [ 1.184249368857415, 41.354632124879139 ], [ 1.184309112361155, 41.354633067411811 ], [ 1.184368855867738, 41.354634009913461 ], [ 1.184370106703487, 41.354588994082484 ], [ 1.184371357536396, 41.354543978251108 ], [ 1.184372608366466, 41.354498962419335 ], [ 1.184373859193694, 41.354453946587221 ], [ 1.184375110018085, 41.354408930754673 ], [ 1.184434853321912, 41.354409873217932 ], [ 1.184494596628576, 41.354410815650212 ], [ 1.184554339938081, 41.354411758051462 ], [ 1.184614083250425, 41.354412700421719 ], [ 1.184673826565607, 41.35441364276101 ], [ 1.184675077181563, 41.354368626920696 ], [ 1.184676327794681, 41.354323611079984 ], [ 1.184677578404962, 41.354278595238853 ], [ 1.184678829012402, 41.354233579397381 ], [ 1.184680079617004, 41.354188563555496 ], [ 1.184739822729431, 41.354189505856368 ], [ 1.184799565844696, 41.354190448126232 ], [ 1.184859308962802, 41.354191390365131 ], [ 1.184919052083744, 41.354192332573014 ], [ 1.184978795207527, 41.354193274749875 ], [ 1.185038538334146, 41.354194216895792 ], [ 1.185098281463604, 41.354195159010679 ], [ 1.185158024595902, 41.354196101094594 ], [ 1.185217767731036, 41.354197043147494 ], [ 1.18527751086901, 41.354197985169385 ], [ 1.185337254009821, 41.354198927160319 ], [ 1.185396997153468, 41.354199869120229 ], [ 1.185456740299954, 41.354200811049175 ], [ 1.18551648344928, 41.35420175294707 ], [ 1.185576226601442, 41.354202694814013 ], [ 1.185635969756441, 41.354203636649963 ], [ 1.185695712914277, 41.354204578454912 ], [ 1.185755456074952, 41.354205520228845 ], [ 1.185815199238462, 41.354206461971799 ], [ 1.185874942404811, 41.354207403683759 ], [ 1.185873692622583, 41.354252419555273 ], [ 1.18587244283752, 41.354297435426403 ], [ 1.18587119304962, 41.35434245129715 ], [ 1.185869943258881, 41.354387467167506 ], [ 1.185868693465306, 41.354432483037478 ], [ 1.185867443668894, 41.354477498907102 ], [ 1.185866193869647, 41.354522514776278 ], [ 1.185864944067562, 41.354567530645106 ], [ 1.185863694262639, 41.354612546513515 ], [ 1.18586244445488, 41.354657562381583 ], [ 1.185922188035256, 41.354658504077356 ], [ 1.185981931618473, 41.354659445742136 ], [ 1.186041675204525, 41.354660387375887 ], [ 1.186101418793412, 41.354661328978708 ], [ 1.186161162385138, 41.354662270550477 ], [ 1.1862209059797, 41.354663212091303 ], [ 1.186280649577098, 41.354664153601099 ], [ 1.186340393177332, 41.354665095079902 ], [ 1.186400136780405, 41.354666036527711 ], [ 1.186459880386312, 41.354666977944532 ], [ 1.186519623995054, 41.354667919330339 ], [ 1.186579367606635, 41.354668860685152 ], [ 1.186639111221051, 41.354669802008992 ], [ 1.186698854838302, 41.354670743301824 ], [ 1.186758598458389, 41.354671684563641 ], [ 1.186759847649353, 41.35462666867339 ], [ 1.186761096837482, 41.354581652782734 ], [ 1.186762346022774, 41.354536636891716 ], [ 1.18676359520523, 41.35449162100025 ], [ 1.186764844384852, 41.354446605108471 ], [ 1.186705100970363, 41.354445663854023 ], [ 1.186645357558709, 41.354444722568616 ], [ 1.18658561414989, 41.354443781252186 ], [ 1.186525870743909, 41.354442839904763 ], [ 1.186466127340764, 41.35444189852636 ], [ 1.186467376723145, 41.354396882641566 ], [ 1.186468626102692, 41.35435186675641 ], [ 1.186469875479402, 41.354306850870827 ], [ 1.186471124853276, 41.354261834984896 ], [ 1.186472374224316, 41.354216819098561 ], [ 1.186532117421866, 41.354217760469581 ], [ 1.186591860622253, 41.354218701809586 ], [ 1.186651603825476, 41.354219643118618 ], [ 1.186711347031533, 41.354220584396614 ], [ 1.186771090240428, 41.354221525643645 ], [ 1.186830833452158, 41.354222466859675 ], [ 1.186890576666722, 41.35422340804471 ], [ 1.186950319884123, 41.354224349198752 ], [ 1.18701006310436, 41.354225290321779 ], [ 1.187069806327431, 41.354226231413826 ], [ 1.187129549553337, 41.354227172474879 ], [ 1.187189292782079, 41.354228113504924 ], [ 1.187249036013654, 41.354229054503996 ], [ 1.187308779248066, 41.354229995472046 ], [ 1.187368522485311, 41.354230936409124 ], [ 1.187428265725394, 41.354231877315179 ], [ 1.187488008968309, 41.354232818190276 ], [ 1.187547752214058, 41.354233759034358 ], [ 1.187607495462643, 41.354234699847424 ], [ 1.187667238714061, 41.354235640629526 ], [ 1.187668487259887, 41.354190624713198 ], [ 1.18766973580288, 41.354145608796472 ], [ 1.187670984343036, 41.354100592879398 ], [ 1.18767223288036, 41.354055576961898 ], [ 1.18767348141485, 41.354010561044021 ], [ 1.187674729946506, 41.35396554512576 ], [ 1.187675978475329, 41.353920529207123 ], [ 1.187677227001316, 41.353875513288095 ], [ 1.187678475524469, 41.353830497368662 ], [ 1.187679724044789, 41.35378548144886 ], [ 1.187680972562275, 41.353740465528674 ], [ 1.187682221076928, 41.353695449608097 ], [ 1.187683469588746, 41.35365043368715 ], [ 1.18768471809773, 41.353605417765813 ], [ 1.18768596660388, 41.353560401844071 ], [ 1.187687215107197, 41.353515385921959 ], [ 1.18768846360768, 41.353470369999457 ], [ 1.187689712105328, 41.35342535407657 ], [ 1.187690960600142, 41.353380338153293 ], [ 1.187692209092126, 41.353335322229597 ], [ 1.187751951524016, 41.353336262951117 ], [ 1.187811693958742, 41.353337203641615 ], [ 1.187871436396301, 41.353338144301119 ], [ 1.187931178836696, 41.353339084929637 ], [ 1.187990921279921, 41.353340025527153 ], [ 1.187992169563484, 41.353295009595698 ], [ 1.187993417844212, 41.35324999366388 ], [ 1.187994666122106, 41.353204977731643 ], [ 1.187995914397168, 41.353159961799044 ], [ 1.187997162669397, 41.353114945866047 ], [ 1.187998410938792, 41.353069929932694 ], [ 1.187999659205354, 41.353024913998915 ], [ 1.188000907469081, 41.352979898064795 ], [ 1.188002155729977, 41.352934882130256 ], [ 1.188003403988038, 41.352889866195326 ], [ 1.188063146022931, 41.352890806747055 ], [ 1.188122888060659, 41.35289174726779 ], [ 1.188182630101219, 41.352892687757503 ], [ 1.188242372144614, 41.352893628216243 ], [ 1.18830211419084, 41.352894568643997 ], [ 1.188300866138361, 41.352939584586309 ], [ 1.188299618083048, 41.352984600528231 ], [ 1.188298370024902, 41.353029616469783 ], [ 1.188297121963924, 41.353074632410937 ], [ 1.188295873900111, 41.353119648351715 ], [ 1.188355616154754, 41.353120588755864 ], [ 1.18841535841223, 41.35312152912902 ], [ 1.188475100672539, 41.353122469471167 ], [ 1.188534842935681, 41.353123409782341 ], [ 1.188594585201656, 41.353124350062522 ], [ 1.188593337340595, 41.353169366010299 ], [ 1.188592089476701, 41.353214381957685 ], [ 1.188590841609976, 41.353259397904715 ], [ 1.188589593740418, 41.353304413851319 ], [ 1.188588345868029, 41.353349429797554 ], [ 1.18864808834242, 41.35335037005413 ], [ 1.188707830819647, 41.353351310279713 ], [ 1.188767573299702, 41.353352250474295 ], [ 1.188827315782592, 41.35335319063789 ], [ 1.188887058268312, 41.353354130770484 ], [ 1.188946800756867, 41.353355070872077 ], [ 1.189006543248254, 41.353356010942676 ], [ 1.189066285742472, 41.353356950982295 ], [ 1.189126028239521, 41.353357890990907 ], [ 1.189185770739404, 41.353358830968531 ], [ 1.189184523275354, 41.353403846929169 ], [ 1.189183275808473, 41.353448862889437 ], [ 1.18918202833876, 41.353493878849335 ], [ 1.189180780866216, 41.353538894808807 ], [ 1.189179533390841, 41.35358391076791 ], [ 1.189239276099143, 41.353584850721923 ], [ 1.189299018810276, 41.353585790644949 ], [ 1.189358761524241, 41.353586730536982 ], [ 1.189418504241036, 41.353587670398021 ], [ 1.189478246960664, 41.353588610228059 ], [ 1.189537989683122, 41.35358955002711 ], [ 1.189597732408412, 41.353590489795153 ], [ 1.189657475136535, 41.353591429532209 ], [ 1.189717217867487, 41.353592369238264 ], [ 1.18977696060127, 41.353593308913339 ], [ 1.189778207665468, 41.35354829293945 ], [ 1.189779454726835, 41.353503276965178 ], [ 1.189780701785372, 41.3534582609905 ], [ 1.189781948841079, 41.353413245015453 ], [ 1.189783195893954, 41.353368229040001 ], [ 1.18984293842498, 41.3533691686767 ], [ 1.189902680958838, 41.353370108282348 ], [ 1.189962423495524, 41.35337104785706 ], [ 1.190022166035042, 41.353371987400763 ], [ 1.190081908577391, 41.353372926913458 ], [ 1.190083155421849, 41.353327910930247 ], [ 1.190084402263477, 41.353282894946666 ], [ 1.190085649102276, 41.353237878962659 ], [ 1.190086895938243, 41.353192862978283 ], [ 1.19008814277138, 41.353147846993551 ], [ 1.190089389601689, 41.353102831008378 ], [ 1.190090636429167, 41.353057815022879 ], [ 1.190091883253815, 41.353012799036954 ], [ 1.190093130075631, 41.352967783050659 ], [ 1.190094376894619, 41.352922767063994 ], [ 1.19003463476344, 41.352921827566078 ], [ 1.189974892635092, 41.352920888037154 ], [ 1.189915150509573, 41.352919948477258 ], [ 1.189855408386886, 41.352919008886353 ], [ 1.189795666267027, 41.352918069264462 ], [ 1.189796913288768, 41.352873053284775 ], [ 1.189798160307677, 41.352828037304711 ], [ 1.189799407323755, 41.352783021324285 ], [ 1.189800654337003, 41.35273800534344 ], [ 1.189801901347422, 41.352692989362204 ], [ 1.189803148355008, 41.352647973380584 ], [ 1.189804395359764, 41.352602957398624 ], [ 1.18980564236169, 41.352557941416251 ], [ 1.189806889360785, 41.352512925433487 ], [ 1.189808136357051, 41.352467909450333 ], [ 1.189867878065747, 41.352468849057445 ], [ 1.189927619777276, 41.352469788633584 ] ] ], [ [ [ 1.189907886888243, 41.348866629548937 ], [ 1.189906640118391, 41.34891164556295 ], [ 1.189905393345708, 41.348956661576551 ], [ 1.189904146570196, 41.34900167758979 ], [ 1.189902899791853, 41.349046693602631 ], [ 1.189901653010681, 41.349091709615088 ], [ 1.189961391635977, 41.349092649111327 ], [ 1.190021130264102, 41.349093588576586 ], [ 1.190080868895057, 41.349094528010859 ], [ 1.190140607528842, 41.349095467414116 ], [ 1.190200346165457, 41.349096406786387 ], [ 1.190199099586999, 41.349141422805836 ], [ 1.19019785300571, 41.349186438824923 ], [ 1.190196606421592, 41.349231454843618 ], [ 1.190195359834645, 41.349276470861923 ], [ 1.190194113244868, 41.349321486879845 ], [ 1.190192866652261, 41.349366502897389 ], [ 1.190191620056825, 41.349411518914536 ], [ 1.19019037345856, 41.349456534931278 ], [ 1.190189126857464, 41.349501550947657 ], [ 1.190187880253541, 41.34954656696366 ], [ 1.190186633646786, 41.349591582979279 ], [ 1.190185387037203, 41.349636598994486 ], [ 1.190184140424791, 41.349681615009317 ], [ 1.190182893809548, 41.349726631023785 ], [ 1.190181647191475, 41.349771647037841 ], [ 1.19024138644756, 41.349772586401315 ], [ 1.190301125706473, 41.34977352573376 ], [ 1.190360864968216, 41.349774465035253 ], [ 1.190420604232788, 41.349775404305738 ], [ 1.190480343500189, 41.349776343545209 ], [ 1.190481589912713, 41.34973132752377 ], [ 1.190482836322405, 41.349686311501912 ], [ 1.19048408272927, 41.349641295479707 ], [ 1.190485329133304, 41.349596279457089 ], [ 1.190486575534509, 41.349551263434094 ], [ 1.190546314599192, 41.349552202635216 ], [ 1.190606053666703, 41.34955314180533 ], [ 1.190665792737045, 41.349554080944486 ], [ 1.190725531810214, 41.349555020052613 ], [ 1.190785270886213, 41.349555959129759 ], [ 1.190786517079041, 41.349510943098998 ], [ 1.190787763269042, 41.349465927067847 ], [ 1.190789009456215, 41.34942091103629 ], [ 1.190790255640559, 41.349375895004371 ], [ 1.190791501822074, 41.349330878972047 ], [ 1.190851240695355, 41.349331818010832 ], [ 1.190910979571464, 41.349332757018608 ], [ 1.190970718450402, 41.349333695995405 ], [ 1.191030457332168, 41.349334634941201 ], [ 1.191090196216763, 41.34933557385601 ], [ 1.191091442189904, 41.349290557815927 ], [ 1.191092688160217, 41.349245541775467 ], [ 1.191093934127702, 41.349200525734595 ], [ 1.19109518009236, 41.349155509693354 ], [ 1.191096426054189, 41.349110493651729 ], [ 1.191156164736068, 41.349111432528169 ], [ 1.191215903420774, 41.349112371373629 ], [ 1.191275642108309, 41.349113310188066 ], [ 1.191335380798671, 41.349114248971539 ], [ 1.191395119491861, 41.349115187724003 ], [ 1.191396365245319, 41.349070171674605 ], [ 1.19139761099595, 41.349025155624815 ], [ 1.191398856743752, 41.348980139574643 ], [ 1.191400102488728, 41.3489351235241 ], [ 1.191401348230875, 41.34889010747316 ], [ 1.191341609743227, 41.348889168728071 ], [ 1.191281871258408, 41.348888229951982 ], [ 1.191222132776415, 41.348887291144898 ], [ 1.191162394297251, 41.348886352306849 ], [ 1.191102655820915, 41.348885413437785 ], [ 1.191103901765776, 41.348840397393865 ], [ 1.191105147707809, 41.348795381349547 ], [ 1.191106393647015, 41.348750365304838 ], [ 1.191107639583391, 41.348705349259738 ], [ 1.191108885516941, 41.348660333214241 ], [ 1.191168623787737, 41.348661272075901 ], [ 1.191228362061363, 41.348662210906575 ], [ 1.191288100337814, 41.348663149706269 ], [ 1.191347838617093, 41.348664088474969 ], [ 1.191407576899202, 41.348665027212661 ], [ 1.191408822624385, 41.348620011159412 ], [ 1.191410068346741, 41.34857499510575 ], [ 1.191411314066268, 41.34852997905174 ], [ 1.191412559782969, 41.348484962997325 ], [ 1.191413805496842, 41.348439946942513 ], [ 1.191415051207886, 41.348394930887345 ], [ 1.191416296916104, 41.348349914831779 ], [ 1.191417542621495, 41.348304898775808 ], [ 1.191418788324059, 41.348259882719482 ], [ 1.191420034023793, 41.348214866662758 ], [ 1.191421279720702, 41.348169850605665 ], [ 1.191422525414784, 41.348124834548166 ], [ 1.191423771106037, 41.348079818490262 ], [ 1.191425016794462, 41.348034802431997 ], [ 1.191426262480063, 41.347989786373319 ], [ 1.191366524814559, 41.347988847657795 ], [ 1.191306787151885, 41.347987908911264 ], [ 1.191247049492039, 41.347986970133732 ], [ 1.19118731183502, 41.347986031325213 ], [ 1.191127574180829, 41.3479850924857 ], [ 1.191067836529467, 41.347984153615215 ], [ 1.191008098880932, 41.347983214713722 ], [ 1.190948361235226, 41.347982275781263 ], [ 1.190888623592349, 41.347981336817817 ], [ 1.1908288859523, 41.347980397823363 ], [ 1.190769148315079, 41.347979458797916 ], [ 1.190709410680686, 41.347978519741481 ], [ 1.190649673049124, 41.347977580654074 ], [ 1.190589935420389, 41.347976641535659 ], [ 1.190530197794482, 41.347975702386265 ], [ 1.190470460171407, 41.347974763205869 ], [ 1.190410722551159, 41.347973823994515 ], [ 1.190350984933741, 41.347972884752153 ], [ 1.190291247319152, 41.347971945478818 ], [ 1.190231509707393, 41.347971006174447 ], [ 1.190171772098463, 41.347970066839117 ], [ 1.190112034492362, 41.347969127472801 ], [ 1.190052296889091, 41.347968188075505 ], [ 1.189992559288649, 41.347967248647208 ], [ 1.189932821691038, 41.347966309187925 ], [ 1.189873084096257, 41.347965369697647 ], [ 1.189813346504306, 41.347964430176383 ], [ 1.189753608915183, 41.347963490624146 ], [ 1.189693871328892, 41.347962551040901 ], [ 1.189634133745431, 41.347961611426669 ], [ 1.189632886826643, 41.348006627440981 ], [ 1.189631639905026, 41.34805164345493 ], [ 1.189630392980578, 41.348096659468489 ], [ 1.189629146053298, 41.348141675481656 ], [ 1.18962789912319, 41.348186691494426 ], [ 1.189626652190251, 41.348231707506827 ], [ 1.189625405254482, 41.348276723518829 ], [ 1.189624158315882, 41.348321739530462 ], [ 1.189622911374452, 41.34836675554169 ], [ 1.189621664430193, 41.348411771552527 ], [ 1.189620417483101, 41.348456787563016 ], [ 1.189619170533181, 41.3485018035731 ], [ 1.189617923580431, 41.348546819582801 ], [ 1.18961667662485, 41.348591835592103 ], [ 1.189615429666437, 41.348636851601036 ], [ 1.189614182705197, 41.348681867609578 ], [ 1.189612935741124, 41.348726883617708 ], [ 1.189611688774222, 41.34877189962549 ], [ 1.189610441804491, 41.34881691563286 ], [ 1.189609194831927, 41.34886193163986 ], [ 1.189668933237531, 41.34886287128365 ], [ 1.189728671645963, 41.348863810896454 ], [ 1.189788410057227, 41.34886475047827 ], [ 1.189848148471319, 41.348865690029115 ], [ 1.189907886888243, 41.348866629548937 ] ], [ [ 1.189907886888243, 41.348866629548937 ], [ 1.189909133655267, 41.348821613534554 ], [ 1.189910380419459, 41.348776597519795 ], [ 1.189911627180823, 41.34873158150463 ], [ 1.189912873939356, 41.348686565489068 ], [ 1.189914120695059, 41.348641549473165 ], [ 1.189973858909274, 41.34864248895461 ], [ 1.190033597126318, 41.348643428405069 ], [ 1.190093335346193, 41.348644367824555 ], [ 1.1901530735689, 41.348645307213033 ], [ 1.190212811794434, 41.348646246570539 ], [ 1.190211565244266, 41.348691262593839 ], [ 1.190210318691272, 41.348736278616784 ], [ 1.190209072135449, 41.34878129463933 ], [ 1.190207825576795, 41.348826310661508 ], [ 1.190206579015312, 41.348871326683273 ], [ 1.190146840584239, 41.348870387318378 ], [ 1.190087102155996, 41.348869447922517 ], [ 1.190027363730581, 41.348868508495649 ], [ 1.189967625307998, 41.348867569037765 ], [ 1.189907886888243, 41.348866629548937 ] ] ] ] } },
{ "type": "Feature", "properties": { "GRID_CODE": 2, "CODI_FINAL": "2595010", "MUNICIPI": "Almatret", "DATA_INCEN": "24/02/95" }, "geometry": { "type": "Polygon", "coordinates": [ [ [ 0.362797836973353, 41.323651550947936 ], [ 0.362738155122106, 41.323650182903251 ], [ 0.36267847327498, 41.323648814827621 ], [ 0.362618791431968, 41.32364744672109 ], [ 0.362559109593074, 41.323646078583657 ], [ 0.362499427758297, 41.323644710415323 ], [ 0.362439745927636, 41.323643342216052 ], [ 0.362380064101093, 41.3236419739859 ], [ 0.362320382278664, 41.323640605724847 ], [ 0.362260700460356, 41.323639237432864 ], [ 0.362201018646165, 41.323637869109973 ], [ 0.362141336836088, 41.323636500756201 ], [ 0.362081655030131, 41.323635132371507 ], [ 0.362021973228291, 41.323633763955876 ], [ 0.361962291430568, 41.323632395509385 ], [ 0.361902609636964, 41.323631027031936 ], [ 0.361842927847477, 41.323629658523608 ], [ 0.361783246062109, 41.323628289984356 ], [ 0.361723564280857, 41.323626921414203 ], [ 0.361663882503725, 41.323625552813155 ], [ 0.36160420073071, 41.323624184181178 ], [ 0.361544518961814, 41.32362281551832 ], [ 0.361484837197036, 41.323621446824554 ], [ 0.361425155436375, 41.323620078099836 ], [ 0.361365473679834, 41.323618709344231 ], [ 0.361305791927411, 41.323617340557732 ], [ 0.361303976170415, 41.323662331437539 ], [ 0.3613021604093, 41.323707322316942 ], [ 0.361300344644068, 41.323752313195897 ], [ 0.361298528874713, 41.323797304074482 ], [ 0.361296713101244, 41.32384229495257 ], [ 0.361237031148126, 41.32384092612439 ], [ 0.361177349199129, 41.323839557265302 ], [ 0.361117667254248, 41.323838188375298 ], [ 0.36105798531349, 41.323836819454392 ], [ 0.360998303376849, 41.323835450502564 ], [ 0.360996487394444, 41.323880441369496 ], [ 0.360994671407921, 41.323925432236024 ], [ 0.36099285541728, 41.323970423102118 ], [ 0.360991039422519, 41.324015413967807 ], [ 0.360989223423639, 41.324060404833062 ], [ 0.36098740742064, 41.324105395697899 ], [ 0.36098559141352, 41.324150386562316 ], [ 0.360983775402283, 41.324195377426328 ], [ 0.360981959386927, 41.3242403682899 ], [ 0.360980143367451, 41.324285359153059 ], [ 0.360978327343856, 41.324330350015799 ], [ 0.360976511316143, 41.324375340878113 ], [ 0.360974695284311, 41.324420331740022 ], [ 0.360972879248358, 41.324465322601498 ], [ 0.360971063208287, 41.32451031346254 ], [ 0.360969247164097, 41.324555304323191 ], [ 0.360967431115787, 41.324600295183416 ], [ 0.36096561506336, 41.324645286043221 ], [ 0.360963799006811, 41.324690276902594 ], [ 0.360961982946143, 41.324735267761547 ], [ 0.361021665702059, 41.324736636756448 ], [ 0.361081348462094, 41.324738005720455 ], [ 0.36114103122625, 41.324739374653532 ], [ 0.361200713994525, 41.324740743555708 ], [ 0.361260396766917, 41.324742112426975 ], [ 0.361258580906955, 41.324787103296288 ], [ 0.361256765042873, 41.324832094165181 ], [ 0.361254949174673, 41.324877085033648 ], [ 0.361253133302354, 41.324922075901711 ], [ 0.361251317425915, 41.324967066769318 ], [ 0.361311000407253, 41.324968435620441 ], [ 0.361370683392709, 41.32496980444067 ], [ 0.361430366382283, 41.324971173229976 ], [ 0.361490049375978, 41.32497254198838 ], [ 0.36154973237379, 41.324973910715855 ], [ 0.36154791669806, 41.325018901593829 ], [ 0.361546101018212, 41.325063892471384 ], [ 0.361544285334243, 41.325108883348541 ], [ 0.361542469646159, 41.325153874225244 ], [ 0.361540653953956, 41.325198865101555 ], [ 0.361600337160714, 41.325200233808886 ], [ 0.36166002037159, 41.325201602485343 ], [ 0.361719703586587, 41.325202971130842 ], [ 0.361779386805699, 41.325204339745468 ], [ 0.361839070028932, 41.325205708329165 ], [ 0.361837254537441, 41.325250699215822 ], [ 0.361835439041829, 41.325295690102067 ], [ 0.361833623542099, 41.325340680987871 ], [ 0.361831808038252, 41.325385671873256 ], [ 0.361829992530286, 41.325430662758208 ], [ 0.361889675962467, 41.325432031321768 ], [ 0.361949359398764, 41.325433399854447 ], [ 0.362009042839184, 41.32543476835616 ], [ 0.362068726283717, 41.325436136827008 ], [ 0.362128409732369, 41.325437505266926 ], [ 0.362188093185139, 41.325438873675928 ], [ 0.362247776642029, 41.325440242054043 ], [ 0.362307460103033, 41.325441610401235 ], [ 0.362367143568156, 41.325442978717504 ], [ 0.362426827037396, 41.325444347002886 ], [ 0.362486510510754, 41.325445715257352 ], [ 0.362546193988229, 41.325447083480896 ], [ 0.36260587746982, 41.32544845167353 ], [ 0.36266556095553, 41.325449819835256 ], [ 0.362725244445356, 41.325451187966074 ], [ 0.362723429547769, 41.325496178882908 ], [ 0.362721614646063, 41.325541169799351 ], [ 0.362719799740245, 41.325586160715353 ], [ 0.362717984830306, 41.325631151630937 ], [ 0.362716169916251, 41.325676142546094 ], [ 0.362775853615027, 41.325677510656767 ], [ 0.362835537317922, 41.325678878736547 ], [ 0.362895221024931, 41.325680246785382 ], [ 0.362954904736057, 41.325681614803329 ], [ 0.363014588451301, 41.325682982790362 ], [ 0.363012773737963, 41.325727973715878 ], [ 0.363010959020512, 41.325772964640962 ], [ 0.363009144298943, 41.32581795556564 ], [ 0.363007329573258, 41.32586294648987 ], [ 0.363005514843456, 41.32590793741371 ], [ 0.36306519876765, 41.325909305380591 ], [ 0.363124882695963, 41.325910673316542 ], [ 0.363184566628391, 41.325912041221613 ], [ 0.363244250564934, 41.325913409095762 ], [ 0.363303934505595, 41.325914776939001 ], [ 0.363302119976515, 41.325959767873165 ], [ 0.363300305443319, 41.326004758806931 ], [ 0.363298490906006, 41.326049749740264 ], [ 0.36329667636458, 41.326094740673163 ], [ 0.363294861819036, 41.326139731605679 ], [ 0.363354545968651, 41.326141099428739 ], [ 0.36341423012238, 41.326142467220933 ], [ 0.363473914280228, 41.326143834982197 ], [ 0.363533598442189, 41.326145202712546 ], [ 0.363593282608268, 41.326146570412014 ], [ 0.363591468263447, 41.326191561354847 ], [ 0.363589653914514, 41.326236552297246 ], [ 0.363587839561463, 41.32628154323924 ], [ 0.363586025204298, 41.326326534180829 ], [ 0.363584210843017, 41.326371525121971 ], [ 0.363643895218051, 41.326372892801274 ], [ 0.363703579597201, 41.32637426044964 ], [ 0.363763263980468, 41.326375628067112 ], [ 0.363822948367848, 41.326376995653689 ], [ 0.363882632759344, 41.326378363209322 ], [ 0.36388081859879, 41.326423354160838 ], [ 0.363879004434121, 41.326468345111898 ], [ 0.363877190265335, 41.326513336062554 ], [ 0.363875376092439, 41.326558327012783 ], [ 0.363873561915422, 41.326603317962622 ], [ 0.363933246515879, 41.326604685498111 ], [ 0.363992931120448, 41.326606053002706 ], [ 0.364052615729133, 41.326607420476357 ], [ 0.364112300341934, 41.326608787919128 ], [ 0.36417198495885, 41.326610155330947 ], [ 0.364170170982565, 41.32665514629111 ], [ 0.364168357002167, 41.326700137250867 ], [ 0.364166543017655, 41.326745128210163 ], [ 0.364164729029025, 41.326790119169061 ], [ 0.364162915036285, 41.326835110127554 ], [ 0.364222599862161, 41.326836477519251 ], [ 0.364282284692152, 41.326837844880018 ], [ 0.364341969526256, 41.32683921220989 ], [ 0.364401654364475, 41.326840579508833 ], [ 0.364461339206811, 41.326841946776888 ], [ 0.364521024053258, 41.32684331401402 ], [ 0.364580708903821, 41.326844681220251 ], [ 0.364640393758499, 41.326846048395552 ], [ 0.36470007861729, 41.326847415539973 ], [ 0.364759763480197, 41.326848782653443 ], [ 0.364761577063244, 41.326803791673463 ], [ 0.364763390642179, 41.326758800693042 ], [ 0.364765204216996, 41.326713809712217 ], [ 0.364767017787704, 41.326668818730973 ], [ 0.364768831354298, 41.326623827749302 ], [ 0.364828516016471, 41.326625194821112 ], [ 0.364888200682758, 41.326626561862035 ], [ 0.364947885353156, 41.326627928872021 ], [ 0.365007570027672, 41.326629295851113 ], [ 0.365067254706297, 41.326630662799261 ], [ 0.365065441344549, 41.32667565379171 ], [ 0.365063627978691, 41.326720644783698 ], [ 0.365061814608716, 41.326765635775295 ], [ 0.365060001234631, 41.326810626766438 ], [ 0.36505818785643, 41.326855617757218 ], [ 0.365117872744016, 41.326856984685215 ], [ 0.365177557635719, 41.32685835158231 ], [ 0.365237242531531, 41.326859718448532 ], [ 0.365296927431461, 41.326861085283788 ], [ 0.3653566123355, 41.326862452088172 ], [ 0.365416297243654, 41.326863818861611 ], [ 0.36547598215592, 41.326865185604142 ], [ 0.365535667072299, 41.326866552315778 ], [ 0.365595351992791, 41.326867918996513 ], [ 0.365655036917395, 41.326869285646318 ], [ 0.365714721846113, 41.326870652265193 ], [ 0.365774406778943, 41.326872018853194 ], [ 0.365834091715884, 41.326873385410238 ], [ 0.365893776656938, 41.326874751936387 ], [ 0.365953461602103, 41.326876118431649 ], [ 0.365955274365759, 41.32683112740866 ], [ 0.365957087125301, 41.326786136385216 ], [ 0.365958899880732, 41.326741145361389 ], [ 0.365960712632054, 41.326696154337121 ], [ 0.365962525379261, 41.326651163312448 ], [ 0.366022210123691, 41.326652529766015 ], [ 0.366081894872234, 41.326653896188681 ], [ 0.366141579624887, 41.326655262580438 ], [ 0.366201264381655, 41.326656628941286 ], [ 0.366260949142532, 41.326657995271233 ], [ 0.366320633907522, 41.326659361570243 ], [ 0.366380318676622, 41.326660727838366 ], [ 0.366440003449834, 41.326662094075544 ], [ 0.366499688227157, 41.326663460281843 ], [ 0.366559373008593, 41.326664826457218 ], [ 0.366619057794137, 41.326666192601685 ], [ 0.366678742583794, 41.326667558715236 ], [ 0.366738427377562, 41.326668924797872 ], [ 0.366798112175441, 41.326670290849584 ], [ 0.366857796977428, 41.32667165687041 ], [ 0.366859609105984, 41.326626665813045 ], [ 0.366861421230431, 41.326581674755289 ], [ 0.366863233350765, 41.326536683697093 ], [ 0.36686504546699, 41.326491692638484 ], [ 0.366866857579105, 41.326446701579457 ], [ 0.366926542180357, 41.326448067558601 ], [ 0.366986226785722, 41.326449433506866 ], [ 0.367045911395196, 41.326450799424194 ], [ 0.367105596008782, 41.32645216531062 ], [ 0.367165280626476, 41.326453531166109 ], [ 0.367167092529634, 41.326408540095919 ], [ 0.367168904428685, 41.326363549025309 ], [ 0.367170716323623, 41.326318557954281 ], [ 0.367172528214453, 41.326273566882804 ], [ 0.367174340101175, 41.326228575810951 ], [ 0.367234024518134, 41.32622994162481 ], [ 0.367293708939205, 41.326231307407738 ], [ 0.367353393364386, 41.326232673159765 ], [ 0.367413077793676, 41.326234038880898 ], [ 0.367472762227075, 41.326235404571094 ], [ 0.367532446664585, 41.326236770230373 ], [ 0.367592131106204, 41.326238135858759 ], [ 0.367651815551932, 41.326239501456229 ], [ 0.367711500001772, 41.326240867022769 ], [ 0.367771184455718, 41.326242232558442 ], [ 0.367830868913773, 41.326243598063172 ], [ 0.367890553375938, 41.326244963536993 ], [ 0.367950237842211, 41.326246328979906 ], [ 0.368009922312595, 41.326247694391917 ], [ 0.368069606787088, 41.326249059772984 ], [ 0.368129291265689, 41.326250425123163 ], [ 0.368188975748397, 41.326251790442413 ], [ 0.368248660235214, 41.326253155730768 ], [ 0.368308344726139, 41.326254520988222 ], [ 0.368368029221173, 41.32625588621476 ], [ 0.368427713720317, 41.326257251410354 ], [ 0.368487398223565, 41.326258616575082 ], [ 0.368547082730924, 41.326259981708873 ], [ 0.368606767242392, 41.326261346811727 ], [ 0.368666451757964, 41.326262711883736 ], [ 0.368726136277646, 41.326264076924758 ], [ 0.368785820801437, 41.326265441934936 ], [ 0.368845505329333, 41.326266806914155 ], [ 0.368905189861337, 41.326268171862502 ], [ 0.368964874397449, 41.326269536779904 ], [ 0.368963063739793, 41.326314527916239 ], [ 0.36896125307803, 41.32635951905214 ], [ 0.368959442412162, 41.326404510187608 ], [ 0.368957631742183, 41.326449501322706 ], [ 0.368955821068099, 41.326494492457357 ], [ 0.369015505813165, 41.326495857354594 ], [ 0.369075190562336, 41.326497222220922 ], [ 0.369134875315616, 41.326498587056335 ], [ 0.369194560073003, 41.326499951860853 ], [ 0.369254244834496, 41.326501316634413 ], [ 0.369252434361152, 41.326546307779402 ], [ 0.369250623883701, 41.326591298923937 ], [ 0.369248813402143, 41.32663629006808 ], [ 0.36924700291648, 41.326681281211798 ], [ 0.36924519242671, 41.32672627235506 ], [ 0.369304877397159, 41.326727637108498 ], [ 0.369364562371713, 41.326729001830991 ], [ 0.369424247350375, 41.326730366522582 ], [ 0.369483932333143, 41.326731731183258 ], [ 0.369543617320018, 41.326733095813033 ], [ 0.369545427604941, 41.32668810465902 ], [ 0.369547237885754, 41.326643113504581 ], [ 0.369549048162464, 41.326598122349708 ], [ 0.369550858435067, 41.326553131194402 ], [ 0.369552668703563, 41.326508140038698 ], [ 0.369612353489695, 41.326509504626827 ], [ 0.369672038279936, 41.326510869184027 ], [ 0.369731723074281, 41.326512233710332 ], [ 0.369791407872732, 41.326513598205722 ], [ 0.36985109267529, 41.326514962670174 ], [ 0.369852902734833, 41.326469971503336 ], [ 0.369854712790272, 41.326424980336043 ], [ 0.369856522841601, 41.326379989168331 ], [ 0.369858332888828, 41.32633499800022 ], [ 0.369860142931947, 41.326290006831677 ], [ 0.369919827533765, 41.326291371254499 ], [ 0.369979512139687, 41.326292735646433 ], [ 0.370039196749718, 41.326294100007424 ], [ 0.37009888136385, 41.326295464337505 ], [ 0.37015856598209, 41.326296828636679 ], [ 0.370218250604436, 41.326298192904964 ], [ 0.370277935230886, 41.326299557142292 ], [ 0.370337619861441, 41.326300921348739 ], [ 0.370397304496102, 41.326302285524271 ], [ 0.370456989134868, 41.32630364966888 ], [ 0.370516673777737, 41.326305013782594 ], [ 0.370576358424715, 41.326306377865393 ], [ 0.370636043075794, 41.326307741917255 ], [ 0.370695727730979, 41.326309105938257 ], [ 0.370755412390269, 41.326310469928288 ], [ 0.370815097053663, 41.326311833887445 ], [ 0.370874781721161, 41.326313197815693 ], [ 0.370934466392765, 41.326314561713005 ], [ 0.370994151068472, 41.326315925579394 ], [ 0.371053835748283, 41.326317289414909 ], [ 0.371113520432198, 41.326318653219502 ], [ 0.371173205120217, 41.326320016993172 ], [ 0.37123288981234, 41.326321380735948 ], [ 0.371292574508569, 41.326322744447779 ], [ 0.371352259208898, 41.326324108128723 ], [ 0.371411943913331, 41.326325471778745 ], [ 0.371471628621868, 41.326326835397872 ], [ 0.371531313334511, 41.32632819898604 ], [ 0.371590998051255, 41.326329562543336 ], [ 0.371650682772102, 41.326330926069737 ], [ 0.371652491582041, 41.326285934836385 ], [ 0.371654300387875, 41.326240943602627 ], [ 0.371656109189609, 41.32619595236843 ], [ 0.371657917987239, 41.326150961133834 ], [ 0.371659726780767, 41.326105969898819 ], [ 0.371661535570192, 41.326060978663357 ], [ 0.371663344355513, 41.326015987427496 ], [ 0.371665153136733, 41.325970996191209 ], [ 0.371666961913848, 41.325926004954511 ], [ 0.371668770686862, 41.325881013717385 ], [ 0.371609086375704, 41.325879650212471 ], [ 0.371549402068648, 41.32587828667662 ], [ 0.371489717765699, 41.325876923109867 ], [ 0.371430033466848, 41.325875559512227 ], [ 0.371370349172104, 41.325874195883657 ], [ 0.371372158145857, 41.325829204656834 ], [ 0.371373967115506, 41.325784213429614 ], [ 0.371375776081053, 41.325739222201967 ], [ 0.371377585042496, 41.325694230973873 ], [ 0.371379393999834, 41.325649239745395 ], [ 0.371381202953071, 41.325604248516484 ], [ 0.371383011902206, 41.325559257287154 ], [ 0.371384820847235, 41.325514266057411 ], [ 0.371386629788163, 41.325469274827242 ], [ 0.371388438724987, 41.325424283596639 ], [ 0.371328754844025, 41.325422919958605 ], [ 0.371269070967167, 41.325421556289683 ], [ 0.371209387094413, 41.325420192589846 ], [ 0.371149703225759, 41.325418828859078 ], [ 0.371090019361211, 41.325417465097402 ], [ 0.371091828498768, 41.325372473877145 ], [ 0.371093637632224, 41.325327482656448 ], [ 0.371095446761576, 41.325282491435338 ], [ 0.371097255886824, 41.325237500213781 ], [ 0.371099065007967, 41.325192508991819 ], [ 0.371100874125008, 41.325147517769445 ], [ 0.371102683237944, 41.325102526546658 ], [ 0.371104492346778, 41.325057535323445 ], [ 0.371106301451508, 41.325012544099806 ], [ 0.371108110552135, 41.324967552875755 ], [ 0.371048427101359, 41.324966189104664 ], [ 0.370988743654689, 41.324964825302594 ], [ 0.370929060212122, 41.324963461469665 ], [ 0.37086937677366, 41.324962097605813 ], [ 0.3708096933393, 41.324960733711066 ], [ 0.370811502640657, 41.324915742497289 ], [ 0.370813311937906, 41.32487075128315 ], [ 0.370815121231053, 41.32482576006857 ], [ 0.370816930520097, 41.324780768853579 ], [ 0.370818739805036, 41.324735777638161 ], [ 0.370759056579613, 41.324734413723213 ], [ 0.370699373358295, 41.32473304977735 ], [ 0.37063969014108, 41.324731685800607 ], [ 0.370580006927969, 41.324730321792941 ], [ 0.370520323718964, 41.324728957754353 ], [ 0.370522133204628, 41.324683966549244 ], [ 0.37052394268619, 41.324638975343717 ], [ 0.370525752163647, 41.324593984137742 ], [ 0.370527561636999, 41.324548992931391 ], [ 0.370529371106246, 41.324504001724598 ], [ 0.370531180571391, 41.324459010517423 ], [ 0.370532990032429, 41.324414019309785 ], [ 0.370534799489363, 41.324369028101728 ], [ 0.370536608942194, 41.324324036893273 ], [ 0.370538418390921, 41.324279045684371 ], [ 0.370478735595674, 41.324277681636353 ], [ 0.370419052804533, 41.324276317557427 ], [ 0.370359370017495, 41.324274953447571 ], [ 0.370299687234562, 41.324273589306813 ], [ 0.370240004455734, 41.324272225135147 ], [ 0.370241814105182, 41.324227233936583 ], [ 0.370243623750523, 41.324182242737606 ], [ 0.37024543339176, 41.324137251538197 ], [ 0.370247243028895, 41.324092260338332 ], [ 0.370249052661923, 41.324047269138099 ], [ 0.370189370092024, 41.32404590494626 ], [ 0.370129687526229, 41.324044540723527 ], [ 0.370070004964537, 41.324043176469843 ], [ 0.370010322406955, 41.324041812185278 ], [ 0.369950639853476, 41.324040447869805 ], [ 0.369952449687224, 41.323995456679881 ], [ 0.369954259516863, 41.323950465489503 ], [ 0.369956069342398, 41.323905474298734 ], [ 0.369957879163828, 41.323860483107545 ], [ 0.369959688981155, 41.323815491915937 ], [ 0.3699000066366, 41.323814127580292 ], [ 0.369840324296154, 41.323812763213709 ], [ 0.369780641959813, 41.323811398816233 ], [ 0.369720959627576, 41.323810034387876 ], [ 0.369661277299447, 41.323808669928574 ], [ 0.369601594975421, 41.323807305438372 ], [ 0.369541912655503, 41.323805940917261 ], [ 0.36948223033969, 41.323804576365241 ], [ 0.369422548027984, 41.32380321178232 ], [ 0.369362865720383, 41.323801847168482 ], [ 0.369364675943241, 41.323756855997921 ], [ 0.369366486161994, 41.323711864826954 ], [ 0.369368296376642, 41.323666873655569 ], [ 0.369370106587182, 41.323621882483735 ], [ 0.369371916793616, 41.323576891311482 ], [ 0.369312234694942, 41.323575526677487 ], [ 0.369252552600372, 41.323574162012569 ], [ 0.369192870509907, 41.32357279731675 ], [ 0.369133188423552, 41.323571432589986 ], [ 0.369073506341302, 41.323570067832357 ], [ 0.369013824263157, 41.323568703043797 ], [ 0.368954142189118, 41.32356733822435 ], [ 0.368894460119189, 41.323565973373974 ], [ 0.368834778053365, 41.323564608492674 ], [ 0.368775095991648, 41.323563243580509 ], [ 0.368776906603611, 41.323518252429324 ], [ 0.368778717211467, 41.323473261277719 ], [ 0.368780527815216, 41.323428270125675 ], [ 0.368782338414856, 41.32338327897326 ], [ 0.368784149010391, 41.323338287820413 ], [ 0.368724467157597, 41.323336922888053 ], [ 0.368664785308912, 41.323335557924771 ], [ 0.368605103464331, 41.323334192930588 ], [ 0.36854542162386, 41.323332827905503 ], [ 0.368485739787494, 41.323331462849517 ], [ 0.368426057955237, 41.323330097762629 ], [ 0.368366376127086, 41.323328732644818 ], [ 0.368306694303044, 41.323327367496105 ], [ 0.36824701248311, 41.323326002316477 ], [ 0.368187330667283, 41.323324637105941 ], [ 0.368127648855563, 41.323323271864503 ], [ 0.368067967047954, 41.323321906592163 ], [ 0.368008285244451, 41.323320541288886 ], [ 0.367948603445056, 41.323319175954744 ], [ 0.367888921649771, 41.323317810589643 ], [ 0.367887110439794, 41.323362801710296 ], [ 0.367885299225709, 41.323407792830508 ], [ 0.367883488007515, 41.323452783950309 ], [ 0.367881676785213, 41.323497775069697 ], [ 0.367879865558803, 41.323542766188652 ], [ 0.367878054328285, 41.323587757307209 ], [ 0.367876243093657, 41.323632748425325 ], [ 0.367874431854924, 41.323677739543015 ], [ 0.36787262061208, 41.323722730660315 ], [ 0.36787080936513, 41.323767721777173 ], [ 0.36781112716432, 41.323766356359698 ], [ 0.367751444967621, 41.323764990911322 ], [ 0.367691762775029, 41.323763625432044 ], [ 0.367632080586547, 41.323762259921864 ], [ 0.367572398402173, 41.323760894380733 ], [ 0.367570586946296, 41.323805885486429 ], [ 0.367568775486309, 41.323850876591706 ], [ 0.367566964022215, 41.323895867696585 ], [ 0.367565152554009, 41.323940858801009 ], [ 0.367563341081696, 41.32398584990505 ], [ 0.367503658696613, 41.323984484322281 ], [ 0.367443976315638, 41.323983118708632 ], [ 0.367384293938773, 41.323981753064047 ], [ 0.367324611566016, 41.323980387388559 ], [ 0.367264929197371, 41.323979021682156 ], [ 0.367205246832834, 41.323977655944844 ], [ 0.367145564472406, 41.323976290176653 ], [ 0.36708588211609, 41.323974924377517 ], [ 0.367026199763881, 41.3239735585475 ], [ 0.366966517415783, 41.323972192686568 ], [ 0.366964705529721, 41.32401718376866 ], [ 0.36696289363955, 41.324062174850347 ], [ 0.366961081745268, 41.324107165931622 ], [ 0.366959269846877, 41.324152157012477 ], [ 0.366957457944375, 41.324197148092914 ], [ 0.366897775395567, 41.324195782190316 ], [ 0.36683809285087, 41.324194416256809 ], [ 0.366778410310281, 41.324193050292379 ], [ 0.366718727773803, 41.32419168429707 ], [ 0.366659045241435, 41.32419031827083 ], [ 0.366660857348757, 41.324145327201151 ], [ 0.366662669451971, 41.324100336131025 ], [ 0.366664481551071, 41.324055345060522 ], [ 0.366666293646063, 41.324010353989593 ], [ 0.366668105736945, 41.323965362918216 ], [ 0.366608423413508, 41.32396399687179 ], [ 0.366548741094183, 41.323962630794519 ], [ 0.366489058778967, 41.323961264686275 ], [ 0.366429376467862, 41.323959898547187 ], [ 0.366369694160868, 41.323958532377134 ], [ 0.366310011857985, 41.3239571661762 ], [ 0.366250329559214, 41.323955799944358 ], [ 0.366190647264552, 41.323954433681592 ], [ 0.366130964974002, 41.323953067387933 ], [ 0.366071282687564, 41.323951701063358 ], [ 0.366011600405237, 41.323950334707874 ], [ 0.365951918127022, 41.323948968321474 ], [ 0.365892235852917, 41.323947601904159 ], [ 0.365832553582925, 41.323946235455956 ], [ 0.365772871317044, 41.323944868976831 ], [ 0.365713189055276, 41.323943502466797 ], [ 0.365653506797618, 41.323942135925869 ], [ 0.365593824544074, 41.323940769354031 ], [ 0.365534142294642, 41.323939402751265 ], [ 0.365474460049322, 41.323938036117589 ], [ 0.365476272955365, 41.323893045088802 ], [ 0.365478085857299, 41.323848054059582 ], [ 0.36547989875512, 41.323803063029978 ], [ 0.36548171164883, 41.323758071999933 ], [ 0.365483524538427, 41.323713080969476 ], [ 0.365423842502035, 41.32371171431565 ], [ 0.365364160469756, 41.323710347630922 ], [ 0.365304478441591, 41.323708980915285 ], [ 0.365244796417536, 41.323707614168733 ], [ 0.365185114397595, 41.323706247391279 ], [ 0.365186927487897, 41.323661256371132 ], [ 0.365188740574084, 41.323616265350601 ], [ 0.365190553656158, 41.323571274329638 ], [ 0.365192366734122, 41.32352628330824 ], [ 0.365194179807974, 41.323481292286431 ], [ 0.365134497996961, 41.323479925488819 ], [ 0.365074816190058, 41.323478558660291 ], [ 0.365015134387271, 41.323477191800855 ], [ 0.364955452588593, 41.323475824910524 ], [ 0.364895770794032, 41.323474457989292 ], [ 0.364836089003581, 41.323473091037116 ], [ 0.364776407217245, 41.323471724054066 ], [ 0.364716725435024, 41.323470357040094 ], [ 0.364657043656912, 41.32346898999522 ], [ 0.364597361882915, 41.323467622919438 ], [ 0.364537680113035, 41.323466255812733 ], [ 0.364477998347266, 41.323464888675112 ], [ 0.364418316585609, 41.323463521506611 ], [ 0.364358634828069, 41.323462154307201 ], [ 0.364298953074643, 41.323460787076854 ], [ 0.364300766758818, 41.323415796086898 ], [ 0.364302580438881, 41.323370805096516 ], [ 0.36430439411483, 41.323325814105722 ], [ 0.364306207786665, 41.323280823114487 ], [ 0.364308021454387, 41.32323583212284 ], [ 0.364248339909884, 41.323234464872385 ], [ 0.364188658369496, 41.323233097590972 ], [ 0.364128976833224, 41.323231730278692 ], [ 0.364069295301064, 41.32323036293549 ], [ 0.364009613773019, 41.323228995561387 ], [ 0.363949932249087, 41.323227628156367 ], [ 0.363890250729272, 41.323226260720453 ], [ 0.36383056921357, 41.323224893253595 ], [ 0.363770887701984, 41.323223525755843 ], [ 0.363711206194513, 41.323222158227196 ], [ 0.363651524691154, 41.323220790667627 ], [ 0.363591843191913, 41.323219423077155 ], [ 0.363532161696788, 41.323218055455783 ], [ 0.363472480205775, 41.323216687803487 ], [ 0.363412798718879, 41.323215320120298 ], [ 0.363353117236099, 41.323213952406213 ], [ 0.363293435757433, 41.323212584661199 ], [ 0.363233754282883, 41.323211216885277 ], [ 0.363174072812448, 41.323209849078445 ], [ 0.363114391346131, 41.323208481240705 ], [ 0.363112576859168, 41.323253472189336 ], [ 0.363110762368093, 41.323298463137498 ], [ 0.363108947872902, 41.323343454085261 ], [ 0.363107133373592, 41.32338844503262 ], [ 0.363105318870169, 41.323433435979545 ], [ 0.363165000541297, 41.323434803828029 ], [ 0.363224682216542, 41.323436171645618 ], [ 0.363284363895902, 41.323437539432291 ], [ 0.363344045579379, 41.32343890718807 ], [ 0.363403727266972, 41.323440274912912 ], [ 0.363401912964243, 41.323485265870197 ], [ 0.363400098657401, 41.323530256827034 ], [ 0.363398284346443, 41.323575247783445 ], [ 0.36339647003137, 41.323620238739487 ], [ 0.363394655712183, 41.323665229695052 ], [ 0.363454337608702, 41.323666597399765 ], [ 0.363514019509336, 41.323667965073575 ], [ 0.363573701414088, 41.323669332716463 ], [ 0.363633383322952, 41.323670700328449 ], [ 0.363693065235933, 41.323672067909548 ], [ 0.363691251117444, 41.323717058875474 ], [ 0.363689436994841, 41.32376204984098 ], [ 0.363687622868123, 41.323807040806052 ], [ 0.363685808737288, 41.323852031770727 ], [ 0.36368399460234, 41.323897022734968 ], [ 0.363624312484543, 41.323895655143112 ], [ 0.363564630370862, 41.323894287520375 ], [ 0.363504948261297, 41.323892919866729 ], [ 0.363445266155846, 41.323891552182161 ], [ 0.363385584054512, 41.323890184466691 ], [ 0.363325901957293, 41.323888816720306 ], [ 0.363266219864188, 41.323887448943019 ], [ 0.3632065377752, 41.323886081134795 ], [ 0.363146855690329, 41.323884713295698 ], [ 0.363087173609573, 41.323883345425678 ], [ 0.363027491532931, 41.323881977524749 ], [ 0.362967809460409, 41.323880609592919 ], [ 0.362908127392, 41.323879241630166 ], [ 0.362848445327707, 41.323877873636519 ], [ 0.362788763267533, 41.323876505611949 ], [ 0.362790578016929, 41.323831514679988 ], [ 0.362792392762208, 41.323786523747607 ], [ 0.362794207503374, 41.323741532814807 ], [ 0.36279602224042, 41.323696541881603 ], [ 0.362797836973353, 41.323651550947936 ] ], [ [ 0.366640923942144, 41.32464022894461 ], [ 0.366700606884159, 41.324641594992343 ], [ 0.366760289830285, 41.324642961009161 ], [ 0.366819972780523, 41.324644326995063 ], [ 0.366879655734868, 41.324645692950064 ], [ 0.366939338693325, 41.324647058874156 ], [ 0.366937526745617, 41.324692049949952 ], [ 0.366935714793797, 41.324737041025351 ], [ 0.366933902837867, 41.324782032100352 ], [ 0.366932090877829, 41.324827023174898 ], [ 0.36693027891368, 41.324872014249031 ], [ 0.366870595750394, 41.324870648314203 ], [ 0.366810912591221, 41.324869282348459 ], [ 0.366751229436156, 41.324867916351813 ], [ 0.366691546285202, 41.324866550324231 ], [ 0.366631863138359, 41.324865184265754 ], [ 0.366633675307338, 41.32482019320237 ], [ 0.366635487472205, 41.324775202138554 ], [ 0.366637299632962, 41.324730211074332 ], [ 0.366639111789608, 41.324685220009677 ], [ 0.366640923942144, 41.32464022894461 ] ], [ [ 0.367825526856119, 41.324892499562367 ], [ 0.367823715502348, 41.324937490668326 ], [ 0.367821904144469, 41.324982481773858 ], [ 0.36782009278248, 41.325027472878986 ], [ 0.367818281416384, 41.325072463983687 ], [ 0.367816470046177, 41.325117455087963 ], [ 0.36775678661642, 41.32511608960602 ], [ 0.367697103190772, 41.325114724093176 ], [ 0.36763741976923, 41.325113358549437 ], [ 0.367577736351798, 41.325111992974783 ], [ 0.367518052938476, 41.325110627369206 ], [ 0.367458369529263, 41.32510926173272 ], [ 0.36739868612416, 41.325107896065347 ], [ 0.367339002723166, 41.325106530367037 ], [ 0.367279319326282, 41.325105164637804 ], [ 0.367219635933507, 41.325103798877691 ], [ 0.367221447713377, 41.325058807794896 ], [ 0.367223259489134, 41.325013816711717 ], [ 0.367225071260783, 41.324968825628083 ], [ 0.367226883028322, 41.324923834544038 ], [ 0.367228694791753, 41.324878843459572 ], [ 0.367288377979697, 41.324880209208935 ], [ 0.36734806117175, 41.32488157492741 ], [ 0.367407744367914, 41.324882940614984 ], [ 0.367467427568188, 41.324884306271606 ], [ 0.36752711077257, 41.324885671897349 ], [ 0.367586793981061, 41.324887037492189 ], [ 0.367646477193662, 41.3248884030561 ], [ 0.367706160410372, 41.324889768589109 ], [ 0.367765843631191, 41.32489113409121 ], [ 0.367825526856119, 41.324892499562367 ] ], [ [ 0.369317608814432, 41.324926626296183 ], [ 0.369315798484814, 41.324971617455859 ], [ 0.36931398815109, 41.325016608615087 ], [ 0.369312177813258, 41.32506159977391 ], [ 0.369310367471322, 41.325106590932293 ], [ 0.369308557125279, 41.325151582090264 ], [ 0.369306746775129, 41.32519657324783 ], [ 0.369304936420873, 41.325241564404969 ], [ 0.36930312606251, 41.325286555561675 ], [ 0.369301315700042, 41.325331546717976 ], [ 0.369299505333467, 41.325376537873851 ], [ 0.36923982159618, 41.325375173153958 ], [ 0.369180137863, 41.325373808403128 ], [ 0.369120454133929, 41.325372443621404 ], [ 0.369060770408962, 41.325371078808772 ], [ 0.369001086688101, 41.325369713965237 ], [ 0.36894140297135, 41.325368349090752 ], [ 0.368881719258705, 41.325366984185393 ], [ 0.368822035550167, 41.325365619249119 ], [ 0.368762351845735, 41.325364254281936 ], [ 0.368702668145413, 41.325362889283831 ], [ 0.368704478921657, 41.325317898149436 ], [ 0.368706289693796, 41.325272907014607 ], [ 0.368708100461827, 41.325227915879374 ], [ 0.368709911225751, 41.325182924743714 ], [ 0.368711721985567, 41.325137933607621 ], [ 0.368713532741276, 41.325092942471116 ], [ 0.368715343492877, 41.32504795133422 ], [ 0.368717154240371, 41.325002960196869 ], [ 0.368718964983761, 41.324957969059113 ], [ 0.368720775723039, 41.324912977920945 ], [ 0.368780459013696, 41.324914342897578 ], [ 0.368840142308461, 41.324915707843275 ], [ 0.368899825607333, 41.324917072758069 ], [ 0.368959508910313, 41.324918437641969 ], [ 0.369019192217398, 41.324919802494954 ], [ 0.369078875528592, 41.324921167317008 ], [ 0.369138558843891, 41.324922532108168 ], [ 0.369198242163299, 41.324923896868412 ], [ 0.369257925486813, 41.32492526159777 ], [ 0.369317608814432, 41.324926626296183 ] ], [ [ 0.366640923942144, 41.32464022894461 ], [ 0.366581241004238, 41.324638862865982 ], [ 0.366521558070444, 41.324637496756424 ], [ 0.366461875140762, 41.324636130615957 ], [ 0.36640219221519, 41.324634764444603 ], [ 0.366342509293727, 41.324633398242327 ], [ 0.366344321646979, 41.324588407187576 ], [ 0.36634613399612, 41.324543416132414 ], [ 0.36634794634115, 41.324498425076833 ], [ 0.36634975868207, 41.324453434020825 ], [ 0.366351571018878, 41.324408442964405 ], [ 0.366411253735513, 41.324409809155959 ], [ 0.366470936456262, 41.324411175316563 ], [ 0.36653061918112, 41.324412541446293 ], [ 0.36659030191009, 41.324413907545065 ], [ 0.366649984643168, 41.324415273612978 ], [ 0.366648172511184, 41.324460264680134 ], [ 0.36664636037509, 41.324505255746878 ], [ 0.366644548234886, 41.32455024681321 ], [ 0.366642736090568, 41.324595237879137 ], [ 0.366640923942144, 41.32464022894461 ] ] ] } },
{ "type": "Feature", "properties": { "GRID_CODE": 2, "CODI_FINAL": "895041", "MUNICIPI": "Santa Margarida i els Monjos", "DATA_INCEN": "11/03/95" }, "geometry": { "type": "Polygon", "coordinates": [ [ [ 1.67884824069083, 41.295617422202184 ], [ 1.678788536931313, 41.295616737217593 ], [ 1.678728833173864, 41.295616052202035 ], [ 1.678669129418473, 41.295615367155513 ], [ 1.678609425665142, 41.295614682078039 ], [ 1.678549721913872, 41.295613996969614 ], [ 1.67855063035696, 41.295568970021264 ], [ 1.67855153879799, 41.295523943072524 ], [ 1.678552447236956, 41.295478916123436 ], [ 1.678553355673859, 41.295433889173964 ], [ 1.678554264108704, 41.295388862224122 ], [ 1.678494560564668, 41.295388177090153 ], [ 1.678434857022698, 41.295387491925197 ], [ 1.67837515348279, 41.29538680672929 ], [ 1.67831544994494, 41.295386121502453 ], [ 1.678255746409155, 41.295385436244651 ], [ 1.678196042875433, 41.295384750955883 ], [ 1.678136339343772, 41.295384065636171 ], [ 1.67807663581417, 41.2953833802855 ], [ 1.678016932286635, 41.295382694903878 ], [ 1.677957228761161, 41.295382009491306 ], [ 1.677958137604288, 41.295336982551895 ], [ 1.677959046445351, 41.295291955612086 ], [ 1.677959955284353, 41.295246928671915 ], [ 1.677960864121292, 41.295201901731375 ], [ 1.67796177295617, 41.295156874790457 ], [ 1.677902069637929, 41.295156189352326 ], [ 1.677842366321748, 41.295155503883244 ], [ 1.677782663007633, 41.295154818383182 ], [ 1.677722959695583, 41.295154132852197 ], [ 1.677663256385591, 41.29515344729024 ], [ 1.677603553077666, 41.295152761697324 ], [ 1.6775438497718, 41.295152076073471 ], [ 1.677484146468001, 41.295151390418674 ], [ 1.677424443166262, 41.29515070473289 ], [ 1.67736473986659, 41.295150019016162 ], [ 1.677363830621372, 41.295195045946286 ], [ 1.677362921374091, 41.295240072876027 ], [ 1.677362012124747, 41.295285099805405 ], [ 1.67736110287334, 41.295330126734399 ], [ 1.677360193619867, 41.295375153663066 ], [ 1.677300490117089, 41.295374467909994 ], [ 1.677240786616367, 41.295373782125949 ], [ 1.677181083117715, 41.295373096310946 ], [ 1.677121379621124, 41.295372410465021 ], [ 1.677061676126597, 41.295371724588144 ], [ 1.677001972634134, 41.295371038680287 ], [ 1.676942269143733, 41.295370352741479 ], [ 1.676882565655398, 41.29536966677172 ], [ 1.67682286216913, 41.295368980771009 ], [ 1.676763158684923, 41.295368294739355 ], [ 1.676762249019045, 41.29541332165681 ], [ 1.6767613393511, 41.295458348573902 ], [ 1.676760429681097, 41.29550337549064 ], [ 1.676759520009024, 41.295548402406993 ], [ 1.676758610334888, 41.295593429322984 ], [ 1.676698906647574, 41.295592743254964 ], [ 1.676639202962325, 41.295592057155986 ], [ 1.676579499279139, 41.295591371026056 ], [ 1.676519795598015, 41.295590684865182 ], [ 1.676460091918959, 41.295589998673343 ], [ 1.676459182037588, 41.29563502558355 ], [ 1.67645827215415, 41.295680052493395 ], [ 1.676457362268647, 41.295725079402864 ], [ 1.676456452381079, 41.295770106311956 ], [ 1.676455542491445, 41.295815133220671 ], [ 1.676454632599751, 41.295860160129024 ], [ 1.676453722705989, 41.295905187037029 ], [ 1.676452812810163, 41.295950213944636 ], [ 1.676451902912273, 41.295995240851859 ], [ 1.676450993012317, 41.296040267758734 ], [ 1.676391288924973, 41.296039581525143 ], [ 1.676331584839694, 41.29603889526058 ], [ 1.67627188075648, 41.296038208965101 ], [ 1.676212176675331, 41.296037522638628 ], [ 1.676152472596246, 41.29603683628121 ], [ 1.676151562489048, 41.296081863182323 ], [ 1.676150652379783, 41.296126890083045 ], [ 1.676149742268452, 41.296171916983397 ], [ 1.676148832155057, 41.296216943883366 ], [ 1.676147922039599, 41.296261970782993 ], [ 1.676147011922072, 41.296306997682237 ], [ 1.676146101802485, 41.296352024581097 ], [ 1.67614519168083, 41.296397051479602 ], [ 1.67614428155711, 41.296442078377716 ], [ 1.676143371431323, 41.296487105275475 ], [ 1.676203075920769, 41.296487791643692 ], [ 1.67626278041228, 41.296488477980944 ], [ 1.676322484905857, 41.296489164287237 ], [ 1.676382189401498, 41.296489850562587 ], [ 1.676441893899204, 41.296490536806999 ], [ 1.676501598398976, 41.296491223020432 ], [ 1.676561302900812, 41.296491909202928 ], [ 1.676621007404712, 41.296492595354451 ], [ 1.676680711910677, 41.296493281475023 ], [ 1.676740416418709, 41.296493967564629 ], [ 1.676800120928804, 41.296494653623292 ], [ 1.676859825440963, 41.296495339650996 ], [ 1.676919529955184, 41.296496025647748 ], [ 1.676979234471476, 41.296496711613528 ], [ 1.677038938989827, 41.296497397548379 ], [ 1.677038029477528, 41.296542424461983 ], [ 1.677037119963164, 41.296587451375174 ], [ 1.677036210446736, 41.296632478288018 ], [ 1.677035300928245, 41.296677505200471 ], [ 1.67703439140769, 41.296722532112575 ], [ 1.67709409613329, 41.296723218021867 ], [ 1.677153800860953, 41.296723903900194 ], [ 1.677213505590685, 41.296724589747555 ], [ 1.677273210322477, 41.296725275563958 ], [ 1.677332915056333, 41.296725961349431 ], [ 1.6773320057389, 41.296770988266545 ], [ 1.677331096419404, 41.296816015183303 ], [ 1.677330187097842, 41.296861042099664 ], [ 1.677329277774221, 41.296906069015705 ], [ 1.677328368448535, 41.296951095931334 ], [ 1.677388073389642, 41.296951781691227 ], [ 1.677447778332812, 41.296952467420162 ], [ 1.677507483278045, 41.296953153118153 ], [ 1.677567188225342, 41.296953838785178 ], [ 1.677626893174705, 41.296954524421253 ], [ 1.677625984052143, 41.296999551341919 ], [ 1.677625074927519, 41.297044578262202 ], [ 1.677624165800833, 41.297089605182137 ], [ 1.677623256672084, 41.297134632101695 ], [ 1.677622347541271, 41.297179659020856 ], [ 1.677621438408392, 41.297224685939675 ], [ 1.677620529273456, 41.297269712858103 ], [ 1.677619620136451, 41.297314739776155 ], [ 1.677618710997388, 41.297359766693873 ], [ 1.677617801856259, 41.297404793611186 ], [ 1.677616892713071, 41.297449820528136 ], [ 1.677615983567814, 41.29749484744471 ], [ 1.677615074420499, 41.297539874360915 ], [ 1.677614165271117, 41.297584901276764 ], [ 1.677613256119676, 41.297629928192208 ], [ 1.677553550554738, 41.297629242539955 ], [ 1.677493844991863, 41.297628556856743 ], [ 1.677434139431056, 41.297627871142559 ], [ 1.677374433872306, 41.297627185397445 ], [ 1.677314728315626, 41.297626499621344 ], [ 1.677313818956924, 41.297671526531055 ], [ 1.677312909596157, 41.297716553440381 ], [ 1.677312000233331, 41.297761580349324 ], [ 1.677311090868439, 41.297806607257911 ], [ 1.677310181501481, 41.297851634166122 ], [ 1.677250475741668, 41.297850948353663 ], [ 1.677190769983913, 41.297850262510266 ], [ 1.677131064228228, 41.297849576635919 ], [ 1.677071358474604, 41.297848890730585 ], [ 1.677011652723041, 41.297848204794342 ], [ 1.677010743148824, 41.297893231696783 ], [ 1.677009833572545, 41.297938258598855 ], [ 1.677008923994201, 41.297983285500557 ], [ 1.677008014413792, 41.298028312401868 ], [ 1.677007104831316, 41.29807333930281 ], [ 1.677006195246782, 41.298118366203425 ], [ 1.677005285660178, 41.298163393103621 ], [ 1.677004376071513, 41.298208420003476 ], [ 1.677003466480784, 41.29825344690294 ], [ 1.677002556887991, 41.298298473802042 ], [ 1.677062263049952, 41.298299159749121 ], [ 1.677121969213976, 41.298299845665234 ], [ 1.677181675380062, 41.298300531550382 ], [ 1.677241381548217, 41.298301217404592 ], [ 1.677301087718432, 41.298301903227824 ], [ 1.677300178328775, 41.298346930131942 ], [ 1.67729926893706, 41.29839195703569 ], [ 1.677298359543278, 41.298436983939091 ], [ 1.67729745014743, 41.298482010842093 ], [ 1.677296540749524, 41.298527037744726 ], [ 1.677356247127005, 41.298527723542414 ], [ 1.677415953506554, 41.298528409309142 ], [ 1.677475659888165, 41.298529095044898 ], [ 1.677535366271839, 41.298529780749696 ], [ 1.677595072657574, 41.298530466423536 ], [ 1.677594163462806, 41.298575493331207 ], [ 1.677593254265978, 41.298620520238501 ], [ 1.677592345067084, 41.298665547145426 ], [ 1.677591435866127, 41.298710574051988 ], [ 1.677590526663107, 41.298755600958181 ], [ 1.677650233256114, 41.298756286606441 ], [ 1.677709939851185, 41.298756972223771 ], [ 1.677769646448318, 41.29875765781015 ], [ 1.677829353047515, 41.298758343365563 ], [ 1.677889059648772, 41.298759028890004 ], [ 1.677888150648897, 41.298804055801213 ], [ 1.677887241646961, 41.298849082712032 ], [ 1.677886332642956, 41.298894109622509 ], [ 1.677885423636895, 41.298939136532603 ], [ 1.677884514628768, 41.29898416344232 ], [ 1.677944221437299, 41.298984848941224 ], [ 1.678003928247893, 41.298985534409155 ], [ 1.67806363506055, 41.298986219846107 ], [ 1.678123341875268, 41.298986905252121 ], [ 1.678183048692051, 41.298987590627185 ], [ 1.678182139887072, 41.299032617541918 ], [ 1.678181231080031, 41.299077644456311 ], [ 1.678180322270926, 41.299122671370291 ], [ 1.678179413459761, 41.299167698283945 ], [ 1.678178504646532, 41.299212725197187 ], [ 1.678238211670585, 41.29921341054667 ], [ 1.678297918696705, 41.29921409586521 ], [ 1.678357625724885, 41.299214781152791 ], [ 1.678417332755125, 41.299215466409393 ], [ 1.678477039787432, 41.299216151635065 ], [ 1.678476131177351, 41.299261178553358 ], [ 1.678475222565214, 41.299306205471225 ], [ 1.678474313951011, 41.299351232388773 ], [ 1.678473405334745, 41.299396259305951 ], [ 1.678472496716419, 41.299441286222745 ], [ 1.678532203956, 41.299441971422823 ], [ 1.678591911197644, 41.299442656591964 ], [ 1.678651618441345, 41.299443341730139 ], [ 1.678711325687112, 41.299444026837357 ], [ 1.67877103293494, 41.299444711913594 ], [ 1.678830740184827, 41.299445396958902 ], [ 1.678890447436777, 41.299446081973244 ], [ 1.67895015469079, 41.299446766956613 ], [ 1.679009861946864, 41.299447451909032 ], [ 1.679069569204998, 41.299448136830485 ], [ 1.679129276465192, 41.299448821720993 ], [ 1.679188983727447, 41.299449506580522 ], [ 1.679248690991768, 41.299450191409107 ], [ 1.679308398258145, 41.299450876206741 ], [ 1.679368105526585, 41.299451560973402 ], [ 1.679427812797083, 41.299452245709119 ], [ 1.679487520069642, 41.29945293041385 ], [ 1.679547227344266, 41.299453615087643 ], [ 1.679606934620945, 41.299454299730485 ], [ 1.679666641899689, 41.299454984342333 ], [ 1.679726349180491, 41.299455668923258 ], [ 1.67978605646335, 41.299456353473218 ], [ 1.679845763748274, 41.299457037992219 ], [ 1.679905471035256, 41.299457722480248 ], [ 1.679965178324297, 41.299458406937326 ], [ 1.680024885615399, 41.299459091363445 ], [ 1.680084592908559, 41.299459775758592 ], [ 1.680144300203778, 41.299460460122788 ], [ 1.68020400750106, 41.299461144456039 ], [ 1.680263714800399, 41.299461828758304 ], [ 1.680264622187437, 41.299416801809201 ], [ 1.680265529572413, 41.299371774859701 ], [ 1.680266436955335, 41.299326747909824 ], [ 1.680267344336195, 41.299281720959563 ], [ 1.680268251714995, 41.299236694008975 ], [ 1.680327958811178, 41.299237378274903 ], [ 1.680387665909424, 41.299238062509872 ], [ 1.680447373009726, 41.299238746713904 ], [ 1.680507080112088, 41.299239430886963 ], [ 1.680566787216507, 41.299240115029072 ], [ 1.680626494322985, 41.299240799140208 ], [ 1.680686201431524, 41.299241483220378 ], [ 1.680745908542123, 41.299242167269618 ], [ 1.680805615654778, 41.299242851287893 ], [ 1.680865322769489, 41.299243535275181 ], [ 1.680925029886262, 41.299244219231539 ], [ 1.68098473700509, 41.299244903156925 ], [ 1.681044444125981, 41.299245587051367 ], [ 1.681104151248925, 41.299246270914836 ], [ 1.681163858373931, 41.29924695474736 ], [ 1.681223565500994, 41.299247638548898 ], [ 1.68128327263011, 41.299248322319514 ], [ 1.681342979761289, 41.299249006059142 ], [ 1.681402686894526, 41.299249689767834 ], [ 1.681462394029819, 41.299250373445552 ], [ 1.681463300585704, 41.29920534647303 ], [ 1.68146420713954, 41.299160319500146 ], [ 1.681465113691316, 41.299115292526885 ], [ 1.681466020241032, 41.299070265553254 ], [ 1.681466926788693, 41.299025238579276 ], [ 1.681526633720833, 41.299025922220636 ], [ 1.681586340655026, 41.29902660583106 ], [ 1.681646047591279, 41.299027289410517 ], [ 1.681705754529588, 41.299027972959024 ], [ 1.681765461469955, 41.299028656476565 ], [ 1.681825168412378, 41.29902933996317 ], [ 1.681884875356856, 41.299030023418801 ], [ 1.681944582303391, 41.299030706843482 ], [ 1.682004289251986, 41.299031390237197 ], [ 1.682063996202637, 41.299032073599939 ], [ 1.682123703155341, 41.299032756931744 ], [ 1.682183410110101, 41.299033440232591 ], [ 1.682243117066924, 41.299034123502459 ], [ 1.682302824025796, 41.299034806741382 ], [ 1.682362530986727, 41.29903548994934 ], [ 1.682422237949713, 41.299036173126353 ], [ 1.682481944914755, 41.299036856272394 ], [ 1.682541651881857, 41.29903753938747 ], [ 1.682601358851008, 41.299038222471587 ], [ 1.682661065822219, 41.299038905524768 ], [ 1.682660160095404, 41.299083932520276 ], [ 1.682659254366536, 41.299128959515414 ], [ 1.682658348635611, 41.299173986510205 ], [ 1.682657442902629, 41.299219013504597 ], [ 1.682656537167595, 41.299264040498642 ], [ 1.682716244346071, 41.299264723526207 ], [ 1.682775951526607, 41.299265406522828 ], [ 1.682835658709196, 41.299266089488505 ], [ 1.682895365893838, 41.299266772423216 ], [ 1.682955073080539, 41.299267455326984 ], [ 1.683014780269293, 41.299268138199764 ], [ 1.6830744874601, 41.299268821041593 ], [ 1.683134194652968, 41.299269503852457 ], [ 1.683193901847886, 41.299270186632398 ], [ 1.683253609044857, 41.29927086938131 ], [ 1.683313316243886, 41.299271552099341 ], [ 1.683373023444968, 41.299272234786379 ], [ 1.683432730648107, 41.299272917442451 ], [ 1.683492437853297, 41.299273600067579 ], [ 1.683552145060542, 41.299274282661727 ], [ 1.683611852269845, 41.299274965224939 ], [ 1.683671559481196, 41.299275647757177 ], [ 1.683731266694604, 41.299276330258465 ], [ 1.683790973910068, 41.299277012728808 ], [ 1.683850681127584, 41.299277695168151 ], [ 1.683849776211351, 41.299322722183312 ], [ 1.683848871293065, 41.299367749198097 ], [ 1.683847966372726, 41.299412776212492 ], [ 1.683847061450333, 41.299457803226538 ], [ 1.683846156525888, 41.299502830240179 ], [ 1.68390586395067, 41.29950351265397 ], [ 1.683965571377509, 41.299504195036789 ], [ 1.684025278806404, 41.299504877388642 ], [ 1.684084986237349, 41.299505559709537 ], [ 1.684144693670347, 41.299506241999502 ], [ 1.684145598389573, 41.299461214980468 ], [ 1.684146503106752, 41.299416187961064 ], [ 1.684147407821875, 41.299371160941298 ], [ 1.684148312534943, 41.299326133921134 ], [ 1.684149217245961, 41.299281106900622 ], [ 1.684208924475799, 41.299281789154222 ], [ 1.684268631707686, 41.299282471376877 ], [ 1.684328338941632, 41.29928315356856 ], [ 1.684388046177623, 41.299283835729319 ], [ 1.684447753415673, 41.2992845178591 ], [ 1.684507460655774, 41.299285199957907 ], [ 1.684567167897925, 41.299285882025785 ], [ 1.68462687514213, 41.299286564062676 ], [ 1.684686582388391, 41.299287246068616 ], [ 1.684746289636702, 41.299287928043597 ], [ 1.684747193935234, 41.299242901011979 ], [ 1.684748098231717, 41.299197873979963 ], [ 1.68474900252615, 41.299152846947614 ], [ 1.684749906818529, 41.299107819914873 ], [ 1.684750811108856, 41.299062792881756 ], [ 1.684810518154005, 41.299063474820422 ], [ 1.684870225201203, 41.299064156728129 ], [ 1.684929932250459, 41.299064838604856 ], [ 1.684989639301762, 41.299065520450625 ], [ 1.685049346355121, 41.299066202265458 ], [ 1.685109053410528, 41.299066884049324 ], [ 1.685168760467989, 41.299067565802225 ], [ 1.685228467527502, 41.299068247524183 ], [ 1.685288174589066, 41.299068929215167 ], [ 1.685347881652681, 41.2990696108752 ], [ 1.685407588718347, 41.299070292504275 ], [ 1.685467295786063, 41.299070974102371 ], [ 1.685527002855832, 41.299071655669536 ], [ 1.685586709927652, 41.299072337205715 ], [ 1.68564641700152, 41.29907301871097 ], [ 1.68564732067416, 41.29902799166139 ], [ 1.685648224344746, 41.29898296461144 ], [ 1.685649128013281, 41.298937937561128 ], [ 1.685650031679764, 41.298892910510453 ], [ 1.6856509353442, 41.298847883459366 ], [ 1.68559122847554, 41.298847201959504 ], [ 1.685531521608934, 41.298846520428668 ], [ 1.685471814744376, 41.298845838866875 ], [ 1.685412107881872, 41.29884515727413 ], [ 1.685352401021418, 41.298844475650426 ], [ 1.685353304889012, 41.298799448604335 ], [ 1.685354208754555, 41.298754421557909 ], [ 1.685355112618048, 41.298709394511107 ], [ 1.685356016479489, 41.2986643674639 ], [ 1.685356920338879, 41.298619340416366 ], [ 1.685297213685686, 41.298618658767062 ], [ 1.685237507034542, 41.298617977086792 ], [ 1.685177800385452, 41.298617295375593 ], [ 1.685118093738411, 41.298616613633421 ], [ 1.685058387093424, 41.298615931860276 ], [ 1.684998680450487, 41.298615250056187 ], [ 1.684938973809605, 41.298614568221147 ], [ 1.684879267170773, 41.298613886355128 ], [ 1.684819560533992, 41.298613204458157 ], [ 1.684759853899265, 41.298612522530227 ], [ 1.68476075816702, 41.298567495493032 ], [ 1.684761662432723, 41.298522468455474 ], [ 1.684762566696374, 41.298477441417546 ], [ 1.684763470957971, 41.298432414379228 ], [ 1.684764375217519, 41.29838738734054 ], [ 1.68470466879005, 41.298386705387045 ], [ 1.684644962364634, 41.298386023402578 ], [ 1.68458525594127, 41.298385341387146 ], [ 1.684525549519957, 41.298384659340748 ], [ 1.684465843100698, 41.298383977263406 ], [ 1.68440613668349, 41.298383295155098 ], [ 1.684346430268336, 41.298382613015818 ], [ 1.684286723855237, 41.298381930845615 ], [ 1.684227017444188, 41.298381248644432 ], [ 1.68416731103519, 41.298380566412298 ], [ 1.684168215703097, 41.298335539383984 ], [ 1.68416912036895, 41.298290512355301 ], [ 1.684170025032752, 41.298245485326227 ], [ 1.684170929694499, 41.298200458296805 ], [ 1.684171834354194, 41.298155431267006 ], [ 1.684172739011836, 41.298110404236859 ], [ 1.684173643667425, 41.298065377206306 ], [ 1.684174548320959, 41.298020350175399 ], [ 1.684175452972442, 41.297975323144115 ], [ 1.684176357621875, 41.297930296112447 ], [ 1.684177262269251, 41.297885269080432 ], [ 1.684178166914577, 41.297840242048032 ], [ 1.684179071557849, 41.29779521501527 ], [ 1.684179976199067, 41.297750187982139 ], [ 1.684180880838235, 41.297705160948617 ], [ 1.684121175046899, 41.29770447870164 ], [ 1.684061469257615, 41.29770379642369 ], [ 1.684001763470385, 41.297703114114796 ], [ 1.683942057685209, 41.29770243177493 ], [ 1.683882351902083, 41.297701749404098 ], [ 1.683883256744397, 41.297656722375599 ], [ 1.683884161584656, 41.297611695346717 ], [ 1.68388506642286, 41.297566668317472 ], [ 1.683885971259012, 41.297521641287837 ], [ 1.683886876093113, 41.297476614257846 ], [ 1.68382717051724, 41.297475931861442 ], [ 1.68376746494342, 41.297475249434086 ], [ 1.683707759371655, 41.297474566975772 ], [ 1.683648053801942, 41.297473884486493 ], [ 1.683588348234285, 41.297473201966262 ], [ 1.683589253271524, 41.297428174941274 ], [ 1.683590158306714, 41.297383147915895 ], [ 1.683591063339849, 41.297338120890167 ], [ 1.683591968370927, 41.297293093864035 ], [ 1.683592873399955, 41.297248066837582 ], [ 1.683533168039544, 41.297247384291751 ], [ 1.683473462681191, 41.29724670171499 ], [ 1.683413757324887, 41.297246019107263 ], [ 1.683354051970642, 41.297245336468585 ], [ 1.68329434661845, 41.297244653798927 ], [ 1.683234641268311, 41.297243971098304 ], [ 1.683174935920226, 41.297243288366758 ], [ 1.683115230574196, 41.297242605604261 ], [ 1.68305552523022, 41.297241922810777 ], [ 1.682995819888299, 41.297241239986363 ], [ 1.682936114548436, 41.297240557130984 ], [ 1.682876409210625, 41.297239874244632 ], [ 1.682816703874869, 41.297239191327328 ], [ 1.682756998541167, 41.297238508379088 ], [ 1.682697293209522, 41.297237825399876 ], [ 1.682637587879931, 41.297237142389726 ], [ 1.682577882552397, 41.297236459348611 ], [ 1.682518177226918, 41.297235776276501 ], [ 1.682458471903497, 41.297235093173484 ], [ 1.682398766582127, 41.297234410039479 ], [ 1.682339061262814, 41.297233726874531 ], [ 1.68227935594556, 41.297233043678638 ], [ 1.682219650630358, 41.297232360451765 ], [ 1.682159945317216, 41.297231677193942 ], [ 1.682100240006128, 41.29723099390516 ], [ 1.682040534697095, 41.297230310585441 ], [ 1.681980829390119, 41.297229627234756 ], [ 1.6819211240852, 41.297228943853113 ], [ 1.681861418782338, 41.297228260440498 ], [ 1.681801713481532, 41.29722757699696 ], [ 1.681742008182782, 41.297226893522442 ], [ 1.681682302886086, 41.297226210016966 ], [ 1.681622597591453, 41.297225526480538 ], [ 1.681562892298874, 41.29722484291316 ], [ 1.681503187008352, 41.297224159314823 ], [ 1.681443481719887, 41.297223475685506 ], [ 1.68138377643348, 41.297222792025259 ], [ 1.681324071149128, 41.297222108334033 ], [ 1.681264365866838, 41.29722142461187 ], [ 1.6812046605866, 41.297220740858748 ], [ 1.681205567255117, 41.297175713874914 ], [ 1.681206473921574, 41.297130686890704 ], [ 1.681207380585977, 41.297085659906109 ], [ 1.68120828724832, 41.29704063292116 ], [ 1.681209193908605, 41.29699560593582 ], [ 1.681149488835617, 41.296994922157126 ], [ 1.681089783764691, 41.296994238347487 ], [ 1.68103007869582, 41.296993554506869 ], [ 1.680970373629005, 41.296992870635293 ], [ 1.680910668564249, 41.296992186732766 ], [ 1.680911575427668, 41.296947159752463 ], [ 1.68091248228903, 41.296902132771763 ], [ 1.680913389148334, 41.296857105790707 ], [ 1.680914296005578, 41.296812078809289 ], [ 1.680915202860766, 41.296767051827473 ], [ 1.680855498003258, 41.29676636789938 ], [ 1.680795793147806, 41.296765683940329 ], [ 1.680736088294417, 41.296764999950312 ], [ 1.68067638344308, 41.296764315929352 ], [ 1.680616678593808, 41.296763631877418 ], [ 1.680556973746589, 41.296762947794541 ], [ 1.680497268901431, 41.296762263680705 ], [ 1.680437564058334, 41.296761579535925 ], [ 1.680377859217291, 41.296760895360187 ], [ 1.680318154378309, 41.296760211153476 ], [ 1.680258449541389, 41.296759526915807 ], [ 1.680198744706523, 41.296758842647201 ], [ 1.680139039873721, 41.296758158347608 ], [ 1.680079335042973, 41.296757474017092 ], [ 1.680019630214289, 41.296756789655625 ], [ 1.680020537682978, 41.296711762689597 ], [ 1.680021445149613, 41.296666735723207 ], [ 1.680022352614186, 41.29662170875644 ], [ 1.680023260076696, 41.296576681789311 ], [ 1.680024167537154, 41.296531654821813 ], [ 1.680025074995547, 41.296486627853923 ], [ 1.680025982451885, 41.296441600885686 ], [ 1.680026889906161, 41.296396573917058 ], [ 1.68002779735838, 41.296351546948088 ], [ 1.680028704808539, 41.296306519978714 ], [ 1.67996900039228, 41.296305835597046 ], [ 1.679909295978082, 41.29630515118442 ], [ 1.679849591565948, 41.296304466740857 ], [ 1.679789887155869, 41.296303782266328 ], [ 1.679730182747852, 41.296303097760841 ], [ 1.679731090401134, 41.296258070796483 ], [ 1.679731998052356, 41.29621304383177 ], [ 1.679732905701517, 41.296168016866687 ], [ 1.679733813348623, 41.296122989901235 ], [ 1.679734720993665, 41.296077962935392 ], [ 1.679735628636647, 41.296032935969194 ], [ 1.679736536277574, 41.295987909002626 ], [ 1.679737443916439, 41.295942882035675 ], [ 1.679738351553244, 41.295897855068375 ], [ 1.679739259187988, 41.295852828100664 ], [ 1.67967955519239, 41.295852143575011 ], [ 1.679619851198853, 41.295851459018387 ], [ 1.679560147207374, 41.295850774430804 ], [ 1.679500443217956, 41.295850089812276 ], [ 1.679440739230597, 41.29584940516277 ], [ 1.6793810352453, 41.29584872048234 ], [ 1.679321331262064, 41.295848035770931 ], [ 1.679261627280885, 41.295847351028584 ], [ 1.67920192330177, 41.295846666255272 ], [ 1.679142219324715, 41.295845981450995 ], [ 1.679082515349719, 41.295845296615781 ], [ 1.679022811376783, 41.295844611749608 ], [ 1.678963107405912, 41.29584392685247 ], [ 1.678903403437099, 41.295843241924395 ], [ 1.678843699470348, 41.29584255696534 ], [ 1.678844607718566, 41.295797530013466 ], [ 1.678845515964722, 41.295752503061195 ], [ 1.67884642420882, 41.295707476108582 ], [ 1.678847332450856, 41.295662449155543 ], [ 1.67884824069083, 41.295617422202184 ] ] ] } },
{ "type": "Feature", "properties": { "GRID_CODE": 2, "CODI_FINAL": "4395032", "MUNICIPI": "El Montmell", "DATA_INCEN": "20/03/95" }, "geometry": { "type": "Polygon", "coordinates": [ [ [ 1.542522128640981, 41.370309936036051 ], [ 1.54246236010134, 41.370309179239413 ], [ 1.542402591563981, 41.370308422411703 ], [ 1.542342823028901, 41.370307665552971 ], [ 1.542283054496104, 41.370306908663231 ], [ 1.542223285965588, 41.370306151742447 ], [ 1.542163517437352, 41.370305394790641 ], [ 1.5421037489114, 41.370304637807777 ], [ 1.542043980387729, 41.370303880793927 ], [ 1.54198421186634, 41.370303123749011 ], [ 1.541924443347232, 41.370302366673094 ], [ 1.541864674830407, 41.370301609566127 ], [ 1.541804906315864, 41.370300852428137 ], [ 1.541745137803602, 41.370300095259111 ], [ 1.541685369293623, 41.370299338059056 ], [ 1.541625600785926, 41.370298580827964 ], [ 1.541565832280513, 41.370297823565856 ], [ 1.54150606377738, 41.37029706627272 ], [ 1.541446295276532, 41.370296308948525 ], [ 1.541386526777965, 41.37029555159333 ], [ 1.541326758281682, 41.370294794207091 ], [ 1.541325752839152, 41.370339817946771 ], [ 1.541324747394339, 41.370384841686054 ], [ 1.541323741947244, 41.37042986542496 ], [ 1.541322736497866, 41.370474889163511 ], [ 1.541321731046205, 41.370519912901663 ], [ 1.541261962346303, 41.370519155478455 ], [ 1.541202193648682, 41.370518398024196 ], [ 1.541142424953346, 41.370517640538921 ], [ 1.541082656260292, 41.37051688302261 ], [ 1.541022887569522, 41.37051612547527 ], [ 1.541021881909675, 41.370561149207091 ], [ 1.541020876247544, 41.370606172938579 ], [ 1.541019870583131, 41.370651196669641 ], [ 1.541018864916434, 41.370696220400355 ], [ 1.541017859247454, 41.370741244130699 ], [ 1.540958090353063, 41.370740486546367 ], [ 1.540898321460955, 41.370739728931021 ], [ 1.54083855257113, 41.370738971284638 ], [ 1.54077878368359, 41.370738213607204 ], [ 1.540719014798333, 41.370737455898784 ], [ 1.540659245915361, 41.370736698159298 ], [ 1.540599477034672, 41.370735940388769 ], [ 1.540539708156268, 41.370735182587246 ], [ 1.540479939280147, 41.370734424754666 ], [ 1.540420170406311, 41.370733666891077 ], [ 1.540360401534759, 41.37073290899643 ], [ 1.540300632665491, 41.37073215107079 ], [ 1.540240863798508, 41.370731393114106 ], [ 1.540181094933812, 41.370730635126378 ], [ 1.540121326071398, 41.370729877107635 ], [ 1.540061557211269, 41.370729119057827 ], [ 1.540001788353426, 41.370728360977026 ], [ 1.539942019497867, 41.370727602865195 ], [ 1.539882250644593, 41.370726844722313 ], [ 1.539822481793606, 41.370726086548409 ], [ 1.539762712944903, 41.370725328343468 ], [ 1.539702944098486, 41.370724570107512 ], [ 1.539643175254353, 41.370723811840513 ], [ 1.539583406412507, 41.370723053542484 ], [ 1.539523637572946, 41.370722295213426 ], [ 1.539524644271452, 41.370677271512896 ], [ 1.539525650967672, 41.370632247811969 ], [ 1.539526657661608, 41.370587224110665 ], [ 1.539527664353256, 41.370542200409012 ], [ 1.539528671042621, 41.370497176706962 ], [ 1.53946890241125, 41.370496418352822 ], [ 1.539409133782164, 41.370495659967681 ], [ 1.539349365155366, 41.370494901551488 ], [ 1.539289596530852, 41.370494143104274 ], [ 1.539229827908626, 41.37049338462603 ], [ 1.539230834801606, 41.370448360929565 ], [ 1.539231841692301, 41.37040333723273 ], [ 1.539232848580709, 41.370358313535533 ], [ 1.539233855466832, 41.370313289837945 ], [ 1.539234862350669, 41.370268266139988 ], [ 1.53917509393663, 41.370267507636669 ], [ 1.539115325524876, 41.370266749102342 ], [ 1.539055557115409, 41.370265990536943 ], [ 1.538995788708229, 41.37026523194055 ], [ 1.538936020303336, 41.370264473313128 ], [ 1.538876251900728, 41.370263714654655 ], [ 1.538816483500408, 41.370262955965153 ], [ 1.538756715102374, 41.370262197244649 ], [ 1.538696946706628, 41.370261438493074 ], [ 1.538637178313168, 41.370260679710505 ], [ 1.538577409921996, 41.370259920896892 ], [ 1.538517641533111, 41.370259162052236 ], [ 1.538457873146513, 41.370258403176557 ], [ 1.538398104762202, 41.370257644269842 ], [ 1.538338336380179, 41.370256885332132 ], [ 1.538278568000444, 41.370256126363358 ], [ 1.538218799622996, 41.370255367363562 ], [ 1.538159031247837, 41.370254608332743 ], [ 1.538099262874965, 41.370253849270888 ], [ 1.53803949450438, 41.370253090178018 ], [ 1.537979726136084, 41.370252331054076 ], [ 1.537919957770076, 41.370251571899146 ], [ 1.537860189406357, 41.370250812713195 ], [ 1.537800421044926, 41.370250053496164 ], [ 1.537740652685783, 41.37024929424814 ], [ 1.537741660596832, 41.370204270579627 ], [ 1.537742668505593, 41.370159246910752 ], [ 1.537743676412064, 41.370114223241515 ], [ 1.537744684316249, 41.370069199571873 ], [ 1.537745692218145, 41.370024175901854 ], [ 1.537746700117753, 41.36997915223148 ], [ 1.537747708015071, 41.369934128560708 ], [ 1.537748715910103, 41.369889104889587 ], [ 1.537749723802846, 41.369844081218076 ], [ 1.537750731693299, 41.369799057546196 ], [ 1.537751739581467, 41.369754033873946 ], [ 1.537752747467345, 41.369709010201305 ], [ 1.537753755350934, 41.369663986528309 ], [ 1.537754763232236, 41.369618962854915 ], [ 1.537755771111249, 41.369573939181173 ], [ 1.537696003372084, 41.36957317992001 ], [ 1.537636235635206, 41.369572420627811 ], [ 1.537576467900617, 41.369571661304605 ], [ 1.537516700168316, 41.369570901950347 ], [ 1.537456932438303, 41.369570142565081 ], [ 1.537397164710581, 41.369569383148779 ], [ 1.537337396985147, 41.369568623701433 ], [ 1.537277629262001, 41.369567864223086 ], [ 1.537217861541146, 41.369567104713695 ], [ 1.537158093822588, 41.369566345173268 ], [ 1.537098326106304, 41.369565585601812 ], [ 1.537038558392315, 41.369564825999333 ], [ 1.536978790680618, 41.369564066365839 ], [ 1.53691902297121, 41.369563306701288 ], [ 1.536859255264091, 41.369562547005721 ], [ 1.536799487559263, 41.369561787279117 ], [ 1.536739719856723, 41.369561027521506 ], [ 1.536679952156475, 41.369560267732858 ], [ 1.536620184458517, 41.369559507913181 ], [ 1.536560416762849, 41.369558748062474 ], [ 1.536561425463141, 41.369513724412215 ], [ 1.536562434161145, 41.36946870076158 ], [ 1.536563442856858, 41.369423677110589 ], [ 1.536564451550281, 41.369378653459208 ], [ 1.536565460241413, 41.36933362980745 ], [ 1.536505692753926, 41.369332869931689 ], [ 1.536445925268728, 41.369332110024907 ], [ 1.536386157785821, 41.36933135008708 ], [ 1.536326390305206, 41.36933059011821 ], [ 1.536266622826881, 41.369329830118346 ], [ 1.536206855350847, 41.369329070087446 ], [ 1.536147087877102, 41.369328310025473 ], [ 1.53608732040565, 41.369327549932514 ], [ 1.536027552936488, 41.369326789808511 ], [ 1.535967785469617, 41.3693260296535 ], [ 1.535908018005038, 41.369325269467431 ], [ 1.53584825054275, 41.369324509250355 ], [ 1.535788483082754, 41.369323749002234 ], [ 1.535728715625047, 41.369322988723106 ], [ 1.535668948169634, 41.369322228412919 ], [ 1.535667938860833, 41.369367252046743 ], [ 1.53566692954974, 41.369412275680197 ], [ 1.535665920236355, 41.369457299313275 ], [ 1.535664910920678, 41.369502322945976 ], [ 1.535663901602712, 41.369547346578308 ], [ 1.535604133943699, 41.369546586231138 ], [ 1.535544366286979, 41.369545825852931 ], [ 1.53548459863255, 41.369545065443681 ], [ 1.535424830980414, 41.36954430500343 ], [ 1.53536506333057, 41.369543544532142 ], [ 1.535364053804419, 41.369588568158107 ], [ 1.535363044275976, 41.369633591783703 ], [ 1.535362034745243, 41.36967861540893 ], [ 1.535361025212217, 41.369723639033758 ], [ 1.535360015676897, 41.369768662658252 ], [ 1.535300247823454, 41.369767902149945 ], [ 1.535240479972301, 41.369767141610623 ], [ 1.535180712123441, 41.369766381040264 ], [ 1.535120944276873, 41.369765620438891 ], [ 1.535061176432599, 41.369764859806459 ], [ 1.535060166689094, 41.369809883424594 ], [ 1.535059156943298, 41.369854907042317 ], [ 1.535058147195209, 41.369899930659699 ], [ 1.535057137444828, 41.369944954276697 ], [ 1.535056127692154, 41.369989977893304 ], [ 1.535055117937187, 41.370035001509557 ], [ 1.535054108179929, 41.370080025125411 ], [ 1.535053098420378, 41.370125048740924 ], [ 1.535052088658534, 41.370170072356039 ], [ 1.535051078894397, 41.370215095970771 ], [ 1.535050069127969, 41.370260119585147 ], [ 1.535049059359247, 41.37030514319914 ], [ 1.535048049588234, 41.370350166812763 ], [ 1.535047039814927, 41.370395190426002 ], [ 1.535046030039329, 41.370440214038865 ], [ 1.534986261579656, 41.370439453357477 ], [ 1.534926493122275, 41.37043869264506 ], [ 1.534866724667187, 41.37043793190162 ], [ 1.534806956214393, 41.370437171127151 ], [ 1.534747187763892, 41.370436410321631 ], [ 1.5347461777801, 41.370481433928148 ], [ 1.534745167794015, 41.370526457534289 ], [ 1.534744157805638, 41.370571481140061 ], [ 1.534743147814966, 41.370616504745435 ], [ 1.534742137822002, 41.370661528350453 ], [ 1.534741127826746, 41.370706551955102 ], [ 1.534740117829195, 41.37075157555936 ], [ 1.534739107829352, 41.370796599163235 ], [ 1.534738097827215, 41.370841622766761 ], [ 1.534737087822786, 41.370886646369897 ], [ 1.534677318962772, 41.370885885521403 ], [ 1.534617550105053, 41.37088512464188 ], [ 1.534557781249627, 41.370884363731328 ], [ 1.534498012396494, 41.370883602789725 ], [ 1.534438243545654, 41.370882841817121 ], [ 1.534378474697109, 41.370882080813445 ], [ 1.534318705850857, 41.370881319778789 ], [ 1.5342589370069, 41.370880558713083 ], [ 1.534199168165236, 41.370879797616347 ], [ 1.534139399325867, 41.370879036488574 ], [ 1.534140409742105, 41.370834012897404 ], [ 1.53414142015605, 41.370788989305858 ], [ 1.5341424305677, 41.370743965713942 ], [ 1.534143440977056, 41.370698942121621 ], [ 1.534144451384118, 41.370653918528966 ], [ 1.534204220017584, 41.370654679650748 ], [ 1.534263988653346, 41.370655440741494 ], [ 1.534323757291399, 41.370656201801239 ], [ 1.534383525931748, 41.370656962829912 ], [ 1.53444329457439, 41.370657723827584 ], [ 1.534444304773255, 41.370612700228548 ], [ 1.534445314969828, 41.370567676629165 ], [ 1.534446325164108, 41.370522653029354 ], [ 1.534447335356093, 41.370477629429203 ], [ 1.534448345545786, 41.370432605828675 ], [ 1.534449355733185, 41.370387582227778 ], [ 1.534450365918291, 41.370342558626483 ], [ 1.534451376101102, 41.370297535024839 ], [ 1.534452386281622, 41.370252511422791 ], [ 1.534453396459846, 41.370207487820409 ], [ 1.534454406635778, 41.370162464217621 ], [ 1.534455416809417, 41.370117440614464 ], [ 1.534456426980762, 41.37007241701091 ], [ 1.534457437149813, 41.370027393407014 ], [ 1.534458447316571, 41.369982369802734 ], [ 1.534398679291626, 41.369981608823018 ], [ 1.534338911268975, 41.369980847812279 ], [ 1.534279143248619, 41.369980086770475 ], [ 1.534219375230554, 41.369979325697692 ], [ 1.534159607214785, 41.36997856459385 ], [ 1.534160617585146, 41.369933540995163 ], [ 1.534161627953211, 41.36988851739612 ], [ 1.534162638318983, 41.369843493796679 ], [ 1.534163648682461, 41.369798470196876 ], [ 1.534164659043646, 41.369753446596704 ], [ 1.534104891236065, 41.369752685467809 ], [ 1.534045123430778, 41.369751924307906 ], [ 1.533985355627785, 41.36975116311698 ], [ 1.533925587827087, 41.369750401894997 ], [ 1.533865820028683, 41.369749640642013 ], [ 1.533864809461606, 41.369794664236181 ], [ 1.533863798892233, 41.369839687830009 ], [ 1.533862788320567, 41.36988471142346 ], [ 1.533861777746606, 41.36992973501652 ], [ 1.533860767170352, 41.36997475860921 ], [ 1.533800999168349, 41.3699739973192 ], [ 1.533741231168641, 41.369973235998167 ], [ 1.533681463171226, 41.36997247464609 ], [ 1.533621695176107, 41.369971713262984 ], [ 1.533561927183283, 41.369970951848842 ], [ 1.533560916398839, 41.370015975435194 ], [ 1.533559905612098, 41.370060999021128 ], [ 1.533558894823065, 41.370106022606734 ], [ 1.533557884031736, 41.370151046191928 ], [ 1.533556873238112, 41.370196069776753 ], [ 1.533555862442193, 41.370241093361216 ], [ 1.533554851643979, 41.370286116945309 ], [ 1.533553840843471, 41.370331140528982 ], [ 1.533552830040667, 41.370376164112358 ], [ 1.533551819235569, 41.370421187695293 ], [ 1.533550808428177, 41.370466211277865 ], [ 1.533549797618488, 41.370511234860068 ], [ 1.533548786806505, 41.370556258441908 ], [ 1.533547775992228, 41.370601282023358 ], [ 1.533546765175656, 41.370646305604453 ], [ 1.533545754356789, 41.370691329185149 ], [ 1.533544743535626, 41.370736352765469 ], [ 1.533543732712169, 41.37078137634542 ], [ 1.533542721886416, 41.370826399925022 ], [ 1.53354171105837, 41.370871423504205 ], [ 1.533481942244241, 41.370870662035124 ], [ 1.533422173432409, 41.37086990053497 ], [ 1.533362404622871, 41.370869139003808 ], [ 1.53330263581563, 41.370868377441617 ], [ 1.533242867010683, 41.370867615848397 ], [ 1.533241855974436, 41.370912639421256 ], [ 1.533240844935894, 41.370957662993696 ], [ 1.533239833895057, 41.371002686565816 ], [ 1.533238822851924, 41.371047710137532 ], [ 1.533237811806495, 41.371092733708863 ], [ 1.533297580817347, 41.37109349530806 ], [ 1.533357349830495, 41.371094256876255 ], [ 1.533417118845938, 41.371095018413385 ], [ 1.533476887863676, 41.371095779919507 ], [ 1.533536656883709, 41.3710965413946 ], [ 1.533535646041892, 41.371141564971566 ], [ 1.533534635197781, 41.371186588548134 ], [ 1.533533624351374, 41.371231612124326 ], [ 1.533532613502673, 41.371276635700163 ], [ 1.533531602651676, 41.371321659275623 ], [ 1.533591371879912, 41.371322420725662 ], [ 1.533651141110445, 41.371323182144664 ], [ 1.533710910343271, 41.371323943532644 ], [ 1.533770679578393, 41.371324704889602 ], [ 1.533830448815809, 41.371325466215517 ], [ 1.533829438168427, 41.371370489796583 ], [ 1.53382842751875, 41.371415513377272 ], [ 1.533827416866779, 41.371460536957592 ], [ 1.533826406212514, 41.371505560537514 ], [ 1.533825395555952, 41.371550584117095 ], [ 1.533885165001574, 41.371551345417963 ], [ 1.53394493444949, 41.371552106687787 ], [ 1.534004703899701, 41.37155286792661 ], [ 1.534064473352207, 41.371553629134382 ], [ 1.534124242807007, 41.371554390311132 ], [ 1.534184012264101, 41.371555151456839 ], [ 1.534243781723489, 41.37155591257153 ], [ 1.534303551185172, 41.371556673655185 ], [ 1.534363320649149, 41.371557434707803 ], [ 1.534423090115419, 41.371558195729428 ], [ 1.534422079868388, 41.371603219320548 ], [ 1.534421069619064, 41.371648242911355 ], [ 1.534420059367445, 41.371693266501723 ], [ 1.534419049113532, 41.371738290091777 ], [ 1.534418038857328, 41.371783313681419 ], [ 1.534417028598829, 41.371828337270699 ], [ 1.534416018338035, 41.371873360859588 ], [ 1.534415008074949, 41.371918384448122 ], [ 1.534413997809569, 41.371963408036294 ], [ 1.534412987541895, 41.372008431624053 ], [ 1.534353217663796, 41.372007670590506 ], [ 1.534293447787991, 41.372006909525894 ], [ 1.534233677914481, 41.37200614843028 ], [ 1.534173908043264, 41.372005387303609 ], [ 1.534114138174341, 41.372004626145944 ], [ 1.534113127698457, 41.37204964972738 ], [ 1.534112117220279, 41.372094673308418 ], [ 1.534111106739806, 41.372139696889072 ], [ 1.53411009625704, 41.37218472046937 ], [ 1.534109085771978, 41.372229744049271 ], [ 1.534108075284624, 41.372274767628831 ], [ 1.534107064794974, 41.372319791207985 ], [ 1.534106054303031, 41.372364814786785 ], [ 1.534105043808793, 41.372409838365193 ], [ 1.534104033312261, 41.372454861943254 ], [ 1.534103022813436, 41.372499885520909 ], [ 1.534102012312315, 41.372544909098202 ], [ 1.5341010018089, 41.372589932675112 ], [ 1.534099991303191, 41.372634956251659 ], [ 1.534098980795189, 41.372679979827844 ], [ 1.534097970284892, 41.372725003403609 ], [ 1.5340969597723, 41.372770026979033 ], [ 1.534095949257422, 41.372815050554088 ], [ 1.534094938740235, 41.372860074128731 ], [ 1.534093928220761, 41.372905097703018 ], [ 1.534153698913368, 41.372905858884636 ], [ 1.534213469608269, 41.372906620035216 ], [ 1.534273240305464, 41.372907381154775 ], [ 1.534333011004953, 41.372908142243297 ], [ 1.534392781706737, 41.37290890330079 ], [ 1.534391771390895, 41.372953926880662 ], [ 1.534390761072758, 41.372998950460179 ], [ 1.534389750752329, 41.373043974039355 ], [ 1.534388740429605, 41.373088997618098 ], [ 1.534387730104587, 41.373134021196513 ], [ 1.534447501014593, 41.373134782228938 ], [ 1.534507271926891, 41.373135543230347 ], [ 1.534567042841483, 41.37313630420072 ], [ 1.534626813758369, 41.373137065140057 ], [ 1.53468658467755, 41.373137826048357 ], [ 1.534746355599023, 41.373138586925627 ], [ 1.534806126522791, 41.373139347771868 ], [ 1.53486589744885, 41.37314010858708 ], [ 1.534925668377205, 41.373140869371248 ], [ 1.534985439307852, 41.37314163012438 ], [ 1.535045210240791, 41.373142390846496 ], [ 1.535104981176025, 41.373143151537576 ], [ 1.535164752113551, 41.373143912197605 ], [ 1.53522452305337, 41.373144672826612 ], [ 1.535284293995482, 41.373145433424583 ], [ 1.535344064939887, 41.373146193991538 ], [ 1.535403835886583, 41.373146954527435 ], [ 1.535463606835572, 41.37314771503231 ], [ 1.535523377786854, 41.373148475506149 ], [ 1.535583148740429, 41.373149235948972 ], [ 1.535582139236831, 41.373194259550914 ], [ 1.535581129730943, 41.373239283152486 ], [ 1.535580120222763, 41.373284306753661 ], [ 1.535579110712292, 41.37332933035448 ], [ 1.535578101199526, 41.373374353954908 ], [ 1.535637872361323, 41.373375114372656 ], [ 1.535697643525411, 41.373375874759397 ], [ 1.535757414691792, 41.373376635115072 ], [ 1.535817185860463, 41.373377395439725 ], [ 1.535876957031427, 41.37337815573337 ], [ 1.535936728204683, 41.373378915995936 ], [ 1.535996499380231, 41.373379676227501 ], [ 1.536056270558071, 41.373380436428008 ], [ 1.536116041738201, 41.373381196597499 ], [ 1.536175812920623, 41.373381956735962 ], [ 1.536235584105336, 41.373382716843381 ], [ 1.536295355292341, 41.37338347691977 ], [ 1.536355126481637, 41.37338423696513 ], [ 1.536414897673223, 41.373384996979446 ], [ 1.5364746688671, 41.373385756962733 ], [ 1.536475677762071, 41.373340733344371 ], [ 1.536476686654751, 41.373295709725625 ], [ 1.53647769554514, 41.37325068610653 ], [ 1.53647870443324, 41.373205662487038 ], [ 1.536479713319049, 41.373160638867169 ], [ 1.536539484309287, 41.37316139881343 ], [ 1.536599255301814, 41.37316215872869 ], [ 1.536659026296634, 41.373162918612891 ], [ 1.536718797293743, 41.373163678466099 ], [ 1.536778568293144, 41.373164438288242 ], [ 1.536838339294833, 41.373165198079356 ], [ 1.536898110298814, 41.373165957839433 ], [ 1.536957881305084, 41.373166717568509 ], [ 1.537017652313645, 41.373167477266527 ], [ 1.537077423324496, 41.373168236933495 ], [ 1.537078431796155, 41.373123213301312 ], [ 1.537079440265526, 41.373078189668739 ], [ 1.537080448732606, 41.37303316603581 ], [ 1.537081457197397, 41.372988142402505 ], [ 1.537082465659898, 41.372943118768816 ], [ 1.53708347412011, 41.372898095134751 ], [ 1.537084482578031, 41.372853071500309 ], [ 1.537085491033664, 41.372808047865519 ], [ 1.537086499487007, 41.372763024230302 ], [ 1.537087507938059, 41.372718000594752 ], [ 1.537088516386825, 41.37267297695881 ], [ 1.537089524833299, 41.372627953322485 ], [ 1.537090533277483, 41.372582929685798 ], [ 1.537091541719378, 41.372537906048748 ], [ 1.537092550158984, 41.372492882411322 ], [ 1.5370935585963, 41.372447858773498 ], [ 1.537094567031327, 41.372402835135297 ], [ 1.537095575464063, 41.372357811496748 ], [ 1.53709658389451, 41.372312787857815 ], [ 1.537097592322669, 41.372267764218506 ], [ 1.53715736251211, 41.372268523830584 ], [ 1.53721713270384, 41.372269283411605 ], [ 1.53727690289786, 41.372270042961603 ], [ 1.53733667309417, 41.372270802480571 ], [ 1.537396443292769, 41.372271561968503 ], [ 1.537395435070531, 41.372316585613788 ], [ 1.537394426846005, 41.372361609258697 ], [ 1.53739341861919, 41.372406632903257 ], [ 1.537392410390084, 41.372451656547398 ], [ 1.537391402158691, 41.372496680191176 ], [ 1.5374511725655, 41.372497439654069 ], [ 1.5375109429746, 41.372498199085904 ], [ 1.537570713385987, 41.372498958486709 ], [ 1.537630483799663, 41.372499717856513 ], [ 1.53769025421563, 41.372500477195253 ], [ 1.53768924618787, 41.372545500844637 ], [ 1.537688238157822, 41.372590524493624 ], [ 1.537687230125485, 41.37263554814227 ], [ 1.537686222090859, 41.372680571790518 ], [ 1.537685214053945, 41.372725595438396 ], [ 1.537744984678123, 41.372726354752082 ], [ 1.537804755304592, 41.372727114034717 ], [ 1.537864525933347, 41.372727873286358 ], [ 1.537924296564393, 41.37272863250692 ], [ 1.537984067197725, 41.372729391696495 ], [ 1.538043837833346, 41.372730150855006 ], [ 1.538103608471257, 41.372730909982501 ], [ 1.538163379111455, 41.372731669078966 ], [ 1.538223149753941, 41.372732428144396 ], [ 1.538282920398716, 41.37273318717876 ], [ 1.538281912771364, 41.372778210838206 ], [ 1.538280905141724, 41.372823234497282 ], [ 1.538279897509797, 41.372868258155968 ], [ 1.538278889875583, 41.372913281814256 ], [ 1.538277882239079, 41.372958305472196 ], [ 1.538337653092068, 41.372959064481527 ], [ 1.538397423947345, 41.372959823459851 ], [ 1.53845719480491, 41.372960582407075 ], [ 1.538516965664762, 41.372961341323332 ], [ 1.538576736526902, 41.372962100208497 ], [ 1.538575729094039, 41.373007123872036 ], [ 1.538574721658889, 41.373052147535198 ], [ 1.538573714221454, 41.373097171197969 ], [ 1.53857270678173, 41.373142194860378 ], [ 1.538571699339719, 41.373187218522382 ], [ 1.53857069189542, 41.373232242184059 ], [ 1.538569684448835, 41.37327726584531 ], [ 1.538568676999962, 41.373322289506227 ], [ 1.538567669548802, 41.373367313166753 ], [ 1.538566662095354, 41.373412336826902 ], [ 1.538506890821353, 41.373411577929772 ], [ 1.538447119549641, 41.37341081900162 ], [ 1.538387348280216, 41.373410060042438 ], [ 1.538327577013079, 41.373409301052199 ], [ 1.53826780574823, 41.373408542030951 ], [ 1.538208034485669, 41.373407782978646 ], [ 1.538148263225396, 41.373407023895325 ], [ 1.53808849196741, 41.373406264780975 ], [ 1.538028720711714, 41.373405505635596 ], [ 1.537968949458306, 41.37340474645918 ], [ 1.537967941590706, 41.373449770107008 ], [ 1.537966933720817, 41.373494793754482 ], [ 1.53796592584864, 41.373539817401571 ], [ 1.537964917974174, 41.373584841048313 ], [ 1.537963910097422, 41.373629864694628 ], [ 1.538023681556763, 41.37363062387702 ], [ 1.538083453018393, 41.373631383028382 ], [ 1.538143224482319, 41.373632142148715 ], [ 1.538202995948518, 41.373632901238004 ], [ 1.538262767417013, 41.37363366029625 ], [ 1.538261759743906, 41.373678683948185 ], [ 1.538260752068512, 41.373723707599758 ], [ 1.538259744390829, 41.373768731250948 ], [ 1.53825873671086, 41.373813754901754 ], [ 1.538257729028601, 41.373858778552183 ], [ 1.538256721344055, 41.37390380220225 ], [ 1.538255713657221, 41.373948825851933 ], [ 1.5382547059681, 41.373993849501254 ], [ 1.53825369827669, 41.374038873150191 ], [ 1.538252690582993, 41.374083896798751 ], [ 1.53831246246565, 41.374084655837905 ], [ 1.538372234350595, 41.374085414846022 ], [ 1.538432006237829, 41.374086173823095 ], [ 1.53849177812735, 41.374086932769153 ], [ 1.538551550019159, 41.374087691684174 ], [ 1.538550542529112, 41.374132715338341 ], [ 1.53854953503678, 41.374177738992124 ], [ 1.53854852754216, 41.374222762645502 ], [ 1.538547520045252, 41.374267786298546 ], [ 1.538546512546064, 41.374312809951178 ], [ 1.538606284646094, 41.374313568841139 ], [ 1.53866605674842, 41.374314327700041 ], [ 1.538725828853031, 41.374315086527929 ], [ 1.538785600959931, 41.374315845324794 ], [ 1.538845373069118, 41.374316604090616 ], [ 1.538844365773578, 41.374361627748826 ], [ 1.53884335847575, 41.374406651406701 ], [ 1.538842351175636, 41.374451675064179 ], [ 1.538841343873235, 41.374496698721316 ], [ 1.538840336568547, 41.374541722378062 ], [ 1.538839329261573, 41.374586746034403 ], [ 1.53883832195231, 41.374631769690417 ], [ 1.538837314640762, 41.374676793346033 ], [ 1.538836307326926, 41.374721817001273 ], [ 1.538835300010803, 41.374766840656115 ], [ 1.538834292692391, 41.37481186431063 ], [ 1.538833285371694, 41.374856887964732 ], [ 1.538832278048711, 41.374901911618473 ], [ 1.538831270723439, 41.374946935271836 ], [ 1.538830263395881, 41.374991958924824 ], [ 1.538890036125193, 41.374992717677507 ], [ 1.538949808856789, 41.374993476399148 ], [ 1.539009581590676, 41.374994235089744 ], [ 1.539069354326848, 41.374994993749318 ], [ 1.539129127065307, 41.374995752377842 ], [ 1.539188899806053, 41.374996510975343 ], [ 1.539248672549086, 41.374997269541794 ], [ 1.539308445294405, 41.374998028077229 ], [ 1.539368218042011, 41.374998786581607 ], [ 1.539427990791903, 41.374999545054962 ], [ 1.539428997707562, 41.374954521390066 ], [ 1.539430004620944, 41.374909497724758 ], [ 1.539431011532026, 41.374864474059088 ], [ 1.539432018440827, 41.374819450393062 ], [ 1.539433025347343, 41.374774426726631 ], [ 1.539492797893574, 41.374775185162989 ], [ 1.53955257044209, 41.374775943568309 ], [ 1.539612342992892, 41.374776701942615 ], [ 1.539672115545981, 41.37477746028587 ], [ 1.539731888101357, 41.374778218598074 ], [ 1.539732894799638, 41.374733194925334 ], [ 1.539733901495636, 41.374688171252203 ], [ 1.539734908189347, 41.374643147578688 ], [ 1.539735914880773, 41.374598123904825 ], [ 1.539736921569913, 41.374553100230578 ], [ 1.539737928256768, 41.374508076555948 ], [ 1.539738934941336, 41.374463052880955 ], [ 1.53973994162362, 41.374418029205572 ], [ 1.539740948303619, 41.374373005529804 ], [ 1.539741954981331, 41.374327981853689 ], [ 1.539742961656758, 41.374282958177183 ], [ 1.539743968329899, 41.374237934500307 ], [ 1.539744975000755, 41.374192910823062 ], [ 1.539745981669325, 41.374147887145419 ], [ 1.539746988335609, 41.374102863467414 ], [ 1.539806760275439, 41.374103621730718 ], [ 1.539866532217553, 41.374104379963001 ], [ 1.539926304161954, 41.374105138164225 ], [ 1.539986076108641, 41.374105896334427 ], [ 1.540045848057612, 41.374106654473593 ], [ 1.54004685451567, 41.374061630789257 ], [ 1.540047860971444, 41.374016607104529 ], [ 1.540048867424933, 41.373971583419468 ], [ 1.540049873876136, 41.373926559734002 ], [ 1.540050880325056, 41.37388153604816 ], [ 1.540110652070374, 41.373882294150327 ], [ 1.540170423817976, 41.373883052221473 ], [ 1.540230195567863, 41.373883810261582 ], [ 1.540289967320036, 41.373884568270654 ], [ 1.540349739074494, 41.373885326248697 ], [ 1.540350745315189, 41.373840302556516 ], [ 1.540351751553601, 41.373795278863973 ], [ 1.540352757789728, 41.373750255171046 ], [ 1.54035376402357, 41.37370523147775 ], [ 1.540354770255128, 41.373660207784077 ], [ 1.540414541805933, 41.373660965725129 ], [ 1.540474313359022, 41.373661723635145 ], [ 1.540534084914397, 41.373662481514131 ], [ 1.540593856472056, 41.373663239362045 ], [ 1.540653628031999, 41.373663997178987 ], [ 1.540654634055337, 41.373618973478969 ], [ 1.54065564007639, 41.373573949778603 ], [ 1.540656646095159, 41.373528926077832 ], [ 1.540657652111644, 41.373483902376726 ], [ 1.540658658125846, 41.373438878675216 ], [ 1.540718429482139, 41.373439636455139 ], [ 1.540778200840716, 41.373440394204025 ], [ 1.540837972201577, 41.373441151921867 ], [ 1.540897743564722, 41.373441909608701 ], [ 1.540957514930151, 41.373442667264491 ], [ 1.540958520736134, 41.373397643556657 ], [ 1.540959526539835, 41.373352619848433 ], [ 1.540960532341251, 41.37330759613986 ], [ 1.540961538140384, 41.373262572430903 ], [ 1.540962543937233, 41.373217548721563 ], [ 1.540963549731799, 41.37317252501186 ], [ 1.540964555524082, 41.373127501301767 ], [ 1.54096556131408, 41.373082477591311 ], [ 1.540966567101795, 41.373037453880478 ], [ 1.540967572887227, 41.372992430169255 ], [ 1.541027343843076, 41.372993187782122 ], [ 1.54108711480121, 41.37299394536393 ], [ 1.541146885761626, 41.372994702914703 ], [ 1.541206656724328, 41.372995460434439 ], [ 1.541266427689312, 41.372996217923159 ], [ 1.541267433266531, 41.372951194205612 ], [ 1.541268438841468, 41.372906170487688 ], [ 1.54126944441412, 41.372861146769417 ], [ 1.54127044998449, 41.372816123050747 ], [ 1.541271455552577, 41.372771099331715 ], [ 1.541331226313915, 41.372771856783451 ], [ 1.541390997077537, 41.372772614204123 ], [ 1.541450767843443, 41.372773371593787 ], [ 1.541510538611631, 41.372774128952408 ], [ 1.541570309382102, 41.372774886279998 ], [ 1.54157131474198, 41.372729862554642 ], [ 1.541572320099574, 41.372684838828903 ], [ 1.541573325454886, 41.372639815102787 ], [ 1.541574330807916, 41.372594791376287 ], [ 1.541575336158663, 41.372549767649431 ], [ 1.541635106725491, 41.372550524940017 ], [ 1.541694877294608, 41.372551282199602 ], [ 1.541754647865994, 41.372552039428143 ], [ 1.541814418439669, 41.372552796625648 ], [ 1.541874189015626, 41.372553553792144 ], [ 1.541875194158168, 41.37250853005893 ], [ 1.541876199298426, 41.372463506325381 ], [ 1.541877204436401, 41.372418482591421 ], [ 1.541878209572095, 41.372373458857098 ], [ 1.541879214705507, 41.372328435122405 ], [ 1.541880219836636, 41.372283411387357 ], [ 1.541881224965483, 41.372238387651912 ], [ 1.54188223009205, 41.372193363916097 ], [ 1.541883235216333, 41.372148340179891 ], [ 1.541884240338336, 41.372103316443322 ], [ 1.54194401050473, 41.372104073566852 ], [ 1.542003780673406, 41.372104830659367 ], [ 1.542063550844366, 41.372105587720853 ], [ 1.542123321017607, 41.372106344751302 ], [ 1.54218309119313, 41.372107101750714 ], [ 1.54218409610693, 41.372062078007808 ], [ 1.542185101018447, 41.372017054264532 ], [ 1.542186105927685, 41.371972030520894 ], [ 1.542187110834639, 41.371927006776879 ], [ 1.542188115739313, 41.37188198303248 ], [ 1.542189120641705, 41.371836959287712 ], [ 1.542190125541815, 41.371791935542575 ], [ 1.542191130439644, 41.37174691179704 ], [ 1.542192135335192, 41.371701888051156 ], [ 1.542193140228459, 41.371656864304889 ], [ 1.542194145119443, 41.371611840558245 ], [ 1.542195150008147, 41.371566816811224 ], [ 1.542196154894568, 41.371521793063827 ], [ 1.542197159778709, 41.371476769316061 ], [ 1.542198164660568, 41.371431745567911 ], [ 1.542199169540144, 41.371386721819391 ], [ 1.54220017441744, 41.371341698070502 ], [ 1.542201179292456, 41.371296674321229 ], [ 1.542202184165189, 41.371251650571587 ], [ 1.54220318903564, 41.371206626821575 ], [ 1.54220419390381, 41.371161603071194 ], [ 1.542205198769699, 41.371116579320422 ], [ 1.542206203633307, 41.371071555569266 ], [ 1.542207208494633, 41.371026531817748 ], [ 1.542208213353677, 41.370981508065846 ], [ 1.54226798250191, 41.370982265004493 ], [ 1.542327751652423, 41.370983021912089 ], [ 1.542387520805218, 41.370983778788649 ], [ 1.542447289960293, 41.370984535634207 ], [ 1.542507059117651, 41.370985292448694 ], [ 1.542508063768506, 41.370940268690475 ], [ 1.542509068417079, 41.37089524493188 ], [ 1.542510073063373, 41.370850221172915 ], [ 1.542511077707385, 41.370805197413567 ], [ 1.542512082349115, 41.370760173653849 ], [ 1.542513086988566, 41.370715149893769 ], [ 1.542514091625735, 41.370670126133298 ], [ 1.542515096260624, 41.370625102372472 ], [ 1.542516100893232, 41.370580078611255 ], [ 1.542517105523559, 41.37053505484964 ], [ 1.542518110151605, 41.370490031087662 ], [ 1.542519114777369, 41.370445007325337 ], [ 1.542520119400855, 41.370399983562613 ], [ 1.542521124022058, 41.370354959799521 ], [ 1.542522128640981, 41.370309936036051 ] ] ] } },
{ "type": "Feature", "properties": { "GRID_CODE": 2, "CODI_FINAL": "4395044", "MUNICIPI": "Prat de Comte", "DATA_INCEN": "29/03/95" }, "geometry": { "type": "Polygon", "coordinates": [ [ [ 0.403545417017391, 40.98840129640574 ], [ 0.403486036540512, 40.988399958401097 ], [ 0.403426656067628, 40.988398620365892 ], [ 0.403367275598743, 40.98839728230017 ], [ 0.403307895133852, 40.988395944203866 ], [ 0.403248514672958, 40.988394606077001 ], [ 0.403189134216059, 40.988393267919612 ], [ 0.403129753763158, 40.988391929731655 ], [ 0.403070373314252, 40.988390591513166 ], [ 0.403010992869343, 40.98838925326411 ], [ 0.402951612428432, 40.9883879149845 ], [ 0.402892231991515, 40.988386576674358 ], [ 0.402832851558598, 40.988385238333649 ], [ 0.402773471129676, 40.9883838999624 ], [ 0.402714090704753, 40.988382561560584 ], [ 0.402654710283825, 40.988381223128243 ], [ 0.402595329866894, 40.988379884665328 ], [ 0.402535949453959, 40.988378546171859 ], [ 0.402476569045025, 40.988377207647879 ], [ 0.402417188640087, 40.988375869093296 ], [ 0.402357808239146, 40.988374530508203 ], [ 0.402298427842203, 40.988373191892542 ], [ 0.402239047449258, 40.988371853246342 ], [ 0.402179667060309, 40.988370514569567 ], [ 0.402120286675361, 40.988369175862267 ], [ 0.402060906294409, 40.9883678371244 ], [ 0.40205913952424, 40.988412832095619 ], [ 0.402057372750071, 40.988457827066433 ], [ 0.402055605971907, 40.98850282203685 ], [ 0.402053839189743, 40.988547817006825 ], [ 0.402052072403582, 40.988592811976403 ], [ 0.401992691825218, 40.988591473197438 ], [ 0.401933311250853, 40.988590134387913 ], [ 0.401873930680485, 40.988588795547848 ], [ 0.401814550114117, 40.98858745667723 ], [ 0.401755169551745, 40.988586117776073 ], [ 0.401753402560176, 40.988631112734659 ], [ 0.401751635564605, 40.988676107692839 ], [ 0.401749868565038, 40.988721102650622 ], [ 0.401748101561473, 40.988766097607957 ], [ 0.401746334553909, 40.98881109256488 ], [ 0.401686953794123, 40.988809753622625 ], [ 0.401627573038337, 40.988808414649796 ], [ 0.401568192286551, 40.988807075646434 ], [ 0.401508811538762, 40.988805736612505 ], [ 0.401449430794974, 40.988804397548016 ], [ 0.401390050055184, 40.988803058453009 ], [ 0.401330669319394, 40.988801719327434 ], [ 0.401271288587602, 40.988800380171305 ], [ 0.40121190785981, 40.988799040984617 ], [ 0.401152527136017, 40.988797701767389 ], [ 0.401093146416225, 40.988796362519622 ], [ 0.401033765700431, 40.988795023241295 ], [ 0.400974384988638, 40.988793683932407 ], [ 0.400915004280843, 40.98879234459298 ], [ 0.40085562357705, 40.988791005222986 ], [ 0.400796242877256, 40.988789665822452 ], [ 0.400736862181463, 40.988788326391379 ], [ 0.400677481489669, 40.988786986929739 ], [ 0.400618100801877, 40.988785647437538 ], [ 0.400558720118084, 40.988784307914791 ], [ 0.400499339438291, 40.988782968361519 ], [ 0.4004399587625, 40.988781628777694 ], [ 0.400380578090709, 40.988780289163287 ], [ 0.400321197422918, 40.988778949518355 ], [ 0.400261816759128, 40.988777609842863 ], [ 0.400263584773757, 40.988732614938719 ], [ 0.400265352784384, 40.988687620034142 ], [ 0.400267120791013, 40.988642625129152 ], [ 0.400268888793638, 40.988597630223751 ], [ 0.400270656792265, 40.98855263531793 ], [ 0.400211276333888, 40.988551295622443 ], [ 0.400151895879512, 40.98854995589641 ], [ 0.400092515429137, 40.988548616139809 ], [ 0.400033134982763, 40.988547276352676 ], [ 0.399973754540389, 40.988545936534983 ], [ 0.399914374102018, 40.988544596686758 ], [ 0.399854993667648, 40.988543256807972 ], [ 0.399795613237279, 40.98854191689864 ], [ 0.399736232810912, 40.988540576958741 ], [ 0.399676852388547, 40.988539236988302 ], [ 0.399617471970183, 40.98853789698731 ], [ 0.399558091555823, 40.988536556955751 ], [ 0.399498711145461, 40.988535216893709 ], [ 0.399439330739104, 40.988533876801043 ], [ 0.399379950336749, 40.988532536677823 ], [ 0.399320569938396, 40.988531196524136 ], [ 0.399261189544046, 40.988529856339802 ], [ 0.399201809153697, 40.988528516124973 ], [ 0.399142428767349, 40.988527175879575 ], [ 0.399083048385006, 40.988525835603632 ], [ 0.399023668006667, 40.988524495297149 ], [ 0.398964287632331, 40.988523154960077 ], [ 0.398904907261992, 40.988521814592488 ], [ 0.398845526895661, 40.988520474194331 ], [ 0.398786146533332, 40.988519133765635 ], [ 0.398787915535006, 40.988474138912203 ], [ 0.398789684532673, 40.988429144058365 ], [ 0.398791453526338, 40.988384149204116 ], [ 0.398793222516002, 40.988339154349426 ], [ 0.398794991501663, 40.988294159494323 ], [ 0.398735611344744, 40.988292819045647 ], [ 0.39867623119183, 40.988291478566396 ], [ 0.398616851042917, 40.988290138056612 ], [ 0.39855747089801, 40.98828879751629 ], [ 0.398498090757105, 40.988287456945379 ], [ 0.398438710620204, 40.988286116343957 ], [ 0.398379330487305, 40.988284775711982 ], [ 0.398319950358411, 40.988283435049453 ], [ 0.398260570233523, 40.988282094356357 ], [ 0.398201190112637, 40.988280753632715 ], [ 0.398141809995753, 40.988279412878541 ], [ 0.398082429882876, 40.988278072093813 ], [ 0.398023049774003, 40.988276731278511 ], [ 0.397963669669133, 40.988275390432669 ], [ 0.397904289568269, 40.988274049556281 ], [ 0.397906059154144, 40.988229054732479 ], [ 0.397907828736014, 40.988184059908249 ], [ 0.397909598313883, 40.988139065083594 ], [ 0.397911367887743, 40.988094070258541 ], [ 0.397913137457602, 40.988049075433025 ], [ 0.397853757562146, 40.988047734536678 ], [ 0.397794377670694, 40.988046393609764 ], [ 0.397734997783247, 40.988045052652282 ], [ 0.397675617899806, 40.988043711664261 ], [ 0.397616238020368, 40.98804237064568 ], [ 0.397556858144935, 40.988041029596594 ], [ 0.397497478273507, 40.988039688516906 ], [ 0.397438098406085, 40.988038347406686 ], [ 0.397378718542667, 40.98803700626592 ], [ 0.397319338683256, 40.988035665094593 ], [ 0.397317568710591, 40.988080659898955 ], [ 0.397315798733921, 40.988125654702877 ], [ 0.397314028753244, 40.988170649506394 ], [ 0.397312258768562, 40.988215644309491 ], [ 0.397310488779876, 40.98826063911217 ], [ 0.397369868840694, 40.988261980294055 ], [ 0.397429248905514, 40.988263321445388 ], [ 0.397488628974343, 40.988264662566166 ], [ 0.397548009047174, 40.98826600365642 ], [ 0.39760738912401, 40.988267344716114 ], [ 0.397605619332725, 40.988312339528932 ], [ 0.397603849537435, 40.988357334341345 ], [ 0.39760207973814, 40.988402329153352 ], [ 0.397600309934841, 40.988447323964941 ], [ 0.397598540127536, 40.988492318776089 ], [ 0.397657920409784, 40.988493659815802 ], [ 0.397717300696038, 40.988495000824962 ], [ 0.397776680986297, 40.988496341803568 ], [ 0.39783606128056, 40.988497682751621 ], [ 0.397895441578827, 40.988499023669107 ], [ 0.397893671968925, 40.988544018490451 ], [ 0.39789190235502, 40.988589013311369 ], [ 0.397890132737111, 40.988634008131804 ], [ 0.397888363115198, 40.988679002951905 ], [ 0.39788659348928, 40.988723997771537 ], [ 0.397945973992962, 40.988725338669056 ], [ 0.398005354500647, 40.98872667953605 ], [ 0.398064735012337, 40.988728020372434 ], [ 0.398124115528031, 40.988729361178336 ], [ 0.398183496047732, 40.988730701953635 ], [ 0.398181726619219, 40.988775696783435 ], [ 0.398179957186702, 40.98882069161283 ], [ 0.398178187750182, 40.988865686441798 ], [ 0.398176418309659, 40.988910681270333 ], [ 0.398174648865132, 40.98895567609847 ], [ 0.3981728794166, 40.989000670926188 ], [ 0.398171109964064, 40.98904566575348 ], [ 0.398169340507525, 40.989090660580345 ], [ 0.398167571046983, 40.989135655406834 ], [ 0.398165801582436, 40.989180650232868 ], [ 0.398106420659911, 40.98917930943643 ], [ 0.39804703974139, 40.989177968609418 ], [ 0.397987658826875, 40.989176627751853 ], [ 0.397928277916363, 40.989175286863748 ], [ 0.397868897009854, 40.98917394594509 ], [ 0.397867127339888, 40.989218940760161 ], [ 0.397865357665919, 40.989263935574797 ], [ 0.397863587987944, 40.989308930389015 ], [ 0.397861818305964, 40.989353925202849 ], [ 0.397860048619979, 40.989398920016235 ], [ 0.397800667516061, 40.989397579056465 ], [ 0.397741286416147, 40.989396238066135 ], [ 0.397681905320237, 40.989394897045258 ], [ 0.397622524228336, 40.989393555993821 ], [ 0.397563143140437, 40.989392214911817 ], [ 0.39756137324903, 40.989437209714254 ], [ 0.39755960335362, 40.989482204516229 ], [ 0.397557833454204, 40.98952719931782 ], [ 0.397556063550782, 40.989572194118971 ], [ 0.397554293643355, 40.989617188919723 ], [ 0.397552523731925, 40.989662183720043 ], [ 0.397550753816489, 40.989707178519936 ], [ 0.397548983897047, 40.989752173319431 ], [ 0.397547213973601, 40.989797168118514 ], [ 0.39754544404615, 40.989842162917157 ], [ 0.397604825536886, 40.9898435040203 ], [ 0.397664207031629, 40.989844845092861 ], [ 0.397723588530376, 40.989846186134876 ], [ 0.397782970033129, 40.989847527146338 ], [ 0.397842351539886, 40.989848868127268 ], [ 0.39784058180985, 40.989893862936064 ], [ 0.397838812075811, 40.989938857744463 ], [ 0.397837042337768, 40.989983852552442 ], [ 0.397835272595719, 40.990028847359994 ], [ 0.397833502849666, 40.990073842167121 ], [ 0.397892884561852, 40.990075183128077 ], [ 0.39795226627804, 40.990076524058445 ], [ 0.398011647998236, 40.990077864958273 ], [ 0.398071029722433, 40.990079205827548 ], [ 0.398130411450636, 40.990080546666249 ], [ 0.398189793182846, 40.990081887474425 ], [ 0.398249174919059, 40.990083228252054 ], [ 0.398308556659273, 40.990084568999109 ], [ 0.398367938403495, 40.990085909715624 ], [ 0.398427320151719, 40.990087250401601 ], [ 0.398429089494923, 40.990042255573321 ], [ 0.398430858834125, 40.98999726074463 ], [ 0.398432628169324, 40.989952265915512 ], [ 0.398434397500517, 40.98990727108599 ], [ 0.398436166827707, 40.989862276256048 ], [ 0.398495548378511, 40.989863616900884 ], [ 0.39855492993332, 40.989864957515181 ], [ 0.398614311492132, 40.989866298098924 ], [ 0.39867369305495, 40.9898676386521 ], [ 0.398733074621769, 40.98986897917473 ], [ 0.398731305496001, 40.989913974015245 ], [ 0.398729536366231, 40.989958968855341 ], [ 0.398727767232457, 40.990003963694996 ], [ 0.39872599809468, 40.990048958534281 ], [ 0.398724228952899, 40.990093953373112 ], [ 0.398783610725146, 40.990095293875775 ], [ 0.398842992501397, 40.99009663434785 ], [ 0.39890237428165, 40.990097974789414 ], [ 0.398961756065908, 40.990099315200396 ], [ 0.399021137854167, 40.990100655580825 ], [ 0.399019368909811, 40.990145650429817 ], [ 0.399017599961448, 40.990190645278396 ], [ 0.399015831009085, 40.990235640126549 ], [ 0.399014062052716, 40.99028063497429 ], [ 0.399012293092347, 40.990325629821598 ], [ 0.399071675086035, 40.990326970182068 ], [ 0.399131057083728, 40.990328310511963 ], [ 0.399190439085423, 40.990329650811304 ], [ 0.399249821091122, 40.990330991080107 ], [ 0.399309203100823, 40.990332331318342 ], [ 0.399368585114527, 40.990333671526038 ], [ 0.399427967132233, 40.990335011703166 ], [ 0.399487349153942, 40.990336351849763 ], [ 0.399546731179653, 40.990337691965777 ], [ 0.399606113209367, 40.990339032051246 ], [ 0.399604344647848, 40.990384026919287 ], [ 0.399602576082328, 40.990429021786895 ], [ 0.399600807512807, 40.990474016654112 ], [ 0.399599038939285, 40.990519011520874 ], [ 0.39959727036176, 40.990564006387245 ], [ 0.399656652596904, 40.990565346452719 ], [ 0.39971603483605, 40.990566686487661 ], [ 0.399775417079199, 40.990568026492049 ], [ 0.399834799326351, 40.990569366465863 ], [ 0.399894181577502, 40.990570706409159 ], [ 0.399953563832659, 40.990572046321866 ], [ 0.400012946091814, 40.990573386204055 ], [ 0.400072328354972, 40.990574726055662 ], [ 0.40013171062213, 40.990576065876731 ], [ 0.40019109289329, 40.990577405667224 ], [ 0.400192861067955, 40.990532410779743 ], [ 0.400194629238621, 40.990487415891849 ], [ 0.400196397405284, 40.99044242100355 ], [ 0.400198165567945, 40.990397426114811 ], [ 0.400199933726605, 40.990352431225674 ], [ 0.400201701881265, 40.990307436336082 ], [ 0.400203470031924, 40.990262441446106 ], [ 0.400205238178581, 40.990217446555697 ], [ 0.400207006321238, 40.990172451664904 ], [ 0.400208774459893, 40.990127456773656 ], [ 0.400268156332197, 40.990128796512501 ], [ 0.400327538208504, 40.990130136220778 ], [ 0.400386920088812, 40.990131475898522 ], [ 0.40044630197312, 40.990132815545728 ], [ 0.400505683861429, 40.990134155162352 ], [ 0.40056506575374, 40.990135494748422 ], [ 0.40062444765005, 40.990136834303947 ], [ 0.400683829550359, 40.990138173828932 ], [ 0.400743211454673, 40.990139513323371 ], [ 0.400802593362986, 40.990140852787228 ], [ 0.4008619752753, 40.990142192220532 ], [ 0.400921357191612, 40.990143531623332 ], [ 0.400980739111923, 40.990144870995522 ], [ 0.401040121036236, 40.990146210337194 ], [ 0.401099502964549, 40.990147549648313 ], [ 0.401101270494925, 40.990102554724977 ], [ 0.401103038021301, 40.990057559801265 ], [ 0.401104805543679, 40.990012564877091 ], [ 0.401106573062056, 40.989967569952512 ], [ 0.401108340576432, 40.989922575027521 ], [ 0.401167722307318, 40.989923914297542 ], [ 0.401227104042206, 40.989925253536988 ], [ 0.401286485781094, 40.989926592745874 ], [ 0.401345867523978, 40.989927931924221 ], [ 0.401405249270865, 40.989929271072022 ], [ 0.401464631021749, 40.989930610189276 ], [ 0.401524012776634, 40.989931949275942 ], [ 0.401583394535517, 40.989933288332104 ], [ 0.401642776298399, 40.98993462735767 ], [ 0.401702158065281, 40.989935966352704 ], [ 0.401700390953753, 40.989980961298798 ], [ 0.401698623838228, 40.99002595624448 ], [ 0.401696856718704, 40.990070951189757 ], [ 0.401695089595181, 40.990115946134608 ], [ 0.401693322467658, 40.990160941079019 ], [ 0.401691555336138, 40.990205936023017 ], [ 0.401689788200619, 40.990250930966617 ], [ 0.4016880210611, 40.990295925909798 ], [ 0.401686253917583, 40.99034092085256 ], [ 0.401684486770067, 40.990385915794903 ], [ 0.401743868943802, 40.990387254780487 ], [ 0.401803251121537, 40.990388593735524 ], [ 0.40186263330327, 40.990389932660001 ], [ 0.401922015489002, 40.990391271553925 ], [ 0.401981397678732, 40.990392610417317 ], [ 0.40204077987246, 40.990393949250134 ], [ 0.402100162070189, 40.990395288052383 ], [ 0.402159544271913, 40.990396626824129 ], [ 0.402218926477638, 40.990397965565265 ], [ 0.402278308687361, 40.99039930427589 ], [ 0.40233769090108, 40.99040064295594 ], [ 0.402397073118798, 40.990401981605451 ], [ 0.402456455340516, 40.990403320224409 ], [ 0.402515837566229, 40.990404658812793 ], [ 0.402575219795942, 40.990405997370644 ], [ 0.402576986339167, 40.990361002396654 ], [ 0.402578752878397, 40.99031600742223 ], [ 0.402580519413627, 40.990271012447401 ], [ 0.402582285944862, 40.990226017472175 ], [ 0.4025840524721, 40.990181022496472 ], [ 0.402585818995338, 40.9901360275204 ], [ 0.40258758551458, 40.990091032543909 ], [ 0.402589352029824, 40.990046037566984 ], [ 0.402591118541072, 40.990001042589668 ], [ 0.402592885048321, 40.989956047611919 ], [ 0.402652266879174, 40.989957386118135 ], [ 0.402711648714024, 40.989958724593755 ], [ 0.402771030552873, 40.989960063038836 ], [ 0.402830412395718, 40.989961401453392 ], [ 0.40288979424256, 40.989962739837381 ], [ 0.4029491760934, 40.989964078190809 ], [ 0.403008557948237, 40.989965416513698 ], [ 0.403067939807069, 40.989966754806019 ], [ 0.403127321669901, 40.989968093067802 ], [ 0.403186703536729, 40.989969431299023 ], [ 0.403184937432331, 40.990014426297876 ], [ 0.403183171323937, 40.990059421296294 ], [ 0.403181405211546, 40.990104416294308 ], [ 0.403179639095159, 40.990149411291895 ], [ 0.403177872974778, 40.990194406289071 ], [ 0.403176106850399, 40.990239401285834 ], [ 0.403174340722022, 40.990284396282199 ], [ 0.403172574589649, 40.990329391278117 ], [ 0.403170808453282, 40.990374386273622 ], [ 0.403169042312917, 40.990419381268694 ], [ 0.403167276168554, 40.990464376263411 ], [ 0.403165510020195, 40.990509371257652 ], [ 0.403163743867843, 40.990554366251494 ], [ 0.403161977711489, 40.990599361244904 ], [ 0.403160211551141, 40.990644356237944 ], [ 0.403158445386797, 40.990689351230522 ], [ 0.403156679218456, 40.990734346222702 ], [ 0.403154913046118, 40.990779341214477 ], [ 0.403153146869783, 40.990824336205797 ], [ 0.403151380689453, 40.990869331196727 ], [ 0.403149614505124, 40.990914326187244 ], [ 0.403147848316801, 40.990959321177343 ], [ 0.403146082124479, 40.991004316167022 ], [ 0.403144315928162, 40.991049311156303 ], [ 0.403142549727847, 40.991094306145122 ], [ 0.403201932605831, 40.991095644398527 ], [ 0.403261315487812, 40.991096982621386 ], [ 0.403320698373791, 40.991098320813684 ], [ 0.403380081263766, 40.991099658975422 ], [ 0.403439464157736, 40.991100997106614 ], [ 0.403498847055702, 40.991102335207266 ], [ 0.403558229957665, 40.991103673277344 ], [ 0.403617612863626, 40.991105011316883 ], [ 0.403676995773581, 40.99110634932584 ], [ 0.403736378687535, 40.991107687304272 ], [ 0.403795761605483, 40.991109025252143 ], [ 0.403855144527425, 40.991110363169469 ], [ 0.403914527453366, 40.991111701056219 ], [ 0.403973910383301, 40.991113038912431 ], [ 0.404033293317232, 40.991114376738096 ], [ 0.404035058913233, 40.991069381717622 ], [ 0.404036824505239, 40.991024386696708 ], [ 0.404038590093247, 40.990979391675396 ], [ 0.404040355677263, 40.99093439665365 ], [ 0.404042121257281, 40.990889401631506 ], [ 0.404101503993771, 40.990890739416102 ], [ 0.404160886734256, 40.990892077170081 ], [ 0.404220269478736, 40.990893414893542 ], [ 0.40427965222721, 40.990894752586456 ], [ 0.404339034979683, 40.990896090248782 ], [ 0.404337269601097, 40.99094108528147 ], [ 0.404335504218521, 40.990986080313739 ], [ 0.404333738831948, 40.99103107534561 ], [ 0.404331973441381, 40.991076070377041 ], [ 0.404330208046821, 40.991121065408059 ], [ 0.404389591004721, 40.991122403050412 ], [ 0.404448973966621, 40.991123740662168 ], [ 0.404508356932513, 40.9911250782434 ], [ 0.4045677399024, 40.991126415794071 ], [ 0.404627122876282, 40.991127753314196 ], [ 0.404628888069407, 40.991082758272611 ], [ 0.404630653258535, 40.991037763230644 ], [ 0.404632418443669, 40.990992768188256 ], [ 0.40463418362481, 40.990947773145436 ], [ 0.404635948801955, 40.99090277810221 ], [ 0.404695331578394, 40.99090411558123 ], [ 0.404754714358828, 40.990905453029704 ], [ 0.404814097143255, 40.990906790447632 ], [ 0.404873479931679, 40.990908127834977 ], [ 0.404932862724094, 40.990909465191805 ], [ 0.404992245520505, 40.990910802518052 ], [ 0.405051628320911, 40.990912139813759 ], [ 0.405111011125309, 40.990913477078912 ], [ 0.405170393933701, 40.990914814313498 ], [ 0.405229776746086, 40.990916151517546 ], [ 0.405228011971816, 40.990961146581839 ], [ 0.405226247193552, 40.991006141645748 ], [ 0.405224482411292, 40.991051136709224 ], [ 0.405222717625041, 40.991096131772281 ], [ 0.405220952834795, 40.991141126834933 ], [ 0.405280335852612, 40.991142464018957 ], [ 0.405339718874424, 40.991143801172441 ], [ 0.405399101900231, 40.991145138295352 ], [ 0.405458484930028, 40.991146475387744 ], [ 0.405517867963823, 40.991147812449526 ], [ 0.405577251001608, 40.991149149480783 ], [ 0.405636634043385, 40.99115048648148 ], [ 0.405696017089158, 40.991151823451652 ], [ 0.405755400138921, 40.991153160391221 ], [ 0.405814783192679, 40.991154497300279 ], [ 0.405874166250429, 40.99115583417877 ], [ 0.405933549312173, 40.991157171026714 ], [ 0.405992932377907, 40.991158507844105 ], [ 0.406052315447636, 40.991159844630928 ], [ 0.406111698521357, 40.991161181387206 ], [ 0.40617108159907, 40.991162518112908 ], [ 0.406230464680774, 40.991163854808093 ], [ 0.406289847766473, 40.991165191472689 ], [ 0.406349230856162, 40.99116652810676 ], [ 0.406408613949843, 40.99116786471027 ], [ 0.406410377934329, 40.991122869605476 ], [ 0.406412141914824, 40.99107787450027 ], [ 0.406413905891325, 40.991032879394652 ], [ 0.406415669863837, 40.9909878842886 ], [ 0.406417433832356, 40.990942889182165 ], [ 0.40647681672859, 40.990944225744563 ], [ 0.406536199628815, 40.990945562276437 ], [ 0.406595582533033, 40.990946898777736 ], [ 0.40665496544124, 40.990948235248503 ], [ 0.406714348353442, 40.990949571688709 ], [ 0.406773731269632, 40.990950908098363 ], [ 0.406833114189816, 40.990952244477441 ], [ 0.40689249711399, 40.990953580825995 ], [ 0.406951880042156, 40.990954917143966 ], [ 0.407011262974311, 40.990956253431406 ], [ 0.407013026535963, 40.99091125830347 ], [ 0.407014790093623, 40.990866263175114 ], [ 0.407016553647293, 40.990821268046368 ], [ 0.40701831719697, 40.990776272917167 ], [ 0.40702008074266, 40.99073127778756 ], [ 0.407021844284356, 40.990686282657549 ], [ 0.407023607822064, 40.990641287527112 ], [ 0.407025371355778, 40.990596292396269 ], [ 0.407027134885506, 40.990551297265014 ], [ 0.407028898411241, 40.990506302133319 ], [ 0.407030661932984, 40.990461307001219 ], [ 0.407032425450739, 40.990416311868692 ], [ 0.407034188964501, 40.990371316735747 ], [ 0.407035952474274, 40.990326321602396 ], [ 0.407037715980057, 40.990281326468647 ], [ 0.407097098311897, 40.990282662693936 ], [ 0.407156480647728, 40.990283998888671 ], [ 0.407215862987551, 40.990285335052832 ], [ 0.407275245331363, 40.99028667118646 ], [ 0.407334627679166, 40.990288007289557 ], [ 0.407336390979527, 40.990243012144823 ], [ 0.407338154275895, 40.990198016999706 ], [ 0.407339917568275, 40.990153021854169 ], [ 0.407341680856665, 40.990108026708192 ], [ 0.407343444141065, 40.99006303156181 ], [ 0.407345207421472, 40.990018036415016 ], [ 0.407346970697893, 40.989973041267817 ], [ 0.407348733970321, 40.98992804612017 ], [ 0.40735049723876, 40.989883050972125 ], [ 0.407352260503208, 40.989838055823697 ], [ 0.407411642452144, 40.989839391875122 ], [ 0.407471024405066, 40.989840727896045 ], [ 0.40753040636198, 40.9898420638864 ], [ 0.407589788322884, 40.989843399846201 ], [ 0.407649170287776, 40.989844735775456 ], [ 0.407650933346808, 40.989799740616043 ], [ 0.40765269640185, 40.989754745456217 ], [ 0.407654459452903, 40.989709750295972 ], [ 0.407656222499965, 40.989664755135323 ], [ 0.407657985543039, 40.989619759974261 ], [ 0.407659748582122, 40.989574764812765 ], [ 0.407661511617219, 40.989529769650851 ], [ 0.407663274648322, 40.989484774488524 ], [ 0.407665037675438, 40.989439779325792 ], [ 0.407666800698565, 40.989394784162634 ], [ 0.407668563717699, 40.989349788999071 ], [ 0.407670326732847, 40.989304793835089 ], [ 0.407672089744005, 40.98925979867068 ], [ 0.407673852751175, 40.989214803505845 ], [ 0.407675615754355, 40.98916980834062 ], [ 0.407616234393734, 40.989168472442962 ], [ 0.407556853037101, 40.989167136514745 ], [ 0.407497471684463, 40.989165800555966 ], [ 0.407438090335813, 40.989164464566642 ], [ 0.407378708991151, 40.989163128546778 ], [ 0.407380472191762, 40.989118133391649 ], [ 0.407382235388383, 40.989073138236101 ], [ 0.407383998581013, 40.989028143080141 ], [ 0.407385761769655, 40.988983147923761 ], [ 0.407387524954305, 40.988938152766984 ], [ 0.407328143815055, 40.988936816727083 ], [ 0.407268762679793, 40.988935480656643 ], [ 0.407209381548523, 40.988934144555635 ], [ 0.407150000421245, 40.988932808424082 ], [ 0.407090619297955, 40.988931472261974 ], [ 0.407092382680034, 40.988886477115315 ], [ 0.407094146058123, 40.988841481968215 ], [ 0.407095909432223, 40.988796486820704 ], [ 0.407097672802332, 40.988751491672772 ], [ 0.40709943616845, 40.988706496524429 ], [ 0.40704005525057, 40.988705160342327 ], [ 0.406980674336676, 40.988703824129622 ], [ 0.406921293426777, 40.988702487886414 ], [ 0.406861912520866, 40.988701151612631 ], [ 0.406802531618946, 40.988699815308287 ], [ 0.406743150721018, 40.988698478973426 ], [ 0.406683769827081, 40.988697142607982 ], [ 0.406624388937134, 40.988695806212029 ], [ 0.406565008051179, 40.988694469785472 ], [ 0.406505627169215, 40.98869313332839 ], [ 0.406446246291241, 40.988691796840769 ], [ 0.40638686541726, 40.988690460322573 ], [ 0.40632748454727, 40.988689123773824 ], [ 0.406268103681271, 40.988687787194529 ], [ 0.406208722819266, 40.988686450584716 ], [ 0.4062069588489, 40.98873144570144 ], [ 0.406205194874541, 40.988776440817773 ], [ 0.406203430896191, 40.988821435933687 ], [ 0.406201666913851, 40.988866431049189 ], [ 0.406199902927518, 40.988911426164258 ], [ 0.406140521868087, 40.988910089513332 ], [ 0.406081140812646, 40.988908752831861 ], [ 0.406021759761199, 40.988907416119829 ], [ 0.405962378713743, 40.988906079377252 ], [ 0.405902997670281, 40.988904742604134 ], [ 0.405843616630811, 40.988903405800414 ], [ 0.405784235595333, 40.988902068966198 ], [ 0.405724854563847, 40.988900732101413 ], [ 0.405665473536354, 40.988899395206083 ], [ 0.405606092512853, 40.988898058280171 ], [ 0.405546711493345, 40.988896721323741 ], [ 0.40548733047783, 40.988895384336757 ], [ 0.405427949466309, 40.988894047319199 ], [ 0.405368568458778, 40.988892710271109 ], [ 0.405309187455243, 40.988891373192459 ], [ 0.4052498064557, 40.988890036083262 ], [ 0.405190425460151, 40.988888698943498 ], [ 0.405131044468595, 40.988887361773223 ], [ 0.405071663481031, 40.988886024572359 ], [ 0.405012282497462, 40.98888468734097 ], [ 0.404952901517886, 40.988883350079007 ], [ 0.404893520542306, 40.98888201278649 ], [ 0.404834139570719, 40.988880675463434 ], [ 0.404774758603124, 40.988879338109832 ], [ 0.404715377639522, 40.988878000725677 ], [ 0.404655996679918, 40.988876663310968 ], [ 0.404596615724305, 40.98887532586572 ], [ 0.404537234772688, 40.988873988389905 ], [ 0.404477853825067, 40.988872650883529 ], [ 0.404418472881438, 40.988871313346607 ], [ 0.404359091941804, 40.988869975779146 ], [ 0.404299711006163, 40.988868638181117 ], [ 0.40424033007452, 40.988867300552549 ], [ 0.404180949146869, 40.988865962893435 ], [ 0.404121568223215, 40.988864625203774 ], [ 0.404062187303555, 40.988863287483532 ], [ 0.404002806387891, 40.988861949732758 ], [ 0.403943425476221, 40.988860611951431 ], [ 0.403884044568548, 40.98885927413955 ], [ 0.403824663664869, 40.988857936297109 ], [ 0.403765282765185, 40.988856598424164 ], [ 0.403705901869497, 40.988855260520609 ], [ 0.403646520977806, 40.988853922586543 ], [ 0.403587140090108, 40.988852584621895 ], [ 0.403527759206409, 40.988851246626702 ], [ 0.403529525005488, 40.988806251606491 ], [ 0.40353129080057, 40.988761256585853 ], [ 0.403533056591658, 40.988716261564804 ], [ 0.403534822378749, 40.988671266543342 ], [ 0.403536588161844, 40.988626271521433 ], [ 0.403538353940944, 40.98858127649914 ], [ 0.40354011971605, 40.988536281476435 ], [ 0.40354188548716, 40.988491286453261 ], [ 0.403543651254274, 40.988446291429703 ], [ 0.403545417017391, 40.98840129640574 ] ] ] } },
{ "type": "Feature", "properties": { "GRID_CODE": 2, "CODI_FINAL": "2595032", "MUNICIPI": "La Portella", "DATA_INCEN": "06/05/95" }, "geometry": { "type": "Polygon", "coordinates": [ [ [ 0.664290056084655, 41.73190178284522 ], [ 0.664350128060761, 41.731903004218665 ], [ 0.664410200040576, 41.731904225560747 ], [ 0.664411830497256, 41.731859227524637 ], [ 0.664413460950223, 41.731814229488116 ], [ 0.664415091399482, 41.731769231451189 ], [ 0.664416721845029, 41.731724233413857 ], [ 0.664418352286865, 41.731679235376113 ], [ 0.664419982724993, 41.731634237337971 ], [ 0.664421613159408, 41.731589239299417 ], [ 0.664423243590112, 41.731544241260451 ], [ 0.664424874017108, 41.73149924322108 ], [ 0.664426504440392, 41.731454245181311 ], [ 0.664428134859965, 41.73140924714113 ], [ 0.66442976527583, 41.731364249100537 ], [ 0.664431395687983, 41.731319251059531 ], [ 0.664433026096425, 41.731274253018114 ], [ 0.664434656501157, 41.731229254976327 ], [ 0.664494727856863, 41.73123047625824 ], [ 0.664554799216282, 41.731231697508804 ], [ 0.664614870579408, 41.731232918727976 ], [ 0.664674941946247, 41.731234139915792 ], [ 0.664735013316796, 41.731235361072223 ], [ 0.664736643508548, 41.731190363020403 ], [ 0.66473827369659, 41.731145364968192 ], [ 0.664739903880921, 41.731100366915584 ], [ 0.664741534061543, 41.731055368862549 ], [ 0.664743164238456, 41.73101037080913 ], [ 0.664803235403445, 41.731011591924577 ], [ 0.664863306572144, 41.731012813008697 ], [ 0.664923377744554, 41.731014034061396 ], [ 0.664983448920674, 41.731015255082745 ], [ 0.665043520100502, 41.73101647607271 ], [ 0.665045150064437, 41.730971478009273 ], [ 0.665046780024663, 41.73092647994546 ], [ 0.665048409981178, 41.730881481881198 ], [ 0.665050039933985, 41.730836483816553 ], [ 0.665051669883082, 41.73079148575151 ], [ 0.665053299828469, 41.730746487686034 ], [ 0.665054929770148, 41.730701489620159 ], [ 0.665056559708118, 41.730656491553887 ], [ 0.665058189642377, 41.730611493487189 ], [ 0.665059819572928, 41.730566495420099 ], [ 0.66506144949977, 41.730521497352598 ], [ 0.665063079422901, 41.730476499284684 ], [ 0.665064709342324, 41.730431501216366 ], [ 0.665066339258038, 41.730386503147642 ], [ 0.665067969170042, 41.730341505078513 ], [ 0.665069599078336, 41.730296507008987 ], [ 0.665071228982921, 41.730251508939048 ], [ 0.665072858883799, 41.730206510868676 ], [ 0.665074488780966, 41.730161512797913 ], [ 0.665076118674423, 41.730116514726753 ], [ 0.665136189020909, 41.730117735647021 ], [ 0.665196259371103, 41.730118956535897 ], [ 0.665256329725007, 41.730120177393403 ], [ 0.665316400082619, 41.730121398219531 ], [ 0.665376470443941, 41.730122619014288 ], [ 0.66537810012443, 41.73007762093313 ], [ 0.665379729801212, 41.730032622851574 ], [ 0.665381359474285, 41.729987624769592 ], [ 0.665382989143649, 41.729942626687226 ], [ 0.665384618809304, 41.729897628604455 ], [ 0.665386248471252, 41.729852630521229 ], [ 0.665387878129491, 41.729807632437634 ], [ 0.665389507784018, 41.729762634353627 ], [ 0.665391137434841, 41.7297176362692 ], [ 0.665392767081952, 41.729672638184411 ], [ 0.665332697139145, 41.729671417408795 ], [ 0.665272627200044, 41.729670196601838 ], [ 0.665212557264653, 41.729668975763481 ], [ 0.665152487332971, 41.729667754893789 ], [ 0.665092417404999, 41.729666533992706 ], [ 0.665032347480735, 41.729665313060259 ], [ 0.664972277560182, 41.729664092096435 ], [ 0.664912207643338, 41.729662871101226 ], [ 0.664852137730203, 41.729661650074661 ], [ 0.664792067820779, 41.729660429016704 ], [ 0.664793697882691, 41.729615430950652 ], [ 0.664795327940891, 41.729570432884167 ], [ 0.664796957995381, 41.729525434817326 ], [ 0.664798588046166, 41.729480436750023 ], [ 0.664800218093238, 41.729435438682344 ], [ 0.664740148396774, 41.729434217602616 ], [ 0.664680078704023, 41.729432996491504 ], [ 0.664620009014979, 41.729431775349042 ], [ 0.664559939329646, 41.729430554175188 ], [ 0.664499869648025, 41.729429332969985 ], [ 0.664439799970112, 41.729428111733377 ], [ 0.664379730295911, 41.729426890465405 ], [ 0.66431966062542, 41.729425669166083 ], [ 0.664259590958639, 41.729424447835356 ], [ 0.664199521295567, 41.729423226473273 ], [ 0.664197890829993, 41.729468224521781 ], [ 0.664196260360707, 41.729513222569906 ], [ 0.664194629887712, 41.729558220617584 ], [ 0.664192999411005, 41.729603218664877 ], [ 0.664191368930588, 41.729648216711738 ], [ 0.664131299061976, 41.72964699530872 ], [ 0.664071229197076, 41.729645773874296 ], [ 0.664011159335886, 41.729644552408509 ], [ 0.663951089478409, 41.729643330911323 ], [ 0.66389101962464, 41.729642109382795 ], [ 0.663892650314309, 41.729597111345512 ], [ 0.663894281000268, 41.729552113307825 ], [ 0.663895911682517, 41.729507115269712 ], [ 0.663897542361054, 41.729462117231193 ], [ 0.663899173035879, 41.72941711919227 ], [ 0.663839103395074, 41.72941589764195 ], [ 0.663779033757982, 41.72941467606028 ], [ 0.6637189641246, 41.729413454447219 ], [ 0.663658894494929, 41.72941223280278 ], [ 0.663598824868971, 41.729411011126963 ], [ 0.663597193984894, 41.729456009156294 ], [ 0.663595563097105, 41.729501007185199 ], [ 0.663593932205608, 41.729546005213713 ], [ 0.663592301310395, 41.729591003241836 ], [ 0.663590670411474, 41.729636001269526 ], [ 0.663530600579975, 41.729634779552761 ], [ 0.663470530752187, 41.729633557804632 ], [ 0.663410460928114, 41.729632336025098 ], [ 0.663350391107751, 41.729631114214207 ], [ 0.6632903212911, 41.729629892371939 ], [ 0.663288690179214, 41.72967489038966 ], [ 0.663287059063614, 41.729719888406933 ], [ 0.663285427944304, 41.729764886423823 ], [ 0.663283796821282, 41.729809884440286 ], [ 0.663282165694547, 41.72985488245638 ], [ 0.663222095672357, 41.729853660573134 ], [ 0.663162025653875, 41.729852438658547 ], [ 0.663101955639108, 41.729851216712582 ], [ 0.663041885628053, 41.72984999473524 ], [ 0.662981815620711, 41.729848772726498 ], [ 0.6629834469567, 41.729803774720018 ], [ 0.662985078288976, 41.72975877671314 ], [ 0.662986709617541, 41.729713778705857 ], [ 0.662988340942391, 41.729668780698148 ], [ 0.662989972263532, 41.729623782690034 ], [ 0.662929902469155, 41.729622560659571 ], [ 0.662869832678492, 41.729621338597674 ], [ 0.662809762891542, 41.729620116504456 ], [ 0.662749693108305, 41.729618894379826 ], [ 0.66268962332878, 41.729617672223824 ], [ 0.662629553552969, 41.729616450036481 ], [ 0.662569483780871, 41.729615227817739 ], [ 0.662509414012485, 41.729614005567662 ], [ 0.662449344247813, 41.729612783286171 ], [ 0.662389274486857, 41.729611560973311 ], [ 0.662390906222787, 41.729566562984012 ], [ 0.662392537955004, 41.729521564994258 ], [ 0.662394169683508, 41.729476567004141 ], [ 0.662395801408299, 41.729431569013585 ], [ 0.662397433129373, 41.729386571022658 ], [ 0.662337363581381, 41.72938534868802 ], [ 0.6622772940371, 41.729384126322032 ], [ 0.662217224496535, 41.729382903924652 ], [ 0.662157154959684, 41.72938168149588 ], [ 0.662097085426545, 41.729380459035795 ], [ 0.662037015897119, 41.729379236544311 ], [ 0.66197694637141, 41.729378014021435 ], [ 0.661916876849414, 41.729376791467203 ], [ 0.661856807331132, 41.729375568881601 ], [ 0.661796737816565, 41.729374346264628 ], [ 0.661795105676989, 41.729419344236383 ], [ 0.661793473533699, 41.729464342207741 ], [ 0.661791841386696, 41.729509340178673 ], [ 0.661790209235977, 41.7295543381492 ], [ 0.661788577081545, 41.729599336119321 ], [ 0.661848646805362, 41.729600558745894 ], [ 0.661908716532896, 41.729601781341096 ], [ 0.66196878626414, 41.729603003904927 ], [ 0.662028855999101, 41.729604226437395 ], [ 0.662088925737774, 41.729605448938472 ], [ 0.66208729378888, 41.72965044691778 ], [ 0.66208566183627, 41.729695444896691 ], [ 0.662084029879947, 41.729740442875219 ], [ 0.662082397919911, 41.729785440853284 ], [ 0.662080765956159, 41.729830438830987 ], [ 0.662020696008233, 41.729829216320276 ], [ 0.66196062606402, 41.729827993778244 ], [ 0.661900556123521, 41.72982677120482 ], [ 0.661840486186736, 41.729825548600019 ], [ 0.661780416253668, 41.729824325963847 ], [ 0.661720346324313, 41.72982310329629 ], [ 0.661660276398672, 41.729821880597378 ], [ 0.661600206476747, 41.72982065786708 ], [ 0.661540136558537, 41.729819435105405 ], [ 0.661480066644042, 41.729818212312395 ], [ 0.66147843425807, 41.729863210270466 ], [ 0.661476801868381, 41.729908208228125 ], [ 0.66147516947498, 41.729953206185399 ], [ 0.661473537077863, 41.729998204142255 ], [ 0.661471904677029, 41.730043202098713 ], [ 0.66153197480078, 41.73004442490133 ], [ 0.661592044928246, 41.730045647672618 ], [ 0.661652115059425, 41.730046870412508 ], [ 0.661712185194321, 41.730048093121013 ], [ 0.66177225533293, 41.730049315798162 ], [ 0.661770623137639, 41.730094313763807 ], [ 0.661768990938634, 41.73013931172904 ], [ 0.661767358735914, 41.730184309693875 ], [ 0.661765726529481, 41.730229307658313 ], [ 0.661764094319331, 41.730274305622331 ], [ 0.661704023971464, 41.730273082935561 ], [ 0.661643953627314, 41.730271860217449 ], [ 0.661583883286876, 41.730270637467946 ], [ 0.661523812950153, 41.730269414687108 ], [ 0.661463742617147, 41.730268191874849 ], [ 0.661462110194025, 41.730313189828856 ], [ 0.661460477767188, 41.73035818778245 ], [ 0.661458845336637, 41.730403185735653 ], [ 0.661457212902371, 41.730448183688438 ], [ 0.661455580464389, 41.73049318164081 ], [ 0.661453948022694, 41.730538179592784 ], [ 0.661452315577283, 41.730583177544339 ], [ 0.661450683128155, 41.730628175495511 ], [ 0.661449050675314, 41.730673173446256 ], [ 0.661447418218759, 41.730718171396589 ], [ 0.661387347470945, 41.730716948533782 ], [ 0.661327276726849, 41.730715725639584 ], [ 0.661267205986467, 41.730714502714015 ], [ 0.661207135249801, 41.73071327975709 ], [ 0.66114706451685, 41.73071205676878 ], [ 0.661145431847316, 41.730757054709109 ], [ 0.661143799174064, 41.730802052649054 ], [ 0.661142166497099, 41.730847050588544 ], [ 0.661140533816418, 41.730892048527664 ], [ 0.661138901132022, 41.730937046466366 ], [ 0.66113726844391, 41.730982044404655 ], [ 0.661135635752082, 41.731027042342554 ], [ 0.661134003056538, 41.731072040280033 ], [ 0.661132370357279, 41.7311170382171 ], [ 0.661130737654304, 41.731162036153783 ], [ 0.661129104947613, 41.731207034090026 ], [ 0.661127472237208, 41.731252032025878 ], [ 0.661125839523086, 41.731297029961318 ], [ 0.661124206805249, 41.731342027896368 ], [ 0.661122574083696, 41.731387025830998 ], [ 0.661062502726664, 41.731385802782484 ], [ 0.661002431373346, 41.731384579702635 ], [ 0.660942360023744, 41.731383356591401 ], [ 0.66088228867786, 41.731382133448776 ], [ 0.660822217335691, 41.731380910274773 ], [ 0.660820584401153, 41.731425908199391 ], [ 0.660818951462898, 41.731470906123633 ], [ 0.660817318520928, 41.731515904047406 ], [ 0.660815685575241, 41.731560901970838 ], [ 0.660814052625838, 41.731605899893815 ], [ 0.660812419672718, 41.731650897816401 ], [ 0.660810786715882, 41.731695895738561 ], [ 0.660809153755332, 41.731740893660323 ], [ 0.660807520791064, 41.731785891581701 ], [ 0.660805887823079, 41.731830889502668 ], [ 0.660745816066083, 41.731829666278067 ], [ 0.660685744312804, 41.731828443022131 ], [ 0.660625672563242, 41.731827219734804 ], [ 0.660565600817396, 41.731825996416106 ], [ 0.660505529075268, 41.731824773066045 ], [ 0.660503895894293, 41.731869770977006 ], [ 0.660502262709599, 41.73191476888752 ], [ 0.660500629521193, 41.731959766797651 ], [ 0.660498996329066, 41.732004764707376 ], [ 0.660497363133227, 41.732049762616676 ], [ 0.660495729933668, 41.732094760525591 ], [ 0.660494096730392, 41.732139758434073 ], [ 0.6604924635234, 41.732184756342157 ], [ 0.660490830312692, 41.732229754249836 ], [ 0.660489197098266, 41.732274752157124 ], [ 0.660429124941301, 41.732273528756451 ], [ 0.660369052788053, 41.73227230532445 ], [ 0.660308980638522, 41.732271081861036 ], [ 0.660248908492711, 41.732269858366259 ], [ 0.660188836350614, 41.732268634840096 ], [ 0.660187202923193, 41.732313632737366 ], [ 0.660185569492055, 41.732358630634209 ], [ 0.660183936057199, 41.732403628530641 ], [ 0.660182302618625, 41.732448626426695 ], [ 0.660180669176335, 41.732493624322316 ], [ 0.660120596828677, 41.732492400755199 ], [ 0.660060524484737, 41.732491177156682 ], [ 0.660000452144516, 41.732489953526802 ], [ 0.659940379808011, 41.732488729865516 ], [ 0.659880307475226, 41.732487506172895 ], [ 0.659878673819936, 41.732532504058518 ], [ 0.65987704016093, 41.732577501943709 ], [ 0.659875406498204, 41.732622499828501 ], [ 0.659873772831762, 41.732667497712903 ], [ 0.659872139161602, 41.732712495596893 ], [ 0.659870505487724, 41.73275749348047 ], [ 0.659868871810127, 41.732802491363636 ], [ 0.659867238128814, 41.732847489246417 ], [ 0.659865604443781, 41.732892487128765 ], [ 0.659863970755032, 41.73293748501073 ], [ 0.659862337062564, 41.732982482892268 ], [ 0.659860703366378, 41.733027480773409 ], [ 0.659859069666474, 41.73307247865413 ], [ 0.659857435962853, 41.733117476534453 ], [ 0.659855802255514, 41.733162474414385 ], [ 0.659795729298592, 41.73316125066151 ], [ 0.65973565634539, 41.733160026877307 ], [ 0.659675583395906, 41.733158803061713 ], [ 0.659615510450141, 41.73315757921474 ], [ 0.659555437508094, 41.733156355336405 ], [ 0.65955380358775, 41.733201353206304 ], [ 0.659552169663685, 41.733246351075792 ], [ 0.659550535735902, 41.733291348944888 ], [ 0.659548901804402, 41.73333634681353 ], [ 0.659547267869183, 41.733381344681824 ], [ 0.659545633930245, 41.73342634254967 ], [ 0.659543999987589, 41.733471340417111 ], [ 0.659542366041215, 41.733516338284183 ], [ 0.659540732091121, 41.733561336150828 ], [ 0.659539098137308, 41.733606334017061 ], [ 0.659537464179779, 41.733651331882868 ], [ 0.65953583021853, 41.733696329748284 ], [ 0.659534196253562, 41.733741327613295 ], [ 0.659532562284876, 41.733786325477887 ], [ 0.659530928312472, 41.733831323342066 ], [ 0.659470854746271, 41.733830099403534 ], [ 0.659410781183789, 41.733828875433609 ], [ 0.659350707625025, 41.733827651432307 ], [ 0.65929063406998, 41.733826427399634 ], [ 0.659230560518656, 41.733825203335577 ], [ 0.659228926333238, 41.733870201189767 ], [ 0.659227292144101, 41.733915199043508 ], [ 0.659225657951244, 41.733960196896874 ], [ 0.65922402375467, 41.734005194749827 ], [ 0.659222389554375, 41.734050192602382 ], [ 0.659162315797473, 41.734048968497326 ], [ 0.659102242044292, 41.734047744360915 ], [ 0.65904216829483, 41.734046520193118 ], [ 0.658982094549087, 41.734045295993937 ], [ 0.658922020807064, 41.734044071763385 ], [ 0.658920386393754, 41.734089069605922 ], [ 0.658918751976725, 41.734134067448046 ], [ 0.658917117555975, 41.734179065289766 ], [ 0.658915483131506, 41.734224063131073 ], [ 0.658913848703318, 41.734269060971954 ], [ 0.658912214271409, 41.734314058812444 ], [ 0.658910579835781, 41.734359056652529 ], [ 0.658908945396434, 41.734404054492202 ], [ 0.658907310953366, 41.734449052331478 ], [ 0.658905676506579, 41.734494050170333 ], [ 0.658845602349678, 41.734492825889163 ], [ 0.658785528196497, 41.734491601576657 ], [ 0.658725454047036, 41.734490377232738 ], [ 0.658665379901296, 41.734489152857442 ], [ 0.658605305759276, 41.73448792845079 ], [ 0.658603671099468, 41.73453292627962 ], [ 0.65860203643594, 41.734577924108059 ], [ 0.658600401768692, 41.734622921936072 ], [ 0.658598767097722, 41.734667919763702 ], [ 0.658597132423034, 41.734712917590919 ], [ 0.658595497744625, 41.73475791541771 ], [ 0.658593863062495, 41.73480291324411 ], [ 0.658592228376646, 41.734847911070105 ], [ 0.658590593687076, 41.734892908895681 ], [ 0.658588958993785, 41.734937906720837 ], [ 0.65852888443688, 41.734936682263587 ], [ 0.658468809883693, 41.734935457774945 ], [ 0.658408735334229, 41.734934233254911 ], [ 0.658348660788484, 41.7349330087035 ], [ 0.65828858624646, 41.734931784120725 ], [ 0.658286951340145, 41.734976781935885 ], [ 0.658285316430107, 41.735021779750618 ], [ 0.65828368151635, 41.73506677756496 ], [ 0.658282046598871, 41.73511177537889 ], [ 0.658280411677672, 41.735156773192408 ], [ 0.658278776752752, 41.735201771005521 ], [ 0.658277141824112, 41.735246768818222 ], [ 0.658275506891749, 41.735291766630517 ], [ 0.658273871955668, 41.735336764442415 ], [ 0.658272237015866, 41.735381762253901 ], [ 0.658212162058946, 41.735380537620522 ], [ 0.658152087105748, 41.73537931295575 ], [ 0.658092012156273, 41.735378088259608 ], [ 0.658031937210518, 41.735376863532075 ], [ 0.657971862268486, 41.735375638773178 ], [ 0.65797022711565, 41.735420636574645 ], [ 0.657968591959094, 41.735465634375686 ], [ 0.657966956798818, 41.73551063217635 ], [ 0.657965321634819, 41.735555629976567 ], [ 0.6579636864671, 41.7356006277764 ], [ 0.657903611319477, 41.735599402976511 ], [ 0.657843536175576, 41.735598178145224 ], [ 0.657783461035395, 41.735596953282581 ], [ 0.657723385898938, 41.735595728388546 ], [ 0.657663310766203, 41.735594503463126 ], [ 0.657661675385449, 41.73563950125294 ], [ 0.657660040000975, 41.735684499042328 ], [ 0.657658404612775, 41.735729496831333 ], [ 0.657656769220857, 41.735774494619896 ], [ 0.657655133825217, 41.735819492408098 ], [ 0.65759505848689, 41.735818267441672 ], [ 0.657534983152286, 41.735817042443884 ], [ 0.657474907821404, 41.735815817414718 ], [ 0.657414832494243, 41.735814592354181 ], [ 0.657354757170807, 41.735813367262224 ], [ 0.657353121562129, 41.735858365040407 ], [ 0.657351485949728, 41.735903362818156 ], [ 0.657349850333605, 41.735948360595494 ], [ 0.65734821471376, 41.735993358372426 ], [ 0.657346579090194, 41.736038356148939 ], [ 0.657344943462904, 41.736083353925046 ], [ 0.657343307831893, 41.736128351700749 ], [ 0.657341672197158, 41.736173349476076 ], [ 0.657340036558701, 41.736218347250961 ], [ 0.657338400916522, 41.736263345025428 ], [ 0.657278325178173, 41.736262119882895 ], [ 0.657218249443548, 41.73626089470897 ], [ 0.657158173712644, 41.736259669503681 ], [ 0.657098097985467, 41.736258444266987 ], [ 0.65703802226201, 41.736257218998929 ], [ 0.657036386406789, 41.736302216763391 ], [ 0.657034750547845, 41.736347214527434 ], [ 0.657033114685178, 41.736392212291079 ], [ 0.657031478818789, 41.736437210054319 ], [ 0.657029842948675, 41.736482207817161 ], [ 0.657028207074839, 41.736527205579563 ], [ 0.65702657119728, 41.736572203341588 ], [ 0.657024935315999, 41.736617201103194 ], [ 0.657023299430996, 41.736662198864373 ], [ 0.657021663542266, 41.736707196625176 ], [ 0.657020027649814, 41.736752194385581 ], [ 0.657018391753641, 41.736797192145538 ], [ 0.657016755853745, 41.73684218990509 ], [ 0.657015119950126, 41.736887187664244 ], [ 0.657013484042781, 41.736932185423015 ], [ 0.656953407695081, 41.73693096009471 ], [ 0.656893331351105, 41.736929734735028 ], [ 0.656833255010851, 41.736928509343961 ], [ 0.656773178674322, 41.736927283921531 ], [ 0.656713102341516, 41.736926058467709 ], [ 0.656711466221124, 41.736971056216433 ], [ 0.656709830097008, 41.737016053964751 ], [ 0.656708193969168, 41.737061051712651 ], [ 0.656706557837606, 41.737106049460131 ], [ 0.656704921702318, 41.737151047207242 ], [ 0.656644845163909, 41.737149821712428 ], [ 0.656584768629223, 41.737148596186231 ], [ 0.656524692098263, 41.737147370628627 ], [ 0.656464615571027, 41.737146145039681 ], [ 0.656404539047514, 41.737144919419322 ], [ 0.656402902699175, 41.737189917156385 ], [ 0.656401266347112, 41.737234914893051 ], [ 0.656399629991326, 41.737279912629312 ], [ 0.656397993631816, 41.737324910365139 ], [ 0.656396357268581, 41.737369908100568 ], [ 0.656394720901621, 41.737414905835607 ], [ 0.656393084530938, 41.737459903570212 ], [ 0.656391448156532, 41.737504901304426 ], [ 0.6563898117784, 41.737549899038243 ], [ 0.656388175396544, 41.737594896771618 ], [ 0.656328098458095, 41.737593671100676 ], [ 0.65626802152337, 41.73759244539832 ], [ 0.656207944592372, 41.73759121966458 ], [ 0.656147867665098, 41.737589993899455 ], [ 0.656087790741546, 41.737588768102967 ], [ 0.656086154146634, 41.737633765826331 ], [ 0.656084517547997, 41.73767876354929 ], [ 0.656082880945635, 41.737723761271837 ], [ 0.656081244339549, 41.737768758993951 ], [ 0.656079607729738, 41.737813756715724 ], [ 0.656077971116202, 41.737858754437049 ], [ 0.656076334498942, 41.737903752157955 ], [ 0.656074697877955, 41.737948749878484 ], [ 0.656073061253246, 41.737993747598587 ], [ 0.656071424624812, 41.738038745318278 ], [ 0.656131501967031, 41.738039971134008 ], [ 0.656191579312976, 41.738041196918367 ], [ 0.656251656662645, 41.73804242267137 ], [ 0.65631173401604, 41.738043648392953 ], [ 0.656371811373159, 41.738044874083158 ], [ 0.656431888734001, 41.738046099742007 ], [ 0.656491966098571, 41.738047325369465 ], [ 0.65655204346686, 41.738048550965537 ], [ 0.656612120838878, 41.738049776530211 ], [ 0.656672198214619, 41.738051002063543 ], [ 0.656732275594083, 41.738052227565476 ], [ 0.656792352977272, 41.738053453036009 ], [ 0.656852430364183, 41.738054678475173 ], [ 0.65691250775482, 41.738055903882938 ], [ 0.65697258514918, 41.738057129259346 ], [ 0.656974221149602, 41.738012131510786 ], [ 0.656975857146302, 41.737967133761813 ], [ 0.656977493139278, 41.737922136012443 ], [ 0.656979129128531, 41.737877138262654 ], [ 0.656980765114062, 41.737832140512445 ], [ 0.657040842302807, 41.737833365847848 ], [ 0.657100919495277, 41.737834591151874 ], [ 0.65716099669147, 41.737835816424507 ], [ 0.657221073891388, 41.737837041665784 ], [ 0.657281151095026, 41.737838266875677 ], [ 0.657341228302389, 41.737839492054121 ], [ 0.657401305513475, 41.737840717201259 ], [ 0.657461382728285, 41.737841942316983 ], [ 0.657521459946815, 41.737843167401337 ], [ 0.657581537169068, 41.737844392454321 ], [ 0.657641614395046, 41.737845617475891 ], [ 0.657701691624744, 41.737846842466112 ], [ 0.657761768858166, 41.73784806742492 ], [ 0.65782184609531, 41.737849292352372 ], [ 0.657881923336175, 41.737850517248447 ], [ 0.657883558689975, 41.737805519468978 ], [ 0.657885194040052, 41.737760521689097 ], [ 0.65788682938641, 41.737715523908818 ], [ 0.657888464729042, 41.73767052612817 ], [ 0.657890100067956, 41.73762552834706 ], [ 0.657950177103207, 41.737626753202136 ], [ 0.658010254142181, 41.737627978025827 ], [ 0.658070331184879, 41.73762920281812 ], [ 0.658130408231298, 41.737630427579063 ], [ 0.658190485281437, 41.7376316523086 ], [ 0.658250562335299, 41.737632877006753 ], [ 0.658310639392881, 41.737634101673535 ], [ 0.658370716454187, 41.73763532630894 ], [ 0.658430793519212, 41.737636550912953 ], [ 0.658490870587959, 41.737637775485581 ], [ 0.658550947660427, 41.737639000026853 ], [ 0.658611024736615, 41.737640224536726 ], [ 0.658671101816526, 41.737641449015207 ], [ 0.658731178900156, 41.737642673462325 ], [ 0.658791255987508, 41.737643897878044 ], [ 0.658792890694696, 41.737598900067717 ], [ 0.658794525398165, 41.73755390225697 ], [ 0.658796160097912, 41.737508904445811 ], [ 0.658797794793941, 41.737463906634261 ], [ 0.658799429486248, 41.737418908822299 ], [ 0.658859506367987, 41.737420133197013 ], [ 0.658919583253446, 41.737421357540391 ], [ 0.658979660142625, 41.737422581852364 ], [ 0.659039737035525, 41.737423806132966 ], [ 0.659099813932145, 41.737425030382177 ], [ 0.659159890832484, 41.737426254600017 ], [ 0.659219967736544, 41.737427478786465 ], [ 0.659280044644325, 41.737428702941529 ], [ 0.659340121555824, 41.737429927065214 ], [ 0.659400198471043, 41.737431151157537 ], [ 0.659398564197401, 41.737476148988726 ], [ 0.65939692992004, 41.737521146819518 ], [ 0.659395295638959, 41.737566144649904 ], [ 0.659393661354159, 41.737611142479849 ], [ 0.659392027065639, 41.737656140309426 ], [ 0.659452104193912, 41.737657364379956 ], [ 0.659512181325905, 41.737658588419116 ], [ 0.659572258461616, 41.737659812426891 ], [ 0.659632335601049, 41.737661036403303 ], [ 0.659692412744198, 41.737662260348309 ], [ 0.659694046823384, 41.737617262509119 ], [ 0.65969568089885, 41.737572264669531 ], [ 0.659697314970597, 41.737527266829559 ], [ 0.659698949038623, 41.73748226898919 ], [ 0.659700583102933, 41.737437271148359 ], [ 0.659702217163522, 41.737392273307158 ], [ 0.659703851220394, 41.737347275465545 ], [ 0.659705485273546, 41.73730227762352 ], [ 0.65970711932298, 41.737257279781083 ], [ 0.659708753368694, 41.737212281938248 ], [ 0.659768830096898, 41.737213505832656 ], [ 0.659828906828821, 41.737214729695708 ], [ 0.659888983564463, 41.737215953527347 ], [ 0.659949060303823, 41.737217177327629 ], [ 0.660009137046903, 41.737218401096513 ], [ 0.6600692137937, 41.737219624834019 ], [ 0.660129290544217, 41.737220848540169 ], [ 0.660189367298451, 41.737222072214898 ], [ 0.660249444056404, 41.7372232958583 ], [ 0.660309520818076, 41.737224519470281 ], [ 0.660311154441411, 41.737179521607821 ], [ 0.660312788061028, 41.737134523744942 ], [ 0.660314421676926, 41.73708952588165 ], [ 0.660316055289107, 41.737044528017996 ], [ 0.66031768889757, 41.736999530153888 ], [ 0.660319322502315, 41.736954532289381 ], [ 0.660320956103342, 41.736909534424484 ], [ 0.660322589700653, 41.736864536559175 ], [ 0.660324223294245, 41.736819538693439 ], [ 0.660325856884118, 41.736774540827319 ], [ 0.660327490470274, 41.736729542960774 ], [ 0.660329124052713, 41.736684545093837 ], [ 0.660330757631435, 41.736639547226488 ], [ 0.660332391206436, 41.736594549358713 ], [ 0.660334024777721, 41.736549551490562 ], [ 0.660335658345289, 41.736504553621977 ], [ 0.660337291909139, 41.736459555752994 ], [ 0.66033892546927, 41.73641455788362 ], [ 0.660340559025684, 41.736369560013827 ], [ 0.660342192578381, 41.736324562143615 ], [ 0.660343826127358, 41.736279564273005 ], [ 0.660345459672621, 41.736234566401997 ], [ 0.660347093214164, 41.736189568530548 ], [ 0.660348726751989, 41.736144570658738 ], [ 0.660350360286097, 41.736099572786486 ], [ 0.660351993816488, 41.736054574913837 ], [ 0.660353627343161, 41.736009577040768 ], [ 0.660355260866115, 41.735964579167344 ], [ 0.660356894385354, 41.735919581293452 ], [ 0.660358527900873, 41.735874583419175 ], [ 0.660418603410319, 41.735875806942161 ], [ 0.660478678923482, 41.735877030433734 ], [ 0.660538754440363, 41.735878253893965 ], [ 0.660598829960964, 41.735879477322776 ], [ 0.66065890548528, 41.735880700720237 ], [ 0.660660538787766, 41.735835702835949 ], [ 0.660662172086534, 41.735790704951242 ], [ 0.660663805381586, 41.735745707066144 ], [ 0.660665438672918, 41.735700709180634 ], [ 0.660667071960535, 41.735655711294726 ], [ 0.660668705244436, 41.735610713408384 ], [ 0.660670338524619, 41.735565715521673 ], [ 0.660671971801086, 41.735520717634522 ], [ 0.660673605073834, 41.735475719746979 ], [ 0.660675238342867, 41.735430721858997 ], [ 0.66067687160818, 41.735385723970651 ], [ 0.660678504869779, 41.735340726081873 ], [ 0.660680138127659, 41.735295728192725 ], [ 0.660681771381824, 41.735250730303122 ], [ 0.660683404632272, 41.735205732413114 ], [ 0.660743479532364, 41.735206955750392 ], [ 0.660803554436173, 41.735208179056265 ], [ 0.660863629343702, 41.735209402330767 ], [ 0.660923704254946, 41.735210625573892 ], [ 0.660983779169906, 41.735211848785632 ], [ 0.660985412207328, 41.735166850885633 ], [ 0.660987045241032, 41.735121852985216 ], [ 0.66098867827102, 41.735076855084401 ], [ 0.660990311297291, 41.735031857183166 ], [ 0.660991944319843, 41.734986859281541 ], [ 0.660993577338682, 41.734941861379482 ], [ 0.660995210353803, 41.73489686347704 ], [ 0.660996843365208, 41.734851865574193 ], [ 0.660998476372897, 41.734806867670947 ], [ 0.661000109376868, 41.734761869767254 ], [ 0.66106018387693, 41.734763092928418 ], [ 0.66112025838071, 41.734764316058182 ], [ 0.661180332888205, 41.734765539156598 ], [ 0.661240407399417, 41.734766762223622 ], [ 0.661300481914345, 41.734767985259282 ], [ 0.66136055643299, 41.73476920826355 ], [ 0.66142063095535, 41.734770431236434 ], [ 0.661480705481426, 41.734771654177962 ], [ 0.66154078001122, 41.734772877088083 ], [ 0.661600854544726, 41.73477409996687 ], [ 0.661602487126371, 41.73472910204358 ], [ 0.661604119704302, 41.734684104119879 ], [ 0.661605752278514, 41.734639106195772 ], [ 0.661607384849014, 41.73459410827126 ], [ 0.661609017415797, 41.73454911034635 ], [ 0.661610649978863, 41.73450411242105 ], [ 0.661612282538216, 41.734459114495316 ], [ 0.661613915093854, 41.734414116569162 ], [ 0.661615547645775, 41.734369118642647 ], [ 0.661617180193981, 41.734324120715684 ], [ 0.661618812738471, 41.734279122788344 ], [ 0.661620445279247, 41.734234124860563 ], [ 0.661622077816307, 41.734189126932399 ], [ 0.661623710349653, 41.734144129003816 ], [ 0.661625342879282, 41.734099131074828 ], [ 0.661626975405196, 41.734054133145435 ], [ 0.661628607927395, 41.734009135215636 ], [ 0.661630240445879, 41.733964137285433 ], [ 0.661631872960646, 41.733919139354811 ], [ 0.661633505471701, 41.733874141423776 ], [ 0.661635137979038, 41.733829143492358 ], [ 0.661636770482661, 41.73378414556052 ], [ 0.661638402982567, 41.733739147628299 ], [ 0.66164003547876, 41.73369414969563 ], [ 0.661641667971237, 41.733649151762563 ], [ 0.66170174146196, 41.73365037456194 ], [ 0.661761814956401, 41.733651597329931 ], [ 0.661821888454554, 41.733652820066581 ], [ 0.661881961956424, 41.733654042771818 ], [ 0.661942035462009, 41.733655265445684 ], [ 0.661943667741477, 41.73361026750262 ], [ 0.661945300017229, 41.733565269559136 ], [ 0.661946932289268, 41.733520271615248 ], [ 0.661948564557592, 41.733475273670962 ], [ 0.661950196822201, 41.733430275726271 ], [ 0.661951829083096, 41.73338527778116 ], [ 0.661953461340275, 41.733340279835673 ], [ 0.661955093593739, 41.733295281889731 ], [ 0.66195672584349, 41.733250283943427 ], [ 0.661958358089525, 41.733205285996689 ], [ 0.662018431180241, 41.733206508619993 ], [ 0.662078504274672, 41.733207731211898 ], [ 0.662138577372819, 41.733208953772433 ], [ 0.662198650474679, 41.733210176301611 ], [ 0.662258723580253, 41.733211398799391 ], [ 0.662318796689542, 41.7332126212658 ], [ 0.662378869802547, 41.733213843700831 ], [ 0.662438942919265, 41.733215066104478 ], [ 0.662499016039694, 41.733216288476775 ], [ 0.662559089163842, 41.733217510817674 ], [ 0.662560720987584, 41.733172512851347 ], [ 0.662562352807612, 41.7331275148846 ], [ 0.662563984623926, 41.733082516917449 ], [ 0.662565616436527, 41.733037518949885 ], [ 0.662567248245415, 41.732992520981938 ], [ 0.662568880050587, 41.732947523013557 ], [ 0.662570511852048, 41.732902525044786 ], [ 0.662572143649796, 41.732857527075566 ], [ 0.662573775443828, 41.732812529105999 ], [ 0.662575407234147, 41.732767531135991 ], [ 0.662577039020752, 41.732722533165571 ], [ 0.662578670803645, 41.73267753519476 ], [ 0.662580302582823, 41.732632537223544 ], [ 0.662581934358288, 41.732587539251917 ], [ 0.66258356613004, 41.732542541279884 ], [ 0.662643638630041, 41.732543763560621 ], [ 0.662703711133754, 41.73254498580998 ], [ 0.662763783641181, 41.732546208027976 ], [ 0.662823856152325, 41.732547430214588 ], [ 0.662883928667178, 41.7325486523698 ], [ 0.662944001185747, 41.732549874493664 ], [ 0.663004073708027, 41.732551096586157 ], [ 0.663064146234023, 41.732552318647251 ], [ 0.663124218763728, 41.732553540677003 ], [ 0.663184291297149, 41.732554762675349 ], [ 0.663244363834283, 41.732555984642318 ], [ 0.663304436375128, 41.732557206577944 ], [ 0.663364508919687, 41.73255842848215 ], [ 0.663424581467959, 41.732559650355007 ], [ 0.663484654019942, 41.73256087219648 ], [ 0.663544726575637, 41.732562094006582 ], [ 0.663604799135046, 41.732563315785328 ], [ 0.663664871698166, 41.73256453753266 ], [ 0.663724944264999, 41.732565759248644 ], [ 0.663785016835542, 41.732566980933242 ], [ 0.663845089409798, 41.732568202586464 ], [ 0.663905161987767, 41.732569424208315 ], [ 0.663965234569445, 41.732570645798788 ], [ 0.664025307154839, 41.732571867357862 ], [ 0.664085379743941, 41.732573088885594 ], [ 0.664087010465562, 41.732528090865188 ], [ 0.664088641183474, 41.732483092844362 ], [ 0.664090271897673, 41.732438094823131 ], [ 0.664091902608162, 41.732393096801474 ], [ 0.664093533314938, 41.732348098779454 ], [ 0.664095164018006, 41.732303100756987 ], [ 0.66409679471736, 41.732258102734157 ], [ 0.664098425413003, 41.732213104710873 ], [ 0.664100056104937, 41.732168106687205 ], [ 0.664101686793158, 41.732123108663124 ], [ 0.664103317477669, 41.732078110638639 ], [ 0.664104948158469, 41.732033112613749 ], [ 0.664106578835558, 41.731988114588447 ], [ 0.664108209508936, 41.731943116562746 ], [ 0.664109840178603, 41.731898118536627 ], [ 0.664169912143575, 41.731899340004212 ], [ 0.664229984112259, 41.731900561440405 ], [ 0.664290056084655, 41.73190178284522 ] ] ] } },
{ "type": "Feature", "properties": { "GRID_CODE": 2, "CODI_FINAL": "1795082", "MUNICIPI": "Brunyola", "DATA_INCEN": "09/05/95" }, "geometry": { "type": "Polygon", "coordinates": [ [ [ 2.671923779570291, 41.898558466742188 ], [ 2.671863502481707, 41.898558294863065 ], [ 2.671803225393646, 41.898558122952302 ], [ 2.67174294830611, 41.898557951009884 ], [ 2.671682671219098, 41.898557779035833 ], [ 2.671622394132612, 41.89855760703017 ], [ 2.671562117046649, 41.898557434992846 ], [ 2.671501839961211, 41.898557262923873 ], [ 2.6714415628763, 41.898557090823296 ], [ 2.671381285791911, 41.898556918691064 ], [ 2.671321008708048, 41.898556746527184 ], [ 2.671320778245966, 41.898601779992731 ], [ 2.67132054778336, 41.898646813457951 ], [ 2.671320317320228, 41.898691846922809 ], [ 2.671320086856573, 41.898736880387311 ], [ 2.671319856392392, 41.898781913851437 ], [ 2.671319625927685, 41.898826947315236 ], [ 2.671319395462453, 41.898871980778651 ], [ 2.671319164996698, 41.898917014241697 ], [ 2.671318934530418, 41.898962047704408 ], [ 2.671318704063611, 41.899007081166765 ], [ 2.6712584265568, 41.899006908968552 ], [ 2.671198149050517, 41.899006736738713 ], [ 2.671137871544758, 41.899006564477205 ], [ 2.671077594039525, 41.89900639218407 ], [ 2.671017316534816, 41.899006219859324 ], [ 2.671017085855747, 41.899051253319961 ], [ 2.671016855176152, 41.899096286780249 ], [ 2.67101662449603, 41.899141320240155 ], [ 2.671016393815385, 41.899186353699754 ], [ 2.671016163134215, 41.899231387158977 ], [ 2.670955885418292, 41.899231214801205 ], [ 2.670895607702895, 41.899231042411813 ], [ 2.670835329988025, 41.899230869990788 ], [ 2.670775052273681, 41.899230697538123 ], [ 2.670714774559863, 41.899230525053788 ], [ 2.670714543666425, 41.899275558511306 ], [ 2.670714312772461, 41.89932059196844 ], [ 2.670714081877971, 41.89936562542524 ], [ 2.670713850982955, 41.899410658881685 ], [ 2.670713620087414, 41.899455692337732 ], [ 2.670653342162379, 41.899455519820442 ], [ 2.670593064237872, 41.899455347271505 ], [ 2.67053278631389, 41.899455174690928 ], [ 2.670472508390435, 41.899455002078696 ], [ 2.670412230467507, 41.899454829434823 ], [ 2.670411999359696, 41.899499862889208 ], [ 2.670411768251358, 41.899544896343215 ], [ 2.670411537142495, 41.899589929796882 ], [ 2.670411306033104, 41.899634963250158 ], [ 2.670411074923188, 41.899679996703107 ], [ 2.670410843812744, 41.899725030155672 ], [ 2.670410612701774, 41.899770063607889 ], [ 2.670410381590277, 41.899815097059779 ], [ 2.670410150478256, 41.899860130511293 ], [ 2.670409919365707, 41.899905163962444 ], [ 2.670349641019813, 41.899904991284231 ], [ 2.670289362674447, 41.899904818574385 ], [ 2.670229084329609, 41.899904645832912 ], [ 2.670168805985294, 41.899904473059763 ], [ 2.67010852764151, 41.899904300254995 ], [ 2.670108296316686, 41.899949333704434 ], [ 2.670108064991335, 41.899994367153496 ], [ 2.670107833665458, 41.900039400602239 ], [ 2.670107602339054, 41.900084434050612 ], [ 2.670107371012123, 41.90012946749863 ], [ 2.670167649567657, 41.900129640304755 ], [ 2.67022792812372, 41.900129813079232 ], [ 2.670288206680308, 41.900129985822083 ], [ 2.670348485237424, 41.900130158533273 ], [ 2.670408763795066, 41.900130331212843 ], [ 2.67040853267936, 41.900175364661877 ], [ 2.670408301563125, 41.900220398110513 ], [ 2.670408070446365, 41.900265431558815 ], [ 2.670407839329078, 41.900310465006747 ], [ 2.670407608211266, 41.900355498454324 ], [ 2.670407377092926, 41.900400531901553 ], [ 2.670407145974059, 41.900445565348427 ], [ 2.670406914854667, 41.900490598794931 ], [ 2.670406683734748, 41.900535632241102 ], [ 2.670406452614303, 41.90058066568691 ], [ 2.67040622149333, 41.900625699132341 ], [ 2.670405990371833, 41.900670732577424 ], [ 2.670405759249808, 41.900715766022152 ], [ 2.670405528127256, 41.900760799466525 ], [ 2.67040529700418, 41.900805832910557 ], [ 2.670405065880574, 41.900850866354197 ], [ 2.670404834756446, 41.900895899797497 ], [ 2.670404603631788, 41.900940933240427 ], [ 2.670404372506603, 41.900985966683045 ], [ 2.670404141380894, 41.901031000125279 ], [ 2.670403910254658, 41.901076033567129 ], [ 2.670403679127894, 41.901121067008646 ], [ 2.670403448000605, 41.901166100449807 ], [ 2.670403216872789, 41.901211133890612 ], [ 2.670402985744449, 41.901256167331056 ], [ 2.670342706128023, 41.901255994644721 ], [ 2.670282426512124, 41.901255821926746 ], [ 2.670222146896753, 41.901255649177109 ], [ 2.670161867281909, 41.90125547639586 ], [ 2.670101587667591, 41.901255303582964 ], [ 2.67010135632696, 41.901300337021681 ], [ 2.670101124985802, 41.901345370460056 ], [ 2.670100893644116, 41.901390403898084 ], [ 2.670100662301904, 41.901435437335735 ], [ 2.670100430959164, 41.901480470773052 ], [ 2.670100199615898, 41.901525504209992 ], [ 2.670099968272104, 41.901570537646592 ], [ 2.670099736927785, 41.901615571082836 ], [ 2.670099505582938, 41.901660604518689 ], [ 2.670099274237563, 41.901705637954201 ], [ 2.670038994200244, 41.90170546510695 ], [ 2.669978714163451, 41.901705292228058 ], [ 2.669918434127186, 41.901705119317519 ], [ 2.669858154091448, 41.901704946375354 ], [ 2.669797874056238, 41.901704773401512 ], [ 2.669797642498569, 41.901749806835319 ], [ 2.669797410940374, 41.901794840268764 ], [ 2.66979717938165, 41.90183987370186 ], [ 2.669796947822398, 41.901884907134594 ], [ 2.66979671626262, 41.901929940566973 ], [ 2.669736436016168, 41.901929767560176 ], [ 2.669676155770246, 41.901929594521675 ], [ 2.669615875524851, 41.901929421451577 ], [ 2.669555595279983, 41.901929248349845 ], [ 2.669495315035644, 41.901929075216451 ], [ 2.669495083263568, 41.901974108647117 ], [ 2.669494851490965, 41.902019142077407 ], [ 2.669494619717832, 41.902064175507377 ], [ 2.669494387944173, 41.902109208936977 ], [ 2.669494156169986, 41.902154242366187 ], [ 2.669433875714404, 41.90215406919981 ], [ 2.669373595259349, 41.902153896001778 ], [ 2.669313314804824, 41.902153722772091 ], [ 2.669253034350828, 41.902153549510807 ], [ 2.669192753897359, 41.902153376217825 ], [ 2.669192521910871, 41.902198409645351 ], [ 2.669192289923855, 41.902243443072507 ], [ 2.66919205793631, 41.902288476499322 ], [ 2.669191825948236, 41.902333509925775 ], [ 2.669191593959635, 41.902378543351844 ], [ 2.669251874624877, 41.902378716646169 ], [ 2.669312155290647, 41.902378889908839 ], [ 2.669372435956946, 41.902379063139875 ], [ 2.669432716623773, 41.902379236339272 ], [ 2.669492997291128, 41.90237940950702 ], [ 2.669492765513773, 41.902424442934105 ], [ 2.669492533735889, 41.902469476360857 ], [ 2.669492301957478, 41.902514509787224 ], [ 2.669492070178539, 41.902559543213258 ], [ 2.669491838399072, 41.902604576638907 ], [ 2.669431557519942, 41.902604403469809 ], [ 2.669371276641338, 41.902604230269063 ], [ 2.669310995763264, 41.902604057036676 ], [ 2.669250714885717, 41.902603883772656 ], [ 2.6691904340087, 41.90260371047696 ], [ 2.669190202016928, 41.90264874390089 ], [ 2.669189970024627, 41.902693777324515 ], [ 2.669189738031799, 41.902738810747735 ], [ 2.669189506038442, 41.902783844170614 ], [ 2.669189274044555, 41.902828877593151 ], [ 2.669189042050141, 41.902873911015313 ], [ 2.669188810055197, 41.902918944437104 ], [ 2.669188578059726, 41.902963977858569 ], [ 2.669188346063727, 41.903009011279643 ], [ 2.669188114067198, 41.90305404470039 ], [ 2.669187882070141, 41.903099078120768 ], [ 2.669187650072556, 41.903144111540811 ], [ 2.669187418074443, 41.90318914496045 ], [ 2.6691871860758, 41.903234178379776 ], [ 2.66918695407663, 41.903279211798726 ], [ 2.669186722076932, 41.903324245217327 ], [ 2.669186490076704, 41.903369278635573 ], [ 2.669186258075948, 41.903414312053442 ], [ 2.669186026074664, 41.903459345470978 ], [ 2.66918579407285, 41.90350437888813 ], [ 2.669185562070509, 41.903549412304947 ], [ 2.66918533006764, 41.903594445721396 ], [ 2.669185098064241, 41.903639479137489 ], [ 2.669184866060313, 41.903684512553234 ], [ 2.669184634055858, 41.903729545968616 ], [ 2.669184402050875, 41.903774579383651 ], [ 2.669184170045364, 41.903819612798301 ], [ 2.669183938039323, 41.903864646212639 ], [ 2.669183706032753, 41.903909679626587 ], [ 2.669183474025656, 41.903954713040186 ], [ 2.669243756173379, 41.903954886344025 ], [ 2.66930403832163, 41.903955059616216 ], [ 2.669364320470408, 41.903955232856759 ], [ 2.669424602619717, 41.903955406065656 ], [ 2.669484884769553, 41.903955579242933 ], [ 2.669545166919918, 41.903955752388541 ], [ 2.66960544907081, 41.903955925502537 ], [ 2.66966573122223, 41.903956098584835 ], [ 2.669726013374179, 41.903956271635543 ], [ 2.669786295526655, 41.90395644465459 ], [ 2.66978652711017, 41.903911411238262 ], [ 2.669786758693159, 41.903866377821608 ], [ 2.669786990275619, 41.903821344404562 ], [ 2.66978722185755, 41.903776310987176 ], [ 2.669787453438956, 41.90373127756942 ], [ 2.66984773538017, 41.903731450555469 ], [ 2.669908017321912, 41.903731623509877 ], [ 2.669968299264182, 41.903731796432623 ], [ 2.670028581206978, 41.903731969323729 ], [ 2.670088863150302, 41.903732142183202 ], [ 2.670149145094154, 41.903732315011034 ], [ 2.670209427038531, 41.903732487807197 ], [ 2.670269708983437, 41.903732660571727 ], [ 2.67032999092887, 41.903732833304623 ], [ 2.670390272874829, 41.903733006005872 ], [ 2.670450554821314, 41.903733178675473 ], [ 2.670510836768328, 41.903733351313448 ], [ 2.670571118715867, 41.90373352391974 ], [ 2.670631400663933, 41.903733696494434 ], [ 2.670691682612526, 41.903733869037453 ], [ 2.670691451666489, 41.903778902459273 ], [ 2.670691220719925, 41.903823935880716 ], [ 2.670690989772837, 41.903868969301826 ], [ 2.670690758825221, 41.903914002722559 ], [ 2.670690527877079, 41.903959036142943 ], [ 2.670750810037989, 41.903959208655671 ], [ 2.670811092199424, 41.903959381136765 ], [ 2.670871374361385, 41.903959553586233 ], [ 2.670931656523872, 41.903959726004032 ], [ 2.670991938686885, 41.903959898390205 ], [ 2.670991707950011, 41.904004931811592 ], [ 2.670991477212609, 41.904049965232609 ], [ 2.670991246474683, 41.904094998653278 ], [ 2.67099101573623, 41.90414003207357 ], [ 2.670990784997251, 41.904185065493522 ], [ 2.671051067372584, 41.90418523784939 ], [ 2.671111349748442, 41.904185410173625 ], [ 2.671171632124824, 41.904185582466212 ], [ 2.671231914501734, 41.904185754727145 ], [ 2.671292196879167, 41.904185926956437 ], [ 2.671352479257127, 41.90418609915411 ], [ 2.671412761635612, 41.904186271320114 ], [ 2.671473044014621, 41.904186443454471 ], [ 2.671533326394157, 41.90418661555718 ], [ 2.671593608774216, 41.904186787628255 ], [ 2.671593839089608, 41.904141754205597 ], [ 2.671594069404473, 41.904096720782597 ], [ 2.671594299718815, 41.904051687359207 ], [ 2.671594530032631, 41.904006653935511 ], [ 2.671594760345923, 41.90396162051141 ], [ 2.671594990658688, 41.903916587086975 ], [ 2.671595220970931, 41.903871553662164 ], [ 2.67159545128265, 41.903826520237025 ], [ 2.671595681593843, 41.903781486811518 ], [ 2.671595911904512, 41.90373645338564 ], [ 2.671656193861514, 41.903736625422361 ], [ 2.67171647581904, 41.903736797427477 ], [ 2.671776757777091, 41.903736969400917 ], [ 2.671837039735665, 41.90373714134271 ], [ 2.671897321694766, 41.903737313252854 ], [ 2.671897551793121, 41.903692279825272 ], [ 2.671897781890952, 41.903647246397348 ], [ 2.671898011988258, 41.903602212969062 ], [ 2.671898242085042, 41.903557179540421 ], [ 2.671898472181299, 41.903512146111417 ], [ 2.671958753929136, 41.903512317988593 ], [ 2.672019035677497, 41.903512489834114 ], [ 2.672079317426381, 41.903512661647966 ], [ 2.672139599175789, 41.90351283343022 ], [ 2.672199880925722, 41.903513005180777 ], [ 2.672260162676179, 41.90351317689975 ], [ 2.672320444427159, 41.903513348587033 ], [ 2.672380726178663, 41.903513520242683 ], [ 2.672441007930691, 41.903513691866699 ], [ 2.672501289683242, 41.903513863459068 ], [ 2.672561571436317, 41.903514035019818 ], [ 2.672621853189914, 41.903514206548905 ], [ 2.672682134944035, 41.903514378046332 ], [ 2.67274241669868, 41.903514549512117 ], [ 2.672802698453847, 41.903514720946283 ], [ 2.672862980209536, 41.903514892348809 ], [ 2.672923261965749, 41.903515063719652 ], [ 2.672983543722483, 41.903515235058883 ], [ 2.673043825479743, 41.903515406366473 ], [ 2.673104107237523, 41.903515577642402 ], [ 2.67310433648611, 41.903470544207678 ], [ 2.673104565734176, 41.903425510772564 ], [ 2.673104794981719, 41.90338047733708 ], [ 2.673105024228741, 41.903335443901277 ], [ 2.673105253475239, 41.903290410465111 ], [ 2.673165535021757, 41.903290581708056 ], [ 2.673225816568796, 41.903290752919339 ], [ 2.673286098116359, 41.903290924099025 ], [ 2.673346379664443, 41.903291095247042 ], [ 2.673406661213048, 41.903291266363432 ], [ 2.67340689024724, 41.903246232925568 ], [ 2.67340711928091, 41.903201199487341 ], [ 2.673407348314059, 41.903156166048731 ], [ 2.673407577346687, 41.903111132609787 ], [ 2.673407806378792, 41.903066099170509 ], [ 2.673408035410377, 41.90302106573084 ], [ 2.673408264441438, 41.902976032290809 ], [ 2.673408493471979, 41.902930998850465 ], [ 2.673408722501998, 41.902885965409723 ], [ 2.673408951531494, 41.902840931968633 ], [ 2.673469232657057, 41.902841103050676 ], [ 2.673529513783143, 41.902841274101107 ], [ 2.67358979490975, 41.902841445119854 ], [ 2.673650076036879, 41.902841616106961 ], [ 2.673710357164528, 41.902841787062442 ], [ 2.673710585981724, 41.902796753619668 ], [ 2.673710814798399, 41.902751720176546 ], [ 2.673711043614552, 41.902706686733048 ], [ 2.673711272430185, 41.902661653289172 ], [ 2.673711501245296, 41.902616619844956 ], [ 2.673771782161689, 41.902616790767453 ], [ 2.673832063078602, 41.90261696165831 ], [ 2.673892343996039, 41.902617132517534 ], [ 2.673952624913996, 41.902617303345082 ], [ 2.674012905832473, 41.90261747414101 ], [ 2.674013134435286, 41.902572440695096 ], [ 2.674013363037578, 41.902527407248826 ], [ 2.674013591639349, 41.902482373802201 ], [ 2.674013820240599, 41.902437340355227 ], [ 2.674014048841329, 41.902392306907885 ], [ 2.673953768134627, 41.902392136113306 ], [ 2.673893487428447, 41.902391965287094 ], [ 2.673833206722787, 41.902391794429221 ], [ 2.67377292601765, 41.902391623539707 ], [ 2.673712645313033, 41.902391452618545 ], [ 2.673712874125017, 41.902346419172211 ], [ 2.673713102936479, 41.902301385725501 ], [ 2.673713331747421, 41.902256352278428 ], [ 2.67371356055784, 41.902211318831 ], [ 2.673713789367739, 41.902166285383217 ], [ 2.673714018177117, 41.9021212519351 ], [ 2.673714246985975, 41.902076218486592 ], [ 2.673714475794309, 41.902031185037742 ], [ 2.673714704602125, 41.901986151588538 ], [ 2.673714933409417, 41.901941118138964 ], [ 2.673654653128867, 41.901940947188869 ], [ 2.673594372848838, 41.901940776207113 ], [ 2.673534092569333, 41.901940605193715 ], [ 2.673473812290347, 41.901940434148671 ], [ 2.673413532011883, 41.901940263071999 ], [ 2.673353251733942, 41.901940091963681 ], [ 2.673292971456522, 41.901939920823708 ], [ 2.673232691179624, 41.901939749652115 ], [ 2.673172410903249, 41.901939578448868 ], [ 2.673112130627396, 41.901939407213987 ], [ 2.673112359857708, 41.901894373766758 ], [ 2.673112589087497, 41.901849340319167 ], [ 2.673112818316764, 41.901804306871199 ], [ 2.673113047545511, 41.901759273422904 ], [ 2.673113276773734, 41.90171423997424 ], [ 2.673052996710172, 41.901714068709047 ], [ 2.672992716647133, 41.901713897412222 ], [ 2.672932436584615, 41.901713726083756 ], [ 2.672872156522621, 41.901713554723642 ], [ 2.672811876461151, 41.901713383331902 ], [ 2.67281210590062, 41.901668349884226 ], [ 2.672812335339565, 41.901623316436179 ], [ 2.672812564777989, 41.901578282987785 ], [ 2.672812794215889, 41.90153324953905 ], [ 2.672813023653268, 41.901488216089952 ], [ 2.672752743804086, 41.901488044667907 ], [ 2.672692463955426, 41.901487873214215 ], [ 2.672632184107291, 41.901487701728882 ], [ 2.672571904259678, 41.901487530211909 ], [ 2.672511624412589, 41.901487358663296 ], [ 2.672451344566022, 41.901487187083042 ], [ 2.672391064719979, 41.901487015471162 ], [ 2.67233078487446, 41.90148684382762 ], [ 2.672270505029464, 41.901486672152444 ], [ 2.672210225184992, 41.901486500445628 ], [ 2.672210455045377, 41.901441466998875 ], [ 2.672210684905239, 41.901396433551746 ], [ 2.672210914764577, 41.901351400104254 ], [ 2.672211144623392, 41.901306366656421 ], [ 2.672211374481683, 41.901261333208211 ], [ 2.672211604339452, 41.901216299759668 ], [ 2.672211834196696, 41.901171266310755 ], [ 2.672212064053416, 41.901126232861493 ], [ 2.672212293909613, 41.901081199411877 ], [ 2.672212523765286, 41.901036165961884 ], [ 2.672152244344864, 41.901035994226127 ], [ 2.672091964924965, 41.901035822458709 ], [ 2.67203168550559, 41.901035650659672 ], [ 2.67197140608674, 41.901035478829002 ], [ 2.671911126668412, 41.901035306966662 ], [ 2.671911356735323, 41.900990273517685 ], [ 2.671911586801709, 41.900945240068303 ], [ 2.67191181686757, 41.90090020661863 ], [ 2.671912046932909, 41.900855173168559 ], [ 2.671912276997723, 41.90081013971816 ], [ 2.671851997791679, 41.900809967825523 ], [ 2.67179171858616, 41.90080979590126 ], [ 2.671731439381166, 41.900809623945364 ], [ 2.671671160176697, 41.900809451957819 ], [ 2.671610880972752, 41.900809279938649 ], [ 2.671611111248799, 41.90076424648921 ], [ 2.671611341524322, 41.90071921303943 ], [ 2.67161157179932, 41.900674179589309 ], [ 2.671611802073793, 41.900629146138812 ], [ 2.671612032347743, 41.900584112687952 ], [ 2.671612262621167, 41.900539079236751 ], [ 2.671612492894068, 41.900494045785173 ], [ 2.671612723166445, 41.900449012333276 ], [ 2.671612953438295, 41.900403978880959 ], [ 2.671613183709622, 41.900358945428316 ], [ 2.671613413980424, 41.900313911975346 ], [ 2.671613644250702, 41.900268878521999 ], [ 2.671613874520454, 41.900223845068275 ], [ 2.671614104789685, 41.900178811614218 ], [ 2.671614335058389, 41.900133778159798 ], [ 2.671674613627071, 41.900133950174926 ], [ 2.671734892196277, 41.90013412215842 ], [ 2.671795170766008, 41.900134294110281 ], [ 2.671855449336264, 41.900134466030472 ], [ 2.671915727907046, 41.900134637919038 ], [ 2.67197600647835, 41.900134809775984 ], [ 2.672036285050178, 41.90013498160129 ], [ 2.672096563622531, 41.900135153394906 ], [ 2.672156842195407, 41.900135325156938 ], [ 2.672217120768808, 41.900135496887323 ], [ 2.672217350613486, 41.900090463429848 ], [ 2.672217580457643, 41.900045429971989 ], [ 2.672217810301274, 41.900000396513803 ], [ 2.672218040144383, 41.89995536305527 ], [ 2.672218269986967, 41.899910329596359 ], [ 2.672218499829028, 41.899865296137087 ], [ 2.672218729670567, 41.899820262677466 ], [ 2.672218959511581, 41.899775229217511 ], [ 2.672219189352071, 41.899730195757158 ], [ 2.672219419192038, 41.899685162296485 ], [ 2.672159141042135, 41.899684990568801 ], [ 2.672098862892754, 41.89968481880949 ], [ 2.672038584743898, 41.899684647018539 ], [ 2.671978306595565, 41.89968447519594 ], [ 2.671918028447758, 41.899684303341694 ], [ 2.671918258498947, 41.899639269882009 ], [ 2.671918488549612, 41.899594236421962 ], [ 2.671918718599754, 41.899549202961545 ], [ 2.671918948649371, 41.89950416950078 ], [ 2.671919178698464, 41.899459136039638 ], [ 2.671919408747033, 41.899414102578184 ], [ 2.671919638795079, 41.899369069116325 ], [ 2.671919868842599, 41.899324035654125 ], [ 2.671920098889597, 41.899279002191577 ], [ 2.67192032893607, 41.899233968728666 ], [ 2.671920558982019, 41.899188935265393 ], [ 2.671920789027445, 41.899143901801779 ], [ 2.671921019072346, 41.899098868337795 ], [ 2.671921249116724, 41.899053834873449 ], [ 2.671921479160576, 41.899008801408769 ], [ 2.671921709203906, 41.898963767943712 ], [ 2.671921939246712, 41.898918734478308 ], [ 2.671922169288993, 41.898873701012526 ], [ 2.671922399330751, 41.898828667546411 ], [ 2.671922629371985, 41.898783634079926 ], [ 2.671922859412693, 41.8987386006131 ], [ 2.671923089452879, 41.898693567145919 ], [ 2.67192331949254, 41.898648533678347 ], [ 2.671923549531678, 41.898603500210449 ], [ 2.671923779570291, 41.898558466742188 ] ] ] } },
{ "type": "Feature", "properties": { "GRID_CODE": 2, "CODI_FINAL": "4395080", "MUNICIPI": "Querol", "DATA_INCEN": "30/05/95" }, "geometry": { "type": "Polygon", "coordinates": [ [ [ 1.459915235243737, 41.443093361246369 ], [ 1.459914170953162, 41.443138382736798 ], [ 1.45991310666017, 41.443183404226858 ], [ 1.45991204236476, 41.443228425716555 ], [ 1.459910978066933, 41.44327344720584 ], [ 1.459909913766688, 41.443318468694784 ], [ 1.459908849464025, 41.443363490183323 ], [ 1.459907785158944, 41.443408511671507 ], [ 1.459906720851447, 41.4434535331593 ], [ 1.459905656541533, 41.443498554646702 ], [ 1.4599045922292, 41.44354357613377 ], [ 1.459903527914449, 41.443588597620433 ], [ 1.459902463597281, 41.443633619106734 ], [ 1.459901399277696, 41.443678640592623 ], [ 1.459900334955693, 41.443723662078142 ], [ 1.459899270631273, 41.443768683563313 ], [ 1.459898206304433, 41.443813705048093 ], [ 1.459897141975178, 41.443858726532483 ], [ 1.459896077643504, 41.443903748016524 ], [ 1.459895013309413, 41.443948769500167 ], [ 1.459893948972904, 41.443993790983441 ], [ 1.459892884633978, 41.44403881246631 ], [ 1.459891820292634, 41.444083833948831 ], [ 1.459890755948872, 41.444128855430961 ], [ 1.459889691602692, 41.444173876912721 ], [ 1.459888627254094, 41.444218898394098 ], [ 1.45988756290308, 41.444263919875112 ], [ 1.459886498549647, 41.444308941355729 ], [ 1.459885434193797, 41.444353962835962 ], [ 1.459884369835529, 41.444398984315839 ], [ 1.459883305474844, 41.444444005795333 ], [ 1.459943139732107, 41.444444806644348 ], [ 1.460002973991787, 41.444445607462285 ], [ 1.460062808253886, 41.444446408249078 ], [ 1.460122642518403, 41.444447209004792 ], [ 1.460182476785336, 41.444448009729385 ], [ 1.460183540939385, 41.444402988243603 ], [ 1.460184605091016, 41.444357966757437 ], [ 1.460185669240231, 41.444312945270873 ], [ 1.460186733387027, 41.44426792378394 ], [ 1.460187797531407, 41.444222902296637 ], [ 1.460247631594123, 41.44422370298382 ], [ 1.460307465659255, 41.444224503639909 ], [ 1.460367299726805, 41.444225304264883 ], [ 1.460427133796772, 41.444226104858735 ], [ 1.460486967869156, 41.444226905421509 ], [ 1.460488031804484, 41.444181883927527 ], [ 1.460489095737395, 41.44413686243314 ], [ 1.460490159667889, 41.44409184093842 ], [ 1.460491223595966, 41.444046819443301 ], [ 1.460492287521627, 41.444001797947806 ], [ 1.460493351444871, 41.443956776451934 ], [ 1.460494415365699, 41.443911754955685 ], [ 1.46049547928411, 41.44386673345906 ], [ 1.460496543200104, 41.443821711962045 ], [ 1.46049760711368, 41.443776690464659 ], [ 1.460557440775216, 41.443777490983713 ], [ 1.460617274439168, 41.443778291471659 ], [ 1.460677108105538, 41.443779091928484 ], [ 1.460736941774323, 41.443779892354229 ], [ 1.460796775445525, 41.443780692748859 ], [ 1.460856609119144, 41.44378149311239 ], [ 1.460916442795178, 41.443782293444798 ], [ 1.46097627647363, 41.443783093746084 ], [ 1.461036110154496, 41.443783894016299 ], [ 1.46109594383778, 41.443784694255399 ], [ 1.461094880337465, 41.443829715765375 ], [ 1.461093816834734, 41.443874737274975 ], [ 1.461092753329585, 41.443919758784212 ], [ 1.461091689822023, 41.443964780293058 ], [ 1.461090626312044, 41.444009801801542 ], [ 1.461150460204375, 41.444010602015815 ], [ 1.461210294099123, 41.444011402199003 ], [ 1.461270127996286, 41.444012202351068 ], [ 1.461329961895864, 41.444013002472055 ], [ 1.461389795797858, 41.444013802561919 ], [ 1.461449629702268, 41.444014602620662 ], [ 1.461509463609094, 41.444015402648319 ], [ 1.461569297518335, 41.44401620264486 ], [ 1.461629131429991, 41.444017002610266 ], [ 1.461688965344061, 41.4440178025446 ], [ 1.461748799260549, 41.444018602447812 ], [ 1.461808633179449, 41.444019402319931 ], [ 1.461868467100765, 41.444020202160942 ], [ 1.461928301024496, 41.444021001970853 ], [ 1.46198813495064, 41.444021801749649 ], [ 1.462047968879201, 41.444022601497338 ], [ 1.462107802810176, 41.444023401213926 ], [ 1.462167636743564, 41.444024200899399 ], [ 1.462227470679368, 41.444025000553765 ], [ 1.462287304617585, 41.444025800177016 ], [ 1.462288367301032, 41.443980778643379 ], [ 1.462289429982063, 41.443935757109344 ], [ 1.462290492660682, 41.443890735574918 ], [ 1.462291555336886, 41.443845714040116 ], [ 1.462292618010677, 41.443800692504958 ], [ 1.462293680682053, 41.443755670969423 ], [ 1.462294743351016, 41.443710649433498 ], [ 1.462295806017564, 41.443665627897197 ], [ 1.462296868681699, 41.443620606360511 ], [ 1.462297931343421, 41.443575584823471 ], [ 1.462298994002728, 41.443530563286025 ], [ 1.462300056659622, 41.443485541748224 ], [ 1.462301119314101, 41.443440520210039 ], [ 1.462302181966168, 41.443395498671478 ], [ 1.462303244615819, 41.443350477132554 ], [ 1.462304307263057, 41.443305455593219 ], [ 1.462305369907882, 41.443260434053535 ], [ 1.462306432550293, 41.443215412513446 ], [ 1.46230749519029, 41.44317039097298 ], [ 1.462308557827873, 41.443125369432174 ], [ 1.462309620463043, 41.443080347890962 ], [ 1.462310683095798, 41.443035326349388 ], [ 1.462311745726141, 41.442990304807424 ], [ 1.462312808354068, 41.442945283265097 ], [ 1.462313870979582, 41.442900261722357 ], [ 1.462314933602683, 41.44285524017927 ], [ 1.46231599622337, 41.442810218635806 ], [ 1.462317058841644, 41.442765197091951 ], [ 1.462318121457504, 41.442720175547734 ], [ 1.46231918407095, 41.442675154003126 ], [ 1.46237901677182, 41.442675953557526 ], [ 1.462438849475105, 41.442676753080811 ], [ 1.462498682180804, 41.442677552572995 ], [ 1.462558514888917, 41.442678352034072 ], [ 1.462618347599443, 41.442679151464034 ], [ 1.462619410003856, 41.442634129912769 ], [ 1.462620472405855, 41.442589108361126 ], [ 1.462621534805441, 41.442544086809086 ], [ 1.462622597202614, 41.442499065256683 ], [ 1.462623659597373, 41.442454043703904 ], [ 1.462683492103694, 41.442454843096485 ], [ 1.462743324612429, 41.442455642457951 ], [ 1.462803157123577, 41.442456441788309 ], [ 1.462862989637137, 41.442457241087581 ], [ 1.462922822153111, 41.442458040355739 ], [ 1.462923884338841, 41.44241301879628 ], [ 1.462924946522157, 41.44236799723646 ], [ 1.46292600870306, 41.442322975676248 ], [ 1.462927070881551, 41.44227795411566 ], [ 1.462928133057629, 41.442232932554717 ], [ 1.4629879653694, 41.442233731785464 ], [ 1.463047797683582, 41.442234530985118 ], [ 1.463107630000179, 41.442235330153665 ], [ 1.463167462319187, 41.442236129291132 ], [ 1.463227294640609, 41.442236928397456 ], [ 1.463287126964442, 41.442237727472687 ], [ 1.463346959290689, 41.44223852651681 ], [ 1.463406791619347, 41.442239325529854 ], [ 1.463466623950417, 41.442240124511784 ], [ 1.4635264562839, 41.442240923462585 ], [ 1.463586288619793, 41.442241722382313 ], [ 1.4636461209581, 41.442242521270906 ], [ 1.463705953298818, 41.442243320128405 ], [ 1.463765785641948, 41.442244118954818 ], [ 1.46382561798749, 41.442244917750116 ], [ 1.463826679541309, 41.442199896169896 ], [ 1.463827741092717, 41.44215487458932 ], [ 1.463828802641715, 41.442109853008361 ], [ 1.463829864188301, 41.442064831427018 ], [ 1.463830925732474, 41.442019809845306 ], [ 1.463831987274239, 41.441974788263217 ], [ 1.463833048813591, 41.44192976668073 ], [ 1.463834110350532, 41.441884745097894 ], [ 1.463835171885062, 41.441839723514661 ], [ 1.46383623341718, 41.441794701931059 ], [ 1.463896065351906, 41.441795500682687 ], [ 1.463955897289044, 41.441796299403201 ], [ 1.464015729228592, 41.4417970980926 ], [ 1.464075561170552, 41.441797896750906 ], [ 1.464135393114924, 41.441798695378104 ], [ 1.464195225061706, 41.44179949397418 ], [ 1.464255057010899, 41.441800292539178 ], [ 1.464314888962503, 41.441801091073067 ], [ 1.464374720916517, 41.441801889575856 ], [ 1.464434552872943, 41.441802688047538 ], [ 1.464435613989427, 41.441757666450975 ], [ 1.464436675103503, 41.441712644854036 ], [ 1.464437736215167, 41.441667623256734 ], [ 1.464438797324421, 41.441622601659049 ], [ 1.464439858431265, 41.441577580060979 ], [ 1.46449969018349, 41.441578378495279 ], [ 1.464559521938128, 41.44157917689845 ], [ 1.464619353695174, 41.441579975270535 ], [ 1.464679185454629, 41.441580773611527 ], [ 1.464739017216496, 41.441581571921382 ], [ 1.464798848980772, 41.441582370200145 ], [ 1.464858680747458, 41.441583168447835 ], [ 1.464918512516555, 41.441583966664375 ], [ 1.464978344288061, 41.441584764849821 ], [ 1.465038176061977, 41.441585563004182 ], [ 1.465098007838301, 41.441586361127428 ], [ 1.465157839617036, 41.441587159219566 ], [ 1.465217671398181, 41.441587957280618 ], [ 1.465277503181734, 41.441588755310548 ], [ 1.465337334967697, 41.441589553309363 ], [ 1.465397166756068, 41.441590351277135 ], [ 1.465456998546849, 41.441591149213728 ], [ 1.465516830340038, 41.441591947119242 ], [ 1.465576662135637, 41.441592744993656 ], [ 1.465636493933644, 41.441593542836962 ], [ 1.46569632573406, 41.441594340649175 ], [ 1.465756157536883, 41.441595138430252 ], [ 1.465815989342115, 41.441595936180271 ], [ 1.465875821149756, 41.441596733899161 ], [ 1.465935652959806, 41.441597531586943 ], [ 1.465936713031194, 41.441552509957098 ], [ 1.465937773100175, 41.44150748832687 ], [ 1.465938833166746, 41.441462466696258 ], [ 1.465939893230909, 41.441417445065305 ], [ 1.465940953292666, 41.44137242343394 ], [ 1.466000784898515, 41.441373221084362 ], [ 1.466060616506771, 41.441374018703655 ], [ 1.466120448117436, 41.441374816291848 ], [ 1.466180279730509, 41.441375613848933 ], [ 1.466240111345989, 41.441376411374947 ], [ 1.466299942963877, 41.441377208869824 ], [ 1.466359774584172, 41.441378006333608 ], [ 1.466419606206876, 41.441378803766291 ], [ 1.466479437831986, 41.441379601167846 ], [ 1.466539269459503, 41.441380398538328 ], [ 1.466538209810963, 41.441425420182235 ], [ 1.466537150160015, 41.441470441825778 ], [ 1.46653609050666, 41.441515463468932 ], [ 1.466535030850899, 41.441560485111715 ], [ 1.46653397119273, 41.441605506754108 ], [ 1.466532911532155, 41.441650528396146 ], [ 1.466531851869173, 41.441695550037792 ], [ 1.466530792203783, 41.441740571679063 ], [ 1.466529732535987, 41.441785593319956 ], [ 1.466528672865785, 41.441830614960487 ], [ 1.466468840825046, 41.441829817577457 ], [ 1.466409008786716, 41.441829020163318 ], [ 1.466349176750792, 41.44182822271808 ], [ 1.466289344717277, 41.441827425241748 ], [ 1.466229512686169, 41.441826627734301 ], [ 1.466228452806946, 41.441871649368167 ], [ 1.466227392925315, 41.441916671001664 ], [ 1.466226333041278, 41.441961692634763 ], [ 1.466225273154833, 41.442006714267492 ], [ 1.46622421326598, 41.442051735899838 ], [ 1.466223153374719, 41.442096757531822 ], [ 1.466222093481051, 41.442141779163428 ], [ 1.466221033584975, 41.442186800794651 ], [ 1.466219973686493, 41.442231822425477 ], [ 1.466218913785602, 41.442276844055954 ], [ 1.466159081343673, 41.442276046504844 ], [ 1.466099248904152, 41.442275248922641 ], [ 1.466039416467038, 41.442274451309324 ], [ 1.465979584032332, 41.442273653664905 ], [ 1.465919751600035, 41.442272855989387 ], [ 1.465918691490119, 41.442317877613199 ], [ 1.465917631377796, 41.442362899236642 ], [ 1.465916571263064, 41.442407920859694 ], [ 1.465915511145925, 41.442452942482376 ], [ 1.465914451026378, 41.44249796410466 ], [ 1.465854618389871, 41.442497166391767 ], [ 1.465794785755772, 41.442496368647767 ], [ 1.465734953124082, 41.442495570872644 ], [ 1.465675120494801, 41.442494773066414 ], [ 1.465615287867926, 41.442493975229112 ], [ 1.465614227539352, 41.442538996844753 ], [ 1.465613167208368, 41.442584018460018 ], [ 1.465612106874977, 41.442629040074912 ], [ 1.465611046539177, 41.442674061689424 ], [ 1.465609986200967, 41.442719083303537 ], [ 1.465550153369883, 41.442718285428839 ], [ 1.465490320541207, 41.442717487523026 ], [ 1.46543048771494, 41.442716689586113 ], [ 1.465370654891082, 41.442715891618072 ], [ 1.465310822069634, 41.442715093618951 ], [ 1.465250989250595, 41.442714295588701 ], [ 1.465191156433965, 41.442713497527357 ], [ 1.465131323619744, 41.442712699434921 ], [ 1.465071490807932, 41.442711901311363 ], [ 1.465011657998532, 41.442711103156697 ], [ 1.465010597244671, 41.442756124757892 ], [ 1.465009536488402, 41.442801146358697 ], [ 1.465008475729723, 41.442846167959154 ], [ 1.465007414968634, 41.442891189559219 ], [ 1.465006354205135, 41.442936211158887 ], [ 1.465005293439227, 41.442981232758214 ], [ 1.46500423267091, 41.443026254357136 ], [ 1.465003171900182, 41.44307127595571 ], [ 1.465002111127046, 41.443116297553871 ], [ 1.4650010503515, 41.443161319151677 ], [ 1.464999989573545, 41.443206340749086 ], [ 1.46499892879318, 41.443251362346153 ], [ 1.464997868010405, 41.443296383942808 ], [ 1.464996807225221, 41.443341405539101 ], [ 1.464995746437627, 41.443386427134996 ], [ 1.464994685647624, 41.443431448730543 ], [ 1.464993624855211, 41.443476470325706 ], [ 1.464992564060388, 41.443521491920492 ], [ 1.464991503263157, 41.443566513514888 ], [ 1.464990442463515, 41.443611535108921 ], [ 1.465050276099419, 41.443612333288712 ], [ 1.465110109737733, 41.443613131437409 ], [ 1.465169943378457, 41.443613929554971 ], [ 1.465229777021592, 41.443614727641439 ], [ 1.465289610667134, 41.443615525696792 ], [ 1.465288550071713, 41.443660547296723 ], [ 1.465287489473883, 41.443705568896291 ], [ 1.465286428873644, 41.443750590495448 ], [ 1.465285368270995, 41.443795612094256 ], [ 1.465284307665939, 41.443840633692666 ], [ 1.465283247058473, 41.443885655290721 ], [ 1.465282186448597, 41.443930676888385 ], [ 1.465281125836312, 41.44397569848568 ], [ 1.465280065221619, 41.444020720082577 ], [ 1.465279004604516, 41.444065741679118 ], [ 1.465219170545706, 41.444064943611195 ], [ 1.465159336489308, 41.444064145512165 ], [ 1.465099502435318, 41.444063347382013 ], [ 1.465039668383738, 41.444062549220767 ], [ 1.464979834334567, 41.444061751028421 ], [ 1.464978773508419, 41.444106772618305 ], [ 1.464977712679862, 41.444151794207805 ], [ 1.464976651848896, 41.444196815796914 ], [ 1.464975591015518, 41.444241837385675 ], [ 1.464974530179732, 41.444286858974046 ], [ 1.464973469341536, 41.444331880562004 ], [ 1.464972408500929, 41.444376902149614 ], [ 1.464971347657915, 41.444421923736854 ], [ 1.464970286812488, 41.444466945323697 ], [ 1.464969225964653, 41.444511966910191 ], [ 1.464968165114409, 41.444556988496302 ], [ 1.464967104261755, 41.444602010082015 ], [ 1.46496604340669, 41.444647031667344 ], [ 1.464964982549215, 41.444692053252325 ], [ 1.464963921689333, 41.444737074836908 ], [ 1.464962860827039, 41.444782096421136 ], [ 1.464961799962336, 41.444827118004966 ], [ 1.464960739095222, 41.444872139588441 ], [ 1.4649596782257, 41.44491716117151 ], [ 1.464958617353767, 41.444962182754225 ], [ 1.465018452229496, 41.444962980971709 ], [ 1.465078287107636, 41.444963779158087 ], [ 1.465138121988186, 41.444964577313357 ], [ 1.465197956871144, 41.444965375437526 ], [ 1.465257791756513, 41.444966173530574 ], [ 1.465256731088816, 41.445011195119157 ], [ 1.465255670418708, 41.445056216707414 ], [ 1.465254609746192, 41.44510123829528 ], [ 1.465253549071266, 41.445146259882748 ], [ 1.465252488393931, 41.445191281469853 ], [ 1.465251427714186, 41.445236303056568 ], [ 1.465250367032033, 41.445281324642927 ], [ 1.465249306347469, 41.445326346228917 ], [ 1.465248245660497, 41.445371367814488 ], [ 1.465247184971116, 41.445416389399689 ], [ 1.465307020272187, 41.445417187474206 ], [ 1.46536685557567, 41.445417985517608 ], [ 1.465426690881562, 41.445418783529917 ], [ 1.465486526189862, 41.445419581511082 ], [ 1.465546361500571, 41.445420379461162 ], [ 1.465606196813691, 41.445421177380133 ], [ 1.465666032129219, 41.445421975267998 ], [ 1.465725867447156, 41.445422773124768 ], [ 1.465785702767502, 41.44542357095041 ], [ 1.465845538090256, 41.445424368744945 ], [ 1.46584659836634, 41.445379347147167 ], [ 1.465847658640015, 41.44533432554902 ], [ 1.465848718911281, 41.445289303950467 ], [ 1.465849779180139, 41.445244282351567 ], [ 1.465850839446589, 41.445199260752268 ], [ 1.465910674565104, 41.445200058509414 ], [ 1.465970509686027, 41.445200856235481 ], [ 1.46603034480936, 41.445201653930397 ], [ 1.4660901799351, 41.44520245159422 ], [ 1.466150015063248, 41.445203249226935 ], [ 1.466151075120642, 41.445158227620993 ], [ 1.466152135175627, 41.445113206014682 ], [ 1.466153195228206, 41.44506818440798 ], [ 1.466154255278376, 41.445023162800915 ], [ 1.466155315326138, 41.444978141193474 ], [ 1.466215150250049, 41.444978938788793 ], [ 1.466274985176367, 41.444979736353005 ], [ 1.466334820105094, 41.444980533886124 ], [ 1.466394655036227, 41.444981331388135 ], [ 1.46645448996977, 41.444982128859039 ], [ 1.466455549808479, 41.444937107244897 ], [ 1.466456609644782, 41.444892085630443 ], [ 1.466457669478676, 41.444847064015597 ], [ 1.466458729310163, 41.444802042400347 ], [ 1.466459789139242, 41.444757020784728 ], [ 1.466399954412345, 41.444756223320113 ], [ 1.466340119687853, 41.444755425824397 ], [ 1.466280284965771, 41.444754628297559 ], [ 1.466220450246097, 41.4447538307396 ], [ 1.466160615528831, 41.444753033150562 ], [ 1.466161675562146, 41.444708011540826 ], [ 1.466162735593052, 41.444662989930741 ], [ 1.466163795621551, 41.444617968320259 ], [ 1.466164855647642, 41.444572946709421 ], [ 1.466165915671325, 41.444527925098186 ], [ 1.466166975692601, 41.444482903486609 ], [ 1.466168035711469, 41.444437881874613 ], [ 1.466169095727928, 41.444392860262262 ], [ 1.46617015574198, 41.444347838649541 ], [ 1.466171215753623, 41.444302817036423 ], [ 1.466111381452047, 41.444302019428818 ], [ 1.466051547152877, 41.444301221790127 ], [ 1.465991712856117, 41.444300424120286 ], [ 1.465931878561763, 41.444299626419365 ], [ 1.465872044269819, 41.444298828687337 ], [ 1.465873104485694, 41.444253807080116 ], [ 1.465874164699159, 41.444208785472568 ], [ 1.465875224910216, 41.444163763864587 ], [ 1.465876285118866, 41.444118742256229 ], [ 1.465877345325107, 41.444073720647516 ], [ 1.465878405528939, 41.444028699038427 ], [ 1.465879465730363, 41.44398367742896 ], [ 1.465880525929379, 41.44393865581911 ], [ 1.465881586125988, 41.443893634208877 ], [ 1.465882646320187, 41.443848612598273 ], [ 1.465942480198861, 41.44384941031776 ], [ 1.466002314079942, 41.443850208006111 ], [ 1.466062147963432, 41.443851005663383 ], [ 1.46612198184933, 41.443851803289519 ], [ 1.466181815737636, 41.443852600884583 ], [ 1.466241649628349, 41.443853398448503 ], [ 1.466301483521471, 41.443854195981338 ], [ 1.466361317417, 41.443854993483086 ], [ 1.466421151314938, 41.443855790953684 ], [ 1.466480985215282, 41.443856588393203 ], [ 1.466482044993807, 41.443811566769682 ], [ 1.466483104769925, 41.443766545145756 ], [ 1.466484164543636, 41.443721523521461 ], [ 1.466485224314939, 41.443676501896803 ], [ 1.466486284083835, 41.44363148027174 ], [ 1.466487343850323, 41.443586458646323 ], [ 1.466488403614404, 41.443541437020521 ], [ 1.46648946337608, 41.443496415394335 ], [ 1.466490523135347, 41.443451393767774 ], [ 1.466491582892206, 41.443406372140849 ], [ 1.466551416381696, 41.443407169536705 ], [ 1.466611249873592, 41.443407966901454 ], [ 1.466671083367897, 41.443408764235087 ], [ 1.466730916864609, 41.443409561537635 ], [ 1.466790750363729, 41.443410358809054 ], [ 1.466789690813497, 41.443455380442281 ], [ 1.466788631260861, 41.443500402075088 ], [ 1.466787571705817, 41.443545423707569 ], [ 1.466786512148366, 41.44359044533963 ], [ 1.466785452588508, 41.443635466971323 ], [ 1.466845286296665, 41.443636264217936 ], [ 1.466905120007227, 41.443637061433421 ], [ 1.466964953720197, 41.443637858617819 ], [ 1.467024787435574, 41.443638655771096 ], [ 1.467084621153357, 41.443639452893258 ], [ 1.467083561797724, 41.443684474530848 ], [ 1.467082502439685, 41.443729496168096 ], [ 1.46708144307924, 41.443774517804933 ], [ 1.467080383716388, 41.443819539441407 ], [ 1.46707932435113, 41.443864561077476 ], [ 1.467139158277953, 41.443865358174811 ], [ 1.467198992207182, 41.443866155241068 ], [ 1.467258826138816, 41.443866952276181 ], [ 1.467318660072858, 41.443867749280201 ], [ 1.467378494009307, 41.443868546253114 ], [ 1.467377434848276, 41.443913567895109 ], [ 1.467376375684841, 41.443958589536699 ], [ 1.467375316519, 41.444003611177948 ], [ 1.467374257350751, 41.444048632818799 ], [ 1.467373198180096, 41.444093654459273 ], [ 1.467433032325586, 41.444094451407359 ], [ 1.467492866473482, 41.444095248324331 ], [ 1.467552700623783, 41.444096045210202 ], [ 1.467612534776491, 41.444096842064951 ], [ 1.467672368931603, 41.444097638888607 ], [ 1.467732203089122, 41.444098435681141 ], [ 1.467792037249046, 41.444099232442589 ], [ 1.467851871411376, 41.444100029172915 ], [ 1.467911705576111, 41.444100825872155 ], [ 1.467971539743252, 41.444101622540266 ], [ 1.467972598500632, 41.444056600887251 ], [ 1.467973657255609, 41.444011579233837 ], [ 1.467974716008179, 41.443966557580076 ], [ 1.467975774758347, 41.443921535925924 ], [ 1.467976833506108, 41.443876514271402 ], [ 1.467977892251464, 41.443831492616489 ], [ 1.467978950994415, 41.4437864709612 ], [ 1.467980009734962, 41.443741449305548 ], [ 1.467981068473103, 41.443696427649506 ], [ 1.467982127208839, 41.443651405993108 ], [ 1.468041960965117, 41.44365220261755 ], [ 1.468101794723798, 41.443652999210926 ], [ 1.468161628484885, 41.443653795773173 ], [ 1.468221462248377, 41.443654592304334 ], [ 1.468281296014274, 41.44365538880438 ], [ 1.468282354540973, 41.443610367141311 ], [ 1.468283413065268, 41.443565345477865 ], [ 1.46828447158716, 41.443520323814056 ], [ 1.468285530106646, 41.443475302149878 ], [ 1.468286588623728, 41.443430280485302 ], [ 1.468346422185399, 41.443431076947974 ], [ 1.468406255749473, 41.443431873379517 ], [ 1.468466089315952, 41.44343266977998 ], [ 1.468525922884836, 41.443433466149337 ], [ 1.468585756456123, 41.443434262487564 ], [ 1.468586814764172, 41.443389240816359 ], [ 1.468587873069815, 41.443344219144784 ], [ 1.468588931373056, 41.44329919747279 ], [ 1.468589989673892, 41.44325417580044 ], [ 1.468591047972324, 41.443209154127722 ], [ 1.468650881339387, 41.443209950428574 ], [ 1.468710714708855, 41.443210746698348 ], [ 1.468770548080726, 41.443211542937014 ], [ 1.468830381455, 41.443212339144559 ], [ 1.46889021483168, 41.443213135321017 ], [ 1.468891272921081, 41.44316811364164 ], [ 1.468892331008078, 41.44312309196188 ], [ 1.468893389092672, 41.443078070281771 ], [ 1.468894447174862, 41.443033048601258 ], [ 1.46889550525465, 41.442988026920368 ], [ 1.468955338427106, 41.442988823059459 ], [ 1.469015171601965, 41.442989619167413 ], [ 1.469075004779228, 41.442990415244282 ], [ 1.469134837958894, 41.442991211290021 ], [ 1.469194671140964, 41.442992007304674 ], [ 1.469254504325436, 41.442992803288227 ], [ 1.469314337512312, 41.442993599240673 ], [ 1.46937417070159, 41.442994395162017 ], [ 1.469434003893273, 41.442995191052233 ], [ 1.469493837087357, 41.442995986911349 ], [ 1.469494894751491, 41.442950965217562 ], [ 1.46949595241322, 41.442905943523385 ], [ 1.469497010072549, 41.442860921828853 ], [ 1.469498067729474, 41.442815900133937 ], [ 1.469499125383997, 41.44277087843863 ], [ 1.469500183036118, 41.44272585674296 ], [ 1.469501240685836, 41.442680835046914 ], [ 1.469502298333152, 41.442635813350471 ], [ 1.469503355978065, 41.442590791653693 ], [ 1.469504413620576, 41.442545769956503 ], [ 1.469564246403817, 41.442546565771991 ], [ 1.469624079189459, 41.442547361556365 ], [ 1.469683911977503, 41.442548157309638 ], [ 1.469743744767952, 41.442548953031825 ], [ 1.469803577560802, 41.442549748722868 ], [ 1.469804634994289, 41.442504727019042 ], [ 1.469805692425375, 41.44245970531486 ], [ 1.469806749854059, 41.442414683610266 ], [ 1.469807807280341, 41.442369661905332 ], [ 1.469808864704221, 41.442324640199978 ], [ 1.469868697292852, 41.442325435853682 ], [ 1.469928529883886, 41.442326231476279 ], [ 1.469988362477323, 41.442327027067769 ], [ 1.47004819507316, 41.442327822628123 ], [ 1.4701080276714, 41.442328618157433 ], [ 1.470109084886259, 41.442283596445449 ], [ 1.470110142098717, 41.442238574733089 ], [ 1.470111199308775, 41.442193553020367 ], [ 1.470112256516428, 41.442148531307268 ], [ 1.470113313721681, 41.442103509593792 ], [ 1.470173146115706, 41.442104305085685 ], [ 1.47023297851213, 41.442105100546499 ], [ 1.470292810910957, 41.442105895976212 ], [ 1.470352643312185, 41.442106691374796 ], [ 1.470412475715813, 41.442107486742302 ], [ 1.470413532712049, 41.442062465022168 ], [ 1.470414589705884, 41.442017443301665 ], [ 1.470415646697318, 41.441972421580807 ], [ 1.47041670368635, 41.441927399859559 ], [ 1.470417760672983, 41.441882378137933 ], [ 1.470418817657212, 41.441837356415924 ], [ 1.470419874639043, 41.441792334693538 ], [ 1.470420931618472, 41.441747312970776 ], [ 1.4704219885955, 41.441702291247651 ], [ 1.470423045570128, 41.441657269524114 ], [ 1.470482877562928, 41.441658064847985 ], [ 1.470542709558131, 41.441658860140762 ], [ 1.470602541555734, 41.441659655402404 ], [ 1.470662373555738, 41.441660450632966 ], [ 1.470722205558143, 41.441661245832407 ], [ 1.470723262323757, 41.441616224102269 ], [ 1.470724319086971, 41.44157120237174 ], [ 1.470725375847785, 41.441526180640828 ], [ 1.470726432606198, 41.441481158909546 ], [ 1.470727489362211, 41.441436137177888 ], [ 1.470728546115824, 41.441391115445846 ], [ 1.470729602867036, 41.441346093713427 ], [ 1.470730659615848, 41.441301071980646 ], [ 1.470731716362258, 41.441256050247482 ], [ 1.47073277310627, 41.441211028513933 ], [ 1.47073382984788, 41.441166006780001 ], [ 1.470734886587091, 41.441120985045714 ], [ 1.4707359433239, 41.441075963311043 ], [ 1.47073700005831, 41.441030941575988 ], [ 1.47073805679032, 41.440985919840543 ], [ 1.470678225407741, 41.440985124659861 ], [ 1.470618394027564, 41.440984329448113 ], [ 1.470558562649787, 41.440983534205216 ], [ 1.47049873127441, 41.440982738931254 ], [ 1.470438899901435, 41.440981943626177 ], [ 1.470439956837648, 41.440936921896608 ], [ 1.470441013771462, 41.440891900166683 ], [ 1.470442070702875, 41.440846878436382 ], [ 1.470443127631886, 41.440801856705676 ], [ 1.470444184558496, 41.440756834974636 ], [ 1.470384353394527, 41.440756039644725 ], [ 1.470324522232957, 41.440755244283679 ], [ 1.470264691073789, 41.440754448891553 ], [ 1.470204859917023, 41.44075365346832 ], [ 1.470145028762657, 41.440752858013973 ], [ 1.47014608589347, 41.440707836288802 ], [ 1.470147143021882, 41.440662814563247 ], [ 1.470148200147891, 41.440617792837315 ], [ 1.4701492572715, 41.440572771111022 ], [ 1.470150314392709, 41.440527749384323 ], [ 1.470210145340473, 41.440528544832404 ], [ 1.470269976290638, 41.440529340249384 ], [ 1.470329807243204, 41.440530135635271 ], [ 1.47038963819817, 41.440530930990036 ], [ 1.470449469155541, 41.440531726313701 ], [ 1.470450526067746, 41.440486704580373 ], [ 1.470451582977552, 41.440441682846654 ], [ 1.470452639884957, 41.440396661112608 ], [ 1.470453696789961, 41.440351639378157 ], [ 1.470454753692565, 41.440306617643323 ], [ 1.470514584445736, 41.440307412929634 ], [ 1.470574415201306, 41.440308208184831 ], [ 1.470634245959278, 41.440309003408927 ], [ 1.47069407671965, 41.44030979860193 ], [ 1.470753907482423, 41.440310593763819 ], [ 1.470754964176028, 41.440265572022355 ], [ 1.470756020867233, 41.440220550280507 ], [ 1.470757077556038, 41.44017552853829 ], [ 1.470758134242442, 41.440130506795697 ], [ 1.470759190926447, 41.440085485052712 ], [ 1.470760247608051, 41.440040463309366 ], [ 1.470761304287254, 41.439995441565657 ], [ 1.470762360964058, 41.439950419821528 ], [ 1.470763417638461, 41.439905398077045 ], [ 1.470764474310465, 41.439860376332184 ], [ 1.470765530980067, 41.439815354586948 ], [ 1.47076658764727, 41.439770332841341 ], [ 1.470767644312074, 41.43972531109533 ], [ 1.470768700974476, 41.439680289348964 ], [ 1.470769757634477, 41.439635267602235 ], [ 1.470829587779867, 41.439636062714243 ], [ 1.470889417927658, 41.439636857795165 ], [ 1.470949248077846, 41.439637652844958 ], [ 1.471009078230437, 41.439638447863658 ], [ 1.471068908385426, 41.439639242851278 ], [ 1.471069964836438, 41.439594221097892 ], [ 1.47107102128505, 41.439549199344121 ], [ 1.471072077731261, 41.439504177589974 ], [ 1.471073134175073, 41.439459155835479 ], [ 1.471074190616485, 41.439414134080579 ], [ 1.471075247055498, 41.43936911232533 ], [ 1.471076303492111, 41.439324090569663 ], [ 1.471077359926327, 41.439279068813661 ], [ 1.47107841635814, 41.439234047057255 ], [ 1.471079472787555, 41.439189025300493 ], [ 1.47108052921457, 41.439144003543326 ], [ 1.471081585639185, 41.439098981785804 ], [ 1.471082642061401, 41.439053960027884 ], [ 1.471083698481217, 41.439008938269616 ], [ 1.471084754898634, 41.438963916510957 ], [ 1.471085811313652, 41.438918894751907 ], [ 1.471086867726269, 41.438873872992502 ], [ 1.471087924136487, 41.438828851232714 ], [ 1.471088980544305, 41.438783829472541 ], [ 1.471090036949724, 41.438738807711985 ], [ 1.471091093352743, 41.438693785951067 ], [ 1.471092149753363, 41.438648764189765 ], [ 1.471093206151584, 41.438603742428072 ], [ 1.471094262547403, 41.438558720666038 ], [ 1.471095318940826, 41.438513698903584 ], [ 1.471096375331848, 41.438468677140776 ], [ 1.47109743172047, 41.438423655377569 ], [ 1.471098488106692, 41.438378633614008 ], [ 1.471099544490516, 41.438333611850098 ], [ 1.471100600871939, 41.438288590085762 ], [ 1.471101657250964, 41.43824356832107 ], [ 1.471102713627589, 41.438198546555995 ], [ 1.471103770001814, 41.438153524790543 ], [ 1.47110482637364, 41.438108503024722 ], [ 1.471105882743067, 41.438063481258503 ], [ 1.471046054034159, 41.438062686314694 ], [ 1.47098622532765, 41.438061891339821 ], [ 1.470926396623542, 41.438061096333804 ], [ 1.470866567921835, 41.438060301296701 ], [ 1.470806739222526, 41.438059506228505 ], [ 1.470807795796128, 41.438014484468162 ], [ 1.470808852367331, 41.437969462707457 ], [ 1.470809908936131, 41.437924440946396 ], [ 1.470810965502535, 41.437879419184938 ], [ 1.470812022066536, 41.437834397423103 ], [ 1.470752193576202, 41.437833602330052 ], [ 1.470692365088268, 41.437832807205922 ], [ 1.470632536602734, 41.437832012050677 ], [ 1.4705727081196, 41.437831216864325 ], [ 1.470512879638868, 41.437830421646865 ], [ 1.470453051160535, 41.43782962639834 ], [ 1.470393222684605, 41.437828831118658 ], [ 1.470333394211073, 41.437828035807932 ], [ 1.470273565739942, 41.437827240466071 ], [ 1.470213737271214, 41.437826445093123 ], [ 1.470153908804886, 41.437825649689088 ], [ 1.470094080340959, 41.437824854253954 ], [ 1.470034251879434, 41.437824058787697 ], [ 1.46997442342031, 41.437823263290326 ], [ 1.469914594963586, 41.437822467761876 ], [ 1.469915652144905, 41.437777446018451 ], [ 1.469916709323821, 41.43773242427465 ], [ 1.469917766500337, 41.437687402530464 ], [ 1.469918823674451, 41.437642380785917 ], [ 1.469919880846165, 41.437597359040964 ], [ 1.469860052598415, 41.437596563487666 ], [ 1.469800224353065, 41.437595767903304 ], [ 1.469740396110118, 41.437594972287805 ], [ 1.469680567869572, 41.437594176641213 ], [ 1.469620739631429, 41.437593380963534 ], [ 1.469619682253146, 41.437638402702206 ], [ 1.469618624872462, 41.437683424440515 ], [ 1.469617567489374, 41.437728446178426 ], [ 1.469616510103887, 41.437773467915974 ], [ 1.469615452715997, 41.437818489653139 ], [ 1.469555624273685, 41.437817693938079 ], [ 1.469495795833774, 41.437816898191947 ], [ 1.469435967396267, 41.437816102414679 ], [ 1.46937613896116, 41.437815306606325 ], [ 1.469316310528457, 41.437814510766891 ], [ 1.469317368122919, 41.437769489035972 ], [ 1.469318425714977, 41.437724467304704 ], [ 1.469319483304634, 41.437679445573039 ], [ 1.469320540891889, 41.437634423841004 ], [ 1.469321598476741, 41.4375894021086 ], [ 1.469261770253012, 41.437588606244304 ], [ 1.469201942031683, 41.437587810348923 ], [ 1.469142113812759, 41.437587014422434 ], [ 1.469082285596235, 41.437586218464851 ], [ 1.469022457382116, 41.437585422476147 ], [ 1.468962629170398, 41.437584626456378 ], [ 1.468902800961085, 41.43758383040548 ], [ 1.468842972754174, 41.437583034323517 ], [ 1.468783144549668, 41.437582238210418 ], [ 1.468723316347562, 41.437581442066218 ], [ 1.468663488147861, 41.437580645890939 ], [ 1.468603659950563, 41.437579849684546 ], [ 1.468543831755669, 41.437579053447067 ], [ 1.468484003563179, 41.437578257178487 ], [ 1.468424175373091, 41.437577460878806 ], [ 1.468423117168532, 41.437622482592424 ], [ 1.468422058961566, 41.437667504305658 ], [ 1.4684210007522, 41.437712526018494 ], [ 1.468419942540427, 41.437757547730996 ], [ 1.468418884326252, 41.437802569443086 ], [ 1.468359055932, 41.437801773106038 ], [ 1.468299227540151, 41.43780097673789 ], [ 1.468239399150706, 41.437800180338634 ], [ 1.468179570763665, 41.437799383908292 ], [ 1.46811974237903, 41.437798587446814 ], [ 1.468059913996797, 41.437797790954271 ], [ 1.468000085616969, 41.437796994430627 ], [ 1.467940257239546, 41.437796197875876 ], [ 1.467880428864527, 41.437795401290003 ], [ 1.467820600491913, 41.437794604673059 ], [ 1.467760772121704, 41.437793808024992 ], [ 1.467700943753899, 41.437793011345839 ], [ 1.467641115388502, 41.437792214635586 ], [ 1.467581287025506, 41.437791417894239 ], [ 1.467521458664917, 41.437790621121785 ], [ 1.467461630306735, 41.437789824318216 ], [ 1.467401801950956, 41.437789027483568 ], [ 1.467341973597583, 41.437788230617819 ], [ 1.467282145246615, 41.437787433720963 ], [ 1.467222316898054, 41.437786636793007 ], [ 1.467162488551898, 41.437785839833964 ], [ 1.467102660208148, 41.437785042843807 ], [ 1.467042831866805, 41.437784245822527 ], [ 1.466983003527866, 41.43778344877019 ], [ 1.466923175191335, 41.437782651686732 ], [ 1.466863346857208, 41.437781854572172 ], [ 1.466803518525489, 41.437781057426513 ], [ 1.466743690196175, 41.437780260249752 ], [ 1.466683861869269, 41.437779463041906 ], [ 1.466624033544769, 41.437778665802945 ], [ 1.466564205222676, 41.437777868532912 ], [ 1.46650437690299, 41.43777707123175 ], [ 1.466444548585709, 41.437776273899473 ], [ 1.466384720270837, 41.437775476536125 ], [ 1.466324891958372, 41.437774679141675 ], [ 1.46632595161854, 41.437729657473469 ], [ 1.466327011276302, 41.437684635804906 ], [ 1.466328070931655, 41.437639614135961 ], [ 1.466329130584602, 41.437594592466631 ], [ 1.466330190235142, 41.437549570796925 ], [ 1.466331249883276, 41.437504549126828 ], [ 1.466332309529003, 41.437459527456362 ], [ 1.466333369172322, 41.43741450578554 ], [ 1.466334428813235, 41.437369484114313 ], [ 1.466335488451742, 41.437324462442724 ], [ 1.466275660554818, 41.43732366502973 ], [ 1.466215832660303, 41.437322867585621 ], [ 1.466156004768194, 41.43732207011044 ], [ 1.466096176878492, 41.437321272604137 ], [ 1.466036348991199, 41.437320475066748 ], [ 1.465976521106313, 41.437319677498223 ], [ 1.465916693223834, 41.437318879898612 ], [ 1.465856865343764, 41.437318082267943 ], [ 1.465797037466101, 41.437317284606138 ], [ 1.465737209590845, 41.437316486913232 ], [ 1.465738269640075, 41.437271465253829 ], [ 1.465739329686896, 41.437226443594035 ], [ 1.465740389731309, 41.437181421933872 ], [ 1.465741449773316, 41.437136400273317 ], [ 1.465742509812914, 41.437091378612401 ], [ 1.465682682146632, 41.437090580894669 ], [ 1.465622854482756, 41.437089783145836 ], [ 1.465563026821289, 41.437088985365953 ], [ 1.465503199162231, 41.437088187554927 ], [ 1.465443371505581, 41.437087389712822 ], [ 1.465383543851338, 41.437086591839602 ], [ 1.465323716199505, 41.437085793935289 ], [ 1.46526388855008, 41.437084995999882 ], [ 1.465204060903065, 41.437084198033368 ], [ 1.465144233258458, 41.437083400035775 ], [ 1.465143172805735, 41.4371284216841 ], [ 1.465142112350603, 41.437173443332085 ], [ 1.465141051893061, 41.437218464979694 ], [ 1.46513999143311, 41.437263486626946 ], [ 1.465138930970752, 41.437308508273787 ], [ 1.465137870505984, 41.437353529920273 ], [ 1.465136810038808, 41.437398551566353 ], [ 1.465135749569223, 41.437443573212072 ], [ 1.46513468909723, 41.437488594857435 ], [ 1.465133628622828, 41.437533616502392 ], [ 1.465132568146016, 41.437578638146981 ], [ 1.465131507666795, 41.437623659791186 ], [ 1.465130447185167, 41.437668681435021 ], [ 1.465129386701129, 41.437713703078494 ], [ 1.465128326214683, 41.437758724721583 ], [ 1.465068497952787, 41.43775792667401 ], [ 1.465008669693301, 41.437757128595358 ], [ 1.464948841436223, 41.437756330485591 ], [ 1.464889013181555, 41.43775553234476 ], [ 1.464829184929297, 41.437754734172799 ], [ 1.464828124233871, 41.437799755809209 ], [ 1.464827063536037, 41.43784477744525 ], [ 1.464826002835794, 41.437889799080928 ], [ 1.464824942133141, 41.437934820716208 ], [ 1.464823881428079, 41.437979842351119 ], [ 1.46476405297166, 41.437979044141784 ], [ 1.464704224517649, 41.437978245901348 ], [ 1.464644396066049, 41.437977447629805 ], [ 1.464584567616858, 41.437976649327169 ], [ 1.464524739170079, 41.437975850993425 ], [ 1.464464910725706, 41.437975052628595 ], [ 1.464405082283745, 41.437974254232664 ], [ 1.464345253844194, 41.437973455805611 ], [ 1.464285425407055, 41.437972657347487 ], [ 1.464225596972325, 41.437971858858241 ], [ 1.464165768540006, 41.437971060337894 ], [ 1.464105940110096, 41.437970261786454 ], [ 1.464046111682598, 41.437969463203942 ], [ 1.463986283257511, 41.437968664590294 ], [ 1.463926454834834, 41.437967865945538 ], [ 1.463925393507647, 41.438012887561236 ], [ 1.46392433217805, 41.438057909176536 ], [ 1.463923270846042, 41.438102930791459 ], [ 1.463922209511626, 41.438147952405991 ], [ 1.463921148174796, 41.438192974020176 ], [ 1.463861319547958, 41.438192175338024 ], [ 1.463801490923532, 41.438191376624822 ], [ 1.463741662301515, 41.438190577880484 ], [ 1.463681833681909, 41.438189779105066 ], [ 1.463622005064717, 41.438188980298541 ], [ 1.463623066608119, 41.438143958690667 ], [ 1.463624128149111, 41.438098937082401 ], [ 1.46362518968769, 41.438053915473745 ], [ 1.463626251223858, 41.438008893864755 ], [ 1.463627312757616, 41.437963872255345 ], [ 1.463567484349406, 41.437963073424008 ], [ 1.463507655943608, 41.437962274561563 ], [ 1.463447827540222, 41.437961475668033 ], [ 1.463387999139246, 41.437960676743394 ], [ 1.463328170740683, 41.437959877787641 ], [ 1.463268342344533, 41.437959078800809 ], [ 1.463208513950793, 41.437958279782876 ], [ 1.463148685559465, 41.437957480733829 ], [ 1.46308885717055, 41.437956681653702 ], [ 1.463029028784048, 41.437955882542447 ], [ 1.462969200399957, 41.437955083400105 ], [ 1.462909372018278, 41.437954284226677 ], [ 1.462849543639013, 41.437953485022121 ], [ 1.462789715262159, 41.437952685786485 ], [ 1.462729886887721, 41.43795188651977 ], [ 1.46272882473425, 41.437996908110271 ], [ 1.462727762578366, 41.438041929700411 ], [ 1.46272670042007, 41.438086951290188 ], [ 1.462725638259363, 41.438131972879589 ], [ 1.462724576096241, 41.438176994468584 ], [ 1.462664747517642, 41.438176195164452 ], [ 1.462604918941455, 41.438175395829234 ], [ 1.462545090367683, 41.4381745964629 ], [ 1.462485261796322, 41.438173797065453 ], [ 1.462425433227376, 41.438172997636933 ], [ 1.462365604660842, 41.438172198177284 ], [ 1.462305776096722, 41.438171398686563 ], [ 1.462245947535014, 41.438170599164728 ], [ 1.462186118975721, 41.438169799611792 ], [ 1.462126290418843, 41.438169000027763 ], [ 1.462125227840162, 41.43821402160382 ], [ 1.462124165259071, 41.438259043179478 ], [ 1.462123102675563, 41.438304064754782 ], [ 1.462122040089642, 41.438349086329708 ], [ 1.46212097750131, 41.43839410790423 ], [ 1.462119914910561, 41.438439129478397 ], [ 1.462118852317401, 41.438484151052201 ], [ 1.462117789721826, 41.438529172625614 ], [ 1.462116727123838, 41.43857419419863 ], [ 1.462115664523436, 41.438619215771283 ], [ 1.46205583555582, 41.438618416143562 ], [ 1.461996006590619, 41.438617616484734 ], [ 1.461936177627832, 41.438616816794813 ], [ 1.46187634866746, 41.438616017073784 ], [ 1.461816519709499, 41.438615217321669 ], [ 1.461815456900106, 41.438660238887643 ], [ 1.461814394088299, 41.438705260453254 ], [ 1.461813331274078, 41.438750282018475 ], [ 1.461812268457443, 41.438795303583319 ], [ 1.461811205638395, 41.438840325147801 ], [ 1.461751376476272, 41.438839525358276 ], [ 1.461691547316563, 41.438838725537657 ], [ 1.461631718159268, 41.438837925685938 ], [ 1.461571889004389, 41.438837125803104 ], [ 1.461512059851924, 41.438836325889163 ], [ 1.461510996823881, 41.438881347446966 ], [ 1.461509933793423, 41.438926369004413 ], [ 1.461508870760551, 41.438971390561441 ], [ 1.461507807725265, 41.439016412118107 ], [ 1.461506744687563, 41.439061433674389 ], [ 1.461446915330934, 41.439060633723074 ], [ 1.461387085976718, 41.439059833740629 ], [ 1.461327256624916, 41.439059033727133 ], [ 1.461267427275531, 41.439058233682488 ], [ 1.461207597928561, 41.43905743360677 ], [ 1.461147768584006, 41.439056633499931 ], [ 1.461087939241866, 41.439055833362019 ], [ 1.461028109902142, 41.439055033192979 ], [ 1.460968280564834, 41.439054232992845 ], [ 1.460908451229941, 41.439053432761618 ], [ 1.460848621897464, 41.439052632499276 ], [ 1.460788792567402, 41.439051832205841 ], [ 1.460728963239758, 41.439051031881306 ], [ 1.460669133914529, 41.439050231525663 ], [ 1.460609304591715, 41.439049431138933 ], [ 1.460549475271319, 41.439048630721089 ], [ 1.460489645953338, 41.439047830272152 ], [ 1.460429816637774, 41.439047029792107 ], [ 1.460369987324627, 41.439046229280969 ], [ 1.460310158013896, 41.439045428738737 ], [ 1.460250328705581, 41.439044628165377 ], [ 1.460190499399685, 41.439043827560916 ], [ 1.460130670096204, 41.43904302692539 ], [ 1.46007084079514, 41.439042226258728 ], [ 1.460011011496494, 41.439041425560966 ], [ 1.46000994742347, 41.439086447085401 ], [ 1.460008883348031, 41.439131468609425 ], [ 1.460007819270173, 41.439176490133079 ], [ 1.460006755189899, 41.439221511656363 ], [ 1.460005691107208, 41.439266533179264 ], [ 1.459945861604397, 41.439265732444113 ], [ 1.459886032104003, 41.439264931677847 ], [ 1.459826202606027, 41.439264130880503 ], [ 1.459766373110468, 41.43926333005205 ], [ 1.459706543617327, 41.439262529192469 ], [ 1.459646714126603, 41.439261728301823 ], [ 1.459586884638296, 41.439260927380076 ], [ 1.459527055152409, 41.439260126427229 ], [ 1.459467225668939, 41.439259325443246 ], [ 1.459407396187886, 41.439258524428176 ], [ 1.459347566709254, 41.439257723382013 ], [ 1.459287737233038, 41.439256922304729 ], [ 1.45922790775924, 41.439256121196365 ], [ 1.459168078287862, 41.439255320056887 ], [ 1.459108248818901, 41.439254518886337 ], [ 1.45910931352134, 41.439209497382336 ], [ 1.459110378221361, 41.439164475877959 ], [ 1.459111442918963, 41.439119454373213 ], [ 1.459112507614149, 41.439074432868111 ], [ 1.459113572306914, 41.439029411362604 ], [ 1.459053743046955, 41.439028610167227 ], [ 1.458993913789413, 41.439027808940779 ], [ 1.45893408453429, 41.439027007683187 ], [ 1.458874255281586, 41.439026206394537 ], [ 1.458814426031302, 41.439025405074759 ], [ 1.458754596783435, 41.439024603723873 ], [ 1.45869476753799, 41.4390238023419 ], [ 1.458634938294961, 41.439023000928863 ], [ 1.458575109054354, 41.439022199484661 ], [ 1.458515279816165, 41.439021398009388 ], [ 1.458514214710238, 41.439066419502261 ], [ 1.458513149601893, 41.439111440994786 ], [ 1.458512084491127, 41.439156462486906 ], [ 1.458511019377942, 41.439201483978643 ], [ 1.458509954262337, 41.439246505470038 ], [ 1.458450124819987, 41.439245703957333 ], [ 1.458390295380056, 41.439244902413577 ], [ 1.458330465942545, 41.439244100838664 ], [ 1.458270636507455, 41.439243299232665 ], [ 1.458210807074783, 41.439242497595586 ], [ 1.458150977644533, 41.439241695927386 ], [ 1.458091148216702, 41.439240894228107 ], [ 1.458031318791291, 41.43924009249772 ], [ 1.4579714893683, 41.439239290736204 ], [ 1.457911659947731, 41.439238488943616 ], [ 1.457910594416542, 41.439283510421987 ], [ 1.457909528882932, 41.439328531899989 ], [ 1.457908463346904, 41.439373553377607 ], [ 1.457907397808455, 41.439418574854855 ], [ 1.457906332267585, 41.43946359633172 ], [ 1.457846502642853, 41.439462794501708 ], [ 1.45778667302054, 41.439461992640609 ], [ 1.457726843400648, 41.439461190748382 ], [ 1.457667013783178, 41.439460388825054 ], [ 1.457607184168128, 41.439459586870662 ], [ 1.457606118418254, 41.439504608340826 ], [ 1.457605052665957, 41.439549629810635 ], [ 1.457603986911242, 41.439594651280053 ], [ 1.457602921154104, 41.439639672749109 ], [ 1.457601855394547, 41.439684694217767 ], [ 1.457542025575334, 41.439683892225936 ], [ 1.45748219575854, 41.439683090203026 ], [ 1.457422365944168, 41.439682288148973 ], [ 1.457362536132218, 41.439681486063833 ], [ 1.457302706322689, 41.439680683947614 ], [ 1.457301640354123, 41.439725705409572 ], [ 1.457300574383137, 41.439770726871188 ], [ 1.457299508409729, 41.439815748332421 ], [ 1.457298442433901, 41.439860769793235 ], [ 1.45729737645565, 41.439905791253707 ], [ 1.457237546441954, 41.43990498910005 ], [ 1.457177716430681, 41.4399041869153 ], [ 1.457117886421829, 41.439903384699448 ], [ 1.457058056415399, 41.439902582452483 ], [ 1.45699822641139, 41.439901780174438 ], [ 1.45699716022413, 41.43994680162821 ], [ 1.456996094034448, 41.439991823081591 ], [ 1.456995027842343, 41.44003684453461 ], [ 1.456993961647818, 41.440081865987253 ], [ 1.456992895450869, 41.440126887439511 ], [ 1.4569918292515, 41.440171908891422 ], [ 1.456990763049708, 41.440216930342913 ], [ 1.456989696845495, 41.440261951794035 ], [ 1.45698863063886, 41.440306973244816 ], [ 1.456987564429803, 41.440351994695185 ], [ 1.456927734015035, 41.440351192373392 ], [ 1.456867903602689, 41.440350390020498 ], [ 1.456808073192766, 41.44034958763649 ], [ 1.456748242785263, 41.440348785221396 ], [ 1.456688412380184, 41.44034798277518 ], [ 1.456628581977528, 41.440347180297884 ], [ 1.456568751577294, 41.440346377789488 ], [ 1.456508921179482, 41.440345575249992 ], [ 1.456449090784094, 41.440344772679374 ], [ 1.456389260391129, 41.440343970077642 ], [ 1.456329430000586, 41.440343167444837 ], [ 1.456269599612467, 41.440342364780903 ], [ 1.456209769226772, 41.440341562085884 ], [ 1.456149938843498, 41.440340759359771 ], [ 1.456090108462648, 41.440339956602557 ], [ 1.456030278084222, 41.440339153814236 ], [ 1.455970447708219, 41.4403383509948 ], [ 1.455910617334642, 41.440337548144264 ], [ 1.455850786963485, 41.440336745262627 ], [ 1.455790956594755, 41.440335942349883 ], [ 1.455731126228447, 41.440335139406059 ], [ 1.455671295864565, 41.440334336431128 ], [ 1.455611465503105, 41.440333533425068 ], [ 1.45555163514407, 41.440332730387944 ], [ 1.45549180478746, 41.440331927319676 ], [ 1.455490737543015, 41.440376948738084 ], [ 1.455489670296146, 41.44042197015613 ], [ 1.455488603046853, 41.440466991573778 ], [ 1.455487535795136, 41.44051201299105 ], [ 1.455486468540995, 41.440557034407938 ], [ 1.455426637980214, 41.440556231302267 ], [ 1.455366807421859, 41.440555428165474 ], [ 1.455306976865927, 41.440554624997624 ], [ 1.455247146312423, 41.440553821798638 ], [ 1.455187315761341, 41.440553018568558 ], [ 1.45518624829818, 41.440598039978759 ], [ 1.455185180832595, 41.440643061388577 ], [ 1.455184113364584, 41.440688082798012 ], [ 1.45518304589415, 41.440733104207077 ], [ 1.45518197842129, 41.440778125615765 ], [ 1.455180910946006, 41.440823147024076 ], [ 1.455179843468297, 41.440868168432026 ], [ 1.455178775988164, 41.440913189839556 ], [ 1.455177708505605, 41.440958211246731 ], [ 1.455176641020621, 41.441003232653522 ], [ 1.455116810058771, 41.441002429379708 ], [ 1.455056979099346, 41.441001626074787 ], [ 1.454997148142345, 41.441000822738737 ], [ 1.45493731718777, 41.441000019371593 ], [ 1.454877486235621, 41.440999215973363 ], [ 1.454876418541613, 41.441044237373461 ], [ 1.45487535084518, 41.441089258773196 ], [ 1.454874283146322, 41.44113428017252 ], [ 1.454873215445039, 41.441179301571488 ], [ 1.454872147741332, 41.441224322970079 ], [ 1.454871080035197, 41.441269344368287 ], [ 1.454870012326639, 41.441314365766104 ], [ 1.454868944615655, 41.441359387163573 ], [ 1.454867876902245, 41.441404408560643 ], [ 1.45486680918641, 41.441449429957352 ], [ 1.454806977823483, 41.441448626515353 ], [ 1.45474714646298, 41.441447823042267 ], [ 1.454687315104906, 41.441447019538039 ], [ 1.454627483749255, 41.44144621600276 ], [ 1.45456765239603, 41.441445412436344 ], [ 1.454566584471165, 41.441490433826331 ], [ 1.454565516543876, 41.441535455215956 ], [ 1.45456444861416, 41.441580476605218 ], [ 1.454563380682019, 41.44162549799406 ], [ 1.454562312747452, 41.441670519382534 ], [ 1.454561244810459, 41.441715540770652 ], [ 1.45456017687104, 41.441760562158379 ], [ 1.454559108929196, 41.441805583545751 ], [ 1.454558040984925, 41.441850604932711 ], [ 1.454556973038229, 41.441895626319315 ], [ 1.454497141274219, 41.441894822709159 ], [ 1.454437309512635, 41.441894019067874 ], [ 1.454377477753476, 41.441893215395503 ], [ 1.454317645996743, 41.441892411692052 ], [ 1.454257814242437, 41.44189160795748 ], [ 1.454256746086707, 41.441936629337356 ], [ 1.454255677928549, 41.441981650716897 ], [ 1.454254609767967, 41.442026672096006 ], [ 1.454253541604958, 41.44207169347478 ], [ 1.454252473439522, 41.442116714853178 ], [ 1.45425140527166, 41.442161736231178 ], [ 1.454250337101372, 41.442206757608801 ], [ 1.454249268928657, 41.442251778986055 ], [ 1.454248200753516, 41.442296800362925 ], [ 1.45424713257595, 41.442341821739426 ], [ 1.454246064395955, 41.44238684311555 ], [ 1.454244996213535, 41.442431864491283 ], [ 1.454243928028689, 41.442476885866654 ], [ 1.454242859841417, 41.442521907241627 ], [ 1.454241791651717, 41.442566928616252 ], [ 1.454240723459592, 41.442611949990471 ], [ 1.454239655265041, 41.442656971364329 ], [ 1.454238587068063, 41.442701992737796 ], [ 1.454237518868659, 41.4427470141109 ], [ 1.454236450666827, 41.442792035483599 ], [ 1.454235382462569, 41.442837056855957 ], [ 1.454234314255885, 41.44288207822791 ], [ 1.454233246046776, 41.442927099599501 ], [ 1.45423217783524, 41.442972120970694 ], [ 1.454231109621277, 41.443017142341553 ], [ 1.454230041404887, 41.443062163711986 ], [ 1.454228973186072, 41.443107185082077 ], [ 1.454227904964829, 41.443152206451771 ], [ 1.454226836741159, 41.443197227821095 ], [ 1.454225768515065, 41.443242249190028 ], [ 1.454165935523493, 41.443241445386398 ], [ 1.454106102534349, 41.443240641551647 ], [ 1.454046269547631, 41.443239837685788 ], [ 1.45398643656334, 41.443239033788842 ], [ 1.453926603581475, 41.443238229860768 ], [ 1.453925535146331, 41.443283251223015 ], [ 1.45392446670876, 41.443328272584871 ], [ 1.453923398268762, 41.443373293946358 ], [ 1.453922329826337, 41.443418315307468 ], [ 1.453921261381484, 41.443463336668209 ], [ 1.453861428195425, 41.443462532702689 ], [ 1.453801595011792, 41.443461728706076 ], [ 1.453741761830587, 41.443460924678377 ], [ 1.453681928651808, 41.443460120619584 ], [ 1.453622095475459, 41.443459316529648 ], [ 1.453621026821555, 41.443504337883667 ], [ 1.453619958165224, 41.443549359237331 ], [ 1.453618889506465, 41.443594380590575 ], [ 1.453617820845279, 41.443639401943486 ], [ 1.453616752181666, 41.443684423295991 ], [ 1.453615683515624, 41.44372944464812 ], [ 1.453614614847155, 41.44377446599988 ], [ 1.453613546176259, 41.443819487351234 ], [ 1.453612477502936, 41.443864508702255 ], [ 1.453611408827185, 41.443909530052863 ], [ 1.453671242416789, 41.443910334155447 ], [ 1.453731076008821, 41.443911138226916 ], [ 1.45379090960328, 41.443911942267277 ], [ 1.453850743200166, 41.443912746276538 ], [ 1.453910576799481, 41.443913550254678 ], [ 1.453909508327931, 41.443958571611262 ], [ 1.453908439853956, 41.444003592967455 ], [ 1.453907371377553, 41.444048614323265 ], [ 1.453906302898722, 41.444093635678719 ], [ 1.453905234417465, 41.444138657033768 ], [ 1.453904165933781, 41.444183678388455 ], [ 1.45390309744767, 41.444228699742759 ], [ 1.45390202895913, 41.444273721096685 ], [ 1.453900960468166, 41.444318742450236 ], [ 1.453899891974773, 41.444363763803423 ], [ 1.453959725989777, 41.444364567763131 ], [ 1.454019560007209, 41.444365371691731 ], [ 1.454079394027068, 41.444366175589195 ], [ 1.454139228049354, 41.444366979455587 ], [ 1.454199062074067, 41.444367783290858 ], [ 1.454258896101207, 41.444368587095042 ], [ 1.454318730130775, 41.444369390868083 ], [ 1.454378564162767, 41.44437019461003 ], [ 1.454438398197186, 41.444370998320892 ], [ 1.454498232234033, 41.444371802000639 ], [ 1.454558066273306, 41.444372605649271 ], [ 1.454617900315005, 41.444373409266795 ], [ 1.454677734359129, 41.444374212853226 ], [ 1.45473756840568, 41.44437501640855 ], [ 1.454797402454658, 41.444375819932759 ], [ 1.454796334578742, 41.44442084130452 ], [ 1.4547952667004, 41.444465862675905 ], [ 1.454794198819633, 41.444510884046935 ], [ 1.454793130936439, 41.444555905417573 ], [ 1.45479206305082, 41.444600926787857 ], [ 1.454790995162775, 41.444645948157735 ], [ 1.454789927272304, 41.444690969527244 ], [ 1.454788859379409, 41.444735990896369 ], [ 1.454787791484087, 41.444781012265125 ], [ 1.454786723586338, 41.444826033633497 ], [ 1.454726889124089, 41.444825230096647 ], [ 1.454667054664263, 41.444824426528669 ], [ 1.454607220206865, 41.444823622929619 ], [ 1.454547385751892, 41.444822819299446 ], [ 1.454487551299346, 41.444822015638131 ], [ 1.454486483192534, 41.44486703699981 ], [ 1.454485415083294, 41.444912058361105 ], [ 1.45448434697163, 41.44495707972203 ], [ 1.454483278857539, 41.445002101082558 ], [ 1.454482210741021, 41.445047122442723 ], [ 1.454422376084261, 41.445046318744019 ], [ 1.454362541429928, 41.445045515014193 ], [ 1.454302706778021, 41.445044711253246 ], [ 1.454242872128542, 41.445043907461212 ], [ 1.454183037481488, 41.445043103638078 ], [ 1.454184105804648, 41.444998082284229 ], [ 1.454185174125379, 41.444953060930004 ], [ 1.454186242443685, 41.444908039575431 ], [ 1.454187310759564, 41.444863018220431 ], [ 1.454188379073015, 41.444817996865083 ], [ 1.454128544635029, 41.44481719301718 ], [ 1.45406871019947, 41.444816389138126 ], [ 1.454008875766339, 41.444815585227992 ], [ 1.453949041335633, 41.444814781286738 ], [ 1.453889206907357, 41.444813977314389 ], [ 1.453888138387267, 41.444858998663385 ], [ 1.453887069864748, 41.444904020012054 ], [ 1.453886001339802, 41.44494904136031 ], [ 1.453884932812429, 41.444994062708197 ], [ 1.45388386428263, 41.445039084055701 ], [ 1.453882795750403, 41.445084105402834 ], [ 1.45388172721575, 41.445129126749578 ], [ 1.453880658678669, 41.445174148095951 ], [ 1.45387959013916, 41.445219169441948 ], [ 1.453878521597225, 41.445264190787597 ], [ 1.453877453052862, 41.445309212132827 ], [ 1.453876384506072, 41.44535423347768 ], [ 1.453875315956854, 41.445399254822178 ], [ 1.453874247405209, 41.445444276166299 ], [ 1.453873178851138, 41.445489297510008 ], [ 1.453872110294639, 41.445534318853376 ], [ 1.453871041735713, 41.445579340196346 ], [ 1.453869973174361, 41.445624361538947 ], [ 1.453868904610579, 41.445669382881178 ], [ 1.453867836044371, 41.445714404223011 ], [ 1.453808000791947, 41.445713600194239 ], [ 1.453748165541953, 41.445712796134352 ], [ 1.453688330294384, 41.445711992043343 ], [ 1.453628495049244, 41.445711187921255 ], [ 1.453568659806532, 41.445710383768038 ], [ 1.453567591031248, 41.445755405103164 ], [ 1.453566522253537, 41.445800426437941 ], [ 1.453565453473398, 41.445845447772328 ], [ 1.453564384690831, 41.44589046910631 ], [ 1.453563315905837, 41.445935490439958 ], [ 1.453562247118414, 41.445980511773186 ], [ 1.453561178328564, 41.446025533106074 ], [ 1.453560109536286, 41.446070554438563 ], [ 1.45355904074158, 41.446115575770676 ], [ 1.453557971944445, 41.446160597102413 ], [ 1.453556903144885, 41.446205618433765 ], [ 1.453555834342896, 41.446250639764749 ], [ 1.453554765538479, 41.446295661095355 ], [ 1.453553696731633, 41.446340682425578 ], [ 1.45355262792236, 41.446385703755432 ], [ 1.45355155911066, 41.446430725084902 ], [ 1.453550490296532, 41.446475746414016 ], [ 1.453549421479976, 41.446520767742719 ], [ 1.453548352660991, 41.446565789071052 ], [ 1.45354728383958, 41.446610810399022 ], [ 1.453546215015739, 41.446655831726602 ], [ 1.453545146189472, 41.446700853053798 ], [ 1.453544077360776, 41.446745874380625 ], [ 1.453543008529652, 41.446790895707075 ], [ 1.453541939696101, 41.446835917033141 ], [ 1.453540870860122, 41.446880938358866 ], [ 1.453539802021714, 41.446925959684179 ], [ 1.453538733180879, 41.446970981009109 ], [ 1.453537664337616, 41.447016002333676 ], [ 1.453536595491924, 41.447061023657852 ], [ 1.453596431974568, 41.447061827849055 ], [ 1.453656268459639, 41.447062632009114 ], [ 1.453716104947136, 41.447063436138087 ], [ 1.453775941437062, 41.44706424023596 ], [ 1.453835777929416, 41.447065044302704 ], [ 1.453895614424198, 41.447065848338347 ], [ 1.453955450921407, 41.447066652342862 ], [ 1.454015287421044, 41.447067456316297 ], [ 1.454075123923109, 41.447068260258625 ], [ 1.4541349604276, 41.447069064169817 ], [ 1.454194796934519, 41.447069868049894 ], [ 1.454254633443864, 41.447070671898906 ], [ 1.454314469955637, 41.447071475716754 ], [ 1.454374306469837, 41.44707227950353 ], [ 1.454434142986464, 41.447073083259191 ], [ 1.454435211212169, 41.447028061916022 ], [ 1.454436279435447, 41.446983040572469 ], [ 1.4544373476563, 41.446938019228547 ], [ 1.454438415874725, 41.446892997884262 ], [ 1.454439484090724, 41.446847976539573 ], [ 1.454499320403116, 41.446848780257803 ], [ 1.454559156717935, 41.446849583944896 ], [ 1.454618993035181, 41.446850387600904 ], [ 1.454678829354852, 41.44685119122579 ], [ 1.454738665676949, 41.446851994819596 ], [ 1.454798502001474, 41.44685279838226 ], [ 1.454858338328425, 41.446853601913823 ], [ 1.454918174657802, 41.446854405414271 ], [ 1.454978010989605, 41.446855208883605 ], [ 1.455037847323833, 41.446856012321845 ], [ 1.455036779521155, 41.446901033679168 ], [ 1.455035711716052, 41.446946055036115 ], [ 1.455034643908523, 41.44699107639272 ], [ 1.455033576098568, 41.447036097748892 ], [ 1.455032508286187, 41.447081119104723 ], [ 1.455092344829503, 41.447081922518166 ], [ 1.455152181375245, 41.447082725900501 ], [ 1.455212017923413, 41.447083529251735 ], [ 1.455271854474005, 41.447084332571862 ], [ 1.455331691027024, 41.447085135860874 ], [ 1.455330623418881, 41.447130157222645 ], [ 1.455329555808313, 41.447175178584018 ], [ 1.45532848819532, 41.447220199945043 ], [ 1.455327420579902, 41.447265221305656 ], [ 1.455326352962059, 41.4473102426659 ], [ 1.455386189724166, 41.447311045930128 ], [ 1.455446026488699, 41.44731184916327 ], [ 1.455505863255658, 41.447312652365255 ], [ 1.455565700025041, 41.447313455536154 ], [ 1.45562553679685, 41.447314258675931 ], [ 1.455685373571084, 41.447315061784622 ], [ 1.45574521034774, 41.447315864862183 ], [ 1.455805047126824, 41.44731666790863 ], [ 1.455864883908332, 41.447317470923991 ], [ 1.455924720692264, 41.447318273908223 ], [ 1.455923653485327, 41.447363295280738 ], [ 1.455922586275966, 41.447408316652876 ], [ 1.45592151906418, 41.447453338024651 ], [ 1.455920451849969, 41.447498359396029 ], [ 1.455919384633336, 41.447543380767023 ], [ 1.455979221626359, 41.447544183726485 ], [ 1.456039058621807, 41.447544986654805 ], [ 1.45609889561968, 41.447545789552024 ], [ 1.456158732619976, 41.447546592418149 ], [ 1.456218569622695, 41.447547395253153 ], [ 1.45627840662784, 41.447548198057056 ], [ 1.456338243635408, 41.447549000829831 ], [ 1.456398080645401, 41.447549803571519 ], [ 1.456457917657817, 41.4475506062821 ], [ 1.456517754672656, 41.447551408961544 ], [ 1.456518821475955, 41.447506387577896 ], [ 1.456519888276829, 41.44746136619387 ], [ 1.456520955075281, 41.447416344809454 ], [ 1.45652202187131, 41.447371323424676 ], [ 1.456523088664915, 41.447326302039521 ], [ 1.456524155456096, 41.447281280653996 ], [ 1.456525222244855, 41.447236259268081 ], [ 1.45652628903119, 41.447191237881789 ], [ 1.456527355815103, 41.447146216495128 ], [ 1.456528422596592, 41.447101195108068 ], [ 1.456588259200522, 41.447101997743808 ], [ 1.456648095806877, 41.447102800348389 ], [ 1.456707932415655, 41.447103602921864 ], [ 1.456767769026857, 41.447104405464252 ], [ 1.456827605640481, 41.447105207975518 ], [ 1.456828672212882, 41.447060186581794 ], [ 1.456829738782863, 41.447015165187665 ], [ 1.456830805350418, 41.446970143793173 ], [ 1.456831871915552, 41.446925122398298 ], [ 1.456832938478263, 41.446880101003039 ], [ 1.456892774887647, 41.446880903476909 ], [ 1.456952611299455, 41.446881705919637 ], [ 1.457012447713685, 41.446882508331257 ], [ 1.457072284130339, 41.446883310711769 ], [ 1.457132120549414, 41.446884113061181 ], [ 1.457133186903041, 41.446839091659228 ], [ 1.457134253254247, 41.446794070256892 ], [ 1.457135319603029, 41.446749048854215 ], [ 1.457136385949388, 41.446704027451155 ], [ 1.457137452293326, 41.446659006047682 ], [ 1.457077616080912, 41.446658203704594 ], [ 1.457017779870919, 41.446657401330377 ], [ 1.456957943663349, 41.446656598925095 ], [ 1.456898107458203, 41.446655796488663 ], [ 1.456838271255478, 41.446654994021145 ], [ 1.456839337803651, 41.446609972623627 ], [ 1.456840404349405, 41.446564951225724 ], [ 1.456841470892734, 41.446519929827474 ], [ 1.45684253743364, 41.446474908428826 ], [ 1.456843603972124, 41.446429887029794 ], [ 1.456844670508185, 41.446384865630385 ], [ 1.456845737041824, 41.446339844230607 ], [ 1.45684680357304, 41.446294822830453 ], [ 1.456847870101833, 41.446249801429914 ], [ 1.456848936628203, 41.446204780029014 ], [ 1.456850003152152, 41.446159758627701 ], [ 1.456851069673677, 41.446114737226047 ], [ 1.456852136192779, 41.446069715823995 ], [ 1.456853202709459, 41.446024694421574 ], [ 1.456854269223717, 41.445979673018762 ], [ 1.456855335735551, 41.445934651615588 ], [ 1.456856402244963, 41.445889630212037 ], [ 1.456857468751954, 41.445844608808102 ], [ 1.45685853525652, 41.445799587403791 ], [ 1.456859601758664, 41.445754565999088 ], [ 1.45679976638498, 41.44575376352573 ], [ 1.456739931013719, 41.445752961021242 ], [ 1.456680095644881, 41.445752158485654 ], [ 1.456620260278465, 41.445751355918972 ], [ 1.456560424914474, 41.445750553321147 ], [ 1.456500589552906, 41.445749750692237 ], [ 1.45644075419376, 41.445748948032204 ], [ 1.456380918837039, 41.445748145341092 ], [ 1.45632108348274, 41.445747342618851 ], [ 1.456261248130866, 41.445746539865517 ], [ 1.456262315043886, 41.445701518473086 ], [ 1.456263381954483, 41.445656497080272 ], [ 1.456264448862656, 41.44561147568708 ], [ 1.456265515768406, 41.44556645429352 ], [ 1.456266582671732, 41.445521432899589 ], [ 1.456206747528929, 41.445520630121443 ], [ 1.456146912388551, 41.445519827312189 ], [ 1.456087077250596, 41.445519024471842 ], [ 1.456027242115065, 41.445518221600402 ], [ 1.455967406981958, 41.445517418697833 ], [ 1.455968474089508, 41.445472397309814 ], [ 1.455969541194633, 41.445427375921447 ], [ 1.455970608297335, 41.445382354532697 ], [ 1.455971675397613, 41.445337333143556 ], [ 1.455972742495466, 41.445292311754052 ], [ 1.456032577421928, 41.445293114650291 ], [ 1.456092412350812, 41.445293917515428 ], [ 1.456152247282121, 41.445294720349466 ], [ 1.456212082215854, 41.445295523152396 ], [ 1.456271917152011, 41.445296325924197 ], [ 1.456272984040795, 41.445251304528 ], [ 1.456274050927158, 41.445206283131419 ], [ 1.456275117811097, 41.445161261734427 ], [ 1.456276184692611, 41.445116240337093 ], [ 1.456277251571703, 41.445071218939368 ], [ 1.45633708630364, 41.445072021673774 ], [ 1.456396921038, 41.445072824377057 ], [ 1.456456755774785, 41.445073627049233 ], [ 1.456516590513992, 41.445074429690308 ], [ 1.456576425255623, 41.445075232300276 ], [ 1.456577491925648, 41.445030210895851 ], [ 1.456578558593251, 41.444985189491064 ], [ 1.456579625258431, 41.444940168085893 ], [ 1.456580691921188, 41.444895146680324 ], [ 1.456581758581523, 41.444850125274428 ], [ 1.456641593118935, 41.444850927846957 ], [ 1.456701427658771, 41.444851730388393 ], [ 1.45676126220103, 41.444852532898715 ], [ 1.45682109674571, 41.444853335377914 ], [ 1.456880931292816, 41.44485413782602 ], [ 1.456940765842342, 41.444854940243012 ], [ 1.457000600394293, 41.444855742628896 ], [ 1.457060434948663, 41.444856544983679 ], [ 1.457120269505459, 41.444857347307369 ], [ 1.457180104064675, 41.444858149599952 ], [ 1.457179037817621, 41.44490317101851 ], [ 1.457177971568147, 41.444948192436676 ], [ 1.457176905316249, 41.444993213854481 ], [ 1.457175839061931, 41.445038235271895 ], [ 1.457174772805189, 41.445083256688967 ], [ 1.45723460757347, 41.445084058956731 ], [ 1.457294442344172, 41.445084861193401 ], [ 1.457354277117298, 41.445085663398963 ], [ 1.457414111892845, 41.445086465573404 ], [ 1.457473946670814, 41.445087267716765 ], [ 1.457533781451204, 41.445088069828991 ], [ 1.457593616234017, 41.44508887191013 ], [ 1.45765345101925, 41.445089673960148 ], [ 1.457713285806906, 41.445090475979057 ], [ 1.457773120596983, 41.445091277966881 ], [ 1.457774186440438, 41.445046256537211 ], [ 1.457775252281473, 41.445001235107163 ], [ 1.457776318120087, 41.444956213676726 ], [ 1.457777383956279, 41.444911192245925 ], [ 1.457778449790051, 41.444866170814748 ], [ 1.457838284375907, 41.444866972765134 ], [ 1.457898118964184, 41.444867774684411 ], [ 1.457957953554883, 41.444868576572581 ], [ 1.458017788148001, 41.444869378429665 ], [ 1.458077622743543, 41.444870180255634 ], [ 1.458078688368253, 41.44482515881775 ], [ 1.458079753990541, 41.444780137379496 ], [ 1.45808081961041, 41.444735115940858 ], [ 1.458081885227859, 41.444690094501865 ], [ 1.458082950842885, 41.444645073062482 ], [ 1.458142785234207, 41.444645874851027 ], [ 1.458202619627949, 41.444646676608457 ], [ 1.458262454024112, 41.444647478334772 ], [ 1.458322288422696, 41.444648280030002 ], [ 1.458382122823699, 41.444649081694116 ], [ 1.458383188229667, 41.444604060248039 ], [ 1.458384253633216, 41.444559038801593 ], [ 1.458385319034345, 41.44451401735477 ], [ 1.458386384433052, 41.44446899590757 ], [ 1.458387449829341, 41.444423974459994 ], [ 1.458388515223209, 41.44437895301202 ], [ 1.458389580614658, 41.444333931563705 ], [ 1.458390646003686, 41.44428891011497 ], [ 1.458391711390295, 41.444243888665888 ], [ 1.458392776774482, 41.444198867216429 ], [ 1.458393842156251, 41.444153845766571 ], [ 1.458394907535599, 41.444108824316359 ], [ 1.458395972912526, 41.444063802865735 ], [ 1.458397038287034, 41.444018781414769 ], [ 1.458398103659121, 41.44397375996342 ], [ 1.458338269878025, 41.443972958318227 ], [ 1.458278436099347, 41.443972156641919 ], [ 1.45821860232309, 41.443971354934547 ], [ 1.458158768549253, 41.443970553196039 ], [ 1.458098934777836, 41.44396975142643 ], [ 1.458039101008841, 41.443968949625706 ], [ 1.457979267242266, 41.443968147793903 ], [ 1.457919433478112, 41.443967345930972 ], [ 1.457859599716378, 41.443966544036925 ], [ 1.457799765957068, 41.443965742111807 ], [ 1.457800831739997, 41.443920720672679 ], [ 1.457801897520507, 41.443875699233189 ], [ 1.457802963298596, 41.443830677793329 ], [ 1.457804029074264, 41.443785656353079 ], [ 1.457805094847511, 41.443740634912459 ], [ 1.457806160618337, 41.443695613471462 ], [ 1.457807226386742, 41.443650592030068 ], [ 1.457808292152727, 41.443605570588311 ], [ 1.45780935791629, 41.443560549146191 ], [ 1.457810423677433, 41.44351552770366 ], [ 1.457870257023487, 41.443516329616209 ], [ 1.457930090371961, 41.4435171314976 ], [ 1.457989923722857, 41.443517933347906 ], [ 1.458049757076174, 41.443518735167103 ], [ 1.458109590431911, 41.443519536955201 ], [ 1.458169423790069, 41.443520338712176 ], [ 1.458229257150647, 41.443521140438087 ], [ 1.458289090513646, 41.443521942132868 ], [ 1.458348923879065, 41.443522743796528 ], [ 1.458408757246905, 41.44352354542908 ], [ 1.458409822592373, 41.443478523973575 ], [ 1.458410887935422, 41.443433502517685 ], [ 1.45841195327605, 41.443388481061426 ], [ 1.45841301861426, 41.44334345960479 ], [ 1.458414083950048, 41.443298438147757 ], [ 1.458415149283417, 41.443253416690368 ], [ 1.458416214614366, 41.443208395232595 ], [ 1.458417279942895, 41.443163373774446 ], [ 1.458418345269005, 41.443118352315892 ], [ 1.458419410592694, 41.443073330856997 ], [ 1.458479243549704, 41.443074132445844 ], [ 1.458539076509135, 41.443074934003576 ], [ 1.458598909470985, 41.443075735530201 ], [ 1.458658742435255, 41.443076537025718 ], [ 1.458718575401945, 41.443077338490127 ], [ 1.458778408371054, 41.44307813992345 ], [ 1.458838241342583, 41.443078941325673 ], [ 1.458898074316531, 41.44307974269676 ], [ 1.4589579072929, 41.443080544036754 ], [ 1.459017740271686, 41.443081345345668 ], [ 1.459016675361243, 41.443126366817168 ], [ 1.459015610448379, 41.44317138828832 ], [ 1.459014545533098, 41.443216409759074 ], [ 1.459013480615396, 41.44326143122948 ], [ 1.459012415695276, 41.443306452699488 ], [ 1.459072248883107, 41.443307253983583 ], [ 1.459132082073355, 41.443308055236564 ], [ 1.459191915266023, 41.443308856458451 ], [ 1.45925174846111, 41.443309657649245 ], [ 1.459311581658615, 41.443310458808917 ], [ 1.45937141485854, 41.443311259937452 ], [ 1.459431248060883, 41.443312061034902 ], [ 1.459491081265645, 41.44331286210128 ], [ 1.459550914472826, 41.443313663136522 ], [ 1.459610747682424, 41.443314464140656 ], [ 1.459611812189294, 41.443269442658035 ], [ 1.459612876693746, 41.443224421175039 ], [ 1.45961394119578, 41.443179399691658 ], [ 1.459615005695396, 41.443134378207901 ], [ 1.459616070192594, 41.44308935672376 ], [ 1.459675903197987, 41.443090157690492 ], [ 1.459735736205797, 41.443090958626108 ], [ 1.459795569216027, 41.443091759530645 ], [ 1.459855402228672, 41.443092560404054 ], [ 1.459915235243737, 41.443093361246369 ] ], [ [ 1.468921956468234, 41.441862484775804 ], [ 1.46892089844853, 41.441907506466094 ], [ 1.468919840426423, 41.441952528156015 ], [ 1.468918782401912, 41.441997549845595 ], [ 1.468917724375, 41.44204257153477 ], [ 1.468916666345683, 41.442087593223569 ], [ 1.468915608313963, 41.442132614911984 ], [ 1.46891455027984, 41.442177636600036 ], [ 1.468913492243313, 41.44222265828769 ], [ 1.468912434204384, 41.442267679974989 ], [ 1.46891137616305, 41.442312701661926 ], [ 1.468851543612864, 41.442311905510536 ], [ 1.468791711065081, 41.442311109328038 ], [ 1.468731878519702, 41.442310313114476 ], [ 1.468672045976727, 41.44230951686977 ], [ 1.468612213436155, 41.442308720593978 ], [ 1.468552380897988, 41.442307924287057 ], [ 1.468492548362224, 41.442307127949078 ], [ 1.468432715828866, 41.44230633157995 ], [ 1.468372883297911, 41.44230553517972 ], [ 1.468313050769361, 41.442304738748412 ], [ 1.468314109223931, 41.442259717074016 ], [ 1.468315167676095, 41.442214695399272 ], [ 1.468316226125856, 41.442169673724145 ], [ 1.468317284573212, 41.442124652048626 ], [ 1.468318343018165, 41.442079630372731 ], [ 1.468258510698635, 41.44207883391659 ], [ 1.468198678381512, 41.442078037429319 ], [ 1.468138846066792, 41.44207724091094 ], [ 1.468079013754477, 41.442076444361469 ], [ 1.468019181444568, 41.442075647780882 ], [ 1.468020240093732, 41.442030626110892 ], [ 1.46802129874049, 41.441985604440525 ], [ 1.468022357384843, 41.441940582769774 ], [ 1.468023416026794, 41.44189556109864 ], [ 1.468024474666338, 41.441850539427165 ], [ 1.468084306769633, 41.441851336001449 ], [ 1.468144138875334, 41.44185213254466 ], [ 1.468203970983439, 41.441852929056743 ], [ 1.468263803093949, 41.44185372553774 ], [ 1.468323635206863, 41.441854521987651 ], [ 1.468383467322181, 41.441855318406432 ], [ 1.468443299439905, 41.441856114794106 ], [ 1.468503131560032, 41.44185691115068 ], [ 1.468562963682564, 41.441857707476146 ], [ 1.468622795807499, 41.441858503770526 ], [ 1.468682627934839, 41.441859300033784 ], [ 1.468742460064582, 41.441860096265948 ], [ 1.468802292196728, 41.441860892466998 ], [ 1.46886212433128, 41.441861688636941 ], [ 1.468921956468234, 41.441862484775804 ] ], [ [ 1.466613438876433, 41.438228882526928 ], [ 1.466612379396363, 41.438273904197239 ], [ 1.466611319913887, 41.4383189258672 ], [ 1.466610260429004, 41.438363947536764 ], [ 1.466609200941716, 41.438408969205952 ], [ 1.466608141452021, 41.438453990874763 ], [ 1.466607081959919, 41.43849901254319 ], [ 1.46660602246541, 41.438544034211269 ], [ 1.466604962968496, 41.438589055878914 ], [ 1.466603903469173, 41.43863407754624 ], [ 1.466602843967445, 41.438679099213175 ], [ 1.46660178446331, 41.438724120879719 ], [ 1.466600724956769, 41.438769142545887 ], [ 1.466599665447821, 41.438814164211685 ], [ 1.466598605936468, 41.438859185877099 ], [ 1.466597546422706, 41.43890420754213 ], [ 1.466537717067731, 41.438903410240712 ], [ 1.466477887715165, 41.43890261290818 ], [ 1.466418058365006, 41.438901815544519 ], [ 1.466358229017252, 41.438901018149799 ], [ 1.466298399671907, 41.438900220723966 ], [ 1.46629945939225, 41.438855199065202 ], [ 1.466300519110184, 41.438810177406062 ], [ 1.466301578825713, 41.438765155746538 ], [ 1.466302638538835, 41.438720134086637 ], [ 1.466303698249549, 41.438675112426353 ], [ 1.466243869113192, 41.4386743149757 ], [ 1.466184039979242, 41.438673517493946 ], [ 1.466124210847699, 41.438672719981064 ], [ 1.466064381718564, 41.438671922437109 ], [ 1.466004552591835, 41.438671124862047 ], [ 1.466005612506723, 41.438626103207667 ], [ 1.466006672419201, 41.438581081552911 ], [ 1.466007732329274, 41.438536059897778 ], [ 1.466008792236938, 41.438491038242276 ], [ 1.466009852142195, 41.438446016586404 ], [ 1.466010912045044, 41.438400994930142 ], [ 1.466011971945485, 41.438355973273509 ], [ 1.46601303184352, 41.438310951616508 ], [ 1.466014091739147, 41.438265929959087 ], [ 1.466015151632366, 41.438220908301332 ], [ 1.46607498034594, 41.438221705863846 ], [ 1.466134809061922, 41.438222503395252 ], [ 1.46619463778031, 41.438223300895558 ], [ 1.466254466501106, 41.43822409836477 ], [ 1.466314295224309, 41.438224895802897 ], [ 1.46637412394992, 41.438225693209901 ], [ 1.466433952677938, 41.438226490585812 ], [ 1.466493781408362, 41.438227287930602 ], [ 1.466553610141195, 41.438228085244319 ], [ 1.466613438876433, 41.438228882526928 ] ] ] } },
{ "type": "Feature", "properties": { "GRID_CODE": 2, "CODI_FINAL": "4395099", "MUNICIPI": "El Montmell", "DATA_INCEN": "08/07/95" }, "geometry": { "type": "Polygon", "coordinates": [ [ [ 1.460700608325359, 41.30326632214657 ], [ 1.460760313375054, 41.303267120352395 ], [ 1.46082001842715, 41.303267918527283 ], [ 1.460821076875902, 41.303222895920619 ], [ 1.460822135322249, 41.303177873313594 ], [ 1.460823193766196, 41.303132850706184 ], [ 1.460824252207742, 41.303087828098398 ], [ 1.460825310646883, 41.303042805490236 ], [ 1.460765605799967, 41.30304200732165 ], [ 1.460705900955453, 41.303041209122085 ], [ 1.46064619611334, 41.30304041089159 ], [ 1.460586491273632, 41.303039612630137 ], [ 1.460526786436324, 41.303038814337739 ], [ 1.460527845078244, 41.30299379173546 ], [ 1.460528903717763, 41.30294876913284 ], [ 1.460529962354878, 41.302903746529822 ], [ 1.460531020989592, 41.302858723926434 ], [ 1.460532079621903, 41.302813701322663 ], [ 1.460533138251811, 41.302768678718543 ], [ 1.460534196879318, 41.302723656114019 ], [ 1.460535255504423, 41.302678633509103 ], [ 1.460536314127125, 41.302633610903825 ], [ 1.460537372747425, 41.302588588298185 ], [ 1.460538431365323, 41.302543565692147 ], [ 1.460539489980818, 41.302498543085733 ], [ 1.460540548593912, 41.302453520478949 ], [ 1.460541607204603, 41.302408497871802 ], [ 1.460542665812892, 41.302363475264265 ], [ 1.460543724418779, 41.302318452656337 ], [ 1.460544783022264, 41.302273430048061 ], [ 1.460545841623347, 41.30222840743938 ], [ 1.460546900222027, 41.302183384830329 ], [ 1.460547958818305, 41.30213836222093 ], [ 1.460488254804098, 41.302137563922678 ], [ 1.460428550792293, 41.302136765593495 ], [ 1.460368846782892, 41.302135967233362 ], [ 1.460309142775893, 41.302135168842263 ], [ 1.460249438771297, 41.302134370420212 ], [ 1.460250497570343, 41.302089347816697 ], [ 1.460251556366986, 41.302044325212812 ], [ 1.460252615161226, 41.30199930260855 ], [ 1.460253673953064, 41.301954280003898 ], [ 1.4602547327425, 41.301909257398862 ], [ 1.460195028945475, 41.30190845895217 ], [ 1.460135325150853, 41.301907660474491 ], [ 1.460075621358633, 41.301906861965875 ], [ 1.460015917568818, 41.30190606342633 ], [ 1.459956213781406, 41.301905264855812 ], [ 1.459957272773604, 41.301860242256687 ], [ 1.459958331763402, 41.301815219657186 ], [ 1.459959390750795, 41.301770197057316 ], [ 1.459960449735786, 41.301725174457069 ], [ 1.459961508718374, 41.301680151856445 ], [ 1.459901805138531, 41.301679353261235 ], [ 1.45984210156109, 41.301678554635117 ], [ 1.459782397986053, 41.301677755978012 ], [ 1.459722694413421, 41.301676957289978 ], [ 1.459662990843191, 41.301676158570977 ], [ 1.459603287275366, 41.301675359821026 ], [ 1.459543583709944, 41.301674561040123 ], [ 1.459483880146925, 41.301673762228269 ], [ 1.459424176586312, 41.301672963385471 ], [ 1.459364473028102, 41.301672164511707 ], [ 1.459365532418615, 41.301627141923284 ], [ 1.459366591806725, 41.301582119334469 ], [ 1.459367651192431, 41.301537096745299 ], [ 1.459368710575732, 41.301492074155718 ], [ 1.459369769956631, 41.301447051565773 ], [ 1.459310066605988, 41.301446252667368 ], [ 1.459250363257751, 41.301445453737983 ], [ 1.459190659911916, 41.301444654777669 ], [ 1.459130956568487, 41.301443855786388 ], [ 1.459071253227463, 41.301443056764157 ], [ 1.459011549888843, 41.301442257710988 ], [ 1.458951846552626, 41.301441458626847 ], [ 1.458892143218816, 41.301440659511776 ], [ 1.458832439887409, 41.301439860365726 ], [ 1.458772736558408, 41.301439061188745 ], [ 1.458713033231813, 41.30143826198082 ], [ 1.458653329907622, 41.301437462741916 ], [ 1.458593626585837, 41.301436663472089 ], [ 1.458533923266456, 41.301435864171282 ], [ 1.458474219949482, 41.301435064839552 ], [ 1.458414516634913, 41.301434265476836 ], [ 1.458354813322749, 41.301433466083189 ], [ 1.458295110012992, 41.301432666658599 ], [ 1.458235406705639, 41.301431867203043 ], [ 1.458175703400693, 41.301431067716535 ], [ 1.458174643199147, 41.301476090281312 ], [ 1.458173582995194, 41.30152111284572 ], [ 1.458172522788836, 41.301566135409757 ], [ 1.458171462580071, 41.301611157973412 ], [ 1.458170402368901, 41.301656180536675 ], [ 1.458110698861199, 41.301655381012928 ], [ 1.458050995355902, 41.301654581458237 ], [ 1.457991291853011, 41.301653781872574 ], [ 1.457931588352527, 41.30165298225598 ], [ 1.45787188485445, 41.301652182608414 ], [ 1.457870824435709, 41.30169720516502 ], [ 1.457869764014563, 41.301742227721249 ], [ 1.45786870359101, 41.301787250277101 ], [ 1.457867643165052, 41.30183227283257 ], [ 1.457866582736687, 41.301877295387662 ], [ 1.45780687903585, 41.301876495702849 ], [ 1.45774717533742, 41.301875695987107 ], [ 1.457687471641397, 41.301874896240399 ], [ 1.457627767947782, 41.301874096462747 ], [ 1.457568064256573, 41.301873296654129 ], [ 1.457567003620635, 41.301918319202557 ], [ 1.457565942982291, 41.301963341750593 ], [ 1.45756488234154, 41.302008364298253 ], [ 1.457563821698381, 41.302053386845579 ], [ 1.457562761052816, 41.302098409392485 ], [ 1.457503057158847, 41.302097609546628 ], [ 1.457443353267284, 41.30209680966982 ], [ 1.457383649378129, 41.302096009762039 ], [ 1.457323945491382, 41.302095209823335 ], [ 1.457264241607041, 41.302094409853659 ], [ 1.457263180753902, 41.302139432393922 ], [ 1.457262119898354, 41.30218445493378 ], [ 1.4572610590404, 41.302229477473276 ], [ 1.457259998180037, 41.302274500012395 ], [ 1.457258937317268, 41.302319522551102 ], [ 1.457199233230167, 41.302318722544207 ], [ 1.457139529145472, 41.302317922506312 ], [ 1.457079825063184, 41.302317122437501 ], [ 1.457020120983306, 41.302316322337731 ], [ 1.456960416905835, 41.302315522207003 ], [ 1.456959355835488, 41.302360544739074 ], [ 1.456958294762733, 41.302405567270739 ], [ 1.456957233687569, 41.302450589802064 ], [ 1.456956172609999, 41.302495612332976 ], [ 1.45695511153002, 41.302540634863547 ], [ 1.456954050447634, 41.302585657393699 ], [ 1.456952989362841, 41.302630679923524 ], [ 1.456951928275639, 41.302675702452923 ], [ 1.456950867186029, 41.302720724981967 ], [ 1.456949806094012, 41.302765747510648 ], [ 1.456948744999587, 41.302810770038924 ], [ 1.456947683902754, 41.302855792566824 ], [ 1.456946622803513, 41.302900815094361 ], [ 1.456945561701865, 41.302945837621522 ], [ 1.456944500597808, 41.302990860148313 ], [ 1.456884795907224, 41.302990059967733 ], [ 1.456825091219046, 41.30298925975621 ], [ 1.456765386533278, 41.302988459513742 ], [ 1.456705681849919, 41.302987659240301 ], [ 1.456645977168967, 41.302986858935924 ], [ 1.456644915857326, 41.303031881456029 ], [ 1.456643854543275, 41.303076903975757 ], [ 1.456642793226817, 41.303121926495095 ], [ 1.45664173190795, 41.303166949014063 ], [ 1.456640670586675, 41.303211971532654 ], [ 1.456639609262992, 41.303256994050876 ], [ 1.456638547936899, 41.303302016568736 ], [ 1.456637486608399, 41.303347039086184 ], [ 1.456636425277492, 41.303392061603262 ], [ 1.456635363944173, 41.303437084119984 ], [ 1.456634302608449, 41.303482106636309 ], [ 1.456633241270315, 41.303527129152258 ], [ 1.456632179929772, 41.303572151667836 ], [ 1.456631118586822, 41.303617174183039 ], [ 1.456630057241463, 41.303662196697857 ], [ 1.456628995893695, 41.303707219212313 ], [ 1.45662793454352, 41.303752241726386 ], [ 1.456626873190934, 41.303797264240089 ], [ 1.456625811835942, 41.303842286753394 ], [ 1.456624750478541, 41.303887309266322 ], [ 1.456623689118732, 41.303932331778881 ], [ 1.456622627756514, 41.303977354291064 ], [ 1.456621566391887, 41.304022376802877 ], [ 1.456620505024852, 41.304067399314299 ], [ 1.456619443655409, 41.304112421825344 ], [ 1.456618382283556, 41.304157444336035 ], [ 1.456617320909296, 41.30420246684632 ], [ 1.456616259532628, 41.304247489356236 ], [ 1.45661519815355, 41.304292511865768 ], [ 1.456614136772064, 41.304337534374945 ], [ 1.456613075388169, 41.304382556883745 ], [ 1.456612014001867, 41.304427579392133 ], [ 1.456610952613155, 41.304472601900173 ], [ 1.456609891222036, 41.304517624407843 ], [ 1.456608829828507, 41.30456264691513 ], [ 1.456668535945755, 41.304563447263604 ], [ 1.456728242065412, 41.304564247581105 ], [ 1.456787948187479, 41.304565047867669 ], [ 1.456847654311954, 41.304565848123254 ], [ 1.456907360438835, 41.304566648347922 ], [ 1.456906299248092, 41.304611670861135 ], [ 1.456905238054942, 41.304656693373943 ], [ 1.456904176859382, 41.304701715886395 ], [ 1.456903115661414, 41.304746738398457 ], [ 1.456902054461038, 41.304791760910156 ], [ 1.456900993258254, 41.304836783421464 ], [ 1.456899932053064, 41.304881805932389 ], [ 1.456898870845463, 41.304926828442952 ], [ 1.456897809635455, 41.304971850953159 ], [ 1.45689674842304, 41.305016873462939 ], [ 1.456895687208215, 41.305061895972372 ], [ 1.456894625990982, 41.305106918481414 ], [ 1.456893564771341, 41.305151940990108 ], [ 1.456892503549293, 41.305196963498382 ], [ 1.456891442324836, 41.305241986006308 ], [ 1.456831735582361, 41.305241185762767 ], [ 1.456772028842296, 41.305240385488254 ], [ 1.456712322104639, 41.305239585182797 ], [ 1.456652615369391, 41.305238784846388 ], [ 1.456592908636552, 41.305237984479007 ], [ 1.456591847204486, 41.305283006980261 ], [ 1.456590785770011, 41.305328029481117 ], [ 1.456589724333128, 41.305373051981618 ], [ 1.456588662893836, 41.305418074481736 ], [ 1.456587601452136, 41.30546309698147 ], [ 1.456586540008027, 41.305508119480812 ], [ 1.456585478561509, 41.3055531419798 ], [ 1.456584417112583, 41.305598164478376 ], [ 1.456583355661247, 41.305643186976617 ], [ 1.456582294207504, 41.305688209474468 ], [ 1.456581232751351, 41.305733231971928 ], [ 1.45658017129279, 41.305778254469033 ], [ 1.45657910983182, 41.305823276965732 ], [ 1.456578048368441, 41.305868299462091 ], [ 1.456576986902653, 41.305913321958052 ], [ 1.456575925434458, 41.305958344453629 ], [ 1.456574863963853, 41.306003366948829 ], [ 1.456573802490839, 41.306048389443667 ], [ 1.456572741015417, 41.306093411938114 ], [ 1.456571679537586, 41.306138434432199 ], [ 1.456570618057346, 41.306183456925872 ], [ 1.456569556574697, 41.306228479419211 ], [ 1.45656849508964, 41.306273501912138 ], [ 1.456567433602173, 41.30631852440473 ], [ 1.456566372112299, 41.306363546896918 ], [ 1.456565310620015, 41.306408569388736 ], [ 1.456564249125321, 41.306453591880178 ], [ 1.456563187628221, 41.306498614371215 ], [ 1.456562126128711, 41.306543636861896 ], [ 1.456561064626791, 41.306588659352208 ], [ 1.456620772590876, 41.306589459757362 ], [ 1.456680480557369, 41.306590260131578 ], [ 1.456740188526271, 41.306591060474823 ], [ 1.456799896497581, 41.306591860787123 ], [ 1.4568596044713, 41.306592661068436 ], [ 1.456858543172187, 41.306637683564666 ], [ 1.456857481870666, 41.306682706060514 ], [ 1.456856420566736, 41.30672772855597 ], [ 1.456855359260398, 41.306772751051078 ], [ 1.456854297951652, 41.306817773545795 ], [ 1.456914006132995, 41.306818573802474 ], [ 1.456973714316746, 41.306819374028173 ], [ 1.457033422502908, 41.306820174222942 ], [ 1.457093130691476, 41.306820974386724 ], [ 1.457152838882454, 41.306821774519584 ], [ 1.457151777776515, 41.306866797020227 ], [ 1.45715071666817, 41.306911819520465 ], [ 1.457149655557416, 41.306956842020362 ], [ 1.457148594444255, 41.307001864519869 ], [ 1.457147533328686, 41.307046887018984 ], [ 1.457207241727289, 41.307047687127174 ], [ 1.4572669501283, 41.307048487204405 ], [ 1.45732665853172, 41.307049287250663 ], [ 1.457386366937548, 41.307050087265978 ], [ 1.457446075345783, 41.307050887250334 ], [ 1.457445014433024, 41.30709590975539 ], [ 1.45744395351786, 41.307140932260047 ], [ 1.457442892600286, 41.307185954764343 ], [ 1.457441831680306, 41.307230977268254 ], [ 1.457440770757918, 41.307275999771775 ], [ 1.457500479373782, 41.307276799731483 ], [ 1.457560187992054, 41.30727759966021 ], [ 1.457619896612733, 41.307278399557987 ], [ 1.457679605235819, 41.307279199424784 ], [ 1.457739313861312, 41.307279999260665 ], [ 1.457738253141739, 41.307325021770104 ], [ 1.457737192419759, 41.307370044279182 ], [ 1.457736131695372, 41.307415066787875 ], [ 1.457735070968577, 41.307460089296221 ], [ 1.457734010239376, 41.307505111804154 ], [ 1.457793719072501, 41.307505911615351 ], [ 1.457853427908032, 41.30750671139559 ], [ 1.45791313674597, 41.307507511144863 ], [ 1.457972845586317, 41.30750831086317 ], [ 1.458032554429069, 41.307509110550534 ], [ 1.458031493902685, 41.3075541330644 ], [ 1.458030433373894, 41.307599155577883 ], [ 1.458029372842697, 41.307644178090996 ], [ 1.458028312309094, 41.307689200603726 ], [ 1.458027251773082, 41.307734223116078 ], [ 1.458026191234665, 41.307779245628055 ], [ 1.458025130693842, 41.307824268139662 ], [ 1.458024070150612, 41.307869290650871 ], [ 1.458023009604974, 41.307914313161731 ], [ 1.45802194905693, 41.307959335672187 ], [ 1.458081658312543, 41.307960135341176 ], [ 1.458141367570563, 41.307960934979214 ], [ 1.45820107683099, 41.307961734586293 ], [ 1.458260786093823, 41.307962534162407 ], [ 1.458320495359062, 41.307963333707541 ], [ 1.458380204626709, 41.307964133221738 ], [ 1.458439913896762, 41.307964932704969 ], [ 1.458499623169221, 41.30796573215725 ], [ 1.458559332444085, 41.307966531578579 ], [ 1.458619041721356, 41.307967330968943 ], [ 1.458617981581364, 41.308012353491605 ], [ 1.458616921438967, 41.308057376013913 ], [ 1.458615861294166, 41.308102398535816 ], [ 1.458614801146956, 41.308147421057363 ], [ 1.458613740997342, 41.308192443578527 ], [ 1.458673450482249, 41.308193242944213 ], [ 1.458733159969563, 41.308194042278956 ], [ 1.458792869459282, 41.308194841582733 ], [ 1.458852578951408, 41.308195640855551 ], [ 1.458912288445938, 41.308196440097404 ], [ 1.45891122849915, 41.308241462624487 ], [ 1.458910168549957, 41.308286485151172 ], [ 1.458909108598358, 41.308331507677501 ], [ 1.458908048644354, 41.308376530203454 ], [ 1.458906988687944, 41.308421552729016 ], [ 1.458966698390114, 41.308422351946206 ], [ 1.459026408094689, 41.308423151132416 ], [ 1.459086117801668, 41.30842395028769 ], [ 1.459145827511055, 41.308424749411984 ], [ 1.459205537222845, 41.308425548505355 ], [ 1.459265246937041, 41.308426347567739 ], [ 1.459324956653641, 41.308427146599172 ], [ 1.459384666372648, 41.308427945599639 ], [ 1.459444376094059, 41.308428744569142 ], [ 1.459504085817874, 41.308429543507714 ], [ 1.459563795544094, 41.308430342415299 ], [ 1.459623505272718, 41.308431141291933 ], [ 1.459683215003747, 41.308431940137602 ], [ 1.459742924737182, 41.30843273895232 ], [ 1.459802634473019, 41.308433537736065 ], [ 1.459801575129908, 41.308478560280129 ], [ 1.459800515784393, 41.308523582823817 ], [ 1.459799456436475, 41.308568605367114 ], [ 1.459798397086153, 41.308613627910027 ], [ 1.459797337733426, 41.308658650452571 ], [ 1.459857047676904, 41.308659449211667 ], [ 1.459916757622786, 41.308660247939791 ], [ 1.459976467571072, 41.308661046636942 ], [ 1.460036177521762, 41.308661845303142 ], [ 1.460095887474856, 41.308662643938376 ], [ 1.460094828324962, 41.308707666486868 ], [ 1.460093769172665, 41.308752689034932 ], [ 1.460092710017966, 41.308797711582628 ], [ 1.460091650860862, 41.308842734129939 ], [ 1.460090591701354, 41.308887756676889 ], [ 1.460089532539443, 41.308932779223468 ], [ 1.460088473375129, 41.308977801769672 ], [ 1.460087414208411, 41.309022824315484 ], [ 1.460086355039289, 41.309067846860934 ], [ 1.460085295867764, 41.309112869405986 ], [ 1.460145006233741, 41.309113668022825 ], [ 1.460204716602122, 41.309114466608726 ], [ 1.460264426972906, 41.309115265163669 ], [ 1.460324137346094, 41.309116063687625 ], [ 1.460383847721684, 41.309116862180652 ], [ 1.460384906687967, 41.309071839629297 ], [ 1.460385965651847, 41.309026817077587 ], [ 1.460387024613325, 41.308981794525479 ], [ 1.460388083572399, 41.308936771972988 ], [ 1.460389142529069, 41.308891749420141 ], [ 1.460448852701823, 41.308892547875907 ], [ 1.460508562876979, 41.308893346300707 ], [ 1.460568273054539, 41.30889414469457 ], [ 1.460627983234503, 41.308894943057446 ], [ 1.460687693416868, 41.308895741389371 ], [ 1.460688752165896, 41.308850718829852 ], [ 1.460689810912521, 41.308805696269964 ], [ 1.460690869656745, 41.30876067370972 ], [ 1.460691928398564, 41.308715651149065 ], [ 1.460692987137983, 41.308670628588033 ], [ 1.460752697117513, 41.308671426882704 ], [ 1.460812407099445, 41.308672225146431 ], [ 1.460872117083781, 41.308673023379207 ], [ 1.460931827070519, 41.308673821581003 ], [ 1.460991537059658, 41.308674619751876 ], [ 1.461051247051202, 41.308675417891742 ], [ 1.461110957045145, 41.308676216000698 ], [ 1.461170667041493, 41.308677014078647 ], [ 1.461230377040242, 41.308677812125651 ], [ 1.461290087041392, 41.308678610141719 ], [ 1.461291145367932, 41.308633587567748 ], [ 1.461292203692072, 41.3085885649934 ], [ 1.46129326201381, 41.308543542418683 ], [ 1.461294320333145, 41.308498519843589 ], [ 1.461295378650078, 41.308453497268104 ], [ 1.461355088448395, 41.308454295246918 ], [ 1.461414798249112, 41.308455093194787 ], [ 1.461474508052232, 41.308455891111663 ], [ 1.461534217857752, 41.308456688997587 ], [ 1.461593927665676, 41.308457486852575 ], [ 1.461594985774973, 41.308412464270432 ], [ 1.461596043881868, 41.308367441687921 ], [ 1.461597101986363, 41.308322419105053 ], [ 1.461598160088456, 41.30827739652181 ], [ 1.461599218188147, 41.308232373938161 ], [ 1.461658927793238, 41.308233171755894 ], [ 1.461718637400729, 41.308233969542663 ], [ 1.461778347010621, 41.308234767298472 ], [ 1.461838056622914, 41.308235565023324 ], [ 1.461897766237607, 41.308236362717224 ], [ 1.461898824129666, 41.308191340126918 ], [ 1.461899882019323, 41.308146317536263 ], [ 1.46190093990658, 41.308101294945203 ], [ 1.461901997791436, 41.308056272353788 ], [ 1.461903055673891, 41.308011249761982 ], [ 1.461962765085754, 41.308012047418643 ], [ 1.462022474500017, 41.308012845044352 ], [ 1.462082183916682, 41.308013642639096 ], [ 1.462141893335746, 41.308014440202854 ], [ 1.46220160275721, 41.308015237735709 ], [ 1.462202660432035, 41.307970215137217 ], [ 1.462203718104458, 41.307925192538391 ], [ 1.462204775774482, 41.30788016993921 ], [ 1.462205833442104, 41.307835147339617 ], [ 1.462206891107328, 41.307790124739633 ], [ 1.462266600325963, 41.307790922235228 ], [ 1.462326309546998, 41.307791719699864 ], [ 1.462386018770435, 41.307792517133542 ], [ 1.462445727996269, 41.307793314536248 ], [ 1.462505437224506, 41.307794111907995 ], [ 1.4625064946821, 41.307749089301403 ], [ 1.462507552137294, 41.307704066694392 ], [ 1.46250860959009, 41.307659044087025 ], [ 1.462509667040484, 41.307614021479267 ], [ 1.462510724488481, 41.307568998871155 ], [ 1.462570433513887, 41.307569796205669 ], [ 1.462630142541695, 41.307570593509226 ], [ 1.462689851571902, 41.307571390781831 ], [ 1.462749560604508, 41.307572188023464 ], [ 1.462809269639515, 41.30757298523416 ], [ 1.462810326879884, 41.307527962619382 ], [ 1.462811384117854, 41.307482940004242 ], [ 1.462812441353425, 41.307437917388718 ], [ 1.462813498586597, 41.307392894772789 ], [ 1.462814555817369, 41.307347872156512 ], [ 1.462874264649549, 41.307348669329969 ], [ 1.462933973484127, 41.307349466472459 ], [ 1.462993682321106, 41.307350263583992 ], [ 1.463053391160485, 41.307351060664551 ], [ 1.46311310000226, 41.307351857714181 ], [ 1.463114157025409, 41.307306835091246 ], [ 1.463115214046159, 41.307261812467935 ], [ 1.463116271064511, 41.307216789844269 ], [ 1.463117328080464, 41.307171767220183 ], [ 1.463118385094018, 41.307126744595756 ], [ 1.463178093732971, 41.307127541608132 ], [ 1.463237802374321, 41.307128338589578 ], [ 1.46329751101807, 41.307129135540038 ], [ 1.463357219664218, 41.307129932459546 ], [ 1.463416928312763, 41.307130729348103 ], [ 1.463476636963707, 41.307131526205708 ], [ 1.46353634561705, 41.307132323032342 ], [ 1.463596054272792, 41.307133119828023 ], [ 1.463655762930931, 41.307133916592726 ], [ 1.463715471591467, 41.307134713326526 ], [ 1.463716528192179, 41.307089690689153 ], [ 1.463717584790492, 41.307044668051418 ], [ 1.463718641386408, 41.306999645413292 ], [ 1.463719697979926, 41.306954622774782 ], [ 1.463720754571045, 41.306909600135938 ], [ 1.463780463028759, 41.306910396832464 ], [ 1.46384017148887, 41.306911193498053 ], [ 1.463899879951379, 41.306911990132669 ], [ 1.463959588416285, 41.306912786736341 ], [ 1.46401929688359, 41.306913583309026 ], [ 1.464079005353291, 41.306914379850788 ], [ 1.46413871382539, 41.306915176361564 ], [ 1.464198422299887, 41.306915972841388 ], [ 1.46425813077678, 41.306916769290282 ], [ 1.464317839256071, 41.306917565708197 ], [ 1.464377547737759, 41.306918362095139 ], [ 1.464437256221843, 41.306919158451151 ], [ 1.464496964708324, 41.306919954776191 ], [ 1.464556673197202, 41.306920751070273 ], [ 1.464616381688476, 41.306921547333381 ], [ 1.464617437661538, 41.306876524675339 ], [ 1.464618493632202, 41.306831502016912 ], [ 1.46461954960047, 41.306786479358109 ], [ 1.464620605566342, 41.306741456698937 ], [ 1.464621661529819, 41.306696434039367 ], [ 1.464622717490897, 41.30665141137942 ], [ 1.464623773449582, 41.306606388719118 ], [ 1.464624829405869, 41.306561366058439 ], [ 1.46462588535976, 41.306516343397355 ], [ 1.464626941311254, 41.306471320735923 ], [ 1.464686649394488, 41.306472116955561 ], [ 1.464746357480118, 41.306472913144226 ], [ 1.464806065568144, 41.306473709301955 ], [ 1.464865773658567, 41.306474505428724 ], [ 1.464925481751385, 41.306475301524529 ], [ 1.464926537495267, 41.306430278856425 ], [ 1.464927593236754, 41.306385256187966 ], [ 1.464928648975845, 41.306340233519137 ], [ 1.46492970471254, 41.30629521084991 ], [ 1.464930760446839, 41.3062501881803 ], [ 1.464931816178743, 41.30620516551037 ], [ 1.464932871908251, 41.30616014284 ], [ 1.464933927635364, 41.306115120169267 ], [ 1.46493498336008, 41.306070097498171 ], [ 1.464936039082401, 41.306025074826685 ], [ 1.46487633140001, 41.306024278743443 ], [ 1.464816623720016, 41.306023482629186 ], [ 1.464756916042417, 41.306022686483999 ], [ 1.464697208367215, 41.306021890307846 ], [ 1.464637500694409, 41.306021094100743 ], [ 1.464577793024001, 41.30602029786268 ], [ 1.464518085355987, 41.306019501593681 ], [ 1.46445837769037, 41.306018705293702 ], [ 1.464398670027151, 41.306017908962765 ], [ 1.464338962366328, 41.306017112600877 ], [ 1.464340018496677, 41.305972089941562 ], [ 1.464341074624628, 41.305927067281836 ], [ 1.464342130750182, 41.305882044621775 ], [ 1.46434318687334, 41.30583702196131 ], [ 1.464344242994101, 41.305791999300489 ], [ 1.464284535540885, 41.305791202913916 ], [ 1.464224828090067, 41.305790406496371 ], [ 1.464165120641645, 41.305789610047881 ], [ 1.46410541319562, 41.305788813568427 ], [ 1.464045705751993, 41.305788017058035 ], [ 1.464046762075567, 41.305742994403104 ], [ 1.464047818396753, 41.305697971747783 ], [ 1.464048874715522, 41.305652949092078 ], [ 1.464049931031905, 41.305607926436004 ], [ 1.464050987345891, 41.305562903779553 ], [ 1.463991280109868, 41.305562107244469 ], [ 1.463931572876243, 41.305561310678442 ], [ 1.463871865645016, 41.3055605140814 ], [ 1.463812158416185, 41.305559717453441 ], [ 1.463752451189753, 41.305558920794539 ], [ 1.463753507706547, 41.305513898143992 ], [ 1.463754564220946, 41.305468875493041 ], [ 1.463755620732945, 41.305423852841734 ], [ 1.463756677242547, 41.305378830190058 ], [ 1.463757733749753, 41.30533380753797 ], [ 1.463698026730923, 41.305333010854369 ], [ 1.46363831971449, 41.305332214139824 ], [ 1.463578612700457, 41.305331417394278 ], [ 1.463518905688821, 41.305330620617823 ], [ 1.463459198679583, 41.305329823810389 ], [ 1.463458141967175, 41.305374846456189 ], [ 1.463457085252367, 41.305419869101605 ], [ 1.463456028535163, 41.305464891746631 ], [ 1.463454971815559, 41.305509914391308 ], [ 1.463453915093559, 41.305554937035609 ], [ 1.463394207881513, 41.305554140190949 ], [ 1.463334500671867, 41.305553343315331 ], [ 1.463274793464619, 41.305552546408748 ], [ 1.463215086259769, 41.305551749471242 ], [ 1.463155379057318, 41.305550952502763 ], [ 1.463156435984525, 41.305505929864744 ], [ 1.463157492909334, 41.30546090722634 ], [ 1.463158549831745, 41.305415884587568 ], [ 1.463159606751756, 41.30537086194844 ], [ 1.46316066366938, 41.305325839308914 ], [ 1.463100956674521, 41.305325042315729 ], [ 1.463041249682073, 41.305324245291608 ], [ 1.462981542692024, 41.305323448236528 ], [ 1.462921835704373, 41.305322651150512 ], [ 1.462862128719121, 41.305321854033501 ], [ 1.462802421736267, 41.305321056885553 ], [ 1.462742714755814, 41.305320259706647 ], [ 1.46268300777776, 41.30531946249679 ], [ 1.462623300802104, 41.305318665255967 ], [ 1.462563593828849, 41.305317867984201 ], [ 1.462564651154471, 41.305272845356853 ], [ 1.462565708477694, 41.305227822729115 ], [ 1.462566765798518, 41.305182800101022 ], [ 1.462567823116941, 41.305137777472524 ], [ 1.462568880432966, 41.305092754843663 ], [ 1.462569937746591, 41.30504773221444 ], [ 1.462570995057817, 41.305002709584819 ], [ 1.462572052366644, 41.304957686954801 ], [ 1.462573109673072, 41.304912664324462 ], [ 1.4625741669771, 41.30486764169369 ], [ 1.462514460416646, 41.304866844403527 ], [ 1.462454753858592, 41.304866047082385 ], [ 1.462395047302939, 41.304865249730298 ], [ 1.462335340749683, 41.304864452347246 ], [ 1.462275634198828, 41.30486365493325 ], [ 1.462215927650375, 41.304862857488288 ], [ 1.46215622110432, 41.304862060012354 ], [ 1.462096514560665, 41.304861262505511 ], [ 1.46203680801941, 41.304860464967696 ], [ 1.461977101480556, 41.304859667398908 ], [ 1.461978159192582, 41.304814644780329 ], [ 1.46197921690221, 41.304769622161373 ], [ 1.461980274609434, 41.304724599542062 ], [ 1.46198133231426, 41.304679576922354 ], [ 1.461982390016686, 41.304634554302268 ], [ 1.461983447716711, 41.304589531681813 ], [ 1.461984505414336, 41.304544509060946 ], [ 1.46198556310956, 41.304499486439767 ], [ 1.461986620802385, 41.304454463818168 ], [ 1.461987678492809, 41.304409441196185 ], [ 1.461927972366748, 41.304408643609015 ], [ 1.461868266243089, 41.30440784599088 ], [ 1.461808560121828, 41.304407048341787 ], [ 1.461748854002968, 41.304406250661735 ], [ 1.46168914788651, 41.304405452950739 ], [ 1.461690205779728, 41.30436043033469 ], [ 1.461691263670545, 41.304315407718249 ], [ 1.461692321558963, 41.304270385101397 ], [ 1.461693379444979, 41.304225362484217 ], [ 1.461694437328595, 41.30418033986664 ], [ 1.46163473141973, 41.30417954213096 ], [ 1.461575025513266, 41.304178744364329 ], [ 1.461515319609201, 41.304177946566739 ], [ 1.46145561370754, 41.304177148738198 ], [ 1.461395907808278, 41.304176350878677 ], [ 1.461336201911418, 41.304175552988227 ], [ 1.461276496016959, 41.304174755066825 ], [ 1.461216790124904, 41.304173957114465 ], [ 1.461157084235248, 41.304173159131139 ], [ 1.461097378347995, 41.304172361116876 ], [ 1.461098436639591, 41.304127338511485 ], [ 1.461099494928786, 41.304082315905717 ], [ 1.461100553215581, 41.304037293299558 ], [ 1.461101611499974, 41.30399227069303 ], [ 1.461102669781966, 41.303947248086139 ], [ 1.461042964102304, 41.303946450047178 ], [ 1.460983258425042, 41.303945651977301 ], [ 1.460923552750184, 41.303944853876423 ], [ 1.460863847077727, 41.303944055744623 ], [ 1.460804141407673, 41.303943257581849 ], [ 1.460805199892452, 41.303898234980842 ], [ 1.460806258374828, 41.303853212379494 ], [ 1.460807316854802, 41.303808189777719 ], [ 1.460808375332376, 41.303763167175582 ], [ 1.460809433807547, 41.303718144573097 ], [ 1.460810492280315, 41.303673121970228 ], [ 1.460811550750682, 41.303628099366946 ], [ 1.460812609218649, 41.303583076763303 ], [ 1.46081366768421, 41.303538054159311 ], [ 1.460814726147372, 41.303493031554908 ], [ 1.460755020890093, 41.303492233373746 ], [ 1.460695315635214, 41.303491435161639 ], [ 1.46063561038274, 41.303490636918561 ], [ 1.460575905132667, 41.303489838644545 ], [ 1.460516199884996, 41.303489040339585 ], [ 1.460517258550939, 41.303444017741093 ], [ 1.46051831721448, 41.303398995142224 ], [ 1.460519375875619, 41.303353972542993 ], [ 1.460520434534356, 41.303308949943371 ], [ 1.460521493190689, 41.30326392734338 ], [ 1.460581198233176, 41.303264725642066 ], [ 1.460640903278066, 41.303265523909808 ], [ 1.460700608325359, 41.30326632214657 ] ] ] } },
{ "type": "Feature", "properties": { "GRID_CODE": 2, "CODI_FINAL": "895213", "MUNICIPI": "Viladecans", "DATA_INCEN": "10/07/95" }, "geometry": { "type": "Polygon", "coordinates": [ [ [ 2.012710380753905, 41.332696828111438 ], [ 2.012711060273126, 41.332651796151843 ], [ 2.012711739790805, 41.332606764191851 ], [ 2.012712419306942, 41.332561732231511 ], [ 2.012713098821536, 41.332516700270816 ], [ 2.012713778334589, 41.332471668309758 ], [ 2.012714457846099, 41.33242663634833 ], [ 2.01265471346384, 41.332426124157521 ], [ 2.012594969083126, 41.33242561193574 ], [ 2.012535224703953, 41.332425099682929 ], [ 2.012475480326324, 41.33242458739911 ], [ 2.012415735950237, 41.332424075084283 ], [ 2.012416415665858, 41.332379043126522 ], [ 2.012417095379935, 41.332334011168427 ], [ 2.01241777509247, 41.332288979209928 ], [ 2.012418454803461, 41.332243947251094 ], [ 2.012419134512427, 41.332198915292132 ], [ 2.0123593903435, 41.332198402950368 ], [ 2.012299646176115, 41.332197890577582 ], [ 2.012239902010275, 41.332197378173802 ], [ 2.012180157845977, 41.332196865739014 ], [ 2.012120413683224, 41.332196353273225 ], [ 2.012121093593714, 41.332151321319387 ], [ 2.012121773502661, 41.332106289365171 ], [ 2.012122453410064, 41.332061257410601 ], [ 2.012123133315924, 41.332016225455646 ], [ 2.012123813220242, 41.331971193500358 ], [ 2.012124493123016, 41.331926161544686 ], [ 2.012125173024247, 41.331881129588666 ], [ 2.012125852923933, 41.331836097632262 ], [ 2.012126532822078, 41.331791065675496 ], [ 2.01212721271868, 41.331746033718375 ], [ 2.012067468968765, 41.331745521229635 ], [ 2.012007725220392, 41.331745008709895 ], [ 2.011947981473564, 41.331744496159175 ], [ 2.01188823772828, 41.331743983577425 ], [ 2.011828493984539, 41.331743470964668 ], [ 2.011829174085242, 41.331698439011213 ], [ 2.011829854184402, 41.331653407057388 ], [ 2.011830534282018, 41.331608375103215 ], [ 2.011831214378089, 41.33156334314868 ], [ 2.011831894472617, 41.33151831119374 ], [ 2.011772150936065, 41.331517798554025 ], [ 2.011712407401057, 41.331517285883301 ], [ 2.01165266386759, 41.331516773181569 ], [ 2.01159292033567, 41.331516260448829 ], [ 2.011533176805294, 41.331515747685096 ], [ 2.011533857103922, 41.33147071573385 ], [ 2.011534537401006, 41.331425683782236 ], [ 2.011535217696544, 41.331380651830266 ], [ 2.01153589799054, 41.331335619877933 ], [ 2.01153657828299, 41.331290587925245 ], [ 2.0114768349598, 41.331290075134518 ], [ 2.011417091638153, 41.331289562312804 ], [ 2.011357348318052, 41.331289049460082 ], [ 2.011297604999495, 41.331288536576359 ], [ 2.011237861682484, 41.331288023661614 ], [ 2.011178118367015, 41.331287510715867 ], [ 2.011118375053094, 41.331286997739141 ], [ 2.011058631740716, 41.331286484731379 ], [ 2.010998888429884, 41.331285971692644 ], [ 2.010939145120596, 41.331285458622872 ], [ 2.010939825822783, 41.331240426677887 ], [ 2.010940506523426, 41.331195394732518 ], [ 2.010941187222523, 41.331150362786822 ], [ 2.010941867920074, 41.331105330840742 ], [ 2.010942548616081, 41.3310602988943 ], [ 2.010882805513979, 41.331059785797564 ], [ 2.01082306241342, 41.331059272669847 ], [ 2.010763319314409, 41.331058759511095 ], [ 2.010703576216941, 41.33105824632139 ], [ 2.01064383312102, 41.331057733100614 ], [ 2.01064451402112, 41.331012701157846 ], [ 2.010645194919674, 41.330967669214708 ], [ 2.010645875816683, 41.330922637271208 ], [ 2.010646556712147, 41.330877605327359 ], [ 2.010647237606064, 41.330832573383134 ], [ 2.010587494717325, 41.330832060135407 ], [ 2.010527751830132, 41.330831546856714 ], [ 2.010468008944485, 41.330831033546986 ], [ 2.010408266060383, 41.33083052020627 ], [ 2.010348523177829, 41.330830006834539 ], [ 2.010349204275836, 41.330784974894001 ], [ 2.010349885372298, 41.33073994295308 ], [ 2.010350566467213, 41.330694911011797 ], [ 2.010351247560583, 41.330649879070137 ], [ 2.010351928652407, 41.330604847128136 ], [ 2.010352609742686, 41.330559815185751 ], [ 2.010353290831419, 41.330514783243018 ], [ 2.010353971918605, 41.330469751299916 ], [ 2.010354653004245, 41.330424719356444 ], [ 2.01035533408834, 41.330379687412616 ], [ 2.010295591618597, 41.33037917401797 ], [ 2.0102358491504, 41.330378660592309 ], [ 2.010176106683749, 41.330378147135654 ], [ 2.010116364218645, 41.330377633647998 ], [ 2.010056621755088, 41.330377120129334 ], [ 2.009996879293075, 41.330376606579662 ], [ 2.009937136832612, 41.33037609299901 ], [ 2.009877394373692, 41.330375579387344 ], [ 2.009817651916323, 41.330375065744654 ], [ 2.009757909460499, 41.330374552070964 ], [ 2.009698167006222, 41.33037403836628 ], [ 2.009638424553491, 41.330373524630595 ], [ 2.009578682102308, 41.330373010863916 ], [ 2.009518939652673, 41.330372497066193 ], [ 2.009459197204586, 41.330371983237519 ], [ 2.009458515503598, 41.330417015169225 ], [ 2.009457833801064, 41.330462047100553 ], [ 2.009457152096982, 41.33050707903152 ], [ 2.009456470391351, 41.330552110962145 ], [ 2.009455788684177, 41.330597142892415 ], [ 2.009396046032004, 41.330596629028655 ], [ 2.00933630338138, 41.330596115133922 ], [ 2.009276560732303, 41.330595601208167 ], [ 2.009216818084774, 41.330595087251389 ], [ 2.009157075438793, 41.330594573263646 ], [ 2.00909733279436, 41.330594059244874 ], [ 2.009037590151475, 41.330593545195114 ], [ 2.008977847510137, 41.330593031114333 ], [ 2.00891810487035, 41.330592517002543 ], [ 2.008858362232109, 41.330592002859767 ], [ 2.00885904435055, 41.330546970937611 ], [ 2.008859726467444, 41.330501939015086 ], [ 2.008860408582787, 41.330456907092191 ], [ 2.008861090696585, 41.330411875168963 ], [ 2.008861772808832, 41.330366843245322 ], [ 2.008802030377772, 41.330366329075581 ], [ 2.00874228794826, 41.330365814874853 ], [ 2.008682545520298, 41.330365300643081 ], [ 2.008622803093882, 41.330364786380372 ], [ 2.008563060669016, 41.330364272086591 ], [ 2.008562378351138, 41.330409304006174 ], [ 2.00856169603171, 41.330454335925374 ], [ 2.008561013710735, 41.330499367844212 ], [ 2.008560331388209, 41.330544399762694 ], [ 2.008559649064136, 41.330589431680814 ], [ 2.008499906435188, 41.330588917352003 ], [ 2.008440163807789, 41.330588402992198 ], [ 2.008380421181939, 41.330587888601393 ], [ 2.008320678557638, 41.330587374179572 ], [ 2.008260935934886, 41.330586859726765 ], [ 2.008201193313684, 41.330586345242914 ], [ 2.008141450694032, 41.330585830728104 ], [ 2.008081708075929, 41.330585316182265 ], [ 2.008021965459375, 41.33058480160544 ], [ 2.007962222844371, 41.330584286997585 ], [ 2.007961540107484, 41.330629318907242 ], [ 2.007960857369048, 41.330674350816537 ], [ 2.00796017462906, 41.330719382725455 ], [ 2.007959491887525, 41.330764414634018 ], [ 2.007958809144438, 41.330809446542226 ], [ 2.007899066325351, 41.330808931899348 ], [ 2.007839323507814, 41.330808417225434 ], [ 2.007779580691827, 41.330807902520526 ], [ 2.00771983787739, 41.330807387784652 ], [ 2.007660095064503, 41.330806873017707 ], [ 2.007659412114233, 41.330851904921488 ], [ 2.007658729162413, 41.330896936824914 ], [ 2.007658046209042, 41.33094196872797 ], [ 2.007657363254121, 41.330987000630671 ], [ 2.007656680297651, 41.331032032532981 ], [ 2.007596937280678, 41.331031517731006 ], [ 2.007537194265257, 41.331031002898065 ], [ 2.007477451251386, 41.331030488034074 ], [ 2.007417708239066, 41.33102997313911 ], [ 2.007357965228295, 41.331029458213138 ], [ 2.007357282064637, 41.331074490111028 ], [ 2.00735659889943, 41.331119522008599 ], [ 2.00735591573267, 41.331164553905744 ], [ 2.007355232564362, 41.331209585802576 ], [ 2.007354549394501, 41.331254617699017 ], [ 2.00735386622309, 41.331299649595117 ], [ 2.007353183050128, 41.331344681490847 ], [ 2.007352499875617, 41.331389713386208 ], [ 2.007351816699555, 41.331434745281193 ], [ 2.00735113352194, 41.331479777175815 ], [ 2.007291390101443, 41.331479262210749 ], [ 2.007231646682497, 41.331478747214646 ], [ 2.007171903265102, 41.331478232187536 ], [ 2.007112159849258, 41.331477717129452 ], [ 2.007052416434965, 41.331477202040325 ], [ 2.007051733050159, 41.331522233930549 ], [ 2.007051049663804, 41.331567265820382 ], [ 2.007050366275897, 41.331612297709889 ], [ 2.007049682886437, 41.33165732959899 ], [ 2.007048999495427, 41.331702361487771 ], [ 2.007048316102866, 41.331747393376141 ], [ 2.007047632708753, 41.331792425264176 ], [ 2.007046949313092, 41.331837457151849 ], [ 2.007046265915876, 41.331882489039138 ], [ 2.00704558251711, 41.331927520926065 ], [ 2.007044899116794, 41.331972552812644 ], [ 2.007044215714926, 41.332017584698846 ], [ 2.007043532311507, 41.3320626165847 ], [ 2.007042848906537, 41.332107648470178 ], [ 2.007042165500015, 41.332152680355286 ], [ 2.007041482091943, 41.332197712240031 ], [ 2.007040798679814, 41.332242744125708 ], [ 2.007040115265568, 41.332287776011334 ], [ 2.00703943184977, 41.332332807896591 ], [ 2.007038748432422, 41.332377839781465 ], [ 2.007038065013523, 41.33242287166599 ], [ 2.007037381593073, 41.332467903550132 ], [ 2.007036698171071, 41.332512935433925 ], [ 2.007036014747519, 41.332557967317378 ], [ 2.007035331322415, 41.332602999200432 ], [ 2.00709507576491, 41.332603514309831 ], [ 2.007154820208955, 41.332604029388214 ], [ 2.007214564654551, 41.332604544435618 ], [ 2.007274309101698, 41.332605059452007 ], [ 2.007334053550396, 41.332605574437373 ], [ 2.007393798000646, 41.332606089391774 ], [ 2.007453542452446, 41.332606604315117 ], [ 2.007513286905796, 41.332607119207488 ], [ 2.007573031360698, 41.332607634068843 ], [ 2.00763277581715, 41.33260814889919 ], [ 2.007692520275155, 41.332608663698537 ], [ 2.007752264734707, 41.332609178466889 ], [ 2.00781200919581, 41.332609693204191 ], [ 2.007871753658464, 41.33261020791052 ], [ 2.007931498122669, 41.332610722585841 ], [ 2.007930815312974, 41.332655754480719 ], [ 2.007930132501731, 41.33270078637522 ], [ 2.007929449688936, 41.332745818269373 ], [ 2.007928766874592, 41.33279085016315 ], [ 2.007928084058699, 41.332835882056564 ], [ 2.00786833938884, 41.332835367377186 ], [ 2.007808594720532, 41.332834852666792 ], [ 2.007748850053772, 41.332834337925433 ], [ 2.007689105388565, 41.332833823153024 ], [ 2.007629360724908, 41.33283330834962 ], [ 2.007569616062801, 41.33283279351523 ], [ 2.007509871402245, 41.332832278649789 ], [ 2.007450126743239, 41.332831763753397 ], [ 2.007390382085785, 41.33283124882594 ], [ 2.00733063742988, 41.332830733867532 ], [ 2.007270892775527, 41.332830218878108 ], [ 2.007211148122727, 41.332829703857655 ], [ 2.007151403471475, 41.332829188806201 ], [ 2.007091658821776, 41.332828673723739 ], [ 2.007031914173628, 41.33282815861029 ], [ 2.007031230739216, 41.332873190491163 ], [ 2.007030547303255, 41.332918222371681 ], [ 2.007029863865741, 41.332963254251808 ], [ 2.007029180426677, 41.333008286131601 ], [ 2.00702849698606, 41.333053318011018 ], [ 2.006968752133807, 41.333052802862497 ], [ 2.006909007283105, 41.33305228768296 ], [ 2.006849262433954, 41.333051772472423 ], [ 2.006789517586356, 41.333051257230885 ], [ 2.00672977274031, 41.33305074195831 ], [ 2.006670027895816, 41.333050226654763 ], [ 2.006610283052873, 41.333049711320186 ], [ 2.006550538211484, 41.333049195954629 ], [ 2.006490793371644, 41.333048680558051 ], [ 2.006431048533359, 41.333048165130442 ], [ 2.006430364679875, 41.333093197001411 ], [ 2.006429680824839, 41.333138228871952 ], [ 2.006428996968252, 41.333183260742167 ], [ 2.006428313110113, 41.333228292611999 ], [ 2.00642762925042, 41.333273324481489 ], [ 2.006367884208028, 41.33327280901883 ], [ 2.006308139167188, 41.333272293525155 ], [ 2.0062483941279, 41.333271778000501 ], [ 2.006188649090166, 41.333271262444846 ], [ 2.006128904053985, 41.333270746858126 ], [ 2.00612821998708, 41.333315778723197 ], [ 2.006127535918623, 41.333360810587891 ], [ 2.006126851848614, 41.333405842452194 ], [ 2.006126167777051, 41.333450874316156 ], [ 2.006125483703936, 41.333495906179763 ], [ 2.006124799629268, 41.333540938042972 ], [ 2.006124115553047, 41.33358596990584 ], [ 2.006123431475274, 41.33363100176836 ], [ 2.006122747395948, 41.333676033630482 ], [ 2.00612206331507, 41.333721065492256 ], [ 2.006121379232638, 41.333766097353653 ], [ 2.006120695148653, 41.333811129214709 ], [ 2.006120011063116, 41.333856161075389 ], [ 2.006119326976027, 41.333901192935699 ], [ 2.006118642887385, 41.333946224795639 ], [ 2.006178388540556, 41.333946740394502 ], [ 2.006238134195283, 41.333947255962372 ], [ 2.006297879851559, 41.333947771499233 ], [ 2.006357625509389, 41.333948287005079 ], [ 2.006417371168772, 41.333948802479917 ], [ 2.006477116829707, 41.333949317923746 ], [ 2.006536862492195, 41.333949833336561 ], [ 2.006596608156235, 41.333950348718403 ], [ 2.006656353821826, 41.33395086406923 ], [ 2.00671609948897, 41.333951379389028 ], [ 2.006775845157667, 41.333951894677817 ], [ 2.006835590827915, 41.33395240993562 ], [ 2.006895336499715, 41.333952925162386 ], [ 2.006955082173068, 41.333953440358165 ], [ 2.00701482784797, 41.333953955522929 ], [ 2.007074573524425, 41.333954470656685 ], [ 2.00713431920243, 41.333954985759448 ], [ 2.007194064881989, 41.333955500831188 ], [ 2.007253810563098, 41.333956015871912 ], [ 2.007313556245758, 41.33395653088165 ], [ 2.007314239511734, 41.333911499005438 ], [ 2.007314922776157, 41.3338664671289 ], [ 2.00731560603903, 41.333821435251977 ], [ 2.007316289300351, 41.333776403374692 ], [ 2.007316972560124, 41.333731371497059 ], [ 2.00737671803867, 41.333731886471696 ], [ 2.007436463518765, 41.333732401415361 ], [ 2.007496209000412, 41.333732916328024 ], [ 2.007555954483609, 41.333733431209644 ], [ 2.007615699968359, 41.333733946060292 ], [ 2.007675445454657, 41.333734460879931 ], [ 2.007735190942507, 41.333734975668548 ], [ 2.007794936431907, 41.333735490426157 ], [ 2.007854681922857, 41.333736005152744 ], [ 2.007914427415359, 41.333736519848351 ], [ 2.007913744566918, 41.33378155173412 ], [ 2.007913061716927, 41.333826583619526 ], [ 2.007912378865386, 41.33387161550457 ], [ 2.007911696012296, 41.333916647389231 ], [ 2.007911013157655, 41.333961679273536 ], [ 2.007970758857372, 41.333962193942199 ], [ 2.00803050455864, 41.333962708579826 ], [ 2.008090250261457, 41.333963223186444 ], [ 2.008149995965824, 41.333963737762083 ], [ 2.008209741671739, 41.333964252306721 ], [ 2.008269487379207, 41.333964766820309 ], [ 2.008329233088222, 41.333965281302923 ], [ 2.008388978798788, 41.333965795754509 ], [ 2.008448724510903, 41.3339663101751 ], [ 2.008508470224567, 41.333966824564676 ], [ 2.008507787779712, 41.33401185645674 ], [ 2.00850710533331, 41.334056888348428 ], [ 2.008506422885357, 41.334101920239746 ], [ 2.008505740435854, 41.334146952130716 ], [ 2.008505057984804, 41.334191984021288 ], [ 2.008564803905686, 41.334192498383935 ], [ 2.008624549828117, 41.334193012715559 ], [ 2.008684295752098, 41.334193527016161 ], [ 2.008744041677628, 41.334194041285748 ], [ 2.008803787604705, 41.334194555524363 ], [ 2.008803105357778, 41.334239587418637 ], [ 2.008802423109299, 41.334284619312555 ], [ 2.008801740859272, 41.334329651206133 ], [ 2.008801058607697, 41.334374683099306 ], [ 2.008800376354573, 41.334419714992151 ], [ 2.008740630221824, 41.334419200749487 ], [ 2.008680884090624, 41.334418686475836 ], [ 2.008621137960971, 41.334418172171169 ], [ 2.008561391832869, 41.334417657835495 ], [ 2.008501645706315, 41.334417143468819 ], [ 2.008500963245971, 41.33446217535721 ], [ 2.008500280784076, 41.334507207245267 ], [ 2.008499598320634, 41.334552239132961 ], [ 2.008498915855642, 41.334597271020243 ], [ 2.008498233389101, 41.334642302907213 ], [ 2.008438487058422, 41.334641788505472 ], [ 2.008378740729294, 41.334641274072723 ], [ 2.008318994401715, 41.334640759608959 ], [ 2.008259248075686, 41.334640245114187 ], [ 2.008199501751204, 41.334639730588442 ], [ 2.008198819077442, 41.334684762470957 ], [ 2.008198136402126, 41.334729794353123 ], [ 2.008197453725261, 41.334774826234927 ], [ 2.008196771046849, 41.334819858116369 ], [ 2.008196088366884, 41.334864889997448 ], [ 2.00813634183828, 41.334864375436624 ], [ 2.008076595311224, 41.334863860844756 ], [ 2.008016848785717, 41.334863346221908 ], [ 2.007957102261762, 41.334862831568053 ], [ 2.007897355739356, 41.334862316883182 ], [ 2.0078376092185, 41.334861802167289 ], [ 2.007777862699196, 41.334861287420416 ], [ 2.00771811618144, 41.334860772642507 ], [ 2.007658369665236, 41.334860257833618 ], [ 2.007598623150582, 41.334859742993693 ], [ 2.007597940057714, 41.334904774866303 ], [ 2.007597256963299, 41.334949806738521 ], [ 2.007596573867331, 41.334994838610413 ], [ 2.007595890769811, 41.335039870481914 ], [ 2.007595207670743, 41.33508490235306 ], [ 2.007535460951962, 41.335084387478084 ], [ 2.007475714234732, 41.335083872572099 ], [ 2.007415967519053, 41.335083357635085 ], [ 2.007356220804925, 41.335082842667063 ], [ 2.007296474092349, 41.335082327668069 ], [ 2.00729579078605, 41.335127359534788 ], [ 2.0072951074782, 41.33517239140113 ], [ 2.0072944241688, 41.335217423267146 ], [ 2.007293740857849, 41.335262455132771 ], [ 2.007293057545345, 41.335307486998019 ], [ 2.007233310628639, 41.335306971963966 ], [ 2.007173563713486, 41.335306456898842 ], [ 2.007113816799881, 41.335305941802766 ], [ 2.007054069887829, 41.335305426675653 ], [ 2.00699432297733, 41.335304911517532 ], [ 2.006993639457596, 41.335349943378375 ], [ 2.006992955936308, 41.335394975238827 ], [ 2.006992272413471, 41.335440007098967 ], [ 2.006991588889081, 41.335485038958709 ], [ 2.00699090536314, 41.335530070818102 ], [ 2.007050652479323, 41.335530585980273 ], [ 2.007110399597057, 41.335531101111449 ], [ 2.007170146716342, 41.335531616211604 ], [ 2.007229893837181, 41.335532131280736 ], [ 2.007289640959569, 41.335532646318882 ], [ 2.00728895763776, 41.335577678181963 ], [ 2.0072882743144, 41.335622710044682 ], [ 2.007287590989491, 41.33566774190701 ], [ 2.007286907663029, 41.335712773769018 ], [ 2.007286224335016, 41.335757805630621 ], [ 2.007345971664641, 41.335758320641823 ], [ 2.007405718995817, 41.335758835621988 ], [ 2.007465466328545, 41.335759350571159 ], [ 2.007525213662822, 41.335759865489337 ], [ 2.00758496099865, 41.33576038037647 ], [ 2.007584277874773, 41.335805412241776 ], [ 2.007583594749346, 41.335850444106732 ], [ 2.007582911622367, 41.33589547597132 ], [ 2.007582228493839, 41.335940507835545 ], [ 2.007581545363759, 41.335985539699386 ], [ 2.007641292906825, 41.335986054559605 ], [ 2.007701040451443, 41.335986569388773 ], [ 2.007760787997612, 41.335987084186975 ], [ 2.00782053554533, 41.335987598954155 ], [ 2.007880283094599, 41.335988113690306 ], [ 2.007879600168658, 41.336033145557863 ], [ 2.007878917241166, 41.33607817742503 ], [ 2.007878234312125, 41.336123209291848 ], [ 2.007877551381533, 41.336168241158305 ], [ 2.007876868449391, 41.336213273024384 ], [ 2.007936616205901, 41.336213787733591 ], [ 2.00799636396396, 41.336214302411797 ], [ 2.00805611172357, 41.336214817059002 ], [ 2.008115859484729, 41.336215331675163 ], [ 2.008175607247438, 41.336215846260345 ], [ 2.008174924519438, 41.33626087813014 ], [ 2.008174241789888, 41.336305909999552 ], [ 2.008173559058787, 41.336350941868595 ], [ 2.008172876326138, 41.336395973737289 ], [ 2.008172193591939, 41.336441005605622 ], [ 2.008171510856188, 41.336486037473577 ], [ 2.00817082811889, 41.336531069341163 ], [ 2.008170145380041, 41.336576101208394 ], [ 2.008169462639644, 41.33662113307529 ], [ 2.008168779897695, 41.336666164941761 ], [ 2.008228528073341, 41.336666679504042 ], [ 2.008288276250537, 41.336667194035307 ], [ 2.008348024429282, 41.336667708535536 ], [ 2.008407772609579, 41.336668223004772 ], [ 2.008467520791424, 41.336668737442992 ], [ 2.008466838253621, 41.336713769313207 ], [ 2.00846615571427, 41.336758801183024 ], [ 2.00846547317337, 41.3368038330525 ], [ 2.00846479063092, 41.336848864921613 ], [ 2.008464108086923, 41.336893896790336 ], [ 2.008523856476014, 41.336894411201605 ], [ 2.008583604866653, 41.336894925581866 ], [ 2.008643353258844, 41.336895439931112 ], [ 2.008703101652583, 41.336895954249343 ], [ 2.008762850047872, 41.33689646853658 ], [ 2.008822598444708, 41.336896982792787 ], [ 2.008882346843094, 41.336897497017993 ], [ 2.008942095243029, 41.336898011212192 ], [ 2.009001843644513, 41.336898525375368 ], [ 2.009061592047546, 41.336899039507536 ], [ 2.009121340452126, 41.336899553608703 ], [ 2.009181088858255, 41.336900067678847 ], [ 2.009240837265933, 41.336900581717984 ], [ 2.00930058567516, 41.336901095726127 ], [ 2.009360334085932, 41.336901609703261 ], [ 2.009359652157481, 41.336946641583786 ], [ 2.00935897022748, 41.336991673463942 ], [ 2.009358288295932, 41.337036705343742 ], [ 2.009357606362836, 41.33708173722318 ], [ 2.009356924428192, 41.337126769102234 ], [ 2.009356242492001, 41.337171800980968 ], [ 2.00935556055426, 41.337216832859298 ], [ 2.009354878614972, 41.337261864737265 ], [ 2.009354196674137, 41.337306896614891 ], [ 2.009353514731754, 41.337351928492133 ], [ 2.009413263555477, 41.33735244244636 ], [ 2.009473012380749, 41.33735295636955 ], [ 2.009532761207568, 41.337353470261739 ], [ 2.009592510035935, 41.337353984122913 ], [ 2.009652258865851, 41.337354497953086 ], [ 2.009712007697313, 41.337355011752223 ], [ 2.009771756530325, 41.337355525520358 ], [ 2.009831505364882, 41.337356039257493 ], [ 2.009891254200987, 41.33735655296362 ], [ 2.00995100303864, 41.337357066638724 ], [ 2.009950321506115, 41.337402098523704 ], [ 2.009949639972043, 41.337447130408336 ], [ 2.009948958436425, 41.33749216229257 ], [ 2.009948276899259, 41.337537194176491 ], [ 2.009947595360547, 41.33758222606 ], [ 2.010007344405451, 41.337582739708147 ], [ 2.010067093451903, 41.337583253325263 ], [ 2.010126842499901, 41.337583766911401 ], [ 2.010186591549446, 41.337584280466501 ], [ 2.010246340600538, 41.337584793990608 ], [ 2.010245659265984, 41.337629825877826 ], [ 2.010244977929885, 41.337674857764668 ], [ 2.010244296592238, 41.337719889651162 ], [ 2.010243615253045, 41.33776492153725 ], [ 2.010242933912306, 41.337809953423005 ], [ 2.010302683170651, 41.337810466920153 ], [ 2.010362432430544, 41.33781098038628 ], [ 2.010422181691983, 41.337811493821384 ], [ 2.010481930954967, 41.33781200722548 ], [ 2.010541680219498, 41.337812520598582 ], [ 2.010542361354531, 41.337767488708778 ], [ 2.010543042488016, 41.337722456818618 ], [ 2.010543723619957, 41.337677424928081 ], [ 2.01054440475035, 41.33763239303719 ], [ 2.010545085879198, 41.33758736114595 ], [ 2.010604834939568, 41.33758787448398 ], [ 2.010664584001486, 41.337588387790987 ], [ 2.010724333064949, 41.337588901067008 ], [ 2.010784082129958, 41.337589414311999 ], [ 2.010843831196514, 41.337589927525975 ], [ 2.01084451211811, 41.337544895630309 ], [ 2.01084519303816, 41.337499863734273 ], [ 2.010845873956665, 41.337454831837888 ], [ 2.010846554873625, 41.337409799941135 ], [ 2.010847235789039, 41.337364768044004 ], [ 2.010906984651435, 41.33736528122293 ], [ 2.010966733515377, 41.337365794370868 ], [ 2.011026482380865, 41.33736630748777 ], [ 2.011086231247897, 41.337366820573656 ], [ 2.011145980116477, 41.337367333628535 ], [ 2.0112057289866, 41.337367846652413 ], [ 2.011265477858269, 41.337368359645282 ], [ 2.011325226731484, 41.337368872607136 ], [ 2.011384975606243, 41.337369385537968 ], [ 2.011444724482547, 41.337369898437814 ], [ 2.011444043978541, 41.337414930342987 ], [ 2.011443363472991, 41.337459962247856 ], [ 2.011442682965896, 41.337504994152319 ], [ 2.011442002457255, 41.337550026056412 ], [ 2.01144132194707, 41.337595057960193 ], [ 2.011440641435341, 41.337640089863569 ], [ 2.011439960922068, 41.33768512176659 ], [ 2.011439280407249, 41.337730153669256 ], [ 2.011438599890886, 41.337775185571545 ], [ 2.011437919372978, 41.337820217473464 ], [ 2.01149766866224, 41.33782073035038 ], [ 2.011557417953046, 41.337821243196267 ], [ 2.011617167245396, 41.337821756011124 ], [ 2.01167691653929, 41.337822268795016 ], [ 2.011736665834732, 41.337822781547857 ], [ 2.011796415131716, 41.337823294269704 ], [ 2.011856164430244, 41.337823806960529 ], [ 2.011915913730319, 41.337824319620339 ], [ 2.011975663031935, 41.337824832249154 ], [ 2.012035412335095, 41.337825344846955 ], [ 2.012095161639801, 41.337825857413705 ], [ 2.012154910946051, 41.337826369949504 ], [ 2.012214660253842, 41.337826882454273 ], [ 2.012274409563179, 41.337827394927999 ], [ 2.012334158874058, 41.337827907370745 ], [ 2.012334838774841, 41.337782875456696 ], [ 2.012335518674081, 41.337737843542278 ], [ 2.012336198571778, 41.337692811627498 ], [ 2.012336878467932, 41.337647779712348 ], [ 2.01233755836254, 41.337602747796851 ], [ 2.012397307469257, 41.337603260204538 ], [ 2.012457056577516, 41.337603772581218 ], [ 2.012516805687318, 41.337604284926861 ], [ 2.012576554798665, 41.337604797241511 ], [ 2.012636303911554, 41.337605309525166 ], [ 2.012636983598914, 41.337560277605277 ], [ 2.012637663284731, 41.33751524568499 ], [ 2.012638342969005, 41.337470213764355 ], [ 2.012639022651737, 41.337425181843365 ], [ 2.012639702332927, 41.337380149921977 ], [ 2.012640382012574, 41.337335118000283 ], [ 2.012641061690677, 41.337290086078163 ], [ 2.012641741367238, 41.337245054155716 ], [ 2.012642421042256, 41.337200022232885 ], [ 2.012643100715732, 41.337154990309713 ], [ 2.012643780387664, 41.337109958386151 ], [ 2.012644460058055, 41.33706492646224 ], [ 2.012645139726902, 41.337019894537946 ], [ 2.012645819394207, 41.336974862613317 ], [ 2.012646499059969, 41.336929830688319 ], [ 2.012647178724189, 41.336884798762938 ], [ 2.012647858386865, 41.336839766837208 ], [ 2.012648538047999, 41.336794734911095 ], [ 2.012649217707589, 41.336749702984648 ], [ 2.012649897365637, 41.336704671057809 ], [ 2.012650577022144, 41.336659639130623 ], [ 2.012651256677106, 41.336614607203067 ], [ 2.012651936330526, 41.336569575275163 ], [ 2.012652615982404, 41.336524543346847 ], [ 2.012653295632739, 41.336479511418226 ], [ 2.012593547548353, 41.33647899915475 ], [ 2.01253379946551, 41.336478486860301 ], [ 2.012474051384211, 41.33647797453483 ], [ 2.012414303304455, 41.336477462178337 ], [ 2.012354555226241, 41.336476949790821 ], [ 2.012294807149571, 41.336476437372347 ], [ 2.012235059074445, 41.336475924922809 ], [ 2.012175311000862, 41.33647541244229 ], [ 2.012115562928823, 41.336474899930742 ], [ 2.012055814858328, 41.336474387388193 ], [ 2.012056494918509, 41.336429355467274 ], [ 2.012057174977147, 41.336384323545957 ], [ 2.01205785503424, 41.336339291624313 ], [ 2.01205853508979, 41.33629425970225 ], [ 2.012059215143797, 41.336249227779881 ], [ 2.01205989519626, 41.3362041958571 ], [ 2.012060575247181, 41.336159163933999 ], [ 2.012061255296555, 41.336114132010501 ], [ 2.012061935344388, 41.336069100086661 ], [ 2.012062615390677, 41.336024068162445 ], [ 2.012063295435422, 41.335979036237852 ], [ 2.012063975478624, 41.335934004312911 ], [ 2.012064655520283, 41.335888972387615 ], [ 2.012065335560397, 41.33584394046192 ], [ 2.012066015598967, 41.335798908535892 ], [ 2.012006268147089, 41.335798395974457 ], [ 2.011946520696755, 41.335797883382007 ], [ 2.011886773247965, 41.335797370758556 ], [ 2.011827025800717, 41.335796858104061 ], [ 2.011767278355016, 41.335796345418601 ], [ 2.01176795859773, 41.335751313496246 ], [ 2.011768638838902, 41.335706281573508 ], [ 2.011769319078528, 41.335661249650421 ], [ 2.01176999931661, 41.335616217726958 ], [ 2.01177067955315, 41.335571185803154 ], [ 2.011771359788144, 41.335526153878973 ], [ 2.011772040021594, 41.335481121954416 ], [ 2.011772720253502, 41.335436090029503 ], [ 2.011773400483864, 41.335391058104221 ], [ 2.011774080712683, 41.335346026178591 ], [ 2.011774760939959, 41.33530099425257 ], [ 2.011775441165689, 41.335255962326237 ], [ 2.011776121389876, 41.335210930399498 ], [ 2.011776801612519, 41.335165898472404 ], [ 2.011777481833617, 41.335120866544941 ], [ 2.011778162053173, 41.335075834617108 ], [ 2.011778842271183, 41.335030802688927 ], [ 2.01177952248765, 41.334985770760369 ], [ 2.011780202702574, 41.334940738831449 ], [ 2.011780882915954, 41.334895706902159 ], [ 2.011840629538923, 41.334896219571483 ], [ 2.011900376163439, 41.334896732209785 ], [ 2.011960122789498, 41.334897244817085 ], [ 2.0120198694171, 41.334897757393399 ], [ 2.012079616046246, 41.334898269938677 ], [ 2.012080296052404, 41.334853238005003 ], [ 2.012080976057018, 41.334808206070932 ], [ 2.012081656060089, 41.334763174136512 ], [ 2.012082336061615, 41.334718142201751 ], [ 2.012083016061597, 41.334673110266621 ], [ 2.012142762486611, 41.334673622776855 ], [ 2.012202508913169, 41.334674135256073 ], [ 2.012262255341269, 41.334674647704297 ], [ 2.012322001770912, 41.334675160121499 ], [ 2.012381748202099, 41.334675672507693 ], [ 2.012382427994864, 41.33463064056815 ], [ 2.012383107786085, 41.334585608628252 ], [ 2.012383787575763, 41.334540576687985 ], [ 2.012384467363898, 41.334495544747327 ], [ 2.01238514715049, 41.334450512806349 ], [ 2.012444893377546, 41.334451025157485 ], [ 2.012504639606144, 41.334451537477641 ], [ 2.012564385836285, 41.334452049766782 ], [ 2.012624132067969, 41.334452562024914 ], [ 2.012683878301198, 41.334453074252053 ], [ 2.012684557880573, 41.334408042306627 ], [ 2.012685237458406, 41.334363010360882 ], [ 2.012685917034696, 41.334317978414759 ], [ 2.012686596609445, 41.334272946468253 ], [ 2.01268727618265, 41.334227914521392 ], [ 2.012747022211748, 41.334228426713473 ], [ 2.012806768242388, 41.334228938874553 ], [ 2.01286651427457, 41.334229451004603 ], [ 2.012926260308296, 41.334229963103652 ], [ 2.012986006343563, 41.334230475171701 ], [ 2.012986685709555, 41.334185443220449 ], [ 2.012987365074006, 41.334140411268827 ], [ 2.012988044436913, 41.334095379316842 ], [ 2.012988723798279, 41.334050347364482 ], [ 2.012989403158104, 41.334005315411765 ], [ 2.012990082516385, 41.333960283458694 ], [ 2.012990761873125, 41.333915251505246 ], [ 2.012991441228324, 41.33387021955145 ], [ 2.01299212058198, 41.333825187597263 ], [ 2.012992799934094, 41.333780155642714 ], [ 2.012993479284666, 41.333735123687823 ], [ 2.012994158633698, 41.333690091732549 ], [ 2.012994837981186, 41.333645059776906 ], [ 2.012995517327132, 41.333600027820943 ], [ 2.012996196671536, 41.333554995864567 ], [ 2.012996876014399, 41.333509963907836 ], [ 2.01299755535572, 41.333464931950772 ], [ 2.012998234695498, 41.333419899993288 ], [ 2.012998914033735, 41.333374868035484 ], [ 2.012999593370429, 41.333329836077311 ], [ 2.013000272705582, 41.333284804118762 ], [ 2.013000952039192, 41.33323977215985 ], [ 2.013001631371261, 41.333194740200604 ], [ 2.013002310701788, 41.333149708240924 ], [ 2.013002990030774, 41.333104676280946 ], [ 2.013003669358216, 41.333059644320592 ], [ 2.013004348684118, 41.333014612359854 ], [ 2.013005028008477, 41.332969580398753 ], [ 2.013005707331295, 41.332924548437305 ], [ 2.01300638665257, 41.332879516475494 ], [ 2.012946641851291, 41.332879004431653 ], [ 2.012886897051553, 41.332878492356798 ], [ 2.012827152253357, 41.332877980250942 ], [ 2.012767407456704, 41.332877468114091 ], [ 2.012707662661595, 41.332876955946212 ], [ 2.012708342186985, 41.332831923988074 ], [ 2.012709021710834, 41.332786892029574 ], [ 2.012709701233141, 41.332741860070669 ], [ 2.012710380753905, 41.332696828111438 ] ] ] } },
{ "type": "Feature", "properties": { "GRID_CODE": 2, "CODI_FINAL": "895153", "MUNICIPI": "La Pobla de Claramunt", "DATA_INCEN": "16/07/95" }, "geometry": { "type": "Polygon", "coordinates": [ [ [ 1.644778680766187, 41.556161980342203 ], [ 1.644779620999043, 41.556116956061899 ], [ 1.644780561229756, 41.556071931781233 ], [ 1.644781501458337, 41.556026907500176 ], [ 1.644782441684779, 41.555981883218763 ], [ 1.644783381909089, 41.555936858936974 ], [ 1.644784322131256, 41.555891834654823 ], [ 1.644785262351285, 41.55584681037228 ], [ 1.644786202569173, 41.555801786089368 ], [ 1.644787142784927, 41.55575676180608 ], [ 1.644847084485711, 41.555757468018825 ], [ 1.644907026188628, 41.555758174200314 ], [ 1.644966967893681, 41.555758880350574 ], [ 1.645026909600874, 41.555759586469598 ], [ 1.6450868513102, 41.555760292557402 ], [ 1.645146793021671, 41.555760998613962 ], [ 1.645206734735275, 41.555761704639274 ], [ 1.645266676451017, 41.555762410633378 ], [ 1.645326618168896, 41.555763116596211 ], [ 1.645386559888913, 41.555763822527823 ], [ 1.645387499686768, 41.555718798233073 ], [ 1.645388439482487, 41.555673773937912 ], [ 1.645389379276065, 41.555628749642416 ], [ 1.645390319067515, 41.55558372534653 ], [ 1.64539125885682, 41.555538701050253 ], [ 1.645392198643996, 41.555493676753642 ], [ 1.645393138429027, 41.55544865245664 ], [ 1.645394078211932, 41.555403628159269 ], [ 1.645395017992693, 41.555358603861528 ], [ 1.645395957771318, 41.555313579563432 ], [ 1.645455899077711, 41.55531428545266 ], [ 1.645515840386248, 41.555314991310723 ], [ 1.645575781696912, 41.555315697137495 ], [ 1.64563572300972, 41.555316402933052 ], [ 1.645695664324667, 41.55531710869738 ], [ 1.64569660389328, 41.555272084393351 ], [ 1.645697543459756, 41.555227060088917 ], [ 1.645698483024097, 41.555182035784128 ], [ 1.645699422586303, 41.555137011478962 ], [ 1.645700362146371, 41.555091987173448 ], [ 1.645701301704298, 41.555046962867529 ], [ 1.645702241260094, 41.555001938561254 ], [ 1.645703180813754, 41.554956914254589 ], [ 1.645704120365283, 41.554911889947576 ], [ 1.645705059914671, 41.554866865640165 ], [ 1.645765000816004, 41.554867571362138 ], [ 1.64582494171947, 41.554868277052897 ], [ 1.645884882625074, 41.554868982712399 ], [ 1.645944823532809, 41.554869688340702 ], [ 1.646004764442691, 41.554870393937733 ], [ 1.646005703782071, 41.554825369624403 ], [ 1.646006643119316, 41.554780345310711 ], [ 1.646007582454419, 41.554735320996613 ], [ 1.646008521787393, 41.554690296682196 ], [ 1.646009461118236, 41.554645272367367 ], [ 1.646010400446933, 41.554600248052189 ], [ 1.646011339773504, 41.554555223736635 ], [ 1.646012279097935, 41.55451019942069 ], [ 1.64601321842023, 41.554465175104411 ], [ 1.646014157740389, 41.554420150787735 ], [ 1.646015097058409, 41.554375126470653 ], [ 1.646016036374301, 41.554330102153251 ], [ 1.646016975688054, 41.554285077835445 ], [ 1.646017914999671, 41.55424005351729 ], [ 1.646018854309153, 41.554195029198738 ], [ 1.646078794597562, 41.554195734747879 ], [ 1.646138734888101, 41.554196440265791 ], [ 1.646198675180784, 41.554197145752489 ], [ 1.646258615475599, 41.554197851207931 ], [ 1.646318555772549, 41.554198556632144 ], [ 1.646319494872031, 41.554153532307687 ], [ 1.646320433969378, 41.554108507982846 ], [ 1.646321373064589, 41.55406348365765 ], [ 1.646322312157665, 41.554018459332056 ], [ 1.646323251248603, 41.5539734350061 ], [ 1.646324190337413, 41.553928410679774 ], [ 1.64632512942408, 41.553883386353078 ], [ 1.646326068508617, 41.553838362026013 ], [ 1.646327007591017, 41.553793337698558 ], [ 1.646327946671288, 41.55374831337074 ], [ 1.646268006790063, 41.553747607957611 ], [ 1.646208066910968, 41.553746902513275 ], [ 1.646148127034013, 41.553746197037704 ], [ 1.646088187159198, 41.553745491530876 ], [ 1.646028247286514, 41.553744785992833 ], [ 1.646029186572505, 41.553699761670174 ], [ 1.64603012585636, 41.553654737347166 ], [ 1.646031065138075, 41.553609713023789 ], [ 1.646032004417659, 41.553564688700028 ], [ 1.646032943695113, 41.553519664375898 ], [ 1.645973004032418, 41.553518958812163 ], [ 1.645913064371865, 41.553518253217192 ], [ 1.645853124713452, 41.553517547591007 ], [ 1.645793185057171, 41.553516841933558 ], [ 1.645733245403025, 41.553516136244887 ], [ 1.645734184886195, 41.55347111192593 ], [ 1.64573512436723, 41.55342608760661 ], [ 1.645736063846127, 41.553381063286913 ], [ 1.645737003322885, 41.553336038966847 ], [ 1.645737942797516, 41.553291014646419 ], [ 1.645678003353363, 41.553290308932063 ], [ 1.645618063911345, 41.553289603186492 ], [ 1.645558124471461, 41.553288897409679 ], [ 1.645498185033722, 41.553288191601609 ], [ 1.645438245598109, 41.55328748576234 ], [ 1.645378306164643, 41.553286779891828 ], [ 1.645318366733308, 41.55328607399008 ], [ 1.645258427304112, 41.553285368057097 ], [ 1.645198487877051, 41.553284662092878 ], [ 1.645138548452127, 41.553283956097424 ], [ 1.645078609029336, 41.553283250070756 ], [ 1.645018669608692, 41.553282544012838 ], [ 1.64495873019018, 41.55328183792367 ], [ 1.644898790773802, 41.553281131803296 ], [ 1.64483885135957, 41.553280425651685 ], [ 1.644839791455623, 41.553235401347536 ], [ 1.644840731549539, 41.553190377043009 ], [ 1.644841671641314, 41.55314535273812 ], [ 1.644842611730955, 41.553100328432834 ], [ 1.64484355181846, 41.553055304127184 ], [ 1.644903491024848, 41.553056010273252 ], [ 1.644963430233369, 41.553056716388078 ], [ 1.645023369444028, 41.553057422471682 ], [ 1.645083308656819, 41.553058128524029 ], [ 1.645143247871751, 41.553058834545155 ], [ 1.645144187749271, 41.553013810233608 ], [ 1.645145127624649, 41.552968785921649 ], [ 1.645146067497886, 41.552923761609328 ], [ 1.645147007368991, 41.552878737296652 ], [ 1.645147947237958, 41.552833712983585 ], [ 1.645207886247184, 41.552834418967898 ], [ 1.645267825258539, 41.55283512492101 ], [ 1.645327764272025, 41.552835830842916 ], [ 1.645387703287661, 41.55283653673353 ], [ 1.645447642305426, 41.552837242592943 ], [ 1.645507581325329, 41.552837948421114 ], [ 1.645567520347368, 41.552838654218057 ], [ 1.645627459371544, 41.552839359983757 ], [ 1.645687398397856, 41.552840065718229 ], [ 1.645747337426301, 41.552840771421472 ], [ 1.645748276877436, 41.55279574709693 ], [ 1.645749216326432, 41.552750722772018 ], [ 1.645750155773286, 41.552705698446736 ], [ 1.645751095218015, 41.552660674121078 ], [ 1.645752034660602, 41.552615649795044 ], [ 1.645752974101054, 41.552570625468633 ], [ 1.64575391353937, 41.55252560114188 ], [ 1.645754852975551, 41.552480576814695 ], [ 1.645755792409591, 41.552435552487175 ], [ 1.645756731841499, 41.552390528159272 ], [ 1.645696793228747, 41.552389822467163 ], [ 1.645636854618135, 41.55238911674379 ], [ 1.645576916009655, 41.552388410989174 ], [ 1.645516977403307, 41.552387705203351 ], [ 1.645457038799104, 41.552386999386286 ], [ 1.645457978436722, 41.552341975063563 ], [ 1.645458918072202, 41.552296950740477 ], [ 1.645459857705548, 41.552251926417014 ], [ 1.645460797336758, 41.552206902093189 ], [ 1.64546173696583, 41.552161877768974 ], [ 1.645401798571603, 41.552161171926215 ], [ 1.645341860179514, 41.552160466052243 ], [ 1.645281921789555, 41.552159760147049 ], [ 1.645221983401743, 41.552159054210605 ], [ 1.645162045016064, 41.552158348242919 ], [ 1.645161105179143, 41.552203372561578 ], [ 1.64516016534009, 41.552248396879847 ], [ 1.645159225498906, 41.552293421197774 ], [ 1.64515828565558, 41.552338445515304 ], [ 1.645157345810116, 41.552383469832471 ], [ 1.645097407218729, 41.552382763828007 ], [ 1.64503746862948, 41.5523820577923 ], [ 1.644977530042367, 41.552381351725387 ], [ 1.644917591457392, 41.55238064562721 ], [ 1.644857652874548, 41.55237993949784 ], [ 1.644856712819104, 41.552424963809081 ], [ 1.644855772761522, 41.552469988119938 ], [ 1.644854832701807, 41.552515012430405 ], [ 1.64485389263995, 41.552560036740545 ], [ 1.644852952575956, 41.552605061050265 ], [ 1.64479301378741, 41.552604354884096 ], [ 1.644733075001, 41.55260364868667 ], [ 1.644673136216729, 41.552602942458037 ], [ 1.644613197434591, 41.55260223619814 ], [ 1.6445532586546, 41.552601529907037 ], [ 1.644552318380621, 41.552646554210845 ], [ 1.644551378104505, 41.552691578514299 ], [ 1.644550437826245, 41.552736602817362 ], [ 1.644549497545854, 41.552781627120055 ], [ 1.644548557263324, 41.552826651422372 ], [ 1.644488618277617, 41.552825945094476 ], [ 1.644428679294054, 41.552825238735338 ], [ 1.644368740312625, 41.552824532344971 ], [ 1.644308801333328, 41.552823825923383 ], [ 1.644248862356181, 41.552823119470538 ], [ 1.644247921863658, 41.552868143766943 ], [ 1.644246981369001, 41.55291316806295 ], [ 1.644246040872213, 41.552958192358602 ], [ 1.64424510037328, 41.553003216653863 ], [ 1.644244159872205, 41.553048240948762 ], [ 1.644184220689345, 41.553047534459147 ], [ 1.644124281508618, 41.553046827938303 ], [ 1.64406434233003, 41.55304612138621 ], [ 1.644004403153576, 41.553045414802888 ], [ 1.643944463979266, 41.55304470818831 ], [ 1.64394352326821, 41.553089732477289 ], [ 1.64394258255501, 41.553134756765871 ], [ 1.643941641839672, 41.553179781054084 ], [ 1.64394070112219, 41.553224805341955 ], [ 1.643939760402574, 41.553269829629436 ], [ 1.643938819680823, 41.553314853916547 ], [ 1.643937878956931, 41.553359878203267 ], [ 1.643936938230899, 41.553404902489625 ], [ 1.643935997502723, 41.55344992677562 ], [ 1.643935056772414, 41.553494951061232 ], [ 1.64393411603997, 41.553539975346474 ], [ 1.643933175305383, 41.553584999631333 ], [ 1.643932234568652, 41.553630023915829 ], [ 1.643931293829786, 41.553675048199956 ], [ 1.643930353088783, 41.553720072483713 ], [ 1.643870413293051, 41.553719365821244 ], [ 1.643810473499453, 41.553718659127533 ], [ 1.643750533707995, 41.5537179524026 ], [ 1.64369059391867, 41.553717245646425 ], [ 1.643630654131495, 41.553716538859014 ], [ 1.64362971318049, 41.553761563136824 ], [ 1.643628772227349, 41.553806587414286 ], [ 1.643627831272074, 41.55385161169135 ], [ 1.643626890314649, 41.553896635968066 ], [ 1.643625949355096, 41.553941660244369 ], [ 1.643566009362194, 41.553940953420181 ], [ 1.64350606937143, 41.553940246564743 ], [ 1.643446129382814, 41.553939539678062 ], [ 1.643386189396328, 41.553938832760174 ], [ 1.643326249411992, 41.553938125811023 ], [ 1.643266309429793, 41.553937418830657 ], [ 1.643206369449732, 41.553936711819041 ], [ 1.643146429471811, 41.553936004776226 ], [ 1.643086489496031, 41.553935297702139 ], [ 1.643026549522386, 41.553934590596825 ], [ 1.642966609550893, 41.553933883460282 ], [ 1.642906669581533, 41.553933176292503 ], [ 1.642846729614315, 41.553932469093517 ], [ 1.642786789649238, 41.553931761863261 ], [ 1.642726849686297, 41.553931054601783 ], [ 1.642725908101021, 41.553976078861048 ], [ 1.642724966513599, 41.554021103119922 ], [ 1.642724024924036, 41.554066127378448 ], [ 1.642723083332334, 41.554111151636583 ], [ 1.642722141738489, 41.554156175894377 ], [ 1.642721200142503, 41.554201200151788 ], [ 1.642720258544377, 41.554246224408807 ], [ 1.642719316944112, 41.554291248665457 ], [ 1.642718375341704, 41.554336272921738 ], [ 1.642717433737151, 41.554381297177635 ], [ 1.642716492130462, 41.554426321433176 ], [ 1.642715550521633, 41.554471345688349 ], [ 1.642714608910666, 41.554516369943123 ], [ 1.64271366729755, 41.554561394197542 ], [ 1.642712725682303, 41.554606418451591 ], [ 1.642652785097916, 41.554605711142194 ], [ 1.642592844515664, 41.554605003801548 ], [ 1.642532903935559, 41.554604296429687 ], [ 1.642472963357601, 41.554603589026556 ], [ 1.642413022781779, 41.554602881592224 ], [ 1.642412080956517, 41.554647905840298 ], [ 1.642411139129111, 41.554692930088045 ], [ 1.642410197299571, 41.554737954335408 ], [ 1.642409255467887, 41.554782978582402 ], [ 1.64240831363406, 41.554828002828998 ], [ 1.642407371798093, 41.554873027075239 ], [ 1.642406429959985, 41.554918051321145 ], [ 1.64240548811973, 41.554963075566612 ], [ 1.642404546277338, 41.555008099811758 ], [ 1.642403604432809, 41.555053124056499 ], [ 1.642402662586132, 41.555098148300878 ], [ 1.642401720737316, 41.555143172544888 ], [ 1.642400778886363, 41.555188196788514 ], [ 1.642399837033265, 41.555233221031777 ], [ 1.64239889517802, 41.555278245274664 ], [ 1.642338953980727, 41.555277537792364 ], [ 1.642279012785579, 41.555276830278856 ], [ 1.642219071592568, 41.555276122734114 ], [ 1.642159130401701, 41.555275415158128 ], [ 1.642099189212975, 41.555274707550886 ], [ 1.642098247147719, 41.555319731787861 ], [ 1.64209730508032, 41.555364756024431 ], [ 1.642096363010776, 41.555409780260625 ], [ 1.6420954209391, 41.555454804496456 ], [ 1.642094478865277, 41.555499828731925 ], [ 1.642034537470812, 41.555499121087898 ], [ 1.641974596078494, 41.555498413412636 ], [ 1.641914654688323, 41.555497705706131 ], [ 1.641854713300291, 41.55549699796839 ], [ 1.641794771914399, 41.555496290199429 ], [ 1.641793829630553, 41.555541314428929 ], [ 1.641792887344568, 41.555586338658095 ], [ 1.641791945056447, 41.555631362886849 ], [ 1.641791002766177, 41.555676387115248 ], [ 1.641790060473765, 41.555721411343271 ], [ 1.641730118882139, 41.55572070353751 ], [ 1.641670177292651, 41.555719995700493 ], [ 1.641610235705316, 41.555719287832247 ], [ 1.641550294120119, 41.555718579932751 ], [ 1.641490352537064, 41.555717872002027 ], [ 1.64148941003463, 41.555762896224131 ], [ 1.641488467530049, 41.555807920445808 ], [ 1.64148752502333, 41.555852944667173 ], [ 1.641486582514474, 41.555897968888132 ], [ 1.641485640003464, 41.555942993108722 ], [ 1.641484697490316, 41.555988017328929 ], [ 1.64148375497503, 41.556033041548787 ], [ 1.641482812457597, 41.556078065768268 ], [ 1.641481869938021, 41.556123089987352 ], [ 1.641480927416296, 41.556168114206073 ], [ 1.641479984892434, 41.55621313842444 ], [ 1.641479042366434, 41.556258162642422 ], [ 1.641478099838281, 41.556303186860028 ], [ 1.641477157307991, 41.556348211077264 ], [ 1.641476214775556, 41.556393235294124 ], [ 1.641416272570997, 41.556392527315467 ], [ 1.641356330368587, 41.556391819305574 ], [ 1.641296388168315, 41.556391111264439 ], [ 1.641236445970182, 41.55639040319204 ], [ 1.641176503774202, 41.556389695088441 ], [ 1.641116561580356, 41.556388986953586 ], [ 1.641056619388663, 41.556388278787487 ], [ 1.640996677199109, 41.556387570590168 ], [ 1.6409367350117, 41.556386862361627 ], [ 1.640876792826429, 41.556386154101823 ], [ 1.640816850643311, 41.556385445810776 ], [ 1.640756908462329, 41.556384737488514 ], [ 1.640696966283501, 41.556384029135003 ], [ 1.640637024106812, 41.556383320750278 ], [ 1.640577081932264, 41.556382612334282 ], [ 1.640576138774033, 41.55642763653406 ], [ 1.640575195613649, 41.556472660733469 ], [ 1.64057425245113, 41.556517684932508 ], [ 1.640573309286462, 41.55656270913115 ], [ 1.64057236611965, 41.556607733329436 ], [ 1.640571422950688, 41.556652757527345 ], [ 1.640570479779592, 41.556697781724878 ], [ 1.640569536606347, 41.556742805922056 ], [ 1.640568593430957, 41.556787830118836 ], [ 1.640567650253417, 41.556832854315253 ], [ 1.640566707073743, 41.556877878511294 ], [ 1.64056576389192, 41.556922902706951 ], [ 1.640564820707952, 41.556967926902281 ], [ 1.64056387752184, 41.557012951097221 ], [ 1.640562934333579, 41.557057975291762 ], [ 1.640561991143182, 41.557102999485942 ], [ 1.640561047950637, 41.557148023679737 ], [ 1.640560104755947, 41.557193047873177 ], [ 1.640559161559108, 41.557238072066227 ], [ 1.640558218360128, 41.557283096258942 ], [ 1.640557275159011, 41.557328120451253 ], [ 1.640556331955743, 41.557373144643194 ], [ 1.640555388750331, 41.557418168834765 ], [ 1.640554445542774, 41.557463193025953 ], [ 1.640553502333068, 41.557508217216771 ], [ 1.640552559121226, 41.557553241407227 ], [ 1.640551615907236, 41.557598265597328 ], [ 1.640550672691096, 41.557643289787023 ], [ 1.640549729472817, 41.557688313976357 ], [ 1.640548786252393, 41.55773333816532 ], [ 1.640608729674293, 41.557734046614748 ], [ 1.640668673098344, 41.557734755032932 ], [ 1.640728616524529, 41.557735463419874 ], [ 1.640788559952867, 41.557736171775595 ], [ 1.64084850338334, 41.557736880100066 ], [ 1.640908446815968, 41.557737588393294 ], [ 1.64096839025073, 41.557738296655273 ], [ 1.641028333687646, 41.557739004886045 ], [ 1.641088277126695, 41.557739713085567 ], [ 1.641148220567895, 41.557740421253847 ], [ 1.641147277761132, 41.557785445453568 ], [ 1.641146334952215, 41.557830469652941 ], [ 1.64114539214116, 41.557875493851924 ], [ 1.641144449327966, 41.557920518050544 ], [ 1.641143506512619, 41.55796554224878 ], [ 1.641142563695132, 41.55801056644664 ], [ 1.641141620875508, 41.558055590644152 ], [ 1.641140678053734, 41.558100614841273 ], [ 1.641139735229817, 41.558145639038031 ], [ 1.641138792403756, 41.55819066323442 ], [ 1.641137849575552, 41.558235687430411 ], [ 1.641136906745204, 41.55828071162604 ], [ 1.641135963912713, 41.55832573582132 ], [ 1.641135021078078, 41.558370760016217 ], [ 1.641134078241299, 41.558415784210716 ], [ 1.641133135402376, 41.55846080840486 ], [ 1.641132192561305, 41.558505832598634 ], [ 1.6411312497181, 41.558550856792031 ], [ 1.641130306872746, 41.558595880985052 ], [ 1.641129364025249, 41.558640905177711 ], [ 1.641128421175604, 41.558685929369979 ], [ 1.641127478323823, 41.558730953561877 ], [ 1.641126535469895, 41.55877597775342 ], [ 1.641125592613818, 41.558821001944587 ], [ 1.641124649755603, 41.558866026135384 ], [ 1.64118459423848, 41.558866734300281 ], [ 1.641244538723496, 41.558867442433936 ], [ 1.641304483210651, 41.558868150536362 ], [ 1.641364427699955, 41.558868858607539 ], [ 1.641424372191408, 41.558869566647459 ], [ 1.64142342953896, 41.558914590843472 ], [ 1.64142248688437, 41.558959615039065 ], [ 1.641421544227631, 41.55900463923431 ], [ 1.641420601568758, 41.559049663429185 ], [ 1.641419658907738, 41.559094687623684 ], [ 1.641479603609242, 41.559095395637954 ], [ 1.641539548312889, 41.559096103620995 ], [ 1.64159949301868, 41.559096811572793 ], [ 1.641659437726613, 41.559097519493363 ], [ 1.641719382436691, 41.55909822738267 ], [ 1.641718439981441, 41.559143251582377 ], [ 1.64171749752405, 41.559188275781679 ], [ 1.641716555064514, 41.559233299980633 ], [ 1.641715612602838, 41.559278324179203 ], [ 1.641714670139017, 41.55932334837739 ], [ 1.641713727673049, 41.559368372575236 ], [ 1.641712785204948, 41.55941339677269 ], [ 1.641711842734693, 41.559458420969769 ], [ 1.641710900262307, 41.559503445166477 ], [ 1.641709957787768, 41.559548469362817 ], [ 1.641709015311095, 41.559593493558772 ], [ 1.641708072832275, 41.559638517754358 ], [ 1.641707130351306, 41.559683541949603 ], [ 1.641706187868205, 41.559728566144436 ], [ 1.641705245382951, 41.559773590338914 ], [ 1.641704302895559, 41.559818614533015 ], [ 1.641703360406026, 41.559863638726732 ], [ 1.641702417914351, 41.559908662920101 ], [ 1.641701475420527, 41.559953687113079 ], [ 1.641700532924568, 41.559998711305674 ], [ 1.641640587382814, 41.559998003394092 ], [ 1.641580641843204, 41.559997295451247 ], [ 1.64152069630573, 41.559996587477187 ], [ 1.641460750770412, 41.559995879471849 ], [ 1.641400805237232, 41.559995171435297 ], [ 1.641399862531197, 41.560040195621966 ], [ 1.641398919823027, 41.560085219808251 ], [ 1.641397977112711, 41.560130243994166 ], [ 1.64139703440025, 41.560175268179727 ], [ 1.641396091685645, 41.56022029236491 ], [ 1.641336145946683, 41.560219584291538 ], [ 1.641276200209866, 41.560218876186923 ], [ 1.641216254475191, 41.56021816805108 ], [ 1.641156308742656, 41.56021745988398 ], [ 1.641096363012276, 41.56021675168563 ], [ 1.641095420087601, 41.560261775864873 ], [ 1.641094477160784, 41.560306800043733 ], [ 1.641093534231822, 41.560351824222217 ], [ 1.641092591300716, 41.560396848400323 ], [ 1.641091648367466, 41.56044187257806 ], [ 1.641090705432073, 41.560486896755435 ], [ 1.641089762494531, 41.560531920932434 ], [ 1.641088819554854, 41.560576945109062 ], [ 1.641087876613024, 41.560621969285293 ], [ 1.64108693366906, 41.560666993461183 ], [ 1.64102698752496, 41.560666285220456 ], [ 1.640967041383006, 41.560665576948502 ], [ 1.640907095243196, 41.560664868645297 ], [ 1.640847149105526, 41.56066416031085 ], [ 1.640787202970005, 41.560663451945153 ], [ 1.640786259815966, 41.560708476115103 ], [ 1.640785316659777, 41.560753500284655 ], [ 1.640784373501445, 41.560798524453837 ], [ 1.640783430340967, 41.560843548622636 ], [ 1.64078248717834, 41.560888572791093 ], [ 1.640842433521793, 41.560889281162353 ], [ 1.640902379867396, 41.56088998950235 ], [ 1.640962326215137, 41.560890697811132 ], [ 1.641022272565025, 41.560891406088672 ], [ 1.641082218917049, 41.560892114334969 ], [ 1.641081275960222, 41.560937138508585 ], [ 1.641080333001245, 41.56098216268186 ], [ 1.641079390040119, 41.561027186854744 ], [ 1.641078447076854, 41.561072211027273 ], [ 1.641077504111445, 41.561117235199433 ], [ 1.641137450673558, 41.561117943420044 ], [ 1.641197397237812, 41.561118651609412 ], [ 1.64125734380421, 41.561119359767545 ], [ 1.641317290372751, 41.56112006789445 ], [ 1.641377236943436, 41.561120775990098 ], [ 1.641376294183819, 41.561165800167444 ], [ 1.641375351422058, 41.561210824344428 ], [ 1.641374408658154, 41.561255848521022 ], [ 1.641373465892106, 41.561300872697245 ], [ 1.641372523123914, 41.561345896873114 ], [ 1.641432469904681, 41.561346604943097 ], [ 1.64149241668759, 41.56134731298183 ], [ 1.641552363472643, 41.561348020989335 ], [ 1.641612310259839, 41.561348728965584 ], [ 1.641672257049174, 41.561349436910604 ], [ 1.641732203840663, 41.561350144824374 ], [ 1.641792150634289, 41.561350852706923 ], [ 1.641852097430059, 41.561351560558201 ], [ 1.641912044227971, 41.561352268378243 ], [ 1.641971991028027, 41.561352976167058 ], [ 1.642031937830225, 41.561353683924629 ], [ 1.642091884634562, 41.561354391650944 ], [ 1.642151831441051, 41.561355099345995 ], [ 1.642211778249677, 41.561355807009839 ], [ 1.642271725060447, 41.561356514642434 ], [ 1.642270782913922, 41.561401538834637 ], [ 1.64226984076526, 41.561446563026443 ], [ 1.642268898614461, 41.56149158721788 ], [ 1.642267956461515, 41.561536611408961 ], [ 1.642267014306421, 41.561581635599659 ], [ 1.642326961327278, 41.561582343206588 ], [ 1.642386908350271, 41.561583050782275 ], [ 1.642446855375406, 41.561583758326698 ], [ 1.642506802402684, 41.561584465839886 ], [ 1.642566749432103, 41.561585173321838 ], [ 1.642626696463665, 41.561585880772547 ], [ 1.642686643497367, 41.561586588192007 ], [ 1.642746590533208, 41.56158729558021 ], [ 1.642806537571196, 41.561588002937192 ], [ 1.642866484611328, 41.561588710262939 ], [ 1.642867426350535, 41.561543686061121 ], [ 1.642868368087602, 41.561498661858906 ], [ 1.642869309822525, 41.561453637656328 ], [ 1.642870251555304, 41.561408613453381 ], [ 1.64287119328595, 41.561363589250064 ], [ 1.642872135014446, 41.561318565046378 ], [ 1.642873076740812, 41.561273540842301 ], [ 1.64287401846503, 41.561228516637861 ], [ 1.642874960187107, 41.561183492433045 ], [ 1.642875901907043, 41.56113846822786 ], [ 1.642935848533432, 41.561139175511229 ], [ 1.642995795161965, 41.561139882763342 ], [ 1.64305574179264, 41.561140589984227 ], [ 1.643115688425461, 41.561141297173869 ], [ 1.643175635060417, 41.561142004332268 ], [ 1.643176576570277, 41.561096980121143 ], [ 1.643177518077995, 41.56105195590964 ], [ 1.643178459583573, 41.561006931697762 ], [ 1.643179401087003, 41.560961907485542 ], [ 1.6431803425883, 41.56091688327291 ], [ 1.643181284087462, 41.560871859059922 ], [ 1.643182225584471, 41.560826834846566 ], [ 1.64318316707935, 41.560781810632818 ], [ 1.643184108572084, 41.56073678641873 ], [ 1.643185050062676, 41.560691762204272 ], [ 1.643185991551124, 41.560646737989416 ], [ 1.643186933037435, 41.560601713774183 ], [ 1.643187874521611, 41.560556689558574 ], [ 1.643188816003641, 41.560511665342624 ], [ 1.643189757483526, 41.560466641126283 ], [ 1.64324970349683, 41.560467348236728 ], [ 1.643309649512265, 41.560468055315958 ], [ 1.643369595529847, 41.560468762363953 ], [ 1.643429541549572, 41.560469469380685 ], [ 1.643489487571434, 41.560470176366188 ], [ 1.643490428841253, 41.560425152143885 ], [ 1.643491370108934, 41.560380127921249 ], [ 1.643492311374469, 41.560335103698229 ], [ 1.643493252637872, 41.560290079474832 ], [ 1.643494193899127, 41.560245055251059 ], [ 1.643495135158252, 41.560200031026909 ], [ 1.643496076415231, 41.56015500680239 ], [ 1.643497017670064, 41.560109982577515 ], [ 1.643497958922767, 41.560064958352271 ], [ 1.643498900173323, 41.560019934126601 ], [ 1.643558845781476, 41.560020641069769 ], [ 1.643618791391758, 41.560021347981646 ], [ 1.643678737004186, 41.560022054862323 ], [ 1.643738682618759, 41.560022761711714 ], [ 1.643798628235462, 41.560023468529891 ], [ 1.643799569275961, 41.559978444298324 ], [ 1.643800510314311, 41.559933420066372 ], [ 1.64380145135053, 41.559888395834072 ], [ 1.643802392384601, 41.559843371601396 ], [ 1.643803333416542, 41.559798347368329 ], [ 1.643743388007753, 41.559797640555722 ], [ 1.643683442601109, 41.559796933711866 ], [ 1.643623497196604, 41.559796226836774 ], [ 1.643563551794241, 41.559795519930447 ], [ 1.643503606394016, 41.55979481299287 ], [ 1.643504547631738, 41.559749788765018 ], [ 1.643505488867318, 41.559704764536761 ], [ 1.643506430100756, 41.559659740308163 ], [ 1.643507371332054, 41.559614716079167 ], [ 1.643508312561212, 41.559569691849802 ], [ 1.643568257753515, 41.559570398781808 ], [ 1.643628202947958, 41.559571105682579 ], [ 1.643688148144542, 41.559571812552115 ], [ 1.643748093343265, 41.559572519390407 ], [ 1.643808038544122, 41.559573226197436 ], [ 1.643867983747131, 41.559573932973244 ], [ 1.643927928952272, 41.559574639717823 ], [ 1.643987874159555, 41.55957534643116 ], [ 1.64404781936897, 41.559576053113268 ], [ 1.644107764580537, 41.559576759764106 ], [ 1.644108705391716, 41.55953173552323 ], [ 1.644109646200755, 41.559486711281998 ], [ 1.644110587007655, 41.559441687040412 ], [ 1.644111527812415, 41.559396662798441 ], [ 1.644112468615038, 41.559351638556087 ], [ 1.644113409415521, 41.559306614313364 ], [ 1.644114350213865, 41.559261590070271 ], [ 1.644115291010069, 41.559216565826809 ], [ 1.644116231804132, 41.559171541582955 ], [ 1.644117172596062, 41.559126517338754 ], [ 1.644118113385851, 41.559081493094183 ], [ 1.644119054173494, 41.559036468849229 ], [ 1.644119994959009, 41.558991444603876 ], [ 1.64412093574238, 41.558946420358197 ], [ 1.644121876523611, 41.558901396112127 ], [ 1.644122817302705, 41.558856371865666 ], [ 1.644123758079658, 41.558811347618843 ], [ 1.644124698854473, 41.558766323371664 ], [ 1.644125639627149, 41.558721299124102 ], [ 1.644126580397681, 41.558676274876163 ], [ 1.644066636017787, 41.558675568247558 ], [ 1.644006691640023, 41.558674861587697 ], [ 1.643946747264408, 41.558674154896615 ], [ 1.643886802890927, 41.558673448174304 ], [ 1.643826858519582, 41.558672741420736 ], [ 1.643825917541133, 41.558717765663118 ], [ 1.643824976560551, 41.55876278990511 ], [ 1.643824035577825, 41.558807814146732 ], [ 1.643823094592959, 41.558852838387992 ], [ 1.643822153605953, 41.558897862628896 ], [ 1.643762209028835, 41.558897155838515 ], [ 1.643702264453867, 41.55889644901692 ], [ 1.643642319881033, 41.558895742164054 ], [ 1.64358237531034, 41.558895035279996 ], [ 1.643522430741786, 41.558894328364659 ], [ 1.643523371936704, 41.558849304129332 ], [ 1.643524313129483, 41.558804279893643 ], [ 1.643525254320121, 41.55875925565757 ], [ 1.643526195508621, 41.558714231421128 ], [ 1.643527136694974, 41.558669207184309 ], [ 1.643467192336477, 41.558668500243328 ], [ 1.643407247980117, 41.558667793271084 ], [ 1.643347303625896, 41.55866708626759 ], [ 1.643287359273816, 41.558666379232889 ], [ 1.643227414923871, 41.558665672166917 ], [ 1.643228356316005, 41.558620647935292 ], [ 1.643229297705993, 41.558575623703305 ], [ 1.643230239093836, 41.558530599470942 ], [ 1.64323118047955, 41.558485575238201 ], [ 1.643232121863113, 41.558440551005042 ], [ 1.643292066005148, 41.558441258065457 ], [ 1.643352010149314, 41.558441965094609 ], [ 1.643411954295631, 41.558442672092539 ], [ 1.643471898444077, 41.558443379059206 ], [ 1.643531842594669, 41.558444085994672 ], [ 1.643532783768189, 41.558399061755601 ], [ 1.643533724939573, 41.558354037516175 ], [ 1.643534666108813, 41.558309013276372 ], [ 1.643535607275912, 41.558263989036206 ], [ 1.643536548440867, 41.558218964795664 ], [ 1.643596492385697, 41.558219671694289 ], [ 1.643656436332658, 41.558220378561685 ], [ 1.643716380281768, 41.558221085397854 ], [ 1.643776324233011, 41.558221792202787 ], [ 1.643836268186391, 41.558222498976455 ], [ 1.643837209141306, 41.558177474729973 ], [ 1.643838150094082, 41.558132450483136 ], [ 1.643839091044716, 41.558087426235922 ], [ 1.643840031993213, 41.558042401988324 ], [ 1.643840972939569, 41.557997377740335 ], [ 1.643781029194094, 41.557996670972223 ], [ 1.64372108545075, 41.557995964172868 ], [ 1.64366114170955, 41.557995257342263 ], [ 1.643601197970495, 41.55799455048043 ], [ 1.643541254233574, 41.557993843587369 ], [ 1.643481310498788, 41.557993136663036 ], [ 1.643421366766149, 41.557992429707497 ], [ 1.643361423035653, 41.557991722720701 ], [ 1.643301479307289, 41.557991015702669 ], [ 1.643241535581075, 41.557990308653416 ], [ 1.643242476941099, 41.557945284416192 ], [ 1.643243418298983, 41.557900260178592 ], [ 1.643244359654726, 41.557855235940643 ], [ 1.643245301008329, 41.557810211702296 ], [ 1.643246242359793, 41.557765187463573 ], [ 1.643186298843611, 41.557764480388649 ], [ 1.64312635532958, 41.557763773282474 ], [ 1.643066411817685, 41.557763066145043 ], [ 1.643006468307931, 41.557762358976412 ], [ 1.642946524800317, 41.557761651776488 ], [ 1.642945583240953, 41.557806676009633 ], [ 1.642944641679444, 41.557851700242402 ], [ 1.642943700115803, 41.557896724474801 ], [ 1.642942758550016, 41.557941748706831 ], [ 1.642941816982085, 41.557986772938492 ], [ 1.642881873268716, 41.557986065701783 ], [ 1.642821929557482, 41.557985358433847 ], [ 1.642761985848386, 41.557984651134674 ], [ 1.642702042141439, 41.55798394380426 ], [ 1.64264209843663, 41.557983236442603 ], [ 1.642582154733958, 41.557982529049688 ], [ 1.642522211033431, 41.557981821625582 ], [ 1.642462267335051, 41.557981114170232 ], [ 1.642402323638808, 41.557980406683612 ], [ 1.642342379944707, 41.557979699165756 ], [ 1.642343321928441, 41.557934674945223 ], [ 1.642344263910031, 41.557889650724341 ], [ 1.642345205889481, 41.557844626503069 ], [ 1.642346147866783, 41.557799602281449 ], [ 1.642347089841949, 41.557754578059416 ], [ 1.642348031814978, 41.557709553837036 ], [ 1.642348973785856, 41.557664529614264 ], [ 1.642349915754596, 41.557619505391152 ], [ 1.642350857721197, 41.557574481167642 ], [ 1.642351799685653, 41.557529456943769 ], [ 1.642411742963954, 41.557530164450483 ], [ 1.6424716862444, 41.557530871925955 ], [ 1.642531629526978, 41.557531579370199 ], [ 1.642591572811708, 41.5575322867832 ], [ 1.642651516098574, 41.557532994164951 ], [ 1.642711459387577, 41.557533701515474 ], [ 1.642771402678731, 41.557534408834755 ], [ 1.642831345972017, 41.557535116122814 ], [ 1.642891289267453, 41.557535823379609 ], [ 1.642951232565026, 41.557536530605184 ], [ 1.643011175864735, 41.557537237799522 ], [ 1.643071119166594, 41.55753794496259 ], [ 1.643131062470584, 41.557538652094451 ], [ 1.643191005776725, 41.55753935919509 ], [ 1.643250949085002, 41.557540066264458 ], [ 1.643310892395419, 41.557540773302598 ], [ 1.643370835707977, 41.557541480309496 ], [ 1.64343077902267, 41.557542187285172 ], [ 1.643490722339507, 41.55754289422962 ], [ 1.64355066565849, 41.55754360114279 ], [ 1.643549724525627, 41.557588625388917 ], [ 1.643548783390626, 41.557633649634681 ], [ 1.643547842253483, 41.557678673880069 ], [ 1.643546901114196, 41.557723698125102 ], [ 1.643545959972779, 41.55776872236973 ], [ 1.643605903501798, 41.557769429257242 ], [ 1.643665847032956, 41.557770136113511 ], [ 1.643725790566253, 41.557770842938552 ], [ 1.643785734101691, 41.557771549732351 ], [ 1.643845677639268, 41.557772256494928 ], [ 1.643905621178985, 41.557772963226235 ], [ 1.643965564720841, 41.557773669926327 ], [ 1.644025508264836, 41.557774376595169 ], [ 1.644085451810971, 41.557775083232769 ], [ 1.644145395359245, 41.557775789839148 ], [ 1.64414633608486, 41.557730765583379 ], [ 1.644147276808341, 41.557685741327226 ], [ 1.644148217529683, 41.557640717070733 ], [ 1.644149158248886, 41.557595692813855 ], [ 1.644150098965955, 41.557550668556594 ], [ 1.644210042308468, 41.557551375126152 ], [ 1.64426998565312, 41.557552081664504 ], [ 1.644329928999906, 41.557552788171584 ], [ 1.644389872348839, 41.557553494647443 ], [ 1.644449815699909, 41.557554201092067 ], [ 1.644450756206934, 41.557509176828873 ], [ 1.644451696711823, 41.557464152565316 ], [ 1.644452637214568, 41.557419128301397 ], [ 1.644453577715185, 41.557374104037081 ], [ 1.644454518213652, 41.557329079772394 ], [ 1.644514461358966, 41.557329786180226 ], [ 1.644574404506413, 41.557330492556801 ], [ 1.644634347655998, 41.557331198902169 ], [ 1.644694290807718, 41.55733190521628 ], [ 1.644754233961584, 41.557332611499142 ], [ 1.644755174250022, 41.557287587228529 ], [ 1.644756114536318, 41.557242562957555 ], [ 1.644757054820485, 41.557197538686196 ], [ 1.64475799510251, 41.557152514414469 ], [ 1.644758935382397, 41.557107490142371 ], [ 1.644759875660141, 41.557062465869905 ], [ 1.644760815935752, 41.557017441597054 ], [ 1.64476175620923, 41.556972417323813 ], [ 1.64476269648056, 41.556927393050245 ], [ 1.644763636749762, 41.556882368776272 ], [ 1.644764577016822, 41.556837344501957 ], [ 1.644765517281744, 41.556792320227238 ], [ 1.644766457544529, 41.55674729595215 ], [ 1.64476739780517, 41.556702271676727 ], [ 1.644768338063679, 41.556657247400885 ], [ 1.644828280596004, 41.556657953635863 ], [ 1.644888223130461, 41.55665865983957 ], [ 1.644948165667056, 41.556659366012049 ], [ 1.645008108205785, 41.556660072153321 ], [ 1.645068050746656, 41.556660778263335 ], [ 1.64512799328967, 41.556661484342101 ], [ 1.645187935834816, 41.556662190389645 ], [ 1.645247878382099, 41.556662896405953 ], [ 1.645307820931514, 41.556663602391026 ], [ 1.645367763483077, 41.55666430834485 ], [ 1.645368703323667, 41.556619284057547 ], [ 1.645369643162122, 41.55657425976986 ], [ 1.645370582998439, 41.556529235481797 ], [ 1.645371522832621, 41.556484211193357 ], [ 1.645372462664665, 41.556439186904576 ], [ 1.645373402494568, 41.556394162615398 ], [ 1.645374342322338, 41.556349138325835 ], [ 1.645375282147976, 41.556304114035918 ], [ 1.645376221971473, 41.556259089745623 ], [ 1.645377161792834, 41.556214065454981 ], [ 1.64531721965705, 41.556213359512249 ], [ 1.645257277523406, 41.55621265353831 ], [ 1.645197335391898, 41.556211947533086 ], [ 1.645137393262528, 41.556211241496655 ], [ 1.64507745113529, 41.556210535428988 ], [ 1.645017509010195, 41.556209829330101 ], [ 1.644957566887236, 41.556209123199963 ], [ 1.64489762476642, 41.556208417038583 ], [ 1.644837682647738, 41.556207710845968 ], [ 1.644777740531189, 41.556207004622131 ], [ 1.644778680766187, 41.556161980342203 ] ] ] } },
{ "type": "Feature", "properties": { "GRID_CODE": 2, "CODI_FINAL": "895161", "MUNICIPI": "Teià", "DATA_INCEN": "23/07/95" }, "geometry": { "type": "Polygon", "coordinates": [ [ [ 2.324558871074824, 41.511945252357286 ], [ 2.324559338763535, 41.511900218242431 ], [ 2.324559806451183, 41.511855184127207 ], [ 2.324560274137768, 41.511810150011598 ], [ 2.32456074182329, 41.51176511589567 ], [ 2.324500828105351, 41.511764764344115 ], [ 2.324440914388473, 41.511764412761366 ], [ 2.324381000672659, 41.511764061147417 ], [ 2.324321086957908, 41.511763709502254 ], [ 2.324261173244222, 41.511763357825878 ], [ 2.324201259531598, 41.511763006118287 ], [ 2.324141345820037, 41.511762654379488 ], [ 2.324081432109541, 41.511762302609505 ], [ 2.324021518400108, 41.511761950808292 ], [ 2.32396160469174, 41.511761598975852 ], [ 2.323962072791385, 41.511716564865118 ], [ 2.323962540889968, 41.511671530753993 ], [ 2.323963008987485, 41.511626496642492 ], [ 2.323963477083939, 41.511581462530657 ], [ 2.323963945179332, 41.511536428418459 ], [ 2.32390403167962, 41.51153607655759 ], [ 2.323844118180971, 41.511535724665535 ], [ 2.323784204683386, 41.511535372742252 ], [ 2.323724291186865, 41.511535020787782 ], [ 2.323664377691411, 41.511534668802099 ], [ 2.323664845993328, 41.511489634692289 ], [ 2.323665314294181, 41.511444600582159 ], [ 2.323665782593971, 41.511399566471653 ], [ 2.323666250892697, 41.511354532360784 ], [ 2.323666719190357, 41.511309498249545 ], [ 2.323606805903556, 41.511309146235448 ], [ 2.323546892617819, 41.5113087941901 ], [ 2.323486979333147, 41.51130844211356 ], [ 2.323427066049539, 41.511308090005805 ], [ 2.323367152766997, 41.511307737866851 ], [ 2.323367621271181, 41.511262703758049 ], [ 2.323368089774302, 41.511217669648879 ], [ 2.323368558276357, 41.51117263553936 ], [ 2.323369026777348, 41.511127601429457 ], [ 2.323369495277275, 41.511082567319207 ], [ 2.323369963776136, 41.511037533208587 ], [ 2.323370432273933, 41.510992499097597 ], [ 2.323370900770665, 41.51094746498628 ], [ 2.323371369266334, 41.510902430874602 ], [ 2.323371837760936, 41.510857396762532 ], [ 2.323311924894631, 41.510857044597934 ], [ 2.323252012029391, 41.510856692402108 ], [ 2.323192099165215, 41.510856340175067 ], [ 2.323132186302105, 41.510855987916855 ], [ 2.323072273440059, 41.510855635627401 ], [ 2.323072742141181, 41.510810601517768 ], [ 2.323073210841239, 41.510765567407766 ], [ 2.323073679540229, 41.510720533297402 ], [ 2.323074148238156, 41.510675499186704 ], [ 2.323074616935017, 41.510630465075643 ], [ 2.323075085630814, 41.510585430964198 ], [ 2.323075554325545, 41.510540396852392 ], [ 2.323076023019211, 41.510495362740258 ], [ 2.323076491711813, 41.510450328627734 ], [ 2.323076960403348, 41.510405294514868 ], [ 2.323017047957531, 41.510404942199777 ], [ 2.322957135512779, 41.510404589853444 ], [ 2.322897223069094, 41.510404237475932 ], [ 2.322837310626472, 41.51040388506722 ], [ 2.322777398184919, 41.510403532627279 ], [ 2.322717485744429, 41.510403180156153 ], [ 2.322657573305006, 41.510402827653827 ], [ 2.322597660866649, 41.510402475120266 ], [ 2.322537748429358, 41.510402122555519 ], [ 2.322477835993133, 41.510401769959557 ], [ 2.322417923557975, 41.510401417332396 ], [ 2.322358011123882, 41.510401064674006 ], [ 2.322298098690857, 41.510400711984396 ], [ 2.322238186258897, 41.51040035926362 ], [ 2.322178273828005, 41.510400006511638 ], [ 2.322118361398179, 41.510399653728413 ], [ 2.32205844896942, 41.510399300913988 ], [ 2.321998536541728, 41.510398948068378 ], [ 2.321938624115103, 41.51039859519156 ], [ 2.321878711689546, 41.510398242283507 ], [ 2.321818799265055, 41.510397889344262 ], [ 2.321758886841631, 41.51039753637383 ], [ 2.321698974419276, 41.510397183372177 ], [ 2.321639061997987, 41.510396830339317 ], [ 2.321579149577766, 41.510396477275236 ], [ 2.321519237158613, 41.510396124179955 ], [ 2.321459324740527, 41.510395771053446 ], [ 2.32139941232351, 41.510395417895786 ], [ 2.32133949990756, 41.510395064706884 ], [ 2.321279587492679, 41.510394711486782 ], [ 2.321280057428621, 41.510349677390238 ], [ 2.321280527363495, 41.510304643293324 ], [ 2.321280997297302, 41.510259609196055 ], [ 2.321281467230041, 41.510214575098416 ], [ 2.321281937161711, 41.510169541000415 ], [ 2.321222024955474, 41.510169187751877 ], [ 2.321162112750306, 41.510168834472168 ], [ 2.321102200546207, 41.510168481161209 ], [ 2.321042288343176, 41.510168127819057 ], [ 2.320982376141213, 41.510167774445698 ], [ 2.320922463940321, 41.510167421041139 ], [ 2.320862551740495, 41.510167067605359 ], [ 2.320802639541739, 41.5101667141384 ], [ 2.320742727344051, 41.510166360640206 ], [ 2.320682815147433, 41.510166007110804 ], [ 2.320622902951884, 41.510165653550217 ], [ 2.320562990757403, 41.510165299958423 ], [ 2.320503078563993, 41.510164946335415 ], [ 2.320443166371651, 41.510164592681214 ], [ 2.320383254180379, 41.510164238995777 ], [ 2.320383724733709, 41.510119204905777 ], [ 2.32038419528597, 41.510074170815415 ], [ 2.320384665837162, 41.51002913672469 ], [ 2.320385136387283, 41.509984102633609 ], [ 2.320385606936337, 41.50993906854216 ], [ 2.320325694953709, 41.509938714828337 ], [ 2.32026578297215, 41.509938361083293 ], [ 2.320205870991662, 41.509938007307035 ], [ 2.320145959012244, 41.50993765349957 ], [ 2.320086047033896, 41.509937299660905 ], [ 2.320026135056617, 41.50993694579104 ], [ 2.319966223080409, 41.509936591889947 ], [ 2.319906311105271, 41.509936237957675 ], [ 2.319846399131203, 41.509935883994189 ], [ 2.319786487158206, 41.509935529999453 ], [ 2.319726575186279, 41.509935175973553 ], [ 2.319666663215422, 41.509934821916453 ], [ 2.319606751245636, 41.509934467828124 ], [ 2.319546839276921, 41.509934113708596 ], [ 2.319486927309278, 41.509933759557853 ], [ 2.31948739847998, 41.509888725474447 ], [ 2.319487869649614, 41.509843691390657 ], [ 2.319488340818176, 41.509798657306483 ], [ 2.319488811985666, 41.509753623221975 ], [ 2.319489283152087, 41.509708589137105 ], [ 2.319429371393086, 41.509708234957962 ], [ 2.319369459635156, 41.509707880747598 ], [ 2.319309547878298, 41.509707526506048 ], [ 2.31924963612251, 41.50970717223327 ], [ 2.319189724367794, 41.509706817929292 ], [ 2.31912981261415, 41.509706463594114 ], [ 2.319069900861576, 41.509706109227722 ], [ 2.319009989110075, 41.509705754830144 ], [ 2.318950077359645, 41.50970540040133 ], [ 2.318890165610286, 41.509705045941331 ], [ 2.318889694028724, 41.509750080020645 ], [ 2.318889222446089, 41.509795114099525 ], [ 2.318888750862382, 41.509840148178107 ], [ 2.318888279277604, 41.509885182256312 ], [ 2.318887807691754, 41.509930216334183 ], [ 2.318887336104833, 41.509975250411664 ], [ 2.31888686451684, 41.510020284488789 ], [ 2.318886392927776, 41.510065318565559 ], [ 2.31888592133764, 41.510110352641973 ], [ 2.318885449746431, 41.510155386718026 ], [ 2.318825537582998, 41.51015503222122 ], [ 2.318765625420637, 41.51015467769323 ], [ 2.318705713259349, 41.510154323134003 ], [ 2.318645801099133, 41.510153968543591 ], [ 2.318585888939988, 41.510153613921979 ], [ 2.318585417140133, 41.510198647994869 ], [ 2.318584945339205, 41.510243682067404 ], [ 2.318584473537205, 41.51028871613957 ], [ 2.318584001734133, 41.510333750211394 ], [ 2.318583529929989, 41.510378784282857 ], [ 2.318583058124772, 41.510423818353964 ], [ 2.318582586318484, 41.510468852424694 ], [ 2.318582114511123, 41.510513886495083 ], [ 2.31858164270269, 41.510558920565096 ], [ 2.318581170893184, 41.510603954634746 ], [ 2.318580699082607, 41.510648988704062 ], [ 2.318580227270957, 41.510694022773016 ], [ 2.318579755458235, 41.510739056841572 ], [ 2.318579283644441, 41.510784090909809 ], [ 2.318578811829575, 41.51082912497764 ], [ 2.318518899048766, 41.510828770316436 ], [ 2.31845898626903, 41.510828415624005 ], [ 2.318399073490365, 41.510828060900387 ], [ 2.318339160712774, 41.510827706145548 ], [ 2.318279247936256, 41.510827351359509 ], [ 2.318278775912734, 41.510872385424221 ], [ 2.31827830388814, 41.510917419488564 ], [ 2.318277831862475, 41.51096245355253 ], [ 2.318277359835735, 41.511007487616169 ], [ 2.318276887807923, 41.511052521679453 ], [ 2.318216974824894, 41.5110521668594 ], [ 2.318157061842937, 41.511051812008148 ], [ 2.318097148862055, 41.511051457125674 ], [ 2.318037235882244, 41.511051102212022 ], [ 2.317977322903507, 41.511050747267142 ], [ 2.317976850667037, 41.511095781327242 ], [ 2.317976378429495, 41.511140815386995 ], [ 2.317975906190879, 41.511185849446399 ], [ 2.317975433951189, 41.511230883505434 ], [ 2.317974961710427, 41.511275917564099 ], [ 2.317915048525177, 41.511275562585226 ], [ 2.317855135341002, 41.511275207575117 ], [ 2.3177952221579, 41.511274852533838 ], [ 2.317735308975871, 41.511274497461343 ], [ 2.317675395794916, 41.511274142357607 ], [ 2.317674923345493, 41.511319176413139 ], [ 2.317674450894996, 41.511364210468294 ], [ 2.317673978443426, 41.511409244523087 ], [ 2.31767350599078, 41.511454278577531 ], [ 2.317673033537064, 41.511499312631599 ], [ 2.317672561082272, 41.511544346685326 ], [ 2.317672088626408, 41.511589380738677 ], [ 2.317671616169469, 41.511634414791658 ], [ 2.317671143711455, 41.511679448844312 ], [ 2.317670671252371, 41.511724482896604 ], [ 2.31767019879221, 41.511769516948497 ], [ 2.317669726330977, 41.511814551000057 ], [ 2.31766925386867, 41.511859585051255 ], [ 2.317668781405289, 41.511904619102111 ], [ 2.317668308940834, 41.51194965315257 ], [ 2.317667836475307, 41.51199468720268 ], [ 2.317667364008704, 41.512039721252457 ], [ 2.317666891541029, 41.512084755301856 ], [ 2.31766641907228, 41.512129789350901 ], [ 2.317665946602456, 41.512174823399583 ], [ 2.317606032592209, 41.512174468253455 ], [ 2.317546118583035, 41.512174113076149 ], [ 2.317486204574934, 41.5121737578676 ], [ 2.317426290567909, 41.512173402627866 ], [ 2.317366376561956, 41.512173047356924 ], [ 2.317365903883462, 41.512218081402466 ], [ 2.317365431203895, 41.512263115447617 ], [ 2.317364958523253, 41.512308149492405 ], [ 2.317364485841537, 41.512353183536845 ], [ 2.317364013158747, 41.51239821758093 ], [ 2.317363540474882, 41.51244325162466 ], [ 2.317363067789945, 41.512488285668013 ], [ 2.317362595103931, 41.512533319711011 ], [ 2.317362122416844, 41.512578353753682 ], [ 2.317361649728683, 41.512623387795948 ], [ 2.317361177039448, 41.512668421837894 ], [ 2.317360704349139, 41.512713455879449 ], [ 2.317360231657754, 41.51275848992065 ], [ 2.317359758965297, 41.512803523961487 ], [ 2.317359286271764, 41.512848558001984 ], [ 2.317419200900516, 41.512848913281324 ], [ 2.317479115530342, 41.51284926852945 ], [ 2.317539030161243, 41.512849623746384 ], [ 2.317598944793218, 41.512849978932088 ], [ 2.317658859426267, 41.512850334086608 ], [ 2.31771877406039, 41.512850689209898 ], [ 2.317778688695586, 41.512851044302003 ], [ 2.317838603331857, 41.512851399362873 ], [ 2.317898517969201, 41.512851754392535 ], [ 2.317958432607619, 41.512852109390991 ], [ 2.31795796032822, 41.51289714343671 ], [ 2.317957488047748, 41.512942177482067 ], [ 2.317957015766204, 41.512987211527062 ], [ 2.317956543483585, 41.513032245571729 ], [ 2.317956071199893, 41.513077279616006 ], [ 2.318015986046988, 41.513077634586054 ], [ 2.318075900895159, 41.513077989524881 ], [ 2.318135815744403, 41.5130783444325 ], [ 2.318195730594719, 41.513078699308927 ], [ 2.318255645446108, 41.513079054154119 ], [ 2.318255173368949, 41.513124088200833 ], [ 2.318254701290718, 41.513169122247199 ], [ 2.318254229211413, 41.513214156293181 ], [ 2.318253757131038, 41.513259190338843 ], [ 2.318253285049587, 41.513304224384122 ], [ 2.318252812967064, 41.513349258429045 ], [ 2.318252340883469, 41.513394292473599 ], [ 2.3182518687988, 41.513439326517819 ], [ 2.318251396713059, 41.513484360561641 ], [ 2.318250924626246, 41.513529394605129 ], [ 2.318250452538358, 41.513574428648248 ], [ 2.318249980449399, 41.513619462691004 ], [ 2.318249508359365, 41.513664496733426 ], [ 2.318249036268261, 41.513709530775451 ], [ 2.318248564176082, 41.513754564817134 ], [ 2.318308479651373, 41.513754919639517 ], [ 2.318368395127739, 41.513755274430686 ], [ 2.318428310605176, 41.513755629190655 ], [ 2.318488226083687, 41.513755983919388 ], [ 2.318548141563269, 41.513756338616929 ], [ 2.318547669677632, 41.513801372661057 ], [ 2.318547197790922, 41.513846406704808 ], [ 2.31854672590314, 41.51389144074821 ], [ 2.318546254014284, 41.513936474791251 ], [ 2.318545782124358, 41.513981508833936 ], [ 2.318605697812628, 41.513981863503055 ], [ 2.318665613501969, 41.51398221814096 ], [ 2.318725529192386, 41.513982572747658 ], [ 2.318785444883875, 41.513982927323141 ], [ 2.318845360576435, 41.513983281867418 ], [ 2.31884488889305, 41.514028315912554 ], [ 2.318844417208594, 41.514073349957293 ], [ 2.318843945523068, 41.514118384001684 ], [ 2.318843473836468, 41.514163418045726 ], [ 2.318843002148796, 41.514208452089413 ], [ 2.318842530460053, 41.514253486132738 ], [ 2.318842058770238, 41.514298520175657 ], [ 2.31884158707935, 41.514343554218271 ], [ 2.318841115387392, 41.514388588260481 ], [ 2.31884064369436, 41.514433622302384 ], [ 2.318840172000258, 41.514478656343897 ], [ 2.318839700305082, 41.514523690385047 ], [ 2.318839228608836, 41.514568724425843 ], [ 2.318838756911517, 41.51461375846629 ], [ 2.318838285213125, 41.514658792506367 ], [ 2.318837813513663, 41.514703826546068 ], [ 2.318837341813128, 41.514748860585421 ], [ 2.318836870111521, 41.514793894624432 ], [ 2.318836398408843, 41.514838928663053 ], [ 2.318835926705092, 41.514883962701333 ], [ 2.318835455000269, 41.514928996739243 ], [ 2.318834983294374, 41.514974030776813 ], [ 2.318834511587407, 41.515019064814012 ], [ 2.318834039879369, 41.515064098850829 ], [ 2.318833568170258, 41.515109132887325 ], [ 2.31877365143959, 41.515108778329079 ], [ 2.318713734709994, 41.515108423739605 ], [ 2.318653817981471, 41.515108069118952 ], [ 2.318593901254019, 41.515107714467078 ], [ 2.318533984527642, 41.515107359783954 ], [ 2.318533512609831, 41.515152393817289 ], [ 2.318533040690947, 41.515197427850254 ], [ 2.318532568770993, 41.515242461882863 ], [ 2.318532096849965, 41.515287495915111 ], [ 2.318531624927864, 41.515332529946981 ], [ 2.318531153004692, 41.515377563978525 ], [ 2.318530681080446, 41.515422598009685 ], [ 2.318530209155129, 41.515467632040497 ], [ 2.318529737228738, 41.515512666070933 ], [ 2.318529265301275, 41.515557700101027 ], [ 2.31852879337274, 41.515602734130752 ], [ 2.318528321443132, 41.515647768160129 ], [ 2.318527849512451, 41.515692802189136 ], [ 2.318527377580699, 41.515737836217774 ], [ 2.318526905647873, 41.515782870246063 ], [ 2.318586822997146, 41.515783224937543 ], [ 2.318646740347489, 41.515783579597795 ], [ 2.318706657698907, 41.51578393422686 ], [ 2.318766575051395, 41.515784288824698 ], [ 2.318826492404957, 41.515784643391321 ], [ 2.318826020678693, 41.515829677422047 ], [ 2.318825548951359, 41.515874711452405 ], [ 2.318825077222952, 41.515919745482421 ], [ 2.318824605493472, 41.515964779512061 ], [ 2.318824133762921, 41.516009813541345 ], [ 2.318823662031298, 41.516054847570267 ], [ 2.318823190298603, 41.516099881598819 ], [ 2.318822718564836, 41.516144915627031 ], [ 2.318822246829996, 41.51618994965488 ], [ 2.318821775094085, 41.516234983682367 ], [ 2.318761857325249, 41.516234629110151 ], [ 2.318701939557486, 41.516234274506708 ], [ 2.318642021790795, 41.516233919872072 ], [ 2.318582104025177, 41.516233565206214 ], [ 2.318522186260632, 41.516233210509171 ], [ 2.318521714316009, 41.516278244533488 ], [ 2.318521242370313, 41.516323278557444 ], [ 2.318520770423545, 41.516368312581065 ], [ 2.318520298475705, 41.516413346604324 ], [ 2.318519826526791, 41.51645838062722 ], [ 2.318579744498976, 41.516458735327063 ], [ 2.318639662472235, 41.51645908999572 ], [ 2.318699580446567, 41.516459444633163 ], [ 2.318759498421969, 41.516459799239378 ], [ 2.318819416398446, 41.516460153814386 ], [ 2.318818944656103, 41.516505187839712 ], [ 2.318818472912686, 41.516550221864676 ], [ 2.318818001168198, 41.516595255889278 ], [ 2.318817529422638, 41.516640289913532 ], [ 2.318817057676005, 41.516685323937416 ], [ 2.318816585928301, 41.516730357960945 ], [ 2.318816114179525, 41.516775391984105 ], [ 2.318815642429676, 41.51682042600693 ], [ 2.318815170678756, 41.516865460029358 ], [ 2.318814698926763, 41.516910494051444 ], [ 2.3188746173196, 41.51691084860083 ], [ 2.318934535713508, 41.516911203118994 ], [ 2.31899445410849, 41.516911557605944 ], [ 2.319054372504542, 41.516911912061687 ], [ 2.319114290901668, 41.516912266486216 ], [ 2.319113819356249, 41.51695730051074 ], [ 2.31911334780976, 41.517002334534894 ], [ 2.319112876262198, 41.517047368558693 ], [ 2.319112404713565, 41.517092402582144 ], [ 2.31911193316386, 41.517137436605232 ], [ 2.319171851769705, 41.517137791001318 ], [ 2.319231770376621, 41.517138145366218 ], [ 2.319291688984609, 41.517138499699882 ], [ 2.31935160759367, 41.517138854002361 ], [ 2.319411526203801, 41.517139208273569 ], [ 2.319411054860674, 41.517184242299109 ], [ 2.319410583516475, 41.517229276324244 ], [ 2.319410112171205, 41.517274310349059 ], [ 2.319409640824865, 41.517319344373497 ], [ 2.319409169477453, 41.517364378397545 ], [ 2.319469088296306, 41.517364732640395 ], [ 2.319529007116229, 41.517365086851996 ], [ 2.319588925937225, 41.517365441032382 ], [ 2.319648844759292, 41.517365795181561 ], [ 2.319708763582429, 41.517366149299534 ], [ 2.319768682406637, 41.517366503386278 ], [ 2.319828601231917, 41.517366857441814 ], [ 2.319888520058268, 41.517367211466123 ], [ 2.319948438885687, 41.517367565459239 ], [ 2.320008357714179, 41.517367919421119 ], [ 2.32006827654374, 41.517368273351778 ], [ 2.320128195374372, 41.517368627251251 ], [ 2.320188114206075, 41.517368981119517 ], [ 2.320248033038848, 41.517369334956527 ], [ 2.320307951872691, 41.517369688762336 ], [ 2.320367870707603, 41.517370042536946 ], [ 2.320427789543587, 41.517370396280356 ], [ 2.320487708380639, 41.517370749992516 ], [ 2.320547627218761, 41.51737110367349 ], [ 2.320607546057953, 41.517371457323229 ], [ 2.32060801657476, 41.51732642328799 ], [ 2.320608487090498, 41.517281389252403 ], [ 2.320608957605166, 41.517236355216454 ], [ 2.320609428118765, 41.517191321180142 ], [ 2.320609898631295, 41.517146287143483 ], [ 2.320669817263906, 41.517146640759222 ], [ 2.320729735897586, 41.51714699434374 ], [ 2.320789654532337, 41.517147347897065 ], [ 2.320849573168156, 41.517147701419155 ], [ 2.320909491805043, 41.517148054910045 ], [ 2.320969410443001, 41.517148408369735 ], [ 2.321029329082027, 41.51714876179819 ], [ 2.321089247722121, 41.517149115195423 ], [ 2.321149166363286, 41.517149468561449 ], [ 2.321209085005518, 41.517149821896268 ], [ 2.321209555101681, 41.517104787853654 ], [ 2.321210025196774, 41.517059753810713 ], [ 2.321210495290801, 41.517014719767396 ], [ 2.321210965383757, 41.516969685723708 ], [ 2.321211435475647, 41.516924651679673 ], [ 2.321211905566468, 41.51687961763529 ], [ 2.32121237565622, 41.516834583590558 ], [ 2.321212845744903, 41.516789549545422 ], [ 2.32121331583252, 41.516744515499944 ], [ 2.321213785919067, 41.516699481454118 ], [ 2.321214256004547, 41.516654447407909 ], [ 2.321214726088957, 41.516609413361373 ], [ 2.321215196172299, 41.516564379314445 ], [ 2.321215666254574, 41.516519345267163 ], [ 2.321216136335779, 41.516474311219547 ], [ 2.321216606415917, 41.51642927717154 ], [ 2.321217076494987, 41.516384243123191 ], [ 2.321217546572988, 41.516339209074474 ], [ 2.32121801664992, 41.516294175025394 ], [ 2.321218486725784, 41.516249140975972 ], [ 2.321278404538506, 41.516249494268457 ], [ 2.321338322352297, 41.5162498475297 ], [ 2.321398240167157, 41.516250200759728 ], [ 2.321458157983084, 41.51625055395855 ], [ 2.321518075800079, 41.516250907126178 ], [ 2.321577993618142, 41.516251260262571 ], [ 2.321637911437274, 41.516251613367771 ], [ 2.321697829257474, 41.516251966441729 ], [ 2.32175774707874, 41.516252319484472 ], [ 2.321817664901075, 41.51625267249603 ], [ 2.321818134560593, 41.516207638440676 ], [ 2.321818604219042, 41.516162604384967 ], [ 2.321819073876424, 41.516117570328881 ], [ 2.321819543532738, 41.516072536272453 ], [ 2.321820013187985, 41.516027502215664 ], [ 2.321879930803749, 41.516027855193201 ], [ 2.321939848420578, 41.516028208139538 ], [ 2.321999766038478, 41.516028561054668 ], [ 2.322059683657443, 41.51602891393857 ], [ 2.322119601277477, 41.516029266791257 ], [ 2.322179518898576, 41.516029619612752 ], [ 2.322239436520743, 41.516029972403047 ], [ 2.322299354143976, 41.516030325162106 ], [ 2.322359271768277, 41.516030677889944 ], [ 2.322419189393644, 41.516031030586589 ], [ 2.322479107020078, 41.516031383251992 ], [ 2.322539024647578, 41.516031735886195 ], [ 2.322598942276144, 41.516032088489204 ], [ 2.322658859905778, 41.516032441060986 ], [ 2.322718777536478, 41.516032793601532 ], [ 2.322778695168243, 41.516033146110907 ], [ 2.322838612801075, 41.516033498589039 ], [ 2.322898530434973, 41.516033851035957 ], [ 2.322958448069937, 41.516034203451682 ], [ 2.323018365705966, 41.516034555836193 ], [ 2.32307828334306, 41.516034908189468 ], [ 2.323138200981221, 41.516035260511543 ], [ 2.323198118620447, 41.516035612802384 ], [ 2.323258036260738, 41.516035965062066 ], [ 2.323317953902095, 41.516036317290499 ], [ 2.323377871544516, 41.516036669487718 ], [ 2.323437789188004, 41.516037021653716 ], [ 2.323497706832556, 41.5160373737885 ], [ 2.323557624478172, 41.516037725892112 ], [ 2.323617542124853, 41.516038077964481 ], [ 2.323617073715436, 41.51608311203794 ], [ 2.323616605304953, 41.516128146111036 ], [ 2.323616136893405, 41.51617318018377 ], [ 2.323615668480794, 41.516218214256135 ], [ 2.323615200067118, 41.51626324832818 ], [ 2.323614731652377, 41.516308282399827 ], [ 2.323614263236572, 41.516353316471147 ], [ 2.323613794819702, 41.516398350542076 ], [ 2.323613326401768, 41.516443384612671 ], [ 2.323612857982769, 41.516488418682862 ], [ 2.323672776045797, 41.51648877072958 ], [ 2.323732694109888, 41.516489122745064 ], [ 2.323792612175045, 41.516489474729333 ], [ 2.323852530241267, 41.51648982668241 ], [ 2.323912448308553, 41.516490178604244 ], [ 2.323972366376902, 41.516490530494885 ], [ 2.324032284446315, 41.516490882354319 ], [ 2.324092202516794, 41.516491234182524 ], [ 2.324152120588336, 41.516491585979509 ], [ 2.324212038660942, 41.5164919377453 ], [ 2.324212506664656, 41.516446903669532 ], [ 2.324212974667305, 41.516401869593395 ], [ 2.324213442668892, 41.516356835516909 ], [ 2.324213910669414, 41.516311801440061 ], [ 2.324214378668874, 41.516266767362858 ], [ 2.324214846667269, 41.516221733285313 ], [ 2.324215314664601, 41.516176699207357 ], [ 2.324215782660869, 41.516131665129087 ], [ 2.324216250656074, 41.516086631050449 ], [ 2.324216718650216, 41.516041596971441 ], [ 2.324217186643294, 41.515996562892056 ], [ 2.324217654635308, 41.515951528812344 ], [ 2.324218122626258, 41.515906494732256 ], [ 2.324218590616145, 41.515861460651827 ], [ 2.324219058604969, 41.515816426571028 ], [ 2.324219526592728, 41.51577139248986 ], [ 2.324219994579425, 41.515726358408337 ], [ 2.324220462565058, 41.515681324326451 ], [ 2.324220930549628, 41.515636290244224 ], [ 2.324221398533133, 41.515591256161613 ], [ 2.32416148129108, 41.51559090440692 ], [ 2.324101564050091, 41.515590552621013 ], [ 2.324041646810166, 41.515590200803906 ], [ 2.323981729571305, 41.515589848955571 ], [ 2.323921812333507, 41.515589497076014 ], [ 2.323922280523584, 41.515544462995813 ], [ 2.323922748712594, 41.515499428915277 ], [ 2.323923216900542, 41.515454394834357 ], [ 2.323923685087426, 41.515409360753097 ], [ 2.323924153273246, 41.51536432667146 ], [ 2.32398407030341, 41.515364678548245 ], [ 2.32404398733464, 41.515365030393802 ], [ 2.324103904366933, 41.515365382208145 ], [ 2.324163821400289, 41.515365733991281 ], [ 2.32422373843471, 41.51536608574321 ], [ 2.324283655470194, 41.515366437463918 ], [ 2.324343572506742, 41.515366789153425 ], [ 2.324403489544353, 41.515367140811691 ], [ 2.324463406583028, 41.515367492438784 ], [ 2.324523323622766, 41.515367844034635 ], [ 2.324522855852211, 41.515412878121815 ], [ 2.32452238808059, 41.515457912208618 ], [ 2.324521920307907, 41.515502946295079 ], [ 2.324521452534162, 41.515547980381157 ], [ 2.324520984759352, 41.515593014466887 ], [ 2.324580902007787, 41.515593366034302 ], [ 2.324640819257283, 41.515593717570518 ], [ 2.324700736507845, 41.515594069075497 ], [ 2.324760653759468, 41.51559442054927 ], [ 2.324820571012153, 41.515594771991864 ], [ 2.324880488265902, 41.515595123403216 ], [ 2.324940405520715, 41.515595474783353 ], [ 2.325000322776589, 41.515595826132277 ], [ 2.325060240033526, 41.515596177449986 ], [ 2.325120157291525, 41.515596528736509 ], [ 2.325120624651068, 41.515551494645216 ], [ 2.325121092009547, 41.515506460553617 ], [ 2.325121559366965, 41.515461426461613 ], [ 2.325122026723321, 41.515416392369282 ], [ 2.325122494078614, 41.51537135827656 ], [ 2.325122961432846, 41.515326324183491 ], [ 2.325123428786016, 41.515281290090066 ], [ 2.325123896138122, 41.515236255996271 ], [ 2.325124363489168, 41.515191221902128 ], [ 2.325124830839151, 41.515146187807623 ], [ 2.32518474768295, 41.515146539057405 ], [ 2.325244664527812, 41.515146890275922 ], [ 2.325304581373735, 41.515147241463254 ], [ 2.32536449822072, 41.515147592619378 ], [ 2.325424415068768, 41.515147943744282 ], [ 2.325484331917876, 41.515148294837978 ], [ 2.325544248768047, 41.515148645900453 ], [ 2.32560416561928, 41.515148996931728 ], [ 2.325664082471573, 41.515149347931803 ], [ 2.325723999324929, 41.515149698900629 ], [ 2.325724466258593, 41.515104664800241 ], [ 2.325724933191195, 41.515059630699497 ], [ 2.325725400122736, 41.51501459659837 ], [ 2.325725867053216, 41.51496956249688 ], [ 2.325726333982634, 41.514924528395049 ], [ 2.325726800910993, 41.514879494292849 ], [ 2.325727267838289, 41.514834460190293 ], [ 2.325727734764524, 41.514789426087376 ], [ 2.325728201689699, 41.514744391984102 ], [ 2.325728668613811, 41.51469935788046 ], [ 2.32566875217571, 41.514699006917148 ], [ 2.325608835738669, 41.514698655922629 ], [ 2.325548919302691, 41.514698304896882 ], [ 2.325489002867774, 41.514697953839928 ], [ 2.325429086433917, 41.514697602751788 ], [ 2.325429553564593, 41.514652568650554 ], [ 2.325430020694208, 41.514607534548951 ], [ 2.325430487822762, 41.514562500447028 ], [ 2.325430954950253, 41.514517466344699 ], [ 2.325431422076684, 41.514472432242037 ], [ 2.325371505851513, 41.514472081125426 ], [ 2.325311589627404, 41.514471729977608 ], [ 2.325251673404357, 41.514471378798582 ], [ 2.325191757182373, 41.514471027588328 ], [ 2.325131840961451, 41.514470676346875 ], [ 2.325132308294441, 41.514425642246607 ], [ 2.325132775626369, 41.514380608145977 ], [ 2.325133242957235, 41.51433557404502 ], [ 2.325133710287039, 41.51429053994368 ], [ 2.325134177615781, 41.51424550584197 ], [ 2.32513464494346, 41.514200471739919 ], [ 2.325135112270079, 41.514155437637505 ], [ 2.325135579595634, 41.514110403534715 ], [ 2.325136046920129, 41.514065369431577 ], [ 2.325136514243561, 41.514020335328077 ], [ 2.32513698156593, 41.513975301224228 ], [ 2.325137448887239, 41.513930267120024 ], [ 2.325137916207484, 41.513885233015444 ], [ 2.325138383526669, 41.513840198910501 ], [ 2.325138850844789, 41.513795164805209 ], [ 2.32513931816185, 41.513750130699542 ], [ 2.325139785477847, 41.513705096593526 ], [ 2.325140252792782, 41.513660062487155 ], [ 2.325140720106658, 41.513615028380414 ], [ 2.325141187419469, 41.513569994273325 ], [ 2.325081272030078, 41.513569643011735 ], [ 2.325021356641749, 41.513569291718923 ], [ 2.324961441254482, 41.513568940394904 ], [ 2.32490152586828, 41.513568589039672 ], [ 2.324841610483137, 41.513568237653232 ], [ 2.324842078002499, 41.513523203548552 ], [ 2.3248425455208, 41.513478169443509 ], [ 2.324843013038036, 41.513433135338097 ], [ 2.324843480554211, 41.513388101232344 ], [ 2.324843948069323, 41.513343067126222 ], [ 2.324784032892856, 41.513342715711318 ], [ 2.324724117717452, 41.513342364265249 ], [ 2.324664202543111, 41.513342012787966 ], [ 2.324604287369831, 41.513341661279433 ], [ 2.324544372197616, 41.513341309739701 ], [ 2.324544839919275, 41.513296275636002 ], [ 2.324545307639872, 41.513251241531911 ], [ 2.324545775359406, 41.513206207427494 ], [ 2.324546243077877, 41.513161173322686 ], [ 2.324546710795285, 41.513116139217544 ], [ 2.324547178511629, 41.513071105112012 ], [ 2.324547646226913, 41.513026071006145 ], [ 2.324548113941132, 41.512981036899909 ], [ 2.324548581654288, 41.512936002793332 ], [ 2.324549049366382, 41.512890968686385 ], [ 2.324549517077414, 41.512845934579055 ], [ 2.324549984787381, 41.51280090047139 ], [ 2.324550452496286, 41.512755866363371 ], [ 2.324550920204127, 41.512710832254967 ], [ 2.324551387910907, 41.512665798146216 ], [ 2.324491473362573, 41.512665446583576 ], [ 2.324431558815304, 41.512665094989778 ], [ 2.324371644269096, 41.512664743364724 ], [ 2.324311729723954, 41.512664391708462 ], [ 2.324251815179874, 41.512664040021001 ], [ 2.324252283093192, 41.512619005914679 ], [ 2.324252751005448, 41.512573971807967 ], [ 2.324253218916641, 41.512528937700921 ], [ 2.324253686826769, 41.512483903593505 ], [ 2.324254154735834, 41.51243886948572 ], [ 2.324194240400421, 41.512438517769809 ], [ 2.32413432606607, 41.512438166022704 ], [ 2.324074411732782, 41.5124378142444 ], [ 2.324014497400559, 41.512437462434875 ], [ 2.3239545830694, 41.512437110594142 ], [ 2.323955051185003, 41.512392076488766 ], [ 2.323955519299541, 41.512347042383027 ], [ 2.323955987413016, 41.512302008276954 ], [ 2.323956455525427, 41.512256974170512 ], [ 2.323956923636774, 41.512211940063722 ], [ 2.324016837760336, 41.512212291901662 ], [ 2.324076751884959, 41.512212643708423 ], [ 2.324136666010646, 41.512212995483971 ], [ 2.324196580137398, 41.512213347228283 ], [ 2.324256494265214, 41.512213698941423 ], [ 2.324316408394091, 41.512214050623342 ], [ 2.324376322524034, 41.512214402274054 ], [ 2.32443623665504, 41.512214753893566 ], [ 2.324496150787108, 41.51221510548185 ], [ 2.32455606492024, 41.512215457038941 ], [ 2.324615979054435, 41.512215808564797 ], [ 2.324675893189693, 41.512216160059459 ], [ 2.324735807326014, 41.512216511522915 ], [ 2.324795721463399, 41.512216862955164 ], [ 2.324855635601845, 41.512217214356205 ], [ 2.324856103089335, 41.512172180240746 ], [ 2.324856570575763, 41.512127146124882 ], [ 2.324857038061127, 41.512082112008684 ], [ 2.32485750554543, 41.512037077892145 ], [ 2.324857973028671, 41.511992043775209 ], [ 2.324798059097821, 41.511991692376945 ], [ 2.324738145168034, 41.511991340947482 ], [ 2.32467823123931, 41.511990989486776 ], [ 2.324618317311649, 41.511990637994884 ], [ 2.324558403385051, 41.5119902864718 ], [ 2.324558871074824, 41.511945252357286 ] ], [ [ 2.320918897678202, 41.516247374045449 ], [ 2.320918427394698, 41.516292408092077 ], [ 2.320917957110124, 41.516337442138365 ], [ 2.320917486824482, 41.516382476184305 ], [ 2.320917016537772, 41.516427510229853 ], [ 2.320916546249992, 41.516472544275075 ], [ 2.320916075961143, 41.516517578319927 ], [ 2.320915605671226, 41.516562612364424 ], [ 2.320915135380241, 41.516607646408552 ], [ 2.320914665088186, 41.516652680452317 ], [ 2.320914194795062, 41.516697714495734 ], [ 2.320854276573469, 41.516697361010408 ], [ 2.320794358352943, 41.516697007493903 ], [ 2.320734440133487, 41.516696653946155 ], [ 2.320674521915102, 41.516696300367187 ], [ 2.320614603697784, 41.516695946757018 ], [ 2.320615074198551, 41.516650912716379 ], [ 2.32061554469825, 41.516605878675399 ], [ 2.320616015196879, 41.516560844634057 ], [ 2.320616485694439, 41.516515810592352 ], [ 2.32061695619093, 41.516470776550285 ], [ 2.320617426686352, 41.516425742507856 ], [ 2.320617897180704, 41.516380708465078 ], [ 2.320618367673986, 41.516335674421946 ], [ 2.320618838166201, 41.516290640378429 ], [ 2.320619308657345, 41.516245606334586 ], [ 2.320679226459378, 41.516245959939177 ], [ 2.32073914426248, 41.516246313512539 ], [ 2.320799062066652, 41.516246667054709 ], [ 2.320858979871892, 41.5162470205657 ], [ 2.320918897678202, 41.516247374045449 ] ] ] } },
{ "type": "Feature", "properties": { "GRID_CODE": 2, "CODI_FINAL": "1795187", "MUNICIPI": "Garrigoles", "DATA_INCEN": "29/08/95" }, "geometry": { "type": "Polygon", "coordinates": [ [ [ 3.030986557976685, 42.114955817240428 ], [ 3.030926075285401, 42.114955833899543 ], [ 3.030865592594066, 42.11495585052679 ], [ 3.030805109902679, 42.114955867122177 ], [ 3.030744627211239, 42.114955883685681 ], [ 3.030684144519749, 42.114955900217289 ], [ 3.030623661828207, 42.114955916717015 ], [ 3.030563179136615, 42.114955933184881 ], [ 3.030502696444971, 42.114955949620864 ], [ 3.030442213753277, 42.114955966024958 ], [ 3.030381731061532, 42.114955982397198 ], [ 3.030321248369736, 42.114955998737514 ], [ 3.030260765677891, 42.114956015045991 ], [ 3.030200282985992, 42.114956031322563 ], [ 3.030139800294045, 42.114956047567276 ], [ 3.030079317602047, 42.114956063780106 ], [ 3.030079339354688, 42.115001096277602 ], [ 3.030079361107379, 42.11504612877475 ], [ 3.030079382860121, 42.11509116127155 ], [ 3.030079404612914, 42.115136193767988 ], [ 3.030079426365758, 42.115181226264056 ], [ 3.030079448118652, 42.11522625875979 ], [ 3.030079469871595, 42.115271291255155 ], [ 3.03007949162459, 42.115316323750157 ], [ 3.030079513377635, 42.115361356244833 ], [ 3.030079535130731, 42.11540638873911 ], [ 3.030019052010511, 42.1154064049203 ], [ 3.029958568890242, 42.115406421069629 ], [ 3.029898085769923, 42.115406437187048 ], [ 3.029837602649553, 42.115406453272605 ], [ 3.029777119529134, 42.115406469326267 ], [ 3.029777141068192, 42.115451501820338 ], [ 3.0297771626073, 42.115496534314055 ], [ 3.029777184146459, 42.115541566807394 ], [ 3.029777205685666, 42.115586599300393 ], [ 3.029777227224924, 42.115631631793036 ], [ 3.029716743890366, 42.115631647814951 ], [ 3.029656260555758, 42.115631663804983 ], [ 3.029595777221101, 42.115631679763133 ], [ 3.029535293886394, 42.11563169568943 ], [ 3.029474810551637, 42.115631711583802 ], [ 3.029474831876854, 42.115676744076225 ], [ 3.029474853202121, 42.115721776568272 ], [ 3.029474874527438, 42.11576680905997 ], [ 3.029474895852803, 42.115811841551285 ], [ 3.029474917178218, 42.115856874042258 ], [ 3.029414433629321, 42.115856889904911 ], [ 3.029353950080375, 42.115856905735669 ], [ 3.029293466531381, 42.115856921534551 ], [ 3.029232982982337, 42.115856937301523 ], [ 3.029172499433244, 42.115856953036641 ], [ 3.029172520544614, 42.11590198552738 ], [ 3.029172541656035, 42.115947018017764 ], [ 3.029172562767505, 42.115992050507828 ], [ 3.029172583879022, 42.116037082997487 ], [ 3.029172604990591, 42.116082115486812 ], [ 3.029172626102208, 42.116127147975774 ], [ 3.029172647213874, 42.116172180464368 ], [ 3.029172668325589, 42.116217212952634 ], [ 3.029172689437353, 42.116262245440524 ], [ 3.029172710549165, 42.116307277928051 ], [ 3.029112226571832, 42.116307293631536 ], [ 3.029051742594451, 42.116307309303124 ], [ 3.028991258617022, 42.116307324942831 ], [ 3.028930774639544, 42.116307340550669 ], [ 3.028870290662017, 42.116307356126612 ], [ 3.028870311559782, 42.116352388613905 ], [ 3.028870332457593, 42.116397421100849 ], [ 3.028870353355455, 42.116442453587453 ], [ 3.028870374253363, 42.116487486073666 ], [ 3.028870395151321, 42.116532518559545 ], [ 3.028809910959648, 42.116532534103726 ], [ 3.028749426767926, 42.116532549616032 ], [ 3.028688942576156, 42.116532565096449 ], [ 3.028628458384337, 42.116532580545005 ], [ 3.028567974192471, 42.116532595961665 ], [ 3.028567994876378, 42.116577628447331 ], [ 3.028568015560331, 42.116622660932592 ], [ 3.028568036244334, 42.116667693417497 ], [ 3.028568056928384, 42.116712725902076 ], [ 3.028568077612483, 42.116757758386299 ], [ 3.028568098296628, 42.116802790870132 ], [ 3.028568118980823, 42.116847823353659 ], [ 3.028568139665066, 42.116892855836781 ], [ 3.028568160349356, 42.116937888319576 ], [ 3.028568181033696, 42.116982920802016 ], [ 3.028568201718082, 42.117027953284079 ], [ 3.028568222402516, 42.117072985765802 ], [ 3.028568243086998, 42.117118018247155 ], [ 3.028568263771529, 42.117163050728159 ], [ 3.028568284456109, 42.117208083208816 ], [ 3.028568305140736, 42.117253115689124 ], [ 3.028568325825411, 42.117298148169041 ], [ 3.028568346510133, 42.117343180648625 ], [ 3.028568367194905, 42.11738821312786 ], [ 3.028568387879724, 42.117433245606726 ], [ 3.028507902831389, 42.117433260991973 ], [ 3.028447417783007, 42.117433276345331 ], [ 3.028386932734576, 42.117433291666821 ], [ 3.028326447686101, 42.117433306956414 ], [ 3.028265962637575, 42.117433322214147 ], [ 3.028265983108333, 42.117478354692757 ], [ 3.028266003579137, 42.117523387171055 ], [ 3.028266024049988, 42.117568419648961 ], [ 3.028266044520888, 42.11761345212652 ], [ 3.028266064991836, 42.117658484603723 ], [ 3.028205579729153, 42.11765849982968 ], [ 3.028145094466423, 42.117658515023734 ], [ 3.028084609203645, 42.117658530185935 ], [ 3.02802412394082, 42.117658545316232 ], [ 3.027963638677948, 42.117658560414675 ], [ 3.02796365893483, 42.117703592891637 ], [ 3.02796367919176, 42.117748625368229 ], [ 3.027963699448736, 42.117793657844487 ], [ 3.02796371970576, 42.11783869032039 ], [ 3.02796373996283, 42.117883722795916 ], [ 3.027963760219948, 42.117928755271109 ], [ 3.027963780477111, 42.117973787745932 ], [ 3.027963800734323, 42.118018820220421 ], [ 3.027963820991582, 42.118063852694497 ], [ 3.027963841248888, 42.118108885168276 ], [ 3.027903355557739, 42.118108900235036 ], [ 3.027842869866544, 42.118108915269929 ], [ 3.027782384175302, 42.118108930272911 ], [ 3.027721898484014, 42.118108945244074 ], [ 3.027661412792681, 42.118108960183292 ], [ 3.027661432835917, 42.118153992656808 ], [ 3.027661452879197, 42.118199025129961 ], [ 3.027661472922526, 42.118244057602766 ], [ 3.027661492965902, 42.118289090075208 ], [ 3.027661513009322, 42.118334122547303 ], [ 3.027661533052791, 42.118379155019028 ], [ 3.027661553096305, 42.118424187490419 ], [ 3.027661573139866, 42.118469219961426 ], [ 3.027661593183474, 42.118514252432107 ], [ 3.027661613227128, 42.118559284902403 ], [ 3.027601127107509, 42.118559299809981 ], [ 3.027540640987841, 42.118559314685704 ], [ 3.027480154868129, 42.118559329529496 ], [ 3.027419668748371, 42.118559344341442 ], [ 3.027359182628566, 42.118559359121491 ], [ 3.027359202458143, 42.118604391591575 ], [ 3.027359222287768, 42.118649424061267 ], [ 3.02735924211744, 42.118694456530612 ], [ 3.027359261947156, 42.118739488999609 ], [ 3.027359281776919, 42.118784521468235 ], [ 3.027359301606728, 42.118829553936536 ], [ 3.027359321436584, 42.118874586404459 ], [ 3.027359341266485, 42.118919618872035 ], [ 3.027359361096431, 42.118964651339247 ], [ 3.027359380926426, 42.119009683806112 ], [ 3.027298894378325, 42.1190096985545 ], [ 3.02723840783018, 42.119009713270991 ], [ 3.02717792128199, 42.119009727955614 ], [ 3.027117434733753, 42.119009742608363 ], [ 3.027056948185469, 42.1190097572292 ], [ 3.027056967801382, 42.119054789695824 ], [ 3.02705698741734, 42.119099822162077 ], [ 3.027057007033342, 42.119144854627976 ], [ 3.027057026649392, 42.11918988709354 ], [ 3.027057046265485, 42.119234919558714 ], [ 3.027057065881627, 42.119279952023547 ], [ 3.027057085497812, 42.119324984488003 ], [ 3.027057105114045, 42.119370016952153 ], [ 3.027057124730321, 42.119415049415906 ], [ 3.027057144346644, 42.119460081879303 ], [ 3.027057163963012, 42.119505114342381 ], [ 3.027057183579426, 42.119550146805061 ], [ 3.027057203195886, 42.119595179267407 ], [ 3.02705722281239, 42.119640211729397 ], [ 3.027057242428941, 42.119685244191011 ], [ 3.02699675523822, 42.119685258780315 ], [ 3.026936268047456, 42.119685273337723 ], [ 3.026875780856645, 42.11968528786327 ], [ 3.026815293665788, 42.119685302356928 ], [ 3.026754806474888, 42.119685316818696 ], [ 3.02675482587735, 42.119730349280061 ], [ 3.026754845279857, 42.1197753817411 ], [ 3.02675486468241, 42.119820414201747 ], [ 3.026754884085006, 42.119865446662075 ], [ 3.026754903487647, 42.119910479122026 ], [ 3.026754922890335, 42.119955511581637 ], [ 3.026754942293066, 42.120000544040856 ], [ 3.026754961695844, 42.120045576499756 ], [ 3.026754981098667, 42.120090608958279 ], [ 3.026755000501534, 42.120135641416461 ], [ 3.026755019904448, 42.120180673874295 ], [ 3.026755039307406, 42.120225706331759 ], [ 3.026755058710408, 42.12027073878884 ], [ 3.026755078113456, 42.120315771245608 ], [ 3.02675509751655, 42.120360803701999 ], [ 3.026755116919688, 42.120405836158035 ], [ 3.026755136322872, 42.120450868613716 ], [ 3.026755155726101, 42.120495901069042 ], [ 3.026755175129374, 42.120540933524019 ], [ 3.026755194532693, 42.120585965978606 ], [ 3.026755213936057, 42.120630998432887 ], [ 3.026755233339466, 42.120676030886784 ], [ 3.02675525274292, 42.120721063340319 ], [ 3.02675527214642, 42.120766095793499 ], [ 3.026755291549963, 42.120811128246338 ], [ 3.026755310953554, 42.120856160698821 ], [ 3.026755330357189, 42.120901193150942 ], [ 3.026755349760869, 42.120946225602715 ], [ 3.026755369164594, 42.120991258054126 ], [ 3.026755388568364, 42.121036290505167 ], [ 3.026694900092568, 42.121036304935686 ], [ 3.026634411616726, 42.121036319334344 ], [ 3.02657392314084, 42.121036333701113 ], [ 3.026513434664909, 42.121036348035979 ], [ 3.026452946188935, 42.121036362338977 ], [ 3.026452965378601, 42.121081394789776 ], [ 3.026452984568311, 42.121126427240227 ], [ 3.026453003758066, 42.121171459690316 ], [ 3.026453022947866, 42.121216492140064 ], [ 3.02645304213771, 42.121261524589421 ], [ 3.02639255344754, 42.121261538860637 ], [ 3.026332064757328, 42.121261553099963 ], [ 3.026271576067068, 42.121261567307407 ], [ 3.026211087376767, 42.121261581482948 ], [ 3.02615059868642, 42.121261595626606 ], [ 3.026150617662157, 42.121306628075757 ], [ 3.026150636637937, 42.121351660524532 ], [ 3.026150655613764, 42.121396692972937 ], [ 3.026150674589633, 42.121441725421008 ], [ 3.026150693565546, 42.121486757868716 ], [ 3.026150712541505, 42.121531790316048 ], [ 3.026150731517507, 42.12157682276306 ], [ 3.026150750493552, 42.121621855209675 ], [ 3.026150769469643, 42.121666887655977 ], [ 3.026150788445778, 42.121711920101902 ], [ 3.026211277564433, 42.121711905958009 ], [ 3.026271766683043, 42.121711891782248 ], [ 3.02633225580161, 42.121711877574583 ], [ 3.026392744920131, 42.121711863335065 ], [ 3.02645323403861, 42.121711849063615 ], [ 3.026513723157042, 42.121711834760305 ], [ 3.026574212275432, 42.121711820425119 ], [ 3.026634701393776, 42.121711806058009 ], [ 3.026695190512076, 42.121711791659038 ], [ 3.02675567963033, 42.121711777228192 ], [ 3.026816168748541, 42.121711762765436 ], [ 3.026876657866705, 42.121711748270819 ], [ 3.026937146984825, 42.121711733744291 ], [ 3.026997636102901, 42.121711719185875 ], [ 3.027058125220931, 42.12171170459559 ], [ 3.027118614338915, 42.121711689973409 ], [ 3.027179103456852, 42.121711675319347 ], [ 3.027239592574746, 42.121711660633395 ], [ 3.027300081692594, 42.121711645915553 ], [ 3.027360570810396, 42.12171163116583 ], [ 3.027360590643201, 42.121756663610967 ], [ 3.027360610476052, 42.121801696055726 ], [ 3.02736063030895, 42.121846728500145 ], [ 3.027360650141894, 42.121891760944202 ], [ 3.027360669974883, 42.121936793387924 ], [ 3.027421159306798, 42.121936778606198 ], [ 3.027481648638665, 42.121936763792583 ], [ 3.027542137970487, 42.121936748947086 ], [ 3.027602627302262, 42.121936734069678 ], [ 3.027663116633991, 42.121936719160431 ], [ 3.027723605965673, 42.121936704219252 ], [ 3.027784095297311, 42.121936689246212 ], [ 3.0278445846289, 42.12193667424129 ], [ 3.027905073960443, 42.121936659204451 ], [ 3.02796556329194, 42.121936644135744 ], [ 3.027965543030632, 42.121891611692277 ], [ 3.027965522769371, 42.121846579248427 ], [ 3.027965502508159, 42.121801546804242 ], [ 3.027965482246993, 42.121756514359689 ], [ 3.027965461985874, 42.121711481914787 ], [ 3.028025951103165, 42.121711466814318 ], [ 3.02808644022041, 42.121711451681932 ], [ 3.028146929337608, 42.121711436517678 ], [ 3.028207418454758, 42.121711421321557 ], [ 3.028267907571863, 42.121711406093496 ], [ 3.028267887096635, 42.12166637364836 ], [ 3.028267866621452, 42.121621341202861 ], [ 3.028267846146321, 42.121576308757007 ], [ 3.028267825671235, 42.121531276310783 ], [ 3.028267805196196, 42.121486243864204 ], [ 3.028267784721207, 42.121441211417284 ], [ 3.028267764246264, 42.121396178970002 ], [ 3.028267743771368, 42.121351146522365 ], [ 3.02826772329652, 42.121306114074351 ], [ 3.028267702821721, 42.121261081625995 ], [ 3.028207214132925, 42.121261096853807 ], [ 3.028146725444083, 42.12126111204973 ], [ 3.028086236755192, 42.121261127213742 ], [ 3.028025748066256, 42.121261142345887 ], [ 3.027965259377273, 42.121261157446114 ], [ 3.027965239116671, 42.121216124997304 ], [ 3.027965218856117, 42.121171092548124 ], [ 3.02796519859561, 42.121126060098597 ], [ 3.02796517833515, 42.121081027648692 ], [ 3.027965158074738, 42.121035995198454 ], [ 3.027965137814372, 42.12099096274784 ], [ 3.027965117554052, 42.120945930296891 ], [ 3.027965097293781, 42.120900897845544 ], [ 3.027965077033557, 42.120855865393892 ], [ 3.027965056773378, 42.120810832941871 ], [ 3.027965036513248, 42.120765800489465 ], [ 3.027965016253165, 42.120720768036755 ], [ 3.027964995993129, 42.120675735583632 ], [ 3.027964975733141, 42.120630703130175 ], [ 3.027964955473198, 42.12058567067637 ], [ 3.027964935213303, 42.120540638222209 ], [ 3.027964914953455, 42.120495605767687 ], [ 3.027964894693655, 42.120450573312802 ], [ 3.0279648744339, 42.120405540857575 ], [ 3.027964854174194, 42.120360508401987 ], [ 3.028025342006591, 42.120360493302172 ], [ 3.02808582983894, 42.120360478170511 ], [ 3.028146317671245, 42.120360463006932 ], [ 3.0282068055035, 42.120360447811478 ], [ 3.028267293335708, 42.120360432584143 ], [ 3.02832778116787, 42.120360417324925 ], [ 3.028388268999983, 42.120360402033832 ], [ 3.02844875683205, 42.120360386710828 ], [ 3.028509244664069, 42.12036037135595 ], [ 3.02856973249604, 42.120360355969183 ], [ 3.028569711808097, 42.120315323513481 ], [ 3.028569691120203, 42.120270291057409 ], [ 3.028569670432357, 42.120225258600975 ], [ 3.028569649744557, 42.120180226144186 ], [ 3.028569629056806, 42.120135193687034 ], [ 3.02863011667459, 42.120135178268519 ], [ 3.028690604292323, 42.120135162818116 ], [ 3.028751091910012, 42.120135147335795 ], [ 3.02881157952765, 42.120135131821606 ], [ 3.028872067145239, 42.120135116275549 ], [ 3.028872046243398, 42.120090083818162 ], [ 3.028872025341605, 42.120045051360414 ], [ 3.028872004439861, 42.120000018902331 ], [ 3.028871983538166, 42.119954986443879 ], [ 3.028871962636518, 42.119909953985086 ], [ 3.028932450039922, 42.11990993840724 ], [ 3.028992937443277, 42.119909922797518 ], [ 3.029053424846585, 42.119909907155908 ], [ 3.029113912249843, 42.119909891482422 ], [ 3.029174399653054, 42.119909875777033 ], [ 3.029174378537319, 42.119864843318013 ], [ 3.029174357421632, 42.119819810858587 ], [ 3.029174336305994, 42.119774778398842 ], [ 3.029174315190405, 42.119729745938734 ], [ 3.029174294074867, 42.11968471347825 ], [ 3.029174272959376, 42.119639681017432 ], [ 3.029174251843936, 42.119594648556252 ], [ 3.029174230728543, 42.119549616094737 ], [ 3.029174209613201, 42.119504583632825 ], [ 3.029174188497906, 42.119459551170593 ], [ 3.029234675472798, 42.119459535433556 ], [ 3.029295162447641, 42.119459519664652 ], [ 3.029355649422436, 42.119459503863865 ], [ 3.029416136397182, 42.119459488031197 ], [ 3.029476623371876, 42.119459472166632 ], [ 3.0294766020425, 42.119414439704144 ], [ 3.029476580713172, 42.119369407241308 ], [ 3.029476559383895, 42.11932437477811 ], [ 3.029476538054666, 42.119279342314549 ], [ 3.029476516725488, 42.119234309850654 ], [ 3.029476495396359, 42.119189277386361 ], [ 3.029476474067279, 42.119144244921742 ], [ 3.029476452738248, 42.119099212456788 ], [ 3.029476431409268, 42.119054179991444 ], [ 3.029476410080338, 42.119009147525752 ], [ 3.029536896626725, 42.119009131629532 ], [ 3.029597383173063, 42.119009115701473 ], [ 3.029657869719353, 42.119009099741476 ], [ 3.029718356265592, 42.119009083749617 ], [ 3.02977884281178, 42.119009067725891 ], [ 3.029778821268772, 42.118964035259971 ], [ 3.029778799725813, 42.118919002793689 ], [ 3.029778778182904, 42.118873970327051 ], [ 3.029778756640046, 42.118828937860066 ], [ 3.029778735097238, 42.118783905392725 ], [ 3.029778713554481, 42.118738872925007 ], [ 3.029778692011772, 42.118693840456928 ], [ 3.029778670469113, 42.118648807988507 ], [ 3.029778648926505, 42.118603775519745 ], [ 3.029778627383947, 42.118558743050606 ], [ 3.029778605841439, 42.118513710581134 ], [ 3.029778584298979, 42.118468678111277 ], [ 3.029778562756571, 42.11842364564108 ], [ 3.029778541214213, 42.118378613170528 ], [ 3.029778519671906, 42.11833358069962 ], [ 3.029778498129647, 42.118288548228335 ], [ 3.029778476587439, 42.118243515756724 ], [ 3.02977845504528, 42.118198483284722 ], [ 3.029778433503172, 42.118153450812393 ], [ 3.029778411961115, 42.118108418339709 ], [ 3.029838897650765, 42.11810840228457 ], [ 3.029899383340365, 42.118108386197541 ], [ 3.029959869029918, 42.118108370078673 ], [ 3.030020354719417, 42.118108353927873 ], [ 3.030080840408869, 42.118108337745213 ], [ 3.030080818652744, 42.118063305272273 ], [ 3.030080796896669, 42.118018272798984 ], [ 3.030080775140644, 42.117973240325362 ], [ 3.03008075338467, 42.117928207851371 ], [ 3.030080731628748, 42.117883175377003 ], [ 3.030080709872875, 42.117838142902308 ], [ 3.030080688117053, 42.117793110427243 ], [ 3.030080666361279, 42.117748077951816 ], [ 3.030080644605559, 42.117703045476041 ], [ 3.030080622849888, 42.11765801299989 ], [ 3.030141108111059, 42.11765799678561 ], [ 3.030201593372179, 42.11765798053942 ], [ 3.03026207863325, 42.117657964261355 ], [ 3.030322563894269, 42.117657947951407 ], [ 3.030383049155238, 42.117657931609585 ], [ 3.030383027185506, 42.117612899133206 ], [ 3.030383005215825, 42.117567866656493 ], [ 3.030382983246193, 42.117522834179411 ], [ 3.030382961276614, 42.117477801701959 ], [ 3.030382939307086, 42.117432769224202 ], [ 3.030382917337609, 42.117387736746032 ], [ 3.030382895368181, 42.11734270426755 ], [ 3.030382873398806, 42.11729767178867 ], [ 3.030382851429482, 42.117252639309463 ], [ 3.030382829460208, 42.117207606829901 ], [ 3.030443314292906, 42.117207590456431 ], [ 3.030503799125553, 42.117207574051072 ], [ 3.03056428395815, 42.11720755761386 ], [ 3.030624768790695, 42.117207541144758 ], [ 3.030685253623189, 42.117207524643746 ], [ 3.030685231439859, 42.117162492163949 ], [ 3.030685209256581, 42.117117459683797 ], [ 3.030685187073353, 42.117072427203276 ], [ 3.030685164890179, 42.117027394722399 ], [ 3.030685142707054, 42.116982362241188 ], [ 3.030685120523982, 42.116937329759594 ], [ 3.030685098340961, 42.116892297277658 ], [ 3.030685076157991, 42.116847264795354 ], [ 3.030685053975072, 42.116802232312708 ], [ 3.030685031792207, 42.116757199829699 ], [ 3.03074551619644, 42.116757183297068 ], [ 3.030806000600621, 42.116757166732576 ], [ 3.030866485004752, 42.116757150136188 ], [ 3.030926969408829, 42.11675713350791 ], [ 3.030987453812856, 42.116757116847779 ], [ 3.03098743141594, 42.116712084364544 ], [ 3.030987409019074, 42.116667051880924 ], [ 3.03098738662226, 42.116622019396992 ], [ 3.030987364225497, 42.116576986912683 ], [ 3.030987341828788, 42.116531954428019 ], [ 3.030987319432132, 42.116486921943007 ], [ 3.030987297035526, 42.116441889457612 ], [ 3.030987274638971, 42.116396856971903 ], [ 3.030987252242469, 42.116351824485804 ], [ 3.030987229846019, 42.116306791999371 ], [ 3.030987207449622, 42.116261759512547 ], [ 3.030987185053276, 42.116216727025403 ], [ 3.030987162656982, 42.11617169453789 ], [ 3.030987140260739, 42.116126662050014 ], [ 3.03098711786455, 42.116081629561812 ], [ 3.031047601626228, 42.116081612870161 ], [ 3.031108085387854, 42.116081596146628 ], [ 3.03116856914943, 42.116081579391214 ], [ 3.031229052910951, 42.11608156260391 ], [ 3.031289536672421, 42.116081545784759 ], [ 3.031289514062189, 42.116036513296301 ], [ 3.031289491452009, 42.115991480807487 ], [ 3.031289468841881, 42.11594644831834 ], [ 3.031289446231804, 42.115901415828809 ], [ 3.031289423621781, 42.115856383338929 ], [ 3.03128940101181, 42.115811350848695 ], [ 3.031289378401892, 42.115766318358098 ], [ 3.031289355792025, 42.115721285867146 ], [ 3.031289333182212, 42.115676253375845 ], [ 3.031289310572451, 42.115631220884197 ], [ 3.031228827239167, 42.115631237703106 ], [ 3.03116834390583, 42.115631254490118 ], [ 3.03110786057244, 42.115631271245284 ], [ 3.031047377238999, 42.115631287968576 ], [ 3.030986893905507, 42.115631304659964 ], [ 3.03098687150989, 42.11558627216781 ], [ 3.030986849114322, 42.115541239675309 ], [ 3.030986826718807, 42.11549620718246 ], [ 3.030986804323345, 42.115451174689255 ], [ 3.030986781927934, 42.115406142195674 ], [ 3.030986759532575, 42.115361109701766 ], [ 3.030986737137269, 42.115316077207474 ], [ 3.030986714742014, 42.115271044712827 ], [ 3.030986692346811, 42.115226012217839 ], [ 3.03098666995166, 42.115180979722489 ], [ 3.030986647556562, 42.115135947226783 ], [ 3.030986625161515, 42.115090914730722 ], [ 3.030986602766519, 42.115045882234298 ], [ 3.030986580371576, 42.115000849737548 ], [ 3.030986557976685, 42.114955817240428 ] ] ] } }
]
}
