{
"type": "FeatureCollection",
"name": "official_1989",
"crs": { "type": "name", "properties": { "name": "urn:ogc:def:crs:OGC:1.3:CRS84" } },
"features": [
{ "type": "Feature", "properties": { "DATA_INCEN": "27/01/89", "MUNICIPI": "EL PONT DE BAR", "GRID_CODE": 2, "CODI_FINAL": "L89004001" }, "geometry": { "type": "Polygon", "coordinates": [ [ [ 1.618995839949754, 42.391743085550232 ], [ 1.61838853944546, 42.391735770543754 ], [ 1.618383604219026, 42.391960856585975 ], [ 1.618079952967268, 42.39195719784815 ], [ 1.618075016599987, 42.392182283852428 ], [ 1.617771364320369, 42.392178624281854 ], [ 1.617766426812231, 42.392403710248118 ], [ 1.617462773504755, 42.392400049844831 ], [ 1.617457834855721, 42.392625135773066 ], [ 1.617154180520389, 42.39262147453708 ], [ 1.617149240730437, 42.392846560427174 ], [ 1.616845585367257, 42.392842898358658 ], [ 1.616840644436363, 42.393067984210617 ], [ 1.615929675433, 42.393056993094682 ], [ 1.615914842541143, 42.393732250336178 ], [ 1.615611183066568, 42.393728584936646 ], [ 1.615601292020128, 42.394178756326667 ], [ 1.615904953663607, 42.394182421783661 ], [ 1.615890119922871, 42.394857678884563 ], [ 1.616193784876416, 42.394861343623596 ], [ 1.616174010101246, 42.395761686408413 ], [ 1.616781348854386, 42.395769013703934 ], [ 1.616786290463947, 42.395543927964354 ], [ 1.618000964310693, 42.39555857279165 ], [ 1.618005901525526, 42.395333486927939 ], [ 1.618309569043985, 42.395337146095912 ], [ 1.618314505117762, 42.395112060194187 ], [ 1.618921838155126, 42.395119376060407 ], [ 1.61893663953045, 42.394444118127069 ], [ 1.618632976237047, 42.394440460681977 ], [ 1.618657649488859, 42.393315030748887 ], [ 1.618961307359953, 42.393318688050726 ], [ 1.618966240756454, 42.393093602007355 ], [ 1.619573554499196, 42.393100914141705 ], [ 1.619578485670405, 42.392875828031599 ], [ 1.618971174096497, 42.392868515954575 ], [ 1.618976107380071, 42.392643429892445 ], [ 1.619279762054395, 42.392647086304358 ], [ 1.619289626283399, 42.392196914094683 ], [ 1.618985973777834, 42.392193257740104 ], [ 1.618995839949754, 42.391743085550232 ] ] ] } },
{ "type": "Feature", "properties": { "DATA_INCEN": "03/02/89", "MUNICIPI": "TOSES", "GRID_CODE": 2, "CODI_FINAL": "G89031003" }, "geometry": { "type": "Polygon", "coordinates": [ [ [ 2.029026663520654, 42.340988327099389 ], [ 2.028352490394882, 42.341410405498955 ], [ 2.027770037900824, 42.341788227075341 ], [ 2.027311041676946, 42.342032002110912 ], [ 2.026908222992089, 42.342568947387392 ], [ 2.026354361402998, 42.343059579375705 ], [ 2.026046733958254, 42.343327148802544 ], [ 2.025979443177, 42.343754363329943 ], [ 2.025360700453099, 42.34451461999744 ], [ 2.025205143477273, 42.34476096381136 ], [ 2.024925415972001, 42.345186372422972 ], [ 2.024704988073198, 42.345702344563207 ], [ 2.024605251026817, 42.346264372445305 ], [ 2.024444468576208, 42.346848396143812 ], [ 2.024345770965364, 42.347342887444221 ], [ 2.024008461756233, 42.347565168682713 ], [ 2.023729757883758, 42.347923037775629 ], [ 2.023694535319136, 42.348237948362339 ], [ 2.023415130105887, 42.348640840713699 ], [ 2.022954673294584, 42.348974645546242 ], [ 2.022557349678505, 42.349151381276052 ], [ 2.022159675130505, 42.349350627645272 ], [ 2.021849208232572, 42.349798281356513 ], [ 2.021754671798843, 42.350022625448425 ], [ 2.021074418030212, 42.35082736348059 ], [ 2.021101625687548, 42.35103023072579 ], [ 2.021310933029707, 42.351234651540757 ], [ 2.021611640733591, 42.351417336466632 ], [ 2.021855487410804, 42.351351870725345 ], [ 2.022009678927629, 42.351195580185134 ], [ 2.022222128300783, 42.35119739103542 ], [ 2.022431788507296, 42.351379297803355 ], [ 2.022458303455107, 42.351627188830172 ], [ 2.022362371592633, 42.351941581491801 ], [ 2.022816231625197, 42.352035508212779 ], [ 2.023394629355527, 42.351927858271111 ], [ 2.023974765683905, 42.351707645152111 ], [ 2.024192437273175, 42.351371771633467 ], [ 2.024349058849903, 42.351057893525194 ], [ 2.024534984881791, 42.3508118093891 ], [ 2.025055450818142, 42.350523538324474 ], [ 2.025120322195377, 42.350253909405964 ], [ 2.025154843642354, 42.349984022553954 ], [ 2.0255514704017, 42.349852301957561 ], [ 2.025859479663516, 42.349562222440348 ], [ 2.026072618436741, 42.349519001961234 ], [ 2.026487090952601, 42.350197970249525 ], [ 2.025658620786227, 42.350776327642144 ], [ 2.024952926485901, 42.351265662447886 ], [ 2.024643861047509, 42.351623275473621 ], [ 2.024549331654004, 42.351847621873453 ], [ 2.024666210470394, 42.352141310681617 ], [ 2.024777872952185, 42.352772680108963 ], [ 2.024890928740304, 42.353314001192814 ], [ 2.025098517310131, 42.353630975451807 ], [ 2.025275061347613, 42.353992715567863 ], [ 2.0254526502002, 42.354286919268631 ], [ 2.025814087527861, 42.354470108983179 ], [ 2.025996196648576, 42.354471655218767 ], [ 2.026268318400536, 42.354541510185705 ], [ 2.02647904308973, 42.354655873524777 ], [ 2.026630453974755, 42.354679673252676 ], [ 2.027088157621367, 42.35452595067413 ], [ 2.027516201319935, 42.354326944844367 ], [ 2.028128083834034, 42.354016919893922 ], [ 2.028529581138089, 42.353570020317392 ], [ 2.028989350197945, 42.353281217549529 ], [ 2.02938841337639, 42.352991899343095 ], [ 2.029877832991584, 42.352748373834537 ], [ 2.030391374623142, 42.352910320257074 ], [ 2.030567255689079, 42.353317076727556 ], [ 2.030533101067383, 42.353564453188049 ], [ 2.030680362161276, 42.353858392568718 ], [ 2.030886944762991, 42.354242892881885 ], [ 2.03118493034066, 42.35460564970235 ], [ 2.031666411777639, 42.354879894661927 ], [ 2.032058222743979, 42.355063321069998 ], [ 2.03235932530308, 42.355223466098948 ], [ 2.033206420969907, 42.355410727740619 ], [ 2.03369136426679, 42.355459843352207 ], [ 2.034205626955207, 42.355576748739409 ], [ 2.034356009811761, 42.355668074615032 ], [ 2.034961676410422, 42.355763230922761 ], [ 2.035475599972952, 42.355902642762224 ], [ 2.035746706923716, 42.356040011707684 ], [ 2.035929165001271, 42.35601903010307 ], [ 2.035935354942396, 42.355613812103314 ], [ 2.035788753145797, 42.355274855047099 ], [ 2.035581793233106, 42.354912875409823 ], [ 2.035346204417051, 42.35443807963474 ], [ 2.035292039065477, 42.354009839056332 ], [ 2.0353589350401, 42.353605131404599 ], [ 2.035453084871288, 42.353403287912926 ], [ 2.035219911189826, 42.352770906990386 ], [ 2.034801885243536, 42.352317090625725 ], [ 2.034623913582034, 42.352045413037679 ], [ 2.034505610997348, 42.351841782376475 ], [ 2.034202107693006, 42.351839227809293 ], [ 2.03365614649445, 42.351812115452475 ], [ 2.033381269975153, 42.351922374904554 ], [ 2.033048795496318, 42.351829513128493 ], [ 2.032877731230812, 42.351107590717433 ], [ 2.032731155964319, 42.350768629761603 ], [ 2.032556647780843, 42.350271827920793 ], [ 2.03237938162852, 42.349955122687632 ], [ 2.031958632771651, 42.34968139301759 ], [ 2.031720327700441, 42.349386686716265 ], [ 2.031452712065874, 42.349024187395841 ], [ 2.032542514394585, 42.34921350270519 ], [ 2.033148461082959, 42.34928615592257 ], [ 2.033513339541133, 42.349244200263129 ], [ 2.033786481222144, 42.349246500937227 ], [ 2.033904087693392, 42.349495156603851 ], [ 2.033718891112136, 42.349696232161435 ], [ 2.033562664091453, 42.34998761153534 ], [ 2.033738902500521, 42.350371851352904 ], [ 2.033826161060577, 42.350620251453059 ], [ 2.033850653158094, 42.351003213029088 ], [ 2.033998268553928, 42.351274636258523 ], [ 2.034329708359359, 42.351435031628029 ], [ 2.034573886722483, 42.351347026582054 ], [ 2.034790468257789, 42.351078668698037 ], [ 2.034888746350615, 42.350606680075416 ], [ 2.035044624728961, 42.350337811005744 ], [ 2.035051507378304, 42.349887568451507 ], [ 2.034934583993416, 42.349593889667531 ], [ 2.034664539077347, 42.34938898256474 ], [ 2.03448554307548, 42.34918484109955 ], [ 2.034367590495932, 42.348958698126452 ], [ 2.034615890407889, 42.348600547301075 ], [ 2.034622775698189, 42.34815030466681 ], [ 2.034747267871291, 42.347948716868622 ], [ 2.034932800116974, 42.347725127367376 ], [ 2.034965557401422, 42.347567797688782 ], [ 2.034491346796258, 42.346820811804143 ], [ 2.033982321695425, 42.346366226222052 ], [ 2.033711948974966, 42.346183829068572 ], [ 2.033500894306673, 42.34609199114513 ], [ 2.033350879969726, 42.34597815210924 ], [ 2.033322945351878, 42.345820311481454 ], [ 2.033267421226148, 42.345482118062769 ], [ 2.033425016668287, 42.345100690218921 ], [ 2.033251206888664, 42.344558865007457 ], [ 2.03310360990423, 42.344287440694352 ], [ 2.032742208773846, 42.344104274018733 ], [ 2.032259768795041, 42.3438975702596 ], [ 2.031716293984837, 42.343712864411813 ], [ 2.030870741550161, 42.343435544525647 ], [ 2.030566933355224, 42.343455492870582 ], [ 2.030937307857723, 42.343053351018604 ], [ 2.031185948663746, 42.34267269508787 ], [ 2.031281821738098, 42.342358293947122 ], [ 2.031292528409319, 42.341660417772701 ], [ 2.031115637461991, 42.341321198289904 ], [ 2.030843912405151, 42.341228843062233 ], [ 2.030634260844531, 42.341046951456647 ], [ 2.030545990558471, 42.340866085183407 ], [ 2.030397722265797, 42.340639681690192 ], [ 2.030281182686302, 42.340323485953043 ], [ 2.03019360587861, 42.34009759513642 ], [ 2.030103609270695, 42.340029289194788 ], [ 2.029920849928218, 42.340072774171595 ], [ 2.029614981989162, 42.340227792958302 ], [ 2.0295194500588, 42.340519680640185 ], [ 2.029026663520654, 42.340988327099389 ] ] ] } },
{ "type": "Feature", "properties": { "DATA_INCEN": "15/02/89", "MUNICIPI": "EL PONT DE SUERT\r\n", "GRID_CODE": 2, "CODI_FINAL": "L89005003" }, "geometry": { "type": "MultiPolygon", "coordinates": [ [ [ [ 0.806509999552798, 42.464323035489791 ], [ 0.806764499823893, 42.463696378818838 ], [ 0.807310923811948, 42.46359201193502 ], [ 0.807326943095946, 42.463133025525806 ], [ 0.807954852588557, 42.46291539136125 ], [ 0.807891378010493, 42.462512295856619 ], [ 0.806806560277011, 42.462491539868005 ], [ 0.806631556530123, 42.463062306699925 ], [ 0.806011655638924, 42.463050440454552 ], [ 0.806023677027211, 42.462706200918198 ], [ 0.805171318575764, 42.462689879556677 ], [ 0.805151275040566, 42.463263611778288 ], [ 0.804761831343663, 42.463313563939394 ], [ 0.804747798007195, 42.4637151763472 ], [ 0.804205379755594, 42.463704784523223 ], [ 0.804193347985945, 42.464049023579825 ], [ 0.802956074438851, 42.464101536878644 ], [ 0.802949516237039, 42.464140007175629 ], [ 0.80433228389077, 42.464510978389121 ], [ 0.805560088840659, 42.464878965671225 ], [ 0.806509999552798, 42.464323035489791 ] ] ], [ [ [ 0.804671008924519, 42.461474652495426 ], [ 0.807125127750175, 42.460028935974535 ], [ 0.808390886635129, 42.459306797791889 ], [ 0.809271205657295, 42.458519866286061 ], [ 0.81052291598539, 42.458199317297606 ], [ 0.811701128577107, 42.457762527794685 ], [ 0.811717112533792, 42.457303539567896 ], [ 0.810954296807358, 42.456944501207488 ], [ 0.809712612727524, 42.456978188319631 ], [ 0.809804090834435, 42.456578054873248 ], [ 0.809029293082205, 42.45656324480494 ], [ 0.808325972552104, 42.456722031492497 ], [ 0.808315967347886, 42.457008898518154 ], [ 0.806921323642419, 42.456982218304205 ], [ 0.805902062569921, 42.457307178574666 ], [ 0.805435537650934, 42.457765297366329 ], [ 0.804332406503252, 42.457851232497504 ], [ 0.804660370890041, 42.457340810685622 ], [ 0.803497161640063, 42.457347227754468 ], [ 0.803106750832242, 42.457425861750352 ], [ 0.802240419200984, 42.457811132477751 ], [ 0.801840972442025, 42.458147941232106 ], [ 0.801197030260366, 42.458824527567799 ], [ 0.800879069895112, 42.459048073037771 ], [ 0.799943255149626, 42.459202346282581 ], [ 0.798858500334401, 42.459181516373796 ], [ 0.798848451053535, 42.459468381454755 ], [ 0.801715318627483, 42.459523410208945 ], [ 0.801703274977388, 42.4598676489436 ], [ 0.802478109667135, 42.459882509459185 ], [ 0.80335650352824, 42.459152998549868 ], [ 0.804065042133158, 42.459193924482257 ], [ 0.80364036280009, 42.459904790419515 ], [ 0.802227597777996, 42.46039441009875 ], [ 0.801597687881074, 42.460669386185053 ], [ 0.801418627586741, 42.461354890447694 ], [ 0.801478044334701, 42.461872734819785 ], [ 0.802191473512853, 42.461427126428809 ], [ 0.802888842241207, 42.461440498552165 ], [ 0.803097224863626, 42.46213343284699 ], [ 0.802212763806893, 42.463035059715104 ], [ 0.802908143973097, 42.463105805249491 ], [ 0.804671008924519, 42.461474652495426 ] ] ], [ [ [ 0.799950142230587, 42.456791189823306 ], [ 0.799960185542238, 42.456504324395226 ], [ 0.801432291448922, 42.456532575493071 ], [ 0.801525828460123, 42.456075076675468 ], [ 0.800983477319915, 42.45606467110661 ], [ 0.801002240098978, 42.455528483725374 ], [ 0.802920567204917, 42.455565276916573 ], [ 0.8032274386022, 42.4550707981182 ], [ 0.802270300824032, 42.45483800632109 ], [ 0.802310269093761, 42.453695089111399 ], [ 0.800670431985652, 42.453663630737985 ], [ 0.800235889999868, 42.454000206497753 ], [ 0.799558159200922, 42.454058675792083 ], [ 0.799198504147463, 42.454350175697186 ], [ 0.798495745263767, 42.455122960120384 ], [ 0.798480730675537, 42.455551552899209 ], [ 0.800605433984033, 42.455520869038146 ], [ 0.800133220279411, 42.455990941219149 ], [ 0.79935642562298, 42.456033439015556 ], [ 0.799330305973012, 42.456779288853802 ], [ 0.799950142230587, 42.456791189823306 ] ] ], [ [ [ 0.805712991147197, 42.451619801688061 ], [ 0.804783309798535, 42.451601997462433 ], [ 0.803837591116565, 42.452043171975653 ], [ 0.803348684740684, 42.452722742245371 ], [ 0.803334647572351, 42.453124355020208 ], [ 0.804105390721848, 42.453253949176855 ], [ 0.805112571565096, 42.453273243306555 ], [ 0.80588532371786, 42.453345452274952 ], [ 0.805801838813154, 42.45351608897473 ], [ 0.80486611747734, 42.453670404748436 ], [ 0.804454685422938, 42.454351463518002 ], [ 0.804190180660152, 42.455264982671707 ], [ 0.804162114294265, 42.456068208283497 ], [ 0.804453989147224, 42.45659050540371 ], [ 0.804988329811364, 42.456830387769969 ], [ 0.80568564884043, 42.456843741717513 ], [ 0.806476470040219, 42.456399587774484 ], [ 0.807432246889225, 42.455671525955907 ], [ 0.808286512435643, 42.455630454927288 ], [ 0.808223041133216, 42.455227359247509 ], [ 0.807621230848559, 42.454699142790062 ], [ 0.806791005073645, 42.454051728693102 ], [ 0.806493114016168, 42.45370155724094 ], [ 0.806368200631795, 42.452837990843406 ], [ 0.805688954077629, 42.452308281935316 ], [ 0.805712991147197, 42.451619801688061 ] ] ], [ [ [ 0.820506308876032, 42.456495030042085 ], [ 0.820601697286783, 42.45598013859437 ], [ 0.82077854209846, 42.455351972520212 ], [ 0.821475852073337, 42.45536523003689 ], [ 0.822409575587366, 42.455268152213137 ], [ 0.822808896052958, 42.454931268638056 ], [ 0.822673817103838, 42.454354584953265 ], [ 0.822203737593265, 42.454028795671121 ], [ 0.821946765000695, 42.45401341860515 ], [ 0.821734141653837, 42.454623787089837 ], [ 0.820486535083526, 42.454829713934856 ], [ 0.820111067128204, 42.454652099226422 ], [ 0.818920117664294, 42.454672964869502 ], [ 0.818626428812448, 42.454667375119392 ], [ 0.818616992581584, 42.454939227607532 ], [ 0.818290388514941, 42.454968524108253 ], [ 0.818271321286593, 42.455161154432119 ], [ 0.817769216538833, 42.455129414676165 ], [ 0.817520841033187, 42.45558397866251 ], [ 0.816880688812286, 42.45596672741592 ], [ 0.816862750097388, 42.456483091068229 ], [ 0.81794001342643, 42.456862481025055 ], [ 0.817970413375374, 42.456357775442115 ], [ 0.817666605722143, 42.456326905770489 ], [ 0.817710034853357, 42.456051800313055 ], [ 0.81794700566977, 42.456056312529142 ], [ 0.817953969203881, 42.455855766956645 ], [ 0.818275571517063, 42.455861889852827 ], [ 0.818267738688936, 42.456087503669508 ], [ 0.818538997843526, 42.456080125030837 ], [ 0.81853895515508, 42.456569277221782 ], [ 0.818537327004872, 42.456974272675389 ], [ 0.819248706110509, 42.45698781163096 ], [ 0.819342114750841, 42.456530295354646 ], [ 0.820506308876032, 42.456495030042085 ] ] ], [ [ [ 0.815769225673934, 42.455701083093906 ], [ 0.8160490435711, 42.455260283328947 ], [ 0.816067919349142, 42.45504250345487 ], [ 0.816424092011145, 42.455038922991065 ], [ 0.816417341996098, 42.454810287450485 ], [ 0.817019404715377, 42.454821757263112 ], [ 0.81768657656158, 42.454721595922308 ], [ 0.817702756860905, 42.454255643746116 ], [ 0.818763852122836, 42.454275844446059 ], [ 0.818778670912273, 42.453848883054256 ], [ 0.8186917847866, 42.453456341760216 ], [ 0.818318336378412, 42.453091831559476 ], [ 0.818244193112272, 42.452447097257618 ], [ 0.819300251005839, 42.452368233296369 ], [ 0.819780123424564, 42.452690768033591 ], [ 0.820479535562718, 42.452532775933634 ], [ 0.820568595555963, 42.452142885836338 ], [ 0.820401872469545, 42.451906550292698 ], [ 0.820054960370088, 42.451822230402065 ], [ 0.819781562613886, 42.451635679198944 ], [ 0.819685662548982, 42.451374782712968 ], [ 0.819867648412345, 42.451170987151968 ], [ 0.819669562830916, 42.450830425079729 ], [ 0.819749361651802, 42.450546963920516 ], [ 0.819938497361788, 42.45051340883267 ], [ 0.820149027996778, 42.45114894288546 ], [ 0.820932534894237, 42.451601296174871 ], [ 0.821386440891709, 42.451578994929001 ], [ 0.821402308268895, 42.451303799746867 ], [ 0.821744384406879, 42.451307241137762 ], [ 0.821834124082416, 42.450822738851073 ], [ 0.822023858522228, 42.450610252356284 ], [ 0.822194885656488, 42.450937641102591 ], [ 0.822669675431639, 42.450919650897212 ], [ 0.822707078750132, 42.449839899310852 ], [ 0.822542446424944, 42.449691202758181 ], [ 0.823113354500061, 42.449463780510683 ], [ 0.823529767100279, 42.449471689379408 ], [ 0.823576130753867, 42.44914298954145 ], [ 0.82431761340495, 42.449157659020678 ], [ 0.824315529884931, 42.448681937053209 ], [ 0.824259449972252, 42.448194664236652 ], [ 0.824527697689757, 42.448199756497942 ], [ 0.824702376817741, 42.447706942792465 ], [ 0.823816160786073, 42.447749685353017 ], [ 0.823719295593358, 42.448224381920085 ], [ 0.822991767056359, 42.448329698307184 ], [ 0.822086978947387, 42.448908177459153 ], [ 0.821911781568285, 42.44932181676144 ], [ 0.820941034673817, 42.449482064336713 ], [ 0.820137236493332, 42.449466778365689 ], [ 0.819727078338318, 42.449697243991132 ], [ 0.819694709459601, 42.45010550163186 ], [ 0.819683814763069, 42.450277166861717 ], [ 0.818501591129838, 42.450212332871303 ], [ 0.818506936959827, 42.450003130841068 ], [ 0.818381279211061, 42.449075963622512 ], [ 0.817317746482486, 42.449591815872971 ], [ 0.816583989520272, 42.449875673630288 ], [ 0.815975823436386, 42.451174558078996 ], [ 0.815773685735125, 42.452362044308956 ], [ 0.81575299768599, 42.452957319220602 ], [ 0.815200361182192, 42.453126735059463 ], [ 0.814644689458963, 42.453035874751045 ], [ 0.814661584483324, 42.452549989342749 ], [ 0.814638273885825, 42.452171383365297 ], [ 0.813616710642934, 42.452178910270007 ], [ 0.813479359051706, 42.451933186022401 ], [ 0.813493445230831, 42.451528281755081 ], [ 0.813131758147097, 42.451440346006073 ], [ 0.812400870894249, 42.451480419947444 ], [ 0.812386969347446, 42.450831877748769 ], [ 0.811363548540784, 42.45089337223461 ], [ 0.811299108312727, 42.450649037761139 ], [ 0.810459820184261, 42.450660017519361 ], [ 0.810407383996311, 42.451118211756786 ], [ 0.811388719145944, 42.451217991330637 ], [ 0.811376499524027, 42.451568907890291 ], [ 0.811920437236651, 42.45166032896163 ], [ 0.811942791615463, 42.452065928733589 ], [ 0.812632537837042, 42.452160130179067 ], [ 0.812607171963541, 42.452888957337031 ], [ 0.812935233259077, 42.452895218464306 ], [ 0.812957594306777, 42.453300818116205 ], [ 0.81294350380265, 42.453705722112716 ], [ 0.814147350491199, 42.453701678197099 ], [ 0.814205232592861, 42.454134966609963 ], [ 0.814946922558764, 42.454163074895348 ], [ 0.81489673772626, 42.454825582873937 ], [ 0.814582737462598, 42.454817454179903 ], [ 0.814539713942417, 42.455005714396407 ], [ 0.814284546307277, 42.455000848089298 ], [ 0.814063953365097, 42.45505066374249 ], [ 0.814058319704214, 42.455212625414681 ], [ 0.813729306978753, 42.455233360833326 ], [ 0.813362902187988, 42.455280393383049 ], [ 0.813350691851909, 42.455631310154637 ], [ 0.814480731061159, 42.455652866097189 ], [ 0.81456584048887, 42.455303339369124 ], [ 0.814859388678281, 42.455388667445739 ], [ 0.81488814680713, 42.455684287042089 ], [ 0.815769225673934, 42.455701083093906 ] ] ], [ [ [ 0.794455612241745, 42.451278367458592 ], [ 0.794986094843634, 42.451255699226429 ], [ 0.794995050286476, 42.45155994869571 ], [ 0.795139668708679, 42.451911418032495 ], [ 0.795200433648633, 42.452416245914897 ], [ 0.795591187339957, 42.452462505835847 ], [ 0.795612575213114, 42.452598517685921 ], [ 0.79590012467766, 42.452604048376664 ], [ 0.796350628338331, 42.452438368412921 ], [ 0.796864864550003, 42.45241470820234 ], [ 0.796852732561489, 42.45229305015274 ], [ 0.796565863026165, 42.45226816343844 ], [ 0.796574685946092, 42.452016503638738 ], [ 0.796607613282313, 42.451823421760345 ], [ 0.797131781465448, 42.451794755430896 ], [ 0.797422719621481, 42.451703489934062 ], [ 0.797536778961709, 42.451434481044075 ], [ 0.797876604302723, 42.451441011389235 ], [ 0.798293494752621, 42.451487764297021 ], [ 0.798646524655111, 42.451880889798275 ], [ 0.799108296648019, 42.452123303049582 ], [ 0.79938567730423, 42.452419202157216 ], [ 0.799634111299302, 42.452930272225373 ], [ 0.799807707723151, 42.453066564677023 ], [ 0.800334595648208, 42.452960449944179 ], [ 0.800765193837267, 42.452915761219593 ], [ 0.800813921092381, 42.4526531758044 ], [ 0.801151529005414, 42.452659653898323 ], [ 0.801224749420316, 42.451946256273324 ], [ 0.801671304544554, 42.451597421767033 ], [ 0.802263789577478, 42.451215643932784 ], [ 0.80242346103566, 42.450789824239394 ], [ 0.80200314544136, 42.450388622222285 ], [ 0.801482631986216, 42.450092716943679 ], [ 0.800849423181585, 42.450259268572175 ], [ 0.800473599281275, 42.449966135112255 ], [ 0.801359187654881, 42.449482766429831 ], [ 0.801833966190596, 42.449706314784535 ], [ 0.802700812370674, 42.449758678281299 ], [ 0.802674591726151, 42.450508718444986 ], [ 0.803156872928134, 42.450517964356997 ], [ 0.803231315385207, 42.449768848407501 ], [ 0.803905253541652, 42.449817504885957 ], [ 0.803935202406471, 42.448960315306913 ], [ 0.803645840676739, 42.448954770131046 ], [ 0.803663312542741, 42.448454742905575 ], [ 0.804243279132887, 42.448430116088268 ], [ 0.804323606304185, 42.447875046592188 ], [ 0.803283648563919, 42.447816628745173 ], [ 0.802708360801823, 42.447093974132549 ], [ 0.801268027165658, 42.447066349812204 ], [ 0.800555636869399, 42.446830296941968 ], [ 0.79984169643909, 42.446638686521617 ], [ 0.799001509272945, 42.446622553659367 ], [ 0.79815198178843, 42.44687309493851 ], [ 0.797484046359187, 42.447082643318907 ], [ 0.796411590340477, 42.44683964423524 ], [ 0.794979064032924, 42.446589707822334 ], [ 0.793590962219308, 42.446785374955127 ], [ 0.792919892535292, 42.447083789524655 ], [ 0.792913830183866, 42.447509985956941 ], [ 0.792803157780739, 42.447682198062736 ], [ 0.792859822814586, 42.448303177471551 ], [ 0.792668692101659, 42.448531954353626 ], [ 0.791627970360749, 42.449006610223059 ], [ 0.791511438623582, 42.449576206520923 ], [ 0.791228899635447, 42.450053933774853 ], [ 0.79103775750183, 42.450282707610064 ], [ 0.790847974772988, 42.450472764331487 ], [ 0.791054341116948, 42.450661981709921 ], [ 0.79226292961434, 42.45040317368413 ], [ 0.792591870220123, 42.450719453932493 ], [ 0.791836145862053, 42.45138289736132 ], [ 0.791837801466574, 42.452080302927214 ], [ 0.79127252188978, 42.452534325399213 ], [ 0.791334616692496, 42.453000437829139 ], [ 0.79188425691002, 42.452991657981102 ], [ 0.792310672471073, 42.452767415391328 ], [ 0.792527958776978, 42.452539143120489 ], [ 0.792849806237908, 42.452312884240825 ], [ 0.792908885783138, 42.4521203071481 ], [ 0.793406237159663, 42.452110512930524 ], [ 0.793569876943568, 42.451919948677194 ], [ 0.794042445124464, 42.451870931550296 ], [ 0.794364283783509, 42.451644668185516 ], [ 0.794455612241745, 42.451278367458592 ] ] ], [ [ [ 0.810507994613462, 42.449988626626393 ], [ 0.810493647277387, 42.449578260860612 ], [ 0.810654538647736, 42.449226451255285 ], [ 0.810666978898249, 42.448869287297953 ], [ 0.811245088155697, 42.448836066122624 ], [ 0.811482133676329, 42.448883016336282 ], [ 0.811474753210458, 42.449094991811073 ], [ 0.811457339687749, 42.449320916776031 ], [ 0.812073738606618, 42.449308210469773 ], [ 0.812063113730453, 42.449135525020694 ], [ 0.812342709962965, 42.449101947721296 ], [ 0.812667858645027, 42.449103628452754 ], [ 0.812675235090243, 42.448891652809408 ], [ 0.813902900826845, 42.448455491613515 ], [ 0.813900732150597, 42.448243333780091 ], [ 0.813946758709069, 42.448017954160733 ], [ 0.814243259280476, 42.448002397784407 ], [ 0.814259925160867, 42.447797669701359 ], [ 0.81453709753688, 42.4477888144811 ], [ 0.814553516717946, 42.447591152190356 ], [ 0.814570672732558, 42.447372292291327 ], [ 0.813672993834692, 42.447363550088284 ], [ 0.812961774581403, 42.447179704370271 ], [ 0.812129691124511, 42.447559046820075 ], [ 0.812098420793852, 42.448239060312247 ], [ 0.811169978791995, 42.448283225787819 ], [ 0.810444505384288, 42.448328934640315 ], [ 0.810237075297692, 42.44817339052414 ], [ 0.809644876135833, 42.448194520811661 ], [ 0.809634504681859, 42.448492157276476 ], [ 0.809863194059027, 42.448853929460405 ], [ 0.809609843368454, 42.449091097817842 ], [ 0.809635022143863, 42.449286102363985 ], [ 0.809340341835632, 42.449315999278674 ], [ 0.80872544514563, 42.449189582525399 ], [ 0.808714313114191, 42.449508900222916 ], [ 0.808977372925497, 42.449528070843414 ], [ 0.809312045147561, 42.449513257044217 ], [ 0.809303918402833, 42.449746429702017 ], [ 0.809619017314054, 42.449745381948517 ], [ 0.809663024936751, 42.449981875602617 ], [ 0.810507994613462, 42.449988626626393 ] ] ], [ [ [ 0.789104905975048, 42.445792396931473 ], [ 0.789122988251209, 42.445318540816274 ], [ 0.789489541309622, 42.445325611555297 ], [ 0.789478955588581, 42.444973942049081 ], [ 0.789488556762646, 42.444700892767031 ], [ 0.789094944823836, 42.444716589214842 ], [ 0.787579489624249, 42.444522576384259 ], [ 0.786659905319811, 42.443884628866101 ], [ 0.785093644395302, 42.443776845271145 ], [ 0.784191400822881, 42.443648141281955 ], [ 0.784183847831842, 42.443862436041634 ], [ 0.783798068622505, 42.443854976551293 ], [ 0.783784218851621, 42.444247850151449 ], [ 0.78489109284192, 42.444357366307649 ], [ 0.785228384138232, 42.444347248563695 ], [ 0.78521202647753, 42.444811554133381 ], [ 0.785838927903604, 42.444823667632747 ], [ 0.785816284597266, 42.445466552467316 ], [ 0.784645170629486, 42.44548953913376 ], [ 0.784604266010209, 42.445783007820182 ], [ 0.785196397272816, 42.446802263325651 ], [ 0.787602296432296, 42.446848733977454 ], [ 0.787946097707043, 42.446002607533558 ], [ 0.789104905975048, 42.445792396931473 ] ] ], [ [ [ 0.81605956539754, 42.446958236798999 ], [ 0.816040936093087, 42.446444662173199 ], [ 0.816673185583023, 42.446317600077364 ], [ 0.817320814944087, 42.445526170895697 ], [ 0.817336751038631, 42.445067179961363 ], [ 0.817285181311178, 42.444319844283108 ], [ 0.816746910805841, 42.444194767865767 ], [ 0.816564083942122, 42.444995050180147 ], [ 0.816297806184649, 42.445965977432138 ], [ 0.81544367508015, 42.446007111398067 ], [ 0.815205291895763, 42.446174802581531 ], [ 0.815268031720606, 42.446646023332498 ], [ 0.814932496183863, 42.446855718960926 ], [ 0.814916544937718, 42.447314611278912 ], [ 0.815499714276806, 42.447325728601875 ], [ 0.815513785174873, 42.446920823461035 ], [ 0.81605956539754, 42.446958236798999 ] ] ], [ [ [ 0.81605956539754, 42.446958236798999 ], [ 0.816118394256478, 42.447364531195412 ], [ 0.817904354247343, 42.447398549941298 ], [ 0.81788477283703, 42.446911969025372 ], [ 0.817629637484122, 42.446907110908015 ], [ 0.817600686796187, 42.446690467123254 ], [ 0.817309104623286, 42.446684914243299 ], [ 0.81731660275544, 42.446468964554114 ], [ 0.817025021664985, 42.446463410974857 ], [ 0.816972638014429, 42.446921609703956 ], [ 0.81605956539754, 42.446958236798999 ] ] ], [ [ [ 0.806423016270937, 42.446482894272314 ], [ 0.806437971957363, 42.446054298526931 ], [ 0.807498918402829, 42.446074600313139 ], [ 0.807496644919674, 42.44592172309882 ], [ 0.807025504179928, 42.445845871203048 ], [ 0.806952615962222, 42.445134903289272 ], [ 0.807368306199439, 42.444285092777442 ], [ 0.808096363487152, 42.444299019615961 ], [ 0.80832808237709, 42.444134339061222 ], [ 0.808629587437136, 42.444094775499714 ], [ 0.810009484917249, 42.444008809812587 ], [ 0.811749647400795, 42.443008636688923 ], [ 0.812788604935326, 42.442109880409248 ], [ 0.812304264080547, 42.440435693155933 ], [ 0.811678593436297, 42.440595983746825 ], [ 0.810586159747469, 42.440804766804376 ], [ 0.809640645504575, 42.441245994661521 ], [ 0.809556615749653, 42.441396136894362 ], [ 0.810327803247539, 42.44154618457376 ], [ 0.810435794106821, 42.441972878545272 ], [ 0.811070456955593, 42.442478960239704 ], [ 0.810504242974363, 42.443157086066222 ], [ 0.809587031217004, 42.443308417756327 ], [ 0.80960266831543, 42.442336093195017 ], [ 0.809231350645866, 42.44186970141817 ], [ 0.808546194706426, 42.441512131414264 ], [ 0.806884315220703, 42.441559577949356 ], [ 0.80690086767473, 42.440420720370561 ], [ 0.805123417032243, 42.440453662055937 ], [ 0.804841561101284, 42.44202083216593 ], [ 0.804639086549565, 42.442413355408426 ], [ 0.804894359110462, 42.443272749842251 ], [ 0.804494858055521, 42.443658239254532 ], [ 0.803774819696494, 42.444931089383758 ], [ 0.80405542972469, 42.445186647653159 ], [ 0.804503874857726, 42.445253644071279 ], [ 0.804576899165535, 42.446001865960334 ], [ 0.804869875828164, 42.446097497901349 ], [ 0.80480820729969, 42.446518759499334 ], [ 0.805161681117653, 42.446673185924183 ], [ 0.806423016270937, 42.446482894272314 ] ] ], [ [ [ 0.810047266673467, 42.445879099631078 ], [ 0.81045950670109, 42.445589141413699 ], [ 0.811584747667142, 42.445610633629357 ], [ 0.812153583740854, 42.445442793331516 ], [ 0.812796577658795, 42.445455066412464 ], [ 0.814084636572646, 42.445420074262458 ], [ 0.814158427121789, 42.445438443032721 ], [ 0.814150514048311, 42.445220113491352 ], [ 0.814697216802218, 42.445230539309463 ], [ 0.81474004654964, 42.445075171339333 ], [ 0.81476694594518, 42.444301313391058 ], [ 0.814455801571482, 42.44399754532045 ], [ 0.813567564036381, 42.444099737155717 ], [ 0.813466487748346, 42.444693478665954 ], [ 0.812668968249939, 42.444499559311858 ], [ 0.811630335671665, 42.444301030682375 ], [ 0.811061508773165, 42.444468868617193 ], [ 0.81041852568543, 42.444456586032636 ], [ 0.809676504339954, 42.444978509812636 ], [ 0.809645393455581, 42.445871419677651 ], [ 0.810047266673467, 42.445879099631078 ] ] ], [ [ [ 0.801857153531857, 42.443957931987484 ], [ 0.801507968263485, 42.443639897467442 ], [ 0.801043429770168, 42.4431862186659 ], [ 0.800574233198288, 42.442865878557427 ], [ 0.799903854704081, 42.442641098156116 ], [ 0.800011546791796, 42.442321503909312 ], [ 0.799653272351085, 42.441528342006244 ], [ 0.800145481042217, 42.441251869544395 ], [ 0.801201345752963, 42.441415092583789 ], [ 0.802356155659661, 42.441508722912083 ], [ 0.802096793720296, 42.440645984754291 ], [ 0.80135773783399, 42.439702564008563 ], [ 0.802633919902815, 42.439083715919821 ], [ 0.803160589282981, 42.439201033131503 ], [ 0.803444940521329, 42.43976309089031 ], [ 0.804154488805756, 42.439756183263029 ], [ 0.804268390058288, 42.439258002754599 ], [ 0.805440618187393, 42.438851572727458 ], [ 0.80603171151225, 42.438505487665331 ], [ 0.80624078648761, 42.438044867139084 ], [ 0.80681717643277, 42.437950915381215 ], [ 0.807502199884366, 42.437678100498054 ], [ 0.808821270622187, 42.437379427902407 ], [ 0.809335495773045, 42.437853880995682 ], [ 0.808404731776043, 42.438012382915943 ], [ 0.808216569426038, 42.438980918396766 ], [ 0.808119497721146, 42.439550905261896 ], [ 0.806946275949422, 42.439985935847673 ], [ 0.807326058901177, 42.440164755480851 ], [ 0.808881059084695, 42.439851389333761 ], [ 0.809741677597094, 42.439524733805435 ], [ 0.810436044574519, 42.43953800170457 ], [ 0.810606266964614, 42.439083778927397 ], [ 0.809684432274353, 42.438951796394853 ], [ 0.810010556671341, 42.437866782383786 ], [ 0.810685618012659, 42.43787967979948 ], [ 0.811575928858151, 42.437253359526906 ], [ 0.810003678808642, 42.435293354643711 ], [ 0.810018604244334, 42.434864757027796 ], [ 0.809101560254002, 42.433489101224168 ], [ 0.807766473513137, 42.433034688799012 ], [ 0.806881169459077, 42.433518114758662 ], [ 0.806109726313144, 42.433503350144221 ], [ 0.805125479195213, 42.434056348823908 ], [ 0.804702351618381, 42.435120451538133 ], [ 0.803925900968017, 42.435248537089436 ], [ 0.803757981932337, 42.43453051493038 ], [ 0.802291535778894, 42.435074247671487 ], [ 0.801925779723997, 42.434495389909721 ], [ 0.801258251055299, 42.43426814417618 ], [ 0.800991436985646, 42.433619701103609 ], [ 0.800842340097231, 42.433546628316563 ], [ 0.800521795287871, 42.433622893089527 ], [ 0.800142972509657, 42.433552859119111 ], [ 0.7999222612462, 42.433357194995935 ], [ 0.799918291177651, 42.432596590321431 ], [ 0.800765238626031, 42.432823942880681 ], [ 0.801610085571762, 42.433111562435059 ], [ 0.801665515635804, 42.4326904308815 ], [ 0.800937451323787, 42.432555836411048 ], [ 0.800538007969511, 42.4323370740237 ], [ 0.800261666820158, 42.432090516282564 ], [ 0.799853794976432, 42.432112843906474 ], [ 0.799520960074035, 42.432317551408858 ], [ 0.799358232504555, 42.43231442695371 ], [ 0.799377119800685, 42.432873911336621 ], [ 0.797549974284099, 42.432695852673199 ], [ 0.797267433520544, 42.433174085301481 ], [ 0.797153490104026, 42.433672258322069 ], [ 0.796733958338263, 42.433711847527981 ], [ 0.796794462723634, 42.432902899112541 ], [ 0.796676735196534, 42.432590887338954 ], [ 0.796375671024554, 42.432256601317327 ], [ 0.796052236491388, 42.432054689966442 ], [ 0.796137380233943, 42.431460656885285 ], [ 0.796749750313576, 42.431424777078206 ], [ 0.79720679201258, 42.431474089616692 ], [ 0.798856046403196, 42.431219854525928 ], [ 0.800250986021438, 42.429959988073328 ], [ 0.800263361875281, 42.429606116031991 ], [ 0.799750194041709, 42.429568032204628 ], [ 0.799734032199671, 42.429240244195867 ], [ 0.799267535192988, 42.429149418105233 ], [ 0.799166401352855, 42.428881400435479 ], [ 0.799192164280935, 42.428145070165783 ], [ 0.798787335676522, 42.427871220047408 ], [ 0.798719696679823, 42.427628852391727 ], [ 0.797935404419981, 42.427199262501766 ], [ 0.796202345439156, 42.427094470988351 ], [ 0.795582244016735, 42.427094749661656 ], [ 0.795576892851712, 42.426856652383144 ], [ 0.795053673891855, 42.426833528542133 ], [ 0.795035291816163, 42.427357946308511 ], [ 0.795702724132065, 42.427585226353948 ], [ 0.79520810248918, 42.427933114701773 ], [ 0.795250756021239, 42.428092587022874 ], [ 0.795237565544773, 42.428468913366608 ], [ 0.794861231554287, 42.428546688591418 ], [ 0.794886981016533, 42.428799143961136 ], [ 0.794666108195024, 42.42879489413361 ], [ 0.794671845060992, 42.428631265686889 ], [ 0.794395754818295, 42.42862595283475 ], [ 0.794348426074512, 42.428399901111504 ], [ 0.793796247814624, 42.428389273231616 ], [ 0.793769570857947, 42.428147631668111 ], [ 0.793517906023189, 42.428048274928599 ], [ 0.793262688606427, 42.427306898220287 ], [ 0.793005456709301, 42.42746183783423 ], [ 0.792669239192858, 42.427419622747379 ], [ 0.792801580222824, 42.426648306466276 ], [ 0.792487028441389, 42.425917656492231 ], [ 0.792031741048304, 42.425562342399729 ], [ 0.791351828912542, 42.425549241973542 ], [ 0.791171902117578, 42.425829310441642 ], [ 0.790694509686118, 42.426103644879234 ], [ 0.790462130963042, 42.426666236978257 ], [ 0.790342642372927, 42.427129766835556 ], [ 0.790149610824885, 42.42739809160021 ], [ 0.790096262678743, 42.427710879653802 ], [ 0.790006091867413, 42.427866049260736 ], [ 0.790427199033574, 42.427936931912704 ], [ 0.790582203624214, 42.428347881771487 ], [ 0.790778440348371, 42.428791007872114 ], [ 0.791028025078865, 42.428921345245563 ], [ 0.791362274608113, 42.42905331367507 ], [ 0.791693222533766, 42.429279362494974 ], [ 0.791988445891235, 42.429316432157293 ], [ 0.792488726348817, 42.429545740826804 ], [ 0.79252555553138, 42.429703358512064 ], [ 0.79222482615869, 42.429823092480049 ], [ 0.792424380810679, 42.430172134667167 ], [ 0.792548076882995, 42.430268662166377 ], [ 0.792628339946378, 42.43039573469165 ], [ 0.792072509306262, 42.43054193635038 ], [ 0.792064803141462, 42.430761459515629 ], [ 0.792524963333601, 42.43092723177331 ], [ 0.792734428025896, 42.430994029364086 ], [ 0.793011134384952, 42.430816741683998 ], [ 0.793321032301324, 42.43078458594259 ], [ 0.793377805472763, 42.430633187419325 ], [ 0.793659316170793, 42.430676730012131 ], [ 0.793652634119184, 42.430867215894871 ], [ 0.79390910071692, 42.430891214297993 ], [ 0.793928132933504, 42.431082195158552 ], [ 0.793920783464317, 42.431291729652145 ], [ 0.794203633629321, 42.43129717379562 ], [ 0.794067716328404, 42.431504233777837 ], [ 0.793527727989824, 42.431493839126802 ], [ 0.793534410566114, 42.431303353281166 ], [ 0.793135287723899, 42.431332432889455 ], [ 0.793145656258331, 42.431347146711062 ], [ 0.79317698615075, 42.431661566509774 ], [ 0.793551388151203, 42.431857064993125 ], [ 0.793589321298221, 42.431983321888303 ], [ 0.793541486389803, 42.432139309252378 ], [ 0.793490350520658, 42.432389377986212 ], [ 0.79332713921132, 42.432606856253905 ], [ 0.793415262862935, 42.432775761559249 ], [ 0.7936888196887, 42.432769778618379 ], [ 0.794115463911903, 42.432683846119353 ], [ 0.794670209758246, 42.432568995393467 ], [ 0.795060204914414, 42.432552650604322 ], [ 0.795157051511073, 42.432726066810012 ], [ 0.795175420054288, 42.432936096107142 ], [ 0.795457610141645, 42.432960585928178 ], [ 0.795816943595039, 42.43298655871795 ], [ 0.79630806361289, 42.432977079461118 ], [ 0.795901773362941, 42.433691044598163 ], [ 0.796273998218332, 42.433949255640023 ], [ 0.796134903513647, 42.434291779125907 ], [ 0.795917236116354, 42.434346615563463 ], [ 0.795811792023608, 42.434601917166447 ], [ 0.795657001066469, 42.43461323614995 ], [ 0.795306342217152, 42.434706563717548 ], [ 0.795200895001121, 42.434961864672033 ], [ 0.795473663753276, 42.435438882465704 ], [ 0.795829592227884, 42.435745946012602 ], [ 0.795841868417153, 42.435946327229715 ], [ 0.796285462335278, 42.435954857643253 ], [ 0.796747342065133, 42.435992330031375 ], [ 0.796898132220476, 42.436095301324002 ], [ 0.797361014260201, 42.436104198346058 ], [ 0.797656319697134, 42.435938320439213 ], [ 0.797705729402787, 42.43540099430335 ], [ 0.798137442632339, 42.435208955599357 ], [ 0.798401938566065, 42.435037696753866 ], [ 0.799289115305032, 42.435054735759358 ], [ 0.799303402295385, 42.435197970941914 ], [ 0.799209757202051, 42.435667943504356 ], [ 0.799035177364956, 42.43569318312813 ], [ 0.798794736237649, 42.435945894868567 ], [ 0.798305565550332, 42.436136643772834 ], [ 0.798292219957905, 42.436343058959004 ], [ 0.798094923150239, 42.436423305677657 ], [ 0.797379850175542, 42.437553251415395 ], [ 0.797240874729617, 42.438765746835024 ], [ 0.797584091585522, 42.439987509271774 ], [ 0.797198332645339, 42.439980095422456 ], [ 0.796406787534061, 42.440536721580891 ], [ 0.796292821537965, 42.441034892678701 ], [ 0.795231968090197, 42.441014489118373 ], [ 0.793691417114585, 42.440913361626151 ], [ 0.794080338307616, 42.440267238939619 ], [ 0.794580076970286, 42.439776494282327 ], [ 0.795460552949754, 42.439436032465721 ], [ 0.795475579660371, 42.439007439342312 ], [ 0.794800513123305, 42.438994452078681 ], [ 0.794305794200614, 42.439342333697226 ], [ 0.793504205537775, 42.440184667825434 ], [ 0.792930581807415, 42.440030661832587 ], [ 0.793054601063609, 42.439246766285891 ], [ 0.793082179659394, 42.438461013473464 ], [ 0.792407120075516, 42.438448012249232 ], [ 0.792364485128514, 42.439662356918831 ], [ 0.791978729537958, 42.439654925550009 ], [ 0.791872256351521, 42.439938795546077 ], [ 0.791078169548261, 42.439962936375544 ], [ 0.790841740844537, 42.440044873631798 ], [ 0.790799659527824, 42.440411663782768 ], [ 0.79152901420388, 42.440425720849333 ], [ 0.791680906979458, 42.440448897270976 ], [ 0.791601439511493, 42.440572067820604 ], [ 0.791890956335386, 42.440661013546318 ], [ 0.792607590055901, 42.440685444530317 ], [ 0.792611169878367, 42.440882274239243 ], [ 0.792596122659965, 42.44131086639478 ], [ 0.794092921174345, 42.441404914095529 ], [ 0.794406262454464, 42.441627180862945 ], [ 0.794449451241748, 42.442060484159342 ], [ 0.794069417958519, 42.442074793512454 ], [ 0.79404963194001, 42.441817441776578 ], [ 0.793183307074438, 42.441808231081218 ], [ 0.793176275257039, 42.442008566021549 ], [ 0.792905797029447, 42.442003357425385 ], [ 0.792847028833686, 42.442275594277326 ], [ 0.792256892236269, 42.442264227492842 ], [ 0.792243461946698, 42.442646684829818 ], [ 0.79165204267663, 42.442671739350594 ], [ 0.791611460254991, 42.443126571659818 ], [ 0.79136556684169, 42.443121833141952 ], [ 0.791356332912789, 42.442684265461608 ], [ 0.79044653413587, 42.442666728434503 ], [ 0.790388020351497, 42.443631502511714 ], [ 0.790406474438903, 42.444506637559144 ], [ 0.790386815835981, 42.444555026243087 ], [ 0.791258410459535, 42.444582781098028 ], [ 0.791252128226772, 42.444249570251962 ], [ 0.79250684715379, 42.444255520687513 ], [ 0.792521555578027, 42.443836638884761 ], [ 0.792792041621533, 42.443841848568155 ], [ 0.793112985675108, 42.443811580123864 ], [ 0.793086886801605, 42.443339202278601 ], [ 0.793420818995665, 42.443124041966286 ], [ 0.794316384877149, 42.442354997969794 ], [ 0.794555598498439, 42.443789207915167 ], [ 0.79649452270304, 42.443540582593961 ], [ 0.796509157356049, 42.44326777879099 ], [ 0.796861561070549, 42.443075485218344 ], [ 0.797036590119536, 42.443213047583228 ], [ 0.797115788091355, 42.443452429570414 ], [ 0.797427636179713, 42.443717906584716 ], [ 0.797895206648454, 42.443705268150801 ], [ 0.798311972092323, 42.444004394045194 ], [ 0.799078538524413, 42.444162078666572 ], [ 0.7993226953933, 42.444309582653077 ], [ 0.799799673617791, 42.444407694003807 ], [ 0.79991658521964, 42.444498891715376 ], [ 0.800455132461612, 42.444553705621296 ], [ 0.800933669246777, 42.444607365520255 ], [ 0.801402880346623, 42.444927704406489 ], [ 0.801836950357648, 42.444535740977997 ], [ 0.801857153531857, 42.443957931987484 ] ] ], [ [ [ 0.785974078391634, 42.439826323399437 ], [ 0.785908218704633, 42.439450609368109 ], [ 0.786385137063625, 42.439548775322109 ], [ 0.786750397419077, 42.43980407349985 ], [ 0.787647365172119, 42.43991034535464 ], [ 0.788196804624712, 42.439654090533402 ], [ 0.788969071537797, 42.439891375284311 ], [ 0.789047832755312, 42.43935917495957 ], [ 0.789949485543821, 42.439332089190899 ], [ 0.791203367368499, 42.439534168611416 ], [ 0.791398998298142, 42.439093172240668 ], [ 0.790748304038642, 42.438813770802341 ], [ 0.790219188204968, 42.438492233286638 ], [ 0.789431307730986, 42.438699422393213 ], [ 0.789011270041934, 42.43869131979509 ], [ 0.788632480253343, 42.439217731388673 ], [ 0.788152433496748, 42.439208467714963 ], [ 0.788066819742634, 42.438228329013675 ], [ 0.787586780721486, 42.438219063144366 ], [ 0.787228483758107, 42.437363834999054 ], [ 0.786380193933358, 42.437412324329969 ], [ 0.786094484691826, 42.437967862246623 ], [ 0.785074407626442, 42.437948152419082 ], [ 0.78506501395403, 42.438214830767208 ], [ 0.784463400510938, 42.438247678778531 ], [ 0.78421398410473, 42.438509716729122 ], [ 0.783852387648066, 42.438547201728909 ], [ 0.783842988597015, 42.438813879828544 ], [ 0.784379903970139, 42.438913214274194 ], [ 0.784427380432135, 42.439269945226279 ], [ 0.784659573559815, 42.439496816964251 ], [ 0.784637649500715, 42.440119066077095 ], [ 0.78541773503841, 42.440134142705006 ], [ 0.786123729650994, 42.440548072533851 ], [ 0.787323870887491, 42.440571249778039 ], [ 0.788102399843523, 42.440630754716871 ], [ 0.787876444985143, 42.440226103783402 ], [ 0.786976343529249, 42.440208726479717 ], [ 0.786287382379893, 42.440048611588352 ], [ 0.785974078391634, 42.439826323399437 ] ] ], [ [ [ 0.804285239331016, 42.432280332306085 ], [ 0.804293656225841, 42.432039239334109 ], [ 0.80396820151043, 42.432033003776105 ], [ 0.803738843673514, 42.431606413933132 ], [ 0.802925212979427, 42.431590819496847 ], [ 0.802914685453887, 42.431892185457293 ], [ 0.802670595203905, 42.43188750595214 ], [ 0.802663225022637, 42.432098462079345 ], [ 0.802344088593758, 42.431911402387705 ], [ 0.802399512359648, 42.431490270259232 ], [ 0.801870653786519, 42.43148012837532 ], [ 0.801888163839313, 42.432143913257796 ], [ 0.802254300536344, 42.432150934853993 ], [ 0.802360550527291, 42.432605323849188 ], [ 0.802967624809206, 42.432707433224131 ], [ 0.802954991509624, 42.433069072313856 ], [ 0.803522441295864, 42.433140262384264 ], [ 0.803575388919759, 42.433955509909573 ], [ 0.804144951996867, 42.433966423878488 ], [ 0.804723983100658, 42.4337061054282 ], [ 0.804737658451759, 42.433314329325825 ], [ 0.804730637634204, 42.432349178021887 ], [ 0.804285239331016, 42.432280332306085 ] ] ] ] } },
{ "type": "Feature", "properties": { "DATA_INCEN": "25/07/89", "MUNICIPI": "AIGUAMÃRCIA", "GRID_CODE": 2, "CODI_FINAL": "T89001005" }, "geometry": { "type": "Polygon", "coordinates": [ [ [ 1.415565941323362, 41.386421618971553 ], [ 1.415924619979101, 41.386426556269164 ], [ 1.415918064832601, 41.386696682207848 ], [ 1.416635425378844, 41.386706553543767 ], [ 1.416641977558599, 41.386436427511853 ], [ 1.416283298724187, 41.386431492449269 ], [ 1.41628985229799, 41.386161366450395 ], [ 1.415931175036256, 41.386156430316902 ], [ 1.415937730004065, 41.385886304351075 ], [ 1.415220378715309, 41.385876428824858 ], [ 1.41524660955936, 41.384795925198816 ], [ 1.414887939982155, 41.384790985946047 ], [ 1.414894498952945, 41.384520860052248 ], [ 1.414535830948363, 41.384515919728678 ], [ 1.414542391312961, 41.384245793867947 ], [ 1.414183724880999, 41.384240852473624 ], [ 1.414190286639365, 41.383970726645977 ], [ 1.41383162178002, 41.383965784180909 ], [ 1.413838184932113, 41.383695658386365 ], [ 1.414196848308297, 41.383700600804765 ], [ 1.414223094089706, 41.38262009730412 ], [ 1.414581751622873, 41.382625038418453 ], [ 1.414594871010904, 41.382084786493344 ], [ 1.414953525667372, 41.382089726396991 ], [ 1.414979757438623, 41.381009222197214 ], [ 1.414621108714126, 41.381004282480163 ], [ 1.414640786052851, 41.38019390432774 ], [ 1.414282141866514, 41.380188963633366 ], [ 1.414301822849267, 41.379378585498714 ], [ 1.413943183200921, 41.379373643827108 ], [ 1.4139497448325, 41.379103517801745 ], [ 1.413591106756403, 41.379098575059565 ], [ 1.413604232716848, 41.378558323061455 ], [ 1.41324559769577, 41.37855337929544 ], [ 1.413258726263918, 41.378013127336402 ], [ 1.412900094297793, 41.37800818254658 ], [ 1.412906659930384, 41.377738056593394 ], [ 1.412548029536455, 41.377733110733118 ], [ 1.412554596562254, 41.37746298481305 ], [ 1.412195967740519, 41.377458037882313 ], [ 1.412202536159486, 41.377187911995399 ], [ 1.411126654679494, 41.377173064640424 ], [ 1.411133227456882, 41.376902938880164 ], [ 1.410774601958663, 41.376897987574303 ], [ 1.410781176129095, 41.376627861847219 ], [ 1.4104225522031, 41.37662290947101 ], [ 1.410429127766536, 41.376352783777108 ], [ 1.406842908264885, 41.376303199041459 ], [ 1.406849498564449, 41.37603307380229 ], [ 1.406132258706434, 41.376023143543641 ], [ 1.406145444966252, 41.375482893212101 ], [ 1.405786828137089, 41.375477926500942 ], [ 1.405800017002472, 41.374937676208887 ], [ 1.405441403228169, 41.37493270847451 ], [ 1.405447999008513, 41.374662583355018 ], [ 1.404372162672416, 41.374647673590367 ], [ 1.404378762810184, 41.374377548598112 ], [ 1.403302931730957, 41.374362628921041 ], [ 1.403316140631069, 41.373822379177575 ], [ 1.402957533416126, 41.373817403811806 ], [ 1.402964139213539, 41.373547278966669 ], [ 1.401888322556063, 41.373532346308416 ], [ 1.401894932710493, 41.373262221590743 ], [ 1.401536328820495, 41.373257241851029 ], [ 1.401542940367165, 41.372987117166794 ], [ 1.400825735822152, 41.372977154430536 ], [ 1.400832350243324, 41.372707029826792 ], [ 1.400473749588326, 41.372702046830284 ], [ 1.400480365401633, 41.372431922260013 ], [ 1.399045969612593, 41.372411979292771 ], [ 1.399039347870178, 41.372682103674677 ], [ 1.398680747666203, 41.372677115093403 ], [ 1.398667500946029, 41.373217363722219 ], [ 1.399026104114612, 41.373222352397732 ], [ 1.399012859998056, 41.37376260106641 ], [ 1.399371466221577, 41.373767588719154 ], [ 1.399364845510299, 41.374037713080213 ], [ 1.399723453306429, 41.374042699663057 ], [ 1.399710214577992, 41.374582948438579 ], [ 1.40006882542915, 41.374587933998598 ], [ 1.400055589304755, 41.375128182813917 ], [ 1.399696975488699, 41.375123197159731 ], [ 1.399677116178127, 41.375933570139502 ], [ 1.399318498004792, 41.375928583226987 ], [ 1.399305255048209, 41.376468831718007 ], [ 1.400022497415296, 41.376478804614365 ], [ 1.400015878766799, 41.376748928933679 ], [ 1.40037450156824, 41.376753913753276 ], [ 1.40034803200271, 41.377834411082908 ], [ 1.400706660824871, 41.377839394973684 ], [ 1.400673579252276, 41.379190016565254 ], [ 1.399597670815537, 41.379175060835259 ], [ 1.399604291758697, 41.37890493668538 ], [ 1.399245657276328, 41.378899949254723 ], [ 1.399258901857397, 41.378359701008385 ], [ 1.398900270430743, 41.378354712554774 ], [ 1.398906894068595, 41.378084588458329 ], [ 1.398548264214912, 41.378079598934676 ], [ 1.398515137709207, 41.379430219045354 ], [ 1.398873774976578, 41.37943520880463 ], [ 1.39886052670782, 41.379975456847994 ], [ 1.399936447948399, 41.379990419705173 ], [ 1.399943067679455, 41.379720295548978 ], [ 1.400660345992003, 41.379730265106744 ], [ 1.400647112371009, 41.380270513593857 ], [ 1.401005754628238, 41.380275496791029 ], [ 1.40098590796903, 41.381085869560948 ], [ 1.400627261263139, 41.381080886222598 ], [ 1.400620644046809, 41.381351010404991 ], [ 1.400261995948179, 41.381346025902275 ], [ 1.400268614647435, 41.381075901766962 ], [ 1.399551321686672, 41.381065929503848 ], [ 1.399544700021566, 41.381336053544977 ], [ 1.399903347939758, 41.381341040282273 ], [ 1.399876866308724, 41.38242153649928 ], [ 1.400235520249047, 41.382426522307625 ], [ 1.400228901098731, 41.382696646374981 ], [ 1.400587556612296, 41.382701631113065 ], [ 1.400580938854811, 41.382971755213902 ], [ 1.400939595941621, 41.382976738881723 ], [ 1.400913129942089, 41.384057235337416 ], [ 1.401630456251033, 41.384067199697377 ], [ 1.401617228642823, 41.384607448031879 ], [ 1.401975894898848, 41.384612428629836 ], [ 1.401969282442721, 41.384882552823747 ], [ 1.402327950272066, 41.384887532351293 ], [ 1.402308116812629, 41.385697904992547 ], [ 1.402666789181793, 41.385702883543708 ], [ 1.40267339894179, 41.385432759296535 ], [ 1.40339074098385, 41.385442712952482 ], [ 1.403377527306847, 41.385982961621238 ], [ 1.403736201429504, 41.385987936866997 ], [ 1.40372299035892, 41.386528185575386 ], [ 1.404081667538237, 41.386533159797629 ], [ 1.404075063351239, 41.386803284178399 ], [ 1.403716384688579, 41.386798309909203 ], [ 1.403689961106841, 41.387878807108535 ], [ 1.404048645703082, 41.387883781565655 ], [ 1.404042041065993, 41.388153905878497 ], [ 1.404400727235701, 41.388158879265028 ], [ 1.404394123992058, 41.388429003611243 ], [ 1.404752811735237, 41.388433975927164 ], [ 1.404746209885078, 41.388704100306747 ], [ 1.405104899201729, 41.38870907155205 ], [ 1.405098298745097, 41.388979195964986 ], [ 1.4065330628452, 41.388999069957961 ], [ 1.406506683856022, 41.390079568224635 ], [ 1.406865381040082, 41.390084534116461 ], [ 1.406845600305265, 41.390894907814499 ], [ 1.407204302030115, 41.390899872729342 ], [ 1.407197709755775, 41.391169997315068 ], [ 1.407915116442382, 41.391179923885467 ], [ 1.407921705749357, 41.390909799206 ], [ 1.408997812001778, 41.390924680538376 ], [ 1.408991227145859, 41.391194805358388 ], [ 1.409349930893222, 41.391199763613976 ], [ 1.409343347431258, 41.391469888467213 ], [ 1.409702052752066, 41.391474845651935 ], [ 1.409688888526408, 41.392015095411324 ], [ 1.410047596904415, 41.392020051571933 ], [ 1.410034435287448, 41.392560301370601 ], [ 1.410751858247675, 41.392570210525797 ], [ 1.410745280272269, 41.392840335498349 ], [ 1.41253884666065, 41.392865089059512 ], [ 1.412532276014781, 41.39313521425224 ], [ 1.412890991045066, 41.393140161657904 ], [ 1.412884421793498, 41.393410286883764 ], [ 1.413243138397192, 41.39341523321837 ], [ 1.413236570539966, 41.393685358477356 ], [ 1.41359528871707, 41.393690303740883 ], [ 1.413582155701878, 41.394230554311541 ], [ 1.41501704117651, 41.39425032456105 ], [ 1.415010480470457, 41.39452045001272 ], [ 1.416086649967352, 41.39453526610265 ], [ 1.416093206221536, 41.394265140511052 ], [ 1.41645192808197, 41.394270076925416 ], [ 1.416458482762849, 41.393999951273628 ], [ 1.417175923783856, 41.394009820655654 ], [ 1.417189026941936, 41.39346956912496 ], [ 1.417547744618582, 41.393474502046075 ], [ 1.417554294579787, 41.393204376213781 ], [ 1.417195578387025, 41.393199443339249 ], [ 1.417202129742812, 41.392929317539959 ], [ 1.417560844451712, 41.392934250367908 ], [ 1.417567394234359, 41.392664124508457 ], [ 1.418284820952286, 41.392673986717895 ], [ 1.418324099968116, 41.391053230717326 ], [ 1.417965395467169, 41.391048300450869 ], [ 1.417978490725991, 41.390508048435201 ], [ 1.418337192259551, 41.390512978608541 ], [ 1.418356830027518, 41.389702600343554 ], [ 1.417998132944884, 41.389697670309893 ], [ 1.418004680172697, 41.389427544240974 ], [ 1.417645984662907, 41.389422613136233 ], [ 1.417652533285062, 41.389152487100311 ], [ 1.416576451742068, 41.389137687220042 ], [ 1.41660921576674, 41.387787057535654 ], [ 1.416250529515261, 41.387782122240012 ], [ 1.41626363746682, 41.387241870364448 ], [ 1.415904954271558, 41.387236934044502 ], [ 1.415911509596755, 41.386966808132961 ], [ 1.415552827974254, 41.386961870742091 ], [ 1.415565941323362, 41.386421618971553 ], [ 1.415207262756989, 41.386416680556408 ], [ 1.415213820780841, 41.386146554697433 ], [ 1.415572497863866, 41.386151493065924 ], [ 1.415565941323362, 41.386421618971553 ] ], [ [ 1.411123722576548, 41.392034913347409 ], [ 1.410765013929505, 41.392029960539986 ], [ 1.410771591635933, 41.391759835526699 ], [ 1.411130298799219, 41.391764788287354 ], [ 1.411123722576548, 41.392034913347409 ] ], [ [ 1.41184771339468, 41.391774690455534 ], [ 1.411489006052141, 41.391769739930304 ], [ 1.41150215526112, 41.391229489675915 ], [ 1.411860859636202, 41.391234440107645 ], [ 1.41184771339468, 41.391774690455534 ] ], [ [ 1.405894844555919, 41.385747640218156 ], [ 1.404818825287972, 41.385732731383911 ], [ 1.404825426148391, 41.385462606854851 ], [ 1.405901440966531, 41.385477515548303 ], [ 1.405894844555919, 41.385747640218156 ] ] ] } },
{ "type": "Feature", "properties": { "DATA_INCEN": "25/07/89", "MUNICIPI": "AIGUAMÃRCIA", "GRID_CODE": 2, "CODI_FINAL": "T89001006" }, "geometry": { "type": "Polygon", "coordinates": [ [ [ 1.448467507226517, 41.370944166045525 ], [ 1.449230088994873, 41.370301417536979 ], [ 1.449446751403103, 41.369989082775341 ], [ 1.449518273030692, 41.369494647575578 ], [ 1.449376875945527, 41.369154970960913 ], [ 1.449027373174086, 41.368767453924796 ], [ 1.44856262341358, 41.368198237488265 ], [ 1.448960176492934, 41.367820787180129 ], [ 1.449580749485867, 41.368121883565152 ], [ 1.449832592296584, 41.368845855618297 ], [ 1.450181566208066, 41.369255881225222 ], [ 1.450561495165643, 41.36962128622271 ], [ 1.450803760210988, 41.369489438472456 ], [ 1.45092969715466, 41.369220915943835 ], [ 1.450907288795904, 41.36890536061118 ], [ 1.450912093548214, 41.368702762139883 ], [ 1.450653831970564, 41.368248923529066 ], [ 1.450334742112505, 41.367839301641368 ], [ 1.450249903115801, 41.367635496231237 ], [ 1.450075953697717, 41.367407972735869 ], [ 1.449720579115877, 41.367268078087172 ], [ 1.449156035343214, 41.367125364281712 ], [ 1.448593097990233, 41.366915114973771 ], [ 1.448030699141156, 41.366682352048002 ], [ 1.447798067364603, 41.366408997604644 ], [ 1.446969957179023, 41.366037537211874 ], [ 1.446139179298835, 41.365778625511659 ], [ 1.446234711481119, 41.365532215684638 ], [ 1.446178162538911, 41.365396343533313 ], [ 1.445030497793579, 41.364637746732043 ], [ 1.444948358494609, 41.36432138318736 ], [ 1.445194900463032, 41.364009459805622 ], [ 1.445141569458006, 41.363738521773314 ], [ 1.445268589088589, 41.363424983592985 ], [ 1.445037051792375, 41.363106602017616 ], [ 1.44477456550878, 41.362832838087961 ], [ 1.444685998780918, 41.362786605114565 ], [ 1.444302389762702, 41.36257875783128 ], [ 1.443981222411153, 41.362259162689767 ], [ 1.443774748782478, 41.362143780637311 ], [ 1.443507445077004, 41.362072611945379 ], [ 1.442999499777999, 41.362065742198176 ], [ 1.442671365958001, 41.362038784993679 ], [ 1.442376868249201, 41.361854655052838 ], [ 1.441790025301229, 41.361396349488601 ], [ 1.441286381975831, 41.361209385309401 ], [ 1.440926225973087, 41.361272062064323 ], [ 1.440354768563405, 41.361421947356945 ], [ 1.439722475729559, 41.361616041445991 ], [ 1.439095557228408, 41.36158502355876 ], [ 1.438437684549865, 41.361598618593092 ], [ 1.438106864666171, 41.36168420261135 ], [ 1.437472409519121, 41.361968327472717 ], [ 1.436575500915733, 41.361978666711266 ], [ 1.436335930189243, 41.361997930588565 ], [ 1.43618384113132, 41.362108455051924 ], [ 1.435558537263165, 41.362009885418409 ], [ 1.434963114328559, 41.361911718675323 ], [ 1.434456251152451, 41.361859789653515 ], [ 1.434100941362533, 41.361719847740865 ], [ 1.433529465386754, 41.361869698771955 ], [ 1.432928647830261, 41.361996629359439 ], [ 1.432449504438891, 41.362035141382506 ], [ 1.432117594587396, 41.362165729528691 ], [ 1.431662384521389, 41.362452263623446 ], [ 1.431916168702893, 41.363086228670142 ], [ 1.43196079952639, 41.363717344031443 ], [ 1.432724171756557, 41.364290693789606 ], [ 1.433147890805869, 41.364071281297107 ], [ 1.433302688742778, 41.363848207195268 ], [ 1.433819819709744, 41.363472436749689 ], [ 1.434632717387961, 41.36447429206963 ], [ 1.43492342917253, 41.364816017081765 ], [ 1.435237014852576, 41.365450787839279 ], [ 1.435383721949588, 41.365565372738104 ], [ 1.435710252675575, 41.365659883346432 ], [ 1.435671208046515, 41.36604216068045 ], [ 1.435757616388057, 41.366178443693194 ], [ 1.435902709054111, 41.366360560330229 ], [ 1.436139601396453, 41.366453851616647 ], [ 1.436196130141872, 41.366589728327646 ], [ 1.436044568860789, 41.366677741538183 ], [ 1.43577402150235, 41.366741619486156 ], [ 1.435801746547441, 41.366832068714466 ], [ 1.435886539143016, 41.367035883997126 ], [ 1.436208766746863, 41.367310479618936 ], [ 1.436599919248705, 41.367203202649044 ], [ 1.437110057302576, 41.367120058137914 ], [ 1.43828350344825, 41.366798213822086 ], [ 1.43841515116698, 41.367543097747912 ], [ 1.439632230170526, 41.367897375109308 ], [ 1.440855233190673, 41.368004020602825 ], [ 1.441325822206285, 41.36832564775257 ], [ 1.442509829735034, 41.368814555571298 ], [ 1.443225929943422, 41.368869279442549 ], [ 1.444264838906262, 41.36917606173359 ], [ 1.445157560242593, 41.369345751288407 ], [ 1.445694373843996, 41.369398037789395 ], [ 1.446169281241899, 41.369539558559985 ], [ 1.446695390763733, 41.370042058228194 ], [ 1.447047562178248, 41.370317027674467 ], [ 1.447371458806935, 41.370524060294009 ], [ 1.447969120164221, 41.370532120754902 ], [ 1.448080094526858, 41.370893906933262 ], [ 1.448467507226517, 41.370944166045525 ] ] ] } },
{ "type": "Feature", "properties": { "DATA_INCEN": "21/07/89", "MUNICIPI": "ASCÃ", "GRID_CODE": 2, "CODI_FINAL": "T89030005" }, "geometry": { "type": "MultiPolygon", "coordinates": [ [ [ [ 0.612038227801999, 41.156118080521203 ], [ 0.611999019538051, 41.157198100885701 ], [ 0.613070776182868, 41.157220321218759 ], [ 0.613080574058435, 41.156950315939604 ], [ 0.613795076227666, 41.156965123820498 ], [ 0.613804871043097, 41.1566951183868 ], [ 0.614162120864086, 41.156702520596951 ], [ 0.614152327512104, 41.156972526100596 ], [ 0.614866830480524, 41.156987327340076 ], [ 0.614876620905605, 41.156717321696576 ], [ 0.61559112147971, 41.156732118368609 ], [ 0.615600908844774, 41.156462112570672 ], [ 0.616672656313862, 41.156484299067351 ], [ 0.616662873339118, 41.156754305074934 ], [ 0.617377375243993, 41.156769090677969 ], [ 0.617396935206691, 41.156229078368774 ], [ 0.618111431789837, 41.156243859264862 ], [ 0.618101654801849, 41.156513865566431 ], [ 0.618816154843717, 41.156528642174621 ], [ 0.618825928904836, 41.156258635733423 ], [ 0.618468680280864, 41.156251248052577 ], [ 0.618478455672474, 41.155981241666581 ], [ 0.617763961750206, 41.15596646312391 ], [ 0.617793295907626, 41.155156444297184 ], [ 0.618865023820092, 41.155178609822514 ], [ 0.618855250290657, 41.155448616322154 ], [ 0.619212494657361, 41.155456002686698 ], [ 0.619202722458385, 41.15572600924154 ], [ 0.619559968421367, 41.155733394568998 ], [ 0.61955019755289, 41.156003401179014 ], [ 0.619907445112154, 41.156010785469391 ], [ 0.619926983789442, 41.155470772095235 ], [ 0.619569739156963, 41.155463387944401 ], [ 0.619589280229522, 41.154923374651354 ], [ 0.618874797216612, 41.154908603308272 ], [ 0.618884570480218, 41.154638596779421 ], [ 0.619241810456909, 41.154645982934582 ], [ 0.619251582124306, 41.154375976321319 ], [ 0.618894343610912, 41.154368590235947 ], [ 0.618904116608698, 41.154098583677872 ], [ 0.616046224994117, 41.154039455708386 ], [ 0.616036440290181, 41.15430946170774 ], [ 0.614607491822819, 41.154279870880274 ], [ 0.61461728237978, 41.154009865160546 ], [ 0.616046224994117, 41.154039455708386 ], [ 0.616056009564986, 41.153769449694423 ], [ 0.616413244088043, 41.153776844494537 ], [ 0.616423027062627, 41.153506838396076 ], [ 0.615708561076018, 41.153492047828848 ], [ 0.615698775174993, 41.153762053787538 ], [ 0.615341540918084, 41.153754656773884 ], [ 0.615361115513469, 41.153214644981681 ], [ 0.616432809904169, 41.153236832283007 ], [ 0.616442592612671, 41.152966826155335 ], [ 0.616085362479219, 41.152959431564845 ], [ 0.616104930423414, 41.152419419405412 ], [ 0.616819384970741, 41.152434207200123 ], [ 0.61682916581701, 41.152164200958744 ], [ 0.61611471419593, 41.152149413303768 ], [ 0.616134281341808, 41.151609401056625 ], [ 0.617563173411247, 41.151638971380855 ], [ 0.617553395757177, 41.151908977791159 ], [ 0.618625070594773, 41.151931144123367 ], [ 0.618615297197072, 41.152201150728523 ], [ 0.619329750679624, 41.15221592288934 ], [ 0.619300438467985, 41.153025943035892 ], [ 0.618943207270784, 41.153018557299482 ], [ 0.618933434804616, 41.153288563915993 ], [ 0.620005133184439, 41.153310718014268 ], [ 0.620014901261003, 41.153040711188424 ], [ 0.619657669798065, 41.15303332766554 ], [ 0.619667439204973, 41.152763320894849 ], [ 0.62002466920473, 41.152770704347958 ], [ 0.620034437015618, 41.15250069749289 ], [ 0.619677208479026, 41.152493314109549 ], [ 0.619696746628564, 41.151953300495123 ], [ 0.618982295806485, 41.151938530687353 ], [ 0.618992067608178, 41.151668523997806 ], [ 0.619349291489683, 41.151675909385261 ], [ 0.619359061695407, 41.151405902611302 ], [ 0.618644616991446, 41.15139113086925 ], [ 0.61866416285649, 41.150851117556691 ], [ 0.618306943629949, 41.150843730165242 ], [ 0.618326491889396, 41.150303716933855 ], [ 0.617969275721788, 41.150296328575351 ], [ 0.617979051115107, 41.150026322007569 ], [ 0.617621836543407, 41.150018932612234 ], [ 0.61767071883057, 41.148668899903257 ], [ 0.617313511706378, 41.148661509750475 ], [ 0.617323289227816, 41.148391503234684 ], [ 0.616966083699439, 41.14838411204515 ], [ 0.616975862550744, 41.14811410558459 ], [ 0.616618658618177, 41.148106713358317 ], [ 0.616579536563626, 41.149186738833471 ], [ 0.616222326912641, 41.149179345221178 ], [ 0.616232109088672, 41.148909338944186 ], [ 0.615874901033599, 41.148901944295162 ], [ 0.615865117394686, 41.149171950502286 ], [ 0.615150698757941, 41.149157157744675 ], [ 0.615170271754198, 41.148617145595381 ], [ 0.614813065561182, 41.14860974769649 ], [ 0.614832640950754, 41.148069735628539 ], [ 0.61447543781649, 41.148062336762905 ], [ 0.614504804290927, 41.147252318761133 ], [ 0.614147605678102, 41.147244918998702 ], [ 0.614157395699417, 41.146974913038804 ], [ 0.614514592849509, 41.146982312731303 ], [ 0.614504804290927, 41.147252318761133 ], [ 0.614862003036866, 41.147259717417022 ], [ 0.614842428445889, 41.147799729572654 ], [ 0.6155568321881, 41.147814523844445 ], [ 0.615566616624581, 41.147544517634145 ], [ 0.615923817232504, 41.147551913040324 ], [ 0.615914034258804, 41.147821919320521 ], [ 0.616271236462547, 41.147829313690046 ], [ 0.616261454818611, 41.148099320025494 ], [ 0.616618658618177, 41.148106713358317 ], [ 0.616638218847439, 41.147566700533076 ], [ 0.61699541985441, 41.147574092619635 ], [ 0.617005198306779, 41.147304086115241 ], [ 0.616290799351363, 41.147289300975302 ], [ 0.616310361708121, 41.146749288202102 ], [ 0.615953165355392, 41.146741894112083 ], [ 0.61600207623296, 41.145391862272731 ], [ 0.615287698553223, 41.145377071472005 ], [ 0.615307267823463, 41.144837058913502 ], [ 0.61495008210835, 41.144829661993271 ], [ 0.614969653771464, 41.144289649516111 ], [ 0.614612471114521, 41.144282251629249 ], [ 0.614622258208987, 41.14401224543866 ], [ 0.614265077147648, 41.144004846515308 ], [ 0.614255288590669, 41.144274852635974 ], [ 0.613540923942316, 41.144260051330178 ], [ 0.613550715424321, 41.143990045349376 ], [ 0.613193534762369, 41.143982643106817 ], [ 0.613213120251893, 41.143442631241264 ], [ 0.612141587839975, 41.143420418295023 ], [ 0.612151384772324, 41.143150412550234 ], [ 0.611437033422012, 41.143135598527536 ], [ 0.611446833145979, 41.142865592908102 ], [ 0.610375311507265, 41.142843363786412 ], [ 0.610385115485158, 41.142573358362434 ], [ 0.60895642768298, 41.142543704324893 ], [ 0.60897604693768, 41.142003693993509 ], [ 0.60790454126074, 41.141981442269433 ], [ 0.607924168755738, 41.141441432300098 ], [ 0.608995665658811, 41.141463683603625 ], [ 0.60898585636494, 41.141733688805886 ], [ 0.610057358855426, 41.141755930362997 ], [ 0.610067163762375, 41.141485924950572 ], [ 0.609352831559971, 41.141471098492239 ], [ 0.609372446822998, 41.140931087903724 ], [ 0.60901528384639, 41.140923673155264 ], [ 0.609025092740104, 41.140653667909156 ], [ 0.608667931359121, 41.140646252124498 ], [ 0.608677741581676, 41.140376246933833 ], [ 0.60796342214438, 41.140361412185953 ], [ 0.607983048038056, 41.139821402041129 ], [ 0.609411675748706, 41.139851066551245 ], [ 0.609421482646737, 41.139581061176578 ], [ 0.609778638445671, 41.139588474468475 ], [ 0.6097982489174, 41.139048463535147 ], [ 0.610155401925385, 41.139055875580752 ], [ 0.610175008939593, 41.138515864448856 ], [ 0.610889309507056, 41.138530684941337 ], [ 0.610869708341264, 41.139070696353357 ], [ 0.611226861749119, 41.139078105080337 ], [ 0.611236660936532, 41.138808099311632 ], [ 0.61195096522773, 41.138822913307038 ], [ 0.611941168964558, 41.139092919215749 ], [ 0.612298322772104, 41.139100324624138 ], [ 0.612288527837865, 41.1393703305882 ], [ 0.613002838776801, 41.139385138226288 ], [ 0.613012630786748, 41.139115132122292 ], [ 0.61265547671284, 41.139107728926319 ], [ 0.612675063257519, 41.138567716814393 ], [ 0.612317912241014, 41.138560312652139 ], [ 0.612327706775687, 41.13829030664423 ], [ 0.610899109890052, 41.138260679213396 ], [ 0.610908910139785, 41.137990673470838 ], [ 0.610194615420579, 41.137975853258467 ], [ 0.610204418461119, 41.137705847641328 ], [ 0.60984727276349, 41.13769843594595 ], [ 0.609866881368677, 41.137158424807915 ], [ 0.609509738728369, 41.137151012146475 ], [ 0.609499933030444, 41.137421017652741 ], [ 0.609142789061481, 41.137413603815126 ], [ 0.609162403247951, 41.136873592928083 ], [ 0.608805262336297, 41.136866178124471 ], [ 0.6087758364706, 41.137676194222905 ], [ 0.608418691306367, 41.137668778102942 ], [ 0.60840888095569, 41.137938783369769 ], [ 0.608051734462835, 41.137931366073552 ], [ 0.608022298224209, 41.138741381575969 ], [ 0.607665147478597, 41.138733962963308 ], [ 0.607655333670106, 41.139003968031432 ], [ 0.606941029655052, 41.138989127347315 ], [ 0.606931212788882, 41.139259132260555 ], [ 0.606216906383559, 41.139244287011415 ], [ 0.606226726173951, 41.138974282238443 ], [ 0.605869574633682, 41.138966858024745 ], [ 0.605849931995132, 41.139506867415719 ], [ 0.604421315472833, 41.139477158937545 ], [ 0.604411488104661, 41.139747163330348 ], [ 0.603697177720947, 41.139732302313611 ], [ 0.603707008013392, 41.139462298061247 ], [ 0.602635547826811, 41.139439998450314 ], [ 0.602625713147973, 41.139710002491952 ], [ 0.602268558557754, 41.139702567005642 ], [ 0.602258722283038, 41.139972570962385 ], [ 0.601901566364426, 41.139965134299594 ], [ 0.601881890489377, 41.140505142028623 ], [ 0.602239049332337, 41.140512578831959 ], [ 0.602209538903092, 41.141322590526563 ], [ 0.601852375673459, 41.141315153512402 ], [ 0.601862214079213, 41.141045149699103 ], [ 0.601505052445608, 41.14103771164897 ], [ 0.601514892179802, 41.140767707891328 ], [ 0.601872052351186, 41.140775145871181 ], [ 0.601881890489377, 41.140505142028623 ], [ 0.600810414763246, 41.140482824981227 ], [ 0.600800572238455, 41.140752828612889 ], [ 0.600443412468532, 41.140745387314304 ], [ 0.600453256455519, 41.140475383752964 ], [ 0.594381585720589, 41.140348713620334 ], [ 0.594371716876589, 41.140618715984658 ], [ 0.593300245207031, 41.140596329033841 ], [ 0.593290371842307, 41.140866331171971 ], [ 0.593647530393437, 41.140873794665652 ], [ 0.593637658356647, 41.141143796859659 ], [ 0.593280498343323, 41.141136333295456 ], [ 0.593290371842307, 41.140866331171971 ], [ 0.591147423355654, 41.140821526979153 ], [ 0.59113754108355, 41.14109152867924 ], [ 0.591494700291011, 41.14109899888085 ], [ 0.59148481934673, 41.141369000636885 ], [ 0.590770498141786, 41.141354058986217 ], [ 0.590780382010469, 41.14108405737138 ], [ 0.588994588661452, 41.141046684238738 ], [ 0.588964914719007, 41.141856687979775 ], [ 0.589322077506517, 41.141864165030711 ], [ 0.589302297130213, 41.142404167592765 ], [ 0.589659462976731, 41.142411643678741 ], [ 0.589669351769855, 41.142141642334408 ], [ 0.591455175707703, 41.142179005817049 ], [ 0.591435412609846, 41.142719009197243 ], [ 0.591792580725186, 41.142726478716128 ], [ 0.591782700437022, 41.142996480454833 ], [ 0.592139870149038, 41.143003948937981 ], [ 0.592149748974878, 41.142733947128704 ], [ 0.592506917358901, 41.142741414435015 ], [ 0.592516794588102, 41.142471412540516 ], [ 0.593231128834451, 41.142486343693115 ], [ 0.593241003004759, 41.142216341642886 ], [ 0.593598168867058, 41.142223805489209 ], [ 0.593588296159043, 41.142493807609981 ], [ 0.593231128834451, 41.142486343693115 ], [ 0.593211380091019, 41.14302634774964 ], [ 0.593568550340255, 41.14303381180757 ], [ 0.593538930605153, 41.143843817994089 ], [ 0.592824581466725, 41.143828888348686 ], [ 0.592804828455666, 41.144368892117633 ], [ 0.593162005882579, 41.144376357634613 ], [ 0.593142255259217, 41.144916361486054 ], [ 0.59349943574534, 41.144923826037719 ], [ 0.593489561694717, 41.145193828012005 ], [ 0.594203925994741, 41.14520875393724 ], [ 0.594194054734874, 41.145478756037932 ], [ 0.594551238548764, 41.14548621741146 ], [ 0.5945413686172, 41.145756219568 ], [ 0.594898554027843, 41.14576367990562 ], [ 0.594868947815581, 41.146573686498854 ], [ 0.595226137748164, 41.146581145941511 ], [ 0.595285340189608, 41.144961132200308 ], [ 0.596356884466379, 41.144983502621201 ], [ 0.596347022115763, 41.14525350515941 ], [ 0.596704205272112, 41.145260959824014 ], [ 0.596684483093618, 41.145800964997392 ], [ 0.597041669309146, 41.145808418696468 ], [ 0.597051529002889, 41.145538416046669 ], [ 0.597408713889941, 41.145545868568888 ], [ 0.597418571987074, 41.145275865834023 ], [ 0.597775755545645, 41.145283317179427 ], [ 0.597795468412738, 41.144743311524955 ], [ 0.598152649180325, 41.144750761623129 ], [ 0.598123084066194, 41.145560770294097 ], [ 0.598480269355353, 41.145568219497065 ], [ 0.598460561534327, 41.146108225345287 ], [ 0.599174938364912, 41.146123120713469 ], [ 0.599165087178605, 41.146393123756368 ], [ 0.599522277257454, 41.14640056985116 ], [ 0.599502577408221, 41.146940576033771 ], [ 0.600216963818289, 41.146955465185357 ], [ 0.600236657816964, 41.14641545872135 ], [ 0.601308229660456, 41.14643778372821 ], [ 0.601298387115974, 41.146707787178492 ], [ 0.601655579460825, 41.146715226704814 ], [ 0.601645738245155, 41.14698523021076 ], [ 0.602002932186492, 41.146992668700904 ], [ 0.601993092299676, 41.147262672262514 ], [ 0.602707483509122, 41.147277546063883 ], [ 0.602687809184907, 41.147817553424289 ], [ 0.60304500791573, 41.147824988805752 ], [ 0.603035172015707, 41.148094992534276 ], [ 0.603392372343033, 41.148102426879461 ], [ 0.603382537772022, 41.148372430663599 ], [ 0.603739739695854, 41.14837986397248 ], [ 0.603749572804097, 41.148109860118112 ], [ 0.604106773398877, 41.148117292250234 ], [ 0.604096941753408, 41.148387296174839 ], [ 0.604454143944662, 41.148394727270649 ], [ 0.604444313628287, 41.148664731250825 ], [ 0.604801517416015, 41.148672161310316 ], [ 0.60478185930787, 41.149212169367232 ], [ 0.605139066154917, 41.149219598460533 ], [ 0.605109582378829, 41.150029610646776 ], [ 0.606538428657881, 41.150059316796337 ], [ 0.606499138492522, 41.151139333962675 ], [ 0.606856356248098, 41.151146758014129 ], [ 0.606846534835816, 41.151416762339302 ], [ 0.607203754187962, 41.151424185354237 ], [ 0.607193934105146, 41.151694189734911 ], [ 0.606836713289971, 41.151686766649838 ], [ 0.606846534835816, 41.151416762339302 ], [ 0.606132096532233, 41.151401912989392 ], [ 0.60615174507522, 41.150861904605073 ], [ 0.605437313158019, 41.150847051109224 ], [ 0.605417658763064, 41.151387059212844 ], [ 0.605774877580837, 41.151394486654461 ], [ 0.605765051645916, 41.151664490754499 ], [ 0.606122272060336, 41.151671917159625 ], [ 0.606102622715723, 41.152211925456172 ], [ 0.605745399375198, 41.152204498910699 ], [ 0.605735573039395, 41.152474502966861 ], [ 0.60537834836942, 41.152467075244495 ], [ 0.605368520436886, 41.152737079215839 ], [ 0.60608297283667, 41.152751933694212 ], [ 0.606073147696724, 41.153021937791294 ], [ 0.606430375560172, 41.153029363440552 ], [ 0.606420551749754, 41.153299367593164 ], [ 0.605706093230189, 41.153284515047552 ], [ 0.605696266359847, 41.153554519045187 ], [ 0.603910115084168, 41.153517367962159 ], [ 0.603900280764309, 41.153787371594113 ], [ 0.604257512215216, 41.153794804094446 ], [ 0.604247679224807, 41.154064807781992 ], [ 0.603890446310706, 41.154057375211437 ], [ 0.603880611723363, 41.154327378814124 ], [ 0.603523377479798, 41.154319945066554 ], [ 0.603503704977394, 41.154859952087534 ], [ 0.602074757635116, 41.154830205467391 ], [ 0.602035387612368, 41.155910218209414 ], [ 0.60167814525822, 41.155902778506189 ], [ 0.601668300954558, 41.156172781584814 ], [ 0.602382788723388, 41.15618766002499 ], [ 0.602392630100373, 41.155917656805784 ], [ 0.602749872722216, 41.155925094295334 ], [ 0.602759712502043, 41.15565509099121 ], [ 0.603474195220512, 41.155669962509272 ], [ 0.603484031939911, 41.155399959050001 ], [ 0.604555752630953, 41.155422257815182 ], [ 0.60457541688875, 41.154882250431328 ], [ 0.604218179451228, 41.154874818756859 ], [ 0.604228012842816, 41.154604815113203 ], [ 0.605299721166727, 41.15462710660556 ], [ 0.60530955003488, 41.154357102736633 ], [ 0.605666784946974, 41.154364530950303 ], [ 0.605676612218242, 41.154094526996566 ], [ 0.606033845800761, 41.154101954033287 ], [ 0.606043671475182, 41.153831949994732 ], [ 0.606758136114663, 41.153846800607518 ], [ 0.606767958729093, 41.153576796414015 ], [ 0.608554115349181, 41.153613903226969 ], [ 0.608563930514169, 41.153343898668204 ], [ 0.609278391170351, 41.153358733505904 ], [ 0.609258766559651, 41.15389874288919 ], [ 0.608901533238448, 41.153891325883549 ], [ 0.608881905167515, 41.154431335068146 ], [ 0.60852466905332, 41.154423916815531 ], [ 0.608534484618757, 41.15415391230065 ], [ 0.608177250101286, 41.154146493011353 ], [ 0.608157615910431, 41.154686501886317 ], [ 0.608872090931847, 41.154701339638521 ], [ 0.608852462060101, 41.155241348735387 ], [ 0.609566943468558, 41.155256182340722 ], [ 0.609576755044564, 41.154986177659438 ], [ 0.610291234060149, 41.15500100669734 ], [ 0.610271616627959, 41.155541016325529 ], [ 0.60991437412683, 41.155533602219876 ], [ 0.609904563747295, 41.15580360694198 ], [ 0.610976296040896, 41.155825846148602 ], [ 0.610956683661836, 41.156365855969213 ], [ 0.61131393095321, 41.15637326696443 ], [ 0.611333540405507, 41.155833257003763 ], [ 0.611690784903457, 41.15584066675207 ], [ 0.611680981707353, 41.156110671809735 ], [ 0.612038227801999, 41.156118080521203 ], [ 0.612048029534726, 41.155848075393529 ], [ 0.612405274299293, 41.155855482928153 ], [ 0.612395474029942, 41.156125488125817 ], [ 0.612038227801999, 41.156118080521203 ] ], [ [ 0.614578119353037, 41.15508988795181 ], [ 0.614568328263472, 41.155359893613074 ], [ 0.614211085626246, 41.155352492859492 ], [ 0.614220878179143, 41.155082487268146 ], [ 0.614578119353037, 41.15508988795181 ], [ 0.614597701132708, 41.154549876585399 ], [ 0.61495493951315, 41.154557276022395 ], [ 0.614945150153183, 41.154827281782829 ], [ 0.616374110859245, 41.154856868742215 ], [ 0.616383894366018, 41.154586862702217 ], [ 0.616741133411911, 41.154594256605137 ], [ 0.616750915322351, 41.154324250480656 ], [ 0.617108153037989, 41.154331643206895 ], [ 0.617098372590834, 41.154601649401229 ], [ 0.61745561190277, 41.154609041090509 ], [ 0.617436053536062, 41.155149053575037 ], [ 0.617078811297493, 41.155141661746072 ], [ 0.6170690304513, 41.155411667896573 ], [ 0.616711786882401, 41.155404274890905 ], [ 0.616721569191938, 41.155134268810258 ], [ 0.615649843673562, 41.155112083361793 ], [ 0.615640056974002, 41.155382089232795 ], [ 0.615282813937368, 41.155374691799736 ], [ 0.615292602100267, 41.155104685998623 ], [ 0.614578119353037, 41.15508988795181 ] ], [ [ 0.612473872453043, 41.153965446135111 ], [ 0.612116637931564, 41.153958039090455 ], [ 0.612126438597956, 41.153688033845825 ], [ 0.612483671656217, 41.153695440820485 ], [ 0.612473872453043, 41.153965446135111 ] ], [ [ 0.611044935166916, 41.153935811315812 ], [ 0.609973233602366, 41.153913573580155 ], [ 0.609992852360292, 41.153373563916595 ], [ 0.610350083155371, 41.153380977461822 ], [ 0.610359890871067, 41.153110972538059 ], [ 0.610717120336357, 41.15311838490647 ], [ 0.610726926455526, 41.152848379898039 ], [ 0.611084154591023, 41.152855791089678 ], [ 0.611044935166916, 41.153935811315812 ] ], [ [ 0.607869106174027, 41.152789050522529 ], [ 0.607859288349722, 41.153059054970335 ], [ 0.607502059952011, 41.153051633747985 ], [ 0.607511879239447, 41.15278162937031 ], [ 0.60679742577091, 41.152766783745712 ], [ 0.606807247851031, 41.152496779493674 ], [ 0.606450022780221, 41.152489355091447 ], [ 0.606459846189856, 41.152219350894953 ], [ 0.607174293538875, 41.152234198452398 ], [ 0.607164473055414, 41.152504202789203 ], [ 0.607521698393349, 41.152511624978004 ], [ 0.607511879239447, 41.15278162937031 ], [ 0.607869106174027, 41.152789050522529 ], [ 0.607878923864817, 41.152519046060092 ], [ 0.608236149469796, 41.152526466035475 ], [ 0.608245965563978, 41.1522564614883 ], [ 0.6089604142482, 41.1522712979787 ], [ 0.608970227282735, 41.152001293276712 ], [ 0.60932745036195, 41.152008709791779 ], [ 0.609337261799976, 41.15173870500508 ], [ 0.608980040183822, 41.151731288560086 ], [ 0.60898985295146, 41.151461283828858 ], [ 0.607918193292869, 41.151439028064111 ], [ 0.607937827205861, 41.15089901897835 ], [ 0.607580610512654, 41.150891598316996 ], [ 0.607600246817573, 41.150351589312983 ], [ 0.607957460584854, 41.150359009834091 ], [ 0.607967277074104, 41.150089005240019 ], [ 0.608324489511945, 41.150096424584405 ], [ 0.608334304404785, 41.149826419905601 ], [ 0.607977093429861, 41.149819000631339 ], [ 0.607986909652126, 41.149548996008015 ], [ 0.60762970027359, 41.149541575697242 ], [ 0.60763951782524, 41.149271571129418 ], [ 0.606925102394455, 41.149256727328378 ], [ 0.606944742948601, 41.148716718429377 ], [ 0.606587538359196, 41.148709295009276 ], [ 0.606597359898762, 41.148439290607975 ], [ 0.606240156905727, 41.148431866151476 ], [ 0.606249979774521, 41.148161861805697 ], [ 0.605892778377851, 41.148154436312808 ], [ 0.605902602575829, 41.147884432022572 ], [ 0.604831003575773, 41.147862149115205 ], [ 0.604821174989513, 41.148132153194886 ], [ 0.604463974127356, 41.148124723275814 ], [ 0.604473804176372, 41.147854719266377 ], [ 0.604116604910649, 41.147847288310999 ], [ 0.6041559296208, 41.146767272407743 ], [ 0.604513123035705, 41.146774703082237 ], [ 0.604542610776688, 41.145964690790507 ], [ 0.60561417865957, 41.145986975543352 ], [ 0.605594529075025, 41.146526984173619 ], [ 0.606666106936137, 41.146549259389325 ], [ 0.606656286331454, 41.146819263893008 ], [ 0.608799454434945, 41.146863784870128 ], [ 0.608789642472883, 41.147133789779872 ], [ 0.609146839086618, 41.147141206140084 ], [ 0.60912721768766, 41.147681216055915 ], [ 0.610556017178415, 41.147710870992029 ], [ 0.610546212129881, 41.147980876208244 ], [ 0.610903413798733, 41.147988287245958 ], [ 0.610893610079651, 41.148258292517582 ], [ 0.611250813344615, 41.148265702518771 ], [ 0.611241010955026, 41.148535707845795 ], [ 0.611598215816108, 41.148543116810437 ], [ 0.611539407456458, 41.150163148885611 ], [ 0.611896621228145, 41.150170557163712 ], [ 0.611867219637789, 41.150980573213936 ], [ 0.612224437931689, 41.150987980595382 ], [ 0.612204839131105, 41.151527991362421 ], [ 0.611847617911148, 41.151520583840991 ], [ 0.611828015651362, 41.152060594409555 ], [ 0.611470791638562, 41.152053185641414 ], [ 0.611460988845638, 41.152323190833769 ], [ 0.610746538293798, 41.152308369837307 ], [ 0.610736732441339, 41.152578374874992 ], [ 0.610022279496689, 41.152563549311587 ], [ 0.61001247058462, 41.152833554194551 ], [ 0.60965524284925, 41.152826139682695 ], [ 0.609645432340639, 41.153096144480983 ], [ 0.608573745545679, 41.153073894094803 ], [ 0.608583560443711, 41.152803889506785 ], [ 0.607869106174027, 41.152789050522529 ] ], [ [ 0.615777058657018, 41.15160200570881 ], [ 0.615419836105296, 41.151594609254296 ], [ 0.615429622404782, 41.15132460324859 ], [ 0.615786843493446, 41.1513319996332 ], [ 0.615777058657018, 41.15160200570881 ] ], [ [ 0.613682692085316, 41.150207581954653 ], [ 0.614397121360559, 41.150222384124568 ], [ 0.614387331204474, 41.150492389979007 ], [ 0.613672899003293, 41.150477587669222 ], [ 0.613682692085316, 41.150207581954653 ], [ 0.61332547764745, 41.150200179209747 ], [ 0.613335272059246, 41.149930173550516 ], [ 0.612263633933733, 41.149907958885862 ], [ 0.612273432601104, 41.149637953421937 ], [ 0.612987854959048, 41.149652764165047 ], [ 0.612997650567364, 41.149382758546537 ], [ 0.613354860483258, 41.149390162188205 ], [ 0.613345066337848, 41.149660167876668 ], [ 0.61370227784984, 41.149667570481675 ], [ 0.613682692085316, 41.150207581954653 ] ], [ [ 0.616559974738304, 41.149726751483385 ], [ 0.616202762161491, 41.14971935773135 ], [ 0.616212544603581, 41.149449351483575 ], [ 0.616569755717471, 41.149456745165729 ], [ 0.616559974738304, 41.149726751483385 ] ], [ [ 0.613007446042469, 41.149112752913418 ], [ 0.612650237722668, 41.149105348235125 ], [ 0.612660034527429, 41.148835342657364 ], [ 0.613017241384368, 41.148842747265682 ], [ 0.613007446042469, 41.149112752913418 ] ], [ [ 0.611617817536371, 41.148003106001759 ], [ 0.613046626610836, 41.148032730234775 ], [ 0.613036831668549, 41.148302735926357 ], [ 0.611608016742879, 41.14827311141341 ], [ 0.611617817536371, 41.148003106001759 ], [ 0.611260615600903, 41.147995697177137 ], [ 0.611280219713583, 41.147455686449995 ], [ 0.611637418723521, 41.147463095134597 ], [ 0.61165701937757, 41.14692308420895 ], [ 0.612014215595324, 41.146930491647048 ], [ 0.612063207584956, 41.1455804637271 ], [ 0.611706018680497, 41.145573056639009 ], [ 0.611715818141294, 41.145303051081157 ], [ 0.612430193158251, 41.14531786401092 ], [ 0.612439989560627, 41.145047858298476 ], [ 0.612797175806359, 41.145055263033711 ], [ 0.612787380866565, 41.14532526881613 ], [ 0.612430193158251, 41.14531786401092 ], [ 0.612391006216537, 41.146397886714531 ], [ 0.612748199775386, 41.146405291799631 ], [ 0.61273840416958, 41.14667529750897 ], [ 0.612381209148047, 41.146667892353882 ], [ 0.612371411946329, 41.146937897978617 ], [ 0.612014215595324, 41.146930491647048 ], [ 0.611994617866732, 41.147470502712679 ], [ 0.611637418723521, 41.147463095134597 ], [ 0.611617817536371, 41.148003106001759 ] ], [ [ 0.602717320470572, 41.14700754236172 ], [ 0.602360126261638, 41.147000106084569 ], [ 0.602369964551984, 41.146730102438035 ], [ 0.602012771939501, 41.14672266512467 ], [ 0.602022611558703, 41.146452661533786 ], [ 0.602736993992168, 41.146467534913512 ], [ 0.602717320470572, 41.14700754236172 ] ], [ [ 0.614563533645782, 41.145632282362968 ], [ 0.614920723615608, 41.14563968059938 ], [ 0.614910937185201, 41.145909686772193 ], [ 0.615268128750746, 41.145917083972044 ], [ 0.615258343649913, 41.146187090200144 ], [ 0.614901150621709, 41.146179692930382 ], [ 0.614891363925132, 41.146449699073976 ], [ 0.61453416956734, 41.146442300627811 ], [ 0.614563533645782, 41.145632282362968 ], [ 0.614206343809059, 41.145624883020076 ], [ 0.614216133031615, 41.145354876972483 ], [ 0.613858944790624, 41.145347476593081 ], [ 0.613868735342654, 41.145077470600803 ], [ 0.613511548697392, 41.145070069184882 ], [ 0.613531132327161, 41.144530057296372 ], [ 0.614245499900578, 41.144544858742023 ], [ 0.614235711077373, 41.14481486483345 ], [ 0.614592896526313, 41.144822263966581 ], [ 0.614563533645782, 41.145632282362968 ] ], [ [ 0.6113488299093, 41.145565648444439 ], [ 0.610634452766762, 41.145550828735963 ], [ 0.61066386391256, 41.144740812648699 ], [ 0.611021048029459, 41.144748222846076 ], [ 0.611011245910063, 41.145018228293161 ], [ 0.61136843162281, 41.14502563745414 ], [ 0.6113488299093, 41.145565648444439 ] ], [ [ 0.603857728169851, 41.145139816754281 ], [ 0.603143359559765, 41.145124950715768 ], [ 0.603153193988595, 41.144854946826278 ], [ 0.602438828838498, 41.144840076502639 ], [ 0.602458503144952, 41.144300068960824 ], [ 0.602101323695539, 41.144292632279928 ], [ 0.602111162110578, 41.144022628557337 ], [ 0.602468340097526, 41.144030065167954 ], [ 0.602478176916334, 41.14376006136046 ], [ 0.6028353535746, 41.143767496794425 ], [ 0.602815682728132, 41.144307504535313 ], [ 0.60317286244506, 41.144314939003422 ], [ 0.603163028283692, 41.144584942922165 ], [ 0.603520209596839, 41.144592376354154 ], [ 0.603510376764251, 41.144862380328505 ], [ 0.603867559673621, 41.144869812724323 ], [ 0.603857728169851, 41.145139816754281 ] ], [ [ 0.601029786150108, 41.144270315598995 ], [ 0.601386965198098, 41.14427775559902 ], [ 0.601377123724311, 41.144547759166379 ], [ 0.601019943213843, 41.144540319096066 ], [ 0.601029786150108, 41.144270315598995 ], [ 0.599601071296821, 41.144240544535137 ], [ 0.599620768467355, 41.14370053805974 ], [ 0.599977944054958, 41.143707982344566 ], [ 0.599968096999083, 41.143977985659937 ], [ 0.601039628952527, 41.1440003120873 ], [ 0.601029786150108, 41.144270315598995 ] ], [ [ 0.612806970612955, 41.144785257236677 ], [ 0.612449785829787, 41.144777852571401 ], [ 0.612459581965734, 41.144507846829725 ], [ 0.612816765286357, 41.144515251425034 ], [ 0.612806970612955, 41.144785257236677 ] ], [ [ 0.602130838539299, 41.143482621068259 ], [ 0.601773663611001, 41.143475183491837 ], [ 0.601783503087092, 41.143205179795629 ], [ 0.602140676552987, 41.143212617301771 ], [ 0.602130838539299, 41.143482621068259 ] ], [ [ 0.604988242780146, 41.143542081850846 ], [ 0.604631066782153, 41.143534653125265 ], [ 0.604650722202134, 41.142994644594268 ], [ 0.605007895275309, 41.14300207317946 ], [ 0.604988242780146, 41.143542081850846 ] ], [ [ 0.599283292573317, 41.143153086275312 ], [ 0.598926120178371, 41.143145639918515 ], [ 0.598935971219648, 41.142875636770306 ], [ 0.599293142152228, 41.142883083056745 ], [ 0.599283292573317, 41.143153086275312 ] ], [ [ 0.606079415296467, 41.143024352296955 ], [ 0.605722241822496, 41.143016927030793 ], [ 0.605732064944882, 41.14274692253278 ], [ 0.606089236956469, 41.142754347728768 ], [ 0.606079415296467, 41.143024352296955 ] ], [ [ 0.594659798938245, 41.142516192722837 ], [ 0.594302631210959, 41.142508732124838 ], [ 0.594312500994383, 41.142238729863038 ], [ 0.594669667259369, 41.142246190390537 ], [ 0.594659798938245, 41.142516192722837 ] ], [ [ 0.604303378234507, 41.142717210685518 ], [ 0.603946206891003, 41.142709779957897 ], [ 0.603956037191613, 41.142439775796248 ], [ 0.60431320707276, 41.142447206453667 ], [ 0.604303378234507, 41.142717210685518 ] ], [ [ 0.592883837276731, 41.142208876690269 ], [ 0.59252667168299, 41.14220141063138 ], [ 0.59253654864357, 41.141931408707585 ], [ 0.592893712775041, 41.141938874695924 ], [ 0.592883837276731, 41.142208876690269 ] ], [ [ 0.592179384646406, 41.141923941612973 ], [ 0.591822220783569, 41.141916473412117 ], [ 0.591832100534333, 41.141646471614813 ], [ 0.592189262934926, 41.141653939745098 ], [ 0.592179384646406, 41.141923941612973 ] ], [ [ 0.593984947795398, 41.141421261567523 ], [ 0.593965205975097, 41.14196126602333 ], [ 0.593608041440824, 41.1419538033538 ], [ 0.593627786185616, 41.141413799039029 ], [ 0.593984947795398, 41.141421261567523 ], [ 0.593994818504211, 41.141151259317645 ], [ 0.594351978785998, 41.141158720669367 ], [ 0.594361847898394, 41.140888718334338 ], [ 0.595433325162273, 41.140911095540645 ], [ 0.595413595576555, 41.14145110061898 ], [ 0.594699271417608, 41.141436183305757 ], [ 0.594689403499048, 41.14170618568199 ], [ 0.594332240158601, 41.141698725295505 ], [ 0.594342109539402, 41.141428722989758 ], [ 0.593984947795398, 41.141421261567523 ] ], [ [ 0.602547030902723, 41.141870034298215 ], [ 0.601832698460594, 41.141855161095073 ], [ 0.601842537133921, 41.141585157311042 ], [ 0.602556866651479, 41.141600030373652 ], [ 0.602547030902723, 41.141870034298215 ] ] ], [ [ [ 0.620005133184439, 41.153310718014268 ], [ 0.619985596632781, 41.15385073162215 ], [ 0.620342832618233, 41.153858114247562 ], [ 0.620362366243422, 41.153318100500158 ], [ 0.620005133184439, 41.153310718014268 ] ] ], [ [ [ 0.604296842839659, 41.152714789197915 ], [ 0.603939617241318, 41.152707356978496 ], [ 0.60392978332267, 41.152977360654354 ], [ 0.604287010384124, 41.15298479294399 ], [ 0.604296842839659, 41.152714789197915 ] ] ], [ [ [ 0.604296842839659, 41.152714789197915 ], [ 0.605011294437464, 41.15272965031658 ], [ 0.605021123833097, 41.152459646415437 ], [ 0.60537834836942, 41.152467075244495 ], [ 0.605388176168304, 41.152197071258534 ], [ 0.604673730155482, 41.152182212634102 ], [ 0.604663899430445, 41.152452216479666 ], [ 0.604306675161483, 41.15244478543719 ], [ 0.604296842839659, 41.152714789197915 ] ] ], [ [ [ 0.5945413686172, 41.145756219568 ], [ 0.594184183340774, 41.145748758123958 ], [ 0.594174311812436, 41.146018760195354 ], [ 0.594531498551419, 41.146026221709889 ], [ 0.5945413686172, 41.145756219568 ] ] ], [ [ [ 0.601901566364426, 41.139965134299594 ], [ 0.601911404101288, 41.139695130413152 ], [ 0.601554249778594, 41.139687692714439 ], [ 0.601544410579588, 41.139957696530615 ], [ 0.601901566364426, 41.139965134299594 ] ] ], [ [ [ 0.613012630786748, 41.139115132122292 ], [ 0.613369784993806, 41.139122534212056 ], [ 0.613379575408473, 41.138852528023492 ], [ 0.613022422663544, 41.13884512600368 ], [ 0.613012630786748, 41.139115132122292 ] ] ], [ [ [ 0.612675063257519, 41.138567716814393 ], [ 0.613032214407191, 41.138575119870438 ], [ 0.613042006017691, 41.138305113722595 ], [ 0.612684856330107, 41.138297710736495 ], [ 0.612675063257519, 41.138567716814393 ] ] ], [ [ [ 0.608324489511945, 41.150096424584405 ], [ 0.608314674485629, 41.150366429248585 ], [ 0.608671888519883, 41.150373847556416 ], [ 0.608681702083258, 41.150103842822148 ], [ 0.608324489511945, 41.150096424584405 ] ] ], [ [ [ 0.609009478086407, 41.150921274322492 ], [ 0.609019290453718, 41.150651269547375 ], [ 0.608304859325838, 41.150636433898136 ], [ 0.608295044032569, 41.150906438533056 ], [ 0.609009478086407, 41.150921274322492 ] ] ], [ [ [ 0.609097784588599, 41.148491230819978 ], [ 0.608740580661055, 41.148483814109376 ], [ 0.608720955002245, 41.149023823738794 ], [ 0.609078161855451, 41.149031240589565 ], [ 0.609097784588599, 41.148491230819978 ] ] ], [ [ [ 0.609097784588599, 41.148491230819978 ], [ 0.609454988649564, 41.148498646424031 ], [ 0.6094647983532, 41.148228641447218 ], [ 0.609107595755038, 41.148221225913254 ], [ 0.609097784588599, 41.148491230819978 ] ] ], [ [ [ 0.588617644976878, 41.141579208660886 ], [ 0.588627537753232, 41.141309207484539 ], [ 0.586127423420919, 41.141256830399044 ], [ 0.586117520409178, 41.141526831080441 ], [ 0.587189001559189, 41.141549285252346 ], [ 0.587179102799428, 41.141819286131259 ], [ 0.587536264914215, 41.141826768713464 ], [ 0.587546162211759, 41.141556767763831 ], [ 0.588617644976878, 41.141579208660886 ] ] ] ] } },
{ "type": "Feature", "properties": { "DATA_INCEN": "18/07/89", "MUNICIPI": "BADALONA", "GRID_CODE": 2, "CODI_FINAL": "B89013002" }, "geometry": { "type": "MultiPolygon", "coordinates": [ [ [ [ 2.233056014317642, 41.497455591801447 ], [ 2.233059199310021, 41.497185391869657 ], [ 2.232699804880326, 41.497182996783565 ], [ 2.232696618394513, 41.497453196692739 ], [ 2.233056014317642, 41.497455591801447 ] ] ], [ [ [ 2.24825057351914, 41.488908738070648 ], [ 2.248256815285171, 41.488368335485674 ], [ 2.247897468320196, 41.488365988292344 ], [ 2.247909957312141, 41.48728518305591 ], [ 2.24826929830616, 41.487287530160572 ], [ 2.248272418954938, 41.487017328796959 ], [ 2.247913079453606, 41.487014981714481 ], [ 2.247919323608718, 41.486474578992826 ], [ 2.247559987135307, 41.486472230832227 ], [ 2.247563110641581, 41.486202029474171 ], [ 2.247922445622365, 41.486204377612616 ], [ 2.247931811407679, 41.485393773394378 ], [ 2.24829114195331, 41.485396120343857 ], [ 2.248297382612101, 41.484855717422725 ], [ 2.247938055051541, 41.484853370517584 ], [ 2.247953663415678, 41.483502363099319 ], [ 2.247594343360036, 41.483500015182656 ], [ 2.247597466397469, 41.483229813682392 ], [ 2.246160192570894, 41.483220410881053 ], [ 2.246157063563859, 41.483490612292513 ], [ 2.245797743721514, 41.483488258764091 ], [ 2.245794613179359, 41.483758460140386 ], [ 2.246153934514124, 41.483760813691028 ], [ 2.246150805421688, 41.484031015076617 ], [ 2.245791482594484, 41.484028661503743 ], [ 2.245788351966886, 41.484298862854182 ], [ 2.244710379264308, 41.484291795334613 ], [ 2.244713514369282, 41.484021594050944 ], [ 2.243994869099693, 41.484016876803885 ], [ 2.243998007146757, 41.483746675551828 ], [ 2.243638686068624, 41.483744315267053 ], [ 2.243641825565281, 41.483474114024354 ], [ 2.244001145150999, 41.483476474286839 ], [ 2.244007421031016, 41.482936071718072 ], [ 2.243648104430067, 41.482933711500159 ], [ 2.243651243798198, 41.482663510218686 ], [ 2.242573298729539, 41.482656422897946 ], [ 2.242576442531828, 41.482386221670474 ], [ 2.242217129087048, 41.482383857007946 ], [ 2.242213983792428, 41.482654058213086 ], [ 2.24185466889824, 41.482651692405895 ], [ 2.241851522068347, 41.482921893575785 ], [ 2.241492205724751, 41.482919526623931 ], [ 2.241495354046994, 41.482649325476416 ], [ 2.241136039238709, 41.482646957424613 ], [ 2.241132889424117, 41.48291715854976 ], [ 2.240773573166467, 41.482914789353259 ], [ 2.240764118987618, 41.48372539258397 ], [ 2.240404798295805, 41.483723022198006 ], [ 2.240401645324415, 41.483993223226655 ], [ 2.2400423231832, 41.483990851695921 ], [ 2.240017085922884, 41.486152459280319 ], [ 2.239657751884557, 41.486150086447942 ], [ 2.239648282723691, 41.486960689011461 ], [ 2.239288944250544, 41.486958314989366 ], [ 2.239292102173226, 41.486688114170221 ], [ 2.238932765235824, 41.48668573904807 ], [ 2.238939083937143, 41.486145337415842 ], [ 2.238579750028097, 41.486142961216146 ], [ 2.238582910806673, 41.485872760403055 ], [ 2.238223578433349, 41.48587038310334 ], [ 2.238226740661361, 41.485600182299784 ], [ 2.237148748278094, 41.485593043733466 ], [ 2.237151914940591, 41.485322842984402 ], [ 2.236433256552873, 41.485318078373083 ], [ 2.236423747480346, 41.48612868044647 ], [ 2.236064413873667, 41.486126296389642 ], [ 2.236061242603708, 41.486396497032374 ], [ 2.235701907547701, 41.48639411183057 ], [ 2.235705080310264, 41.486123911210356 ], [ 2.235345746790157, 41.486121524908633 ], [ 2.235348921002005, 41.485851324298018 ], [ 2.2349895890178, 41.48584893689641 ], [ 2.23499594029665, 41.485308535681476 ], [ 2.234277282428472, 41.485303757601201 ], [ 2.234274103825633, 41.485573958170008 ], [ 2.233555443145882, 41.485569175554936 ], [ 2.233552261514547, 41.485839376065627 ], [ 2.23319292974723, 41.485836983051868 ], [ 2.233189746579897, 41.486107183527025 ], [ 2.23175241397491, 41.486097600157137 ], [ 2.231742846300859, 41.486908201233447 ], [ 2.231024171303714, 41.486903402677896 ], [ 2.231020979006672, 41.48717360296547 ], [ 2.230661640080779, 41.487171201981319 ], [ 2.230655252370629, 41.487711602472302 ], [ 2.230295910502951, 41.487709200320282 ], [ 2.230273541694987, 41.489600601472326 ], [ 2.22991418942148, 41.489598198038927 ], [ 2.229910992210188, 41.489868398129047 ], [ 2.228473577581258, 41.48985877307878 ], [ 2.228470374354827, 41.490128973065076 ], [ 2.22667359958801, 41.490116916380231 ], [ 2.226638279097217, 41.49308911412264 ], [ 2.226997650385965, 41.493091527955549 ], [ 2.226994440662443, 41.493361727695465 ], [ 2.227353813488112, 41.493364140428454 ], [ 2.227340980128651, 41.494444939349869 ], [ 2.228419116786308, 41.494452171085719 ], [ 2.22841591281664, 41.494722370852031 ], [ 2.228775293283225, 41.494724779207864 ], [ 2.228768888199211, 41.49526517874714 ], [ 2.229128271696009, 41.495267586025662 ], [ 2.229121869423754, 41.495807985558656 ], [ 2.230200029135954, 41.495815200793757 ], [ 2.230196832414272, 41.496085400608983 ], [ 2.230556220565614, 41.496087803464405 ], [ 2.230549829978079, 41.496628203101437 ], [ 2.230909221159744, 41.496630604879385 ], [ 2.230906027293953, 41.496900804701191 ], [ 2.231265420012596, 41.49690320537897 ], [ 2.231262227596626, 41.497173405210496 ], [ 2.231981016151418, 41.497178203242775 ], [ 2.231984205580567, 41.496908003365931 ], [ 2.232343598429855, 41.496910400675119 ], [ 2.232346786322084, 41.496640200762712 ], [ 2.233065569164377, 41.496644991967251 ], [ 2.233068754026356, 41.496374791996644 ], [ 2.233787534055767, 41.496379578664559 ], [ 2.233784352180535, 41.496649778680386 ], [ 2.234143743753761, 41.496652170352661 ], [ 2.234146924135619, 41.496381970314253 ], [ 2.234506314258875, 41.496384360841105 ], [ 2.234512671905689, 41.49584396068034 ], [ 2.23487205908564, 41.495846350039209 ], [ 2.234878413572313, 41.495305949781553 ], [ 2.235237797809016, 41.495308337972503 ], [ 2.235240973494036, 41.495038137801707 ], [ 2.236319121984276, 41.495045295570094 ], [ 2.236328635340184, 41.494234694777312 ], [ 2.236688013777139, 41.494237078387009 ], [ 2.236691183316025, 41.493966878074367 ], [ 2.23705056030304, 41.493969260538762 ], [ 2.237053728305494, 41.4936990601907 ], [ 2.237413103842567, 41.493701441509849 ], [ 2.23741627030863, 41.493431241126345 ], [ 2.23777564439576, 41.493433621300291 ], [ 2.237791468612406, 41.492082619076349 ], [ 2.239588302368092, 41.4920945025439 ], [ 2.239585145076432, 41.492364703126796 ], [ 2.239944513449974, 41.492367076474679 ], [ 2.239941357608304, 41.492637277067047 ], [ 2.240300727517996, 41.492639649314647 ], [ 2.240294418691672, 41.493180050505408 ], [ 2.241013164612627, 41.493184791722065 ], [ 2.241019467466502, 41.492644390441733 ], [ 2.241378837505277, 41.492646759321225 ], [ 2.241375687592947, 41.492916959990225 ], [ 2.242453802446428, 41.49292405995952 ], [ 2.242463238616704, 41.492113457712556 ], [ 2.242822605841157, 41.492115822056554 ], [ 2.242828893420645, 41.491575420449259 ], [ 2.243906986393137, 41.491582506611337 ], [ 2.243903847103921, 41.491852707488391 ], [ 2.244263213006824, 41.491855067319371 ], [ 2.24426948855638, 41.49131466550778 ], [ 2.244628851516071, 41.491317024171522 ], [ 2.24463198773363, 41.491046823224053 ], [ 2.244272626266926, 41.491044464582572 ], [ 2.244275763934652, 41.490774263644447 ], [ 2.24463512390839, 41.490776622263638 ], [ 2.244638260040349, 41.490506421290313 ], [ 2.246075694391299, 41.490515844451771 ], [ 2.246081954583486, 41.489975442288319 ], [ 2.24644131029223, 41.489977795227688 ], [ 2.246444438831361, 41.489707594104338 ], [ 2.246803793089911, 41.489709945898888 ], [ 2.246810047054372, 41.489169543568977 ], [ 2.247888101128833, 41.489176592083908 ], [ 2.247891223568565, 41.488906390832987 ], [ 2.24825057351914, 41.488908738070648 ] ], [ [ 2.231310109261787, 41.493120406379077 ], [ 2.230591365679276, 41.493115604535625 ], [ 2.230594560427996, 41.492845404555368 ], [ 2.2313133010243, 41.492850206353481 ], [ 2.231310109261787, 41.493120406379077 ] ], [ [ 2.232044796464876, 41.491774203247772 ], [ 2.23240416094321, 41.491776600126812 ], [ 2.232400973833999, 41.492046800272121 ], [ 2.233119705907181, 41.492051590707455 ], [ 2.233116521740568, 41.492321790885065 ], [ 2.232038419216889, 41.49231460348016 ], [ 2.232044796464876, 41.491774203247772 ], [ 2.231685432030057, 41.491771805246067 ], [ 2.231688622081781, 41.491501605133109 ], [ 2.232047985023596, 41.491504003112169 ], [ 2.232044796464876, 41.491774203247772 ] ], [ [ 2.229166681660043, 41.492025187740822 ], [ 2.228807316081058, 41.492022780735098 ], [ 2.228810518120485, 41.491752580816645 ], [ 2.229169882206452, 41.491754987799645 ], [ 2.229166681660043, 41.492025187740822 ] ], [ [ 2.231326067638773, 41.491769406121698 ], [ 2.230966703291045, 41.491767005874671 ], [ 2.230969896328775, 41.491496805807046 ], [ 2.231329259183501, 41.491499206031406 ], [ 2.231326067638773, 41.491769406121698 ] ], [ [ 2.23636351431302, 41.491262490874448 ], [ 2.236357173071045, 41.49180289170048 ], [ 2.235997808115391, 41.491800507170744 ], [ 2.23600415234337, 41.491260106389745 ], [ 2.23636351431302, 41.491262490874448 ], [ 2.236366684869104, 41.490992290442016 ], [ 2.236726045389052, 41.490994673781557 ], [ 2.23672287632594, 41.491264874236492 ], [ 2.237082238382108, 41.491267256475886 ], [ 2.237085405952248, 41.490997055998449 ], [ 2.237444766558672, 41.490999437092739 ], [ 2.237441600481505, 41.491269637592659 ], [ 2.237082238382108, 41.491267256475886 ], [ 2.237079070768741, 41.491537456940385 ], [ 2.23671970721958, 41.491535074678488 ], [ 2.23672287632594, 41.491264874236492 ], [ 2.23636351431302, 41.491262490874448 ] ], [ [ 2.229898202928688, 41.490949198360163 ], [ 2.230257562666687, 41.490951601907064 ], [ 2.23025117075007, 41.49149200199038 ], [ 2.229891808026132, 41.491489598398076 ], [ 2.229898202928688, 41.490949198360163 ], [ 2.229538843234325, 41.490946793690625 ], [ 2.229535644311905, 41.491216993693335 ], [ 2.229176283168238, 41.49121458787846 ], [ 2.229179483583616, 41.490944387898466 ], [ 2.228820123976583, 41.490941980983671 ], [ 2.228823325841222, 41.490671781013468 ], [ 2.229182683955318, 41.490674187905526 ], [ 2.229185884283345, 41.490403987899661 ], [ 2.229545240948199, 41.490406393646374 ], [ 2.229542042113089, 41.490676593674969 ], [ 2.229901400314514, 41.490678998321791 ], [ 2.229898202928688, 41.490949198360163 ] ], [ [ 2.238160324809905, 41.491274396458223 ], [ 2.237800962624112, 41.491272017586759 ], [ 2.237804127208303, 41.491001817064365 ], [ 2.238163487901122, 41.491004195913355 ], [ 2.238160324809905, 41.491274396458223 ] ], [ [ 2.24144812470191, 41.486702341331188 ], [ 2.241807461940546, 41.486704708596029 ], [ 2.241798019389369, 41.487515311484884 ], [ 2.241438677672704, 41.487512944152968 ], [ 2.24144812470191, 41.486702341331188 ], [ 2.241088787506245, 41.486699972943875 ], [ 2.241091937922669, 41.486429771999781 ], [ 2.241451273625699, 41.486432140364741 ], [ 2.24144812470191, 41.486702341331188 ] ], [ [ 2.242888616867334, 41.486441602599932 ], [ 2.242529280992539, 41.486439238724827 ], [ 2.242532425395508, 41.486169037678394 ], [ 2.242891759777688, 41.486171401531173 ], [ 2.242888616867334, 41.486441602599932 ] ], [ [ 2.241460720139236, 41.485621537387765 ], [ 2.242179382718623, 41.485626270616173 ], [ 2.242176236908897, 41.485896471666138 ], [ 2.241457571344361, 41.485891738393022 ], [ 2.241460720139236, 41.485621537387765 ], [ 2.241101388913988, 41.485619169089922 ], [ 2.241104539158446, 41.485348968094108 ], [ 2.24074520946874, 41.485346598696211 ], [ 2.240751512813732, 41.484806196710529 ], [ 2.241470166266044, 41.484810934294408 ], [ 2.241460720139236, 41.485621537387765 ] ], [ [ 2.244338508297889, 41.485370242166326 ], [ 2.243979178222009, 41.4853678828702 ], [ 2.243982316483196, 41.485097681682802 ], [ 2.244341645066538, 41.485100040956645 ], [ 2.244338508297889, 41.485370242166326 ] ] ], [ [ [ 2.229179483583616, 41.490944387898466 ], [ 2.229538843234325, 41.490946793690625 ], [ 2.229542042113089, 41.490676593674969 ], [ 2.229182683955318, 41.490674187905526 ], [ 2.229179483583616, 41.490944387898466 ] ] ] ] } },
{ "type": "Feature", "properties": { "DATA_INCEN": "15/07/89", "MUNICIPI": "CALDES DE MONTBUÃ", "GRID_CODE": 2, "CODI_FINAL": "B89040010" }, "geometry": { "type": "Polygon", "coordinates": [ [ [ 2.148786482341728, 41.660839751820291 ], [ 2.148185990050191, 41.660835306342193 ], [ 2.148183024952393, 41.661060461797412 ], [ 2.147582530704528, 41.661056013147636 ], [ 2.147585497893618, 41.660830857727419 ], [ 2.14728525186597, 41.660828632243728 ], [ 2.147282283631227, 41.661053787646544 ], [ 2.146982036591701, 41.661051561361162 ], [ 2.146979067277532, 41.661276716737369 ], [ 2.146678819226141, 41.661274489650353 ], [ 2.146675848832522, 41.661499645000106 ], [ 2.146075350739802, 41.661495188438337 ], [ 2.146072378221024, 41.66172034374393 ], [ 2.145772128179719, 41.661718114269242 ], [ 2.145769154581433, 41.661943269548274 ], [ 2.145468903528264, 41.661941039271937 ], [ 2.145465928850435, 41.662166194524389 ], [ 2.145165676785419, 41.662163963446183 ], [ 2.145162701028044, 41.662389118672081 ], [ 2.144862447951168, 41.662386886792198 ], [ 2.144859471114202, 41.662612041991416 ], [ 2.144559217025467, 41.662609809309728 ], [ 2.144553261158454, 41.663060119645998 ], [ 2.144253005012132, 41.663057886144948 ], [ 2.144247046918056, 41.663508196409893 ], [ 2.144547305155925, 41.66351042994598 ], [ 2.144538370898012, 41.66418589532811 ], [ 2.144238109522749, 41.664183661739308 ], [ 2.144232151089746, 41.664633971913652 ], [ 2.143931887656731, 41.664631737505523 ], [ 2.143925926996453, 41.665082047608443 ], [ 2.144226192521155, 41.665084282051708 ], [ 2.144211295490379, 41.666210057276402 ], [ 2.144511566278322, 41.666212291023371 ], [ 2.144514544708658, 41.665987135973531 ], [ 2.144814814484596, 41.665989368918588 ], [ 2.144826723672274, 41.665088748585319 ], [ 2.145126989298655, 41.665090980675743 ], [ 2.145129965462321, 41.664865825558593 ], [ 2.145730494724957, 41.664870287351363 ], [ 2.145733468763078, 41.664645132190095 ], [ 2.146033732399318, 41.664647361892527 ], [ 2.146036705357759, 41.664422206704707 ], [ 2.146637230640045, 41.664426663721642 ], [ 2.146631288872686, 41.664876974158275 ], [ 2.147832348209562, 41.664885878920622 ], [ 2.147835314926745, 41.664660723636921 ], [ 2.148135578799541, 41.66466294784928 ], [ 2.148141510040972, 41.664212637219663 ], [ 2.14844177185585, 41.664214860612844 ], [ 2.148444736380147, 41.663989705266928 ], [ 2.148744997182937, 41.663991927858341 ], [ 2.148747960627705, 41.663766772485914 ], [ 2.149048220418406, 41.663768994275678 ], [ 2.149054145115225, 41.663318683468731 ], [ 2.148753887416082, 41.663316461713919 ], [ 2.148765740588281, 41.662415840061271 ], [ 2.148465487105863, 41.662413617592129 ], [ 2.148471415581108, 41.661963306746351 ], [ 2.149372169855229, 41.661969971696379 ], [ 2.149369208771589, 41.662195127176183 ], [ 2.149669461309408, 41.66219734727526 ], [ 2.149672421347334, 41.661972191777991 ], [ 2.14997267287312, 41.661974411075377 ], [ 2.149975631831674, 41.661749255551641 ], [ 2.149675381351592, 41.661747036271706 ], [ 2.149678341322169, 41.661521880756375 ], [ 2.149077842554414, 41.661517439878772 ], [ 2.149080804582656, 41.661292284389262 ], [ 2.148780556295009, 41.661290062791515 ], [ 2.148786482341728, 41.660839751820291 ] ] ] } },
{ "type": "Feature", "properties": { "DATA_INCEN": "24/03/89", "MUNICIPI": "FONTANALS DE CERDANYA", "GRID_CODE": 2, "CODI_FINAL": "G89015003" }, "geometry": { "type": "Polygon", "coordinates": [ [ [ 1.922427374796782, 42.38946215386153 ], [ 1.92333914680503, 42.389746766964571 ], [ 1.923729693342512, 42.38999809679072 ], [ 1.924666862297588, 42.390254554233579 ], [ 1.925456423751947, 42.39026195807773 ], [ 1.925757797914442, 42.390399871262389 ], [ 1.926122595598189, 42.39038077446947 ], [ 1.926733404008191, 42.390183861952309 ], [ 1.927282323320413, 42.390053911337546 ], [ 1.92744374398644, 42.389492552575561 ], [ 1.928330909314752, 42.389118098686453 ], [ 1.928849448981399, 42.388987856507029 ], [ 1.929246900719647, 42.388833966232085 ], [ 1.929642438084025, 42.388792630560907 ], [ 1.929760464385511, 42.388996365480878 ], [ 1.929906564306938, 42.389335450966868 ], [ 1.929959651268187, 42.389786241914031 ], [ 1.93014147436591, 42.389810453750201 ], [ 1.930660780464074, 42.389635181006838 ], [ 1.931269658307271, 42.389550800093723 ], [ 1.93175897356872, 42.38935272797687 ], [ 1.932335190760784, 42.389403125666263 ], [ 1.932758427585524, 42.389519640634518 ], [ 1.933120549686299, 42.389658100044521 ], [ 1.933486103573815, 42.389593957291197 ], [ 1.933913915608186, 42.389440333289208 ], [ 1.934491658616605, 42.389400675235947 ], [ 1.934401317931508, 42.389354805949402 ], [ 1.935162405835337, 42.38924930434986 ], [ 1.935679792074531, 42.389186564855898 ], [ 1.936257911953776, 42.38912438661351 ], [ 1.936565005298451, 42.388924602866069 ], [ 1.936934730375462, 42.388612825228243 ], [ 1.93785295428151, 42.388193555897793 ], [ 1.938080701062655, 42.387295074560093 ], [ 1.938839862421789, 42.387302104520707 ], [ 1.938658801420524, 42.387232883968387 ], [ 1.938847066867354, 42.386874390287431 ], [ 1.938760518593968, 42.386603411655791 ], [ 1.938519865369724, 42.386466094825359 ], [ 1.938196082662808, 42.385855196971477 ], [ 1.93814407764974, 42.385336875081776 ], [ 1.938480373964348, 42.385204900904618 ], [ 1.938815910555139, 42.385117948288304 ], [ 1.93915220432435, 42.384985972106428 ], [ 1.939490391299817, 42.384741438473377 ], [ 1.93974088973052, 42.38429345967036 ], [ 1.939993656906877, 42.383710412464573 ], [ 1.939937093621511, 42.383462226633 ], [ 1.939940881025266, 42.383237113651482 ], [ 1.940006154616424, 42.382967539609552 ], [ 1.940253613152956, 42.382699649850238 ], [ 1.940499176930368, 42.382544316049113 ], [ 1.940775103610905, 42.382389262267509 ], [ 1.941114026850627, 42.382099700888844 ], [ 1.941333004502929, 42.381718971630086 ], [ 1.94136601575597, 42.381561672827097 ], [ 1.941092364003826, 42.381581660230268 ], [ 1.940632745003885, 42.381825076669294 ], [ 1.940206515439317, 42.381888681484654 ], [ 1.939807997551637, 42.382110144637984 ], [ 1.939289536431958, 42.382240437429118 ], [ 1.938711103377327, 42.382325143066346 ], [ 1.938747154707643, 42.381987754755663 ], [ 1.938785859519845, 42.381492787332533 ], [ 1.938792304627735, 42.381110095269229 ], [ 1.938768765442796, 42.380704610801715 ], [ 1.938656033046102, 42.380185726506085 ], [ 1.938694358042728, 42.379713270259337 ], [ 1.938575561090367, 42.379554566691034 ], [ 1.938769110607286, 42.378880914130299 ], [ 1.938927366317995, 42.378499627133849 ], [ 1.939180116656451, 42.377916580965525 ], [ 1.939369865709411, 42.377468040242356 ], [ 1.939476482686717, 42.376545918813378 ], [ 1.938373996489932, 42.377098585024342 ], [ 1.937016445971735, 42.378369349944791 ], [ 1.935945409169643, 42.37885473968857 ], [ 1.934574155599925, 42.379134696264728 ], [ 1.932248680770669, 42.380171256118331 ], [ 1.931326338898644, 42.380838105729211 ], [ 1.930123825259017, 42.381907599777428 ], [ 1.927574897727003, 42.383572392507958 ], [ 1.927804023216331, 42.384385068188294 ], [ 1.927127944552038, 42.384851553312899 ], [ 1.927571926613876, 42.385531151219716 ], [ 1.927358601632548, 42.385574184907227 ], [ 1.926660961965262, 42.385522625415248 ], [ 1.926026356858098, 42.385336563542616 ], [ 1.924686438146201, 42.38554915036773 ], [ 1.924140628497768, 42.385498999648092 ], [ 1.923489491546381, 42.38628090412422 ], [ 1.923113942800986, 42.386930305340293 ], [ 1.923043974724763, 42.387470002616944 ], [ 1.922917505781677, 42.387761506455014 ], [ 1.922607295692747, 42.388141342473098 ], [ 1.922413543434561, 42.38881496439501 ], [ 1.922349343496818, 42.38901699378853 ], [ 1.922427374796782, 42.38946215386153 ] ] ] } },
{ "type": "Feature", "properties": { "DATA_INCEN": "24/03/89", "MUNICIPI": "FONTANALS DE CERDANYA", "GRID_CODE": 2, "CODI_FINAL": "G89015003" }, "geometry": { "type": "Polygon", "coordinates": [ [ [ 1.922427374796782, 42.38946215386153 ], [ 1.922372393837496, 42.389444991033038 ], [ 1.922432358343681, 42.389490584250211 ], [ 1.922427374796782, 42.38946215386153 ] ] ] } },
{ "type": "Feature", "properties": { "DATA_INCEN": "31/07/89", "MUNICIPI": "FONT-RUBÃ", "GRID_CODE": 2, "CODI_FINAL": "B89003034" }, "geometry": { "type": "MultiPolygon", "coordinates": [ [ [ [ 1.615740939996631, 41.455746941897523 ], [ 1.615729455776454, 41.45628723614422 ], [ 1.615370360003972, 41.4562829157463 ], [ 1.615364616287263, 41.45655306280878 ], [ 1.615005519103971, 41.456548741249492 ], [ 1.614982537496962, 41.457629329202341 ], [ 1.614623434435245, 41.457625006359216 ], [ 1.614617687348343, 41.457895153273142 ], [ 1.615335896528634, 41.457903797920423 ], [ 1.615341640637041, 41.457633650924876 ], [ 1.615700743855463, 41.457637971526758 ], [ 1.615712228858817, 41.457097677413884 ], [ 1.616071329177122, 41.457101996813591 ], [ 1.616088551627251, 41.456291555421572 ], [ 1.617884032055266, 41.456313134999839 ], [ 1.617889765269723, 41.456042987638639 ], [ 1.618248860100854, 41.456047300151866 ], [ 1.618254591748002, 41.455777152736566 ], [ 1.618972778666526, 41.455785774319921 ], [ 1.61897850725731, 41.455515626809841 ], [ 1.619337599344678, 41.455519935880019 ], [ 1.61934905331372, 41.454979640738337 ], [ 1.618989964204488, 41.454975331749537 ], [ 1.618995692560885, 41.454705184199334 ], [ 1.61971386787938, 41.454713800975028 ], [ 1.619719593179616, 41.454443653330067 ], [ 1.620437765832411, 41.454452265542407 ], [ 1.62044348807656, 41.454182117802759 ], [ 1.619725318401767, 41.454173505671719 ], [ 1.619736768611823, 41.453633210314905 ], [ 1.620095850432251, 41.453637516859331 ], [ 1.620107297352127, 41.453097221367685 ], [ 1.620466376272752, 41.453101526710327 ], [ 1.620472098126704, 41.452831378903788 ], [ 1.620831175636468, 41.452835683085354 ], [ 1.620842616132523, 41.45229538735083 ], [ 1.620483541600501, 41.452291083250557 ], [ 1.620489263220347, 41.452020935403866 ], [ 1.620130190255198, 41.452016630223824 ], [ 1.620135913285831, 41.451746482404417 ], [ 1.619417770567344, 41.45173786876444 ], [ 1.619423496497518, 41.451467721012982 ], [ 1.620141636238412, 41.451476334571637 ], [ 1.620135913285831, 41.451746482404417 ], [ 1.620494984762162, 41.451750787543816 ], [ 1.620506427611698, 41.451210491783563 ], [ 1.620147359112944, 41.451206186725479 ], [ 1.620153081909425, 41.450936038865926 ], [ 1.619794014977475, 41.450931732728115 ], [ 1.619799739184646, 41.450661584895869 ], [ 1.621236001425698, 41.450678802562337 ], [ 1.621241719599931, 41.450408654554117 ], [ 1.622318912633476, 41.450421555918425 ], [ 1.622324626263619, 41.45015140777501 ], [ 1.623401815532361, 41.450164298934496 ], [ 1.623441777500493, 41.448273260704035 ], [ 1.623082724753402, 41.448268965055149 ], [ 1.623099854608923, 41.447458520020298 ], [ 1.622381758279514, 41.447449925605227 ], [ 1.622376045428541, 41.447720073882394 ], [ 1.621298897053307, 41.447707173736234 ], [ 1.621293179658865, 41.44797732187822 ], [ 1.620934128867855, 41.447973019548392 ], [ 1.620922690867955, 41.44851331571099 ], [ 1.620563637177846, 41.448509012179656 ], [ 1.620557916572327, 41.448779160200239 ], [ 1.618762641849578, 41.448757625536182 ], [ 1.618785553574408, 41.447677034186931 ], [ 1.618426504818288, 41.447672724056098 ], [ 1.618420775515748, 41.447942871872776 ], [ 1.618061725349256, 41.447938560581001 ], [ 1.618055994480052, 41.448208708343593 ], [ 1.618415046135071, 41.448213019676082 ], [ 1.618397857524213, 41.449023463005723 ], [ 1.619115970000058, 41.449032082554112 ], [ 1.619110243284046, 41.449302230385292 ], [ 1.619469301127741, 41.44930653851975 ], [ 1.619457850438696, 41.449846834223322 ], [ 1.61873972887484, 41.449838216671388 ], [ 1.618728271918733, 41.450378512158728 ], [ 1.619087335638971, 41.450382821576227 ], [ 1.619075881347802, 41.450923117091421 ], [ 1.618357748030562, 41.450914496973283 ], [ 1.618363478192665, 41.450644349303765 ], [ 1.616927218451052, 41.450627095786103 ], [ 1.616932954489838, 41.450356948266133 ], [ 1.617651081226854, 41.450365577184172 ], [ 1.617668279941852, 41.449555134299523 ], [ 1.61730922100024, 41.449550820522873 ], [ 1.617326423477402, 41.44874037764 ], [ 1.616967369079809, 41.448736062865265 ], [ 1.616973104571025, 41.448465915251631 ], [ 1.617332157480054, 41.448470229985624 ], [ 1.617337891404507, 41.448200082317854 ], [ 1.61769694290319, 41.448204395890855 ], [ 1.617708407540474, 41.44766410043372 ], [ 1.61699031057536, 41.447655472330418 ], [ 1.616996045753706, 41.447385324663259 ], [ 1.616636998876945, 41.447381008972016 ], [ 1.616619788641754, 41.44819145181112 ], [ 1.615542635084463, 41.448178497649124 ], [ 1.615536893717303, 41.448448645113075 ], [ 1.615177841199574, 41.448444324777782 ], [ 1.615166355253217, 41.448984619583946 ], [ 1.614807299836674, 41.448980298046791 ], [ 1.614801555257414, 41.449250445388998 ], [ 1.614442498430619, 41.449246122690731 ], [ 1.614436752284397, 41.44951626997873 ], [ 1.614795810599809, 41.449520592717818 ], [ 1.614767086136569, 41.450871329161153 ], [ 1.614408020377772, 41.450867006217997 ], [ 1.614402273761334, 41.451137153425698 ], [ 1.614761341008869, 41.451141476409674 ], [ 1.614755595802816, 41.451411623644809 ], [ 1.615473733510447, 41.451420266333294 ], [ 1.615467991203601, 41.451690413636662 ], [ 1.615827061663679, 41.451694733341128 ], [ 1.61582132076732, 41.451964880671895 ], [ 1.614744105155646, 41.451951918074933 ], [ 1.614755595802816, 41.451411623644809 ], [ 1.614396527066523, 41.451407300620012 ], [ 1.614390780293337, 41.45167744780094 ], [ 1.614031710146641, 41.451673123614945 ], [ 1.61400871631481, 41.45275371204152 ], [ 1.614367792416819, 41.452758036390854 ], [ 1.614362045251739, 41.45302818350487 ], [ 1.614002967660853, 41.453023859114708 ], [ 1.613991470117728, 41.453564153220924 ], [ 1.614709631333525, 41.453572801044118 ], [ 1.614703885422235, 41.453842948158822 ], [ 1.615062967636633, 41.453847270430536 ], [ 1.615068712058979, 41.453577123275039 ], [ 1.615427792862779, 41.453581444385485 ], [ 1.615410563827593, 41.454391885934243 ], [ 1.615051478556903, 41.454387564701385 ], [ 1.615057223135941, 41.454117417572654 ], [ 1.614698139432581, 41.454113095260119 ], [ 1.614686647218171, 41.454653389422589 ], [ 1.615045733899516, 41.454657711816751 ], [ 1.615022754486469, 41.455738300144333 ], [ 1.615740939996631, 41.455746941897523 ], [ 1.615746681989248, 41.455476794754112 ], [ 1.616105773372722, 41.45548111390913 ], [ 1.616100032869192, 41.455751261093312 ], [ 1.616459125820045, 41.455755579168567 ], [ 1.616453386727332, 41.456025726380162 ], [ 1.616094292287369, 41.456021408264128 ], [ 1.616100032869192, 41.455751261093312 ], [ 1.615740939996631, 41.455746941897523 ] ], [ [ 1.617171575842061, 41.456034359250509 ], [ 1.61681248124557, 41.456030043375605 ], [ 1.616818218849172, 41.455759896123261 ], [ 1.617177311956552, 41.455764211957387 ], [ 1.617171575842061, 41.456034359250509 ] ], [ [ 1.617200255632207, 41.45468362265116 ], [ 1.616841168481072, 41.454679306980026 ], [ 1.616846905693424, 41.454409159660756 ], [ 1.617205991355549, 41.454413475291162 ], [ 1.617200255632207, 41.45468362265116 ] ], [ [ 1.618283248811198, 41.454426415459388 ], [ 1.618642334786106, 41.454430726607796 ], [ 1.618636605018817, 41.454700874130708 ], [ 1.618277517554894, 41.454696562941571 ], [ 1.618283248811198, 41.454426415459388 ], [ 1.6175650770959, 41.45441778980107 ], [ 1.617570811252025, 41.454147642386943 ], [ 1.618288979989337, 41.454156267963803 ], [ 1.618283248811198, 41.454426415459388 ] ], [ [ 1.616864116861009, 41.453598717622704 ], [ 1.616505035744037, 41.453594400994092 ], [ 1.616499297277471, 41.453864548312737 ], [ 1.616140214749815, 41.453860230522892 ], [ 1.616151694582557, 41.453319935953758 ], [ 1.616510774132339, 41.453324253662061 ], [ 1.616516512442381, 41.45305410631665 ], [ 1.616157434381504, 41.453049788649118 ], [ 1.61616317410217, 41.452779641331105 ], [ 1.616881327324411, 41.452788275464194 ], [ 1.616864116861009, 41.453598717622704 ] ], [ [ 1.615433535717857, 41.453311297175802 ], [ 1.615074456402981, 41.453306976106148 ], [ 1.615080200668641, 41.453036828923885 ], [ 1.61472112292101, 41.453032506774598 ], [ 1.614726868597208, 41.452762359619754 ], [ 1.615445021193049, 41.452771002716275 ], [ 1.615433535717857, 41.453311297175802 ] ], [ [ 1.615450763813165, 41.452500855466447 ], [ 1.615091688964935, 41.452496534519199 ], [ 1.615097432995574, 41.452226387296776 ], [ 1.61545650635496, 41.452230708203238 ], [ 1.615450763813165, 41.452500855466447 ] ], [ [ 1.615850024466179, 41.450614143884223 ], [ 1.615490959961108, 41.450609824342905 ], [ 1.615485217889199, 41.450879971686412 ], [ 1.615126151973718, 41.450875650983967 ], [ 1.615137639016644, 41.450335356365166 ], [ 1.615855764971076, 41.450343996486552 ], [ 1.615850024466179, 41.450614143884223 ] ] ], [ [ [ 1.619337599344678, 41.455519935880019 ], [ 1.619331872242994, 41.455790083430784 ], [ 1.620050059630242, 41.455798698290835 ], [ 1.620055783753724, 41.455528550658727 ], [ 1.619337599344678, 41.455519935880019 ] ] ], [ [ [ 1.621298897053307, 41.447707173736234 ], [ 1.621304614369776, 41.447437025580882 ], [ 1.62094556655578, 41.447432723332312 ], [ 1.620939847750813, 41.447702871447042 ], [ 1.621298897053307, 41.447707173736234 ] ] ], [ [ [ 1.614327560615196, 41.454649065907915 ], [ 1.614339055807589, 41.454108771827116 ], [ 1.613979972260984, 41.454104447273608 ], [ 1.61398572122856, 41.453834300253959 ], [ 1.613267557348507, 41.453825647867248 ], [ 1.613279061004152, 41.453285353951188 ], [ 1.612919982159637, 41.453281026158862 ], [ 1.612925735358687, 41.453010879221615 ], [ 1.612566658081532, 41.453006550349734 ], [ 1.612560903393587, 41.453276697246089 ], [ 1.612201824706023, 41.453272367212868 ], [ 1.61219606845068, 41.453542514054973 ], [ 1.612555148627158, 41.453546844129072 ], [ 1.61254363885884, 41.454087137854863 ], [ 1.613261805403016, 41.454095794805205 ], [ 1.613256053379076, 41.454365941729762 ], [ 1.613615138257824, 41.454370268565064 ], [ 1.613609387644434, 41.454640415517098 ], [ 1.613250301276687, 41.454636088640939 ], [ 1.613244549095848, 41.454906235538743 ], [ 1.613962724887808, 41.454914888252254 ], [ 1.61396847409061, 41.454644741272752 ], [ 1.614327560615196, 41.454649065907915 ] ] ] ] } },
{ "type": "Feature", "properties": { "DATA_INCEN": "31/07/89", "MUNICIPI": "FONT-RUBÃ", "GRID_CODE": 2, "CODI_FINAL": "B89003022" }, "geometry": { "type": "MultiPolygon", "coordinates": [ [ [ [ 1.594525449398779, 41.45684084939802 ], [ 1.594884545061514, 41.456845234911761 ], [ 1.59489037381658, 41.456575090218834 ], [ 1.594531279642962, 41.456570704746497 ], [ 1.594525449398779, 41.45684084939802 ] ] ], [ [ [ 1.594525449398779, 41.45684084939802 ], [ 1.594166353815562, 41.456836462763718 ], [ 1.59418384877685, 41.456026028893227 ], [ 1.594542939892782, 41.456030415403262 ], [ 1.594537109807629, 41.45630056008158 ], [ 1.59489620249215, 41.456304945512514 ], [ 1.594902031088227, 41.456034800792786 ], [ 1.595261122363165, 41.45603918506179 ], [ 1.595284429996454, 41.454958605883284 ], [ 1.595643515394755, 41.454962988866221 ], [ 1.595649340615429, 41.45469284399671 ], [ 1.594931172876247, 41.454684076993146 ], [ 1.594937000995386, 41.454413932193006 ], [ 1.595296083336289, 41.454418316213633 ], [ 1.595307736358264, 41.453878026490358 ], [ 1.595666815800779, 41.453882409307759 ], [ 1.595672640703676, 41.453612264384645 ], [ 1.596031718736736, 41.453616646040224 ], [ 1.596020071829313, 41.454156935955801 ], [ 1.595660990818438, 41.454152554217487 ], [ 1.595649340615429, 41.45469284399671 ], [ 1.596367508672394, 41.454701606518377 ], [ 1.596355864107554, 41.455241896409483 ], [ 1.596714951233136, 41.455246276072309 ], [ 1.596720772066258, 41.45497613109211 ], [ 1.597438943577559, 41.454984886973598 ], [ 1.597456396666839, 41.45417445170456 ], [ 1.597097315338394, 41.454170074448051 ], [ 1.59710895331236, 41.453629784284367 ], [ 1.597468031662981, 41.453634161458218 ], [ 1.597473849042042, 41.453364016314943 ], [ 1.597114772180302, 41.453359639182416 ], [ 1.597120590968887, 41.453089494067072 ], [ 1.596761515675366, 41.453085115855465 ], [ 1.596773155992122, 41.452544825667253 ], [ 1.597132228307984, 41.452549203796195 ], [ 1.597138046858499, 41.452279058640642 ], [ 1.597856188750665, 41.45228781145466 ], [ 1.597850373177751, 41.45255795669285 ], [ 1.598209445731616, 41.452562331460605 ], [ 1.598203631568212, 41.452832476726698 ], [ 1.599280854171966, 41.45284559443143 ], [ 1.599292473486589, 41.452305303638106 ], [ 1.5996515448687, 41.452309673883001 ], [ 1.599645736739813, 41.452579819327624 ], [ 1.600004809689945, 41.452584188493404 ], [ 1.599999002970675, 41.452854333965881 ], [ 1.599280854171966, 41.45284559443143 ], [ 1.599263424605772, 41.453656030520925 ], [ 1.599622503432125, 41.453660400972154 ], [ 1.599605077619578, 41.454470837064868 ], [ 1.599245994326437, 41.454466466489833 ], [ 1.599234373744005, 41.455006757068787 ], [ 1.599593460015108, 41.455011127726372 ], [ 1.599581842093741, 41.455551418334267 ], [ 1.599222752844597, 41.455547047594152 ], [ 1.599228563333924, 41.45527690233817 ], [ 1.598869475653055, 41.455272530518833 ], [ 1.598852039480183, 41.45608296612275 ], [ 1.598133855421974, 41.456074218874804 ], [ 1.598122224953985, 41.456614509045238 ], [ 1.59740403525663, 41.456605757149873 ], [ 1.597398216925414, 41.456875902132367 ], [ 1.596680024567223, 41.456867145672128 ], [ 1.596674203178363, 41.457137290558521 ], [ 1.596315105629207, 41.457132910606219 ], [ 1.596309282671786, 41.457403055437865 ], [ 1.595591084833422, 41.457394292088793 ], [ 1.595585258818221, 41.457664436824288 ], [ 1.595226158529037, 41.457660053427496 ], [ 1.595214503281834, 41.458200342775513 ], [ 1.595932709896506, 41.458209108614049 ], [ 1.595926885132164, 41.458479253350731 ], [ 1.596285990047916, 41.45848363463044 ], [ 1.596291813323014, 41.458213489852405 ], [ 1.596650916828945, 41.458217869970149 ], [ 1.596633451233174, 41.459028304388134 ], [ 1.597351667418816, 41.459037061509832 ], [ 1.597357486384904, 41.458766916634545 ], [ 1.597716593107493, 41.458771293473092 ], [ 1.597722410504948, 41.458501148543085 ], [ 1.598081515817611, 41.458505524219682 ], [ 1.59809314739602, 41.457965234236831 ], [ 1.598811352302325, 41.45797398206296 ], [ 1.598817164994129, 41.457703836968832 ], [ 1.599176266076997, 41.457708209159691 ], [ 1.599182077200332, 41.457438064010908 ], [ 1.598463878092257, 41.457429318591153 ], [ 1.598469692114679, 41.457159173511528 ], [ 1.599187888244412, 41.457167918848704 ], [ 1.599182077200332, 41.457438064010908 ], [ 1.599541176873263, 41.457442435039894 ], [ 1.599535367239121, 41.457712580229966 ], [ 1.599176266076997, 41.457708209159691 ], [ 1.599170454874404, 41.457978354295108 ], [ 1.599888660256317, 41.45798709539757 ], [ 1.599894468480481, 41.457716950179638 ], [ 1.600253569801057, 41.457721319008726 ], [ 1.600282602287881, 41.456370592511831 ], [ 1.600641696241871, 41.456374960014116 ], [ 1.600682327974254, 41.454483942067135 ], [ 1.60104141158416, 41.454488308160286 ], [ 1.60104721431175, 41.454218162644473 ], [ 1.601406296511841, 41.454222527575936 ], [ 1.601412097671357, 41.453952382005518 ], [ 1.601053016960201, 41.45394801711528 ], [ 1.601082029015414, 41.452597289268311 ], [ 1.60036388271927, 41.452588556538764 ], [ 1.600369687870537, 41.452318411011653 ], [ 1.600010616330023, 41.452314043007526 ], [ 1.600016422890909, 41.45204389750824 ], [ 1.600375492942633, 41.452048265471127 ], [ 1.600369687870537, 41.452318411011653 ], [ 1.600728759490222, 41.45232277789539 ], [ 1.600746170002689, 41.451512341109954 ], [ 1.600387102849318, 41.451507974349902 ], [ 1.600392907683908, 41.451237828769194 ], [ 1.601111039092337, 41.451246561086471 ], [ 1.601122642569219, 41.450706269719944 ], [ 1.601481705414726, 41.450710634115644 ], [ 1.60148750554581, 41.450440488371093 ], [ 1.601846566981747, 41.450444851605248 ], [ 1.601852365545076, 41.450174705806099 ], [ 1.602211425571439, 41.450179067878771 ], [ 1.602217222567055, 41.449908922025024 ], [ 1.601858164029325, 41.449904559993549 ], [ 1.60186976076059, 41.449364268328267 ], [ 1.601510705279143, 41.449359905258895 ], [ 1.601528104248626, 41.448549467784098 ], [ 1.601169053311927, 41.448545103718082 ], [ 1.601174854298743, 41.448274957907572 ], [ 1.601533903746933, 41.448279321932382 ], [ 1.601539703166148, 41.448009176067266 ], [ 1.601180655206449, 41.44800481208366 ], [ 1.601186456035043, 41.447734666246355 ], [ 1.600468363329933, 41.447725935000918 ], [ 1.600445147632903, 41.448806517939978 ], [ 1.600086095445078, 41.448802150471991 ], [ 1.600091900976591, 41.448532004798572 ], [ 1.59901474935382, 41.448518895796902 ], [ 1.599026369110286, 41.447978604657408 ], [ 1.598667321704787, 41.447974232832287 ], [ 1.598678944121225, 41.447433941721762 ], [ 1.598319899771877, 41.447429568859 ], [ 1.598331524848132, 41.446889277777473 ], [ 1.597972483554869, 41.44688490387712 ], [ 1.597978297462471, 41.446614758357562 ], [ 1.597260218090579, 41.446606007278966 ], [ 1.597271851621303, 41.446065716364913 ], [ 1.596912815031025, 41.446061339228031 ], [ 1.596918633165711, 41.445791193792246 ], [ 1.597636703448968, 41.445799946863197 ], [ 1.597642518527724, 41.445529801331354 ], [ 1.598001552300023, 41.445534176145323 ], [ 1.597995738709561, 41.44580432171847 ], [ 1.598354774049437, 41.445808695453628 ], [ 1.598343149607315, 41.446348986642342 ], [ 1.59870218800311, 41.446353359339952 ], [ 1.598696377151509, 41.446623504955504 ], [ 1.599055417114909, 41.446627876574247 ], [ 1.599043798150747, 41.447168167847707 ], [ 1.599402841170153, 41.447172538428795 ], [ 1.599397033057651, 41.447442684086724 ], [ 1.600474167056311, 41.44745578923267 ], [ 1.600479970703542, 41.447185643451022 ], [ 1.60083901403966, 41.447190009551377 ], [ 1.600844816119338, 41.446919863715109 ], [ 1.601203858046175, 41.446924228654069 ], [ 1.60120965855834, 41.446654082763182 ], [ 1.601568699075895, 41.446658446540766 ], [ 1.601574498020588, 41.44638830059526 ], [ 1.602292576316192, 41.446397024707551 ], [ 1.602304168014971, 41.445856732611631 ], [ 1.601945131804318, 41.445852371197951 ], [ 1.601956726163537, 41.445312079130829 ], [ 1.602315759397593, 41.445316440462143 ], [ 1.602321554970345, 41.445046294367309 ], [ 1.60196252322456, 41.445041933077171 ], [ 1.601968320206526, 41.444771787010126 ], [ 1.602686380800635, 41.444780508387936 ], [ 1.602697968574527, 41.444240216048954 ], [ 1.602338941214395, 41.444235856002429 ], [ 1.602344736471011, 41.443965709854027 ], [ 1.602703762342955, 41.443970069859375 ], [ 1.602709556032372, 41.443699923656396 ], [ 1.602350531648597, 41.443695563692209 ], [ 1.60236212176668, 41.443155271328415 ], [ 1.602003100438208, 41.443150910326551 ], [ 1.601997303930555, 41.443421056473966 ], [ 1.601279258534527, 41.443412331027723 ], [ 1.601273458971533, 41.443682477079349 ], [ 1.600914434904, 41.443678112634956 ], [ 1.600926036927165, 41.443137820600732 ], [ 1.600567015915008, 41.443133455118726 ], [ 1.600561213454858, 41.443403601101316 ], [ 1.600202191033708, 41.443399234458063 ], [ 1.600190582899714, 41.443939526300596 ], [ 1.600549608297166, 41.443943893026315 ], [ 1.600543805599623, 41.44421403896871 ], [ 1.599466725180204, 41.444200935307641 ], [ 1.599484146428879, 41.443390497811436 ], [ 1.599843168691708, 41.443394866694767 ], [ 1.599848974128098, 41.44312472079465 ], [ 1.599489953353388, 41.443120351952587 ], [ 1.599495760198707, 41.442850206080323 ], [ 1.599136740991282, 41.442845836159478 ], [ 1.59914254924549, 41.442575690315081 ], [ 1.599501566964837, 41.442580060194672 ], [ 1.59950737365178, 41.442309914295627 ], [ 1.600584422820689, 41.442323017090587 ], [ 1.600590224964331, 41.442052871054415 ], [ 1.600231209983581, 41.442048504617325 ], [ 1.600237013536119, 41.441778358608985 ], [ 1.600596027028848, 41.441782725004856 ], [ 1.600613432747672, 41.440972286775782 ], [ 1.600972441855582, 41.440976651928018 ], [ 1.600978242115678, 41.440706505783638 ], [ 1.599901219493136, 41.440693407090798 ], [ 1.599895414769226, 41.44096355311148 ], [ 1.599536405898732, 41.440959184599421 ], [ 1.599530599607706, 41.441229330565463 ], [ 1.599171589328437, 41.4412249608922 ], [ 1.599165781470255, 41.441495106803565 ], [ 1.598806769782213, 41.441490735969076 ], [ 1.598824197583018, 41.44068029831859 ], [ 1.598465190438058, 41.440675926487977 ], [ 1.598471001034465, 41.440405780618974 ], [ 1.598111995456654, 41.440401407709736 ], [ 1.598123619387515, 41.439861116014107 ], [ 1.59776461686472, 41.439856742067569 ], [ 1.597747176385873, 41.440667179466999 ], [ 1.597029162650808, 41.440658427966298 ], [ 1.597023346023444, 41.44092857365667 ], [ 1.596664337786956, 41.440924196185108 ], [ 1.596652701318351, 41.441464487443007 ], [ 1.596293690185295, 41.441460108768794 ], [ 1.596276230423285, 41.442270545431093 ], [ 1.59591721490558, 41.442266165512848 ], [ 1.595911393338129, 41.44253631099879 ], [ 1.595552376411769, 41.442531929919213 ], [ 1.595540730062548, 41.443072220768151 ], [ 1.595181710239451, 41.443067838485803 ], [ 1.595170060596353, 41.443608129198374 ], [ 1.595529083395678, 41.443612511563487 ], [ 1.595517436411146, 41.444152802305226 ], [ 1.595876462266195, 41.444157183633038 ], [ 1.595882284310004, 41.443887038227494 ], [ 1.596241308756284, 41.443891418393882 ], [ 1.596235488200643, 41.44416156384078 ], [ 1.596594514214467, 41.444165942928471 ], [ 1.596577056535901, 41.44497637931282 ], [ 1.59621802605745, 41.444972000101089 ], [ 1.596212205184293, 41.445242145494383 ], [ 1.594417046541933, 41.445220232427396 ], [ 1.594411218148067, 41.445490377600379 ], [ 1.594052185169702, 41.445485991585258 ], [ 1.594017204207275, 41.447106862093229 ], [ 1.593658162378425, 41.447102474709453 ], [ 1.593629001947606, 41.448453199557044 ], [ 1.594347100569255, 41.448461973618684 ], [ 1.594317953035414, 41.449812698545486 ], [ 1.594677009908232, 41.449817084103003 ], [ 1.594659524899766, 41.450627519022483 ], [ 1.595377647815616, 41.450636287025063 ], [ 1.595371822297827, 41.450906432054225 ], [ 1.595012759311497, 41.450902048571685 ], [ 1.595006932225569, 41.45117219354605 ], [ 1.59536599670059, 41.451176577069958 ], [ 1.595360171023902, 41.451446722072319 ], [ 1.59500110506017, 41.451442338507 ], [ 1.595006932225569, 41.45117219354605 ], [ 1.593929739277407, 41.451159036252321 ], [ 1.593918075934821, 41.451699325912358 ], [ 1.594636210442307, 41.451708098727508 ], [ 1.594624552736624, 41.452248388499605 ], [ 1.594983623087139, 41.452252773309461 ], [ 1.594977795603846, 41.452522918216808 ], [ 1.594618723764539, 41.452518533365556 ], [ 1.594607065581879, 41.453058823057248 ], [ 1.594247990844427, 41.453054437002784 ], [ 1.594242160144997, 41.453324581787093 ], [ 1.593883083998215, 41.453320194570793 ], [ 1.593877251730394, 41.453590339300291 ], [ 1.593518174174284, 41.453585950922147 ], [ 1.593506506422214, 41.454126240258056 ], [ 1.593147425967869, 41.454121850676579 ], [ 1.593135754919662, 41.454662139875992 ], [ 1.592776671567028, 41.45465774909114 ], [ 1.592770834434575, 41.454927893629282 ], [ 1.592052664990217, 41.454919108615258 ], [ 1.592035144181156, 41.455729541900403 ], [ 1.591676055111428, 41.455725147588197 ], [ 1.591670213193389, 41.455995291948277 ], [ 1.592388394390592, 41.456004079535155 ], [ 1.59238255537101, 41.456274223964805 ], [ 1.591664371195675, 41.456265436294949 ], [ 1.591623474980663, 41.458156446346351 ], [ 1.591982577452531, 41.458160841031983 ], [ 1.591965053775731, 41.458971273834571 ], [ 1.591605946836118, 41.45896687902443 ], [ 1.591600103961893, 41.459237023223665 ], [ 1.591959212390795, 41.459241418075273 ], [ 1.591953370926189, 41.459511562302581 ], [ 1.591594261007978, 41.459507167409463 ], [ 1.59157088839539, 41.460587744018667 ], [ 1.591930004271041, 41.460592139077782 ], [ 1.591924162408067, 41.460862283238058 ], [ 1.592283279852807, 41.46086667721795 ], [ 1.592277439399587, 41.461136821406321 ], [ 1.593354796679974, 41.461149996746151 ], [ 1.593360632664889, 41.460879852433386 ], [ 1.593719750428136, 41.46088424193043 ], [ 1.593737253437119, 41.460073808787378 ], [ 1.593378140142062, 41.460069419414658 ], [ 1.5933839758086, 41.459799275048276 ], [ 1.59302486408249, 41.459794884596334 ], [ 1.593030701158771, 41.459524740258011 ], [ 1.592671591001606, 41.459520348726848 ], [ 1.59267742948759, 41.459250204416584 ], [ 1.593036538155441, 41.459254595906266 ], [ 1.593059885346044, 41.458174018365291 ], [ 1.593418988136451, 41.458178408568507 ], [ 1.593424823245875, 41.457908264108305 ], [ 1.593783924626651, 41.457912653149478 ], [ 1.5937897581673, 41.457642508634422 ], [ 1.594148858138443, 41.457646896513573 ], [ 1.594160522002728, 41.457106607360409 ], [ 1.594519619075081, 41.457110994036121 ], [ 1.594525449398779, 41.45684084939802 ] ], [ [ 1.596072480411032, 41.451725630913572 ], [ 1.595713412799682, 41.451721249547596 ], [ 1.595719237067087, 41.451451104517261 ], [ 1.596078303189703, 41.451455485841869 ], [ 1.596072480411032, 41.451725630913572 ] ], [ [ 1.598226887746073, 41.451751895581914 ], [ 1.597867819658555, 41.451747520938078 ], [ 1.597873634993534, 41.451477375659692 ], [ 1.598232701592308, 41.451481750262225 ], [ 1.598226887746073, 41.451751895581914 ] ], [ [ 1.599663160888841, 41.451769382953572 ], [ 1.599304092484284, 41.451765012791199 ], [ 1.599309901864286, 41.451494867347641 ], [ 1.599668968780096, 41.451499237468752 ], [ 1.599663160888841, 41.451769382953572 ] ], [ [ 1.597891080522619, 41.450666939744139 ], [ 1.597885265425565, 41.450937085062726 ], [ 1.596449011733428, 41.450919575779814 ], [ 1.596454832785194, 41.450649430626562 ], [ 1.597891080522619, 41.450666939744139 ], [ 1.597896895540368, 41.450396794412157 ], [ 1.598255956184377, 41.450401168849467 ], [ 1.598273396295943, 41.449590732649206 ], [ 1.598991508890061, 41.449599477915122 ], [ 1.598985698576024, 41.449869623411189 ], [ 1.599344756480557, 41.449873994404996 ], [ 1.59933313859203, 41.450414285439464 ], [ 1.598974077710228, 41.450409914363114 ], [ 1.598962456527459, 41.450950205261442 ], [ 1.598244329046916, 41.450941459582637 ], [ 1.598250142655289, 41.450671314222745 ], [ 1.597891080522619, 41.450666939744139 ] ], [ [ 1.598441947260023, 41.441756509830057 ], [ 1.597723921304152, 41.441747762478677 ], [ 1.597729735193506, 41.441477616745857 ], [ 1.598447758173395, 41.441486364014629 ], [ 1.598441947260023, 41.441756509830057 ] ] ], [ [ [ 1.598123619387515, 41.439861116014107 ], [ 1.598482621989566, 41.439865488840759 ], [ 1.598494242627725, 41.439325197008962 ], [ 1.600289241947673, 41.439347043931164 ], [ 1.600277636187948, 41.439887336175559 ], [ 1.60063663926511, 41.439891702282807 ], [ 1.600642440696681, 41.439621556126085 ], [ 1.602437449829482, 41.439643369657858 ], [ 1.602443243742737, 41.439373223281748 ], [ 1.602084243245916, 41.439368862856355 ], [ 1.602090038567985, 41.439098716508035 ], [ 1.601731039638016, 41.439094355003931 ], [ 1.601736836368856, 41.4388242086834 ], [ 1.602095833811023, 41.438828570146313 ], [ 1.602101628975035, 41.438558423771198 ], [ 1.601024641349038, 41.438545336146468 ], [ 1.601030440897301, 41.438275189881551 ], [ 1.600671446667873, 41.438270825141501 ], [ 1.600677247624787, 41.438000678904395 ], [ 1.600318254962202, 41.437996313085726 ], [ 1.600335661821402, 41.437185874417722 ], [ 1.599976673701025, 41.437181507602943 ], [ 1.599970870006074, 41.437451653797773 ], [ 1.599252891027422, 41.437442916726312 ], [ 1.599247084277944, 41.437713062825232 ], [ 1.598888093419694, 41.437708692568535 ], [ 1.59887647670774, 41.438248984643664 ], [ 1.598158489278, 41.438240240605687 ], [ 1.598123619387515, 41.439861116014107 ] ] ], [ [ [ 1.596615984922759, 41.459838738685519 ], [ 1.596627629209109, 41.459298449167335 ], [ 1.595909410362476, 41.459289687480343 ], [ 1.595897760118786, 41.459829976833085 ], [ 1.596615984922759, 41.459838738685519 ] ] ], [ [ [ 1.593611504734656, 41.449263634304785 ], [ 1.59362316962283, 41.448723344486368 ], [ 1.593264118942801, 41.44871895573376 ], [ 1.593252451077561, 41.449259245469285 ], [ 1.593611504734656, 41.449263634304785 ] ] ], [ [ [ 1.595146760356922, 41.444688710462735 ], [ 1.595152585535937, 41.44441856516675 ], [ 1.59479355835156, 41.44441418155742 ], [ 1.59479938493932, 41.44414403628943 ], [ 1.594440359322583, 41.444139651601439 ], [ 1.594434531246642, 41.444409796828033 ], [ 1.594075504221203, 41.444405410978575 ], [ 1.594069674577581, 41.444675556150351 ], [ 1.595146760356922, 41.444688710462735 ] ] ] ] } },
{ "type": "Feature", "properties": { "DATA_INCEN": "16/06/89", "MUNICIPI": "GARCIA", "GRID_CODE": 2, "CODI_FINAL": "T89030002" }, "geometry": { "type": "MultiPolygon", "coordinates": [ [ [ [ 0.671143899257011, 41.168001842378359 ], [ 0.671167807011695, 41.167326802169889 ], [ 0.670572270101412, 41.167314756691169 ], [ 0.670556327620518, 41.167764783317224 ], [ 0.670258557266831, 41.167758759329409 ], [ 0.670242612390589, 41.168208785820042 ], [ 0.670838157256453, 41.168220833216374 ], [ 0.67084612770564, 41.167995819881284 ], [ 0.671143899257011, 41.168001842378359 ] ] ], [ [ [ 0.677520040161594, 41.173084457741517 ], [ 0.677559784001076, 41.171959386580134 ], [ 0.67785757491838, 41.171965392192497 ], [ 0.677873469789188, 41.171515363562499 ], [ 0.677575680906383, 41.171509358044752 ], [ 0.677591577451443, 41.171059329468832 ], [ 0.677293790693166, 41.171053323276553 ], [ 0.677325586771365, 41.170153266192472 ], [ 0.677027804171947, 41.170147259420283 ], [ 0.677043703704943, 41.169697230912121 ], [ 0.67674592322991, 41.169691223465364 ], [ 0.676753873878438, 41.169466209243467 ], [ 0.676456094510675, 41.169460201074905 ], [ 0.676464046086218, 41.169235186890141 ], [ 0.676166267825657, 41.169229177999831 ], [ 0.676182172740726, 41.168779149694629 ], [ 0.675884396604513, 41.168773140129851 ], [ 0.675876443174934, 41.168998154240185 ], [ 0.675280889138648, 41.168986132708582 ], [ 0.67533657549217, 41.167411034386554 ], [ 0.674741036055409, 41.1673990104414 ], [ 0.674756949698955, 41.166948982447721 ], [ 0.674459182149812, 41.166942969416297 ], [ 0.674467139853352, 41.166717955451581 ], [ 0.674169373411389, 41.16671194169848 ], [ 0.674177332041751, 41.166486927771075 ], [ 0.673879566706939, 41.166480913296276 ], [ 0.673887526264076, 41.166255899406096 ], [ 0.67358976203643, 41.166249884209634 ], [ 0.673605682914071, 41.165799856493635 ], [ 0.673307920810528, 41.165793840622918 ], [ 0.673315882130965, 41.16556882679712 ], [ 0.673018121134579, 41.165562810204776 ], [ 0.673026083369559, 41.165337796423763 ], [ 0.672728323479898, 41.165331779109998 ], [ 0.672720360228406, 41.165556792843439 ], [ 0.67242259941247, 41.16555077471309 ], [ 0.672430563680473, 41.165325761027248 ], [ 0.672132803971281, 41.165319742175484 ], [ 0.672140769164528, 41.165094728527677 ], [ 0.672438527856835, 41.165100747332097 ], [ 0.672454455938857, 41.164650719911513 ], [ 0.672156699280263, 41.164644701201802 ], [ 0.672164664202767, 41.164419687523633 ], [ 0.671866908651265, 41.164413668092301 ], [ 0.671882840259178, 41.163963640800361 ], [ 0.671585086831588, 41.163957620694767 ], [ 0.671593053516954, 41.163732607080995 ], [ 0.671295301196451, 41.163726586253773 ], [ 0.671303268808357, 41.163501572677212 ], [ 0.67041001543891, 41.16348350572401 ], [ 0.670417986010899, 41.163258492279517 ], [ 0.670120236085116, 41.163252468471271 ], [ 0.670128207583545, 41.163027455063911 ], [ 0.669830458764881, 41.163021430534144 ], [ 0.669838431189755, 41.162796417164166 ], [ 0.670136178991656, 41.162802441646534 ], [ 0.670144150309467, 41.162577428219009 ], [ 0.670739644150765, 41.162589474782251 ], [ 0.670747613344798, 41.162364461249823 ], [ 0.671045359384181, 41.162370483330648 ], [ 0.671077231190516, 41.161470428910263 ], [ 0.67077948921797, 41.161464407018855 ], [ 0.670787457960547, 41.161239393435842 ], [ 0.671085198916436, 41.16124541527978 ], [ 0.671101134097392, 41.16079538798855 ], [ 0.671398873110242, 41.160801408968901 ], [ 0.671406839548665, 41.160576395260748 ], [ 0.670811363646546, 41.160564352625912 ], [ 0.670803395174837, 41.1607893662393 ], [ 0.670505656342559, 41.16078334372127 ], [ 0.670529564536766, 41.160108302992718 ], [ 0.670827300319157, 41.160114325368717 ], [ 0.670835268520031, 41.15988931172491 ], [ 0.670239799078743, 41.159877266298906 ], [ 0.670231828844674, 41.160102279847926 ], [ 0.669934093242881, 41.160096255934285 ], [ 0.669942064493552, 41.159871242432637 ], [ 0.669644329998693, 41.159865217797474 ], [ 0.669652302175671, 41.159640204333151 ], [ 0.66995003565394, 41.159646228920913 ], [ 0.669958006724026, 41.159421215399 ], [ 0.669660274262306, 41.159415190858653 ], [ 0.669668246258624, 41.159190177374036 ], [ 0.669370514903832, 41.159184152112246 ], [ 0.669386460658602, 41.158734125207431 ], [ 0.668791002286207, 41.158722072567052 ], [ 0.668775052465251, 41.159172099282195 ], [ 0.66847732138151, 41.159166071713933 ], [ 0.668469345318906, 41.159391085008927 ], [ 0.668171613308958, 41.159385056624423 ], [ 0.668155658879538, 41.159835083089078 ], [ 0.66756019106453, 41.159823023823762 ], [ 0.667552211681043, 41.160048036946073 ], [ 0.667254476892547, 41.160042006112675 ], [ 0.667246496402064, 41.160267019177397 ], [ 0.666353289529359, 41.160248921921735 ], [ 0.666369256519477, 41.159798896066945 ], [ 0.665773789789639, 41.159786827575424 ], [ 0.665749833069206, 41.160461866057609 ], [ 0.665452096790953, 41.160455830515438 ], [ 0.665444110020181, 41.160680843274804 ], [ 0.664550898706195, 41.160662731867028 ], [ 0.664534918793302, 41.161112757070022 ], [ 0.665725875534432, 41.161136904448583 ], [ 0.665733861469841, 41.160911891661698 ], [ 0.666924815623548, 41.160936026518662 ], [ 0.66691683375473, 41.161161039495425 ], [ 0.667214573535924, 41.161167071334923 ], [ 0.667190630436904, 41.161842110346704 ], [ 0.666892887605684, 41.161836078364828 ], [ 0.66688490537511, 41.162061091301034 ], [ 0.665396187495094, 41.162030919618296 ], [ 0.665388200090863, 41.162255932306785 ], [ 0.665090455779021, 41.162249895606884 ], [ 0.665082467267581, 41.162474908237613 ], [ 0.665380212596094, 41.162480944985077 ], [ 0.665372225010859, 41.162705957653252 ], [ 0.665669971453134, 41.162711993672886 ], [ 0.665661984793869, 41.162937006378733 ], [ 0.666257479990226, 41.162949076199553 ], [ 0.666265464616024, 41.162724063398805 ], [ 0.666563211333171, 41.162730097108373 ], [ 0.666555227724111, 41.16295510995657 ], [ 0.66685297554849, 41.162961142944646 ], [ 0.666844992865697, 41.163186155830267 ], [ 0.66714274179725, 41.163192188096858 ], [ 0.667118796256608, 41.163867226835166 ], [ 0.667416548328925, 41.163873258475228 ], [ 0.66739260502475, 41.164548297264737 ], [ 0.667094849901986, 41.164542265482382 ], [ 0.667086867602923, 41.164767278344463 ], [ 0.666789111553787, 41.164761245745687 ], [ 0.666765161063314, 41.165436284128909 ], [ 0.665871884307011, 41.165418181291315 ], [ 0.665879870944879, 41.165193168649431 ], [ 0.665284355599858, 41.165181096334443 ], [ 0.665268378159868, 41.165631121420873 ], [ 0.664970618596583, 41.165625084007537 ], [ 0.664962628712304, 41.16585009649382 ], [ 0.665260389292477, 41.165856133954684 ], [ 0.665252400334605, 41.166081146478355 ], [ 0.665550162024729, 41.166087183215161 ], [ 0.665558149965978, 41.165862170643621 ], [ 0.665855910737187, 41.16586820655607 ], [ 0.66584792381283, 41.166093219175153 ], [ 0.666145685691435, 41.166099254366067 ], [ 0.666153671598855, 41.165874241699534 ], [ 0.666749193593696, 41.165886309679379 ], [ 0.666709273321255, 41.16701137338621 ], [ 0.667007039539137, 41.167017406460197 ], [ 0.666999056230269, 41.167242419218702 ], [ 0.667594590971356, 41.167254483154544 ], [ 0.667586609606017, 41.167479495997945 ], [ 0.667884378129243, 41.167485526859792 ], [ 0.667876397690452, 41.16771053974059 ], [ 0.668174167321105, 41.167716569880874 ], [ 0.66819012607425, 41.167266544014289 ], [ 0.668487893761301, 41.167272573290575 ], [ 0.668495871985238, 41.167047560294563 ], [ 0.668793638745724, 41.167053588754364 ], [ 0.668809592888473, 41.166603562637079 ], [ 0.669107357705377, 41.166609590232831 ], [ 0.669163187207259, 41.165034498188774 ], [ 0.669758702876132, 41.165046550408526 ], [ 0.66975072954791, 41.165271563677244 ], [ 0.670941766037195, 41.165295659078367 ], [ 0.670933796686186, 41.16552067252659 ], [ 0.67063603641147, 41.165514649782395 ], [ 0.670628065939621, 41.165739663180979 ], [ 0.670925827230841, 41.16574568597283 ], [ 0.670885978597054, 41.166870753053615 ], [ 0.671779278266833, 41.166888817526392 ], [ 0.671763344283166, 41.167338844572427 ], [ 0.672061113054342, 41.167344864620063 ], [ 0.672053146944109, 41.1675698781753 ], [ 0.672946456850227, 41.167587933846129 ], [ 0.672930530461218, 41.168037961210608 ], [ 0.673526074917963, 41.168049994668785 ], [ 0.673510152236285, 41.168500022182243 ], [ 0.674105701122158, 41.168512052753627 ], [ 0.674097741680166, 41.168737066589912 ], [ 0.674693292960974, 41.168749094179624 ], [ 0.674653504569411, 41.169874163683048 ], [ 0.674057943117419, 41.169862135619695 ], [ 0.67402610264377, 41.170762190661286 ], [ 0.674323887393363, 41.170768205266974 ], [ 0.674300009142643, 41.171443246583962 ], [ 0.674597797034081, 41.171449260562611 ], [ 0.674589838454035, 41.171674274362033 ], [ 0.675483205721026, 41.171692311825112 ], [ 0.675475250102544, 41.171917325756425 ], [ 0.675773040389115, 41.171923336753103 ], [ 0.675765085697753, 41.172148350721663 ], [ 0.676062877091719, 41.172154360996537 ], [ 0.676046969473186, 41.172604388997982 ], [ 0.675749176044633, 41.172598378628514 ], [ 0.675733266030966, 41.173048406494814 ], [ 0.677520040161594, 41.173084457741517 ] ], [ [ 0.669211037481337, 41.163684418932554 ], [ 0.669508789169627, 41.163690445142471 ], [ 0.66950081536666, 41.163915458424583 ], [ 0.669203062661533, 41.163909432167245 ], [ 0.669211037481337, 41.163684418932554 ], [ 0.668913285883367, 41.163678391953717 ], [ 0.668905310046794, 41.163903405140971 ], [ 0.668012052744844, 41.163885319448404 ], [ 0.66804396775029, 41.162985267207681 ], [ 0.667746219564184, 41.162979237295367 ], [ 0.667762178557974, 41.162529211209076 ], [ 0.668059924710596, 41.162535241026568 ], [ 0.668051946275631, 41.162760254122198 ], [ 0.6683496935354, 41.162766283218161 ], [ 0.668341716026747, 41.16299129635113 ], [ 0.668937212850924, 41.163003352331145 ], [ 0.668921261629574, 41.163453378756316 ], [ 0.669219012210754, 41.163459405687753 ], [ 0.669211037481337, 41.163684418932554 ] ], [ [ 0.669258884502589, 41.162334339311819 ], [ 0.669266858689913, 41.162109326006231 ], [ 0.668969114209212, 41.162103299359302 ], [ 0.668985064346173, 41.161653272812565 ], [ 0.669282806793497, 41.161659299364658 ], [ 0.669274832786892, 41.161884312690539 ], [ 0.669572576341236, 41.161890338521168 ], [ 0.669556630090388, 41.162340365237263 ], [ 0.669258884502589, 41.162334339311819 ] ], [ [ 0.669064809609896, 41.159403139471515 ], [ 0.669362541890952, 41.159409165549498 ], [ 0.669354568787734, 41.159634178976553 ], [ 0.669056835490125, 41.15962815285117 ], [ 0.669064809609896, 41.159403139471515 ] ] ] ] } },
{ "type": "Feature", "properties": { "DATA_INCEN": "26/06/89", "MUNICIPI": "LA BARONIA DE RIALB", "GRID_CODE": 2, "CODI_FINAL": "L89023004" }, "geometry": { "type": "Polygon", "coordinates": [ [ [ 1.213542756608957, 42.025455851564004 ], [ 1.213240914692159, 42.025451153624537 ], [ 1.213247215980407, 42.02522609724506 ], [ 1.212945375198994, 42.025221398549149 ], [ 1.212964281822818, 42.02454622946324 ], [ 1.213266119413831, 42.024550928048519 ], [ 1.213247215980407, 42.02522609724506 ], [ 1.213549056833716, 42.025230795147664 ], [ 1.213542756608957, 42.025455851564004 ], [ 1.213844598597639, 42.025460548710171 ], [ 1.213832000059516, 42.025910661587609 ], [ 1.214133844247089, 42.025915358014153 ], [ 1.214127545933762, 42.026140414475172 ], [ 1.214429391256724, 42.026145110145258 ], [ 1.214486063918683, 42.024119601316379 ], [ 1.214184228167056, 42.024114905977832 ], [ 1.214190525833732, 42.023889849429757 ], [ 1.213888691217389, 42.023885153334795 ], [ 1.213907586976523, 42.023209983743293 ], [ 1.214209418402674, 42.023214679727779 ], [ 1.214215715781965, 42.022989623141108 ], [ 1.213913885419182, 42.022984927193477 ], [ 1.213920183789993, 42.022759870633955 ], [ 1.21361835456243, 42.022755173929937 ], [ 1.213624653924734, 42.022530117397636 ], [ 1.213020997811914, 42.02252072168362 ], [ 1.21303360057424, 42.022070608737444 ], [ 1.211524472183844, 42.022047105939684 ], [ 1.211518165522034, 42.022272162233328 ], [ 1.211216338996452, 42.022267459257243 ], [ 1.211210031199364, 42.022492515504261 ], [ 1.21151185878827, 42.022497218517245 ], [ 1.211499245104895, 42.022947331056024 ], [ 1.21180107489246, 42.022952033349505 ], [ 1.211794769006209, 42.023177089641266 ], [ 1.212700261990617, 42.023191191873018 ], [ 1.212693959222566, 42.023416248265825 ], [ 1.212392127092456, 42.023411548278212 ], [ 1.212379519213843, 42.023861660961003 ], [ 1.211775850915822, 42.023852258458703 ], [ 1.211738012792539, 42.025202595832589 ], [ 1.212039853286256, 42.025207297701705 ], [ 1.212033547744039, 42.025432353933731 ], [ 1.21173170618684, 42.025427652027716 ], [ 1.211693865041676, 42.026777988995647 ], [ 1.211392017175258, 42.02677328607507 ], [ 1.21138570900232, 42.026998342165641 ], [ 1.211083860144312, 42.026993638414815 ], [ 1.211071241455346, 42.027443750493241 ], [ 1.211373092440534, 42.027448454317913 ], [ 1.211366784051689, 42.027673510379515 ], [ 1.211064932002897, 42.02766880651793 ], [ 1.211052312882036, 42.028118918538432 ], [ 1.211354167058071, 42.028123622473743 ], [ 1.211347858453308, 42.028348678506369 ], [ 1.211649713764975, 42.028353381685299 ], [ 1.211643406151884, 42.028578437745132 ], [ 1.212247119118429, 42.028587841796423 ], [ 1.2122534246042, 42.028362785662814 ], [ 1.212857135731209, 42.028372186466854 ], [ 1.212863439017748, 42.028147130249835 ], [ 1.21316529362549, 42.028151829424928 ], [ 1.213171595776475, 42.027926773161411 ], [ 1.213775303080394, 42.027936169057732 ], [ 1.213781603032228, 42.027711112710854 ], [ 1.214083455728391, 42.027715809432088 ], [ 1.214089754544745, 42.027490753038627 ], [ 1.213787902912193, 42.027486056354256 ], [ 1.213813101713315, 42.026585830831266 ], [ 1.213511254406979, 42.026581133500891 ], [ 1.213517554991134, 42.026356077132867 ], [ 1.213215708820249, 42.026351379045998 ], [ 1.213228311899983, 42.025901266354609 ], [ 1.213530155943807, 42.025905964367716 ], [ 1.213542756608957, 42.025455851564004 ] ] ] } },
{ "type": "Feature", "properties": { "DATA_INCEN": "01/03/89", "MUNICIPI": "LA BISBAL DEL PENEDÃS", "GRID_CODE": 2, "CODI_FINAL": "T89012001" }, "geometry": { "type": "MultiPolygon", "coordinates": [ [ [ [ 1.442779073275375, 41.275823094153992 ], [ 1.442784422379356, 41.27559798195459 ], [ 1.44248602578867, 41.275593946199393 ], [ 1.442480675660228, 41.275819058366963 ], [ 1.442779073275375, 41.275823094153992 ] ] ], [ [ [ 1.456665983525731, 41.281864856609538 ], [ 1.456069129394953, 41.281856855296063 ], [ 1.456079738469359, 41.281406628531897 ], [ 1.456676588501031, 41.281414629719471 ], [ 1.456665983525731, 41.281864856609538 ], [ 1.457262837897138, 41.281872854829984 ], [ 1.457252236780489, 41.282323081808272 ], [ 1.457849095491699, 41.282331077061556 ], [ 1.457854394030477, 41.282105963514155 ], [ 1.458451250932469, 41.282113955611436 ], [ 1.458456547361531, 41.28188884199173 ], [ 1.458754974877891, 41.281892836849018 ], [ 1.458760270222078, 41.28166772318842 ], [ 1.459058696773698, 41.281671717241025 ], [ 1.459069285232282, 41.281221489828752 ], [ 1.457577163322767, 41.281201512147767 ], [ 1.457582462585742, 41.280976398584698 ], [ 1.457284039408915, 41.280972400760277 ], [ 1.457299939911432, 41.280297060108964 ], [ 1.457598360014054, 41.280301057839054 ], [ 1.457619555743549, 41.279400603379436 ], [ 1.45732113973967, 41.279396605775204 ], [ 1.45731583987279, 41.27962171937282 ], [ 1.457017422904395, 41.279617720963955 ], [ 1.457012121952712, 41.279842834520608 ], [ 1.456713704019739, 41.279838835307075 ], [ 1.45671900599612, 41.279613721781899 ], [ 1.456420589147987, 41.279609721826596 ], [ 1.456409983085732, 41.280059948804606 ], [ 1.455514726754249, 41.280047944110549 ], [ 1.455530644979554, 41.279372603912847 ], [ 1.455829060622476, 41.279376606156234 ], [ 1.45583436555255, 41.279151492706674 ], [ 1.45613278023101, 41.279155494145385 ], [ 1.45613808407625, 41.278930380654835 ], [ 1.456734911564347, 41.278938381149665 ], [ 1.456740213300158, 41.278713267586788 ], [ 1.457038626109814, 41.278717266642914 ], [ 1.457049227351714, 41.278267039425842 ], [ 1.457347638172272, 41.278271037645908 ], [ 1.457352937678428, 41.278045923991741 ], [ 1.457949757450683, 41.278053918049423 ], [ 1.457939162476688, 41.278504145474159 ], [ 1.458237574502194, 41.278508141406164 ], [ 1.458226981337054, 41.278958368856102 ], [ 1.457928567262296, 41.278954372861151 ], [ 1.457907376112368, 41.27985482752203 ], [ 1.458504212519349, 41.279862818990267 ], [ 1.458509508347623, 41.27963770527623 ], [ 1.45880792561657, 41.279641699819138 ], [ 1.458786746041886, 41.280542154744239 ], [ 1.459682010505567, 41.280554134110709 ], [ 1.45968730241516, 41.28032902029932 ], [ 1.459985722998409, 41.280333011843595 ], [ 1.459991013823247, 41.2801078979913 ], [ 1.459692594264728, 41.280103906478445 ], [ 1.459697886054235, 41.279878792648219 ], [ 1.459996304588094, 41.279882784129612 ], [ 1.460006885937645, 41.279432556377948 ], [ 1.459708469453174, 41.27942856495936 ], [ 1.45971905261204, 41.278978337232807 ], [ 1.459420638236946, 41.278974345103848 ], [ 1.459415345662854, 41.279199458940411 ], [ 1.45881851504349, 41.279191472300013 ], [ 1.458834398733425, 41.278516130950621 ], [ 1.459132810939169, 41.278520124563151 ], [ 1.45913810435775, 41.278295010729749 ], [ 1.460033338261368, 41.278306986833861 ], [ 1.460038628546035, 41.278081872896763 ], [ 1.459740218209396, 41.278077881666633 ], [ 1.459745509458689, 41.277852767751554 ], [ 1.460342328142764, 41.27786074937579 ], [ 1.460358195383022, 41.27718540738546 ], [ 1.45976138284641, 41.277177425949603 ], [ 1.459771964804776, 41.2767271980346 ], [ 1.45947356067561, 41.276723206219764 ], [ 1.459478852589279, 41.276498092279532 ], [ 1.459180449544658, 41.27649409972301 ], [ 1.459175156606434, 41.276719213631871 ], [ 1.458876752597375, 41.276715220270866 ], [ 1.458871458574563, 41.276940334138786 ], [ 1.45797624383405, 41.276928349322667 ], [ 1.45798154093046, 41.276703235549007 ], [ 1.457683137161681, 41.276699239095514 ], [ 1.457688435222511, 41.276474125343853 ], [ 1.457390032538366, 41.276470128148723 ], [ 1.457395331563591, 41.276245014419139 ], [ 1.457096929964068, 41.276241016482302 ], [ 1.45710222995372, 41.276015902774716 ], [ 1.457699031163904, 41.276023897812379 ], [ 1.457693733223242, 41.276249011582863 ], [ 1.458290536722866, 41.276257003590956 ], [ 1.45830112844607, 41.275806775914752 ], [ 1.458002728715213, 41.275802780360173 ], [ 1.458008025511163, 41.275577666539384 ], [ 1.456217634535203, 41.275553677165512 ], [ 1.456212331592408, 41.275778790797474 ], [ 1.455317133842991, 41.275766785579279 ], [ 1.455311827766566, 41.275991899107332 ], [ 1.453819827599273, 41.275971874790841 ], [ 1.453814516340177, 41.276196988151845 ], [ 1.453516115462951, 41.276192980937722 ], [ 1.453510803119119, 41.276418094257728 ], [ 1.452913999496459, 41.276410077447011 ], [ 1.452924628221854, 41.275959850923719 ], [ 1.453223027954039, 41.275963859652549 ], [ 1.45322834120184, 41.275738746345183 ], [ 1.453825138798102, 41.275746761420393 ], [ 1.453830449936675, 41.275521648040559 ], [ 1.455322439859241, 41.275541672041818 ], [ 1.455327745815296, 41.275316558494922 ], [ 1.456521334739066, 41.275332563654331 ], [ 1.456526636537132, 41.275107449971998 ], [ 1.457421825788205, 41.275119445629798 ], [ 1.457427124452806, 41.274894331843655 ], [ 1.457128729000105, 41.274890334095637 ], [ 1.457134028629015, 41.274665220331464 ], [ 1.457432423057294, 41.274669218048061 ], [ 1.457437721601693, 41.274444104243017 ], [ 1.457736115065686, 41.274448101155059 ], [ 1.457746709925333, 41.273997873453858 ], [ 1.458045101400628, 41.274001869529897 ], [ 1.458050397715923, 41.27377675563374 ], [ 1.458945569429053, 41.273788739129316 ], [ 1.458950862611143, 41.273563625129363 ], [ 1.458354083457764, 41.273555636968233 ], [ 1.458359378628558, 41.273330523021713 ], [ 1.458060990166303, 41.27332652781304 ], [ 1.458055693971133, 41.273551641728098 ], [ 1.457757304544645, 41.273547645714913 ], [ 1.457752007265027, 41.273772759589093 ], [ 1.457453616874236, 41.273768762771439 ], [ 1.457458915178218, 41.273543648928722 ], [ 1.45716052587189, 41.273539651369475 ], [ 1.457155226543568, 41.273764765180744 ], [ 1.45596166582214, 41.273748767087483 ], [ 1.455956362336166, 41.27397388076335 ], [ 1.45535958028763, 41.273965877015485 ], [ 1.455370191296926, 41.273515649780251 ], [ 1.454773413586651, 41.27350764306621 ], [ 1.454778721049732, 41.273282529497465 ], [ 1.454480333309269, 41.273278525012415 ], [ 1.454475024821822, 41.273503638549634 ], [ 1.453878247472847, 41.273495627197377 ], [ 1.453883558008992, 41.273270513723233 ], [ 1.453585170449202, 41.273266506919086 ], [ 1.453590481949486, 41.273041393467032 ], [ 1.453292095474271, 41.27303738592142 ], [ 1.453297407938605, 41.272812272491478 ], [ 1.452402251947663, 41.272800245311181 ], [ 1.452396936410393, 41.273025358646471 ], [ 1.451800164002631, 41.273017336598059 ], [ 1.451794846356373, 41.273242449860781 ], [ 1.451496459218646, 41.273238437645489 ], [ 1.451491140487713, 41.273463550867227 ], [ 1.450297588442925, 41.273447494149352 ], [ 1.450292265554258, 41.273672607235241 ], [ 1.449993876669641, 41.273668591091564 ], [ 1.449988552696219, 41.27389370413642 ], [ 1.448198214511099, 41.273869590851099 ], [ 1.448192884331081, 41.274094703696754 ], [ 1.447894493820726, 41.274090682078523 ], [ 1.447889162555854, 41.274315794883051 ], [ 1.447590771081631, 41.274311772460237 ], [ 1.447596103370919, 41.274086659687342 ], [ 1.447297712981563, 41.274082636523062 ], [ 1.44728704629376, 41.274532861996015 ], [ 1.447585438731883, 41.274536885223611 ], [ 1.447580106321617, 41.274761997977599 ], [ 1.446684926115599, 41.274749925880649 ], [ 1.446674254967111, 41.275200151170282 ], [ 1.446375859637321, 41.275196125528488 ], [ 1.446365186197828, 41.275646350716976 ], [ 1.445469994425093, 41.275634268962996 ], [ 1.445464654541178, 41.27585938144793 ], [ 1.444867858279961, 41.275851323016433 ], [ 1.444873200212805, 41.275626210594872 ], [ 1.444276406242909, 41.275618149134459 ], [ 1.444271062261197, 41.275843261492582 ], [ 1.442779073275375, 41.275823094153992 ], [ 1.442773724110721, 41.276048206343923 ], [ 1.441281731519714, 41.276028019519316 ], [ 1.441276377172041, 41.276253131540926 ], [ 1.441574776593238, 41.276257170483802 ], [ 1.441569423209279, 41.276482282527816 ], [ 1.44127102276359, 41.276478243553107 ], [ 1.441265668294403, 41.27670335555586 ], [ 1.440967266884944, 41.276699315776263 ], [ 1.440961911330506, 41.276924427737789 ], [ 1.441260313764471, 41.27692846754919 ], [ 1.441254959173801, 41.277153579533049 ], [ 1.441553362693033, 41.277157618603113 ], [ 1.4415373016302, 41.277832954593421 ], [ 1.44123889503738, 41.277828915427961 ], [ 1.441228185309361, 41.278279139310754 ], [ 1.442421820241641, 41.278295291587909 ], [ 1.442416469384836, 41.278520403642261 ], [ 1.442714879294295, 41.278524439810433 ], [ 1.442709529401409, 41.278749551887103 ], [ 1.443604762567656, 41.278761655847994 ], [ 1.443599415687943, 41.278986768010526 ], [ 1.444196240151339, 41.278994833515398 ], [ 1.44419089526021, 41.279219945731946 ], [ 1.444489308607513, 41.279223977356374 ], [ 1.444483964680366, 41.279449089595225 ], [ 1.444782379112918, 41.279453120478216 ], [ 1.444771693126135, 41.279903344991055 ], [ 1.445666942935386, 41.279915433191164 ], [ 1.4456616029251, 41.28014054552856 ], [ 1.445960020674071, 41.280144573413878 ], [ 1.44595468162787, 41.280369685773564 ], [ 1.446253100462085, 41.280373712917388 ], [ 1.446247762380048, 41.280598825299371 ], [ 1.447143022320107, 41.280610902186652 ], [ 1.447137687251639, 41.28083601465417 ], [ 1.446839266186358, 41.280831989766597 ], [ 1.446833930032698, 41.281057102193081 ], [ 1.44743077427323, 41.281065151258353 ], [ 1.44743610837745, 41.280840038768538 ], [ 1.448032950810603, 41.280848084677551 ], [ 1.44803828280492, 41.280622972114983 ], [ 1.448336703087494, 41.280626993878009 ], [ 1.448331372117932, 41.280852106472224 ], [ 1.44862979348571, 41.280856127493628 ], [ 1.448635123430594, 41.280631014867815 ], [ 1.449231964298127, 41.280639054527732 ], [ 1.449237292133072, 41.280413941829174 ], [ 1.449535711632814, 41.280417960467666 ], [ 1.449530384822582, 41.280643073197851 ], [ 1.44982880540745, 41.280647091094799 ], [ 1.449823479561485, 41.280872203847153 ], [ 1.450121901231527, 41.280876221002465 ], [ 1.450127226052752, 41.280651108218471 ], [ 1.450724067524592, 41.28065914014622 ], [ 1.450718744752812, 41.280884252993388 ], [ 1.451315588515635, 41.280892281891411 ], [ 1.451320909237968, 41.280667168981019 ], [ 1.451619330185216, 41.280671182238585 ], [ 1.451603370911332, 41.281346521036276 ], [ 1.451901794993186, 41.281350533615345 ], [ 1.451896476139273, 41.281575646560611 ], [ 1.452194901306205, 41.281579658398044 ], [ 1.452200219135328, 41.28135454542123 ], [ 1.453095491923755, 41.281366576199261 ], [ 1.453100806618272, 41.281141463118345 ], [ 1.453697653395876, 41.281149479707707 ], [ 1.453702965980651, 41.280924366554196 ], [ 1.454001388435123, 41.28092837365746 ], [ 1.454006699934864, 41.280703260463028 ], [ 1.45430512142487, 41.280707266761546 ], [ 1.454310431839649, 41.280482153526108 ], [ 1.454608852365166, 41.280486159019915 ], [ 1.454614161694981, 41.28026104574348 ], [ 1.454912581256043, 41.280265050432526 ], [ 1.454917889500918, 41.280039937115163 ], [ 1.455216308097477, 41.280043940999498 ], [ 1.455211000877284, 41.280269054348352 ], [ 1.454912581256043, 41.280265050432526 ], [ 1.454907272950921, 41.28049016374046 ], [ 1.455802535069472, 41.280502173262775 ], [ 1.455797229778335, 41.280727286655797 ], [ 1.454901964585587, 41.280715277038929 ], [ 1.454896656160059, 41.280940390328006 ], [ 1.455195078855509, 41.280944394338363 ], [ 1.4551791562918, 41.281619734243506 ], [ 1.455477582121743, 41.281623737575174 ], [ 1.455472275504892, 41.28184885088951 ], [ 1.45577070241983, 41.281852853479442 ], [ 1.455765396767547, 41.282077966815841 ], [ 1.456063824767484, 41.282081968663967 ], [ 1.456058520079839, 41.28230708202252 ], [ 1.456356949164751, 41.282311083128839 ], [ 1.456362252827604, 41.282085969738844 ], [ 1.456660680947873, 41.282089970040481 ], [ 1.456665983525731, 41.281864856609538 ] ], [ [ 1.442741627848375, 41.2773988792854 ], [ 1.442746977377147, 41.277173767152135 ], [ 1.442448573615069, 41.27716973117456 ], [ 1.442453924107662, 41.276944619063578 ], [ 1.441857118814623, 41.276936544852575 ], [ 1.441862471295518, 41.276711432795722 ], [ 1.442160872887186, 41.276715470255951 ], [ 1.442166224282898, 41.27649035815783 ], [ 1.442464624910767, 41.276494394813284 ], [ 1.442459274539565, 41.276719506943117 ], [ 1.442757676252624, 41.276723542857155 ], [ 1.442752326845219, 41.276948655009356 ], [ 1.443050729643487, 41.276952690182064 ], [ 1.443040032695687, 41.277402914521623 ], [ 1.442741627848375, 41.2773988792854 ] ], [ [ 1.45234909386135, 41.275051378239588 ], [ 1.452359725961023, 41.274601151729371 ], [ 1.452658119425958, 41.274605161814982 ], [ 1.45266343436094, 41.274380048514161 ], [ 1.45236504192039, 41.274376038460126 ], [ 1.452370357819484, 41.274150925181416 ], [ 1.452071966463648, 41.274146914385867 ], [ 1.45208791687221, 41.273471574587951 ], [ 1.453579858888737, 41.273491620361739 ], [ 1.453558612044251, 41.274392074037955 ], [ 1.453857004725889, 41.274396080999779 ], [ 1.453867626219848, 41.273945854117471 ], [ 1.455061189353671, 41.273961873981968 ], [ 1.455055882734329, 41.274186987553946 ], [ 1.454757490836161, 41.274182983715868 ], [ 1.454752183132258, 41.274408097246898 ], [ 1.454155397467777, 41.274400087188539 ], [ 1.454144777781651, 41.274850314096241 ], [ 1.453249593590264, 41.274838293021489 ], [ 1.45324428058355, 41.275063406366563 ], [ 1.45234909386135, 41.275051378239588 ] ] ] ] } },
{ "type": "Feature", "properties": { "DATA_INCEN": "02/07/89", "MUNICIPI": "LLANÃÃ", "GRID_CODE": 2, "CODI_FINAL": "G89002014" }, "geometry": { "type": "MultiPolygon", "coordinates": [ [ [ [ 3.112426652728553, 42.369602585229046 ], [ 3.112730284117772, 42.369602285386769 ], [ 3.11273068901802, 42.369827437427574 ], [ 3.113034321486973, 42.369827136778866 ], [ 3.113033915502364, 42.369601984740406 ], [ 3.11364117825762, 42.369601381035444 ], [ 3.113641994568944, 42.370051685094033 ], [ 3.113945628108315, 42.370051382030681 ], [ 3.113946037355359, 42.370276534044294 ], [ 3.112731498832397, 42.370277741482539 ], [ 3.112731903746526, 42.370502893496699 ], [ 3.111820996552489, 42.370503790639326 ], [ 3.111821398218013, 42.370728942651624 ], [ 3.110910487729439, 42.370729832564223 ], [ 3.110910886146284, 42.370954984574595 ], [ 3.10999997236347, 42.370955867257059 ], [ 3.110000367531561, 42.371181019265457 ], [ 3.109089450454805, 42.371181894717658 ], [ 3.109089842374066, 42.37140704672403 ], [ 3.108786202255061, 42.371407336935441 ], [ 3.108786983938083, 42.371857640926066 ], [ 3.108483341645679, 42.371857930337882 ], [ 3.10848451095021, 42.372533386264024 ], [ 3.108180865399858, 42.372533674878454 ], [ 3.108182031490864, 42.373209130731482 ], [ 3.107878382682466, 42.373209418548484 ], [ 3.10787877030379, 42.37343457048398 ], [ 3.10818242019675, 42.373434282664746 ], [ 3.108182808907076, 42.373659434589115 ], [ 3.108486459880166, 42.37365914596343 ], [ 3.108486849679518, 42.373884297876671 ], [ 3.108790501732741, 42.373884008444534 ], [ 3.108790892621143, 42.374109160346634 ], [ 3.109701852007755, 42.374108287218121 ], [ 3.109702246154453, 42.374333439104532 ], [ 3.110005900358943, 42.374333146450986 ], [ 3.110006295594767, 42.374558298326228 ], [ 3.110309950879362, 42.374558004866181 ], [ 3.110310347204337, 42.374783156730253 ], [ 3.110917659929198, 42.37478256739287 ], [ 3.110917261434956, 42.37455741553341 ], [ 3.111828227234166, 42.37455652550257 ], [ 3.111827825490612, 42.374331373641191 ], [ 3.112435133831243, 42.374330776270845 ], [ 3.112434729923062, 42.374105624405246 ], [ 3.113345689145536, 42.374104722325178 ], [ 3.113344874835478, 42.373654418581445 ], [ 3.113648525731167, 42.373654116284399 ], [ 3.113648117498545, 42.373428964401576 ], [ 3.113951767304998, 42.373428661302704 ], [ 3.113952176622191, 42.373653813183147 ], [ 3.114255827508539, 42.373653509277709 ], [ 3.114255417106774, 42.373428357399632 ], [ 3.115470016266858, 42.373427133745444 ], [ 3.115469601531547, 42.373201981868071 ], [ 3.115773250225192, 42.373201673946447 ], [ 3.115772834410074, 42.372976522062594 ], [ 3.116076482014421, 42.3729762133392 ], [ 3.116075648229385, 42.372525909549687 ], [ 3.116682939085666, 42.372525289700071 ], [ 3.116682520031276, 42.372300137796842 ], [ 3.117593453026225, 42.372299201998487 ], [ 3.117593875334141, 42.372524353894399 ], [ 3.118504811539182, 42.372523410851258 ], [ 3.118504385977741, 42.372298258962701 ], [ 3.118808030285203, 42.372297943009137 ], [ 3.118807603644129, 42.372072791114164 ], [ 3.119414890075422, 42.37207215679949 ], [ 3.119415747700454, 42.372522460570615 ], [ 3.119112102318248, 42.372522778134993 ], [ 3.119112957793828, 42.372973081875571 ], [ 3.119720252891448, 42.372972445932703 ], [ 3.119719822982148, 42.372747294071829 ], [ 3.120023469439063, 42.372746974896636 ], [ 3.120022607466173, 42.372296671153237 ], [ 3.120326251749133, 42.372296351178861 ], [ 3.12032581968558, 42.37207119929635 ], [ 3.120933106067684, 42.372070556940152 ], [ 3.120932671840103, 42.371845405053797 ], [ 3.121236313939235, 42.371845082671989 ], [ 3.121235878632145, 42.371619930779275 ], [ 3.121539519641832, 42.371619607595839 ], [ 3.121538210497074, 42.370944151871988 ], [ 3.1221454859948, 42.370943503107924 ], [ 3.122145047454347, 42.370718351187286 ], [ 3.122448684111278, 42.370718025601626 ], [ 3.122447804876602, 42.370267721738813 ], [ 3.12335870831079, 42.37026674017249 ], [ 3.123358265447838, 42.370041588235424 ], [ 3.123661898831411, 42.370041259441024 ], [ 3.123660567019849, 42.369365803584301 ], [ 3.12335693688935, 42.369366132371013 ], [ 3.123356494046643, 42.369140980398427 ], [ 3.122749235939142, 42.369141635554463 ], [ 3.122748795270138, 42.368916483567908 ], [ 3.121534283332088, 42.368917784220983 ], [ 3.121534719663807, 42.369142936217713 ], [ 3.121231090582476, 42.369143259373352 ], [ 3.121230220092656, 42.368692955365958 ], [ 3.121533847005355, 42.368692632215371 ], [ 3.121533410683609, 42.368467480200898 ], [ 3.121837036507026, 42.368467156248776 ], [ 3.121836161709936, 42.368016852198238 ], [ 3.122139785359799, 42.368016527447161 ], [ 3.122139346884492, 42.367791375411109 ], [ 3.122442969445085, 42.367791049858539 ], [ 3.122442529890542, 42.367565897816156 ], [ 3.122746151361866, 42.367565571462094 ], [ 3.122745710728112, 42.367340419413388 ], [ 3.122442090341023, 42.367340745764885 ], [ 3.122441650796526, 42.367115593704753 ], [ 3.122745270099394, 42.3671152673558 ], [ 3.122744388857063, 42.366664963213992 ], [ 3.123048005986488, 42.366664636066147 ], [ 3.123047564288691, 42.366439483984493 ], [ 3.123351180328884, 42.366439156035206 ], [ 3.123350294780102, 42.365988851850375 ], [ 3.12304668090824, 42.365989179794532 ], [ 3.123046239225587, 42.36576402768624 ], [ 3.12243901363503, 42.365764681157508 ], [ 3.122438574125693, 42.365539529035217 ], [ 3.122742185839354, 42.365539202704134 ], [ 3.122741745250918, 42.365314050575527 ], [ 3.123045355875421, 42.365313723443023 ], [ 3.123043589235657, 42.364413114850031 ], [ 3.123347195518748, 42.364412786923843 ], [ 3.12334631006104, 42.363962482579204 ], [ 3.123649914170963, 42.363962153854182 ], [ 3.123649470365663, 42.363737001671133 ], [ 3.123953073386478, 42.363736672144775 ], [ 3.123952183623059, 42.363286367757176 ], [ 3.124255784470758, 42.363286037432054 ], [ 3.124254446611801, 42.362610580791831 ], [ 3.122736458582381, 42.362612224339792 ], [ 3.122736018059393, 42.362387072095778 ], [ 3.121825228433118, 42.362388048570267 ], [ 3.121825665704221, 42.362613200821912 ], [ 3.121522068068158, 42.362613524708188 ], [ 3.121522940457397, 42.363063829189919 ], [ 3.120612141015468, 42.363064796040533 ], [ 3.120611708070315, 42.362839643796548 ], [ 3.11970091183582, 42.362840603404543 ], [ 3.119700052464164, 42.362390298874935 ], [ 3.120003649045986, 42.362389979814495 ], [ 3.120004079813322, 42.362615132081231 ], [ 3.121522068068158, 42.362613524708188 ], [ 3.121521631881015, 42.362388372454006 ], [ 3.121825228433118, 42.362388048570267 ], [ 3.121824791167009, 42.362162896309748 ], [ 3.122128386630166, 42.362162571624665 ], [ 3.122127948285119, 42.361937419357808 ], [ 3.122735137028519, 42.361936767581113 ], [ 3.122734696520633, 42.361711615310462 ], [ 3.123038289800864, 42.361711288218871 ], [ 3.1230378482141, 42.361486135941902 ], [ 3.123341440405374, 42.361485808049018 ], [ 3.123340997739758, 42.361260655765726 ], [ 3.123948179939319, 42.361259997573526 ], [ 3.123947735110988, 42.361034845286518 ], [ 3.124251325119263, 42.361034514987232 ], [ 3.124249987413184, 42.360359058080654 ], [ 3.122732053579023, 42.360360701500149 ], [ 3.122732494056707, 42.36058585382407 ], [ 3.122428906190875, 42.360586180099027 ], [ 3.122427588024434, 42.359910723093016 ], [ 3.121213249517068, 42.359912020124199 ], [ 3.121212814473546, 42.359686867760949 ], [ 3.121516398024063, 42.359686544711394 ], [ 3.121515961901712, 42.359461392341814 ], [ 3.121819544363445, 42.359461068490994 ], [ 3.12181910716229, 42.359235916115061 ], [ 3.121211944401415, 42.359236563007855 ], [ 3.121211509372807, 42.359011410617981 ], [ 3.120604348759599, 42.359012054290574 ], [ 3.120604781620657, 42.359237206685471 ], [ 3.119997618820113, 42.359237847147917 ], [ 3.119997188126606, 42.359012694748017 ], [ 3.12030076844557, 42.359012374921178 ], [ 3.120300336673221, 42.358787222514906 ], [ 3.122121811980378, 42.358785286689546 ], [ 3.122122250255305, 42.359010439080706 ], [ 3.123943731884745, 42.359008474303906 ], [ 3.123943287107243, 42.358783321928122 ], [ 3.124246866277337, 42.35878299165465 ], [ 3.124246420421168, 42.358557839272564 ], [ 3.125157154649582, 42.35855684363726 ], [ 3.125156705547295, 42.358331691254072 ], [ 3.123942397567487, 42.358333017149896 ], [ 3.123942842334824, 42.35855816954345 ], [ 3.1233356861469, 42.358558827673903 ], [ 3.123335243547039, 42.358333675275205 ], [ 3.123638820559798, 42.358333346614444 ], [ 3.12363793320781, 42.357883041795574 ], [ 3.123941508048061, 42.357882712336178 ], [ 3.123941063295971, 42.357657559916007 ], [ 3.125155358271228, 42.357656234051277 ], [ 3.12515490918947, 42.357431081632583 ], [ 3.125458481836798, 42.357430748159643 ], [ 3.125458031676497, 42.35720559573469 ], [ 3.125761603235005, 42.357205261460614 ], [ 3.125760700762521, 42.356754956589285 ], [ 3.125457131371325, 42.356755290858139 ], [ 3.125456681226455, 42.356530138406534 ], [ 3.125153112913754, 42.356530471869064 ], [ 3.125150418654125, 42.355179556957438 ], [ 3.124846856837859, 42.355179889600628 ], [ 3.124846408896098, 42.354954737081691 ], [ 3.124542848158264, 42.354955068918606 ], [ 3.124541954457164, 42.354504763848908 ], [ 3.124845513027931, 42.354504432017173 ], [ 3.12484416926407, 42.353828974353817 ], [ 3.125147724579215, 42.353828641726217 ], [ 3.125147275584688, 42.353603489156626 ], [ 3.125450829811224, 42.353603155727995 ], [ 3.125450379738365, 42.353378003152109 ], [ 3.126057486009069, 42.353377333889199 ], [ 3.126057033774448, 42.353152181309667 ], [ 3.126360585818602, 42.353151845475388 ], [ 3.12636013250571, 42.352926692889618 ], [ 3.126967234411589, 42.352926018815474 ], [ 3.126966778937022, 42.352700866226087 ], [ 3.126359679197997, 42.352701540294973 ], [ 3.126359225895464, 42.352476387691439 ], [ 3.126662774684158, 42.35247605106143 ], [ 3.126662320303404, 42.352250898451665 ], [ 3.126965868003504, 42.352250561020703 ], [ 3.126965412544552, 42.352025408404678 ], [ 3.127268959156058, 42.352025070172758 ], [ 3.127269415698399, 42.352250222786139 ], [ 3.127572963388078, 42.352249883747966 ], [ 3.127572048141846, 42.351799578517657 ], [ 3.127875593659528, 42.351799238681217 ], [ 3.127875134960892, 42.351574086055393 ], [ 3.129392857053611, 42.351572374832791 ], [ 3.129393321169069, 42.351797527445235 ], [ 3.129089775677719, 42.351797871299588 ], [ 3.129090238715104, 42.352023023905844 ], [ 3.128786692135086, 42.352023366959308 ], [ 3.128787154094374, 42.352248519559353 ], [ 3.128483606425688, 42.352248861811908 ], [ 3.128484067306853, 42.352474014405757 ], [ 3.12787696978689, 42.352474696505396 ], [ 3.127877428506494, 42.3526998490957 ], [ 3.128788078028787, 42.352698824732812 ], [ 3.128787616058941, 42.352473672150523 ], [ 3.12969826228348, 42.352472640563242 ], [ 3.129697797068709, 42.352247487980136 ], [ 3.130304892358372, 42.352246796242667 ], [ 3.130304424982139, 42.352021643656101 ], [ 3.130911518083661, 42.352020948709686 ], [ 3.130911048546017, 42.351795796119667 ], [ 3.131214594005359, 42.351795447443799 ], [ 3.131214123389717, 42.351570294847612 ], [ 3.130910579013739, 42.351570643520759 ], [ 3.130910109486827, 42.351345490912969 ], [ 3.130606566188834, 42.351345838779835 ], [ 3.130606097750627, 42.351120686160449 ], [ 3.13030255553062, 42.351121033221006 ], [ 3.130302088181093, 42.350895880590038 ], [ 3.129695005891723, 42.350896572295049 ], [ 3.129694540714165, 42.3506714196498 ], [ 3.129391000644814, 42.350671764294262 ], [ 3.129390536555874, 42.350446611637445 ], [ 3.128479919565959, 42.350447640741507 ], [ 3.128478997903689, 42.349997335385126 ], [ 3.128782534739043, 42.349996993159344 ], [ 3.128781610931319, 42.349546687772808 ], [ 3.128478076262483, 42.349547029993246 ], [ 3.128477615449779, 42.349321877283991 ], [ 3.128174081858918, 42.349322218698241 ], [ 3.128174541588382, 42.349547371410168 ], [ 3.127871006909027, 42.349547712023558 ], [ 3.127871924217196, 42.349998017426103 ], [ 3.127568387366082, 42.349998357241304 ], [ 3.12756747222443, 42.34954805183343 ], [ 3.127263937534606, 42.349548390839793 ], [ 3.127263024580337, 42.349098085391105 ], [ 3.126959492051765, 42.349098423588657 ], [ 3.12695903666567, 42.348873270848358 ], [ 3.126655505215111, 42.348873608239757 ], [ 3.126655050917423, 42.348648455487947 ], [ 3.126351520544876, 42.348648792073206 ], [ 3.126351973759359, 42.348873944827645 ], [ 3.125441379361082, 42.34887494977032 ], [ 3.125441829331097, 42.349100102523742 ], [ 3.125138296771489, 42.34910043590024 ], [ 3.125139194560473, 42.34955074138567 ], [ 3.126049798723269, 42.349549738829978 ], [ 3.126051155194607, 42.350225196968033 ], [ 3.124229927324067, 42.350227194894565 ], [ 3.124229481661456, 42.350002042175142 ], [ 3.123925944748416, 42.350002372347909 ], [ 3.123925500174164, 42.349777219617039 ], [ 3.123318428499388, 42.349777877546849 ], [ 3.123318870907107, 42.350003030282878 ], [ 3.123015333978864, 42.350003358045058 ], [ 3.12301489265441, 42.349778205306464 ], [ 3.122104285089273, 42.349779183764156 ], [ 3.122103408954982, 42.349328878245039 ], [ 3.121496341552835, 42.349329526522389 ], [ 3.121495905659657, 42.349104373744446 ], [ 3.121192373034336, 42.349104696675319 ], [ 3.121191503429341, 42.34865439108777 ], [ 3.120584442496651, 42.348655034528925 ], [ 3.120584875130255, 42.348880187332171 ], [ 3.119977812011383, 42.348880827564358 ], [ 3.119978242483494, 42.349105980363724 ], [ 3.119674709833457, 42.349106299277061 ], [ 3.119674280444562, 42.348881146475193 ], [ 3.119370748872836, 42.348881464582526 ], [ 3.119370320572053, 42.34865631176929 ], [ 3.119066790078639, 42.348656629070632 ], [ 3.119066362865941, 42.348431476246056 ], [ 3.118459304030868, 42.348432108433308 ], [ 3.118459729077179, 42.348657261262858 ], [ 3.117852668056295, 42.348657890241064 ], [ 3.117853090941051, 42.348883043066635 ], [ 3.11754955934015, 42.348883356352957 ], [ 3.11754998114652, 42.349108509172098 ], [ 3.117246448457582, 42.349108821657346 ], [ 3.117246869185541, 42.349333974470063 ], [ 3.117550402957711, 42.349333661982371 ], [ 3.117551246594548, 42.349783967576272 ], [ 3.117854782528395, 42.349783654280159 ], [ 3.117855205437311, 42.350008807061357 ], [ 3.117551668420196, 42.350009120359921 ], [ 3.117552090250663, 42.350234273134681 ], [ 3.117855628351057, 42.350233959833666 ], [ 3.117856474193048, 42.35068426535166 ], [ 3.117552933926057, 42.350684578657578 ], [ 3.117553355770982, 42.3509097314057 ], [ 3.117249814415854, 42.350910043910488 ], [ 3.117250235182271, 42.351135196652194 ], [ 3.116946692739005, 42.35113550835586 ], [ 3.116947112426887, 42.351360661091121 ], [ 3.118161286504423, 42.351359409445251 ], [ 3.11816255859724, 42.352034867568392 ], [ 3.118466105354643, 42.35203455264061 ], [ 3.118466530478663, 42.352259705328123 ], [ 3.118162982637868, 42.35226002025837 ], [ 3.118164254788824, 42.352935478274993 ], [ 3.117860703692936, 42.352935792409021 ], [ 3.117861126669503, 42.35316094506593 ], [ 3.117557574485342, 42.353161258398785 ], [ 3.117557996383288, 42.353386411049264 ], [ 3.117254443110852, 42.353386723580925 ], [ 3.117254863930153, 42.353611876224974 ], [ 3.117558418286056, 42.353611563690876 ], [ 3.117559262106052, 42.354061868947447 ], [ 3.11725570558318, 42.354062181486448 ], [ 3.117259493259818, 42.356088554723648 ], [ 3.116045228112466, 42.35608979693054 ], [ 3.116044811574682, 42.355864644374428 ], [ 3.115437681139607, 42.355865260650816 ], [ 3.115436852412654, 42.355414955502326 ], [ 3.115740415465396, 42.3554146477708 ], [ 3.115740000025456, 42.355189495185641 ], [ 3.115132876082368, 42.35519010984023 ], [ 3.11513246281428, 42.354964957241386 ], [ 3.114525341019412, 42.354965568676469 ], [ 3.114524929923129, 42.35474041606399 ], [ 3.114221370102184, 42.354740720573631 ], [ 3.114221780114927, 42.354965873188497 ], [ 3.113311097373413, 42.354966781902561 ], [ 3.113310690611294, 42.354741629280589 ], [ 3.113007130771686, 42.354741930575564 ], [ 3.113007536450264, 42.354967083199888 ], [ 3.112703975522481, 42.354967383693555 ], [ 3.11270438012214, 42.355192536311357 ], [ 3.11240081810618, 42.355192836003702 ], [ 3.11240001107858, 42.354742530754528 ], [ 3.112703570927445, 42.354742231066879 ], [ 3.11270316633703, 42.354517078431329 ], [ 3.113310283853822, 42.354516476649735 ], [ 3.113309470352819, 42.354066171361396 ], [ 3.113613026937229, 42.354065869269832 ], [ 3.113611803470139, 42.353390411277829 ], [ 3.112701143454291, 42.35339131512039 ], [ 3.112701548021595, 42.353616467800322 ], [ 3.112397993590252, 42.353616767476275 ], [ 3.112398397078698, 42.353841920149677 ], [ 3.112094841559266, 42.353842219024308 ], [ 3.112095243968829, 42.354067371691173 ], [ 3.111488130749201, 42.354067967034162 ], [ 3.111488530996353, 42.354293119696791 ], [ 3.110881415591426, 42.354293711829833 ], [ 3.110881017511282, 42.354068559162556 ], [ 3.110577460885495, 42.354068854021286 ], [ 3.110577857882134, 42.354294006690878 ], [ 3.109667184727096, 42.354294886452031 ], [ 3.109666003502217, 42.353619428396051 ], [ 3.109362449025335, 42.353619720035617 ], [ 3.109362056376172, 42.35339456733027 ], [ 3.1087549495759, 42.353395148193961 ], [ 3.108755340058128, 42.353620300903856 ], [ 3.10632690401186, 42.353622592231311 ], [ 3.106327285830704, 42.35384774495023 ], [ 3.105416618990605, 42.353848590944651 ], [ 3.105416997563331, 42.35407374366131 ], [ 3.104202770715409, 42.354074860411558 ], [ 3.104203144958437, 42.354300013128075 ], [ 3.103899587152232, 42.354300290308679 ], [ 3.103899960316017, 42.354525443018495 ], [ 3.103596401422032, 42.354525719397593 ], [ 3.103596773506549, 42.354750872100674 ], [ 3.102989653538778, 42.354751422452203 ], [ 3.102990023460457, 42.354976575150715 ], [ 3.103293584530006, 42.354976300374638 ], [ 3.103293955539467, 42.355201453062122 ], [ 3.102990393386364, 42.355201727840338 ], [ 3.102991133250851, 42.355652033192975 ], [ 3.102687568926374, 42.355652307171809 ], [ 3.102688306640565, 42.356102612493217 ], [ 3.102384740144676, 42.35610288567262 ], [ 3.102385843496673, 42.356778343594563 ], [ 3.102082273745693, 42.356778615976644 ], [ 3.102083007167373, 42.357228921217818 ], [ 3.10177943524488, 42.357229192800403 ], [ 3.101779800878324, 42.357454345409813 ], [ 3.101476227867975, 42.357454616190779 ], [ 3.101476956979993, 42.357904921387167 ], [ 3.10178053215774, 42.357904650601967 ], [ 3.101780166515943, 42.357679498010327 ], [ 3.102083740605808, 42.357679226423478 ], [ 3.102084107331309, 42.357904379012993 ], [ 3.10238768250069, 42.357904106620289 ], [ 3.102388418131706, 42.358354411768438 ], [ 3.102084840794878, 42.35835468416542 ], [ 3.102085574275203, 42.358804989282319 ], [ 3.101781994766691, 42.358805260879784 ], [ 3.10178236042937, 42.359030413427035 ], [ 3.10208594102165, 42.359030141827468 ], [ 3.102086307772285, 42.359255294363713 ], [ 3.102693471111823, 42.359254748748953 ], [ 3.102693840034231, 42.359479901272074 ], [ 3.104211753728068, 42.359478523157954 ], [ 3.104211379386704, 42.359253370645604 ], [ 3.10481854266681, 42.359252813777708 ], [ 3.104818166162163, 42.359027661260825 ], [ 3.105425327257509, 42.359027101182129 ], [ 3.105424569926079, 42.358576796130478 ], [ 3.105728148299749, 42.358576514889847 ], [ 3.105728907798698, 42.359026819937085 ], [ 3.106032488335551, 42.359026537888262 ], [ 3.106032869175311, 42.359251690396377 ], [ 3.106943614011049, 42.359250839420532 ], [ 3.106943998106534, 42.359475991913101 ], [ 3.107247580793478, 42.359475706644673 ], [ 3.107247965977153, 42.359700859126143 ], [ 3.107855133505434, 42.3597002861734 ], [ 3.107855908221271, 42.360150591100748 ], [ 3.108159494146423, 42.360150303414166 ], [ 3.10815988259482, 42.360375455862282 ], [ 3.108463469599375, 42.360375167369625 ], [ 3.108463859136061, 42.360600319806608 ], [ 3.108767447220019, 42.360600030507868 ], [ 3.108768228474486, 42.361050335350683 ], [ 3.109071818721722, 42.36105004524358 ], [ 3.10907260216183, 42.361500350046356 ], [ 3.109679786978448, 42.361499767411502 ], [ 3.109680180873044, 42.36172491979503 ], [ 3.109983774358524, 42.361724627269531 ], [ 3.109984169341546, 42.361949779641883 ], [ 3.11028776390644, 42.36194948631023 ], [ 3.110288159977914, 42.362174638671412 ], [ 3.110591755622221, 42.362174344533592 ], [ 3.110592549946662, 42.362624649224735 ], [ 3.110896147754346, 42.362624354278445 ], [ 3.110899732195177, 42.364650724928431 ], [ 3.111203339754543, 42.364650429157443 ], [ 3.111203739132587, 42.36487558140518 ], [ 3.11211456503552, 42.364874689261541 ], [ 3.112115370309934, 42.36532499371647 ], [ 3.112418981103272, 42.365324694722666 ], [ 3.112419384831505, 42.365549846934471 ], [ 3.112115772954041, 42.365550145930605 ], [ 3.112118591591611, 42.367126211181066 ], [ 3.112422211058295, 42.367125912168582 ], [ 3.112423018593183, 42.367576216441286 ], [ 3.112726640223716, 42.367575916620105 ], [ 3.112727045082329, 42.367801068740796 ], [ 3.113030667792484, 42.367800768113234 ], [ 3.113031479692123, 42.368251072323282 ], [ 3.113335104566174, 42.368250770886988 ], [ 3.113335511607237, 42.368475922976344 ], [ 3.113639137560923, 42.368475620733626 ], [ 3.113639545690935, 42.368700772811749 ], [ 3.113335918652951, 42.368701075056819 ], [ 3.113336325703316, 42.368926227128419 ], [ 3.113032697576369, 42.368926528571798 ], [ 3.113033103547063, 42.369151680636875 ], [ 3.112729474331154, 42.369151981278534 ], [ 3.11272987922215, 42.369377133337096 ], [ 3.112426248917279, 42.369377433177029 ], [ 3.112426652728553, 42.369602585229046 ] ], [ [ 3.114255006709698, 42.373203205512688 ], [ 3.113647709270587, 42.373203812509892 ], [ 3.113647301047294, 42.372978660609313 ], [ 3.114254596317312, 42.372978053616848 ], [ 3.114255006709698, 42.373203205512688 ] ], [ [ 3.116377621809046, 42.371624992351059 ], [ 3.115770339619147, 42.371625610573012 ], [ 3.115770755405756, 42.371850762510142 ], [ 3.115467113219203, 42.371851070417314 ], [ 3.115466283819666, 42.371400766529362 ], [ 3.116377203858269, 42.371399840409893 ], [ 3.116377621809046, 42.371624992351059 ] ] ], [ [ [ 3.112426652728553, 42.369602585229046 ], [ 3.111515758533263, 42.369603479931378 ], [ 3.111516960235411, 42.370278936055144 ], [ 3.111820594891554, 42.370278638618153 ], [ 3.111820193235209, 42.370053486588091 ], [ 3.112427460364943, 42.37005288930645 ], [ 3.112426652728553, 42.369602585229046 ] ] ], [ [ [ 3.127877428506494, 42.3526998490957 ], [ 3.127270328798734, 42.352700527986229 ], [ 3.127270785356727, 42.352925680572966 ], [ 3.12787788723134, 42.352925001677121 ], [ 3.127877428506494, 42.3526998490957 ] ] ], [ [ [ 3.10632690401186, 42.353622592231311 ], [ 3.106326522197377, 42.35339743950351 ], [ 3.106933629068424, 42.353396871497907 ], [ 3.106933245091391, 42.353171718765658 ], [ 3.107540349777983, 42.35317114755 ], [ 3.107539577503327, 42.352720842067832 ], [ 3.107236027329104, 42.352721128073 ], [ 3.107235642281811, 42.352495975316351 ], [ 3.106932093186608, 42.352496260515693 ], [ 3.10693170922712, 42.352271107747931 ], [ 3.106628161210937, 42.352271392141454 ], [ 3.106627778339229, 42.352046239362608 ], [ 3.106324231402067, 42.352046522950303 ], [ 3.106323849618112, 42.351821370160359 ], [ 3.106020303759971, 42.351821652942249 ], [ 3.106019923063747, 42.351596500141227 ], [ 3.104502199124902, 42.351597901985926 ], [ 3.104501823849811, 42.351372749165066 ], [ 3.103894736410894, 42.351373304273537 ], [ 3.103894363306779, 42.351148151439467 ], [ 3.102983735366506, 42.351148978068927 ], [ 3.10298336551665, 42.350923825219517 ], [ 3.102679823944759, 42.350924099153382 ], [ 3.102680192711283, 42.351149252004937 ], [ 3.102376650051849, 42.35114952513738 ], [ 3.102376282368657, 42.350924372283707 ], [ 3.101769199203865, 42.350924916133636 ], [ 3.101768833691513, 42.350699763266825 ], [ 3.100554671645213, 42.35070084131555 ], [ 3.100553949299449, 42.350250535538464 ], [ 3.100250410944134, 42.350250803037575 ], [ 3.100250050860722, 42.350025650133631 ], [ 3.099946513584579, 42.350025916827107 ], [ 3.099946872584707, 42.350251069733147 ], [ 3.099643334221179, 42.35025133562516 ], [ 3.099644050067131, 42.350701641414744 ], [ 3.099340509532912, 42.350701906507368 ], [ 3.099341223228563, 42.351152212265596 ], [ 3.099037680523613, 42.351152476558795 ], [ 3.099038392068863, 42.351602782285632 ], [ 3.098734847193147, 42.351603045779385 ], [ 3.098735201888496, 42.351828198631544 ], [ 3.098431655925359, 42.35182846132377 ], [ 3.098432363161433, 42.352278767005572 ], [ 3.098735911291348, 42.352278504309254 ], [ 3.098736265998851, 42.35250365713479 ], [ 3.099039815208123, 42.352503393632809 ], [ 3.099039459417213, 42.352278240809326 ], [ 3.099646555656739, 42.352277711398685 ], [ 3.099645839753553, 42.351827405733374 ], [ 3.099949385700412, 42.35182713982681 ], [ 3.099949026671581, 42.351601986982914 ], [ 3.101163206084407, 42.351600915329165 ], [ 3.101163569446719, 42.351826068164684 ], [ 3.102074207212914, 42.351825255980415 ], [ 3.102074573829523, 42.352050408800721 ], [ 3.102378120826612, 42.352050136463326 ], [ 3.102378488530802, 42.352275289272619 ], [ 3.102682036607086, 42.352275016129511 ], [ 3.102682774194893, 42.352725321717209 ], [ 3.103289874668463, 42.352724773011595 ], [ 3.103290245635549, 42.35294992578784 ], [ 3.104200899564389, 42.352949096695859 ], [ 3.104201273786044, 42.353174249456757 ], [ 3.104504826170568, 42.353173971483365 ], [ 3.104504450865469, 42.35294881872462 ], [ 3.105111553454758, 42.352948260371321 ], [ 3.105111930926744, 42.353173413125681 ], [ 3.10541548329837, 42.353173132741404 ], [ 3.105416240422203, 42.353623438219117 ], [ 3.10632690401186, 42.353622592231311 ] ] ], [ [ [ 3.109360878455597, 42.35271910916093 ], [ 3.10936009319764, 42.352268803670327 ], [ 3.108145901247865, 42.352269962137925 ], [ 3.108146289540977, 42.352495114896719 ], [ 3.109056936760223, 42.352494247244628 ], [ 3.109057328308026, 42.352719399987777 ], [ 3.109360878455597, 42.35271910916093 ] ] ], [ [ [ 3.124834764206752, 42.349100768473214 ], [ 3.12483431640317, 42.34887561571459 ], [ 3.12422725342479, 42.348876278444848 ], [ 3.124227699061939, 42.349101431208659 ], [ 3.124834764206752, 42.349100768473214 ] ] ] ] } },
{ "type": "Feature", "properties": { "DATA_INCEN": "17/07/89", "MUNICIPI": "OLIVELLA", "GRID_CODE": 2, "CODI_FINAL": "B89017012" }, "geometry": { "type": "MultiPolygon", "coordinates": [ [ [ [ 1.76313871883173, 41.303579452064461 ], [ 1.763139569341728, 41.30353442369227 ], [ 1.763140419849796, 41.303489395319659 ], [ 1.763141270355935, 41.303444366946678 ], [ 1.763142120860144, 41.303399338573357 ], [ 1.763142971362422, 41.303354310199644 ], [ 1.763083258581598, 41.30335366883628 ], [ 1.763023545802694, 41.30335302744195 ], [ 1.762963833025708, 41.303352386016648 ], [ 1.762904120250667, 41.303351744560381 ], [ 1.762844407477567, 41.303351103073162 ], [ 1.762843556769999, 41.303396131441829 ], [ 1.762842706060505, 41.303441159810092 ], [ 1.762841855349076, 41.303486188178006 ], [ 1.76284100463572, 41.303531216545565 ], [ 1.76284015392043, 41.303576244912705 ], [ 1.76289986689882, 41.30357688640499 ], [ 1.762959579879152, 41.303577527866331 ], [ 1.763019292861426, 41.303578169296692 ], [ 1.763079005845618, 41.30357881069606 ], [ 1.76313871883173, 41.303579452064461 ] ] ], [ [ [ 1.76313871883173, 41.303579452064461 ], [ 1.763137868319801, 41.303624480436362 ], [ 1.763137017805942, 41.30366950880785 ], [ 1.763136167290154, 41.303714537178962 ], [ 1.763135316772436, 41.303759565549726 ], [ 1.763134466252785, 41.303804593920091 ], [ 1.763074753061384, 41.303803952546616 ], [ 1.763015039871898, 41.303803311142183 ], [ 1.762955326684335, 41.303802669706783 ], [ 1.762895613498715, 41.303802028240405 ], [ 1.762835900315034, 41.303801386743061 ], [ 1.762835049588163, 41.303846415108005 ], [ 1.762834198859358, 41.303891443472587 ], [ 1.762833348128626, 41.303936471836849 ], [ 1.762832497395963, 41.30398150020067 ], [ 1.76283164666137, 41.304026528564158 ], [ 1.762830795924844, 41.30407155692729 ], [ 1.76282994518639, 41.304116585289982 ], [ 1.762829094446006, 41.304161613652376 ], [ 1.762828243703689, 41.304206642014393 ], [ 1.762827392959441, 41.304251670375997 ], [ 1.762767679367072, 41.304251028837591 ], [ 1.76270796577666, 41.304250387268191 ], [ 1.762648252188187, 41.304249745667846 ], [ 1.76258853860164, 41.304249104036529 ], [ 1.762528825016994, 41.30424846237424 ], [ 1.762527974065519, 41.304293490730473 ], [ 1.762527123112112, 41.304338519086322 ], [ 1.762526272156776, 41.304383547441759 ], [ 1.762525421199511, 41.304428575796877 ], [ 1.762524570240312, 41.304473604151582 ], [ 1.762523719279181, 41.30451863250596 ], [ 1.76252286831612, 41.304563660859984 ], [ 1.762522017351128, 41.304608689213588 ], [ 1.762521166384205, 41.304653717566843 ], [ 1.76252031541535, 41.304698745919751 ], [ 1.762580029410595, 41.304699387592123 ], [ 1.762639743407739, 41.304700029233551 ], [ 1.762699457406815, 41.304700670844021 ], [ 1.762759171407818, 41.304701312423518 ], [ 1.762818885410788, 41.304701953972042 ], [ 1.762818034645306, 41.304746982329604 ], [ 1.762817183877889, 41.304792010686803 ], [ 1.762816333108546, 41.30483703904364 ], [ 1.762815482337268, 41.304882067400086 ], [ 1.762814631564059, 41.304927095756206 ], [ 1.762813780788923, 41.304972124111906 ], [ 1.762812930011856, 41.305017152467265 ], [ 1.762812079232856, 41.305062180822283 ], [ 1.762811228451927, 41.305107209176882 ], [ 1.762810377669068, 41.305152237531132 ], [ 1.762870092084543, 41.305152879058767 ], [ 1.762929806501959, 41.305153520555493 ], [ 1.762989520921317, 41.305154162021218 ], [ 1.763049235342598, 41.30515480345597 ], [ 1.763108949765792, 41.305155444859764 ], [ 1.76310809918631, 41.305200473218711 ], [ 1.763107248604893, 41.305245501577303 ], [ 1.76310639802155, 41.305290529935441 ], [ 1.763105547436273, 41.305335558293308 ], [ 1.763104696849066, 41.305380586650763 ], [ 1.763164411479523, 41.305381228028651 ], [ 1.763224126111902, 41.305381869375573 ], [ 1.763283840746199, 41.305382510691494 ], [ 1.763343555382458, 41.305383151976471 ], [ 1.763403270020615, 41.305383793230483 ], [ 1.763462984660702, 41.305384434453536 ], [ 1.763522699302752, 41.305385075645589 ], [ 1.763582413946696, 41.305385716806704 ], [ 1.763642128592574, 41.305386357936818 ], [ 1.76370184324039, 41.305386999035981 ], [ 1.763761557890148, 41.3053876401042 ], [ 1.763821272541813, 41.305388281141411 ], [ 1.763880987195421, 41.305388922147664 ], [ 1.763940701850966, 41.305389563122972 ], [ 1.764000416508432, 41.305390204067294 ], [ 1.764001266479712, 41.305345175694661 ], [ 1.764002116449062, 41.305300147321667 ], [ 1.764002966416483, 41.305255118948345 ], [ 1.764003816381981, 41.305210090574604 ], [ 1.764004666345545, 41.305165062200516 ], [ 1.764064380799619, 41.305165703108813 ], [ 1.764124095255646, 41.305166343986151 ], [ 1.764183809713588, 41.30516698483251 ], [ 1.764243524173449, 41.305167625647925 ], [ 1.764303238635274, 41.305168266432347 ], [ 1.764304088391602, 41.305123238052865 ], [ 1.764304938146005, 41.305078209672978 ], [ 1.764305787898478, 41.305033181292714 ], [ 1.764306637649023, 41.304988152912109 ], [ 1.764307487397639, 41.304943124531135 ], [ 1.764308337144326, 41.30489809614977 ], [ 1.764309186889086, 41.304853067768057 ], [ 1.764310036631917, 41.304808039385946 ], [ 1.764310886372819, 41.304763011003487 ], [ 1.764311736111794, 41.304717982620694 ], [ 1.764312585848839, 41.304672954237468 ], [ 1.764313435583957, 41.304627925853907 ], [ 1.764314285317149, 41.304582897469984 ], [ 1.764315135048407, 41.304537869085657 ], [ 1.76431598477774, 41.304492840700973 ], [ 1.764316834505144, 41.304447812315964 ], [ 1.764317684230621, 41.304402783930534 ], [ 1.76431853395417, 41.304357755544778 ], [ 1.764319383675787, 41.304312727158617 ], [ 1.76432023339548, 41.304267698772058 ], [ 1.764260519754865, 41.304267058007831 ], [ 1.764200806116211, 41.304266417212624 ], [ 1.764141092479477, 41.304265776386458 ], [ 1.764081378844658, 41.304265135529327 ], [ 1.764021665211792, 41.304264494641203 ], [ 1.764022515134849, 41.304219466259426 ], [ 1.764023365055981, 41.304174437877187 ], [ 1.764024214975185, 41.304129409494585 ], [ 1.764025064892456, 41.304084381111672 ], [ 1.764025914807802, 41.304039352728331 ], [ 1.76396620138215, 41.304038711814314 ], [ 1.763906487958412, 41.304038070869304 ], [ 1.763846774536618, 41.30403742989337 ], [ 1.763787061116766, 41.304036788886435 ], [ 1.763727347698816, 41.304036147848549 ], [ 1.76366763428281, 41.304035506779684 ], [ 1.763607920868745, 41.304034865679846 ], [ 1.763548207456609, 41.304034224549078 ], [ 1.763488494046368, 41.304033583387316 ], [ 1.763428780638089, 41.304032942194596 ], [ 1.763429630962097, 41.303987913820983 ], [ 1.763430481284173, 41.303942885447086 ], [ 1.763431331604315, 41.303897857072734 ], [ 1.763432181922534, 41.303852828698005 ], [ 1.763433032238821, 41.303807800322964 ], [ 1.763433882553179, 41.303762771947525 ], [ 1.763434732865604, 41.303717743571703 ], [ 1.763435583176101, 41.30367271519556 ], [ 1.763436433484671, 41.303627686819006 ], [ 1.763437283791308, 41.303582658442096 ], [ 1.763377570795545, 41.3035820172285 ], [ 1.763317857801681, 41.303581375983953 ], [ 1.763258144809778, 41.303580734708419 ], [ 1.763198431819793, 41.303580093401926 ], [ 1.76313871883173, 41.303579452064461 ] ] ], [ [ [ 1.757444632890099, 41.30464409057938 ], [ 1.757504346720812, 41.304644734884008 ], [ 1.757564060553477, 41.304645379157677 ], [ 1.75762377438809, 41.304646023400387 ], [ 1.75768348822462, 41.304646667612133 ], [ 1.757743202063102, 41.304647311792891 ], [ 1.757742347807504, 41.304692340064349 ], [ 1.757741493549973, 41.304737368335459 ], [ 1.757740639290505, 41.304782396606207 ], [ 1.757739785029093, 41.304827424876542 ], [ 1.757738930765746, 41.304872453146558 ], [ 1.757798644811478, 41.304873097301424 ], [ 1.757858358859137, 41.304873741425311 ], [ 1.757918072908721, 41.304874385518275 ], [ 1.75797778696027, 41.304875029580252 ], [ 1.758037501013742, 41.304875673611242 ], [ 1.758097215069143, 41.304876317611303 ], [ 1.758156929126515, 41.304876961580376 ], [ 1.758216643185794, 41.304877605518463 ], [ 1.758276357247008, 41.304878249425585 ], [ 1.758336071310162, 41.304878893301776 ], [ 1.758335217455478, 41.304923921581555 ], [ 1.758334363598862, 41.304968949860914 ], [ 1.758333509740304, 41.305013978139968 ], [ 1.758332655879808, 41.305059006418617 ], [ 1.758331802017375, 41.305104034696889 ], [ 1.758272087748916, 41.305103390815667 ], [ 1.758212373482398, 41.305102746903472 ], [ 1.758152659217818, 41.305102102960269 ], [ 1.758092944955145, 41.305101458986108 ], [ 1.75803323069444, 41.30510081498101 ], [ 1.757973516435662, 41.305100170944939 ], [ 1.757913802178815, 41.305099526877868 ], [ 1.757854087923925, 41.305098882779866 ], [ 1.757794373670966, 41.305098238650864 ], [ 1.757734659419933, 41.305097594490917 ], [ 1.757674945170848, 41.305096950299998 ], [ 1.757615230923717, 41.305096306078106 ], [ 1.7575555166785, 41.305095661825248 ], [ 1.757495802435233, 41.305095017541419 ], [ 1.757436088193917, 41.305094373226623 ], [ 1.757436942672262, 41.305049344963592 ], [ 1.757437797148666, 41.305004316700149 ], [ 1.757438651623133, 41.304959288436336 ], [ 1.757439506095661, 41.304914260172183 ], [ 1.757440360566248, 41.304869231907617 ], [ 1.757441215034895, 41.304824203642688 ], [ 1.757442069501606, 41.304779175377448 ], [ 1.757442923966376, 41.304734147111773 ], [ 1.757443778429207, 41.304689118845758 ], [ 1.757444632890099, 41.30464409057938 ], [ 1.757384919061326, 41.304643446243773 ], [ 1.75732520523446, 41.3046428018772 ], [ 1.757265491409564, 41.304642157479641 ], [ 1.75720577758661, 41.304641513051138 ], [ 1.75714606376556, 41.304640868591655 ], [ 1.757086349946487, 41.30464022410122 ], [ 1.75702663612934, 41.304639579579813 ], [ 1.756966922314121, 41.304638935027427 ], [ 1.756907208500863, 41.304638290444096 ], [ 1.756847494689537, 41.304637645829757 ], [ 1.756846639818048, 41.304682674085996 ], [ 1.756845784944618, 41.304727702341829 ], [ 1.756844930069247, 41.304772730597371 ], [ 1.756844075191936, 41.304817758852465 ], [ 1.756843220312682, 41.304862787107254 ], [ 1.756783506297987, 41.304862142456884 ], [ 1.75672379228524, 41.304861497775555 ], [ 1.756664078274447, 41.304860853063254 ], [ 1.756604364265556, 41.304860208319987 ], [ 1.756544650258646, 41.304859563545747 ], [ 1.756543795172152, 41.304904591795072 ], [ 1.756542940083719, 41.304949620043963 ], [ 1.756542084993346, 41.304994648292571 ], [ 1.756541229901034, 41.305039676540773 ], [ 1.756540374806779, 41.30508470478857 ], [ 1.756539519710585, 41.305129733036047 ], [ 1.75653866461245, 41.305174761283176 ], [ 1.756537809512373, 41.305219789529851 ], [ 1.756536954410358, 41.305264817776226 ], [ 1.756536099306399, 41.305309846022219 ], [ 1.756595813723919, 41.305310490806605 ], [ 1.756655528143414, 41.305311135560046 ], [ 1.756715242564816, 41.305311780282494 ], [ 1.756774956988168, 41.305312424973984 ], [ 1.756834671413473, 41.305313069634487 ], [ 1.756833816512883, 41.305358097885147 ], [ 1.756832961610351, 41.305403126135495 ], [ 1.756832106705878, 41.305448154385459 ], [ 1.756831251799467, 41.305493182635026 ], [ 1.756830396891114, 41.305538210884244 ], [ 1.756829541980824, 41.305583239133099 ], [ 1.756828687068593, 41.30562826738155 ], [ 1.756827832154418, 41.305673295629667 ], [ 1.756826977238309, 41.305718323877379 ], [ 1.756826122320256, 41.305763352124764 ], [ 1.756825267400263, 41.305808380371765 ], [ 1.75682441247833, 41.30585340861839 ], [ 1.756823557554457, 41.305898436864631 ], [ 1.756822702628643, 41.305943465110538 ], [ 1.756821847700893, 41.30598849335604 ], [ 1.756881562744054, 41.305989138000847 ], [ 1.756941277789144, 41.30598978261466 ], [ 1.757000992836197, 41.3059904271975 ], [ 1.757060707885183, 41.305991071749382 ], [ 1.757120422936091, 41.305991716270292 ], [ 1.75711956821171, 41.306036744520533 ], [ 1.757118713485391, 41.306081772770412 ], [ 1.757117858757134, 41.306126801019872 ], [ 1.757117004026933, 41.306171829269005 ], [ 1.757116149294796, 41.306216857517754 ], [ 1.757115294560717, 41.306261885766126 ], [ 1.757114439824696, 41.306306914014172 ], [ 1.757113585086739, 41.306351942261784 ], [ 1.757112730346844, 41.306396970509041 ], [ 1.757111875605006, 41.306441998755972 ], [ 1.757052160143464, 41.306441354224916 ], [ 1.75699244468385, 41.306440709662873 ], [ 1.756932729226168, 41.30644006506985 ], [ 1.756873013770446, 41.306439420445876 ], [ 1.756813298316655, 41.306438775790923 ], [ 1.756812443367559, 41.306483804032389 ], [ 1.756811588416525, 41.30652883227345 ], [ 1.756810733463549, 41.306573860514185 ], [ 1.756809878508634, 41.306618888754571 ], [ 1.756809023551779, 41.306663916994488 ], [ 1.756808168592982, 41.306708945234128 ], [ 1.756807313632245, 41.306753973473363 ], [ 1.75680645866957, 41.306799001712221 ], [ 1.756805603704953, 41.306844029950717 ], [ 1.756804748738394, 41.306889058188851 ], [ 1.756803893769899, 41.306934086426594 ], [ 1.756803038799459, 41.306979114664003 ], [ 1.756802183827084, 41.307024142901007 ], [ 1.756801328852766, 41.30706917113767 ], [ 1.756800473876508, 41.307114199373949 ], [ 1.756860189946263, 41.307114844044136 ], [ 1.756919906017948, 41.307115488683358 ], [ 1.756979622091595, 41.307116133291608 ], [ 1.757039338167171, 41.307116777868885 ], [ 1.757099054244674, 41.307117422415175 ], [ 1.757098199471803, 41.307162450656151 ], [ 1.75709734469699, 41.307207478896785 ], [ 1.757096489920235, 41.307252507137044 ], [ 1.757095635141541, 41.307297535376925 ], [ 1.757094780360908, 41.307342563616423 ], [ 1.757093925578336, 41.307387591855601 ], [ 1.757093070793824, 41.307432620094346 ], [ 1.75709221600737, 41.307477648332778 ], [ 1.757091361218979, 41.307522676570805 ], [ 1.757090506428646, 41.30756770480847 ], [ 1.757150222918779, 41.307568349333962 ], [ 1.75720993941082, 41.307568993828461 ], [ 1.757269655904798, 41.307569638292009 ], [ 1.757329372400751, 41.307570282724591 ], [ 1.757389088898607, 41.3075709271262 ], [ 1.757448805398405, 41.30757157149683 ], [ 1.757508521900154, 41.307572215836515 ], [ 1.757568238403852, 41.307572860145193 ], [ 1.75762795490947, 41.307573504422926 ], [ 1.757687671417034, 41.307574148669666 ], [ 1.757686817035424, 41.307619176917143 ], [ 1.75768596265187, 41.30766420516423 ], [ 1.75768510826638, 41.307709233410932 ], [ 1.75768425387895, 41.307754261657273 ], [ 1.757683399489583, 41.307799289903272 ], [ 1.75774311620443, 41.30779993412412 ], [ 1.757802832921206, 41.30780057831403 ], [ 1.75786254963991, 41.307801222472932 ], [ 1.757922266360572, 41.307801866600883 ], [ 1.757981983083165, 41.307802510697876 ], [ 1.757981128897192, 41.307847538948529 ], [ 1.757980274709278, 41.307892567198827 ], [ 1.757979420519425, 41.307937595448792 ], [ 1.757978566327633, 41.307982623698322 ], [ 1.757977712133904, 41.308027651947562 ], [ 1.758037429063758, 41.308028296018627 ], [ 1.758097145995583, 41.308028940058733 ], [ 1.758156862929313, 41.30802958406786 ], [ 1.758216579864982, 41.308030228046022 ], [ 1.75827629680259, 41.308030871993232 ], [ 1.758275442812254, 41.308075900247161 ], [ 1.758274588819985, 41.308120928500657 ], [ 1.758273734825774, 41.308165956753854 ], [ 1.758272880829629, 41.30821098500666 ], [ 1.758272026831543, 41.308256013259054 ], [ 1.758271172831519, 41.308301041511122 ], [ 1.758270318829557, 41.308346069762791 ], [ 1.758269464825656, 41.308391098014113 ], [ 1.758268610819818, 41.308436126265086 ], [ 1.758267756812042, 41.30848115451564 ], [ 1.758327474162296, 41.308481798442017 ], [ 1.758387191514453, 41.308482442337436 ], [ 1.758446908868558, 41.308483086201853 ], [ 1.758506626224613, 41.308483730035299 ], [ 1.758566343582596, 41.308484373837793 ], [ 1.75856548977822, 41.308529402093065 ], [ 1.758564635971908, 41.308574430348003 ], [ 1.758563782163661, 41.308619458602529 ], [ 1.758562928353474, 41.308664486856706 ], [ 1.758562074541347, 41.308709515110522 ], [ 1.758621792106596, 41.308710158887109 ], [ 1.758681509673805, 41.308710802632731 ], [ 1.758741227242941, 41.308711446347367 ], [ 1.758800944814006, 41.308712090031023 ], [ 1.758860662387039, 41.308712733683734 ], [ 1.758861515993821, 41.308667705424838 ], [ 1.758862369598669, 41.308622677165602 ], [ 1.758863223201579, 41.308577648906002 ], [ 1.758864076802551, 41.308532620645998 ], [ 1.758864930401585, 41.308487592385646 ], [ 1.758924647771182, 41.30848823600229 ], [ 1.758984365142718, 41.308488879587976 ], [ 1.759044082516222, 41.308489523142676 ], [ 1.759103799891629, 41.308490166666438 ], [ 1.759163517268974, 41.308490810159185 ], [ 1.759164370660734, 41.308445781893404 ], [ 1.759165224050557, 41.308400753627232 ], [ 1.759166077438442, 41.308355725360684 ], [ 1.759166930824391, 41.308310697093809 ], [ 1.759167784208403, 41.308265668826536 ], [ 1.759168637590475, 41.308220640558893 ], [ 1.759169490970615, 41.308175612290881 ], [ 1.759170344348817, 41.308130584022479 ], [ 1.759171197725082, 41.308085555753763 ], [ 1.759172051099412, 41.308040527484629 ], [ 1.759172904471803, 41.307995499215131 ], [ 1.759173757842261, 41.307950470945293 ], [ 1.759174611210778, 41.307905442675043 ], [ 1.759175464577362, 41.307860414404431 ], [ 1.759176317942007, 41.307815386133512 ], [ 1.759177171304713, 41.307770357862147 ], [ 1.75917802466549, 41.307725329590433 ], [ 1.759178878024324, 41.307680301318378 ], [ 1.759179731381224, 41.307635273045918 ], [ 1.759180584736186, 41.307590244773081 ], [ 1.759240301294141, 41.307590888214612 ], [ 1.759300017854042, 41.307591531625157 ], [ 1.75935973441586, 41.307592175004736 ], [ 1.759419450979623, 41.307592818353349 ], [ 1.759479167545333, 41.307593461670969 ], [ 1.759480020693031, 41.307548433392725 ], [ 1.75948087383879, 41.307503405114112 ], [ 1.759481726982615, 41.307458376835108 ], [ 1.759482580124502, 41.307413348555762 ], [ 1.759483433264452, 41.307368320275998 ], [ 1.759484286402469, 41.307323291995907 ], [ 1.759485139538549, 41.307278263715467 ], [ 1.759485992672691, 41.307233235434609 ], [ 1.759486845804897, 41.307188207153395 ], [ 1.759487698935167, 41.307143178871833 ], [ 1.759488552063505, 41.307098150589859 ], [ 1.759489405189903, 41.307053122307536 ], [ 1.759490258314364, 41.307008094024873 ], [ 1.75949111143689, 41.306963065741819 ], [ 1.759491964557482, 41.306918037458423 ], [ 1.759551680509139, 41.306918680729893 ], [ 1.759611396462721, 41.306919323970355 ], [ 1.759671112418261, 41.306919967179887 ], [ 1.759730828375725, 41.306920610358432 ], [ 1.759790544335115, 41.306921253506026 ], [ 1.759850260296475, 41.306921896622619 ], [ 1.759909976259735, 41.306922539708275 ], [ 1.759969692224933, 41.306923182762937 ], [ 1.760029408192066, 41.306923825786633 ], [ 1.760089124161164, 41.306924468779378 ], [ 1.760089976869175, 41.306879440485424 ], [ 1.76009082957525, 41.306834412191101 ], [ 1.760091682279385, 41.306789383896472 ], [ 1.76009253498159, 41.306744355601424 ], [ 1.760093387681858, 41.306699327305978 ], [ 1.760033671918077, 41.306698684318313 ], [ 1.759973956156268, 41.30669804129969 ], [ 1.759914240396393, 41.30669739825008 ], [ 1.759854524638453, 41.306696755169504 ], [ 1.759794808882418, 41.306696112057978 ], [ 1.759795661786072, 41.306651083767299 ], [ 1.75979651468779, 41.306606055476202 ], [ 1.759797367587571, 41.306561027184735 ], [ 1.759798220485418, 41.306515998892948 ], [ 1.759799073381328, 41.306470970600763 ], [ 1.759799926275305, 41.306425942308181 ], [ 1.759800779167347, 41.306380914015278 ], [ 1.759801632057451, 41.306335885721978 ], [ 1.75980248494562, 41.306290857428294 ], [ 1.759803337831854, 41.306245829134276 ], [ 1.759863053177251, 41.306246472235678 ], [ 1.759922768524555, 41.306247115306114 ], [ 1.759982483873791, 41.306247758345592 ], [ 1.760042199224965, 41.306248401354082 ], [ 1.760101914578102, 41.306249044331629 ], [ 1.760102767257085, 41.306204016032154 ], [ 1.760103619934136, 41.306158987732296 ], [ 1.760104472609247, 41.306113959432096 ], [ 1.760105325282421, 41.306068931131513 ], [ 1.760106177953664, 41.306023902830582 ], [ 1.76010703062297, 41.305978874529245 ], [ 1.760107883290343, 41.305933846227568 ], [ 1.760108735955779, 41.305888817925513 ], [ 1.760109588619281, 41.30584378962309 ], [ 1.760110441280848, 41.305798761320276 ], [ 1.76011129394048, 41.305753733017113 ], [ 1.760112146598177, 41.305708704713609 ], [ 1.760112999253938, 41.305663676409694 ], [ 1.760113851907763, 41.305618648105444 ], [ 1.760114704559657, 41.305573619800796 ], [ 1.760054989822453, 41.305572976838455 ], [ 1.759995275087221, 41.305572333845156 ], [ 1.759935560353922, 41.305571690820891 ], [ 1.759875845622559, 41.305571047765639 ], [ 1.7598161308931, 41.305570404679429 ], [ 1.75975641616561, 41.305569761562253 ], [ 1.759696701440041, 41.305569118414112 ], [ 1.759636986716401, 41.305568475234999 ], [ 1.759577271994714, 41.30556783202492 ], [ 1.759517557274956, 41.305567188783861 ], [ 1.759518410335532, 41.305522160488984 ], [ 1.759519263394171, 41.305477132193786 ], [ 1.759520116450876, 41.305432103898148 ], [ 1.759520969505642, 41.305387075602127 ], [ 1.759521822558474, 41.3053420473058 ], [ 1.759522675609372, 41.305297019009068 ], [ 1.759523528658329, 41.305251990711959 ], [ 1.759524381705353, 41.30520696241453 ], [ 1.759525234750443, 41.305161934116676 ], [ 1.759526087793596, 41.305116905818451 ], [ 1.759585802102737, 41.305117549049378 ], [ 1.759645516413809, 41.30511819224931 ], [ 1.759705230726837, 41.305118835418291 ], [ 1.759764945041792, 41.305119478556307 ], [ 1.759824659358667, 41.30512012166335 ], [ 1.759884373677514, 41.305120764739414 ], [ 1.759944087998264, 41.305121407784519 ], [ 1.760003802320947, 41.305122050798666 ], [ 1.760063516645565, 41.305122693781833 ], [ 1.760123230972154, 41.305123336734034 ], [ 1.760122378339612, 41.305168365042384 ], [ 1.760121525705132, 41.305213393350357 ], [ 1.760120673068723, 41.305258421657918 ], [ 1.760119820430375, 41.30530344996518 ], [ 1.760118967790092, 41.305348478272037 ], [ 1.760178682323887, 41.305349121198347 ], [ 1.760238396859628, 41.305349764093684 ], [ 1.760298111397316, 41.305350406958055 ], [ 1.760357825936917, 41.305351049791426 ], [ 1.760417540478465, 41.305351692593867 ], [ 1.760416688041555, 41.305396720905385 ], [ 1.76041583560271, 41.305441749216605 ], [ 1.760414983161932, 41.30548677752742 ], [ 1.76041413071922, 41.30553180583783 ], [ 1.760413278274573, 41.305576834147935 ], [ 1.760472993023372, 41.305577476924441 ], [ 1.760532707774097, 41.305578119669995 ], [ 1.760592422526746, 41.305578762384577 ], [ 1.760652137281361, 41.305579405068208 ], [ 1.760711852037877, 41.305580047720859 ], [ 1.760771566796328, 41.305580690342531 ], [ 1.760831281556746, 41.305581332933237 ], [ 1.760890996319066, 41.30558197549297 ], [ 1.76095071108332, 41.305582618021752 ], [ 1.761010425849506, 41.305583260519562 ], [ 1.761011277883535, 41.305538232199339 ], [ 1.761012129915629, 41.305493203878797 ], [ 1.76101298194579, 41.305448175557835 ], [ 1.761013833974017, 41.305403147236504 ], [ 1.761014686000312, 41.305358118914867 ], [ 1.761015538024673, 41.305313090592804 ], [ 1.761016390047099, 41.305268062270365 ], [ 1.761017242067591, 41.305223033947605 ], [ 1.761018094086153, 41.305178005624434 ], [ 1.76101894610278, 41.305132977300886 ], [ 1.761078660460317, 41.305133619757598 ], [ 1.761138374819758, 41.305134262183344 ], [ 1.761198089181143, 41.305134904578132 ], [ 1.761257803544471, 41.305135546941933 ], [ 1.761317517909722, 41.305136189274776 ], [ 1.761377232276893, 41.305136831576633 ], [ 1.761436946646024, 41.305137473847545 ], [ 1.761496661017073, 41.30513811608747 ], [ 1.761556375390045, 41.305138758296444 ], [ 1.761616089764985, 41.305139400474452 ], [ 1.761675804141819, 41.305140042621481 ], [ 1.761735518520591, 41.305140684737538 ], [ 1.761795232901329, 41.305141326822628 ], [ 1.761854947283965, 41.305141968876768 ], [ 1.761914661668532, 41.305142610899921 ], [ 1.761974376055046, 41.305143252892101 ], [ 1.7620340904435, 41.305143894853337 ], [ 1.762093804833866, 41.305144536783573 ], [ 1.762153519226173, 41.305145178682878 ], [ 1.762213233620424, 41.305145820551203 ], [ 1.762214084813897, 41.305100792207078 ], [ 1.762214936005436, 41.305055763862576 ], [ 1.762215787195045, 41.305010735517683 ], [ 1.762216638382722, 41.304965707172464 ], [ 1.762217489568467, 41.304920678826839 ], [ 1.762157775379521, 41.304920036963573 ], [ 1.762098061192516, 41.304919395069362 ], [ 1.762038347007455, 41.30491875314415 ], [ 1.761978632824306, 41.304918111187988 ], [ 1.761918918643097, 41.304917469200859 ], [ 1.761919770032215, 41.304872440859917 ], [ 1.761920621419398, 41.304827412518655 ], [ 1.761921472804651, 41.30478238417696 ], [ 1.761922324187972, 41.304737355834931 ], [ 1.761923175569361, 41.304692327492532 ], [ 1.761924026948814, 41.30464729914975 ], [ 1.761924878326341, 41.304602270806612 ], [ 1.761925729701933, 41.304557242463126 ], [ 1.761926581075593, 41.304512214119214 ], [ 1.761927432447321, 41.304467185774961 ], [ 1.761867718678658, 41.304466543766964 ], [ 1.761808004911929, 41.304465901728022 ], [ 1.761748291147099, 41.304465259658102 ], [ 1.761688577384235, 41.304464617557215 ], [ 1.761628863623304, 41.304463975425378 ], [ 1.76156914986427, 41.304463333262539 ], [ 1.761509436107204, 41.304462691068743 ], [ 1.761449722352059, 41.304462048844002 ], [ 1.761390008598837, 41.304461406588295 ], [ 1.761330294847569, 41.304460764301609 ], [ 1.761331146627959, 41.304415735967119 ], [ 1.761331998406422, 41.304370707632238 ], [ 1.761332850182946, 41.304325679297037 ], [ 1.761333701957538, 41.30428065096141 ], [ 1.761334553730203, 41.304235622625427 ], [ 1.761335405500929, 41.304190594289125 ], [ 1.761336257269722, 41.304145565952382 ], [ 1.761337109036587, 41.304100537615291 ], [ 1.761337960801513, 41.304055509277866 ], [ 1.76133881256451, 41.304010480940022 ], [ 1.761279099225757, 41.304009838632481 ], [ 1.761219385888927, 41.30400919629399 ], [ 1.76115967255404, 41.304008553924525 ], [ 1.761099959221097, 41.304007911524081 ], [ 1.761040245890056, 41.304007269092665 ], [ 1.760980532560981, 41.304006626630304 ], [ 1.76092081923384, 41.304005984136964 ], [ 1.760861105908632, 41.304005341612658 ], [ 1.760801392585328, 41.304004699057394 ], [ 1.760741679263987, 41.30400405647115 ], [ 1.760740827090404, 41.304049084798862 ], [ 1.760739974914888, 41.304094113126162 ], [ 1.760739122737436, 41.304139141453142 ], [ 1.760738270558049, 41.304184169779745 ], [ 1.760737418376731, 41.304229198105922 ], [ 1.760797131903366, 41.304229840697246 ], [ 1.760856845431967, 41.304230483257577 ], [ 1.760916558962468, 41.304231125786941 ], [ 1.760976272494904, 41.304231768285334 ], [ 1.761035986029272, 41.304232410752761 ], [ 1.761035134051315, 41.304277439083712 ], [ 1.761034282071426, 41.304322467414273 ], [ 1.761033430089602, 41.304367495744415 ], [ 1.761032578105847, 41.304412524074237 ], [ 1.761031726120155, 41.304457552403647 ], [ 1.761030874132531, 41.304502580732724 ], [ 1.761030022142974, 41.304547609061451 ], [ 1.761029170151482, 41.304592637389746 ], [ 1.761028318158059, 41.304637665717692 ], [ 1.761027466162699, 41.304682694045312 ], [ 1.760967752217735, 41.304682051567767 ], [ 1.760908038274703, 41.304681409059235 ], [ 1.760848324333604, 41.304680766519752 ], [ 1.760788610394405, 41.304680123949289 ], [ 1.760728896457175, 41.304679481347868 ], [ 1.760728044254582, 41.304724509669995 ], [ 1.760727192050056, 41.304769537991803 ], [ 1.760726339843596, 41.304814566313226 ], [ 1.760725487635203, 41.304859594634259 ], [ 1.760724635424873, 41.304904622954972 ], [ 1.760664921284278, 41.304903980317512 ], [ 1.76060520714558, 41.304903337649073 ], [ 1.760545493008851, 41.304902694949682 ], [ 1.760485778874046, 41.304902052219312 ], [ 1.760426064741165, 41.30490140945799 ], [ 1.760426917156794, 41.304856381142358 ], [ 1.760427769570491, 41.304811352826384 ], [ 1.760428621982254, 41.304766324510013 ], [ 1.760429474392078, 41.304721296193307 ], [ 1.760430326799972, 41.304676267876204 ], [ 1.76043117920593, 41.304631239558731 ], [ 1.760432031609954, 41.304586211240888 ], [ 1.760432884012044, 41.304541182922726 ], [ 1.7604337364122, 41.304496154604109 ], [ 1.760434588810421, 41.304451126285173 ], [ 1.760374875090085, 41.304450483503011 ], [ 1.760315161371693, 41.30444984068987 ], [ 1.760255447655215, 41.304449197845763 ], [ 1.760195733940685, 41.304448554970691 ], [ 1.7601360202281, 41.304447912064646 ], [ 1.760136872829684, 41.304402883750427 ], [ 1.760137725429334, 41.304357855435811 ], [ 1.760138578027047, 41.30431282712086 ], [ 1.760139430622826, 41.304267798805505 ], [ 1.760140283216674, 41.304222770489744 ], [ 1.760199996723962, 41.304223413390716 ], [ 1.760259710233194, 41.304224056260736 ], [ 1.760319423744375, 41.304224699099755 ], [ 1.760379137257469, 41.304225341907824 ], [ 1.760438850772509, 41.30422598468494 ], [ 1.760439703159121, 41.304180956363822 ], [ 1.760440555543803, 41.304135928042257 ], [ 1.760441407926548, 41.30409089972035 ], [ 1.760442260307359, 41.304045871398131 ], [ 1.760443112686238, 41.304000843075457 ], [ 1.760443965063183, 41.303955814752428 ], [ 1.760444817438187, 41.303910786429093 ], [ 1.760445669811264, 41.303865758105353 ], [ 1.760446522182404, 41.303820729781222 ], [ 1.760447374551609, 41.303775701456743 ], [ 1.760387661447157, 41.303775058689773 ], [ 1.760327948344649, 41.30377441589183 ], [ 1.760268235244056, 41.303773773062929 ], [ 1.760208522145409, 41.303773130203048 ], [ 1.760148809048706, 41.303772487312195 ], [ 1.760089095953906, 41.303771844390411 ], [ 1.760029382861074, 41.30377120143762 ], [ 1.759969669770178, 41.303770558453898 ], [ 1.759909956681217, 41.303769915439197 ], [ 1.759850243594156, 41.303769272393488 ], [ 1.759790530509066, 41.303768629316863 ], [ 1.7597308174259, 41.303767986209266 ], [ 1.759671104344656, 41.303767343070689 ], [ 1.759611391265374, 41.303766699901146 ], [ 1.759551678188014, 41.303766056700645 ], [ 1.759491965112579, 41.303765413469172 ], [ 1.759432252039094, 41.303764770206726 ], [ 1.759372538967552, 41.303764126913322 ], [ 1.759312825897927, 41.303763483588945 ], [ 1.75925311283025, 41.303762840233624 ], [ 1.759253966018685, 41.30371781192904 ], [ 1.759254819205181, 41.303672783624059 ], [ 1.759255672389742, 41.303627755318757 ], [ 1.759256525572366, 41.303582727013058 ], [ 1.759257378753057, 41.303537698706954 ], [ 1.759258231931807, 41.303492670400573 ], [ 1.759259085108624, 41.303447642093737 ], [ 1.759259938283507, 41.303402613786567 ], [ 1.75926079145645, 41.303357585479063 ], [ 1.759261644627458, 41.303312557171111 ], [ 1.759201931972305, 41.30331191379495 ], [ 1.759142219319086, 41.303311270387802 ], [ 1.759082506667772, 41.303310626949731 ], [ 1.759022794018428, 41.303309983480652 ], [ 1.75896308137102, 41.303309339980601 ], [ 1.758903368725514, 41.303308696449612 ], [ 1.758843656081979, 41.303308052887651 ], [ 1.758783943440371, 41.303307409294732 ], [ 1.758724230800687, 41.303306765670825 ], [ 1.758664518162963, 41.303306122015961 ], [ 1.758665371742609, 41.303261093717822 ], [ 1.758666225320316, 41.303216065419342 ], [ 1.758667078896083, 41.303171037120443 ], [ 1.758667932469916, 41.303126008821167 ], [ 1.758668786041809, 41.303080980521599 ], [ 1.758609073611299, 41.303080336840843 ], [ 1.758549361182712, 41.303079693129114 ], [ 1.758489648756074, 41.303079049386426 ], [ 1.758429936331386, 41.303078405612787 ], [ 1.758370223908599, 41.303077761808161 ], [ 1.758371077683843, 41.303032733513213 ], [ 1.758371931457145, 41.302987705217923 ], [ 1.75837278522851, 41.302942676922299 ], [ 1.758373638997939, 41.302897648626256 ], [ 1.758374492765431, 41.302852620329901 ], [ 1.758314780549898, 41.302851976499383 ], [ 1.758255068336304, 41.3028513326379 ], [ 1.758195356124646, 41.30285068874548 ], [ 1.758135643914897, 41.302850044822058 ], [ 1.758075931707117, 41.302849400867686 ], [ 1.758016219501265, 41.302848756882348 ], [ 1.757956507297339, 41.302848112866037 ], [ 1.757896795095373, 41.302847468818776 ], [ 1.757837082895334, 41.30284682474052 ], [ 1.757777370697226, 41.302846180631335 ], [ 1.757776516519172, 41.302891208917551 ], [ 1.757775662339181, 41.302936237203426 ], [ 1.75777480815725, 41.30298126548891 ], [ 1.757773953973382, 41.303026293774067 ], [ 1.757773099787574, 41.303071322058834 ], [ 1.757713387386134, 41.303070677913595 ], [ 1.757653674986637, 41.303070033737391 ], [ 1.757593962589065, 41.303069389530208 ], [ 1.757534250193435, 41.303068745292073 ], [ 1.757474537799764, 41.303068101022973 ], [ 1.757414825408024, 41.3030674567229 ], [ 1.757355113018195, 41.303066812391855 ], [ 1.757295400630336, 41.303066168029858 ], [ 1.757235688244415, 41.303065523636903 ], [ 1.757175975860405, 41.30306487921294 ], [ 1.757175121262093, 41.303109907487162 ], [ 1.757174266661843, 41.303154935761064 ], [ 1.757173412059653, 41.303199964034569 ], [ 1.757172557455523, 41.303244992307711 ], [ 1.757171702849454, 41.303290020580462 ], [ 1.757170848241445, 41.303335048852873 ], [ 1.7571699936315, 41.303380077124899 ], [ 1.757169139019613, 41.303425105396535 ], [ 1.757168284405787, 41.303470133667858 ], [ 1.75716742979002, 41.303515161938755 ], [ 1.757166575172316, 41.303560190209303 ], [ 1.75716572055267, 41.303605218479504 ], [ 1.757164865931088, 41.303650246749292 ], [ 1.757164011307563, 41.303695275018754 ], [ 1.757163156682101, 41.303740303287825 ], [ 1.757162302054701, 41.303785331556504 ], [ 1.757161447425356, 41.303830359824865 ], [ 1.757160592794075, 41.303875388092834 ], [ 1.757159738160858, 41.303920416360391 ], [ 1.757158883525696, 41.303965444627636 ], [ 1.757218596730859, 41.303966089071878 ], [ 1.757278309937927, 41.30396673348514 ], [ 1.757338023146934, 41.303967377867473 ], [ 1.757397736357916, 41.303968022218818 ], [ 1.757457449570801, 41.303968666539191 ], [ 1.757456595138993, 41.304013694811154 ], [ 1.75745574070525, 41.304058723082683 ], [ 1.757454886269564, 41.304103751353871 ], [ 1.75745403183194, 41.304148779624732 ], [ 1.757453177392377, 41.304193807895139 ], [ 1.757452322950875, 41.30423883616524 ], [ 1.757451468507433, 41.304283864434986 ], [ 1.757450614062056, 41.304328892704284 ], [ 1.757449759614734, 41.304373920973276 ], [ 1.757448905165475, 41.304418949241843 ], [ 1.75744805071428, 41.30446397751011 ], [ 1.757447196261143, 41.304509005778002 ], [ 1.757446341806067, 41.304554034045474 ], [ 1.757445487349055, 41.304599062312604 ], [ 1.757444632890099, 41.30464409057938 ] ], [ [ 1.758933212048414, 41.304885330360243 ], [ 1.758932358604337, 41.304930358650154 ], [ 1.75893150515832, 41.304975386939674 ], [ 1.758930651710369, 41.305020415228853 ], [ 1.758929798260482, 41.305065443517634 ], [ 1.758928944808656, 41.305110471806081 ], [ 1.758869230520792, 41.305109828234507 ], [ 1.758809516234897, 41.305109184631981 ], [ 1.758749801950927, 41.305108540998482 ], [ 1.758690087668884, 41.305107897334004 ], [ 1.758630373388802, 41.305107253638582 ], [ 1.758631227045932, 41.305062225355236 ], [ 1.758632080701123, 41.305017197071507 ], [ 1.758632934354376, 41.304972168787408 ], [ 1.758633788005694, 41.304927140502947 ], [ 1.758634641655074, 41.304882112218102 ], [ 1.758694355729856, 41.304882755908459 ], [ 1.758754069806594, 41.304883399567856 ], [ 1.75881378388526, 41.304884043196282 ], [ 1.758873497965853, 41.304884686793741 ], [ 1.758933212048414, 41.304885330360243 ] ] ] ] } },
{ "type": "Feature", "properties": { "DATA_INCEN": "04/07/89", "MUNICIPI": "PALAMÃS", "GRID_CODE": 2, "CODI_FINAL": "G89010008" }, "geometry": { "type": "Polygon", "coordinates": [ [ [ 3.118097011878144, 41.881276644483712 ], [ 3.118349526141045, 41.880961142770552 ], [ 3.118602188639156, 41.880726702138851 ], [ 3.118927028114093, 41.880420130870505 ], [ 3.11916768471296, 41.88021272207839 ], [ 3.119432359645692, 41.879960253320711 ], [ 3.119660943937797, 41.87974384923254 ], [ 3.119901443274471, 41.879455377220474 ], [ 3.120105920272556, 41.879238997531161 ], [ 3.120322566716967, 41.879085652741743 ], [ 3.12014121110446, 41.878779610044681 ], [ 3.120200995305884, 41.878527354771705 ], [ 3.120598484138327, 41.878409846484992 ], [ 3.121032161020168, 41.878310312225992 ], [ 3.120837882510257, 41.877544933807997 ], [ 3.120488010789969, 41.877347152188214 ], [ 3.12006620473729, 41.877347596331916 ], [ 3.119487373607657, 41.877159058964665 ], [ 3.118932716100092, 41.877006520997938 ], [ 3.118631260163415, 41.876916765759788 ], [ 3.118016715875473, 41.876962436763428 ], [ 3.117764232296943, 41.877286944802904 ], [ 3.117523532329315, 41.877467330185411 ], [ 3.117704921593448, 41.877800397671905 ], [ 3.117572502428738, 41.877881595909734 ], [ 3.117488356155613, 41.877998771833873 ], [ 3.117295776973487, 41.878134072849022 ], [ 3.117067041650466, 41.878269410604346 ], [ 3.116645657707678, 41.878504020404378 ], [ 3.116585612610863, 41.878621171036919 ], [ 3.116380829887787, 41.878675421125031 ], [ 3.115837237031724, 41.877982444689664 ], [ 3.115464236879054, 41.87831607666682 ], [ 3.115247809231589, 41.878595508287368 ], [ 3.115188005482181, 41.878847761003478 ], [ 3.115176295146064, 41.879036917091888 ], [ 3.115321520736433, 41.879370024720565 ], [ 3.115792349298591, 41.879810884902057 ], [ 3.115660609544523, 41.880270368698461 ], [ 3.11555227071259, 41.880342533315272 ], [ 3.115045673553038, 41.880117873078625 ], [ 3.114852920660725, 41.880163101441504 ], [ 3.114793162544027, 41.880442374441863 ], [ 3.11490215146633, 41.88073048460128 ], [ 3.114854412892423, 41.880991731777343 ], [ 3.114686134357657, 41.881244093175191 ], [ 3.114674454510086, 41.881451262835974 ], [ 3.115072085375727, 41.881396821652771 ], [ 3.115614409122343, 41.881378260166727 ], [ 3.116144630987172, 41.88133268782822 ], [ 3.116566413924402, 41.881305237505394 ], [ 3.116964042264206, 41.881250789773404 ], [ 3.117205088990359, 41.881250542658783 ], [ 3.117337813810821, 41.8813314681761 ], [ 3.117579309121657, 41.881574405205697 ], [ 3.117808254755781, 41.881547148683616 ], [ 3.118037000184723, 41.881411809516557 ], [ 3.118097011878144, 41.881276644483712 ] ] ] } },
{ "type": "Feature", "properties": { "DATA_INCEN": "22/06/89", "MUNICIPI": "PRAT DE COMTE", "GRID_CODE": 2, "CODI_FINAL": "T89037006" }, "geometry": { "type": "MultiPolygon", "coordinates": [ [ [ [ 0.489727235221077, 40.969504612253871 ], [ 0.489737471390813, 40.969234623062896 ], [ 0.489025064271862, 40.969219103695224 ], [ 0.489014825203797, 40.969489092739451 ], [ 0.489727235221077, 40.969504612253871 ] ] ], [ [ [ 0.488658620403723, 40.969481331333235 ], [ 0.48867910129911, 40.968941353376792 ], [ 0.488322899536409, 40.968933591018065 ], [ 0.488312657709111, 40.969203579930259 ], [ 0.487956454636358, 40.969195816398802 ], [ 0.487946211220813, 40.969465805222782 ], [ 0.488658620403723, 40.969481331333235 ] ] ], [ [ [ 0.468396456233679, 40.986601748896199 ], [ 0.468752747585596, 40.986609575573361 ], [ 0.468742419563525, 40.986879559586299 ], [ 0.469098712506055, 40.986887385237502 ], [ 0.469078058941828, 40.987427353366883 ], [ 0.469434354925359, 40.987435178066136 ], [ 0.469465330710228, 40.986625225627847 ], [ 0.470177914395789, 40.986640871282582 ], [ 0.470167592175096, 40.986910855591454 ], [ 0.470523885678527, 40.986918676842862 ], [ 0.470503243717309, 40.98745864556404 ], [ 0.470859540261681, 40.987466465863378 ], [ 0.470890498642126, 40.986656512537515 ], [ 0.471246790975535, 40.986664331515065 ], [ 0.471236473105899, 40.986934316045783 ], [ 0.471592767029799, 40.986942133997303 ], [ 0.471572133770886, 40.987482103162122 ], [ 0.472284727840576, 40.987497736060938 ], [ 0.472274413901775, 40.987767720768936 ], [ 0.47298701143264, 40.987783349415608 ], [ 0.472976700254641, 40.988053334256563 ], [ 0.473333000680597, 40.988061147003783 ], [ 0.473322690813016, 40.988331131903792 ], [ 0.473678992829468, 40.988338943624861 ], [ 0.473689301246581, 40.988068958650992 ], [ 0.474045601952572, 40.988076769198173 ], [ 0.474035294985929, 40.988346754245917 ], [ 0.47439159728238, 40.988354563766961 ], [ 0.474401902798551, 40.988084578645363 ], [ 0.4747582037845, 40.988092386992548 ], [ 0.474747899718804, 40.988362372187972 ], [ 0.475460505011483, 40.988377985729912 ], [ 0.475450203706829, 40.988647971058157 ], [ 0.476162812460158, 40.988663580347605 ], [ 0.476173110863808, 40.988393594871759 ], [ 0.476529413999789, 40.988401397792622 ], [ 0.476539710813082, 40.988131412228178 ], [ 0.47689601263843, 40.988139213975238 ], [ 0.476916602944549, 40.987599242654326 ], [ 0.477985500556724, 40.987622640852884 ], [ 0.478006081601001, 40.987082669030173 ], [ 0.477649785157998, 40.987074870878146 ], [ 0.477680660027319, 40.986264913254182 ], [ 0.478036952119193, 40.986272711184981 ], [ 0.478047242012408, 40.986002725206951 ], [ 0.478403532793701, 40.986010521964076 ], [ 0.478475547981367, 40.984120619186932 ], [ 0.478831828750559, 40.984128414328097 ], [ 0.478842114625431, 40.983858428084098 ], [ 0.478485835306421, 40.983850633016644 ], [ 0.47850640953738, 40.983310660631631 ], [ 0.478150133258393, 40.983302864611758 ], [ 0.47812955612713, 40.983842836849341 ], [ 0.477773277087577, 40.983835039582154 ], [ 0.477762986862161, 40.984105025604975 ], [ 0.477406706512188, 40.984097227164206 ], [ 0.477437581119639, 40.983287269272502 ], [ 0.477081305259911, 40.983279469953118 ], [ 0.47712247524672, 40.982199526185099 ], [ 0.476766205327122, 40.982191726060925 ], [ 0.476776498924395, 40.981921740155634 ], [ 0.476420230594634, 40.981913939005459 ], [ 0.476399640360197, 40.982453910653675 ], [ 0.475687098319996, 40.982438304758816 ], [ 0.475707694354592, 40.981898333405738 ], [ 0.476063962404692, 40.981906136755498 ], [ 0.476084554979849, 40.981366165195567 ], [ 0.476797085699542, 40.981381768300601 ], [ 0.476807378877421, 40.981111782350851 ], [ 0.477519907256343, 40.981127380909356 ], [ 0.47753019739451, 40.980857394797276 ], [ 0.476461409385676, 40.980833995531192 ], [ 0.476481997942319, 40.980294023705142 ], [ 0.476838257572293, 40.980301824412713 ], [ 0.476848550191005, 40.980031838403704 ], [ 0.478273584308986, 40.980063029941768 ], [ 0.47825301053106, 40.980603002534934 ], [ 0.477540487392925, 40.980587408670388 ], [ 0.47753019739451, 40.980857394797276 ], [ 0.479311513537365, 40.98089637157922 ], [ 0.47932179628605, 40.980626385083731 ], [ 0.480034320821007, 40.980641967950923 ], [ 0.480003480855823, 40.981451927834989 ], [ 0.48035974768266, 40.981459717839968 ], [ 0.480370026360675, 40.981189731153087 ], [ 0.481438823328708, 40.981213094348448 ], [ 0.481428549000693, 40.981483081256251 ], [ 0.481784816385813, 40.981490866862124 ], [ 0.48177454336828, 40.98176085382876 ], [ 0.485337239390284, 40.981838650135217 ], [ 0.485347497907457, 40.981568662432906 ], [ 0.485703766826233, 40.98157643594115 ], [ 0.485734537191782, 40.980766472524863 ], [ 0.484665743903505, 40.980743149362418 ], [ 0.484686265483781, 40.980203174118664 ], [ 0.485042526873966, 40.980210949458858 ], [ 0.485052786005147, 40.979940961741228 ], [ 0.483984006602447, 40.979917632642092 ], [ 0.483973743121495, 40.980187620139105 ], [ 0.48361748214943, 40.980179841499712 ], [ 0.483596951869448, 40.980719816302177 ], [ 0.483953215741409, 40.980727595088688 ], [ 0.483942951842272, 40.980997582541271 ], [ 0.483586686520333, 40.980989803681197 ], [ 0.483596951869448, 40.980719816302177 ], [ 0.483240688136904, 40.980712036415916 ], [ 0.483250954796558, 40.980442049095664 ], [ 0.482894692653405, 40.980434268183238 ], [ 0.482904960623561, 40.980164280921755 ], [ 0.48326122131678, 40.980172061760605 ], [ 0.483281753938927, 40.979632087046049 ], [ 0.481500466366554, 40.97959317259054 ], [ 0.481521012929604, 40.979053198552762 ], [ 0.481164758733339, 40.979045412509812 ], [ 0.481175033255405, 40.978775425542324 ], [ 0.482243791913261, 40.978798780151301 ], [ 0.482254061946365, 40.978528792948154 ], [ 0.484391574328611, 40.978575472033377 ], [ 0.484401835523447, 40.97830548437399 ], [ 0.484758086625226, 40.978313260299139 ], [ 0.484768346230918, 40.978043272551417 ], [ 0.485124596022246, 40.978051047303396 ], [ 0.48510407957112, 40.978591022931077 ], [ 0.485460332401366, 40.978598796730417 ], [ 0.485450075416651, 40.978868784595569 ], [ 0.484737566995824, 40.978853235750179 ], [ 0.48472730697211, 40.979123223453477 ], [ 0.485083562562709, 40.979130998499542 ], [ 0.485073303849518, 40.979400986261581 ], [ 0.485785818348412, 40.979416533201643 ], [ 0.485775562395672, 40.979686521095893 ], [ 0.486131821303954, 40.979694292989855 ], [ 0.486152330170382, 40.979154317039566 ], [ 0.485796074161864, 40.979146545292593 ], [ 0.485806329836031, 40.978876557368729 ], [ 0.486162584394694, 40.978884329042216 ], [ 0.486152330170382, 40.979154317039566 ], [ 0.486864842605193, 40.979169857234417 ], [ 0.486854591141368, 40.979439845363927 ], [ 0.486498333404459, 40.979432075742885 ], [ 0.486488080351507, 40.979702063784117 ], [ 0.486131821303954, 40.979694292989855 ], [ 0.486121566661835, 40.979964280942795 ], [ 0.486477827159303, 40.979972051810542 ], [ 0.486467573827846, 40.980242039822166 ], [ 0.486823835914502, 40.980249809663654 ], [ 0.486834087796024, 40.979979821578532 ], [ 0.487190348571979, 40.979987590246814 ], [ 0.487200598864347, 40.979717602073436 ], [ 0.487556858329594, 40.979725369568513 ], [ 0.487526111384668, 40.98053533426458 ], [ 0.487882375338936, 40.980543100880297 ], [ 0.487872127528882, 40.980813089156165 ], [ 0.488228393072314, 40.980820854745531 ], [ 0.488218146573082, 40.98109084308004 ], [ 0.489643215938268, 40.981121894733455 ], [ 0.489684177900555, 40.980041940132054 ], [ 0.490040439789672, 40.980049700002411 ], [ 0.490050678482612, 40.979779711241683 ], [ 0.489338157743325, 40.979764190548018 ], [ 0.48934839919704, 40.979494201919259 ], [ 0.488992140485939, 40.979486439996229 ], [ 0.489002383250455, 40.97921645142609 ], [ 0.489714897911961, 40.979231974025637 ], [ 0.489704658047233, 40.979501962742582 ], [ 0.490773435432162, 40.979525238614194 ], [ 0.490783670947194, 40.979255249677145 ], [ 0.491139928903654, 40.979263006028205 ], [ 0.491150162829792, 40.978993017003013 ], [ 0.491506419475356, 40.979000772181031 ], [ 0.491526884010952, 40.97846079393959 ], [ 0.490814376658231, 40.97844528277723 ], [ 0.490824611617232, 40.978175293781007 ], [ 0.490468359599192, 40.978167536623666 ], [ 0.490478595868993, 40.977897547685998 ], [ 0.489766095149598, 40.977882030219028 ], [ 0.489776334179939, 40.977612041413316 ], [ 0.49120133037568, 40.977643071655159 ], [ 0.491191097144468, 40.977913060754311 ], [ 0.491903598975867, 40.977928569423973 ], [ 0.49189336850529, 40.978198558655002 ], [ 0.492605873792079, 40.978214063072606 ], [ 0.492616101363029, 40.977944073694957 ], [ 0.493328604305803, 40.977959573567269 ], [ 0.493318379634486, 40.978229563091503 ], [ 0.494030886032353, 40.97824505871165 ], [ 0.494020664121853, 40.978515048367633 ], [ 0.495089429109335, 40.978538283769957 ], [ 0.495079211409604, 40.978808273630882 ], [ 0.495435468132866, 40.978816016638817 ], [ 0.495425251744254, 40.97908600655817 ], [ 0.496494027096152, 40.979109229203317 ], [ 0.496504239135082, 40.978839239064342 ], [ 0.49686049641323, 40.97884697767342 ], [ 0.49687070686359, 40.97857698744648 ], [ 0.496514451035318, 40.978569248910581 ], [ 0.496524662796866, 40.978299258742027 ], [ 0.496168408557141, 40.978291519179628 ], [ 0.496178621629839, 40.978021529069487 ], [ 0.495822368978658, 40.978013788480574 ], [ 0.495832583362463, 40.977743798428854 ], [ 0.495476332299821, 40.977736056813491 ], [ 0.495466116466202, 40.978006046792004 ], [ 0.495109864092491, 40.977998304003748 ], [ 0.495120081375922, 40.977728314098442 ], [ 0.494763830590786, 40.977720570283743 ], [ 0.494784267640919, 40.977180590575266 ], [ 0.494428019894121, 40.977172845807367 ], [ 0.494438239660768, 40.97690285600418 ], [ 0.494081993502512, 40.976895110209902 ], [ 0.49409221458009, 40.976625120465187 ], [ 0.494448459288619, 40.976632866186229 ], [ 0.494458678777678, 40.97636287635347 ], [ 0.494814922175293, 40.976370620901641 ], [ 0.494804704135941, 40.976640610807628 ], [ 0.495160949122039, 40.976648354329413 ], [ 0.495171165711678, 40.976378364350197 ], [ 0.496239897153268, 40.976401588098156 ], [ 0.496250109255069, 40.976131597884525 ], [ 0.496606351896644, 40.976139336861415 ], [ 0.496616562410075, 40.975869346559811 ], [ 0.496260321218179, 40.975861607656107 ], [ 0.4962705330426, 40.975591617412896 ], [ 0.496626772784836, 40.975599356243407 ], [ 0.496636983020929, 40.975329365912252 ], [ 0.495924506574426, 40.975313887297993 ], [ 0.495914293439052, 40.975583877482798 ], [ 0.495558053974211, 40.975576136453078 ], [ 0.495578483005507, 40.975036156215133 ], [ 0.49522224657864, 40.975028414232277 ], [ 0.495212030682738, 40.975298404285432 ], [ 0.494499555346023, 40.975282916874569 ], [ 0.494489336412116, 40.975552906766481 ], [ 0.493776858731277, 40.97553741481083 ], [ 0.493766636759293, 40.975807404541428 ], [ 0.493410396677455, 40.975799656840962 ], [ 0.493430843381868, 40.975259677511495 ], [ 0.493074606338141, 40.975251928857993 ], [ 0.493084830931686, 40.974981939244344 ], [ 0.49237236016003, 40.974966438785238 ], [ 0.492362132667287, 40.975236428252295 ], [ 0.491649659552035, 40.975220923248344 ], [ 0.491659889943966, 40.974950933927914 ], [ 0.490591185661952, 40.974927668395267 ], [ 0.490601420263653, 40.974657679280085 ], [ 0.490245187230514, 40.974649921976798 ], [ 0.490275894550241, 40.973839954762518 ], [ 0.489919666004687, 40.973832196579814 ], [ 0.489929902949395, 40.973562207552177 ], [ 0.489217449174349, 40.973546688035015 ], [ 0.489237928444502, 40.973006710228873 ], [ 0.489950376421741, 40.973022229452496 ], [ 0.489960612949382, 40.972752240380466 ], [ 0.49067305858385, 40.972767755059472 ], [ 0.490662824955063, 40.97303774427823 ], [ 0.491019049430207, 40.973045500041877 ], [ 0.491029281609564, 40.97277551074977 ], [ 0.491385504774237, 40.97278326534061 ], [ 0.491395735365224, 40.972513275960381 ], [ 0.492108179212538, 40.972528781697015 ], [ 0.492118406765794, 40.972258792155358 ], [ 0.49247462744841, 40.972266543301174 ], [ 0.492484853413391, 40.971996553671431 ], [ 0.492841072785502, 40.972004303644489 ], [ 0.492830848269903, 40.972274293347553 ], [ 0.493187069230253, 40.972282042294466 ], [ 0.493207515223848, 40.971742062727017 ], [ 0.492495079239497, 40.971726564026874 ], [ 0.492505304926731, 40.971456574367537 ], [ 0.492149088592193, 40.971448823441619 ], [ 0.492159315589878, 40.971178833840796 ], [ 0.492515530475094, 40.971186584693399 ], [ 0.492525755884589, 40.970916595004489 ], [ 0.493238183172997, 40.970932093264921 ], [ 0.493248405545057, 40.970662103414639 ], [ 0.493960830490195, 40.970677597130923 ], [ 0.493940391404442, 40.971217577109755 ], [ 0.493584175963872, 40.971209830654793 ], [ 0.493573954763483, 40.971479820548751 ], [ 0.493217738012395, 40.971472072921109 ], [ 0.493207515223848, 40.971742062727017 ], [ 0.493563733424283, 40.971749810427944 ], [ 0.493553511946269, 40.972019800292337 ], [ 0.494265951662299, 40.972035292542394 ], [ 0.494255732944248, 40.9723052825385 ], [ 0.494611954459829, 40.972313027087601 ], [ 0.494601737052413, 40.972583017142171 ], [ 0.49567040677988, 40.972606244412383 ], [ 0.495690832759519, 40.972066263849129 ], [ 0.494978391933434, 40.97205078039466 ], [ 0.494998823155754, 40.971510800065126 ], [ 0.495711258184364, 40.971526283226744 ], [ 0.495721470688746, 40.971256292893365 ], [ 0.495365254554424, 40.971248551935481 ], [ 0.495375468369435, 40.97097856166053 ], [ 0.494663039415577, 40.970963076592945 ], [ 0.494673255990474, 40.970693086449657 ], [ 0.494317043170952, 40.970685342339991 ], [ 0.494327261056376, 40.970415352255152 ], [ 0.493971049824892, 40.970407607119327 ], [ 0.493981269020807, 40.970137617092938 ], [ 0.494693688724031, 40.970153106118708 ], [ 0.494683472426624, 40.970423096291576 ], [ 0.495395895583331, 40.970438581066261 ], [ 0.495385682045737, 40.970708571370793 ], [ 0.495741895281438, 40.970716312182262 ], [ 0.495792954336179, 40.969366360145763 ], [ 0.495436748346686, 40.969358619700309 ], [ 0.495446961190779, 40.96908862932186 ], [ 0.495803165731089, 40.969096369694107 ], [ 0.495833799083783, 40.968286398250434 ], [ 0.49618999941533, 40.968294137303758 ], [ 0.496200208806451, 40.968024146719763 ], [ 0.493706819542029, 40.967969950773615 ], [ 0.493727258195321, 40.967429970586387 ], [ 0.49194628451728, 40.96739122695044 ], [ 0.491956510880897, 40.967121237201049 ], [ 0.491600318010864, 40.967113485249385 ], [ 0.491610545684608, 40.966843495558514 ], [ 0.49125435440247, 40.966835742580926 ], [ 0.491264583386301, 40.966565752948597 ], [ 0.490552204136737, 40.966550243842363 ], [ 0.490541972254951, 40.966820233328029 ], [ 0.490185781389609, 40.966812477052727 ], [ 0.490175547919879, 40.967082466450229 ], [ 0.490887932687503, 40.967097978048308 ], [ 0.490867471127216, 40.967637957092343 ], [ 0.490155080563495, 40.967622445200874 ], [ 0.490175547919879, 40.967082466450229 ], [ 0.489463163708147, 40.967066950455184 ], [ 0.489452927201423, 40.967336939691165 ], [ 0.48909673385506, 40.967329179971379 ], [ 0.489106971810791, 40.96705919080879 ], [ 0.488750780052467, 40.967051430063165 ], [ 0.488771258444783, 40.966511451840383 ], [ 0.488058881141198, 40.966495927345051 ], [ 0.488048639116641, 40.966765916317009 ], [ 0.48769244922451, 40.966758152347104 ], [ 0.487723179227742, 40.96594818560709 ], [ 0.488079364773056, 40.965955949356733 ], [ 0.488089606380359, 40.965685960340373 ], [ 0.487733422283945, 40.965678196664157 ], [ 0.487743665201049, 40.965408207706432 ], [ 0.487387482692614, 40.965400443004469 ], [ 0.487377238326633, 40.965670431888753 ], [ 0.48702105450844, 40.965662666014161 ], [ 0.487010808554442, 40.96593265481021 ], [ 0.486654623426494, 40.965924887762995 ], [ 0.486644375884442, 40.966194876470794 ], [ 0.485932003148229, 40.966179338931831 ], [ 0.485921752569156, 40.966449327477875 ], [ 0.485565564960916, 40.966441556986112 ], [ 0.485504049869128, 40.968061487510667 ], [ 0.484791657682441, 40.96804594234743 ], [ 0.484781401781704, 40.968315930569368 ], [ 0.485849994617785, 40.968339246885812 ], [ 0.485829491093021, 40.968879223726297 ], [ 0.486185691881704, 40.968886993780195 ], [ 0.486165190698312, 40.969426970708426 ], [ 0.486521394524474, 40.969434739809955 ], [ 0.486531643736625, 40.969164751279763 ], [ 0.487600251702714, 40.969188051768015 ], [ 0.487610496428285, 40.968918063002668 ], [ 0.487254295082902, 40.968910297346007 ], [ 0.487285032772153, 40.968100331181489 ], [ 0.486928835913193, 40.968092564645858 ], [ 0.48693908298038, 40.967822575968206 ], [ 0.488363865454758, 40.967853635221267 ], [ 0.488353624183793, 40.968123624192664 ], [ 0.488709821599193, 40.968131386331159 ], [ 0.488699581638228, 40.968401375361175 ], [ 0.489055780641772, 40.968409136473781 ], [ 0.489045541990849, 40.968679125562396 ], [ 0.48940174258254, 40.968686885649099 ], [ 0.48941197978436, 40.968416896487106 ], [ 0.49048057804618, 40.96844016993132 ], [ 0.490490810761707, 40.968170180534422 ], [ 0.491203207399587, 40.968185690520713 ], [ 0.491192977582249, 40.968455680064309 ], [ 0.491905377674019, 40.968471185800077 ], [ 0.491895150615995, 40.968741175475508 ], [ 0.491538949051537, 40.968733423083961 ], [ 0.491528720405484, 40.969003412671277 ], [ 0.490816314795039, 40.968987904443566 ], [ 0.490826546339364, 40.968717915002912 ], [ 0.490470345191689, 40.968710159313424 ], [ 0.490429412384034, 40.969790116693893 ], [ 0.490073205578683, 40.969782359611663 ], [ 0.490062970580128, 40.970052348846444 ], [ 0.489706762464565, 40.970044590591478 ], [ 0.489686289151988, 40.970584568869889 ], [ 0.48933007827697, 40.970576809368829 ], [ 0.489319839962887, 40.97084679841246 ], [ 0.48789499205639, 40.97081574912076 ], [ 0.48788474780615, 40.971085737855958 ], [ 0.487172321789008, 40.971070206466933 ], [ 0.48718256893779, 40.970800217878612 ], [ 0.486470146375833, 40.970784682238936 ], [ 0.486511145173132, 40.969704728325347 ], [ 0.486154939897805, 40.969696959150347 ], [ 0.486165190698312, 40.969426970708426 ], [ 0.485452783463635, 40.969411429207405 ], [ 0.485463037023221, 40.969141440897658 ], [ 0.482969626233128, 40.969087011530235 ], [ 0.482959362529606, 40.969356999325221 ], [ 0.482246957802628, 40.969341438036473 ], [ 0.482257224404397, 40.969071450388647 ], [ 0.482613425249061, 40.969079231509092 ], [ 0.482623690262305, 40.968809243772867 ], [ 0.481911291610605, 40.968793680579857 ], [ 0.481921559382613, 40.968523692976028 ], [ 0.481565361714993, 40.968515909804182 ], [ 0.481575630796623, 40.968245922259143 ], [ 0.48228802337318, 40.968261487356322 ], [ 0.482277757189671, 40.968531475048579 ], [ 0.482990153222023, 40.968547035895824 ], [ 0.483010679653403, 40.968007060202197 ], [ 0.48336687498054, 40.968014838829774 ], [ 0.483377136538138, 40.967744850887193 ], [ 0.482664748921295, 40.96772929267992 ], [ 0.482675013237557, 40.967459304869664 ], [ 0.484099783232612, 40.967490416592952 ], [ 0.484120299855121, 40.966950440339566 ], [ 0.483764110045308, 40.966942664204694 ], [ 0.483774369596555, 40.966672676129342 ], [ 0.484486746457574, 40.966688227152794 ], [ 0.48450725934639, 40.966148250663515 ], [ 0.484863445087978, 40.966156024379394 ], [ 0.484873699874563, 40.965886036039045 ], [ 0.485229884306509, 40.965893808582194 ], [ 0.485240137504952, 40.965623820153532 ], [ 0.484883954521889, 40.965616047683881 ], [ 0.484904463398773, 40.96507607092915 ], [ 0.484548283452669, 40.965068297507344 ], [ 0.484558539131052, 40.96479830918129 ], [ 0.484202360773041, 40.964790534733858 ], [ 0.484192103645838, 40.965060522986384 ], [ 0.483123565061172, 40.965037192828646 ], [ 0.483103041695821, 40.965577168847993 ], [ 0.483459223982403, 40.965584946813507 ], [ 0.483448963539566, 40.965854934874535 ], [ 0.482380412751296, 40.965831597459768 ], [ 0.482359882754213, 40.966371573095984 ], [ 0.481647510463407, 40.966356009029205 ], [ 0.481657778429455, 40.966086021365697 ], [ 0.481301593942105, 40.966078237757117 ], [ 0.481322132353632, 40.965538262532895 ], [ 0.481678313943242, 40.965546045994252 ], [ 0.481688581490982, 40.965276058286314 ], [ 0.481332401350214, 40.965268274898577 ], [ 0.481352938925028, 40.964728299585509 ], [ 0.481709116168171, 40.964736082826029 ], [ 0.481739917138256, 40.96392611952453 ], [ 0.482096090174532, 40.963933901445102 ], [ 0.48210635543699, 40.963663913574727 ], [ 0.48175018384944, 40.963656131727738 ], [ 0.481760450421205, 40.963386143916161 ], [ 0.48140428042178, 40.963378361043674 ], [ 0.481424816044413, 40.962838385523284 ], [ 0.481068649081768, 40.962830601698975 ], [ 0.481089187043941, 40.962290626266565 ], [ 0.480376859331546, 40.962275055615272 ], [ 0.480387131000663, 40.962005068024126 ], [ 0.479674806743406, 40.961989493123994 ], [ 0.479685081170192, 40.961719505665329 ], [ 0.479328920699412, 40.961711716640409 ], [ 0.479339196435231, 40.961441729240605 ], [ 0.478626878809417, 40.961426148041063 ], [ 0.478637157302758, 40.961156160773804 ], [ 0.478993314597355, 40.961163951849393 ], [ 0.479024144894462, 40.960353989737705 ], [ 0.479736451211343, 40.960369568149886 ], [ 0.479756998251215, 40.959829593040034 ], [ 0.480113148722034, 40.959837380450395 ], [ 0.480123420584291, 40.959567392799606 ], [ 0.480479569746176, 40.959575179037365 ], [ 0.48046929933234, 40.959845166761816 ], [ 0.480825450082113, 40.959852951974277 ], [ 0.480835719047526, 40.959582964176214 ], [ 0.48190416778817, 40.959606312999163 ], [ 0.481914432268914, 40.95933632496547 ], [ 0.481558283997697, 40.959328543197017 ], [ 0.481568549787447, 40.959058555222114 ], [ 0.480143963890353, 40.959027417453591 ], [ 0.480154235334163, 40.958757429758357 ], [ 0.479441946119136, 40.958741854427942 ], [ 0.479431671778609, 40.959011841975851 ], [ 0.479787817764732, 40.959019630264173 ], [ 0.479777544733062, 40.959289617870937 ], [ 0.479065250003583, 40.959274040048072 ], [ 0.479075525932005, 40.959004052588647 ], [ 0.478719380224941, 40.958996262102524 ], [ 0.478709102848145, 40.95926624948828 ], [ 0.477996808955973, 40.959250665071927 ], [ 0.477986528542838, 40.959520652295481 ], [ 0.478342676867522, 40.959528445126807 ], [ 0.478332397763195, 40.959798432409244 ], [ 0.47868854767587, 40.959806224215349 ], [ 0.478657713870716, 40.960616186194848 ], [ 0.47723309767624, 40.960585011492377 ], [ 0.47721252952032, 40.961124985481632 ], [ 0.476856372923798, 40.961117188911139 ], [ 0.476846087187838, 40.961387175809818 ], [ 0.476133771516802, 40.961371579224384 ], [ 0.476154348643072, 40.960831605707227 ], [ 0.475442039324905, 40.960816005020916 ], [ 0.475431747934644, 40.961085991639365 ], [ 0.475075592036686, 40.961078189573975 ], [ 0.475065299058163, 40.961348176103819 ], [ 0.474709141851472, 40.961340372865656 ], [ 0.474667962745394, 40.962420318541625 ], [ 0.475024125746307, 40.962428122074975 ], [ 0.47501383206889, 40.962698108530724 ], [ 0.475369996658192, 40.962705911038853 ], [ 0.475359704289618, 40.962975897553569 ], [ 0.476428203241927, 40.962999298705036 ], [ 0.476438491264612, 40.962729311968999 ], [ 0.477863152695636, 40.962760497822629 ], [ 0.477852870467505, 40.963030484853597 ], [ 0.478565204918153, 40.963046071333537 ], [ 0.478544645837694, 40.963586045645869 ], [ 0.478900816169768, 40.963593837384636 ], [ 0.478890537868853, 40.963863824592266 ], [ 0.479246709789213, 40.963871615305628 ], [ 0.479256986641419, 40.963601628024314 ], [ 0.480325498893627, 40.963624993348873 ], [ 0.480315226387561, 40.963894980851158 ], [ 0.479959054048586, 40.963887193435077 ], [ 0.479938505720464, 40.964427168247923 ], [ 0.479226155666124, 40.964411589823818 ], [ 0.479215878395238, 40.964681577060688 ], [ 0.478859702128635, 40.964673786126298 ], [ 0.478849423269397, 40.964943773274676 ], [ 0.479205600984787, 40.964951564282757 ], [ 0.479195323434768, 40.965221551490011 ], [ 0.47883914427057, 40.965213760408254 ], [ 0.478818585854152, 40.965753734630951 ], [ 0.479174767916024, 40.965761525860074 ], [ 0.479185045745181, 40.96549153868245 ], [ 0.480253588421601, 40.965514905553889 ], [ 0.480212493654079, 40.966594855059512 ], [ 0.479856306826873, 40.966587066906897 ], [ 0.479846031337264, 40.966857054172621 ], [ 0.477708904611518, 40.966810301731734 ], [ 0.477719188794668, 40.966540314908151 ], [ 0.478075374784338, 40.966548109655932 ], [ 0.478095939833888, 40.966008135816907 ], [ 0.477739756741996, 40.966000341216557 ], [ 0.477750040506178, 40.965730354348551 ], [ 0.477393859002797, 40.965722558722753 ], [ 0.477404144076164, 40.965452571913659 ], [ 0.475267066682645, 40.965405775519208 ], [ 0.475256772916297, 40.965675761885748 ], [ 0.474900592391028, 40.965667958565867 ], [ 0.474910887606197, 40.965397972273145 ], [ 0.474554708669558, 40.965390167927922 ], [ 0.474575301578063, 40.964850195445599 ], [ 0.475643830114623, 40.964873604741044 ], [ 0.475654122012851, 40.96460361825627 ], [ 0.474941772412877, 40.964588013306006 ], [ 0.474952067068833, 40.964318026954004 ], [ 0.474595893927279, 40.964310222904004 ], [ 0.474585597822579, 40.964580209182216 ], [ 0.473160900859787, 40.964548981695984 ], [ 0.473181504519178, 40.964009009715404 ], [ 0.472825333525619, 40.964001200243814 ], [ 0.47281503031716, 40.96427118616765 ], [ 0.471034170204934, 40.964232121954034 ], [ 0.471044480656918, 40.96396213639963 ], [ 0.471400650950713, 40.963969951366607 ], [ 0.471410959814003, 40.963699965723485 ], [ 0.471767128799108, 40.963707779517492 ], [ 0.471777436073746, 40.96343779378563 ], [ 0.472133603750154, 40.963445606406708 ], [ 0.472123297924182, 40.963715592212452 ], [ 0.472479467189207, 40.963723403808331 ], [ 0.472489771566512, 40.963453417928704 ], [ 0.472845939522798, 40.963461228351655 ], [ 0.472856242311522, 40.963191242383338 ], [ 0.472500075803887, 40.963183432034249 ], [ 0.472510379901335, 40.962913446124993 ], [ 0.472866544960341, 40.962921256400207 ], [ 0.472907754156583, 40.96184131231945 ], [ 0.473263913561158, 40.961849121200231 ], [ 0.473284514422845, 40.961309148923213 ], [ 0.473640671070241, 40.961316956557297 ], [ 0.473630372157853, 40.961586942777053 ], [ 0.473986530393623, 40.961594749385974 ], [ 0.473996827857492, 40.961324763092399 ], [ 0.474352984784575, 40.961332568528505 ], [ 0.474363280660109, 40.961062582146283 ], [ 0.474007125181528, 40.961054776783982 ], [ 0.474017422365732, 40.960784790460757 ], [ 0.473661268475461, 40.96077698407332 ], [ 0.473681865321289, 40.960237011530047 ], [ 0.474394167447851, 40.960252622910687 ], [ 0.474404462764152, 40.959982636469178 ], [ 0.474048313079383, 40.959974831402143 ], [ 0.474058609704286, 40.959704845019644 ], [ 0.47370246160774, 40.959697038927509 ], [ 0.473712759541203, 40.959427052604006 ], [ 0.473356613032878, 40.959419245486785 ], [ 0.473346313651032, 40.959689231736462 ], [ 0.472634018157219, 40.959673614057621 ], [ 0.472654622574517, 40.959133641838875 ], [ 0.472298477934176, 40.959125831498817 ], [ 0.472329387855866, 40.958315873281144 ], [ 0.471973247700376, 40.958308062063821 ], [ 0.471983552176062, 40.9580380760355 ], [ 0.471627413608769, 40.958030263793198 ], [ 0.471637719392781, 40.95776027782393 ], [ 0.470925445574545, 40.957744650190619 ], [ 0.470935754115073, 40.957474664354336 ], [ 0.468798944709871, 40.957427755526041 ], [ 0.468788627480024, 40.957697740918682 ], [ 0.46950089961801, 40.957713381737989 ], [ 0.469490585144534, 40.957983367263722 ], [ 0.47020286073924, 40.957999003835589 ], [ 0.470182237165176, 40.95853897513836 ], [ 0.471606801620908, 40.958570235687269 ], [ 0.471596495417056, 40.958840221612071 ], [ 0.471240352644843, 40.958832408049247 ], [ 0.471230044852711, 40.95910239388531 ], [ 0.470873900772143, 40.959094579149706 ], [ 0.470884210012601, 40.958824593387533 ], [ 0.469103498951632, 40.958785503595891 ], [ 0.469113815293594, 40.958515518188605 ], [ 0.468401534746272, 40.958499874727814 ], [ 0.468411853844694, 40.958229889453634 ], [ 0.46805571522948, 40.958222066148942 ], [ 0.468066035636028, 40.957952080933914 ], [ 0.467709898609203, 40.957944256604399 ], [ 0.467699576754407, 40.958214241745409 ], [ 0.467343438419499, 40.958206416243009 ], [ 0.467333114976276, 40.958476401295194 ], [ 0.467689254759451, 40.95848422687159 ], [ 0.467678932624328, 40.958754211982935 ], [ 0.466966650301598, 40.958738559583267 ], [ 0.466987300224772, 40.958198589641796 ], [ 0.466631162170247, 40.958190761941729 ], [ 0.466641488369771, 40.957920777022778 ], [ 0.466285351903705, 40.957912948297917 ], [ 0.466275024255942, 40.95818293314283 ], [ 0.464850474001333, 40.958151606958822 ], [ 0.464860807442028, 40.957881622410184 ], [ 0.464148536053014, 40.957865952873362 ], [ 0.464158872249806, 40.957595968458087 ], [ 0.463446604318624, 40.957580294674223 ], [ 0.463456943271429, 40.957310310392351 ], [ 0.463100810964597, 40.95730247192634 ], [ 0.463111151225169, 40.957032487703749 ], [ 0.462398889929074, 40.957016807623646 ], [ 0.462409232945513, 40.956746823534523 ], [ 0.462053103956262, 40.956738981920459 ], [ 0.462032414886648, 40.957278949935549 ], [ 0.462744678798177, 40.957294632361524 ], [ 0.462734336949016, 40.957564616495134 ], [ 0.463090470563613, 40.957572456134088 ], [ 0.463080130022216, 40.957842440326999 ], [ 0.463436265225426, 40.957850278941279 ], [ 0.463425925991833, 40.958120263193479 ], [ 0.464494336788431, 40.958143772665728 ], [ 0.464484001759168, 40.958413757125435 ], [ 0.464840140420319, 40.958421591492623 ], [ 0.464829806698983, 40.958691576011603 ], [ 0.465185946948724, 40.958699409354018 ], [ 0.465196279221791, 40.958429424760965 ], [ 0.466264696467939, 40.958452917972906 ], [ 0.466244040471202, 40.958992887588558 ], [ 0.465531756373689, 40.958977226249878 ], [ 0.465542087338768, 40.958707241597594 ], [ 0.465185946948724, 40.958699409354018 ], [ 0.465175614535352, 40.958969393932243 ], [ 0.464107189862261, 40.958945890386133 ], [ 0.464096852963664, 40.959215874727235 ], [ 0.464809138835337, 40.959231545005032 ], [ 0.464798804693025, 40.959501529479496 ], [ 0.46515494928769, 40.959509363044184 ], [ 0.465144616453393, 40.959779347577907 ], [ 0.465500762636719, 40.959787180117772 ], [ 0.465490431110479, 40.960057164710733 ], [ 0.465134283478784, 40.960049332096794 ], [ 0.465144616453393, 40.959779347577907 ], [ 0.464432324507699, 40.959763679201473 ], [ 0.464442660238687, 40.95949369481594 ], [ 0.464086515924702, 40.959485859053494 ], [ 0.464096852963664, 40.959215874727235 ], [ 0.46374071023837, 40.959208037940023 ], [ 0.463751048585267, 40.95893805367303 ], [ 0.462682625596675, 40.958914536940583 ], [ 0.462692968148021, 40.958644552881175 ], [ 0.462336828880958, 40.958636711846786 ], [ 0.462347172740117, 40.958366727846702 ], [ 0.461991035061767, 40.958358885787639 ], [ 0.4620013802287, 40.958088901846885 ], [ 0.461289108189912, 40.958073214580622 ], [ 0.461247715093236, 40.959153149661191 ], [ 0.461603856835411, 40.959160994140476 ], [ 0.461572814882384, 40.95997094551764 ], [ 0.461216668795232, 40.959963100815784 ], [ 0.46122701770176, 40.959693117112423 ], [ 0.460870873203482, 40.959685271385879 ], [ 0.46086052284861, 40.959955255015011 ], [ 0.460148231377037, 40.959939560116837 ], [ 0.460158584628591, 40.959669576636124 ], [ 0.459802440552015, 40.959661727612932 ], [ 0.459823149529976, 40.959121760755423 ], [ 0.459467008490618, 40.959113910781838 ], [ 0.459477364216969, 40.958843927405056 ], [ 0.458765085456687, 40.958828224309819 ], [ 0.458775443938924, 40.958558241066712 ], [ 0.458063168637776, 40.958542533724646 ], [ 0.458052807259043, 40.958812516819215 ], [ 0.457696668371258, 40.958804661425646 ], [ 0.457707031198236, 40.958534678405378 ], [ 0.456994756741327, 40.958518964470343 ], [ 0.456974025153643, 40.959058930198793 ], [ 0.456261745466764, 40.959043211571135 ], [ 0.456272114227499, 40.958773228862988 ], [ 0.455915976043501, 40.958765367975246 ], [ 0.455905605834512, 40.959035350609042 ], [ 0.455549466343079, 40.959027488548095 ], [ 0.455518350526318, 40.959837436137327 ], [ 0.455162206830856, 40.959829572754444 ], [ 0.455172580358927, 40.959559590313923 ], [ 0.454816438252636, 40.959551725906543 ], [ 0.454826813088133, 40.959281743525537 ], [ 0.454470672571008, 40.959273878093683 ], [ 0.45448104871389, 40.95900389577222 ], [ 0.454124909785927, 40.958996029315905 ], [ 0.454135287236155, 40.958726047053986 ], [ 0.45377914989735, 40.95871817957326 ], [ 0.453768770998882, 40.958988161760765 ], [ 0.453056493847618, 40.958972423353984 ], [ 0.453046111911699, 40.959242405377793 ], [ 0.452689972099267, 40.959234534451689 ], [ 0.452669204907926, 40.959774498305876 ], [ 0.452313062339929, 40.959766626132051 ], [ 0.452281906150409, 40.960576571578549 ], [ 0.452638053063398, 40.960584443975733 ], [ 0.452627668833207, 40.960854425835983 ], [ 0.45191537225152, 40.960838679793802 ], [ 0.451936146364327, 40.960298716356299 ], [ 0.451580001181759, 40.960290841835807 ], [ 0.451600777627016, 40.959750878487817 ], [ 0.45124463548214, 40.959743003017387 ], [ 0.451234245881739, 40.960012984624328 ], [ 0.450521959118647, 40.959997230237938 ], [ 0.450511566480521, 40.960267211681028 ], [ 0.449799277385282, 40.960251452750114 ], [ 0.449768089934023, 40.961061396543109 ], [ 0.449055792713329, 40.961045632769476 ], [ 0.448982996774402, 40.962935500056034 ], [ 0.449339155453291, 40.962943383014149 ], [ 0.449359952102078, 40.962403420857477 ], [ 0.450072264089447, 40.962419183178632 ], [ 0.450051473234663, 40.962959145633441 ], [ 0.450407632337107, 40.962967025294638 ], [ 0.4503972381465, 40.963237006574261 ], [ 0.449684917185715, 40.963221246003869 ], [ 0.449695314273384, 40.962951264873276 ], [ 0.449339155453291, 40.962943383014149 ], [ 0.449318358239687, 40.963483345111378 ], [ 0.448962196663726, 40.963475462004148 ], [ 0.448920594747616, 40.964555385722022 ], [ 0.449989097282278, 40.964579032641211 ], [ 0.449978700796104, 40.96484901375716 ], [ 0.451403378613339, 40.964880527894174 ], [ 0.451392987780679, 40.965150509293288 ], [ 0.450324474860005, 40.965126875115608 ], [ 0.450314079540157, 40.965396856276357 ], [ 0.449957907400209, 40.965388975944471 ], [ 0.449968304168748, 40.965118994858237 ], [ 0.449255963209798, 40.965103231046335 ], [ 0.449266362734488, 40.964833250094323 ], [ 0.448910193915501, 40.964825366614349 ], [ 0.448920594747616, 40.964555385722022 ], [ 0.44820826043066, 40.964539615614044 ], [ 0.448177048818632, 40.96534955779898 ], [ 0.449245563543888, 40.965373211983476 ], [ 0.449235163736751, 40.965643192905759 ], [ 0.449947510490486, 40.965658957015826 ], [ 0.449937113439577, 40.965928938072338 ], [ 0.450649463655521, 40.965944697935107 ], [ 0.45065985780897, 40.965674716729559 ], [ 0.451372205692044, 40.965690472046951 ], [ 0.451361814436065, 40.965960453401507 ], [ 0.451717990038012, 40.965968329486067 ], [ 0.451728379845253, 40.965698348057032 ], [ 0.45208455413955, 40.965706222968002 ], [ 0.452074165781051, 40.965976204471509 ], [ 0.45243034166516, 40.965984078357856 ], [ 0.45241995461435, 40.966254059920963 ], [ 0.452776132088276, 40.966261932782658 ], [ 0.452755360461079, 40.966801896013223 ], [ 0.45311154097363, 40.966809767924708 ], [ 0.453101156397301, 40.967079749592152 ], [ 0.453457338499699, 40.967087620478921 ], [ 0.453446955231195, 40.967357602205944 ], [ 0.452378405000549, 40.967333986024826 ], [ 0.452399180089566, 40.966794023002606 ], [ 0.451686819769734, 40.966778273684007 ], [ 0.451697210000254, 40.966508292299544 ], [ 0.449203963467979, 40.966453135583428 ], [ 0.449214363698799, 40.966183154705739 ], [ 0.448858187636295, 40.966175270852965 ], [ 0.448868589174629, 40.965905290034968 ], [ 0.448156240370869, 40.965889519181268 ], [ 0.448166644665394, 40.965619538497542 ], [ 0.447810471924151, 40.965611651496658 ], [ 0.447789660296364, 40.966151612700052 ], [ 0.44743348479898, 40.966143724450887 ], [ 0.44741266970843, 40.966683685445616 ], [ 0.448125026639567, 40.966699461143229 ], [ 0.448114621779881, 40.966969441767496 ], [ 0.447402261951157, 40.966953665920691 ], [ 0.44741266970843, 40.966683685445616 ], [ 0.447056491454852, 40.966675795948134 ], [ 0.447077309442922, 40.966135835102619 ], [ 0.446721134228215, 40.96612794465527 ], [ 0.446731544458955, 40.96585796428483 ], [ 0.446375370834342, 40.965850072813019 ], [ 0.446385782372426, 40.96558009250235 ], [ 0.445317266693085, 40.965556411716378 ], [ 0.445327682435837, 40.965286431614786 ], [ 0.44497151227426, 40.965278535895983 ], [ 0.444950677749939, 40.965818495934954 ], [ 0.445306850808893, 40.965826391803098 ], [ 0.445286018616172, 40.966366351931917 ], [ 0.445642194714032, 40.9663742468503 ], [ 0.44563177985426, 40.966644226967084 ], [ 0.445987957542311, 40.966652120861006 ], [ 0.445915059705594, 40.968541981784689 ], [ 0.445558871875661, 40.968534087368177 ], [ 0.445538039751647, 40.969074047348961 ], [ 0.445894230479439, 40.96908194191478 ], [ 0.445904645163232, 40.968811961857163 ], [ 0.446260834583514, 40.968819855249158 ], [ 0.446250421348662, 40.969089835381425 ], [ 0.445894230479439, 40.96908194191478 ], [ 0.445842154938966, 40.970431841979824 ], [ 0.446554551308831, 40.970447628560329 ], [ 0.446533725898841, 40.970987588780844 ], [ 0.446889927194034, 40.97099548057146 ], [ 0.44686910411664, 40.97153544088178 ], [ 0.446512899923222, 40.971527548941886 ], [ 0.446471246275027, 40.972607469085574 ], [ 0.446827456265128, 40.97261536132401 ], [ 0.446796218891794, 40.97342530149956 ], [ 0.447152433371021, 40.973433192862515 ], [ 0.447142022079714, 40.973703172965926 ], [ 0.447498238149612, 40.973711063304115 ], [ 0.447487828166216, 40.973981043467276 ], [ 0.447844045826789, 40.973988932780692 ], [ 0.447833637151348, 40.974258913003581 ], [ 0.447477418041449, 40.974251023615579 ], [ 0.447467007775308, 40.974521003749004 ], [ 0.447110787357441, 40.974513113186958 ], [ 0.447100375500561, 40.974783093230897 ], [ 0.446744153774732, 40.974775201494815 ], [ 0.446733740327074, 40.975045181449254 ], [ 0.447089963502283, 40.975053073259978 ], [ 0.447069139081519, 40.975593033273533 ], [ 0.448137818151949, 40.975616702556721 ], [ 0.448148226084763, 40.975346722333548 ], [ 0.448504451274864, 40.975354609821096 ], [ 0.448535669877085, 40.974544668838618 ], [ 0.448891890860341, 40.974552555002987 ], [ 0.448881486250292, 40.974822535419932 ], [ 0.449237708824217, 40.974830420559435 ], [ 0.449216902079019, 40.975370381497846 ], [ 0.449573127693035, 40.975378265687027 ], [ 0.449562725557944, 40.9756482462085 ], [ 0.449918952762659, 40.975656129372773 ], [ 0.449898150967603, 40.976196090520219 ], [ 0.450254381212503, 40.976203972734105 ], [ 0.45023358175145, 40.976743933971171 ], [ 0.449877348607535, 40.976736051608221 ], [ 0.449856545682442, 40.977276012636757 ], [ 0.450212781725448, 40.977283895148801 ], [ 0.450202381500587, 40.977553875715323 ], [ 0.450914856909463, 40.977569637589866 ], [ 0.45085246998987, 40.9791895215712 ], [ 0.450496223516928, 40.979181640736556 ], [ 0.45048582375303, 40.979451621273583 ], [ 0.45012957597161, 40.979443739264802 ], [ 0.450119174616737, 40.979713719712429 ], [ 0.451187922733908, 40.979737362663492 ], [ 0.451198319739569, 40.979467381992293 ], [ 0.452979562176574, 40.979506764545739 ], [ 0.452958782521608, 40.980046726618113 ], [ 0.453315034331917, 40.980054599978843 ], [ 0.453304645742568, 40.980324581067187 ], [ 0.454017152686017, 40.980340324638568 ], [ 0.453996380883346, 40.980880287068466 ], [ 0.45470889419031, 40.980896026538865 ], [ 0.45469851097711, 40.981166007880375 ], [ 0.455054769291985, 40.981173876040486 ], [ 0.455044387387651, 40.981443857441533 ], [ 0.454688127622897, 40.981435989207021 ], [ 0.454667360491406, 40.981975951815748 ], [ 0.454311097967853, 40.981968082332735 ], [ 0.454279941863068, 40.982778025911159 ], [ 0.454636208736494, 40.982785895617432 ], [ 0.454605055712312, 40.983595839285421 ], [ 0.455317598582352, 40.983611575845131 ], [ 0.455286452989317, 40.984421519825837 ], [ 0.455642728986089, 40.984429386679182 ], [ 0.455653109541334, 40.98415940529275 ], [ 0.457078209137634, 40.98419086141044 ], [ 0.457088583751547, 40.98392087971169 ], [ 0.45886995416661, 40.983960174741327 ], [ 0.458859586803183, 40.984230156811662 ], [ 0.459215862758787, 40.984238012592435 ], [ 0.459205496704679, 40.984507994722208 ], [ 0.458849219298951, 40.984500138867148 ], [ 0.458818115941404, 40.985310084944523 ], [ 0.458461834326003, 40.985302227766716 ], [ 0.458441095149821, 40.985842191595452 ], [ 0.458797379665642, 40.985850048921854 ], [ 0.458776642826608, 40.986390012839784 ], [ 0.459132930383748, 40.986397869214883 ], [ 0.459122563203279, 40.986667851225867 ], [ 0.458766274195859, 40.986659994776481 ], [ 0.458755905424284, 40.98692997669832 ], [ 0.459468486480534, 40.986945688645761 ], [ 0.459447754316225, 40.987485652742059 ], [ 0.460160341736966, 40.987501360586826 ], [ 0.460181068099933, 40.98696139619345 ], [ 0.460537359120765, 40.986969248317415 ], [ 0.460526997459985, 40.987239230595776 ], [ 0.460883290071876, 40.987247081694044 ], [ 0.460862569228843, 40.987787046354697 ], [ 0.46121886488217, 40.987794896501477 ], [ 0.46122922392367, 40.987524914104334 ], [ 0.461585518267318, 40.987532763076935 ], [ 0.461564802944389, 40.988072728004802 ], [ 0.461921100329484, 40.988080576025872 ], [ 0.461900387344693, 40.988620541042785 ], [ 0.463325589894911, 40.988651922720713 ], [ 0.463315238993363, 40.988921905503652 ], [ 0.465453055738653, 40.988968945465167 ], [ 0.465442713399469, 40.989238928678077 ], [ 0.466511628020206, 40.989262434030813 ], [ 0.466532303855163, 40.9887224671456 ], [ 0.466888606108602, 40.98873029991497 ], [ 0.466909278481016, 40.988190332822285 ], [ 0.465484081913408, 40.988158995737379 ], [ 0.465504765327598, 40.987619029178006 ], [ 0.465148469437619, 40.98761119230501 ], [ 0.465158812384405, 40.987341209077172 ], [ 0.464802518085278, 40.987333371178323 ], [ 0.464812862341945, 40.987063388009766 ], [ 0.465881741309653, 40.987086898184103 ], [ 0.465892081074809, 40.986816914778395 ], [ 0.466248372894594, 40.986824749229186 ], [ 0.466238034579781, 40.987094732708989 ], [ 0.466950621541262, 40.987110398458896 ], [ 0.466940285986767, 40.987380382071997 ], [ 0.467652876410489, 40.987396043570165 ], [ 0.467663209064242, 40.987126059808965 ], [ 0.468375797148563, 40.987141716759211 ], [ 0.468396456233679, 40.986601748896199 ], [ 0.468040165022055, 40.986593921119102 ], [ 0.468050495804491, 40.986323937239369 ], [ 0.468406785565799, 40.986331764942449 ], [ 0.468396456233679, 40.986601748896199 ] ], [ [ 0.467327583019759, 40.986578262265091 ], [ 0.467683873950742, 40.986586092242057 ], [ 0.467673541577659, 40.986856076032929 ], [ 0.467317249196344, 40.986848245981918 ], [ 0.467327583019759, 40.986578262265091 ], [ 0.466971292229127, 40.986570431188177 ], [ 0.466981627362503, 40.986300447530574 ], [ 0.467337916702824, 40.986308278533429 ], [ 0.467327583019759, 40.986578262265091 ] ], [ [ 0.475604708586871, 40.984598189578264 ], [ 0.476317273829281, 40.984613796653768 ], [ 0.476296680798172, 40.98515376800561 ], [ 0.47665296652963, 40.985161570041086 ], [ 0.476663261664856, 40.984891584298808 ], [ 0.477019546085888, 40.984899385160617 ], [ 0.477009252400912, 40.985169370976678 ], [ 0.477365538412005, 40.985177170812349 ], [ 0.477355246037495, 40.98544715668735 ], [ 0.47699895857613, 40.98543935677791 ], [ 0.476978370507135, 40.985979328335929 ], [ 0.477334660869104, 40.985987128392878 ], [ 0.477314075141538, 40.98652710003914 ], [ 0.476957781878884, 40.986519299834661 ], [ 0.476937192691361, 40.987059271274134 ], [ 0.476580896667767, 40.987051469822156 ], [ 0.476591192781827, 40.986781484183609 ], [ 0.476234898348461, 40.986773681705436 ], [ 0.47624519577305, 40.986503696125844 ], [ 0.476601488756048, 40.986511498530227 ], [ 0.476632375839693, 40.985701541481205 ], [ 0.475563510363222, 40.985678131632298 ], [ 0.475604708586871, 40.984598189578264 ], [ 0.475248426175479, 40.9845903843907 ], [ 0.475258726831886, 40.98432039891393 ], [ 0.475615007793075, 40.984328204027697 ], [ 0.475604708586871, 40.984598189578264 ] ], [ [ 0.46485423796371, 40.985983455187132 ], [ 0.464141664290105, 40.985967776830869 ], [ 0.464152010744841, 40.985697793736378 ], [ 0.463795725569066, 40.985689952982533 ], [ 0.463806073333514, 40.985419969947344 ], [ 0.46487492493168, 40.985443488686791 ], [ 0.46485423796371, 40.985983455187132 ] ], [ [ 0.4666770189752, 40.984942697287522 ], [ 0.46560817397143, 40.98491919549086 ], [ 0.46561851406338, 40.98464921204053 ], [ 0.465262234126483, 40.98464137598269 ], [ 0.465272575528162, 40.984371392591619 ], [ 0.465628854014895, 40.984379228575378 ], [ 0.465639193825978, 40.984109245095375 ], [ 0.465995471002997, 40.984117079905197 ], [ 0.465985132642059, 40.98438706345928 ], [ 0.466697690317603, 40.984402729927567 ], [ 0.4666770189752, 40.984942697287522 ] ], [ [ 0.47773211534735, 40.984914983584552 ], [ 0.477375830646726, 40.984907184922541 ], [ 0.477386122741663, 40.984637199017911 ], [ 0.47774240599205, 40.984644997606182 ], [ 0.47773211534735, 40.984914983584552 ] ], [ [ 0.473110734645737, 40.984543530167755 ], [ 0.472754453214066, 40.984535717281048 ], [ 0.472764764021837, 40.984265732321255 ], [ 0.473121044003319, 40.984273545134087 ], [ 0.473110734645737, 40.984543530167755 ] ], [ [ 0.46350153371357, 40.984062213139943 ], [ 0.463145257519969, 40.984054370631291 ], [ 0.46315560734144, 40.983784387655369 ], [ 0.463511882084931, 40.983792230089854 ], [ 0.46350153371357, 40.984062213139943 ] ], [ [ 0.474189884787792, 40.984296976973411 ], [ 0.473833604386318, 40.984289167460169 ], [ 0.473854216880785, 40.983749197052866 ], [ 0.474210494381929, 40.983757006418408 ], [ 0.474189884787792, 40.984296976973411 ] ], [ [ 0.476348162327132, 40.983803839514877 ], [ 0.475991883986562, 40.98379603674843 ], [ 0.476002181322985, 40.983526051079615 ], [ 0.476358458213408, 40.983533853772272 ], [ 0.476348162327132, 40.983803839514877 ] ], [ [ 0.474933351490917, 40.983502636402569 ], [ 0.474577075160026, 40.983494829310537 ], [ 0.474587378157092, 40.983224843922152 ], [ 0.474943653037864, 40.983232650940352 ], [ 0.474933351490917, 40.983502636402569 ] ], [ [ 0.458901055412083, 40.983150228441225 ], [ 0.458188515523878, 40.983134514174594 ], [ 0.458209254783591, 40.982594550197497 ], [ 0.458565521757263, 40.982602407732088 ], [ 0.458555153647825, 40.982872389802367 ], [ 0.458911422212312, 40.982880246311503 ], [ 0.458901055412083, 40.983150228441225 ] ], [ [ 0.473864522918058, 40.983479211826982 ], [ 0.472795695604939, 40.983455777352894 ], [ 0.472806005852577, 40.983185792333799 ], [ 0.473162280033503, 40.98319360485111 ], [ 0.473172588691023, 40.98292361974331 ], [ 0.473528861561863, 40.982931431086939 ], [ 0.473539168629305, 40.982661445890436 ], [ 0.472826625927771, 40.982645822251115 ], [ 0.472836935755331, 40.982375837187533 ], [ 0.47390574566746, 40.982399270775211 ], [ 0.473864522918058, 40.983479211826982 ] ], [ [ 0.456773812937988, 40.982833090760209 ], [ 0.456417545218678, 40.982825227652476 ], [ 0.45642792202809, 40.98255524602817 ], [ 0.456784188297411, 40.982563109061552 ], [ 0.456773812937988, 40.982833090760209 ] ], [ [ 0.469955817447823, 40.983123252601871 ], [ 0.469599544527855, 40.983115430186224 ], [ 0.46960986768618, 40.982845445817667 ], [ 0.469966139156076, 40.982853268159346 ], [ 0.469955817447823, 40.983123252601871 ] ], [ [ 0.47459768101423, 40.982954858518937 ], [ 0.474241407723489, 40.982947050474749 ], [ 0.474251711890777, 40.982677065130545 ], [ 0.474607983731441, 40.982684873100901 ], [ 0.47459768101423, 40.982954858518937 ] ], [ [ 0.457517465755021, 40.982038868089795 ], [ 0.457161202103832, 40.982031007404601 ], [ 0.457171575590598, 40.981761025587033 ], [ 0.457527837791852, 40.981768886197905 ], [ 0.457517465755021, 40.982038868089795 ] ], [ [ 0.456469427856469, 40.981475319382426 ], [ 0.455756907340139, 40.981459590611394 ], [ 0.455767286344705, 40.981189609061566 ], [ 0.456479803961256, 40.981205337683875 ], [ 0.456469427856469, 40.981475319382426 ] ], [ [ 0.455777665208312, 40.980919627496881 ], [ 0.455421408061329, 40.980911761610571 ], [ 0.455431788233826, 40.980641780105415 ], [ 0.455788043930964, 40.980649645917346 ], [ 0.455777665208312, 40.980919627496881 ] ], [ [ 0.476533466887326, 40.978944093880727 ], [ 0.476543760256927, 40.978674107871385 ], [ 0.476187509465826, 40.978666306506774 ], [ 0.476197804145409, 40.978396320556378 ], [ 0.477622802349387, 40.978427519121887 ], [ 0.47757135654967, 40.979777450200828 ], [ 0.477215099539919, 40.979769651840201 ], [ 0.477235681178725, 40.979229679600572 ], [ 0.476879427208435, 40.979221880287746 ], [ 0.476889719268018, 40.978951894219456 ], [ 0.476533466887326, 40.978944093880727 ], [ 0.476523173377925, 40.979214079875241 ], [ 0.476166919687214, 40.979206278363087 ], [ 0.476177214646428, 40.978936292442327 ], [ 0.476533466887326, 40.978944093880727 ] ], [ [ 0.474741906322753, 40.979175061317648 ], [ 0.47438565333133, 40.979167254307121 ], [ 0.474395955539587, 40.978897268755404 ], [ 0.474752207081205, 40.978905075692111 ], [ 0.474741906322753, 40.979175061317648 ] ], [ [ 0.469521986963041, 40.975818025511792 ], [ 0.470234454372805, 40.975833667448569 ], [ 0.47024477229688, 40.975563682605653 ], [ 0.47060100476242, 40.975571501850794 ], [ 0.470590688287886, 40.975841486767656 ], [ 0.470946922343074, 40.975849304987214 ], [ 0.470936607177997, 40.976119289963179 ], [ 0.471292842822839, 40.976127107157133 ], [ 0.471272214971609, 40.976667077212426 ], [ 0.470915976427576, 40.97665925987063 ], [ 0.470905660842224, 40.976929244802115 ], [ 0.470193181275215, 40.976913606671928 ], [ 0.470172543885616, 40.977453576194641 ], [ 0.469816301413008, 40.977445755332269 ], [ 0.469785339928466, 40.978255709283225 ], [ 0.469429093246931, 40.978247887099371 ], [ 0.469418771022021, 40.978517871646062 ], [ 0.469062523030938, 40.978510048288584 ], [ 0.469052199216088, 40.978780032746464 ], [ 0.467627202855039, 40.978748728024257 ], [ 0.467637532468875, 40.978478743862411 ], [ 0.467993779899012, 40.978486571618404 ], [ 0.468024763549702, 40.977676618821803 ], [ 0.468381006770986, 40.977684445256116 ], [ 0.46839133292436, 40.977414460886905 ], [ 0.468747574836214, 40.977422286147629 ], [ 0.468757899399702, 40.977152301689586 ], [ 0.469114140002122, 40.977160125776741 ], [ 0.469134785809207, 40.976620156668183 ], [ 0.469491023652576, 40.976627979507782 ], [ 0.469501344896234, 40.976357994857274 ], [ 0.469857581430178, 40.976365816523362 ], [ 0.469867901084088, 40.976095831784058 ], [ 0.469511665999721, 40.976088010191951 ], [ 0.469521986963041, 40.975818025511792 ], [ 0.468453286899691, 40.975794554360185 ], [ 0.468463612071447, 40.975524569887156 ], [ 0.468107380446949, 40.97551674404491 ], [ 0.468097053825663, 40.975786728443936 ], [ 0.467384588098363, 40.975771073312877 ], [ 0.4673949176187, 40.975501089061908 ], [ 0.465613763003347, 40.975461932362975 ], [ 0.465603426235417, 40.975731916243646 ], [ 0.46310980552388, 40.975677050167221 ], [ 0.463130499212304, 40.97513708342872 ], [ 0.462774271142979, 40.975129241168098 ], [ 0.462784619225875, 40.974859257850746 ], [ 0.462428392746541, 40.974851414564824 ], [ 0.46243874213834, 40.97458143130681 ], [ 0.463507417649609, 40.974604957643692 ], [ 0.463497072606123, 40.974874941124199 ], [ 0.464921981052379, 40.974906294477385 ], [ 0.464911641666262, 40.975176278239552 ], [ 0.466692787630638, 40.975215445563123 ], [ 0.466713451767806, 40.974675477283171 ], [ 0.466000998758836, 40.974659813948485 ], [ 0.466011333515826, 40.974389829934374 ], [ 0.466367558500706, 40.974397662077386 ], [ 0.466377891667927, 40.974127677974394 ], [ 0.465665444737352, 40.974112012737045 ], [ 0.465686116448357, 40.973572044782813 ], [ 0.464973675876792, 40.973556375444012 ], [ 0.464984014420454, 40.973286391592829 ], [ 0.464271577309203, 40.973270718004557 ], [ 0.464281918611124, 40.973000734286757 ], [ 0.463925701715477, 40.972992895917614 ], [ 0.463967071315906, 40.971912961194548 ], [ 0.464323282414443, 40.971920799267174 ], [ 0.464333623014191, 40.971650815475193 ], [ 0.464689832803928, 40.971658652374352 ], [ 0.464700171814037, 40.971388668493411 ], [ 0.463987755273415, 40.971372993743969 ], [ 0.464008438669141, 40.97083302623404 ], [ 0.463296028487004, 40.9708173473838 ], [ 0.463316717117515, 40.970277380111078 ], [ 0.463672919240081, 40.970285219937566 ], [ 0.463662576444192, 40.970555203655501 ], [ 0.465799800823287, 40.97060221997382 ], [ 0.465820468885124, 40.970062251633884 ], [ 0.466176670541351, 40.970070083691198 ], [ 0.466187002912662, 40.969800099424909 ], [ 0.466543203260101, 40.969807930308875 ], [ 0.466553534042013, 40.969537945953682 ], [ 0.469403130277736, 40.969600552858878 ], [ 0.469392811088578, 40.969870537806145 ], [ 0.467968006052609, 40.96983924285184 ], [ 0.46795768092684, 40.970109227488322 ], [ 0.467245276351851, 40.97009357326737 ], [ 0.467224619883091, 40.970633542199735 ], [ 0.468293235650765, 40.970657022326307 ], [ 0.468272587316047, 40.971196991643453 ], [ 0.467916379021558, 40.97118916588591 ], [ 0.467895727227563, 40.971729134995719 ], [ 0.468251938420496, 40.971736960901275 ], [ 0.468241613762405, 40.972006945507935 ], [ 0.467529188618264, 40.971991292449417 ], [ 0.467518860921418, 40.972261276893221 ], [ 0.466806433439758, 40.972245619289119 ], [ 0.46678577182811, 40.972785587836078 ], [ 0.466429555399127, 40.972777757236848 ], [ 0.466419222933533, 40.973047741414028 ], [ 0.466775440811839, 40.973055572087311 ], [ 0.466754778358389, 40.973595540545276 ], [ 0.467110999275704, 40.973603370267227 ], [ 0.467100669287905, 40.973873354547997 ], [ 0.467813114442146, 40.973889010841653 ], [ 0.467802787212873, 40.97415899525565 ], [ 0.468159011449786, 40.974166821827325 ], [ 0.468128033268795, 40.974976775202371 ], [ 0.468484261994293, 40.974984600896612 ], [ 0.468473937102981, 40.975254585399291 ], [ 0.468830167418187, 40.975262410068034 ], [ 0.468819843836167, 40.975532394629901 ], [ 0.469532307786197, 40.975548040816804 ], [ 0.469521986963041, 40.975818025511792 ] ], [ [ 0.461256169017021, 40.9775277076482 ], [ 0.460187448201914, 40.977504159071572 ], [ 0.460197807697082, 40.977234176407251 ], [ 0.461266524163322, 40.977257724761188 ], [ 0.461256169017021, 40.9775277076482 ] ], [ [ 0.464839262031646, 40.977066164159247 ], [ 0.464483023113113, 40.97705832687727 ], [ 0.4644933649318, 40.976788343293073 ], [ 0.464849602400727, 40.976796180500941 ], [ 0.464839262031646, 40.977066164159247 ] ], [ [ 0.474814008694197, 40.977285161627641 ], [ 0.473745280584308, 40.977261738847595 ], [ 0.473786496257586, 40.976181796727516 ], [ 0.4744989699272, 40.976197412423105 ], [ 0.474468067079892, 40.977007369478429 ], [ 0.474824308473431, 40.977015175898337 ], [ 0.474814008694197, 40.977285161627641 ] ], [ [ 0.482418363508436, 40.974208995683931 ], [ 0.482062135127079, 40.974201213165216 ], [ 0.482041596485202, 40.97474118788336 ], [ 0.481685365344303, 40.974733404117927 ], [ 0.481644280588669, 40.975813353082067 ], [ 0.48200051752782, 40.975821137141935 ], [ 0.481990247439788, 40.976091124419561 ], [ 0.481277770801762, 40.976075555053022 ], [ 0.481267497674992, 40.976345542168595 ], [ 0.480555018695786, 40.976329968256486 ], [ 0.480544742530205, 40.97659995520997 ], [ 0.479832261209952, 40.976584376752257 ], [ 0.479821982005487, 40.976854363543602 ], [ 0.478753256723198, 40.976830987389064 ], [ 0.478742973030104, 40.977100973944545 ], [ 0.477318002143736, 40.977069790049342 ], [ 0.477328291635498, 40.976799803788772 ], [ 0.477684532697861, 40.976807601338223 ], [ 0.477694820600239, 40.976537614989084 ], [ 0.478407300244813, 40.976553206641796 ], [ 0.478417585108215, 40.976283220130405 ], [ 0.4787738236904, 40.976291014233674 ], [ 0.478784106964513, 40.976021027633763 ], [ 0.479140344236741, 40.976028820563762 ], [ 0.479150625921604, 40.975758833875339 ], [ 0.479506861883871, 40.975766625632104 ], [ 0.479537701751998, 40.97495666525689 ], [ 0.4798939335052, 40.974964455693076 ], [ 0.479904211732506, 40.974694468798027 ], [ 0.480260442175772, 40.974702258061036 ], [ 0.480270718813989, 40.974432271077518 ], [ 0.480983177220189, 40.974447846157709 ], [ 0.480972903480984, 40.974717833288523 ], [ 0.481329134342891, 40.974725619252972 ], [ 0.481359950793465, 40.973915657595235 ], [ 0.482428631170701, 40.973939008229046 ], [ 0.482418363508436, 40.974208995683931 ] ], [ [ 0.468066073120333, 40.97659668155201 ], [ 0.46770983583785, 40.976588854314187 ], [ 0.467720164329461, 40.976318870033673 ], [ 0.468076400162357, 40.976326697197486 ], [ 0.468066073120333, 40.97659668155201 ] ], [ [ 0.489094561871439, 40.976786553628955 ], [ 0.488025830066882, 40.976763263464136 ], [ 0.488036075789477, 40.976493274966273 ], [ 0.489104803244959, 40.976516564910838 ], [ 0.489094561871439, 40.976786553628955 ] ], [ [ 0.491964978881627, 40.97630863372715 ], [ 0.492321221307292, 40.976316385972588 ], [ 0.492300764793849, 40.976856364744002 ], [ 0.491944519468778, 40.97684861235193 ], [ 0.491964978881627, 40.97630863372715 ], [ 0.491252494447104, 40.976293125937445 ], [ 0.491242261910763, 40.976563115110579 ], [ 0.490886018452257, 40.976555359492984 ], [ 0.490896252438284, 40.976285370393185 ], [ 0.490540010568452, 40.976277613749346 ], [ 0.490560481022859, 40.975737635652102 ], [ 0.490916719993379, 40.97574539214925 ], [ 0.490906486285325, 40.976015381278621 ], [ 0.491975208379657, 40.976038644392574 ], [ 0.491964978881627, 40.97630863372715 ] ], [ [ 0.474875805271436, 40.97566524702961 ], [ 0.474163337120326, 40.975649633828432 ], [ 0.474173638959406, 40.975379648157876 ], [ 0.474886104211421, 40.975395261211389 ], [ 0.474875805271436, 40.97566524702961 ] ], [ [ 0.484850418060521, 40.975883370036691 ], [ 0.48449418000611, 40.975875594773335 ], [ 0.48450443980746, 40.975605606965914 ], [ 0.484860676412262, 40.975613382155736 ], [ 0.484850418060521, 40.975883370036691 ] ], [ [ 0.49304393172433, 40.97606189761018 ], [ 0.492687690470546, 40.976054147637228 ], [ 0.492697916930339, 40.975784158141252 ], [ 0.493054156734465, 40.975791908040904 ], [ 0.49304393172433, 40.97606189761018 ] ], [ [ 0.472748710134409, 40.975348408856568 ], [ 0.472392478278072, 40.975340596282443 ], [ 0.47238216919129, 40.975610581583695 ], [ 0.472025936025424, 40.975602767836172 ], [ 0.4720568672143, 40.974792812109598 ], [ 0.472769324988947, 40.974808438061835 ], [ 0.472748710134409, 40.975348408856568 ] ], [ [ 0.482723258873895, 40.975566714523389 ], [ 0.482367023105407, 40.97555893273622 ], [ 0.482387559684968, 40.975018957959726 ], [ 0.482743792554321, 40.975026739599713 ], [ 0.482723258873895, 40.975566714523389 ] ], [ [ 0.470967552252966, 40.975309334990797 ], [ 0.470611321096847, 40.97530151691911 ], [ 0.470621637291173, 40.975031531972604 ], [ 0.469196719865922, 40.975000248986582 ], [ 0.469207041718069, 40.974730264321082 ], [ 0.468850814161631, 40.974722440899825 ], [ 0.468861137323055, 40.974452456293477 ], [ 0.468504911356265, 40.97444463184673 ], [ 0.468546208397662, 40.973364693569003 ], [ 0.469258648876195, 40.973380340771108 ], [ 0.46924832772491, 40.973650325510761 ], [ 0.469604549623814, 40.973658147536639 ], [ 0.469583909799556, 40.974198117119407 ], [ 0.469940134737429, 40.974205938193776 ], [ 0.469929816064511, 40.974475923036877 ], [ 0.470286042591962, 40.97448374308572 ], [ 0.47027572522837, 40.974753727987945 ], [ 0.470988181602525, 40.974769364935085 ], [ 0.470967552252966, 40.975309334990797 ] ], [ [ 0.488789530522485, 40.975428847968786 ], [ 0.488433293835888, 40.975421084947598 ], [ 0.48844353741318, 40.975151096302312 ], [ 0.488799772650182, 40.975158859250087 ], [ 0.488789530522485, 40.975428847968786 ] ], [ [ 0.477797691939856, 40.973837750682883 ], [ 0.47672901700697, 40.973814357169395 ], [ 0.476718726153341, 40.974084343445462 ], [ 0.476362500005756, 40.974076543334924 ], [ 0.476372792308826, 40.973806557132626 ], [ 0.476016567750457, 40.973798755996398 ], [ 0.476047448169226, 40.972988797521921 ], [ 0.475335008168278, 40.972973192393795 ], [ 0.475345304260336, 40.972703206353579 ], [ 0.474632867717407, 40.972687596975327 ], [ 0.474643166568307, 40.972417611067911 ], [ 0.47428694995596, 40.97240980480349 ], [ 0.474317850017367, 40.971599847213781 ], [ 0.47467406228184, 40.971607653256733 ], [ 0.474684360573302, 40.97133766729003 ], [ 0.475752993858009, 40.971361078601234 ], [ 0.475763287661908, 40.971091092398311 ], [ 0.476119497587185, 40.97109889389619 ], [ 0.476129789802069, 40.970828907604663 ], [ 0.476485998417896, 40.970836707929415 ], [ 0.476496289043803, 40.970566721549311 ], [ 0.476852496350177, 40.97057452070095 ], [ 0.476862785387149, 40.97030453423227 ], [ 0.477575197520687, 40.97032012909002 ], [ 0.477595769378807, 40.96978015581324 ], [ 0.478308176274439, 40.969795745978786 ], [ 0.478287610212977, 40.970335719550448 ], [ 0.477931403796998, 40.970327924869885 ], [ 0.477921119107598, 40.970597911559786 ], [ 0.477564911382094, 40.97059011570618 ], [ 0.477544338685835, 40.971130088894064 ], [ 0.477188128201582, 40.971122291793641 ], [ 0.477126398064267, 40.972742210559261 ], [ 0.477482617244315, 40.972750008102132 ], [ 0.477472329848429, 40.973019994584952 ], [ 0.478540992574856, 40.973043380838099 ], [ 0.478551275622624, 40.97277339413413 ], [ 0.479263715239777, 40.972788979324953 ], [ 0.479273995249182, 40.97251899245876 ], [ 0.47891777682015, 40.972511200486757 ], [ 0.478938339318799, 40.97197122685732 ], [ 0.479294554849171, 40.971979018681942 ], [ 0.47930483443976, 40.971709031771326 ], [ 0.481442121857135, 40.971755759189655 ], [ 0.481421579928161, 40.972295733879918 ], [ 0.479996709497161, 40.972264586076143 ], [ 0.479976155415367, 40.972804560118036 ], [ 0.480332375712528, 40.972812348865418 ], [ 0.480322099911661, 40.973082335937796 ], [ 0.481034543823391, 40.973097910281524 ], [ 0.481013997600667, 40.973637884676428 ], [ 0.479945323245892, 40.973614521069756 ], [ 0.479914489820225, 40.974424481888185 ], [ 0.479202032251466, 40.974408900211003 ], [ 0.479191751264749, 40.974678886973493 ], [ 0.478835521240297, 40.974671094411946 ], [ 0.478825238664437, 40.974941081085952 ], [ 0.478469007330116, 40.974933287351192 ], [ 0.47847929135549, 40.974663300750912 ], [ 0.477410602539131, 40.974639913170748 ], [ 0.477431178867765, 40.974099940368085 ], [ 0.477787405434566, 40.974107737180169 ], [ 0.477797691939856, 40.973837750682883 ] ], [ [ 0.476698144026809, 40.974624315953122 ], [ 0.476341914980281, 40.974616515695061 ], [ 0.476352207562908, 40.9743465295224 ], [ 0.476708435159955, 40.974354329706713 ], [ 0.476698144026809, 40.974624315953122 ] ], [ [ 0.488107791951653, 40.97460335506689 ], [ 0.487751559892023, 40.974595590066862 ], [ 0.487761805951035, 40.974325601524058 ], [ 0.487405575480084, 40.974317835497949 ], [ 0.487415822849455, 40.974047847013779 ], [ 0.488128281031486, 40.97406337781959 ], [ 0.488107791951653, 40.97460335506689 ] ], [ [ 0.486347136620206, 40.974024542558794 ], [ 0.485990908155549, 40.974016772208117 ], [ 0.486001161183688, 40.973746784003019 ], [ 0.485644934307754, 40.973739012626339 ], [ 0.485655188646109, 40.973469024479925 ], [ 0.485298963358893, 40.973461252077271 ], [ 0.485350240208787, 40.972111311490707 ], [ 0.486062676428491, 40.9721268544616 ], [ 0.486052424235779, 40.972396842755494 ], [ 0.486408644003848, 40.972404612665279 ], [ 0.486398393121286, 40.972674601017864 ], [ 0.486042171903834, 40.972666831034608 ], [ 0.486011414072585, 40.973476795783107 ], [ 0.4863676396383, 40.97348456598683 ], [ 0.486347136620206, 40.974024542558794 ] ], [ [ 0.453962068925684, 40.972502993649904 ], [ 0.454674492078964, 40.972518730705616 ], [ 0.454664111786951, 40.972788712433214 ], [ 0.455020325024301, 40.972796579386412 ], [ 0.45500994604059, 40.97306656117356 ], [ 0.454297516808322, 40.973050826018948 ], [ 0.454307898690571, 40.972780844380615 ], [ 0.453951685735178, 40.972772975228665 ], [ 0.453962068925684, 40.972502993649904 ], [ 0.453605857560544, 40.972495123473017 ], [ 0.453616242059269, 40.972225141953814 ], [ 0.452191403806035, 40.972193650550501 ], [ 0.452201793960533, 40.971923669314258 ], [ 0.451489378578835, 40.971907917165517 ], [ 0.451520556890664, 40.971097973814508 ], [ 0.452232963577442, 40.971113725516368 ], [ 0.452222573846235, 40.971383706797184 ], [ 0.452578778850411, 40.971391581073625 ], [ 0.452568390427266, 40.971661562414056 ], [ 0.453280803757144, 40.971677307817913 ], [ 0.45327041809128, 40.971947289292395 ], [ 0.45362662641697, 40.971955160419768 ], [ 0.453616242059269, 40.972225141953814 ], [ 0.453972451975185, 40.972233012056279 ], [ 0.453962068925684, 40.972502993649904 ] ], [ [ 0.483171878906282, 40.973144606925842 ], [ 0.482815656043863, 40.973136826900415 ], [ 0.482825921698975, 40.972866839312722 ], [ 0.483182143111992, 40.972874619264552 ], [ 0.483171878906282, 40.973144606925842 ] ], [ [ 0.448995929189795, 40.971852750016147 ], [ 0.448283516349833, 40.971836978079558 ], [ 0.44829392230403, 40.971566997648281 ], [ 0.449006332245684, 40.971582769435699 ], [ 0.448995929189795, 40.971852750016147 ] ], [ [ 0.449016735160299, 40.9713127888404 ], [ 0.448304328116912, 40.971297017202133 ], [ 0.448325139318747, 40.970757056265242 ], [ 0.448681339871588, 40.970764942484863 ], [ 0.448670935790418, 40.971034923035319 ], [ 0.449027137933643, 40.971042808230244 ], [ 0.449016735160299, 40.9713127888404 ] ], [ [ 0.490347540097779, 40.971950030744736 ], [ 0.489991321698203, 40.971942273075605 ], [ 0.490001557669782, 40.971672283944379 ], [ 0.490357774620011, 40.971680041540168 ], [ 0.490347540097779, 40.971950030744736 ] ], [ [ 0.481106451208359, 40.971207999432849 ], [ 0.480394027587237, 40.971192426120098 ], [ 0.480404302411294, 40.970922438944037 ], [ 0.481116723133913, 40.970938012109528 ], [ 0.481106451208359, 40.971207999432849 ] ], [ [ 0.48574747142483, 40.971039130496166 ], [ 0.48503504707811, 40.971023585914473 ], [ 0.485045302922473, 40.97075359776705 ], [ 0.485757724370675, 40.970769142201746 ], [ 0.48574747142483, 40.971039130496166 ] ], [ [ 0.447287767292549, 40.969923450165282 ], [ 0.446575376153211, 40.969907668280328 ], [ 0.446585788363302, 40.969637688118027 ], [ 0.44729817660463, 40.969653469853739 ], [ 0.447287767292549, 40.969923450165282 ] ], [ [ 0.483997191761047, 40.970190296971651 ], [ 0.483986931847594, 40.970460284928095 ], [ 0.483630723199583, 40.970452507837123 ], [ 0.483640984562245, 40.970182519954236 ], [ 0.483997191761047, 40.970190296971651 ], [ 0.484007451535164, 40.969920309000408 ], [ 0.484363657424107, 40.969928084844931 ], [ 0.484353399099179, 40.970198072889715 ], [ 0.483997191761047, 40.970190296971651 ] ], [ [ 0.448010565411386, 40.969669247192542 ], [ 0.44765437093734, 40.969661359072745 ], [ 0.447664778659074, 40.969391378671745 ], [ 0.446952393032988, 40.969375599283715 ], [ 0.446973213848285, 40.968835638735527 ], [ 0.44768559367854, 40.968851417825121 ], [ 0.447675186239474, 40.969121398255858 ], [ 0.448031377815559, 40.969129286226455 ], [ 0.448010565411386, 40.969669247192542 ] ], [ [ 0.483284777502796, 40.970174741837461 ], [ 0.482572363802037, 40.970159182305906 ], [ 0.482592894804363, 40.969619206937104 ], [ 0.483305302708423, 40.969634766174373 ], [ 0.483284777502796, 40.970174741837461 ] ], [ [ 0.481157809441192, 40.969858062668095 ], [ 0.48008919595696, 40.969834702154529 ], [ 0.480099471532511, 40.969564714978056 ], [ 0.481168080669286, 40.969588075270707 ], [ 0.481157809441192, 40.969858062668095 ] ], [ [ 0.450230911899248, 40.967556705027377 ], [ 0.450587095770605, 40.967564584856326 ], [ 0.450566305346354, 40.968104547044511 ], [ 0.449853931949309, 40.968088785989345 ], [ 0.449864330129793, 40.967818805051735 ], [ 0.450220515308835, 40.967826686054366 ], [ 0.450230911899248, 40.967556705027377 ], [ 0.449874728169073, 40.967548824099268 ], [ 0.449885126067149, 40.967278843131922 ], [ 0.450241308348477, 40.967286723985509 ], [ 0.450230911899248, 40.967556705027377 ] ], [ [ 0.473718747244543, 40.968614387817254 ], [ 0.473362551340379, 40.968606579288505 ], [ 0.473372853889697, 40.968336593454104 ], [ 0.473016659574473, 40.968328783899956 ], [ 0.473026963432889, 40.968058798124602 ], [ 0.473739349305229, 40.968074415985939 ], [ 0.473718747244543, 40.968614387817254 ] ], [ [ 0.478736346604592, 40.967913630929246 ], [ 0.478726066070173, 40.968183617899875 ], [ 0.478013676284292, 40.968168030817466 ], [ 0.478003392712183, 40.968438017625871 ], [ 0.477647196579673, 40.968430222362059 ], [ 0.477636911418856, 40.968700209081931 ], [ 0.477280713976967, 40.968692412645119 ], [ 0.477301287057016, 40.968152439338027 ], [ 0.477657481600819, 40.968160235627373 ], [ 0.477667766482292, 40.967890248877872 ], [ 0.478736346604592, 40.967913630929246 ], [ 0.478746626999401, 40.967643643943795 ], [ 0.479102819203743, 40.967651435688758 ], [ 0.479113098009959, 40.967381448614809 ], [ 0.479825479939418, 40.967397028659633 ], [ 0.479815204031175, 40.96766701588092 ], [ 0.479459011547674, 40.967659226334455 ], [ 0.479448734050875, 40.967929213467265 ], [ 0.478736346604592, 40.967913630929246 ] ], [ [ 0.47123569009767, 40.968289719640559 ], [ 0.47087949662231, 40.968281903490947 ], [ 0.470889809174729, 40.968011918158936 ], [ 0.471246001201093, 40.968019734234623 ], [ 0.47123569009767, 40.968289719640559 ] ], [ [ 0.460560301409067, 40.967784773804013 ], [ 0.459847925916698, 40.967769074600746 ], [ 0.459858283246232, 40.967499091550501 ], [ 0.460214469473191, 40.967506941627484 ], [ 0.460224825213186, 40.967236958488158 ], [ 0.460581010131887, 40.967244807391737 ], [ 0.460560301409067, 40.967784773804013 ] ], [ [ 0.462351589787513, 40.967554019006585 ], [ 0.461283028997777, 40.967530485263381 ], [ 0.461293380391095, 40.967260501901393 ], [ 0.462361936834132, 40.967284035422047 ], [ 0.462351589787513, 40.967554019006585 ] ], [ [ 0.473037267151378, 40.967788812334412 ], [ 0.472324884736714, 40.967773190223859 ], [ 0.47233519121321, 40.96750320456659 ], [ 0.473047570729944, 40.9675188265294 ], [ 0.473037267151378, 40.967788812334412 ] ], [ [ 0.491925831373413, 40.967931206404842 ], [ 0.491569634156256, 40.967923454233237 ], [ 0.491579862246691, 40.967653464586746 ], [ 0.491936058014788, 40.96766121668503 ], [ 0.491925831373413, 40.967931206404842 ] ], [ [ 0.47447233144232, 40.967550057264397 ], [ 0.473403760698204, 40.967526635861972 ], [ 0.473414062687899, 40.967256649968284 ], [ 0.473770251347109, 40.967264458127794 ], [ 0.473780551747972, 40.966994472145444 ], [ 0.474136739098131, 40.967002279131918 ], [ 0.474126440146201, 40.9672722651881 ], [ 0.474482629085153, 40.967280071149204 ], [ 0.47447233144232, 40.967550057264397 ] ], [ [ 0.458495715540727, 40.965847783419818 ], [ 0.459564246876565, 40.965871342206583 ], [ 0.459553888942113, 40.966141325271657 ], [ 0.460266246766902, 40.966157025782401 ], [ 0.460255891589408, 40.966427008981093 ], [ 0.461324433727633, 40.966450551726382 ], [ 0.46131408275602, 40.966720535132893 ], [ 0.460957900453852, 40.966712688576074 ], [ 0.460947547892819, 40.966982671893533 ], [ 0.459166631246902, 40.966943422250957 ], [ 0.459176991052183, 40.966673439304685 ], [ 0.457039904412941, 40.966626303907169 ], [ 0.457050272770444, 40.966356321391821 ], [ 0.457406452076285, 40.966364179964934 ], [ 0.457416818844196, 40.966094197360412 ], [ 0.458485353259924, 40.966117766262087 ], [ 0.458495715540727, 40.965847783419818 ], [ 0.458139538710186, 40.965839928292681 ], [ 0.458160265747148, 40.965299962712173 ], [ 0.458516439680189, 40.965307817690736 ], [ 0.458495715540727, 40.965847783419818 ] ], [ [ 0.472355803746321, 40.966963233207593 ], [ 0.47164343058516, 40.966947607143481 ], [ 0.471653739539583, 40.966677621589518 ], [ 0.472009924601275, 40.966685435097261 ], [ 0.472020231966822, 40.966415449454587 ], [ 0.472376415719605, 40.966423261789274 ], [ 0.472355803746321, 40.966963233207593 ] ], [ [ 0.465619281675776, 40.966004655147351 ], [ 0.464550743173435, 40.965981152415999 ], [ 0.464519729798619, 40.966791104682201 ], [ 0.464163546232069, 40.966783268017821 ], [ 0.464194563953393, 40.965973315973955 ], [ 0.462057491582268, 40.965926274239877 ], [ 0.462067839234637, 40.965656290640474 ], [ 0.460999309292164, 40.965632755157799 ], [ 0.461009661150296, 40.96536277176611 ], [ 0.459941136819269, 40.965339226614113 ], [ 0.459951492883027, 40.965069243430271 ], [ 0.459595319835988, 40.965061392922308 ], [ 0.459616034439013, 40.964521426658564 ], [ 0.460684545309793, 40.964544974439768 ], [ 0.46067419242468, 40.964814957801771 ], [ 0.461386536605565, 40.964830650975635 ], [ 0.461376186477298, 40.965100634471192 ], [ 0.461732360227296, 40.96510847948371 ], [ 0.461722011407218, 40.965378463038611 ], [ 0.463146713607323, 40.965409832394357 ], [ 0.46315705663242, 40.965139848542769 ], [ 0.463513231084885, 40.965147688059808 ], [ 0.463502889508539, 40.96541767198552 ], [ 0.463859065550193, 40.96542551047758 ], [ 0.463879745664963, 40.964885542463044 ], [ 0.46494826593986, 40.964909050899877 ], [ 0.464917258595898, 40.965719003566413 ], [ 0.465273436647884, 40.965726837736113 ], [ 0.465283771120781, 40.965456853454683 ], [ 0.465639947864324, 40.965464686451163 ], [ 0.465619281675776, 40.966004655147351 ] ], [ [ 0.452105330433346, 40.96516625991643 ], [ 0.451749159036471, 40.965158385154396 ], [ 0.451759548420452, 40.964888403680796 ], [ 0.452115718368646, 40.964896278368343 ], [ 0.452105330433346, 40.96516625991643 ] ], [ [ 0.465691610880148, 40.964114764451097 ], [ 0.46570194306238, 40.963844780006582 ], [ 0.466414279585784, 40.963860441813459 ], [ 0.466424608730411, 40.963590457206003 ], [ 0.466780775753871, 40.963598286386805 ], [ 0.466791103309599, 40.963328301690474 ], [ 0.46714726902467, 40.963336129698192 ], [ 0.467126616670258, 40.963876099224116 ], [ 0.467482785422845, 40.96388392628085 ], [ 0.467472460483975, 40.964153911095586 ], [ 0.46782863082545, 40.964161737127291 ], [ 0.467838954315641, 40.963891752238531 ], [ 0.468551292521776, 40.963907400856691 ], [ 0.46854097192895, 40.964177385893436 ], [ 0.470321827140004, 40.964216488574962 ], [ 0.470311513650573, 40.964486473966687 ], [ 0.46924299575749, 40.964463015433161 ], [ 0.469222359666013, 40.965002985728411 ], [ 0.468153834341551, 40.964979516859181 ], [ 0.468143511739345, 40.965249501762607 ], [ 0.46778733546276, 40.965241676533978 ], [ 0.467797659513726, 40.964971691704555 ], [ 0.467441484826097, 40.964963865450812 ], [ 0.467451810185604, 40.964693880680578 ], [ 0.466739464128484, 40.964678225023867 ], [ 0.466749792245206, 40.964408240386852 ], [ 0.46639362087573, 40.964400410983906 ], [ 0.466372961604589, 40.964940380095008 ], [ 0.46672913587151, 40.964948209646046 ], [ 0.466708478936788, 40.965488178845924 ], [ 0.466352301772347, 40.96548034914678 ], [ 0.466362631758608, 40.965210364628319 ], [ 0.466006456183213, 40.965202533904126 ], [ 0.466016787477945, 40.964932549444868 ], [ 0.465304439645561, 40.964916884847312 ], [ 0.465314773697449, 40.96464690052138 ], [ 0.464958601440471, 40.964639066648033 ], [ 0.464968936800729, 40.964369082381346 ], [ 0.464612766132804, 40.964361247483019 ], [ 0.464643775717474, 40.963551294816249 ], [ 0.465356108501698, 40.963566963069276 ], [ 0.465335441380229, 40.964106931825 ], [ 0.465691610880148, 40.964114764451097 ] ], [ [ 0.458191355247111, 40.964490014230059 ], [ 0.458547524834048, 40.964497868985795 ], [ 0.458537163256803, 40.964767851902273 ], [ 0.458180992221184, 40.964759997072278 ], [ 0.458191355247111, 40.964490014230059 ], [ 0.457479016495429, 40.964474301421447 ], [ 0.457489382277949, 40.96420431871298 ], [ 0.458201718132313, 40.964220031372989 ], [ 0.458191355247111, 40.964490014230059 ] ], [ [ 0.451769937663351, 40.964618422192324 ], [ 0.45070143301131, 40.964594791758778 ], [ 0.450743005955428, 40.963514866550248 ], [ 0.451099168237236, 40.963522744162468 ], [ 0.451088776661484, 40.96379272556139 ], [ 0.451444940532984, 40.963800602149099 ], [ 0.451424159855356, 40.964340565051359 ], [ 0.45178032676517, 40.964348440689008 ], [ 0.451769937663351, 40.964618422192324 ] ], [ [ 0.463533913816275, 40.964607720163848 ], [ 0.463177742261252, 40.964599880795113 ], [ 0.463188084864993, 40.964329896899009 ], [ 0.463544254971323, 40.964337736193613 ], [ 0.463533913816275, 40.964607720163848 ] ], [ [ 0.458578608721564, 40.963687920147215 ], [ 0.458222443480553, 40.963680065614319 ], [ 0.458232805943594, 40.96341008271272 ], [ 0.458588969736002, 40.963417937171322 ], [ 0.458578608721564, 40.963687920147215 ] ], [ [ 0.452178043018207, 40.963276388767881 ], [ 0.451821881761688, 40.963268514527144 ], [ 0.451832270158139, 40.962998532949534 ], [ 0.452188429966113, 40.963006407115799 ], [ 0.452178043018207, 40.963276388767881 ] ], [ [ 0.454325391775269, 40.963053629034626 ], [ 0.454681552570164, 40.963061495507951 ], [ 0.454671175762125, 40.963331477681024 ], [ 0.454315013518673, 40.963323611133298 ], [ 0.454325391775269, 40.963053629034626 ], [ 0.453969231121306, 40.963045761462297 ], [ 0.45397961068551, 40.962775779423183 ], [ 0.45291113391499, 40.962752170335527 ], [ 0.452921517683788, 40.962482188504843 ], [ 0.452565360490776, 40.962474316685444 ], [ 0.452575745567061, 40.96220433491434 ], [ 0.452931901311583, 40.962212206659295 ], [ 0.452921517683788, 40.962482188504843 ], [ 0.453989990108768, 40.962505797369218 ], [ 0.454000369391081, 40.962235815300389 ], [ 0.454356525699492, 40.962243682649493 ], [ 0.454325391775269, 40.963053629034626 ] ], [ [ 0.460034336330561, 40.962909377425106 ], [ 0.458965852378746, 40.962885824386035 ], [ 0.458986570525694, 40.962345858181791 ], [ 0.459698887225442, 40.962361561009835 ], [ 0.45968853111936, 40.962631544267886 ], [ 0.46004469112872, 40.962639394107661 ], [ 0.460034336330561, 40.962909377425106 ] ], [ [ 0.457551574017143, 40.962584422150385 ], [ 0.457195414992612, 40.962576564617692 ], [ 0.457205781238362, 40.962306581879588 ], [ 0.457561938814376, 40.96231443933798 ], [ 0.457551574017143, 40.962584422150385 ] ], [ [ 0.45612693876371, 40.962552985425667 ], [ 0.455414621981878, 40.962537260469432 ], [ 0.455435368817627, 40.961997295721822 ], [ 0.455791524241126, 40.962005158600697 ], [ 0.45578115234217, 40.962275141056296 ], [ 0.456137309355, 40.962283002910567 ], [ 0.45612693876371, 40.962552985425667 ] ], [ [ 0.469304900669245, 40.962843104191506 ], [ 0.468592573491614, 40.9628274605614 ], [ 0.468602893383716, 40.962557475450517 ], [ 0.468959055453884, 40.962565297741101 ], [ 0.468969373757281, 40.9622953125414 ], [ 0.469325534518999, 40.962303133658999 ], [ 0.469304900669245, 40.962843104191506 ] ], [ [ 0.45792845973912, 40.962052312795848 ], [ 0.458284616148104, 40.96206016798201 ], [ 0.458274254388621, 40.962330150957854 ], [ 0.457918096531135, 40.962322295697405 ], [ 0.45792845973912, 40.962052312795848 ], [ 0.457572303470862, 40.962044456510732 ], [ 0.457582667986604, 40.961774473668633 ], [ 0.457938822806381, 40.961782329879462 ], [ 0.45792845973912, 40.962052312795848 ] ], [ [ 0.479287816360709, 40.962791666091512 ], [ 0.478931650235067, 40.962783875672855 ], [ 0.47895220558075, 40.962243901124282 ], [ 0.479308368809151, 40.962251691395579 ], [ 0.479287816360709, 40.962791666091512 ] ], [ [ 0.451192686069287, 40.961092910903517 ], [ 0.45154883545588, 40.96110078674635 ], [ 0.451538446598447, 40.96137076835349 ], [ 0.451182295763452, 40.961362892436178 ], [ 0.451192686069287, 40.961092910903517 ], [ 0.450836536823785, 40.961085033961787 ], [ 0.450846928436911, 40.960815052488769 ], [ 0.451203076234031, 40.960822929356006 ], [ 0.451192686069287, 40.961092910903517 ] ], [ [ 0.457236879131026, 40.961496633576232 ], [ 0.456168420283932, 40.96147305527618 ], [ 0.456178790311936, 40.961203072701686 ], [ 0.456534941671743, 40.961210933159634 ], [ 0.456545310110517, 40.960940950495953 ], [ 0.456901460162704, 40.960948809780646 ], [ 0.456891093172345, 40.961218792518665 ], [ 0.457247244813725, 40.961226650778741 ], [ 0.457236879131026, 40.961496633576232 ] ], [ [ 0.461866882100632, 40.961598691919313 ], [ 0.461154572404832, 40.961583002724247 ], [ 0.461175271763785, 40.961043035480785 ], [ 0.461887575665766, 40.961058724379093 ], [ 0.461866882100632, 40.961598691919313 ] ], [ [ 0.460452615917876, 40.961297325667452 ], [ 0.460096463010384, 40.96128947729779 ], [ 0.460106816964908, 40.961019493891293 ], [ 0.460462968423961, 40.961027342186725 ], [ 0.460452615917876, 40.961297325667452 ] ], [ [ 0.459761020908792, 40.960741661149818 ], [ 0.459404871179368, 40.960733810730773 ], [ 0.459415227749486, 40.960463827443057 ], [ 0.459771376030516, 40.960471677787858 ], [ 0.459761020908792, 40.960741661149818 ] ], [ [ 0.46118562123245, 40.960773051836803 ], [ 0.46082947094068, 40.960765205813438 ], [ 0.460839821717211, 40.960495222228808 ], [ 0.461195970560578, 40.960503068177964 ], [ 0.46118562123245, 40.960773051836803 ] ], [ [ 0.455131085401449, 40.960639519986898 ], [ 0.454774937501815, 40.960631655282008 ], [ 0.454795688158999, 40.960091690623976 ], [ 0.455151833161922, 40.960099555180115 ], [ 0.455131085401449, 40.960639519986898 ] ], [ [ 0.456576414582082, 40.9601310024158 ], [ 0.45622026901581, 40.960123142255213 ], [ 0.456209899551059, 40.960393124889109 ], [ 0.455853752677244, 40.960385263555274 ], [ 0.455884864994076, 40.959575315832076 ], [ 0.456597150192514, 40.959591036954798 ], [ 0.456576414582082, 40.9601310024158 ] ], [ [ 0.467616996870015, 40.96037412233963 ], [ 0.46726084694844, 40.960366296245148 ], [ 0.467271171372997, 40.960096311296788 ], [ 0.467627319846171, 40.960104137317259 ], [ 0.467616996870015, 40.96037412233963 ] ] ], [ [ [ 0.495851734493822, 40.986661205260056 ], [ 0.495841516981409, 40.986931194897025 ], [ 0.4961978176263, 40.986938936801877 ], [ 0.496208033688247, 40.986668947091687 ], [ 0.495851734493822, 40.986661205260056 ] ] ], [ [ [ 0.455988625877739, 40.984707233878673 ], [ 0.455967866962628, 40.985247196726043 ], [ 0.45668042836189, 40.985262925379807 ], [ 0.456690804989598, 40.984992943814817 ], [ 0.456334525669659, 40.984985080112232 ], [ 0.456344903606585, 40.984715098606735 ], [ 0.455988625877739, 40.984707233878673 ] ] ], [ [ [ 0.455642728986089, 40.984429386679182 ], [ 0.45563234828986, 40.984699368050777 ], [ 0.455988625877739, 40.984707233878673 ], [ 0.455999005123844, 40.984437252432699 ], [ 0.455642728986089, 40.984429386679182 ] ] ], [ [ [ 0.478150133258393, 40.983302864611758 ], [ 0.478160421614423, 40.983032878470745 ], [ 0.47780414692529, 40.983025081424771 ], [ 0.477793857119139, 40.983295067492044 ], [ 0.478150133258393, 40.983302864611758 ] ] ], [ [ [ 0.48035974768266, 40.981459717839968 ], [ 0.480349468865044, 40.981729704512027 ], [ 0.481418274533137, 40.981753068149253 ], [ 0.481428549000693, 40.981483081256251 ], [ 0.48035974768266, 40.981459717839968 ] ] ], [ [ [ 0.485337239390284, 40.981838650135217 ], [ 0.485316721937955, 40.982378625495429 ], [ 0.485672995206935, 40.982386399224218 ], [ 0.485683252552676, 40.982116411478003 ], [ 0.486039524510879, 40.982124184033452 ], [ 0.486060035884315, 40.981584208349609 ], [ 0.485703766826233, 40.98157643594115 ], [ 0.485693509759109, 40.981846423716981 ], [ 0.485337239390284, 40.981838650135217 ] ] ], [ [ [ 0.492108179212538, 40.972528781697015 ], [ 0.492097951520382, 40.972798771223893 ], [ 0.492454175101818, 40.972806522516315 ], [ 0.492464401344553, 40.972536532916138 ], [ 0.492108179212538, 40.972528781697015 ] ] ], [ [ [ 0.493533068573792, 40.972559779976748 ], [ 0.493512624646036, 40.973099759602015 ], [ 0.493156399198574, 40.973092011534725 ], [ 0.493146175576995, 40.973362001251893 ], [ 0.492789948818914, 40.973354252011845 ], [ 0.492779723609008, 40.973624241640941 ], [ 0.493135951816572, 40.973631990954289 ], [ 0.4931257279173, 40.973901980641877 ], [ 0.49241326874204, 40.97388648076911 ], [ 0.492392814728823, 40.97442645980675 ], [ 0.493105279702202, 40.974441959972694 ], [ 0.493095055386372, 40.974711949615916 ], [ 0.493807523814298, 40.974727445530256 ], [ 0.493797302258777, 40.974997435305241 ], [ 0.49522224657864, 40.975028414232277 ], [ 0.4952324623358, 40.974758424164321 ], [ 0.496301167683755, 40.974781646594565 ], [ 0.496311378953444, 40.974511656292229 ], [ 0.496667612897233, 40.974519394830004 ], [ 0.496677822578682, 40.974249404439696 ], [ 0.496321590084454, 40.974241665975086 ], [ 0.49634201193045, 40.973701685296469 ], [ 0.495629553156162, 40.973686205361467 ], [ 0.495639766770152, 40.973416215146379 ], [ 0.495283539040561, 40.973408473602809 ], [ 0.495293753965321, 40.973138483446135 ], [ 0.494937527823932, 40.973130740876286 ], [ 0.494947744059422, 40.972860750778061 ], [ 0.494235295091807, 40.972845262486388 ], [ 0.494245514087418, 40.97257527251984 ], [ 0.493533068573792, 40.972559779976748 ] ] ], [ [ [ 0.493187069230253, 40.972282042294466 ], [ 0.4931768460252, 40.972552032056015 ], [ 0.493533068573792, 40.972559779976748 ], [ 0.49354329032944, 40.972289790141943 ], [ 0.493187069230253, 40.972282042294466 ] ] ], [ [ [ 0.482380412751296, 40.965831597459768 ], [ 0.482390677540742, 40.965561609619449 ], [ 0.481678313943242, 40.965546045994252 ], [ 0.481668046256067, 40.965816033687382 ], [ 0.482380412751296, 40.965831597459768 ] ] ], [ [ [ 0.480815180977254, 40.960122939757532 ], [ 0.480459028779037, 40.960115154471431 ], [ 0.480428216282306, 40.960925117511451 ], [ 0.480784372825968, 40.960932903018438 ], [ 0.480763833361167, 40.961472878451659 ], [ 0.481119992941352, 40.961480663006931 ], [ 0.481150797583797, 40.960670699613999 ], [ 0.480794642349183, 40.960662915279613 ], [ 0.480815180977254, 40.960122939757532 ] ] ], [ [ [ 0.480825450082113, 40.959852951974277 ], [ 0.480815180977254, 40.960122939757532 ], [ 0.48117133331492, 40.960130723944673 ], [ 0.481181600971334, 40.959860736087805 ], [ 0.480825450082113, 40.959852951974277 ] ] ], [ [ [ 0.463751048585267, 40.95893805367303 ], [ 0.464107189862261, 40.958945890386133 ], [ 0.464117526620491, 40.958675906030187 ], [ 0.46376138679178, 40.958668069391216 ], [ 0.463751048585267, 40.95893805367303 ] ] ], [ [ [ 0.481914432268914, 40.95933632496547 ], [ 0.482270580679515, 40.959344105634983 ], [ 0.482280843572483, 40.959074117512898 ], [ 0.481924696610273, 40.959066336916962 ], [ 0.481914432268914, 40.95933632496547 ] ] ], [ [ [ 0.461351193619505, 40.956453311514558 ], [ 0.461340846399174, 40.95672329539601 ], [ 0.462053103956262, 40.956738981920459 ], [ 0.462063448280368, 40.956468997890653 ], [ 0.461351193619505, 40.956453311514558 ] ] ], [ [ [ 0.461351193619505, 40.956453311514558 ], [ 0.461361540699331, 40.95618332761827 ], [ 0.460649289496652, 40.956167636995538 ], [ 0.460638939520649, 40.956437620743429 ], [ 0.461351193619505, 40.956453311514558 ] ] ], [ [ [ 0.48718256893779, 40.970800217878612 ], [ 0.487538780427521, 40.970807984049372 ], [ 0.487549025987892, 40.970537995372815 ], [ 0.487192815947413, 40.970530229275489 ], [ 0.48718256893779, 40.970800217878612 ] ] ], [ [ [ 0.479938201663468, 40.992529159247958 ], [ 0.479958770330569, 40.991989187074076 ], [ 0.479602446938567, 40.991981394195641 ], [ 0.479581875369884, 40.992521366222135 ], [ 0.479938201663468, 40.992529159247958 ] ] ], [ [ [ 0.487808172466654, 40.991890364324625 ], [ 0.486739197855358, 40.991867055221739 ], [ 0.486728941296227, 40.992137042729041 ], [ 0.487797920259946, 40.992160352052323 ], [ 0.487808172466654, 40.991890364324625 ] ] ], [ [ [ 0.487808172466654, 40.991890364324625 ], [ 0.488164497615611, 40.991898131825195 ], [ 0.488174748232277, 40.991628144009233 ], [ 0.487818424534111, 40.991620376582112 ], [ 0.487808172466654, 40.991890364324625 ] ] ], [ [ [ 0.479643588399504, 40.99090144996488 ], [ 0.479664158291793, 40.990361477760601 ], [ 0.479307843743761, 40.990353684224175 ], [ 0.47928727095013, 40.990893656281052 ], [ 0.479643588399504, 40.99090144996488 ] ] ], [ [ [ 0.475398695084811, 40.98999789747706 ], [ 0.475042383665221, 40.989990090813201 ], [ 0.475032080070435, 40.990260075978682 ], [ 0.475388392940641, 40.990267882716381 ], [ 0.475398695084811, 40.98999789747706 ] ] ], [ [ [ 0.475398695084811, 40.98999789747706 ], [ 0.475755006644324, 40.99000570304085 ], [ 0.475765307197972, 40.989735717712897 ], [ 0.475408997089056, 40.989727912222925 ], [ 0.475398695084811, 40.98999789747706 ] ] ], [ [ [ 0.475419298953377, 40.989457926953968 ], [ 0.475439902262262, 40.98891795637158 ], [ 0.474370985830124, 40.988894533965656 ], [ 0.474360679894035, 40.98916451904276 ], [ 0.47364806673806, 40.989148898457564 ], [ 0.473637757760894, 40.989418883372139 ], [ 0.475419298953377, 40.989457926953968 ] ] ], [ [ [ 0.480051322418395, 40.989559311558324 ], [ 0.480071888012654, 40.989019339058544 ], [ 0.479359273282937, 40.989003753822722 ], [ 0.479348987654511, 40.989273739932649 ], [ 0.479705296400091, 40.989281533174285 ], [ 0.479695012082547, 40.989551519343081 ], [ 0.480051322418395, 40.989559311558324 ] ] ], [ [ [ 0.472599774291643, 40.988585489898988 ], [ 0.472610087200221, 40.988315505161573 ], [ 0.472253785603919, 40.988307690140445 ], [ 0.472243471244858, 40.988577674803956 ], [ 0.472599774291643, 40.988585489898988 ] ] ], [ [ [ 0.477608616708598, 40.988154814169327 ], [ 0.477618909030628, 40.987884828368763 ], [ 0.477262608376112, 40.987877028895475 ], [ 0.477252314603607, 40.988147014622292 ], [ 0.477608616708598, 40.988154814169327 ] ] ], [ [ [ 0.496849137453144, 40.988574356140475 ], [ 0.496859351446489, 40.988304366372596 ], [ 0.496503043271458, 40.988296626301853 ], [ 0.496492827827526, 40.988566615996518 ], [ 0.496849137453144, 40.988574356140475 ] ] ], [ [ [ 0.457015958495113, 40.985810751291048 ], [ 0.457026333954478, 40.985540769681393 ], [ 0.456670051593251, 40.985532906929954 ], [ 0.456659674683678, 40.98580288846523 ], [ 0.457015958495113, 40.985810751291048 ] ] ], [ [ [ 0.496920632493339, 40.986684427454932 ], [ 0.496941058399209, 40.986144447697427 ], [ 0.496584761828177, 40.986136708212193 ], [ 0.496564333021425, 40.986676687823319 ], [ 0.496920632493339, 40.986684427454932 ] ] ], [ [ [ 0.453536242465073, 40.983572226197445 ], [ 0.453546631297603, 40.983302245212919 ], [ 0.453190361947383, 40.983294372058488 ], [ 0.453179971664824, 40.98356435296855 ], [ 0.453536242465073, 40.983572226197445 ] ] ], [ [ [ 0.452509002371233, 40.982468680077758 ], [ 0.452519394989249, 40.982198699257189 ], [ 0.452163131862323, 40.982190823101348 ], [ 0.452152737794362, 40.982460803847431 ], [ 0.452509002371233, 40.982468680077758 ] ] ], [ [ [ 0.453221531948392, 40.982484429239143 ], [ 0.453231921666511, 40.982214448269666 ], [ 0.452875658257319, 40.982206574313281 ], [ 0.452865267089249, 40.982476555208322 ], [ 0.453221531948392, 40.982484429239143 ] ] ], [ [ [ 0.450087969704545, 40.980523660966092 ], [ 0.450098371483207, 40.980253680563081 ], [ 0.449385867645653, 40.980237912799353 ], [ 0.44937546296741, 40.980507893053264 ], [ 0.450087969704545, 40.980523660966092 ] ] ], [ [ [ 0.447373309017815, 40.97695082428087 ], [ 0.447362897337808, 40.97722080426562 ], [ 0.447719132391574, 40.977228694474363 ], [ 0.447729542622041, 40.976958714414991 ], [ 0.447373309017815, 40.97695082428087 ] ] ], [ [ [ 0.447373309017815, 40.97695082428087 ], [ 0.447383720556426, 40.976680844281226 ], [ 0.447027488543116, 40.976672953122225 ], [ 0.447017075554987, 40.976942933047241 ], [ 0.447373309017815, 40.97695082428087 ] ] ], [ [ [ 0.477797691939856, 40.973837750682883 ], [ 0.478153917196906, 40.973845546321769 ], [ 0.478164202113068, 40.973575559735927 ], [ 0.477807978305449, 40.973567764170774 ], [ 0.477797691939856, 40.973837750682883 ] ] ], [ [ [ 0.491344581020873, 40.973863222713597 ], [ 0.490988352058353, 40.973855467829424 ], [ 0.490978119323137, 40.974125457062343 ], [ 0.491334349735165, 40.974133212019872 ], [ 0.491344581020873, 40.973863222713597 ] ] ], [ [ [ 0.491344581020873, 40.973863222713597 ], [ 0.492057039362735, 40.973878729183454 ], [ 0.492067267610505, 40.973608739715736 ], [ 0.491354812167631, 40.973593233392556 ], [ 0.491344581020873, 40.973863222713597 ] ] ], [ [ [ 0.491721269377944, 40.973330997694717 ], [ 0.491731498797358, 40.973061008270754 ], [ 0.491375274044311, 40.973053254706052 ], [ 0.491365043175443, 40.973323244056687 ], [ 0.491721269377944, 40.973330997694717 ] ] ], [ [ [ 0.486769966696904, 40.991057092611065 ], [ 0.486413646457355, 40.991049320930188 ], [ 0.4864033888654, 40.991319308408393 ], [ 0.486759710555694, 40.991327080162755 ], [ 0.486769966696904, 40.991057092611065 ] ] ], [ [ [ 0.486769966696904, 40.991057092611065 ], [ 0.48748260759389, 40.991072632672321 ], [ 0.487492860694341, 40.990802644958869 ], [ 0.488205499246914, 40.990818180472566 ], [ 0.488195249047926, 40.991088168332922 ], [ 0.489264212273108, 40.991111463572601 ], [ 0.489284703827496, 40.990571487396529 ], [ 0.488928385514704, 40.990563723563632 ], [ 0.488959126154631, 40.989753759408778 ], [ 0.490384382832477, 40.989784807258637 ], [ 0.490404864291478, 40.989244830494215 ], [ 0.491117487662484, 40.989260347524954 ], [ 0.491097012006049, 40.989800324582838 ], [ 0.491453326801427, 40.989808081594767 ], [ 0.4914430902153, 40.990078070174874 ], [ 0.493224673530744, 40.990116839099208 ], [ 0.493234902863468, 40.989846850152496 ], [ 0.492522272021701, 40.989831346029781 ], [ 0.492532504116816, 40.989561357214889 ], [ 0.492176190355049, 40.98955360357666 ], [ 0.49218642376183, 40.989283614820295 ], [ 0.491473799556575, 40.989268104390185 ], [ 0.4914840357256, 40.988998115765689 ], [ 0.490415104812343, 40.988974842089796 ], [ 0.490435585436806, 40.988434865236606 ], [ 0.490791892701001, 40.988442624081912 ], [ 0.490802131354054, 40.988172635559749 ], [ 0.490445825540411, 40.988164876787799 ], [ 0.490476545016741, 40.987354911352647 ], [ 0.490832846478845, 40.987362669904478 ], [ 0.490822608242975, 40.987632658471028 ], [ 0.49117891129463, 40.987640415996196 ], [ 0.491168674370214, 40.987910404621317 ], [ 0.491524979011426, 40.987918161119779 ], [ 0.491514743398506, 40.988188149803456 ], [ 0.491871049629278, 40.988195905275191 ], [ 0.491860815327892, 40.988465894017423 ], [ 0.491504507646564, 40.988458138472325 ], [ 0.4914840357256, 40.988998115765689 ], [ 0.492196657029618, 40.989013626049143 ], [ 0.492206890158417, 40.988743637263177 ], [ 0.493632128631759, 40.988774644335727 ], [ 0.493642355819229, 40.988504655241776 ], [ 0.494711281781076, 40.98852789877543 ], [ 0.494701058945384, 40.988797888089195 ], [ 0.495769990508664, 40.988821121941811 ], [ 0.495780208992558, 40.988551132408354 ], [ 0.495423899783248, 40.988543388964132 ], [ 0.495434119578933, 40.988273399489096 ], [ 0.494365197135669, 40.988250162775671 ], [ 0.494375421144221, 40.987980173505591 ], [ 0.493662809777448, 40.987964677009472 ], [ 0.493673036548201, 40.987694687871141 ], [ 0.493316732523688, 40.987686938046288 ], [ 0.49332696060605, 40.987416948966455 ], [ 0.494752171735375, 40.987447941372508 ], [ 0.494782837743275, 40.986637973165017 ], [ 0.494426539104066, 40.986630226933329 ], [ 0.494446985316019, 40.98609024820091 ], [ 0.494803281054371, 40.986097994286091 ], [ 0.494793059468239, 40.986367983732947 ], [ 0.495149356795839, 40.986375728791408 ], [ 0.495139136521317, 40.9866457182967 ], [ 0.495851734493822, 40.986661205260056 ], [ 0.495872169102325, 40.986121225941737 ], [ 0.496228465395876, 40.986128967626946 ], [ 0.496248896548503, 40.985588988103082 ], [ 0.495892603155747, 40.985581246564273 ], [ 0.495882386198421, 40.985851236260388 ], [ 0.495169796928455, 40.985835749736417 ], [ 0.495180016786551, 40.985565760186738 ], [ 0.495892603155747, 40.985581246564273 ], [ 0.495913036654107, 40.98504126712767 ], [ 0.495556746300827, 40.98503352463532 ], [ 0.49556696429219, 40.984763534968053 ], [ 0.495210675528016, 40.984755791448976 ], [ 0.495220894830905, 40.984485801840151 ], [ 0.494152033722154, 40.984462564903041 ], [ 0.494162257237087, 40.984192575499172 ], [ 0.492737116837247, 40.984161577810546 ], [ 0.492726887521221, 40.984431566921295 ], [ 0.492370601318275, 40.984423814676049 ], [ 0.492360370413028, 40.984693803698697 ], [ 0.490935221189845, 40.984662783425215 ], [ 0.490945457896219, 40.984392794695914 ], [ 0.489876601789449, 40.984369518161692 ], [ 0.489866360732251, 40.984639506670874 ], [ 0.489510074191212, 40.984631745552939 ], [ 0.489520316698682, 40.984361757117135 ], [ 0.488451462261124, 40.984338467383999 ], [ 0.488471955560149, 40.983798490908498 ], [ 0.488115673926407, 40.983790725611186 ], [ 0.488146417181757, 40.982980761007234 ], [ 0.487790140037743, 40.982972994830348 ], [ 0.487728643573116, 40.984592923464398 ], [ 0.487372357867051, 40.984585155746949 ], [ 0.48739286014591, 40.984045179741713 ], [ 0.486680294952471, 40.984029641300943 ], [ 0.48669054878349, 40.983759653423057 ], [ 0.48633426784587, 40.983751882626336 ], [ 0.486324012564641, 40.984021870430723 ], [ 0.483473758477929, 40.983959663873165 ], [ 0.483484025360772, 40.983689676657022 ], [ 0.483127745677411, 40.983681895961439 ], [ 0.483117477344374, 40.983951883104019 ], [ 0.482761196350284, 40.983944101234982 ], [ 0.482781735777257, 40.983404127082217 ], [ 0.48135662479731, 40.983372989196255 ], [ 0.48136690010216, 40.983103002392113 ], [ 0.481723176187719, 40.98311078843976 ], [ 0.481733449902891, 40.982840801547177 ], [ 0.481020900771569, 40.982825228499323 ], [ 0.481031177247413, 40.982555241739213 ], [ 0.480318631574573, 40.982539664439344 ], [ 0.480328910811003, 40.982269677811722 ], [ 0.47997263963406, 40.982261887585743 ], [ 0.479982920180938, 40.981991901016976 ], [ 0.479626650593675, 40.981984109764859 ], [ 0.479636932450961, 40.98171412325496 ], [ 0.478924396595446, 40.98169853759876 ], [ 0.4789141118381, 40.981968523961278 ], [ 0.478201573641256, 40.981952933758535 ], [ 0.478180997907293, 40.98249290614428 ], [ 0.477824726118342, 40.982485109245772 ], [ 0.477814436591691, 40.982755095342675 ], [ 0.478170709830722, 40.982762892314931 ], [ 0.478160421614423, 40.983032878470745 ], [ 0.478516696443288, 40.983040674416891 ], [ 0.47850640953738, 40.983310660631631 ], [ 0.479218962514475, 40.983326249371835 ], [ 0.479208678369144, 40.983596235719176 ], [ 0.479564956517361, 40.98360402851322 ], [ 0.479534107593866, 40.984413987687404 ], [ 0.47989039023231, 40.984421779602648 ], [ 0.47986982648548, 40.984961752458737 ], [ 0.479513540946558, 40.984953960396126 ], [ 0.479523824340045, 40.984683974049169 ], [ 0.479167540391036, 40.984676180960356 ], [ 0.479126400177969, 40.985756125964507 ], [ 0.478770110567548, 40.985748331480977 ], [ 0.478759823714729, 40.98601831762128 ], [ 0.478403532793701, 40.986010521964076 ], [ 0.478362378183766, 40.987090466082215 ], [ 0.479431268770449, 40.987113850638451 ], [ 0.479410699329616, 40.987653823050891 ], [ 0.479766999372112, 40.987661615850364 ], [ 0.479756715892628, 40.987931602108048 ], [ 0.480469319297543, 40.987947184554329 ], [ 0.480459038579364, 40.988217170944552 ], [ 0.480815341941772, 40.988224960591324 ], [ 0.48080506253447, 40.988494947040401 ], [ 0.481517672579138, 40.98851052318112 ], [ 0.481497119147856, 40.989050496329412 ], [ 0.481140811154633, 40.989042708661799 ], [ 0.481151089390619, 40.988772722168683 ], [ 0.480794782987549, 40.988764933474663 ], [ 0.480774223474853, 40.989304906298749 ], [ 0.480417914310283, 40.989297116357328 ], [ 0.480407632893909, 40.989567102673504 ], [ 0.480763943509069, 40.989574892688559 ], [ 0.480743383158623, 40.990114865423777 ], [ 0.481099696814651, 40.990122654486079 ], [ 0.481068859593764, 40.990932613698753 ], [ 0.480712541585724, 40.990924824415487 ], [ 0.480702260782156, 40.991194810716443 ], [ 0.480345941463045, 40.991187020259375 ], [ 0.480304811049332, 40.99226696502037 ], [ 0.481017461433254, 40.992282545423642 ], [ 0.481027741344602, 40.992012559108296 ], [ 0.481384065295224, 40.992020347586006 ], [ 0.481394343616175, 40.991750361182199 ], [ 0.480681698756099, 40.991734783273898 ], [ 0.480691979838947, 40.991464797002578 ], [ 0.481404621797525, 40.991480374763576 ], [ 0.481414899839272, 40.991210388330131 ], [ 0.482127539454786, 40.991225961543215 ], [ 0.482137814455503, 40.990955974947703 ], [ 0.482850451727817, 40.990971543612957 ], [ 0.482870995507822, 40.990431570083061 ], [ 0.483583627535433, 40.990447134053355 ], [ 0.483573358616558, 40.990717120972896 ], [ 0.484285994103446, 40.990732680689824 ], [ 0.484265461650136, 40.991272654778726 ], [ 0.483552820360374, 40.991257094767519 ], [ 0.483563089558207, 40.990987107877608 ], [ 0.483206770573262, 40.99097932629536 ], [ 0.48318622913665, 40.9915192999132 ], [ 0.482829907389739, 40.991511517083609 ], [ 0.48280936249357, 40.992051490495015 ], [ 0.483165687142024, 40.99205927347181 ], [ 0.483155415935451, 40.9923292602289 ], [ 0.482799089836196, 40.992321477178514 ], [ 0.482778544102859, 40.992861450501074 ], [ 0.483134873103775, 40.992869233698649 ], [ 0.483104057809899, 40.993679193792211 ], [ 0.483460391302976, 40.99368697611034 ], [ 0.483470661756217, 40.993416989353697 ], [ 0.483826993937891, 40.993424770497995 ], [ 0.483837262800749, 40.993154783652969 ], [ 0.484193593671015, 40.99316256362345 ], [ 0.48420386094353, 40.992892576690046 ], [ 0.485272850038379, 40.992915909779427 ], [ 0.485283112818885, 40.992645922610585 ], [ 0.484926784432032, 40.992638146087899 ], [ 0.484947312476512, 40.992098171852867 ], [ 0.485303637961715, 40.992105948228485 ], [ 0.485324162546989, 40.991565973787168 ], [ 0.485680485270007, 40.991573748915556 ], [ 0.485701006396243, 40.991033774267976 ], [ 0.486057326357129, 40.991041548149155 ], [ 0.486067585260484, 40.990771560729648 ], [ 0.486780222698812, 40.990787105044561 ], [ 0.486769966696904, 40.991057092611065 ] ], [ [ 0.485070469033616, 40.98885832519899 ], [ 0.485426777110581, 40.988866100692263 ], [ 0.485416516281395, 40.989136088068378 ], [ 0.485772825948304, 40.989143862535073 ], [ 0.485762566430352, 40.9894138499699 ], [ 0.48611887768721, 40.989421623410031 ], [ 0.486139393682585, 40.988881648378559 ], [ 0.486495702177583, 40.98888942057161 ], [ 0.486485445700143, 40.989159408168234 ], [ 0.486841755785032, 40.9891671793347 ], [ 0.486821245313464, 40.989707154630523 ], [ 0.487177558438877, 40.989714924843852 ], [ 0.487167304444806, 40.989984912543036 ], [ 0.487523619160141, 40.98999268172971 ], [ 0.487513366477465, 40.990262669487571 ], [ 0.487869682782728, 40.990270437647574 ], [ 0.487859431411486, 40.990540425464083 ], [ 0.487146796038837, 40.990524887897017 ], [ 0.487157050311459, 40.99025490022742 ], [ 0.486800734284729, 40.990247129867136 ], [ 0.486810989868744, 40.989977142256237 ], [ 0.485742046976398, 40.989953824795151 ], [ 0.485721526965034, 40.990493799561179 ], [ 0.485008893264196, 40.990478248792428 ], [ 0.485019156240911, 40.990208261563865 ], [ 0.484662841050251, 40.990200484602852 ], [ 0.484693633495945, 40.989390523048954 ], [ 0.485049944334701, 40.98939829978935 ], [ 0.485070469033616, 40.98885832519899 ], [ 0.484714161096034, 40.988850548605662 ], [ 0.484724424686974, 40.988580561361807 ], [ 0.485080731174, 40.988588337881595 ], [ 0.485070469033616, 40.98885832519899 ] ], [ [ 0.483950211087193, 40.990184927380426 ], [ 0.483593896314833, 40.990177147119034 ], [ 0.483614433455217, 40.989637173205942 ], [ 0.483970745326299, 40.989644953320187 ], [ 0.483950211087193, 40.990184927380426 ] ], [ [ 0.487228826320204, 40.988364986125866 ], [ 0.486159909120662, 40.988341673287877 ], [ 0.486170166630721, 40.988071685720328 ], [ 0.485813862626676, 40.988063912647732 ], [ 0.48582412144792, 40.987793925138888 ], [ 0.485467819033716, 40.987786151039749 ], [ 0.485478079166106, 40.987516163589625 ], [ 0.486190681232883, 40.987531710540829 ], [ 0.486180424001459, 40.987801698137979 ], [ 0.486893029526464, 40.987817240836073 ], [ 0.48688277505674, 40.988087228565412 ], [ 0.487239079478677, 40.988094998337871 ], [ 0.487228826320204, 40.988364986125866 ] ], [ [ 0.491565920072918, 40.986838206237167 ], [ 0.491209621233655, 40.986830450032087 ], [ 0.49121985760193, 40.986560461347786 ], [ 0.491576154990754, 40.986568217479523 ], [ 0.491565920072918, 40.986838206237167 ] ], [ [ 0.486598259290572, 40.98618954379112 ], [ 0.486588004206082, 40.986459531535772 ], [ 0.485875413464151, 40.986443987372589 ], [ 0.485885671449414, 40.986173999774927 ], [ 0.48552937773781, 40.986166226116865 ], [ 0.485539637034116, 40.985896238577908 ], [ 0.485895929295356, 40.985904012162443 ], [ 0.485885671449414, 40.986173999774927 ], [ 0.486598259290572, 40.98618954379112 ], [ 0.486608514235778, 40.985919556031646 ], [ 0.48696480691492, 40.985927326316322 ], [ 0.486954553420085, 40.986197314149251 ], [ 0.486598259290572, 40.98618954379112 ] ], [ [ 0.48410420428501, 40.986135120484967 ], [ 0.483747911270313, 40.986127341327091 ], [ 0.483758177818408, 40.98585735415584 ], [ 0.484114469382752, 40.985865133240146 ], [ 0.48410420428501, 40.986135120484967 ] ], [ [ 0.486282990046844, 40.985101821500294 ], [ 0.485570414087001, 40.985086275872185 ], [ 0.48558067282596, 40.984816288274004 ], [ 0.485224386505312, 40.984808513883578 ], [ 0.485234646555204, 40.984538526344103 ], [ 0.484878361824168, 40.984530750927313 ], [ 0.484888623184953, 40.984260763446564 ], [ 0.485601189885885, 40.984276313033234 ], [ 0.485590931425588, 40.984546300661023 ], [ 0.4859472164353, 40.984554073878023 ], [ 0.485936959285938, 40.984824061564517 ], [ 0.48629324588523, 40.984831833755109 ], [ 0.486282990046844, 40.985101821500294 ] ], [ [ 0.484511814282089, 40.984792961802988 ], [ 0.484155528379554, 40.984785184112816 ], [ 0.484165792780224, 40.984515196793971 ], [ 0.48345322429391, 40.984499638261035 ], [ 0.483463491455641, 40.984229651074507 ], [ 0.484532340043527, 40.98425298700338 ], [ 0.484511814282089, 40.984792961802988 ] ] ], [ [ [ 0.470503243717309, 40.98745864556404 ], [ 0.469790651049129, 40.987443001665412 ], [ 0.46977000272552, 40.987982970031396 ], [ 0.470838900640585, 40.988006434673139 ], [ 0.470849220521214, 40.987736450275683 ], [ 0.470492922526432, 40.987728629902385 ], [ 0.470503243717309, 40.98745864556404 ] ] ], [ [ [ 0.470849220521214, 40.987736450275683 ], [ 0.471205518656159, 40.987744269548969 ], [ 0.471195200225962, 40.988014254020378 ], [ 0.471907799817135, 40.988029889414868 ], [ 0.471918115346459, 40.98775990479561 ], [ 0.471561816931247, 40.987752087722285 ], [ 0.471572133770886, 40.987482103162122 ], [ 0.470859540261681, 40.987466465863378 ], [ 0.470849220521214, 40.987736450275683 ] ] ], [ [ [ 0.496210418058923, 40.967754156121003 ], [ 0.496220627172753, 40.96748416550745 ], [ 0.495864431188467, 40.967476426673691 ], [ 0.495854220625569, 40.967746417214045 ], [ 0.496210418058923, 40.967754156121003 ] ] ], [ [ [ 0.494785629157567, 40.967723193897498 ], [ 0.494806058839017, 40.967183213241235 ], [ 0.494449864858533, 40.967175470083603 ], [ 0.494429432278984, 40.967715450593417 ], [ 0.494785629157567, 40.967723193897498 ] ] ], [ [ [ 0.495874641612701, 40.967206436118531 ], [ 0.495884851898278, 40.966936445548598 ], [ 0.495528658950723, 40.966928705761973 ], [ 0.49551844721612, 40.967198696258706 ], [ 0.495874641612701, 40.967206436118531 ] ] ], [ [ [ 0.494103888547469, 40.966897735622908 ], [ 0.494114105939396, 40.966627745404281 ], [ 0.493757915134417, 40.966620000194631 ], [ 0.493747696293494, 40.966889990340015 ], [ 0.494103888547469, 40.966897735622908 ] ] ], [ [ [ 0.491987189138504, 40.966311267864143 ], [ 0.491997414946632, 40.966041278055592 ], [ 0.49164122787249, 40.966033526397176 ], [ 0.491631000615418, 40.966303516132413 ], [ 0.491987189138504, 40.966311267864143 ] ] ], [ [ [ 0.465691610880148, 40.964114764451097 ], [ 0.465670946094758, 40.964654733295625 ], [ 0.466027118632381, 40.964662564970794 ], [ 0.466047780520376, 40.964122595978132 ], [ 0.465691610880148, 40.964114764451097 ] ] ], [ [ [ 0.483144087869121, 40.964497216750061 ], [ 0.483154349064076, 40.964227228688578 ], [ 0.482798174160904, 40.964219449991724 ], [ 0.482787911517179, 40.964489437979658 ], [ 0.483144087869121, 40.964497216750061 ] ] ], [ [ [ 0.447181390902733, 40.963436029983114 ], [ 0.44721261258471, 40.962626088157393 ], [ 0.446856456201953, 40.962618198680055 ], [ 0.446825230174434, 40.963428140281941 ], [ 0.447181390902733, 40.963436029983114 ] ] ], [ [ [ 0.477119965905544, 40.963554867700012 ], [ 0.477130251310297, 40.963284880846125 ], [ 0.476774083125071, 40.963277083685718 ], [ 0.476763796271642, 40.963547070465872 ], [ 0.477119965905544, 40.963554867700012 ] ] ], [ [ [ 0.482157679658336, 40.962313974000743 ], [ 0.482167944084432, 40.962043986041529 ], [ 0.481811781188828, 40.962036204636107 ], [ 0.481801515314124, 40.962306192521723 ], [ 0.482157679658336, 40.962313974000743 ] ] ], [ [ [ 0.48007205987812, 40.960917330905453 ], [ 0.480082332298336, 40.960647343313902 ], [ 0.479726177482143, 40.960639555682597 ], [ 0.479715903613429, 40.960909543200501 ], [ 0.48007205987812, 40.960917330905453 ] ] ], [ [ [ 0.48185284329361, 40.960956252945536 ], [ 0.481863108471308, 40.960686264985874 ], [ 0.481506952957844, 40.960678482849431 ], [ 0.48149668633164, 40.960948470735481 ], [ 0.48185284329361, 40.960956252945536 ] ] ], [ [ [ 0.477661225523463, 40.958702896871273 ], [ 0.477671506966131, 40.958432909676993 ], [ 0.477315364714089, 40.958425114942713 ], [ 0.477305081823096, 40.958695102063267 ], [ 0.477661225523463, 40.958702896871273 ] ] ] ] } },
{ "type": "Feature", "properties": { "DATA_INCEN": "14/02/89", "MUNICIPI": "RIBES DE FRESER", "GRID_CODE": 2, "CODI_FINAL": "G89031009" }, "geometry": { "type": "MultiPolygon", "coordinates": [ [ [ [ 2.158703330916917, 42.29349214935629 ], [ 2.158688958711023, 42.294572778915722 ], [ 2.159780617825664, 42.29458077662683 ], [ 2.159784206286587, 42.294310619181218 ], [ 2.159420321420583, 42.294307954457089 ], [ 2.159427501304228, 42.293767639576956 ], [ 2.159063619597184, 42.293764973748544 ], [ 2.159067211019841, 42.293494816314052 ], [ 2.158703330916917, 42.29349214935629 ] ] ], [ [ [ 2.152754601534246, 42.302904808497026 ], [ 2.152761840572374, 42.302364495357224 ], [ 2.152397909992256, 42.302361807939384 ], [ 2.152390667843138, 42.302902121028602 ], [ 2.152754601534246, 42.302904808497026 ] ] ], [ [ [ 2.153558403726393, 42.297236888341402 ], [ 2.153194502597038, 42.297234203713316 ], [ 2.153190885602359, 42.297504360562485 ], [ 2.153554788286794, 42.297507045215838 ], [ 2.153558403726393, 42.297236888341402 ] ] ], [ [ [ 2.159780617825664, 42.29458077662683 ], [ 2.159777029315454, 42.294850934059426 ], [ 2.160140917340482, 42.294853597679229 ], [ 2.160137330335888, 42.295123755123875 ], [ 2.160501219965086, 42.295126417614249 ], [ 2.160494048917967, 42.295666732514604 ], [ 2.160857941706281, 42.295669393900589 ], [ 2.16085435766382, 42.295939551356284 ], [ 2.161582146498041, 42.295944870714735 ], [ 2.161585727430565, 42.295674713208953 ], [ 2.162313513351581, 42.295680027899202 ], [ 2.162317091125023, 42.295409870330374 ], [ 2.162680982604301, 42.295412525918707 ], [ 2.162688134893932, 42.294872210692013 ], [ 2.163779800296869, 42.294880170380033 ], [ 2.16378694306077, 42.294339854951396 ], [ 2.161603631355458, 42.294323925484782 ], [ 2.161607211992897, 42.294053767900891 ], [ 2.16124332843552, 42.294051108974166 ], [ 2.161246910578602, 42.293780951402276 ], [ 2.160883028625245, 42.293778291346122 ], [ 2.160886612273925, 42.293508133786247 ], [ 2.160522731924584, 42.2935054726007 ], [ 2.160537072246095, 42.292424842331258 ], [ 2.160173198164968, 42.292422180091513 ], [ 2.160194716497948, 42.290801234447123 ], [ 2.15946698713911, 42.29079590680535 ], [ 2.159470576464668, 42.29052574920253 ], [ 2.159834439564889, 42.290528413575501 ], [ 2.159838027286612, 42.290258255934575 ], [ 2.159110304244542, 42.290252926084477 ], [ 2.159106713413742, 42.290523083675225 ], [ 2.158742850412134, 42.290520416993601 ], [ 2.158750035133469, 42.289980101849302 ], [ 2.15838617529025, 42.289977434063609 ], [ 2.158389769131406, 42.289707276497026 ], [ 2.158025910892038, 42.289704607582145 ], [ 2.15802231549639, 42.289974765123588 ], [ 2.157658455751909, 42.289972095029285 ], [ 2.157662052702049, 42.289701937512987 ], [ 2.158025910892038, 42.289704607582145 ], [ 2.158029506238308, 42.289434450027684 ], [ 2.15766564960279, 42.289431779983644 ], [ 2.157669246454131, 42.289161622441284 ], [ 2.15730539142246, 42.289158951268121 ], [ 2.157312588085779, 42.288618636194641 ], [ 2.156584884388381, 42.288613290486182 ], [ 2.1565776815074, 42.289153605459013 ], [ 2.156213826624054, 42.28915093082307 ], [ 2.1562174296437, 42.288880773368327 ], [ 2.155489723134327, 42.288875420684036 ], [ 2.155493329213295, 42.28860526326666 ], [ 2.152946368872465, 42.288586492689461 ], [ 2.152942751912705, 42.288856649930125 ], [ 2.152578899079575, 42.288853963776852 ], [ 2.152575280515725, 42.28912412097921 ], [ 2.152939134903271, 42.289126807157764 ], [ 2.152935517844162, 42.289396964372386 ], [ 2.152207806009889, 42.289391590810432 ], [ 2.152211426177875, 42.289121433646393 ], [ 2.151847571889744, 42.289118745159342 ], [ 2.151840328395158, 42.289659059423755 ], [ 2.151112613750352, 42.28965367888555 ], [ 2.151105363838846, 42.290193992996585 ], [ 2.150377643175228, 42.290188607739879 ], [ 2.150374015035758, 42.290458764725159 ], [ 2.150010153224164, 42.290456070339992 ], [ 2.150006523480325, 42.290726227286889 ], [ 2.150734250262423, 42.290731614953614 ], [ 2.150730623577855, 42.291001771938191 ], [ 2.15036675860733, 42.29099907865664 ], [ 2.150359501979578, 42.291539392536016 ], [ 2.149995633949698, 42.291536698049399 ], [ 2.149981113877571, 42.292617325550381 ], [ 2.14961723967892, 42.292614629807915 ], [ 2.149620871326424, 42.292344472977582 ], [ 2.149256998732339, 42.292341776106099 ], [ 2.149253365530149, 42.292611932911043 ], [ 2.148889491431277, 42.292609234859775 ], [ 2.148893126188154, 42.292339078080225 ], [ 2.148529253693888, 42.292336378899982 ], [ 2.148525617382327, 42.292606535654116 ], [ 2.147433995535213, 42.29259843111079 ], [ 2.147430354509594, 42.292868587775608 ], [ 2.14633872844843, 42.29286047276635 ], [ 2.14633508270863, 42.293130629341746 ], [ 2.146698959567032, 42.293133335524715 ], [ 2.146695315331904, 42.293403492112553 ], [ 2.146331436918758, 42.293400785904126 ], [ 2.146324145188794, 42.293941098989798 ], [ 2.146688026711495, 42.293943805249164 ], [ 2.146691671046725, 42.293673648687381 ], [ 2.147055551064691, 42.293676353766863 ], [ 2.147062836475484, 42.293136040553257 ], [ 2.147790590442456, 42.293141447147121 ], [ 2.147786950871568, 42.293411603811336 ], [ 2.148878586861118, 42.293419705120264 ], [ 2.148874951904553, 42.293689861847696 ], [ 2.149238832222383, 42.293692560000551 ], [ 2.149231565269086, 42.294232873467138 ], [ 2.150323215850741, 42.294240961151345 ], [ 2.150326844687894, 42.29397080434844 ], [ 2.150690726760004, 42.293973497908887 ], [ 2.15069798117522, 42.293433184213271 ], [ 2.151061860187575, 42.293435876568587 ], [ 2.151065485765704, 42.293165719675891 ], [ 2.1514293632731, 42.293168410851443 ], [ 2.1514329872467, 42.292898253920391 ], [ 2.151796863249134, 42.292900943916202 ], [ 2.151800485618249, 42.292630786946795 ], [ 2.15216436011572, 42.292633475762905 ], [ 2.152167980880391, 42.292363318755164 ], [ 2.152531853872898, 42.292366006391546 ], [ 2.152528234662921, 42.292636163424596 ], [ 2.153255983906424, 42.292641535284787 ], [ 2.153252367756171, 42.292911692355361 ], [ 2.15398012030777, 42.292917059648474 ], [ 2.153983733348587, 42.29264690252738 ], [ 2.154347608144113, 42.292649584417063 ], [ 2.154343996658014, 42.292919741563416 ], [ 2.155071749507286, 42.292925101930052 ], [ 2.155039271887102, 42.295356516115291 ], [ 2.154675381444232, 42.295353836282146 ], [ 2.154671771017012, 42.295623993323503 ], [ 2.154307879068797, 42.295621312310608 ], [ 2.154297042824679, 42.296431783280802 ], [ 2.153933146261148, 42.296429101037646 ], [ 2.153929532525535, 42.296699257976414 ], [ 2.154293430644084, 42.296701940244823 ], [ 2.154289818413875, 42.29697209719582 ], [ 2.153562019116335, 42.296966731453928 ], [ 2.153558403726393, 42.297236888341402 ], [ 2.153922304905405, 42.297239571814877 ], [ 2.153918691020887, 42.29750972871458 ], [ 2.153554788286794, 42.297507045215838 ], [ 2.153547557258622, 42.298047358925636 ], [ 2.153183651463962, 42.29804467422175 ], [ 2.153172799883758, 42.298855144612951 ], [ 2.151717158540182, 42.298844393947633 ], [ 2.15171353502659, 42.299114550617453 ], [ 2.15134962325986, 42.299111860039176 ], [ 2.151342372972896, 42.29965217328909 ], [ 2.151706287850099, 42.299654863918022 ], [ 2.151702664187197, 42.29992502054877 ], [ 2.152066580669439, 42.299927710048337 ], [ 2.152070202777072, 42.299657553392279 ], [ 2.152434117753795, 42.299660241711848 ], [ 2.15243773825643, 42.299390085017457 ], [ 2.152801651727632, 42.299392772157042 ], [ 2.152798032780247, 42.299662928876728 ], [ 2.153525862982249, 42.299668299742457 ], [ 2.153522247095701, 42.299938456499675 ], [ 2.153886163826483, 42.299941140225776 ], [ 2.153889778157758, 42.299670983443306 ], [ 2.15425369338291, 42.299673665989452 ], [ 2.15425730610929, 42.299403509168712 ], [ 2.156440789169974, 42.29941958004602 ], [ 2.15644439251533, 42.299149423060946 ], [ 2.15717221748792, 42.299154770732315 ], [ 2.157179417809338, 42.29861445662246 ], [ 2.156815508408719, 42.298611783414437 ], [ 2.156822711642672, 42.298071469302805 ], [ 2.156458805401845, 42.298068794990485 ], [ 2.156466011548167, 42.297528480877126 ], [ 2.156102108467067, 42.297525805460552 ], [ 2.156109317525591, 42.29698549134546 ], [ 2.156473217496541, 42.296988166711671 ], [ 2.156487628799467, 42.29590753822449 ], [ 2.155759841347165, 42.295902186539031 ], [ 2.155767052921521, 42.295361872318047 ], [ 2.156130943513025, 42.295364548687665 ], [ 2.156134547671003, 42.295094391532444 ], [ 2.156498436757094, 42.295097066722363 ], [ 2.156505641814777, 42.294556752322499 ], [ 2.15686952784058, 42.294559426307572 ], [ 2.156876729590665, 42.294019111805277 ], [ 2.157240612556241, 42.294021784585567 ], [ 2.157247810998905, 42.293481469980861 ], [ 2.157611690904312, 42.29348414155637 ], [ 2.157608093262487, 42.293754298890384 ], [ 2.157971974772097, 42.293756969336592 ], [ 2.157979166896776, 42.293216654605274 ], [ 2.158343045346215, 42.293219323846785 ], [ 2.15833945086334, 42.293489481244073 ], [ 2.158703330916917, 42.29349214935629 ], [ 2.158714109553189, 42.292681677049984 ], [ 2.159077984991863, 42.292684343932443 ], [ 2.159067211019841, 42.293494816314052 ], [ 2.159431091172092, 42.293497482117367 ], [ 2.159427501304228, 42.293767639576956 ], [ 2.159791383060577, 42.293770304250934 ], [ 2.159787794698224, 42.294040461722581 ], [ 2.160151678058675, 42.294043125267173 ], [ 2.160144504295812, 42.294583440221558 ], [ 2.159780617825664, 42.29458077662683 ] ], [ [ 2.161960358204187, 42.294866898460839 ], [ 2.161596469933043, 42.294864240613499 ], [ 2.161592889148065, 42.295134398158353 ], [ 2.161228999371196, 42.295131739131492 ], [ 2.16123616400176, 42.294591424078867 ], [ 2.1619639373851, 42.294596740877971 ], [ 2.161960358204187, 42.294866898460839 ] ], [ [ 2.156512846674547, 42.294016437870553 ], [ 2.156148963807904, 42.294013762781368 ], [ 2.156152567718383, 42.293743605561041 ], [ 2.156516449030216, 42.293746280625044 ], [ 2.156512846674547, 42.294016437870553 ] ], [ [ 2.156887531844881, 42.293208639954187 ], [ 2.156523653593126, 42.293205966094966 ], [ 2.156527255800369, 42.292935808810384 ], [ 2.156891132497377, 42.292938482644438 ], [ 2.156887531844881, 42.293208639954187 ] ], [ [ 2.151440235044582, 42.292357940019208 ], [ 2.151436611170527, 42.292628096976316 ], [ 2.151072736772577, 42.292625405851432 ], [ 2.151076362201324, 42.292355248919655 ], [ 2.151440235044582, 42.292357940019208 ], [ 2.151443858868868, 42.292087783049091 ], [ 2.151807730207226, 42.292090472968916 ], [ 2.151804107937612, 42.292360629964385 ], [ 2.151440235044582, 42.292357940019208 ] ], [ [ 2.155810318207897, 42.29211998589831 ], [ 2.156174190141833, 42.292122661965607 ], [ 2.156170586528327, 42.292392819264073 ], [ 2.155806713039712, 42.292390143171573 ], [ 2.155810318207897, 42.29211998589831 ], [ 2.15508257448859, 42.29211463030056 ], [ 2.155086182716576, 42.2918444730647 ], [ 2.154722312485904, 42.291841793559449 ], [ 2.15472592221897, 42.291571636335782 ], [ 2.1554536596206, 42.291576994141423 ], [ 2.155450052996806, 42.291847151415546 ], [ 2.155813923326569, 42.291849828612015 ], [ 2.155810318207897, 42.29211998589831 ] ], [ [ 2.153623473148576, 42.292374062374407 ], [ 2.152895726915113, 42.292368692873552 ], [ 2.152899344520711, 42.292098535802211 ], [ 2.153263216057937, 42.292101221104538 ], [ 2.153266832059197, 42.291831063994898 ], [ 2.153630702091433, 42.29183374811759 ], [ 2.153623473148576, 42.292374062374407 ] ], [ [ 2.15475840758572, 42.289140220736641 ], [ 2.153302989340495, 42.289129492182056 ], [ 2.153306604795511, 42.288859334929143 ], [ 2.154762016823057, 42.288870063382738 ], [ 2.15475840758572, 42.289140220736641 ] ] ], [ [ [ 2.161453200164813, 42.305670532251554 ], [ 2.161449617411973, 42.305940689275602 ], [ 2.161813569451776, 42.305943348148922 ], [ 2.161817150648856, 42.305673191099842 ], [ 2.161453200164813, 42.305670532251554 ] ] ], [ [ [ 2.161453200164813, 42.305670532251554 ], [ 2.161456782868441, 42.305400375214496 ], [ 2.16218468077424, 42.305405691706071 ], [ 2.162188260317221, 42.305135534605945 ], [ 2.162552207788165, 42.305138191094343 ], [ 2.162548629800902, 42.305408348219487 ], [ 2.162912578876712, 42.305411003577973 ], [ 2.162909002396044, 42.305681160715082 ], [ 2.163272953076721, 42.305683814943635 ], [ 2.163265803079552, 42.306224129228752 ], [ 2.163629756920884, 42.306226782352326 ], [ 2.163626183404447, 42.306496939500356 ], [ 2.163990138850672, 42.306499591493903 ], [ 2.163986566840977, 42.306769748653871 ], [ 2.165078438141448, 42.306777697779609 ], [ 2.165085572776852, 42.306237383297017 ], [ 2.165449526863398, 42.306240030645796 ], [ 2.165460223781703, 42.305429558749516 ], [ 2.16582417324992, 42.305432204868623 ], [ 2.165827737235676, 42.305162047518913 ], [ 2.165463789323185, 42.305159401424731 ], [ 2.165467354815691, 42.304889244086922 ], [ 2.165103408507879, 42.304886596862744 ], [ 2.165110542457312, 42.304346282197912 ], [ 2.164746599309839, 42.304343633868676 ], [ 2.164753736174551, 42.303803319201627 ], [ 2.165481616295977, 42.303808614605501 ], [ 2.165478050999365, 42.304078771995393 ], [ 2.165841992689165, 42.304081417989941 ], [ 2.165834865060325, 42.304621732780468 ], [ 2.166198809910381, 42.30462437766996 ], [ 2.166195247578217, 42.304894535070595 ], [ 2.166559194032888, 42.304897178830061 ], [ 2.166576997426193, 42.303546391572297 ], [ 2.166213058749733, 42.303543747937262 ], [ 2.166230868698048, 42.3021929604785 ], [ 2.165866937848189, 42.302190315813078 ], [ 2.165870501246547, 42.301920158307169 ], [ 2.166234430540935, 42.301922802947686 ], [ 2.166245115776062, 42.301112330277178 ], [ 2.165517266568796, 42.301107039990747 ], [ 2.165520831326765, 42.300836882457673 ], [ 2.165884754350542, 42.300839528153361 ], [ 2.165888317504185, 42.300569370582366 ], [ 2.16552439603577, 42.300566724911583 ], [ 2.165531525306896, 42.300026409780351 ], [ 2.165167606998105, 42.300023763004681 ], [ 2.165178305203423, 42.299213290284939 ], [ 2.164814391609442, 42.29921064242933 ], [ 2.164853631697408, 42.296238908395452 ], [ 2.164489735258813, 42.296236259659452 ], [ 2.164493303800566, 42.29596610196684 ], [ 2.164129408965981, 42.295963452101226 ], [ 2.164132979013698, 42.295693294420531 ], [ 2.163769085783121, 42.295690643425338 ], [ 2.163772657336758, 42.295420485756587 ], [ 2.162680982604301, 42.295412525918707 ], [ 2.162677406385809, 42.295682683512531 ], [ 2.163405192601601, 42.295687991275592 ], [ 2.163398046237195, 42.296228306524114 ], [ 2.163761942528685, 42.296230958723775 ], [ 2.163758370827882, 42.296501116353475 ], [ 2.164122268723446, 42.296503767423538 ], [ 2.164115128284769, 42.297044082693795 ], [ 2.163751227279105, 42.29704143157381 ], [ 2.16374765543113, 42.297311589164444 ], [ 2.164111557991875, 42.297314240309397 ], [ 2.164104417258971, 42.297854555501537 ], [ 2.164468322978983, 42.297857205541767 ], [ 2.164457616177331, 42.29866767830719 ], [ 2.163729795455343, 42.298662376922394 ], [ 2.163733367548625, 42.298392219396838 ], [ 2.163369458816401, 42.298389566997436 ], [ 2.163373032415786, 42.298119409483839 ], [ 2.163009125287812, 42.29811675595478 ], [ 2.163001974929607, 42.298657070919006 ], [ 2.162638064740388, 42.298654416185315 ], [ 2.162630911075322, 42.299194731047493 ], [ 2.161903084623419, 42.299189418016176 ], [ 2.161899504606695, 42.299459575377725 ], [ 2.160807760631941, 42.299451597095597 ], [ 2.160811345314405, 42.299181439809161 ], [ 2.159719606448514, 42.299173451210109 ], [ 2.159708838256016, 42.299983922804785 ], [ 2.15861708583645, 42.299975923587837 ], [ 2.158613491674429, 42.300246080684715 ], [ 2.15824957274464, 42.30024341194455 ], [ 2.158253168461965, 42.299973254872782 ], [ 2.157889251136868, 42.299970585003031 ], [ 2.157885653864239, 42.30024074204966 ], [ 2.157521735033247, 42.300238071000081 ], [ 2.15752533386118, 42.299967913978591 ], [ 2.156797499458116, 42.299962568465595 ], [ 2.156793897519579, 42.300232725436764 ], [ 2.156429978836945, 42.300230050923055 ], [ 2.156433582330781, 42.299959893977075 ], [ 2.155341831245832, 42.29995186358326 ], [ 2.155338223086098, 42.300222020453653 ], [ 2.154974304601572, 42.30021934132111 ], [ 2.154967085022765, 42.300759654972403 ], [ 2.153875320534788, 42.300751610495084 ], [ 2.153871706004933, 42.301021767225464 ], [ 2.153507783052846, 42.301019083398323 ], [ 2.153504166917964, 42.301289240090405 ], [ 2.153140242460165, 42.301286555083252 ], [ 2.153133006930571, 42.301826868377823 ], [ 2.153496934499191, 42.301829553435532 ], [ 2.153493318215298, 42.302099710088555 ], [ 2.153857247389032, 42.302102394016771 ], [ 2.153853632610935, 42.30237255068203 ], [ 2.153489701881734, 42.302369866728554 ], [ 2.153486085498499, 42.302640023355529 ], [ 2.153122153263486, 42.302637338221992 ], [ 2.153118535275071, 42.302907494810654 ], [ 2.152754601534246, 42.302904808497026 ], [ 2.152747362297251, 42.303445121584737 ], [ 2.152019488742624, 42.303439745391834 ], [ 2.152015865938413, 42.303709901865545 ], [ 2.153107681011649, 42.303717964498532 ], [ 2.153111299149153, 42.303447807948928 ], [ 2.153839173002024, 42.303453177212845 ], [ 2.153850017783185, 42.302642707334265 ], [ 2.154213950117522, 42.302645390158197 ], [ 2.154217563389785, 42.30237523348071 ], [ 2.154945425096351, 42.302380595613705 ], [ 2.15494903520805, 42.30211043887271 ], [ 2.157132612184332, 42.30212649740546 ], [ 2.157129011405456, 42.302396654297624 ], [ 2.157492942630203, 42.30239932670316 ], [ 2.157489343357362, 42.302669483607453 ], [ 2.157853276187043, 42.302672154883346 ], [ 2.157856873904387, 42.302401997953915 ], [ 2.158220805227988, 42.30240466804986 ], [ 2.158224401340442, 42.302134511082265 ], [ 2.158588331157963, 42.30213717999829 ], [ 2.158595520123804, 42.301596865973799 ], [ 2.158959446879808, 42.301599533684822 ], [ 2.158948668023352, 42.302410004777343 ], [ 2.159312599495073, 42.302412671408923 ], [ 2.159309007999717, 42.302682828438819 ], [ 2.159672941076268, 42.302685493940665 ], [ 2.1596693510871, 42.302955650982639 ], [ 2.160033285768482, 42.302958315354751 ], [ 2.160015342860895, 42.304309100494713 ], [ 2.160379285369498, 42.304311763837354 ], [ 2.160386459569171, 42.303771449770295 ], [ 2.160750399015807, 42.303774111907948 ], [ 2.160743227927372, 42.304314426025137 ], [ 2.160379285369498, 42.304311763837354 ], [ 2.160375698195754, 42.304581920851355 ], [ 2.161467530684063, 42.304589904025178 ], [ 2.161463948128066, 42.304860061101301 ], [ 2.160736056641935, 42.304854740090221 ], [ 2.160728885159488, 42.305395054103244 ], [ 2.161092833989348, 42.305397715236325 ], [ 2.161089249729982, 42.305667872248357 ], [ 2.161453200164813, 42.305670532251554 ] ], [ [ 2.165089140021054, 42.305967226036202 ], [ 2.164725187539298, 42.305964577557383 ], [ 2.164732324992218, 42.305424263046568 ], [ 2.165096274362462, 42.305426911475514 ], [ 2.165089140021054, 42.305967226036202 ] ], [ [ 2.162948340981611, 42.302709431490797 ], [ 2.163676208168086, 42.302714738243438 ], [ 2.163672635289698, 42.302984895560705 ], [ 2.162944764992164, 42.302979588758106 ], [ 2.162948340981611, 42.302709431490797 ], [ 2.162584407462039, 42.302706776382252 ], [ 2.162580829917064, 42.302976933624571 ], [ 2.162216894891105, 42.302974277336197 ], [ 2.162224053042946, 42.302433962888571 ], [ 2.162951916921939, 42.302439274210478 ], [ 2.162948340981611, 42.302709431490797 ] ], [ [ 2.160771911099157, 42.302153169243923 ], [ 2.160768325875048, 42.302423326387142 ], [ 2.160404394206133, 42.302420664374786 ], [ 2.160407980985723, 42.302150507256613 ], [ 2.160771911099157, 42.302153169243923 ], [ 2.160775496274022, 42.301883012087686 ], [ 2.161139424881242, 42.301885672895146 ], [ 2.161135841261836, 42.30215583007643 ], [ 2.160771911099157, 42.302153169243923 ] ] ], [ [ [ 2.16218468077424, 42.305405691706071 ], [ 2.16218110118209, 42.3056758487932 ], [ 2.162545051764493, 42.305678505331599 ], [ 2.162548629800902, 42.305408348219487 ], [ 2.16218468077424, 42.305405691706071 ] ] ], [ [ [ 2.148529253693888, 42.292336378899982 ], [ 2.148532889955509, 42.292066222132817 ], [ 2.148169019065849, 42.292063521823607 ], [ 2.148165381249565, 42.292333678565349 ], [ 2.148529253693888, 42.292336378899982 ] ] ], [ [ [ 2.156584884388381, 42.288613290486182 ], [ 2.15658848575468, 42.288343132980238 ], [ 2.156224635534544, 42.288340458419803 ], [ 2.156221032613863, 42.288610615900588 ], [ 2.156584884388381, 42.288613290486182 ] ] ] ] } },
{ "type": "Feature", "properties": { "DATA_INCEN": "03/03/89", "MUNICIPI": "RIUDECANYES", "GRID_CODE": 2, "CODI_FINAL": "T89008001" }, "geometry": { "type": "MultiPolygon", "coordinates": [ [ [ [ 0.961351293758533, 41.149860938524277 ], [ 0.961344321727672, 41.15008599615841 ], [ 0.961939818174039, 41.150096534538491 ], [ 0.961946788171094, 41.149871476821325 ], [ 0.961351293758533, 41.149860938524277 ] ] ], [ [ [ 0.959253107426455, 41.150274144936283 ], [ 0.959267065803898, 41.149824030259758 ], [ 0.958969319269492, 41.149818754574397 ], [ 0.958976299356475, 41.149593697262965 ], [ 0.958678553918043, 41.149588420850122 ], [ 0.958657610369105, 41.150263592630083 ], [ 0.959253107426455, 41.150274144936283 ] ] ], [ [ [ 0.961351293758533, 41.149860938524277 ], [ 0.961365237583235, 41.149410823226454 ], [ 0.961662982716247, 41.149416092676418 ], [ 0.961704806193447, 41.148065746297711 ], [ 0.961407067161484, 41.148060477097012 ], [ 0.961414038481372, 41.147835419374324 ], [ 0.961116300545237, 41.1478301494462 ], [ 0.961137217081324, 41.14715497634387 ], [ 0.960244012897997, 41.147139162319512 ], [ 0.96023006251896, 41.147589277481551 ], [ 0.959634589391539, 41.147578730787529 ], [ 0.959648543837607, 41.147128615791765 ], [ 0.959053075093522, 41.147118066188106 ], [ 0.959046095876486, 41.14734312360774 ], [ 0.958748360606277, 41.147337847610899 ], [ 0.958762320994781, 41.146887732844981 ], [ 0.958464587837177, 41.146882456162352 ], [ 0.958457606665744, 41.147107513508622 ], [ 0.957564404617415, 41.14709167872212 ], [ 0.957557420316593, 41.147316735933643 ], [ 0.957259685442011, 41.147311456091941 ], [ 0.957252700045307, 41.147536513252113 ], [ 0.957848171907137, 41.147547072249822 ], [ 0.95784118846481, 41.147772129483343 ], [ 0.958138925531221, 41.147777407870343 ], [ 0.958124960442797, 41.148227522391146 ], [ 0.958422699621929, 41.148232800092366 ], [ 0.958408736250628, 41.148682914657044 ], [ 0.958706477542522, 41.148688191672456 ], [ 0.958699496755053, 41.148913248981636 ], [ 0.958997239142904, 41.14891852526965 ], [ 0.958983279364391, 41.149368639941713 ], [ 0.959281023865022, 41.149373915543933 ], [ 0.959274044873991, 41.149598972906759 ], [ 0.959571790470622, 41.149604247781475 ], [ 0.959564812417401, 41.149829305176134 ], [ 0.959862559109964, 41.149834579323404 ], [ 0.959855581994583, 41.150059636749738 ], [ 0.96015332978311, 41.15006491016959 ], [ 0.960139377349019, 41.150515025075954 ], [ 0.960437127250433, 41.150520297809862 ], [ 0.960430151931759, 41.15074535528985 ], [ 0.959834650174084, 41.150734808969766 ], [ 0.959841627526643, 41.150509751572947 ], [ 0.959543877783311, 41.150504477300863 ], [ 0.95955085607375, 41.150279419935814 ], [ 0.959253107426455, 41.150274144936283 ], [ 0.959232169267153, 41.150949316877302 ], [ 0.959529920965263, 41.150954592001547 ], [ 0.959522942437615, 41.151179649337195 ], [ 0.959820695231768, 41.151184923733929 ], [ 0.959806739973202, 41.151635038458743 ], [ 0.960104494880367, 41.151640312169626 ], [ 0.96009751814948, 41.151865369558827 ], [ 0.960395274152702, 41.151870642542178 ], [ 0.960388298359781, 41.152095699963169 ], [ 0.959792784398378, 41.152085153144199 ], [ 0.959799762225321, 41.151860095806413 ], [ 0.959502006380225, 41.151854821284893 ], [ 0.95950898514509, 41.151629763978789 ], [ 0.959211230396096, 41.151624488729723 ], [ 0.959232169267153, 41.150949316877302 ], [ 0.958338914647435, 41.150933486890032 ], [ 0.958359861959108, 41.150258315323399 ], [ 0.958062113628246, 41.150253037247623 ], [ 0.958076080140913, 41.149802922903959 ], [ 0.957778333922978, 41.14979764414241 ], [ 0.957785318077499, 41.149572586997415 ], [ 0.957487572955549, 41.149567307508434 ], [ 0.957501543060956, 41.149117193272239 ], [ 0.957203800051904, 41.149111913097428 ], [ 0.957210786002722, 41.148886856006222 ], [ 0.95691304408968, 41.148881575104049 ], [ 0.956920030978158, 41.148656518044632 ], [ 0.956622290161158, 41.148651236415112 ], [ 0.956608314271326, 41.149101350440866 ], [ 0.955119601205899, 41.149074930341662 ], [ 0.955098621524341, 41.149750100681693 ], [ 0.955396367029578, 41.149755386364582 ], [ 0.955389374660778, 41.149980443166591 ], [ 0.955687121262141, 41.149985728122076 ], [ 0.955673138320687, 41.150435841779931 ], [ 0.955970887035075, 41.150441126049728 ], [ 0.955956905810576, 41.150891239751459 ], [ 0.95625465663804, 41.15089652333554 ], [ 0.956240677130597, 41.151346637081275 ], [ 0.957133936189903, 41.151362483468894 ], [ 0.957119962467505, 41.151812597425121 ], [ 0.956822207334604, 41.151807315981706 ], [ 0.956808231261528, 41.152257429815258 ], [ 0.956510474173796, 41.152252147519505 ], [ 0.956503485001475, 41.152477204379892 ], [ 0.957099001290149, 41.152487768285638 ], [ 0.957071051945201, 41.15338799596195 ], [ 0.957368814276507, 41.15339327692768 ], [ 0.957361827759408, 41.153618333863825 ], [ 0.957659591186979, 41.153623614102052 ], [ 0.957631648395276, 41.154523841914589 ], [ 0.95792941597043, 41.154529121550176 ], [ 0.957915446133938, 41.154979235480688 ], [ 0.958213215822503, 41.154984514430332 ], [ 0.95820623180272, 41.155209571422432 ], [ 0.958504002587594, 41.155214849644516 ], [ 0.95849003634489, 41.155664963682447 ], [ 0.958787809243291, 41.155670241218566 ], [ 0.958773844718445, 41.156120355300331 ], [ 0.959071619730371, 41.156125632150427 ], [ 0.959057656923544, 41.15657574627609 ], [ 0.958759879877152, 41.156570469342796 ], [ 0.958752897337828, 41.156795526349242 ], [ 0.959050675401441, 41.15680080332416 ], [ 0.959029730360469, 41.157475974409365 ], [ 0.95932751155502, 41.157481250739799 ], [ 0.959320530733769, 41.157706307790171 ], [ 0.959618313024691, 41.157711583392938 ], [ 0.959604353179472, 41.15816169754725 ], [ 0.959902137584128, 41.158166972463938 ], [ 0.959895158560225, 41.158392029567928 ], [ 0.960788515300676, 41.15840784982715 ], [ 0.960774563119647, 41.158857964255063 ], [ 0.961370138744675, 41.158868507414404 ], [ 0.961384086856307, 41.158418392820231 ], [ 0.961681872752676, 41.158423663162878 ], [ 0.961688845672599, 41.158198605809531 ], [ 0.962879985978811, 41.158219679321164 ], [ 0.962893923443084, 41.157769564252654 ], [ 0.964680624063545, 41.157801150943818 ], [ 0.964694549004338, 41.157351035337932 ], [ 0.965885676191094, 41.157372077415012 ], [ 0.965899592678064, 41.156921961438023 ], [ 0.965304032996063, 41.156911442103855 ], [ 0.965324913238652, 41.156236268313478 ], [ 0.964133807028286, 41.156215220912074 ], [ 0.964168626199383, 41.155089931894452 ], [ 0.963870854930091, 41.155084668328527 ], [ 0.963877819544756, 41.154859610537002 ], [ 0.963580049371548, 41.154854346243383 ], [ 0.963587014924465, 41.154629288483527 ], [ 0.963884784080507, 41.154634552735587 ], [ 0.963898712915209, 41.154184437103432 ], [ 0.964196480115904, 41.154189700503352 ], [ 0.96420344339777, 41.153964642630989 ], [ 0.965096742421896, 41.153980428091373 ], [ 0.965103702573521, 41.153755370084738 ], [ 0.964508171846107, 41.153744847296601 ], [ 0.964515133953049, 41.153519789363138 ], [ 0.964812898260215, 41.153525051100289 ], [ 0.964826820203256, 41.153074935120785 ], [ 0.965124582555135, 41.15308019600586 ], [ 0.965131542391297, 41.152855137959932 ], [ 0.966024826868887, 41.152870915875852 ], [ 0.96603178357499, 41.152645857695688 ], [ 0.965734023020691, 41.152640599200943 ], [ 0.965754895717127, 41.151965424725809 ], [ 0.965457138292763, 41.151960165586338 ], [ 0.965464096717604, 41.151735107449745 ], [ 0.966357366176164, 41.151750882436438 ], [ 0.96636432147114, 41.151525824165695 ], [ 0.966066565923096, 41.151520566647335 ], [ 0.966073522156268, 41.151295508408225 ], [ 0.965775767704047, 41.151290250162184 ], [ 0.965789681967866, 41.150840133737297 ], [ 0.965194177367886, 41.150829615103866 ], [ 0.96520113641543, 41.150604556959642 ], [ 0.964903385250687, 41.150599296530764 ], [ 0.964896425186162, 41.150824354633613 ], [ 0.964003169114353, 41.15080856860817 ], [ 0.96399620592007, 41.151033626576655 ], [ 0.963698453036975, 41.151028362988562 ], [ 0.963691488746844, 41.151253420905682 ], [ 0.963095981183445, 41.15124289133923 ], [ 0.963102947507531, 41.151017833505101 ], [ 0.962209689805463, 41.151002033511745 ], [ 0.962223628318515, 41.15055191806308 ], [ 0.961628127646474, 41.150541381054893 ], [ 0.961614185065624, 41.15099149633744 ], [ 0.961316432814203, 41.1509862265967 ], [ 0.961323405161068, 41.150761169001896 ], [ 0.961025654005599, 41.15075589853361 ], [ 0.961039600496205, 41.150305783397556 ], [ 0.96074185145364, 41.150300512243334 ], [ 0.960748825597342, 41.150075454702119 ], [ 0.961046573622982, 41.150080725814767 ], [ 0.961053546670759, 41.149855668222187 ], [ 0.961351293758533, 41.149860938524277 ] ], [ [ 0.96071395408858, 41.151200742309811 ], [ 0.96070697954974, 41.151425799801828 ], [ 0.96011147153219, 41.151415254770576 ], [ 0.960118448104989, 41.15119019736165 ], [ 0.96071395408858, 41.151200742309811 ] ], [ [ 0.96185617204886, 41.152797226378333 ], [ 0.961849201024972, 41.153022283967715 ], [ 0.96244472422904, 41.153032820351399 ], [ 0.962437755160328, 41.153257878014031 ], [ 0.96184222992216, 41.153247341547299 ], [ 0.961849201024972, 41.153022283967715 ], [ 0.961551439541474, 41.153017014622193 ], [ 0.961558411582388, 41.152791957074307 ], [ 0.96185617204886, 41.152797226378333 ], [ 0.961863142993695, 41.152572168779116 ], [ 0.961267624173854, 41.152561629485028 ], [ 0.961288542636635, 41.151886456877598 ], [ 0.961586298955995, 41.151891726784562 ], [ 0.961579327231078, 41.152116784371735 ], [ 0.961877084646445, 41.152122053551167 ], [ 0.96188405535435, 41.151896995922428 ], [ 0.962479568388044, 41.151907531890785 ], [ 0.962472599714157, 41.152132589602566 ], [ 0.962174842140808, 41.15212732196143 ], [ 0.962153932594318, 41.152802494913232 ], [ 0.96185617204886, 41.152797226378333 ] ], [ [ 0.961537495222629, 41.153467129688401 ], [ 0.96213302233699, 41.153477667776528 ], [ 0.962126052093262, 41.153702725377912 ], [ 0.961530522944727, 41.153692187206708 ], [ 0.961537495222629, 41.153467129688401 ], [ 0.961239731783964, 41.153461859490577 ], [ 0.961246704999975, 41.153236802003981 ], [ 0.961544467421552, 41.153242072160175 ], [ 0.961537495222629, 41.153467129688401 ] ], [ [ 0.962112111368845, 41.154152840551319 ], [ 0.96209119968981, 41.154828013237555 ], [ 0.961495660369989, 41.154817474650926 ], [ 0.961502633042956, 41.154592417181796 ], [ 0.961800401646212, 41.15459768681815 ], [ 0.961814344720841, 41.154147571767176 ], [ 0.962112111368845, 41.154152840551319 ] ], [ [ 0.963531288291145, 41.15642975028706 ], [ 0.963524322106786, 41.156654807968259 ], [ 0.963822100417664, 41.156660072593908 ], [ 0.963815135171609, 41.156885130306783 ], [ 0.9632195765943, 41.156874600203281 ], [ 0.963233511076473, 41.156424484933744 ], [ 0.963531288291145, 41.15642975028706 ] ] ] ] } },
{ "type": "Feature", "properties": { "DATA_INCEN": "28/06/89", "MUNICIPI": "SANT MATEU DE BAGES", "GRID_CODE": 2, "CODI_FINAL": "B89007008" }, "geometry": { "type": "Polygon", "coordinates": [ [ [ 1.72497666702819, 41.834356261390027 ], [ 1.723471596007662, 41.834339550719697 ], [ 1.723467124433063, 41.834564668310634 ], [ 1.723166109327491, 41.834561323784428 ], [ 1.723161636647675, 41.834786441339837 ], [ 1.722258588473981, 41.834776402950723 ], [ 1.72224516064016, 41.83545175532484 ], [ 1.722546179809957, 41.835455102321923 ], [ 1.722532754680159, 41.836130454691336 ], [ 1.72223173234739, 41.836127107615262 ], [ 1.722218303595644, 41.83680245982233 ], [ 1.722519329091524, 41.836805806977097 ], [ 1.722514853793345, 41.837030924387136 ], [ 1.722213827243068, 41.837027577206072 ], [ 1.722209350839499, 41.83725269458057 ], [ 1.721908323285846, 41.837249346584429 ], [ 1.721903845776861, 41.837474463923378 ], [ 1.722204874384937, 41.837477811945739 ], [ 1.722200397879367, 41.837702929301656 ], [ 1.722501427592871, 41.837706276561605 ], [ 1.722496952090728, 41.837931393934483 ], [ 1.722797982909673, 41.837934740432019 ], [ 1.722793508410992, 41.838159857821935 ], [ 1.723094540335355, 41.838163203557038 ], [ 1.723099013779577, 41.837938086140831 ], [ 1.723400044700478, 41.837941431060912 ], [ 1.723404517039293, 41.837716313609192 ], [ 1.724006576925065, 41.837723001030774 ], [ 1.724015517232158, 41.837272765994506 ], [ 1.724316545142603, 41.837276108469673 ], [ 1.724321014165353, 41.837050990911408 ], [ 1.724622041072306, 41.837054332571697 ], [ 1.724617573103971, 41.837279450156217 ], [ 1.724918601116247, 41.837282791054051 ], [ 1.724914134151415, 41.837507908655553 ], [ 1.725215163269005, 41.837511248790946 ], [ 1.725228560847598, 41.836835895879965 ], [ 1.726131639015964, 41.836845911317894 ], [ 1.726140564154369, 41.836395675840237 ], [ 1.727043636454076, 41.836405684022871 ], [ 1.727048095783939, 41.836180566191501 ], [ 1.726747072687568, 41.836177230945509 ], [ 1.726751533020981, 41.835952113131015 ], [ 1.727353577155812, 41.835958782782036 ], [ 1.72734020232934, 41.836634136354618 ], [ 1.728243278401842, 41.836644135151623 ], [ 1.728252188677381, 41.836193899288922 ], [ 1.727951165377853, 41.836190567197541 ], [ 1.72796007755907, 41.835740331349953 ], [ 1.727659056419014, 41.835736998522343 ], [ 1.727672427473044, 41.835061644759932 ], [ 1.727371409546712, 41.835058311222049 ], [ 1.727375867517461, 41.83483319330886 ], [ 1.725870783919399, 41.834816513921204 ], [ 1.725866320677194, 41.835041631703454 ], [ 1.725565303055813, 41.835038293433797 ], [ 1.725560838708456, 41.835263411180563 ], [ 1.724958801509691, 41.835256732222973 ], [ 1.72497666702819, 41.834356261390027 ] ] ] } },
{ "type": "Feature", "properties": { "DATA_INCEN": "18/07/89", "MUNICIPI": "SANT QUIRZE DEL VALLÃS", "GRID_CODE": 2, "CODI_FINAL": "B89040019" }, "geometry": { "type": "Polygon", "coordinates": [ [ [ 2.054856465610741, 41.53355553593326 ], [ 2.05455681650355, 41.533553074341647 ], [ 2.05454371003489, 41.534453692999165 ], [ 2.054843363297512, 41.53445615466822 ], [ 2.054840087626124, 41.534681309329251 ], [ 2.054540433324624, 41.534678847640812 ], [ 2.054530602970345, 41.535354311511213 ], [ 2.054230945589353, 41.535351848984064 ], [ 2.054227667691177, 41.535577003569998 ], [ 2.053928009308521, 41.535574540242763 ], [ 2.053918172273574, 41.536250003887851 ], [ 2.054217833773098, 41.536252467273151 ], [ 2.054214555725882, 41.536477621822684 ], [ 2.053615230686155, 41.536472694232593 ], [ 2.053618510811328, 41.536247539721735 ], [ 2.052419865335344, 41.536237675250483 ], [ 2.052413296735859, 41.536687984107822 ], [ 2.052113633382206, 41.536685515999437 ], [ 2.052107062555394, 41.537135824781522 ], [ 2.051807397161082, 41.537133355853555 ], [ 2.051800824106831, 41.53758366456055 ], [ 2.050901821913935, 41.537576252975569 ], [ 2.050898532213635, 41.537801407257135 ], [ 2.051198200612931, 41.537803878585692 ], [ 2.051194911914298, 41.538029032877546 ], [ 2.051494581390041, 41.538031503444778 ], [ 2.051491293693095, 41.538256657747006 ], [ 2.05119162317829, 41.538254187160327 ], [ 2.051188334404895, 41.538479341434076 ], [ 2.051488005958788, 41.538481812040089 ], [ 2.051484718187104, 41.538706966324114 ], [ 2.051784390817458, 41.53870943616878 ], [ 2.051767956594139, 41.539835207549629 ], [ 2.052966668271688, 41.539845079508439 ], [ 2.052969951034463, 41.539619925172865 ], [ 2.053569305018887, 41.539624856428567 ], [ 2.053566024334431, 41.539850010802937 ], [ 2.053865702421747, 41.539852475278906 ], [ 2.053868982067054, 41.539627320885174 ], [ 2.054168659152503, 41.539629784561022 ], [ 2.054181773204441, 41.538729166817646 ], [ 2.053882100275505, 41.538726703219318 ], [ 2.053885379734426, 41.538501548780104 ], [ 2.054185051624271, 41.538504012359134 ], [ 2.054188330006822, 41.538278857891484 ], [ 2.054488000894858, 41.538281320670336 ], [ 2.054491278201075, 41.538056166174158 ], [ 2.054790948087289, 41.538058628152868 ], [ 2.054794224317193, 41.537833473628261 ], [ 2.055393562123205, 41.53783839520473 ], [ 2.055390287971426, 41.538063549767969 ], [ 2.055989628004458, 41.53806846826005 ], [ 2.055992900078111, 41.537843313658101 ], [ 2.05629256911136, 41.537845771713599 ], [ 2.056295840108771, 41.537620617083263 ], [ 2.056895176208704, 41.53762553081345 ], [ 2.056898445090849, 41.537400376135309 ], [ 2.057198112157521, 41.537402831809928 ], [ 2.057201379963482, 41.537177677103493 ], [ 2.057501046028266, 41.537180131978047 ], [ 2.057520645850115, 41.535829203432385 ], [ 2.056921326225562, 41.53582429313407 ], [ 2.056924594810488, 41.53559913838329 ], [ 2.056624936092895, 41.535596682082343 ], [ 2.056628205679596, 41.535371527341738 ], [ 2.05632854803811, 41.535369070279494 ], [ 2.056331818626573, 41.535143915549106 ], [ 2.056032162061184, 41.535141457725395 ], [ 2.056035433651395, 41.534916303005268 ], [ 2.055735778162112, 41.534913844420302 ], [ 2.055739050754027, 41.534688689710372 ], [ 2.055439396340838, 41.534686230363995 ], [ 2.055452490492046, 41.533785611510631 ], [ 2.054853190088283, 41.533780690630664 ], [ 2.054856465610741, 41.53355553593326 ] ], [ [ 2.056012531739037, 41.536492385855453 ], [ 2.055999444113842, 41.537393004426967 ], [ 2.055699777195882, 41.537390545629314 ], [ 2.055706323160901, 41.53694023640044 ], [ 2.055406658358203, 41.536937776860718 ], [ 2.055413206252418, 41.536487467634068 ], [ 2.056012531739037, 41.536492385855453 ] ] ] } },
{ "type": "Feature", "properties": { "DATA_INCEN": "30/05/89", "MUNICIPI": "SITGES\r\n\r\nSITGES\r\n", "GRID_CODE": 2, "CODI_FINAL": "B89017006" }, "geometry": { "type": "MultiPolygon", "coordinates": [ [ [ [ 1.933079443260405, 41.28388621300163 ], [ 1.933086774144677, 41.28343590080555 ], [ 1.932489792348505, 41.283430369516687 ], [ 1.932497127168879, 41.282980057371141 ], [ 1.93339259377183, 41.282988353012996 ], [ 1.933396258042853, 41.282763196861133 ], [ 1.934291721943182, 41.282771485473823 ], [ 1.934295383095862, 41.282546329247573 ], [ 1.934593870120136, 41.282549090549189 ], [ 1.934601190249701, 41.28209877802562 ], [ 1.93400422034494, 41.282093254735663 ], [ 1.934007882398549, 41.281868098503686 ], [ 1.933709398534029, 41.281865335719871 ], [ 1.933727713306532, 41.280739554531785 ], [ 1.933429234611162, 41.280736791083079 ], [ 1.933440226052411, 41.280061322325935 ], [ 1.933141750475025, 41.280058558168946 ], [ 1.933145415231084, 41.279833401920072 ], [ 1.93284694072073, 41.279830637011266 ], [ 1.932850606460661, 41.279605480774975 ], [ 1.932253659615632, 41.279599948679923 ], [ 1.932260995072382, 41.279149636267199 ], [ 1.931962523763106, 41.27914686910286 ], [ 1.931966192454465, 41.278921712904541 ], [ 1.931667722212194, 41.278918944988362 ], [ 1.93167506152082, 41.278468632608011 ], [ 1.931376593370967, 41.278465863961792 ], [ 1.9313802639882, 41.27824070777978 ], [ 1.931081796905348, 41.278237938381757 ], [ 1.931085468506303, 41.27801278221235 ], [ 1.930488536516248, 41.278007241139136 ], [ 1.930492210126206, 41.277782085004304 ], [ 1.930193745219036, 41.277779313329134 ], [ 1.93019741981268, 41.277554157207007 ], [ 1.929302028417307, 41.277545837605402 ], [ 1.929305706045189, 41.277320681539699 ], [ 1.928410318101324, 41.277312355041325 ], [ 1.928391914164773, 41.278438134950235 ], [ 1.928690381897653, 41.278440911332758 ], [ 1.928683022081481, 41.278891223276048 ], [ 1.929279961773971, 41.278896773807617 ], [ 1.929265249843936, 41.279797397759538 ], [ 1.928966775875201, 41.279794622793133 ], [ 1.928970454945715, 41.279569466840691 ], [ 1.928671982044118, 41.27956669112249 ], [ 1.928675662098346, 41.279341535182816 ], [ 1.928078718471258, 41.279335981469167 ], [ 1.928067672030845, 41.280011449129489 ], [ 1.927769197203699, 41.280008671046552 ], [ 1.92776551394793, 41.280233826893017 ], [ 1.927467038137098, 41.280231048014528 ], [ 1.927452300594167, 41.281131671221701 ], [ 1.928049260461397, 41.281137228380373 ], [ 1.928041895541171, 41.281587540016744 ], [ 1.928340377588496, 41.281590317479221 ], [ 1.92834405904397, 41.281365161643713 ], [ 1.92864254010753, 41.281367938310638 ], [ 1.928638859677581, 41.281593094168009 ], [ 1.929235823980992, 41.281598645224513 ], [ 1.929232145560369, 41.281823801116502 ], [ 1.929530628800222, 41.281826575506095 ], [ 1.929526951363389, 41.282051731410824 ], [ 1.930422404409893, 41.282060050002755 ], [ 1.93042607877011, 41.281834894032492 ], [ 1.931620012646869, 41.281845974569023 ], [ 1.931616342388861, 41.282071130626647 ], [ 1.931914826987743, 41.282073898848346 ], [ 1.931903819040591, 41.282749367031656 ], [ 1.930709868588119, 41.282738289240832 ], [ 1.930702521543744, 41.283188601142797 ], [ 1.930105542465175, 41.283183057517448 ], [ 1.930101866829246, 41.283408213411086 ], [ 1.930400357373306, 41.283410985632422 ], [ 1.930396682721295, 41.283636141538679 ], [ 1.93248612487589, 41.283655525575725 ], [ 1.932482457361684, 41.283880681625639 ], [ 1.933079443260405, 41.28388621300163 ] ] ], [ [ [ 1.93040770655225, 41.282960673792502 ], [ 1.930415055564448, 41.282510361915882 ], [ 1.929221110048035, 41.282499268737681 ], [ 1.929217431460442, 41.28272442459307 ], [ 1.929515918802575, 41.282727199070067 ], [ 1.929512241198851, 41.282952354938203 ], [ 1.93040770655225, 41.282960673792502 ] ] ] ] } },
{ "type": "Feature", "properties": { "DATA_INCEN": "15/07/89", "MUNICIPI": "SUBIRATS", "GRID_CODE": 2, "CODI_FINAL": "B89003011" }, "geometry": { "type": "MultiPolygon", "coordinates": [ [ [ [ 1.830816189581293, 41.420032081227092 ], [ 1.830457263501057, 41.420028434852377 ], [ 1.830452418471038, 41.420298606274955 ], [ 1.830811346038195, 41.42030225268411 ], [ 1.830816189581293, 41.420032081227092 ] ] ], [ [ [ 1.830816189581293, 41.420032081227092 ], [ 1.831175115727576, 41.420035726482361 ], [ 1.831170273671402, 41.420305897973819 ], [ 1.83152920137064, 41.420309542144061 ], [ 1.831524360735383, 41.42057971365675 ], [ 1.831883289987575, 41.42058335674195 ], [ 1.831878450773273, 41.420853528275849 ], [ 1.832237381578424, 41.420857170276001 ], [ 1.832227705925842, 41.421397513372987 ], [ 1.832945573682033, 41.421404794152409 ], [ 1.832950408567291, 41.421134622541743 ], [ 1.834027206234985, 41.421145535211586 ], [ 1.83404169711243, 41.420335019991228 ], [ 1.834400625339174, 41.42033865520586 ], [ 1.834405454012987, 41.420068483405025 ], [ 1.835123307690129, 41.420075750407314 ], [ 1.835128133324266, 41.419805578524638 ], [ 1.835845984290799, 41.419812840980541 ], [ 1.835841161630495, 41.420083012931805 ], [ 1.836917943034232, 41.420093898322698 ], [ 1.836908306438024, 41.420634242391294 ], [ 1.837267236677941, 41.420637868684537 ], [ 1.837262419768261, 41.420908040733295 ], [ 1.838339215343002, 41.420918912998872 ], [ 1.838372901106008, 41.419027707661783 ], [ 1.839449666045935, 41.419038569133889 ], [ 1.839454473574772, 41.41876839678752 ], [ 1.839813393865712, 41.418772015005231 ], [ 1.839818199842165, 41.418501842611512 ], [ 1.840536037646978, 41.418509075620406 ], [ 1.84052643157589, 41.419049420531294 ], [ 1.840885353550231, 41.419053035424952 ], [ 1.840909360802685, 41.417702172878109 ], [ 1.841268275408448, 41.417705786481697 ], [ 1.841282674514056, 41.416895268692947 ], [ 1.841641584725079, 41.416898881074808 ], [ 1.841660776669634, 41.415818190368732 ], [ 1.842019680999442, 41.415821801494829 ], [ 1.842029273605968, 41.415281455994453 ], [ 1.84167037224936, 41.415277844936568 ], [ 1.841675169941088, 41.415007672200709 ], [ 1.841316270136472, 41.41500406005769 ], [ 1.841321069249328, 41.41473388734277 ], [ 1.840603272809535, 41.414726659767219 ], [ 1.840627282257083, 41.413375796336126 ], [ 1.840268391567822, 41.413372181040231 ], [ 1.840273194747323, 41.413102008348609 ], [ 1.839555416538155, 41.413094774467559 ], [ 1.83956502864624, 41.412554429181391 ], [ 1.838488370742394, 41.412543570171181 ], [ 1.838497991506437, 41.412003225037395 ], [ 1.837421343111018, 41.411992356160084 ], [ 1.837416528302787, 41.412262528630912 ], [ 1.83705764414926, 41.412258903399312 ], [ 1.837048011363103, 41.412799248232908 ], [ 1.836330237307644, 41.412791994275231 ], [ 1.836325417843266, 41.41306216660373 ], [ 1.835607641077893, 41.413054908100868 ], [ 1.835617285886455, 41.412514563567804 ], [ 1.835976171263511, 41.412518193310248 ], [ 1.835995454146286, 41.411437503948683 ], [ 1.836713213207021, 41.411444759802002 ], [ 1.836732483148159, 41.410364069955257 ], [ 1.836014735977344, 41.410356814376073 ], [ 1.836009915618176, 41.410626986789012 ], [ 1.835651040645141, 41.410623357286546 ], [ 1.835646218734015, 41.410893529652 ], [ 1.834569589750813, 41.410882634327237 ], [ 1.83458889483518, 41.40980194519787 ], [ 1.834230024583817, 41.409798311322078 ], [ 1.834239679703419, 41.409257966746893 ], [ 1.834598546982517, 41.409261600554053 ], [ 1.834608198866633, 41.408721255857458 ], [ 1.834249334559722, 41.408717622118957 ], [ 1.834263816350502, 41.407907105078102 ], [ 1.834622676199287, 41.407910738713632 ], [ 1.83463232742539, 41.407370393885131 ], [ 1.834991184367991, 41.407374026333073 ], [ 1.834986360273821, 41.407644198788226 ], [ 1.835704077328304, 41.407651460395876 ], [ 1.83571371950697, 41.407111115335177 ], [ 1.835354863918798, 41.407107485159415 ], [ 1.835364508806388, 41.406567140114547 ], [ 1.834646803771061, 41.406559876543433 ], [ 1.834651629088027, 41.40628970406982 ], [ 1.833933927287679, 41.406282436091708 ], [ 1.833938755510611, 41.406012263673546 ], [ 1.833579906195056, 41.406008628040475 ], [ 1.833589565415116, 41.405468283233276 ], [ 1.833230719137107, 41.405464646550001 ], [ 1.833235550134175, 41.405194474160965 ], [ 1.832517860747423, 41.405187197506571 ], [ 1.832527528487086, 41.404646852826382 ], [ 1.832168686864131, 41.404643212889646 ], [ 1.832173522120851, 41.404373040564153 ], [ 1.831455842044251, 41.404365757402971 ], [ 1.831465518302789, 41.403825412849983 ], [ 1.831106681334869, 41.403821769659977 ], [ 1.831116360300897, 41.403281425123041 ], [ 1.83075752637032, 41.40327778088308 ], [ 1.830762367240003, 41.403007608629252 ], [ 1.830044702548173, 41.403000316861871 ], [ 1.830049546323104, 41.402730144663714 ], [ 1.829690715561869, 41.402726497136314 ], [ 1.829700405884785, 41.402186152769332 ], [ 1.830059233674833, 41.402189800227816 ], [ 1.830093137325635, 41.400298594286596 ], [ 1.829734319934102, 41.400294947069263 ], [ 1.829763386543096, 41.398673913097483 ], [ 1.829404578129836, 41.39867026496826 ], [ 1.829423960489261, 41.397589575527689 ], [ 1.829065158083138, 41.397585926417747 ], [ 1.829070004993047, 41.397315754059086 ], [ 1.828352403349508, 41.397308452552501 ], [ 1.828357253163724, 41.397038280249618 ], [ 1.827998453926323, 41.397034627853003 ], [ 1.828003305159589, 41.396764455571422 ], [ 1.827644507473504, 41.396760802090796 ], [ 1.82764936012578, 41.396490629830524 ], [ 1.828008156326713, 41.396494283276652 ], [ 1.828013007427697, 41.396224110968674 ], [ 1.827654212711894, 41.396220457557078 ], [ 1.827683326839253, 41.394599423639207 ], [ 1.827324541099971, 41.394595769316197 ], [ 1.827334248249804, 41.394055424640392 ], [ 1.827693031019129, 41.394059078894351 ], [ 1.827707586792804, 41.393248561678099 ], [ 1.827348808478265, 41.393244907527695 ], [ 1.827358514966391, 41.392704562719921 ], [ 1.826999739687775, 41.392700907520187 ], [ 1.827004594317433, 41.392430735131029 ], [ 1.826645820589849, 41.392427078847476 ], [ 1.826650676638146, 41.392156906479656 ], [ 1.826291904461593, 41.392153249112297 ], [ 1.826296761928489, 41.391883076765843 ], [ 1.825937991302964, 41.391879418314694 ], [ 1.825942850188417, 41.391609245989599 ], [ 1.824866543163737, 41.391598264029909 ], [ 1.824871406437226, 41.391328091795359 ], [ 1.822718803087165, 41.391306097889171 ], [ 1.822713930905141, 41.391576269915973 ], [ 1.82307269944896, 41.39157993839742 ], [ 1.823067828685283, 41.391850110445674 ], [ 1.822350288694526, 41.391842772295135 ], [ 1.822345414894855, 41.392112944260873 ], [ 1.822704186341814, 41.392116613929964 ], [ 1.822699313960508, 41.392386785917154 ], [ 1.821981768163416, 41.392379445391306 ], [ 1.821976892746017, 41.392649617295966 ], [ 1.821618118462334, 41.39264594532083 ], [ 1.821598610188496, 41.393726632668717 ], [ 1.821239830031783, 41.393722959436417 ], [ 1.821234951312158, 41.393993131205697 ], [ 1.821593732953802, 41.393996804472678 ], [ 1.821588855652612, 41.394266976263445 ], [ 1.821230072526017, 41.394263302961768 ], [ 1.821220314754181, 41.394803646434305 ], [ 1.820861528724142, 41.394799971944785 ], [ 1.820856648253434, 41.395070143626555 ], [ 1.821574223350054, 41.395077491556535 ], [ 1.821569345782871, 41.395347663294501 ], [ 1.821928134915974, 41.395351335616525 ], [ 1.821918382552227, 41.395891679122229 ], [ 1.822277174721942, 41.395895350395129 ], [ 1.822262550133041, 41.396705865658738 ], [ 1.822621346824566, 41.396709535917161 ], [ 1.822616473313826, 41.396979707679968 ], [ 1.822257675137145, 41.396976037386871 ], [ 1.822247924945948, 41.39751638080353 ], [ 1.821171521903677, 41.397505363004932 ], [ 1.821166642252731, 41.397775534589393 ], [ 1.820807839886459, 41.397771859718048 ], [ 1.820802958683749, 41.39804203125459 ], [ 1.820444154898796, 41.398038355229986 ], [ 1.820434389323192, 41.398578698194022 ], [ 1.821152002900701, 41.398586049263564 ], [ 1.821132482833184, 41.399666735310966 ], [ 1.821491295663052, 41.39967040930668 ], [ 1.821452264217699, 41.401831781045473 ], [ 1.821093439504256, 41.401828106772136 ], [ 1.82106415421264, 41.403449134813549 ], [ 1.820705320652218, 41.403445459213167 ], [ 1.820700438051696, 41.403715630472483 ], [ 1.820341603072188, 41.403711953718606 ], [ 1.820331834700046, 41.404252296128163 ], [ 1.820690672650928, 41.404255972951496 ], [ 1.820680906983856, 41.404796315377709 ], [ 1.821039747972774, 41.404799991151677 ], [ 1.821034866525131, 41.405070162379687 ], [ 1.821393709066366, 41.405073837069544 ], [ 1.821398589028248, 41.404803665806803 ], [ 1.82175743015026, 41.404807339343108 ], [ 1.821762308559864, 41.404537168032476 ], [ 1.822121148262651, 41.404540840415265 ], [ 1.822101640168222, 41.405621525717329 ], [ 1.822460485880601, 41.40562519712001 ], [ 1.822455610176571, 41.405895368447197 ], [ 1.822814457441256, 41.405899038765696 ], [ 1.822809583156589, 41.406169210114349 ], [ 1.823886129806871, 41.406180214460477 ], [ 1.823876389953422, 41.406720557326089 ], [ 1.823517538031808, 41.406716890260327 ], [ 1.82351266651957, 41.406987061638702 ], [ 1.822794959903817, 41.406979724081133 ], [ 1.822780336052859, 41.40779023792912 ], [ 1.823139193785358, 41.407793907371342 ], [ 1.823129447191045, 41.40833424993999 ], [ 1.823847168799367, 41.408341585606152 ], [ 1.823832557325826, 41.409152099567976 ], [ 1.824191422687768, 41.40915576582649 ], [ 1.824186553549857, 41.409425937155333 ], [ 1.824545420464286, 41.40942960232946 ], [ 1.824535684961532, 41.409969945016783 ], [ 1.824176815074855, 41.409966279773421 ], [ 1.824162206864383, 41.410776793601542 ], [ 1.824521081209584, 41.410780458948764 ], [ 1.824516213159513, 41.411050630233035 ], [ 1.825233965021466, 41.411057957639485 ], [ 1.82522909987749, 41.411328128979761 ], [ 1.824870222427097, 41.411324465801471 ], [ 1.824865355730523, 41.411594637093962 ], [ 1.824506476860233, 41.411590972761964 ], [ 1.824501608611021, 41.41186114400665 ], [ 1.824142728320836, 41.411857478520908 ], [ 1.824137858518944, 41.41212764971776 ], [ 1.823778976808867, 41.412123983078317 ], [ 1.823774105454257, 41.412394154227314 ], [ 1.823056339260765, 41.412386817521771 ], [ 1.823051464867061, 41.412656988588274 ], [ 1.822333695966766, 41.412649647336863 ], [ 1.822328818533891, 41.41291981832083 ], [ 1.821969932697142, 41.412916145981733 ], [ 1.821965053711387, 41.413186316917809 ], [ 1.822323941034507, 41.41318998929161 ], [ 1.822314185836211, 41.413730331193541 ], [ 1.821955295540288, 41.413726658750377 ], [ 1.821950416354942, 41.413996829646862 ], [ 1.821591524639121, 41.413993156049798 ], [ 1.821572001286474, 41.415073839364929 ], [ 1.821930898948223, 41.415077513100762 ], [ 1.821921139845648, 41.415617854748511 ], [ 1.822280040547019, 41.415621527434489 ], [ 1.822260527489812, 41.416702210710319 ], [ 1.822619434204122, 41.416705882415769 ], [ 1.822614557260172, 41.416976053236397 ], [ 1.822973465527643, 41.416979723857217 ], [ 1.822963714413606, 41.41752006552823 ], [ 1.823322625720936, 41.417523735099046 ], [ 1.823317751550909, 41.417793905949409 ], [ 1.82295883875686, 41.417790236343919 ], [ 1.822939335465003, 41.418870919474699 ], [ 1.823298254206129, 41.418874589218838 ], [ 1.823293379703761, 41.419144760003199 ], [ 1.823652299998179, 41.419148428662588 ], [ 1.823647426916181, 41.419418599468401 ], [ 1.824006348763892, 41.419422267043032 ], [ 1.824001477102305, 41.419692437870282 ], [ 1.825437171104725, 41.419707097113246 ], [ 1.825446902466626, 41.419166755168639 ], [ 1.826164743918596, 41.419174077935267 ], [ 1.826159881244517, 41.419444248983339 ], [ 1.826877725935422, 41.419451567341511 ], [ 1.826887445269912, 41.418911225093936 ], [ 1.827246364741097, 41.418914882524817 ], [ 1.827251222822128, 41.418644711346687 ], [ 1.827969058989594, 41.418652022781217 ], [ 1.827964203882187, 41.418922194028411 ], [ 1.829040963090324, 41.418933152888343 ], [ 1.829036112377218, 41.41920332422584 ], [ 1.82939503373242, 41.419206974974863 ], [ 1.829390184440024, 41.419477146333648 ], [ 1.829031261597964, 41.419473495550143 ], [ 1.829021559841011, 41.420013838159157 ], [ 1.828662634091325, 41.42001018618727 ], [ 1.828657781626706, 41.420280357437484 ], [ 1.828298854456273, 41.420276704311647 ], [ 1.828294000438546, 41.420546875514169 ], [ 1.828652929095916, 41.420550528674504 ], [ 1.828643223835817, 41.421090871108966 ], [ 1.829002155533296, 41.421094523218812 ], [ 1.828987601607892, 41.421905036875017 ], [ 1.829705474123416, 41.421912337943184 ], [ 1.829700625656757, 41.422182509204482 ], [ 1.830418501410874, 41.422189805863539 ], [ 1.830428192329864, 41.421649463189915 ], [ 1.830069257393863, 41.421645815489057 ], [ 1.830074104241267, 41.421375644166915 ], [ 1.829715170858385, 41.421371995381008 ], [ 1.829729715464979, 41.420561481438781 ], [ 1.829370786609153, 41.420557831636806 ], [ 1.829380485656848, 41.420017489011606 ], [ 1.830098337486891, 41.420024787358216 ], [ 1.830103183937744, 41.419754615956904 ], [ 1.830462108465008, 41.419758263416604 ], [ 1.830466953362891, 41.419488091967629 ], [ 1.830825876469341, 41.419491738273464 ], [ 1.830816189581293, 41.420032081227092 ] ], [ [ 1.833702095146945, 41.419250696649335 ], [ 1.832984250918074, 41.419243420897679 ], [ 1.832979416494315, 41.419513592600687 ], [ 1.833338340062667, 41.4195172310706 ], [ 1.833323840856562, 41.420327746203583 ], [ 1.832964912827481, 41.420324107630591 ], [ 1.832960078140013, 41.420594279280834 ], [ 1.832601148689911, 41.420590639554 ], [ 1.832605984864327, 41.42032046793814 ], [ 1.832247056967123, 41.420316827126229 ], [ 1.832256732091946, 41.419776483923684 ], [ 1.832615657015315, 41.419780124666822 ], [ 1.832630164747199, 41.418969609660891 ], [ 1.833706926531081, 41.418980524864395 ], [ 1.833702095146945, 41.419250696649335 ] ], [ [ 1.834138287813868, 41.414931582154551 ], [ 1.833779389387784, 41.414927946507319 ], [ 1.833774558991779, 41.415198118490132 ], [ 1.833415659145015, 41.415194481689305 ], [ 1.833410827196576, 41.415464653624582 ], [ 1.833051925929137, 41.415461015670132 ], [ 1.833056759364141, 41.415190843769224 ], [ 1.832697859649175, 41.415187204729868 ], [ 1.832712364018313, 41.414376689051096 ], [ 1.832353468828844, 41.414373048995643 ], [ 1.832358304973185, 41.414102877110707 ], [ 1.832717198676172, 41.414106517131785 ], [ 1.832722033268106, 41.413836345199279 ], [ 1.832363141051582, 41.413832705212585 ], [ 1.832367977064034, 41.41356253330126 ], [ 1.832726867794117, 41.413566173253564 ], [ 1.832731702254205, 41.413296001294675 ], [ 1.833090591563787, 41.41329964009342 ], [ 1.833105090089378, 41.412489124034465 ], [ 1.833822859987926, 41.412496398068292 ], [ 1.833818030184689, 41.412766570169836 ], [ 1.834176916719124, 41.41277020554238 ], [ 1.834167259887864, 41.413310549774579 ], [ 1.833808370380638, 41.413306914333361 ], [ 1.83380354037982, 41.413577086395335 ], [ 1.834162431373472, 41.4135807218709 ], [ 1.834138287813868, 41.414931582154551 ] ], [ [ 1.832503358643592, 41.40599771442789 ], [ 1.832144509591573, 41.40599407431926 ], [ 1.832139673939262, 41.406264246565591 ], [ 1.831780823467304, 41.406260605303657 ], [ 1.83177114899307, 41.40680094968797 ], [ 1.831412295615263, 41.406797307238342 ], [ 1.831436488735544, 41.405446446350624 ], [ 1.831795334683991, 41.405450088628236 ], [ 1.831790497677717, 41.405720260866566 ], [ 1.832508192744116, 41.405727542133981 ], [ 1.832503358643592, 41.40599771442789 ] ] ] ] } },
{ "type": "Feature", "properties": { "DATA_INCEN": "27/06/89", "MUNICIPI": "TALAMANCA", "GRID_CODE": 2, "CODI_FINAL": "B89007007" }, "geometry": { "type": "Polygon", "coordinates": [ [ [ 1.931802631258381, 41.726581475508056 ], [ 1.930299966966717, 41.72656750420051 ], [ 1.930296234322388, 41.726792642688196 ], [ 1.929695166805379, 41.726787048620416 ], [ 1.929687697193737, 41.727237325480203 ], [ 1.929086625651298, 41.727231728180946 ], [ 1.929082888683902, 41.727456866553112 ], [ 1.928481815213852, 41.727451266066403 ], [ 1.928478076106112, 41.727676404385335 ], [ 1.927877000708514, 41.727670800711124 ], [ 1.927873259460371, 41.727895938976879 ], [ 1.928173798186802, 41.727898741228948 ], [ 1.928170057945001, 41.7281238795075 ], [ 1.928470597762948, 41.728126680995722 ], [ 1.928463119249519, 41.728576957569416 ], [ 1.928162577333691, 41.72857415603707 ], [ 1.928151356097384, 41.729249570762796 ], [ 1.929654081836827, 41.729263570895796 ], [ 1.929646611289816, 41.729713847554031 ], [ 1.929346063958812, 41.729711049055283 ], [ 1.929342327572493, 41.729936187348613 ], [ 1.929041779234998, 41.729933388041836 ], [ 1.929038041757107, 41.730158526304045 ], [ 1.929338591143646, 41.730161325632828 ], [ 1.929331118158348, 41.730611602173695 ], [ 1.92963166968554, 41.730614400760537 ], [ 1.929627934178167, 41.730839539039287 ], [ 1.931431250528481, 41.730856314187584 ], [ 1.931434979741383, 41.730631175776971 ], [ 1.931735531566026, 41.730633968862151 ], [ 1.931739259687411, 41.730408830420373 ], [ 1.932039810505436, 41.730411622697751 ], [ 1.93204353753533, 41.730186484224802 ], [ 1.932644637200543, 41.730192066377739 ], [ 1.932652086936897, 41.729741789316634 ], [ 1.932952634735045, 41.729744579170287 ], [ 1.932963805874537, 41.729069163444102 ], [ 1.933264350568033, 41.729071952446048 ], [ 1.933271795684463, 41.72862167520546 ], [ 1.933572338322392, 41.728624463377678 ], [ 1.933590945127222, 41.727498770006385 ], [ 1.932689333074684, 41.727490403461189 ], [ 1.932693057455283, 41.72726526482532 ], [ 1.932993593714841, 41.727268054437573 ], [ 1.932997317004145, 41.727042915770546 ], [ 1.933297852257206, 41.727045704575112 ], [ 1.933301574455251, 41.726820565876935 ], [ 1.931798903858369, 41.726806614105577 ], [ 1.931802631258381, 41.726581475508056 ] ] ] } },
{ "type": "Feature", "properties": { "DATA_INCEN": "21/07/89", "MUNICIPI": "TIVISSA", "GRID_CODE": 2, "CODI_FINAL": "T89030006" }, "geometry": { "type": "MultiPolygon", "coordinates": [ [ [ [ 0.726999593162959, 41.026039756013326 ], [ 0.727008880541777, 41.025769722679406 ], [ 0.726652310642268, 41.02576268876841 ], [ 0.72664302180915, 41.026032722035808 ], [ 0.726999593162959, 41.026039756013326 ] ] ], [ [ [ 0.719763160635567, 41.018600943733396 ], [ 0.719772475136435, 41.01833091140869 ], [ 0.719415947149205, 41.018323856155362 ], [ 0.71940663119461, 41.018593888413349 ], [ 0.719763160635567, 41.018600943733396 ] ] ], [ [ [ 0.717924581419955, 41.020185847757915 ], [ 0.717933903949429, 41.019915815853537 ], [ 0.717577367872694, 41.019908754690604 ], [ 0.717568043889383, 41.020178786528206 ], [ 0.717924581419955, 41.020185847757915 ] ] ], [ [ [ 0.666950540663988, 41.018894882960367 ], [ 0.666960070942426, 41.018624860695802 ], [ 0.666603554635994, 41.018617642047381 ], [ 0.666594022904024, 41.018887664243678 ], [ 0.666950540663988, 41.018894882960367 ] ] ], [ [ [ 0.691991956638602, 41.016967211680182 ], [ 0.692001384011909, 41.016697184532866 ], [ 0.691644871771166, 41.016690043612797 ], [ 0.691635442944363, 41.016960070692569 ], [ 0.691991956638602, 41.016967211680182 ] ] ], [ [ [ 0.748916240452089, 41.021606069609369 ], [ 0.748907043913953, 41.021876107225687 ], [ 0.749263598332417, 41.021883071750281 ], [ 0.749254403123423, 41.02215310941807 ], [ 0.749967515243382, 41.022167035292917 ], [ 0.74997670754416, 41.021896997493442 ], [ 0.749620152875826, 41.021890035172859 ], [ 0.749629346505787, 41.021619997424828 ], [ 0.748916240452089, 41.021606069609369 ] ] ], [ [ [ 0.748916240452089, 41.021606069609369 ], [ 0.748925436865262, 41.021336031978663 ], [ 0.748212334219539, 41.021322099886966 ], [ 0.74820313489824, 41.021592137385923 ], [ 0.748916240452089, 41.021606069609369 ] ] ], [ [ [ 0.747637250511444, 41.017257601152444 ], [ 0.747655650844475, 41.016717525943079 ], [ 0.746586072711472, 41.016696616290602 ], [ 0.746576868246303, 41.016966653704742 ], [ 0.747289923117376, 41.016980594706688 ], [ 0.747280721434615, 41.01725063223828 ], [ 0.747637250511444, 41.017257601152444 ] ] ], [ [ [ 0.724652342120409, 41.021669967405536 ], [ 0.724661637658139, 41.021399934306594 ], [ 0.724305091908482, 41.021392893746231 ], [ 0.72429579491678, 41.021662926778603 ], [ 0.724652342120409, 41.021669967405536 ] ] ], [ [ [ 0.66423197710769, 41.015056797003659 ], [ 0.663875480731781, 41.015049570430243 ], [ 0.663865939057099, 41.015319592268874 ], [ 0.664222436886269, 41.015326818910602 ], [ 0.66423197710769, 41.015056797003659 ] ] ], [ [ [ 0.66423197710769, 41.015056797003659 ], [ 0.664588473613216, 41.015064022475528 ], [ 0.664598012251777, 41.014794000485722 ], [ 0.664241517199492, 41.014786775082172 ], [ 0.66423197710769, 41.015056797003659 ] ] ], [ [ [ 0.730468373515012, 41.018542056666618 ], [ 0.729398778566654, 41.018520986764557 ], [ 0.729389503317162, 41.018791020886731 ], [ 0.730459102626871, 41.018812090988035 ], [ 0.730468373515012, 41.018542056666618 ] ] ], [ [ [ 0.680003226380457, 41.012943450910406 ], [ 0.680012701369022, 41.012673425861934 ], [ 0.679299726441624, 41.012659069908729 ], [ 0.679290248546761, 41.01292909482143 ], [ 0.680003226380457, 41.012943450910406 ] ] ], [ [ [ 0.746383545584144, 41.022637436076096 ], [ 0.74639275267614, 41.022367398964278 ], [ 0.746036196349745, 41.022360425491769 ], [ 0.746045404770743, 41.022090388431515 ], [ 0.745332295401563, 41.022076438312382 ], [ 0.745341506605613, 41.021806401369659 ], [ 0.744984953562843, 41.021799424723064 ], [ 0.745003378503569, 41.021259350926329 ], [ 0.744646828494086, 41.021252373309721 ], [ 0.744656042230705, 41.020982336455738 ], [ 0.743586397315576, 41.020961397192082 ], [ 0.743558742643772, 41.02177150711676 ], [ 0.744271847852866, 41.021785468123888 ], [ 0.744262632286568, 41.022055504868675 ], [ 0.744619186533037, 41.022062483785248 ], [ 0.744609972295617, 41.022332520581642 ], [ 0.74496652812139, 41.022339498462202 ], [ 0.744957315212887, 41.022609535310167 ], [ 0.746383545584144, 41.022637436076096 ] ] ], [ [ [ 0.681833010544767, 41.01162919477332 ], [ 0.681842477624401, 41.011359169313167 ], [ 0.681129515940997, 41.011344825053072 ], [ 0.681120045955241, 41.011614850377576 ], [ 0.681833010544767, 41.01162919477332 ] ] ], [ [ [ 0.748175536184322, 41.022402249796443 ], [ 0.748157136416674, 41.022942324664818 ], [ 0.750296498201403, 41.022984110086881 ], [ 0.750305689422737, 41.022714072264755 ], [ 0.748879453549753, 41.022686219988273 ], [ 0.748888650462788, 41.022416182415149 ], [ 0.748175536184322, 41.022402249796443 ] ] ], [ [ [ 0.748175536184322, 41.022402249796443 ], [ 0.748184735880634, 41.022132212340672 ], [ 0.747471625010437, 41.022118275445649 ], [ 0.747462422405889, 41.022388312769628 ], [ 0.748175536184322, 41.022402249796443 ] ] ], [ [ [ 0.6811579251263, 41.010534748992619 ], [ 0.681148455526525, 41.010804774360594 ], [ 0.681504933397843, 41.010811946905704 ], [ 0.681514401544617, 41.010541921469887 ], [ 0.6811579251263, 41.010534748992619 ] ] ], [ [ [ 0.6811579251263, 41.010534748992619 ], [ 0.681167394597419, 41.010264723610135 ], [ 0.680810919760739, 41.01025755009929 ], [ 0.68080144883664, 41.010527575413924 ], [ 0.6811579251263, 41.010534748992619 ] ] ], [ [ [ 0.75060710822715, 41.024341259690644 ], [ 0.750616298618698, 41.024071221874649 ], [ 0.749903165640432, 41.024057299486316 ], [ 0.7499123588156, 41.023787261787561 ], [ 0.74919922924551, 41.023773335122542 ], [ 0.749190033161849, 41.024043372689583 ], [ 0.749546599338669, 41.024050336638993 ], [ 0.749537404584315, 41.024320374257471 ], [ 0.75060710822715, 41.024341259690644 ] ] ], [ [ [ 0.678381963565649, 41.008317130402084 ], [ 0.678372483372388, 41.008587155343044 ], [ 0.678728948590554, 41.008594336156179 ], [ 0.678738427330986, 41.008324311147298 ], [ 0.678381963565649, 41.008317130402084 ] ] ], [ [ [ 0.678381963565649, 41.008317130402084 ], [ 0.678391443630111, 41.008047105446607 ], [ 0.678034981446377, 41.008039923668001 ], [ 0.678025499929108, 41.008309948555556 ], [ 0.678381963565649, 41.008317130402084 ] ] ], [ [ [ 0.746684867035663, 41.024264631276658 ], [ 0.746675660522138, 41.024534668353631 ], [ 0.747745365527993, 41.024555580434914 ], [ 0.747754567678698, 41.02428554316019 ], [ 0.746684867035663, 41.024264631276658 ] ] ], [ [ [ 0.746684867035663, 41.024264631276658 ], [ 0.746694073424088, 41.023994594185282 ], [ 0.745980943196031, 41.023980647551006 ], [ 0.745971733899108, 41.024250684510505 ], [ 0.746684867035663, 41.024264631276658 ] ] ], [ [ [ 0.745061322726141, 41.00910070062605 ], [ 0.745070530830891, 41.008830663124137 ], [ 0.744714047811183, 41.008823687440774 ], [ 0.744704838253298, 41.009093724876699 ], [ 0.745061322726141, 41.00910070062605 ] ] ], [ [ [ 0.744527038524384, 41.024762851101073 ], [ 0.744545469127831, 41.024222777753103 ], [ 0.744188903248009, 41.024215798308539 ], [ 0.744198119816142, 41.023945761678952 ], [ 0.742771863366367, 41.023917833143976 ], [ 0.742762640981299, 41.024187869509447 ], [ 0.743832337493425, 41.024208817761895 ], [ 0.743823119345797, 41.02447885431107 ], [ 0.744179686554637, 41.024485834923723 ], [ 0.744170469736025, 41.024755871524512 ], [ 0.744527038524384, 41.024762851101073 ] ] ], [ [ [ 0.698775777578723, 41.006564444267653 ], [ 0.698766381221179, 41.006834473178458 ], [ 0.699122842125406, 41.006841590675776 ], [ 0.699132237030166, 41.006571561697662 ], [ 0.698775777578723, 41.006564444267653 ] ] ], [ [ [ 0.721697580818588, 41.024583968809466 ], [ 0.721706889379258, 41.024313936402208 ], [ 0.721350328646153, 41.024306886293132 ], [ 0.721359638534492, 41.024036853938114 ], [ 0.720646520356115, 41.024022750547218 ], [ 0.720637207559477, 41.024292782768875 ], [ 0.720993768039553, 41.024299835082033 ], [ 0.72098445657054, 41.024569867355936 ], [ 0.721697580818588, 41.024583968809466 ] ] ], [ [ [ 0.679508207553154, 41.006718518161406 ], [ 0.679517682486794, 41.006448492915268 ], [ 0.679161228633192, 41.006441314847876 ], [ 0.679151752246858, 41.006711340026122 ], [ 0.679508207553154, 41.006718518161406 ] ] ], [ [ [ 0.748412504737979, 41.025919703128551 ], [ 0.748421704605164, 41.025649665794013 ], [ 0.748065130077429, 41.02564269814301 ], [ 0.748055928755866, 41.025912735411659 ], [ 0.748412504737979, 41.025919703128551 ] ] ], [ [ [ 0.74511656947806, 41.007480475398673 ], [ 0.745125776832191, 41.007210437810386 ], [ 0.744412828354676, 41.007196486133843 ], [ 0.744403618094514, 41.007466523590182 ], [ 0.74511656947806, 41.007480475398673 ] ] ], [ [ [ 0.708476776441111, 41.025132468068222 ], [ 0.708467413568481, 41.025402497944008 ], [ 0.708823977005718, 41.025409588060811 ], [ 0.708833338424167, 41.025139558117978 ], [ 0.708476776441111, 41.025132468068222 ] ] ], [ [ [ 0.745144191165166, 41.006670362590633 ], [ 0.745153398144013, 41.006400324959159 ], [ 0.744796928201627, 41.006393349869491 ], [ 0.744787719769823, 41.006663387435012 ], [ 0.745144191165166, 41.006670362590633 ] ] ], [ [ [ 0.679199132891102, 41.005361213989893 ], [ 0.679218084247629, 41.00482116347392 ], [ 0.678505194358146, 41.004806804850141 ], [ 0.678495715839103, 41.005076829979572 ], [ 0.67885216217204, 41.005084009909964 ], [ 0.678842684976816, 41.005354035092815 ], [ 0.679199132891102, 41.005361213989893 ] ] ], [ [ [ 0.693110120858216, 41.00537030413777 ], [ 0.693119539820175, 41.005100276232952 ], [ 0.692763089805073, 41.005093140418516 ], [ 0.692753669390463, 41.005363168255847 ], [ 0.693110120858216, 41.00537030413777 ] ] ], [ [ [ 0.721613798080432, 41.027014259825236 ], [ 0.72162310777955, 41.02674422754788 ], [ 0.721266533958181, 41.026737176838772 ], [ 0.721257222804712, 41.027007209049437 ], [ 0.721613798080432, 41.027014259825236 ] ] ], [ [ [ 0.694235961734603, 41.003771536315803 ], [ 0.694245375571193, 41.003501508121758 ], [ 0.693888933887788, 41.003494376015716 ], [ 0.69387951859866, 41.003764404142309 ], [ 0.694235961734603, 41.003771536315803 ] ] ], [ [ [ 0.69494884839016, 41.003785797359278 ], [ 0.694958259321664, 41.003515769030365 ], [ 0.694601817382491, 41.00350863912665 ], [ 0.694592404998443, 41.003778667388126 ], [ 0.69494884839016, 41.003785797359278 ] ] ], [ [ [ 0.687820004874732, 41.003642988713935 ], [ 0.687838884710467, 41.003102934742728 ], [ 0.686769571318884, 41.003081475861734 ], [ 0.686760127107694, 41.00335150265164 ], [ 0.686047249249845, 41.003337191089962 ], [ 0.686037802005355, 41.003607217730035 ], [ 0.687820004874732, 41.003642988713935 ] ] ], [ [ [ 0.724804387653481, 41.027617732921478 ], [ 0.724813684516016, 41.027347700073399 ], [ 0.724457106648083, 41.027340659150319 ], [ 0.724447808331141, 41.02761069193182 ], [ 0.724804387653481, 41.027617732921478 ] ] ], [ [ [ 0.734167648812697, 41.004293335559147 ], [ 0.734176899826752, 41.004023299862148 ], [ 0.733820445394414, 41.004016291159957 ], [ 0.733811192927619, 41.004286326790663 ], [ 0.734167648812697, 41.004293335559147 ] ] ], [ [ [ 0.677136319394664, 41.003157924937533 ], [ 0.67714580282206, 41.00288789997829 ], [ 0.676789368753136, 41.002880715085595 ], [ 0.6767988535041, 41.002610690179793 ], [ 0.676085988657643, 41.002596317227002 ], [ 0.676076501001875, 41.002866341996885 ], [ 0.675720067319579, 41.002859153800884 ], [ 0.675710578082498, 41.003129178488273 ], [ 0.677136319394664, 41.003157924937533 ] ] ], [ [ [ 0.712442749704924, 41.003323722076281 ], [ 0.712433410204231, 41.003593753725347 ], [ 0.71314630404138, 41.003607902178217 ], [ 0.713155640636867, 41.003337870395342 ], [ 0.712442749704924, 41.003323722076281 ] ] ], [ [ [ 0.712442749704924, 41.003323722076281 ], [ 0.712452089078732, 41.00305369041277 ], [ 0.71209564525566, 41.003046614668364 ], [ 0.71208630442927, 41.003316646264949 ], [ 0.712442749704924, 41.003323722076281 ] ] ], [ [ [ 0.687491887962963, 41.002825755943846 ], [ 0.687501329012661, 41.002555728989662 ], [ 0.686432024720636, 41.002534267211189 ], [ 0.686422579313617, 41.002804293962413 ], [ 0.687491887962963, 41.002825755943846 ] ] ], [ [ [ 0.745805945153743, 41.029111347319116 ], [ 0.745815156703476, 41.028841310618802 ], [ 0.745101974617113, 41.028827357201322 ], [ 0.745092760158179, 41.029097393769696 ], [ 0.74473616784821, 41.029090415341578 ], [ 0.744726951809445, 41.029360451829561 ], [ 0.745440139463836, 41.029374407715501 ], [ 0.745449352593364, 41.029104371095535 ], [ 0.745805945153743, 41.029111347319116 ] ] ], [ [ [ 0.735621208842102, 41.003511251690838 ], [ 0.735630453668366, 41.00324121568557 ], [ 0.735274003091527, 41.003234211587234 ], [ 0.735264756812575, 41.003504247526259 ], [ 0.735621208842102, 41.003511251690838 ] ] ], [ [ [ 0.743995326384188, 41.02988656420321 ], [ 0.744022983603988, 41.029076455178512 ], [ 0.743666391669779, 41.029069473443563 ], [ 0.743647950739279, 41.029609546009056 ], [ 0.742934761428284, 41.029595578968213 ], [ 0.742925537865794, 41.029865615097286 ], [ 0.743995326384188, 41.02988656420321 ] ] ], [ [ [ 0.689330672412544, 41.001241339919723 ], [ 0.689340105431048, 41.000971312540592 ], [ 0.68898367861194, 41.000964165626684 ], [ 0.688974244141101, 41.00123419293822 ], [ 0.689330672412544, 41.001241339919723 ] ] ], [ [ [ 0.733547270706173, 41.00157896062813 ], [ 0.733556523368541, 41.001308924919577 ], [ 0.733200083713904, 41.001301914677839 ], [ 0.733190829598999, 41.001571950320091 ], [ 0.733547270706173, 41.00157896062813 ] ] ], [ [ [ 0.658049717783036, 41.028442062461224 ], [ 0.658059287625588, 41.028172042360936 ], [ 0.657702722094896, 41.028164794805747 ], [ 0.65769315079815, 41.028434814837524 ], [ 0.658049717783036, 41.028442062461224 ] ] ], [ [ [ 0.714308962419863, 41.000928796113421 ], [ 0.714318293389743, 41.000658763985491 ], [ 0.71396186200488, 41.000651694348818 ], [ 0.713952529582584, 41.000921726409878 ], [ 0.714308962419863, 41.000928796113421 ] ] ], [ [ [ 0.74254126614009, 41.030668737959985 ], [ 0.742559716801155, 41.030128665905977 ], [ 0.741846522423631, 41.030114691987116 ], [ 0.741837294246416, 41.030384727889185 ], [ 0.74219389282717, 41.030391715465846 ], [ 0.742184665979253, 41.030661751419593 ], [ 0.74254126614009, 41.030668737959985 ] ] ], [ [ [ 0.704357005494991, 40.999920337398173 ], [ 0.704366376749751, 40.999650307102904 ], [ 0.702940683632108, 40.999621899433933 ], [ 0.702931306568163, 40.999891929460546 ], [ 0.701862033710604, 40.999870611946328 ], [ 0.701843270486618, 41.000410671552956 ], [ 0.702199697549678, 41.000417778626499 ], [ 0.702209077773072, 41.000147748763204 ], [ 0.703991207737869, 41.000183267279006 ], [ 0.704000580572263, 40.999913237065343 ], [ 0.704357005494991, 40.999920337398173 ] ] ], [ [ [ 0.740392432809341, 41.030896837791495 ], [ 0.740401667056218, 41.030626802182653 ], [ 0.739688468365241, 41.030612814771601 ], [ 0.739679231208945, 41.030882850248169 ], [ 0.740392432809341, 41.030896837791495 ] ] ], [ [ [ 0.705079224072529, 40.999664504331136 ], [ 0.705088592295411, 40.999394473887136 ], [ 0.70473217002266, 40.99938737589067 ], [ 0.704722800347493, 40.999657406267545 ], [ 0.705079224072529, 40.999664504331136 ] ] ], [ [ [ 0.740730567837046, 41.031443901216356 ], [ 0.740739800880143, 41.031173865570224 ], [ 0.740383198436978, 41.031166873385935 ], [ 0.74037396393913, 41.031436908965965 ], [ 0.740730567837046, 41.031443901216356 ] ] ], [ [ [ 0.742156984683199, 41.031471859194369 ], [ 0.74216621190727, 41.031201823283851 ], [ 0.741809608962359, 41.031194835508956 ], [ 0.741800380283527, 41.031464871353407 ], [ 0.742156984683199, 41.031471859194369 ] ] ], [ [ [ 0.737539629420951, 41.030840861162318 ], [ 0.737183029562583, 41.030833859123184 ], [ 0.737173782097724, 41.031103894122097 ], [ 0.737530383410805, 41.031110896227425 ], [ 0.737539629420951, 41.030840861162318 ] ] ], [ [ [ 0.694044803375087, 41.02970844954443 ], [ 0.694035380032307, 41.029978476469303 ], [ 0.694748549180544, 41.029992746191354 ], [ 0.694757969614408, 41.029722719131563 ], [ 0.694044803375087, 41.02970844954443 ] ] ], [ [ [ 0.696503234038853, 41.030838483312223 ], [ 0.696512647584131, 41.030568455958679 ], [ 0.696156059397154, 41.030561327024884 ], [ 0.696146644397349, 41.030831354311012 ], [ 0.696503234038853, 41.030838483312223 ] ] ], [ [ [ 0.688091323890984, 41.046882916249842 ], [ 0.688100777139946, 41.046612891250945 ], [ 0.687744104468097, 41.046605734009354 ], [ 0.687734649763466, 41.046875758940601 ], [ 0.688091323890984, 41.046882916249842 ] ] ], [ [ [ 0.662439790071686, 41.045554710889327 ], [ 0.662449347733994, 41.045284690745831 ], [ 0.661736029856175, 41.045270216771129 ], [ 0.66172646928294, 41.045540236777775 ], [ 0.662439790071686, 41.045554710889327 ] ] ], [ [ [ 0.738581704435095, 41.031671966413569 ], [ 0.738572462412344, 41.031942001634022 ], [ 0.738929068592167, 41.031948999528531 ], [ 0.738938309160137, 41.031678964241898 ], [ 0.738581704435095, 41.031671966413569 ] ] ], [ [ [ 0.738581704435095, 41.031671966413569 ], [ 0.738590946332258, 41.031401931178692 ], [ 0.738234343187565, 41.031394932314186 ], [ 0.738225099835642, 41.031664967482875 ], [ 0.738581704435095, 41.031671966413569 ] ] ], [ [ [ 0.67203159675571, 41.046829767482393 ], [ 0.672022077744936, 41.047099789396732 ], [ 0.67166540650776, 41.047092582325234 ], [ 0.67164636518683, 41.047632625974089 ], [ 0.669506323013791, 41.047589359568299 ], [ 0.669496793425227, 41.047859380961874 ], [ 0.668783444158712, 41.047844949867688 ], [ 0.6687643787703, 41.048384992338413 ], [ 0.668407701419973, 41.048377775000624 ], [ 0.668398167075726, 41.048647796145964 ], [ 0.668041488399252, 41.048640577637094 ], [ 0.668012880221807, 41.049450640781266 ], [ 0.667656197307663, 41.049443420964764 ], [ 0.667637121629779, 41.049983462851756 ], [ 0.668707179495812, 41.05000511940213 ], [ 0.668716713032119, 41.049735098261138 ], [ 0.669073397790794, 41.049742314837246 ], [ 0.669063865710306, 41.050012336046457 ], [ 0.669420552054341, 41.050019551587887 ], [ 0.669411021300152, 41.050289572850808 ], [ 0.669767709229553, 41.050296787357553 ], [ 0.669758179801702, 41.050566808674169 ], [ 0.670114869316471, 41.050574022146201 ], [ 0.670105341214998, 41.050844043516499 ], [ 0.67081872354475, 41.050858467288158 ], [ 0.670828248734449, 41.050588445781479 ], [ 0.671541628670214, 41.05060286500504 ], [ 0.671551150818723, 41.050332843347533 ], [ 0.671907839524853, 41.050340051236773 ], [ 0.671917360088101, 41.050070029496595 ], [ 0.672630734976782, 41.050084441830059 ], [ 0.672649769891816, 41.049544398033625 ], [ 0.673006454618522, 41.049551602409764 ], [ 0.673025486104611, 41.049011558419046 ], [ 0.67338216804905, 41.049018761556077 ], [ 0.673391682142354, 41.048748739470852 ], [ 0.673748362760324, 41.048755941436923 ], [ 0.673757875268587, 41.048485919269091 ], [ 0.674114554560083, 41.048493120064208 ], [ 0.674171618160924, 41.046872986344049 ], [ 0.675241630608556, 41.046894580887205 ], [ 0.675251136389498, 41.046624558345563 ], [ 0.675964475755957, 41.046638949057623 ], [ 0.675945469887408, 41.047178994398557 ], [ 0.675588797228338, 41.047171799457857 ], [ 0.675598301682824, 41.046901776862661 ], [ 0.675241630608556, 41.046894580887205 ], [ 0.675232124698433, 41.047164603414352 ], [ 0.674875452297711, 41.047157406268042 ], [ 0.674865944802747, 41.047427428712624 ], [ 0.675222618659125, 41.047434625926989 ], [ 0.675203606192949, 41.047974670908722 ], [ 0.675560283089886, 41.047981867156352 ], [ 0.675569787931871, 41.047711844604699 ], [ 0.676283139201838, 41.047726233655368 ], [ 0.676273637271253, 41.047996256343069 ], [ 0.676630314555642, 41.048003449282163 ], [ 0.676620813951649, 41.048273472023382 ], [ 0.676264135211538, 41.048266279016261 ], [ 0.676254633022688, 41.048536301674957 ], [ 0.676611313218544, 41.048543494750078 ], [ 0.676592311364984, 41.049083540159955 ], [ 0.676948994601502, 41.049090732268226 ], [ 0.676939494936849, 41.049360755019414 ], [ 0.676582810244526, 41.049353562843137 ], [ 0.676573308994948, 41.04962358551181 ], [ 0.676216622975925, 41.049616392164666 ], [ 0.676197617177694, 41.050156437322478 ], [ 0.675840928376116, 41.050149242736374 ], [ 0.675812414342467, 41.050959310160216 ], [ 0.676525800810167, 41.050973698637613 ], [ 0.676535302705381, 41.050703676041472 ], [ 0.676891994677019, 41.050710868557736 ], [ 0.676901494987199, 41.050440845879073 ], [ 0.677614876405978, 41.050455227466792 ], [ 0.677595881480166, 41.050995273081547 ], [ 0.677952575295007, 41.051002462356934 ], [ 0.677933582764815, 41.051542508049614 ], [ 0.679360370962224, 41.051571254665156 ], [ 0.679369861467958, 41.051301231554284 ], [ 0.679726557383829, 41.051308415382778 ], [ 0.679736046304628, 41.051038392189476 ], [ 0.680449435611302, 41.051052756401745 ], [ 0.680439949602426, 41.051322779730867 ], [ 0.680796645905112, 41.051329960250413 ], [ 0.680806130458023, 41.05105993685342 ], [ 0.681162825433641, 41.051067116202134 ], [ 0.68114385911087, 41.051607163117396 ], [ 0.680430463464633, 41.051592803045459 ], [ 0.680420977197919, 41.05186282634557 ], [ 0.680064278112169, 41.051855644587228 ], [ 0.680054790260511, 41.05212566780493 ], [ 0.678984689408937, 41.052104115708133 ], [ 0.678975197060226, 41.05237413870757 ], [ 0.678618495578315, 41.052366952401336 ], [ 0.678609001644547, 41.052636975318322 ], [ 0.67932240764948, 41.05265134696365 ], [ 0.679312916498831, 41.052921370002011 ], [ 0.680026325931871, 41.052935737371044 ], [ 0.68004530227991, 41.052395691008144 ], [ 0.680402004277723, 41.052402872902292 ], [ 0.680392517624237, 41.052672896158896 ], [ 0.682532741054273, 41.052715964767543 ], [ 0.682561174419091, 41.051905893732645 ], [ 0.682204474560104, 41.051898718592298 ], [ 0.682232911133673, 41.051088647630444 ], [ 0.682589606624678, 41.051095822567262 ], [ 0.682618037671086, 41.050285751271403 ], [ 0.68404480345161, 41.05031443917521 ], [ 0.684054274385894, 41.050044415109696 ], [ 0.684410964696951, 41.050051584260494 ], [ 0.68442043404664, 41.049781560112699 ], [ 0.685490501384207, 41.049803060744168 ], [ 0.685481036402186, 41.050073085095256 ], [ 0.685837727227888, 41.050080249834274 ], [ 0.685866117420443, 41.049270176534343 ], [ 0.686936177566242, 41.049291663524308 ], [ 0.686974011886145, 41.048211564775571 ], [ 0.687330693035281, 41.048218724628946 ], [ 0.687368519475632, 41.047138625377585 ], [ 0.686298493882634, 41.047117143321316 ], [ 0.686336335734638, 41.046037044650568 ], [ 0.685622997627303, 41.046022718307398 ], [ 0.685613534445914, 41.046292742861368 ], [ 0.685256864129524, 41.046285577967865 ], [ 0.685247399363898, 41.046555602439582 ], [ 0.684890727720498, 41.046548436375531 ], [ 0.684881261370595, 41.04681846076501 ], [ 0.68452458840019, 41.046811293530382 ], [ 0.684515120465968, 41.047081317837609 ], [ 0.684158446168563, 41.047074149432397 ], [ 0.684167915558453, 41.046804125192942 ], [ 0.683811242845403, 41.046796955752676 ], [ 0.683820713562251, 41.046526931566532 ], [ 0.682750700562344, 41.046505416832304 ], [ 0.682760175517356, 41.046235392835086 ], [ 0.682403506230506, 41.046228219119236 ], [ 0.682422458665426, 41.045688171216945 ], [ 0.683492458178695, 41.045709688649204 ], [ 0.683501929836304, 41.045439664472859 ], [ 0.683858595142624, 41.045446834676966 ], [ 0.683868065215971, 41.045176810418326 ], [ 0.68422472919544, 41.045183979451878 ], [ 0.684243666045017, 41.044643930755576 ], [ 0.684956988567876, 41.044658265243342 ], [ 0.684928591833684, 41.04546833867267 ], [ 0.685285257654671, 41.045475504465706 ], [ 0.685313650022261, 41.044665430833128 ], [ 0.686026973316847, 41.044679758704504 ], [ 0.686045895096898, 41.04413970927272 ], [ 0.686402554026077, 41.044146871418867 ], [ 0.686412013267788, 41.043876846613522 ], [ 0.687125328600846, 41.043891167462256 ], [ 0.687134784803122, 41.043621142507014 ], [ 0.687491441206974, 41.04362830120963 ], [ 0.687500895825318, 41.043358276172221 ], [ 0.687857550902225, 41.043365433704473 ], [ 0.687867003936677, 41.043095408584897 ], [ 0.689650273970692, 41.043131179367542 ], [ 0.68968805571658, 41.042051077391477 ], [ 0.690044704287062, 41.042058227969505 ], [ 0.690035260498469, 41.04232825355286 ], [ 0.690748560935107, 41.042342551536194 ], [ 0.69072967879441, 41.042882602929829 ], [ 0.692156292850149, 41.04291118620511 ], [ 0.692165728163083, 41.042641160245275 ], [ 0.693235685685098, 41.042662585920993 ], [ 0.693226254738358, 41.042932612083405 ], [ 0.693582908957447, 41.042939751837487 ], [ 0.693573479337965, 41.043209778052919 ], [ 0.694286791071403, 41.043224054387977 ], [ 0.694296217780036, 41.042954028037542 ], [ 0.69393956330468, 41.042946890488849 ], [ 0.693948991340614, 41.042676864191428 ], [ 0.693592338448785, 41.042669725607553 ], [ 0.693601767811982, 41.042399699363145 ], [ 0.693245116503678, 41.042392559744094 ], [ 0.693254547194097, 41.042122533552707 ], [ 0.692897897469312, 41.042115392898509 ], [ 0.692907329486915, 41.041845366760157 ], [ 0.692550681345645, 41.041838225070848 ], [ 0.692560114690392, 41.041568198985551 ], [ 0.692203468132635, 41.041561056261123 ], [ 0.69223177176356, 41.040750978120954 ], [ 0.693658341300302, 41.040779541592649 ], [ 0.693667769766564, 41.040509515246882 ], [ 0.694737693898786, 41.040530926070872 ], [ 0.694756541715624, 41.039990872931028 ], [ 0.694399903120564, 41.039983737227239 ], [ 0.694409328292078, 41.039713710703076 ], [ 0.694052691280291, 41.039706573964168 ], [ 0.694062117778894, 41.039436547493011 ], [ 0.694418753335514, 41.039443684164418 ], [ 0.694437603038149, 41.038903631043702 ], [ 0.694080970391808, 41.038896494507249 ], [ 0.694090396506123, 41.038626467992657 ], [ 0.694447027697354, 41.038633604461623 ], [ 0.694437603038149, 41.038903631043702 ], [ 0.694794235812564, 41.03891076647762 ], [ 0.694822505040689, 41.038100686485542 ], [ 0.69446587663155, 41.038093551254036 ], [ 0.694475300906545, 41.037823524628529 ], [ 0.694831927860631, 41.037830659792569 ], [ 0.694841350552526, 41.037560633085107 ], [ 0.695197976179624, 41.03756776707921 ], [ 0.695207397288459, 41.037297740289823 ], [ 0.695920646016672, 41.037312004835698 ], [ 0.695939482030322, 41.036771950943738 ], [ 0.69486961785995, 41.036750552875908 ], [ 0.694879040039679, 41.036480526110537 ], [ 0.694522420360559, 41.03647339128382 ], [ 0.694531843867185, 41.036203364571456 ], [ 0.694175225771056, 41.036196228709763 ], [ 0.694184650604539, 41.035926202050398 ], [ 0.694541267245757, 41.035933337844604 ], [ 0.694550690496275, 41.035663311103285 ], [ 0.69490730581065, 41.035670445727611 ], [ 0.694897884015026, 41.035940472536389 ], [ 0.695254500912328, 41.035947606125774 ], [ 0.695245080443589, 41.036217632987523 ], [ 0.695958317532053, 41.036231896993883 ], [ 0.695948899845176, 41.036501923976054 ], [ 0.697018760802472, 41.036523311919574 ], [ 0.697037587318644, 41.035983257536309 ], [ 0.696680969781473, 41.035976129459051 ], [ 0.696699798695781, 41.035436075152681 ], [ 0.696343184196334, 41.035428946107828 ], [ 0.696362015508632, 41.034888891878389 ], [ 0.696005404046842, 41.034881761865961 ], [ 0.696024237756985, 41.034341707713459 ], [ 0.695311021036565, 41.034327444651197 ], [ 0.695282761550479, 41.035137525453621 ], [ 0.695995986999823, 41.035151788920494 ], [ 0.695986569824838, 41.035421815960547 ], [ 0.694916727478244, 41.035400418904338 ], [ 0.694926149017807, 41.035130392066613 ], [ 0.694212924336564, 41.035116121985403 ], [ 0.694194075309951, 41.035656175376538 ], [ 0.693837460251696, 41.03564903854739 ], [ 0.693894014523689, 41.034028878605135 ], [ 0.694250620853013, 41.034036015029393 ], [ 0.694278891895729, 41.033225934660386 ], [ 0.695348698559338, 41.03324733671198 ], [ 0.695358117620044, 41.03297730969097 ], [ 0.695714718642558, 41.032984441436106 ], [ 0.69572413612059, 41.032714414333213 ], [ 0.695367536552758, 41.032707282655508 ], [ 0.695395792582973, 41.03189720146225 ], [ 0.69503919750705, 41.031890068884586 ], [ 0.695058037129788, 41.031350014818258 ], [ 0.694344853180325, 41.031335746625999 ], [ 0.694363698109261, 41.030795692771605 ], [ 0.694007109235668, 41.030788557157059 ], [ 0.6940165329626, 41.030518530275614 ], [ 0.693303358508623, 41.030504255874845 ], [ 0.693312785016488, 41.030234229113901 ], [ 0.692956199436118, 41.030227090327713 ], [ 0.692965627270365, 41.029957063619797 ], [ 0.692252459402908, 41.029942782875878 ], [ 0.692261890017943, 41.02967275628852 ], [ 0.691905307730871, 41.029665614330803 ], [ 0.691914739672186, 41.029395587796493 ], [ 0.691201578391398, 41.029381300709687 ], [ 0.691211013113355, 41.029111274296 ], [ 0.690854434119655, 41.029104129166917 ], [ 0.690873306087711, 41.028564076431216 ], [ 0.690516730130966, 41.028556930335135 ], [ 0.690526167377009, 41.028286904013136 ], [ 0.690169593002836, 41.028279756882519 ], [ 0.69017903157496, 41.028009730613611 ], [ 0.689465886120023, 41.027995433181225 ], [ 0.689475327472483, 41.027725407033039 ], [ 0.688405614615175, 41.027703952821611 ], [ 0.688396168899846, 41.027973978766923 ], [ 0.688039596749795, 41.027966825091283 ], [ 0.68807738465805, 41.026886721493675 ], [ 0.687364252377095, 41.026872411377397 ], [ 0.687373701941657, 41.0266023855771 ], [ 0.686660573082706, 41.026588071187966 ], [ 0.686670025427227, 41.026318045508532 ], [ 0.685956899990382, 41.02630372684667 ], [ 0.685966355114777, 41.026033701288142 ], [ 0.684896672285582, 41.026012215233308 ], [ 0.684915590873681, 41.025472164479126 ], [ 0.68420247544665, 41.025457835203511 ], [ 0.684211937456078, 41.025187809940178 ], [ 0.683855381389488, 41.025180643717171 ], [ 0.683874307930754, 41.024640593282562 ], [ 0.683517754900857, 41.024633426093089 ], [ 0.683527219432637, 41.024363400921814 ], [ 0.683170667985363, 41.024356232698189 ], [ 0.683180133842544, 41.024086207580211 ], [ 0.682823583977889, 41.024079038322427 ], [ 0.682833051160431, 41.023809013257754 ], [ 0.682476502878389, 41.023801842965845 ], [ 0.682485971386254, 41.023531817954478 ], [ 0.681772878116066, 41.023517474200531 ], [ 0.681782349403147, 41.023247449310304 ], [ 0.681425804415014, 41.023240275848302 ], [ 0.681435277027316, 41.022970251011415 ], [ 0.681078733621804, 41.022963076515353 ], [ 0.681088207559288, 41.022693051731807 ], [ 0.680731665736393, 41.022685876201734 ], [ 0.680741140999019, 41.022415851471543 ], [ 0.679671520664482, 41.022394318473651 ], [ 0.679690479526515, 41.021854269377044 ], [ 0.680403553805433, 41.021868625539305 ], [ 0.680394077346465, 41.022138650230623 ], [ 0.680750616132901, 41.022145826726856 ], [ 0.680760091138041, 41.021875801967674 ], [ 0.681473166189459, 41.021890151518903 ], [ 0.681454221865796, 41.022430201294149 ], [ 0.682167303247392, 41.022444546709288 ], [ 0.682157833800253, 41.022714571710821 ], [ 0.682870918604265, 41.02272891285412 ], [ 0.682861451936253, 41.022998937976766 ], [ 0.68321799598511, 41.023006106963386 ], [ 0.683208530642388, 41.02327613213933 ], [ 0.683565076273779, 41.023283300091826 ], [ 0.683555612256386, 41.023553325321068 ], [ 0.684268706812812, 41.023567658055889 ], [ 0.684259245574755, 41.023837683406171 ], [ 0.684972343553337, 41.023852011868826 ], [ 0.684953426507543, 41.024392062796885 ], [ 0.685309978597621, 41.024399225510784 ], [ 0.685300521335973, 41.024669251020811 ], [ 0.685657075008586, 41.024676412700465 ], [ 0.685647619072487, 41.024946438263733 ], [ 0.686004174327639, 41.02495359890915 ], [ 0.685994719717127, 41.02522362452563 ], [ 0.687420947838512, 41.025252256358279 ], [ 0.687411498915928, 41.025522282231016 ], [ 0.6877680577214, 41.025529437501874 ], [ 0.687758610124548, 41.025799463427781 ], [ 0.68847173102884, 41.025813770798777 ], [ 0.688462286211906, 41.026083796845505 ], [ 0.687749162399322, 41.026069489339214 ], [ 0.687758610124548, 41.025799463427781 ], [ 0.68704548973375, 41.025785151648741 ], [ 0.687054940238847, 41.025515125858163 ], [ 0.686698381690177, 41.025507968383323 ], [ 0.68668892973096, 41.025777994106207 ], [ 0.686332369856603, 41.025770835461671 ], [ 0.686322916314817, 41.026040861102381 ], [ 0.687392600685583, 41.026062333933034 ], [ 0.687383151377818, 41.0263323597623 ], [ 0.68773971454572, 41.026339515236145 ], [ 0.68773026656374, 41.026609541118596 ], [ 0.688443396193028, 41.026623848895483 ], [ 0.68843395099108, 41.026893874898725 ], [ 0.689147084042145, 41.026908178402671 ], [ 0.689156526335675, 41.026638152264162 ], [ 0.688799961200192, 41.026631001130845 ], [ 0.688818848310713, 41.026090948945608 ], [ 0.689531972893255, 41.026105249839738 ], [ 0.689522532310497, 41.026375276074837 ], [ 0.689879096248367, 41.026382424936479 ], [ 0.689869656991526, 41.026652451224685 ], [ 0.690226222511852, 41.026659599051875 ], [ 0.690216784580965, 41.026929625393187 ], [ 0.690573351683751, 41.026936772185898 ], [ 0.690563915078858, 41.027206798580302 ], [ 0.691633621519206, 41.027228232548751 ], [ 0.691614756650369, 41.027768285699494 ], [ 0.691971328628728, 41.027775428286574 ], [ 0.691961897456359, 41.028045454907762 ], [ 0.692675044706128, 41.02805973691067 ], [ 0.692665616314261, 41.02832976365243 ], [ 0.693022191585655, 41.028336903068229 ], [ 0.693012764520024, 41.028606929863024 ], [ 0.693369341373866, 41.02861406824421 ], [ 0.693359915634509, 41.028884095092018 ], [ 0.693716494070803, 41.028891232438568 ], [ 0.693707069657761, 41.029161259339382 ], [ 0.694420229823304, 41.029175530860961 ], [ 0.694410808191031, 41.029445557882269 ], [ 0.694767389920265, 41.029452692057276 ], [ 0.694757969614408, 41.029722719131563 ], [ 0.695114552926089, 41.029729852271863 ], [ 0.695105133946684, 41.029999879399135 ], [ 0.694748549180544, 41.029992746191354 ], [ 0.69473912861867, 41.030262773236693 ], [ 0.695452301187905, 41.030277038684901 ], [ 0.695461718840815, 41.030007011504686 ], [ 0.695818303862915, 41.030014142508044 ], [ 0.69580888766449, 41.030284169755696 ], [ 0.696878647861875, 41.030305556354868 ], [ 0.696869235899021, 41.030575583790274 ], [ 0.697939001610981, 41.030596960671723 ], [ 0.697929593883836, 41.030866988294797 ], [ 0.698286184164724, 41.030874111784854 ], [ 0.698267371236053, 41.031414167122307 ], [ 0.699337151572973, 41.031435531383138 ], [ 0.699346553737474, 41.031165503519645 ], [ 0.700059738358426, 41.031179740714293 ], [ 0.700040939720045, 41.031719796696073 ], [ 0.699327749280708, 41.031705559232172 ], [ 0.699290138833988, 41.032785670483612 ], [ 0.700716543498076, 41.032814142079204 ], [ 0.700697749145821, 41.033354198156559 ], [ 0.699984540739438, 41.033339964294193 ], [ 0.699975140462269, 41.033609992176579 ], [ 0.699261929657345, 41.033595753770271 ], [ 0.699252526342912, 41.033865781503536 ], [ 0.699609133136256, 41.033872901325196 ], [ 0.699590329033629, 41.034412956882989 ], [ 0.700303548822763, 41.034427193488469 ], [ 0.700312948028348, 41.03415716558218 ], [ 0.700669556659703, 41.034164282164078 ], [ 0.700660158908927, 41.034434310137662 ], [ 0.700303548822763, 41.034427193488469 ], [ 0.700275350439652, 41.035237277120494 ], [ 0.699918736116675, 41.035230159167043 ], [ 0.699909334945294, 41.035500186948134 ], [ 0.700265950723155, 41.035507304968903 ], [ 0.700256550878927, 41.035777332802837 ], [ 0.69989993364616, 41.035770214714773 ], [ 0.699881130664626, 41.036310270204631 ], [ 0.70166423265499, 41.0363458502936 ], [ 0.701654838247426, 41.036615878353246 ], [ 0.702011460483531, 41.03662299113094 ], [ 0.702002067403298, 41.036893019243387 ], [ 0.70307193924238, 41.036914351163404 ], [ 0.703062550399555, 41.037184379463099 ], [ 0.703419176056134, 41.037191487965352 ], [ 0.703400400897823, 41.037731544655777 ], [ 0.704470287363209, 41.037752863950807 ], [ 0.704451520425181, 41.038292920986542 ], [ 0.704808152412222, 41.038300025347546 ], [ 0.704798770207062, 41.038570053910902 ], [ 0.705512037473877, 41.038584259459626 ], [ 0.705521416768775, 41.038314230761941 ], [ 0.706234681635155, 41.038328431766196 ], [ 0.706225305250526, 41.038598460598152 ], [ 0.706581939329988, 41.038605559513584 ], [ 0.706572564273099, 41.038875588398213 ], [ 0.70692919993512, 41.038882686278207 ], [ 0.706919826206006, 41.039152715215479 ], [ 0.707276463450592, 41.039159812060014 ], [ 0.707267091049296, 41.039429841049945 ], [ 0.707623729876447, 41.039436936858998 ], [ 0.707614358803008, 41.039706965901559 ], [ 0.707970999212729, 41.039714060675131 ], [ 0.707952259594313, 41.040254118851017 ], [ 0.708308903041876, 41.040261212656148 ], [ 0.70834637594845, 41.039181095978222 ], [ 0.707989738321833, 41.039174002441406 ], [ 0.707999107685396, 41.038903973302844 ], [ 0.707642471641289, 41.038896878730526 ], [ 0.707651842332696, 41.038626849644608 ], [ 0.707295207871094, 41.038619754036816 ], [ 0.707304579890304, 41.038349725003521 ], [ 0.709087746195782, 41.038385191681556 ], [ 0.709097110811995, 41.03811516229846 ], [ 0.708383846818149, 41.038100979068986 ], [ 0.708393214217327, 41.037830949805553 ], [ 0.707323323546652, 41.03780966689358 ], [ 0.707342066693584, 41.037269608725801 ], [ 0.707698693879665, 41.037276703998131 ], [ 0.70770806380706, 41.037006674825463 ], [ 0.706994812472335, 41.036992483312481 ], [ 0.70700418518245, 41.036722454259547 ], [ 0.707360809331115, 41.036729550500191 ], [ 0.70737018045886, 41.036459521365686 ], [ 0.707013557765199, 41.036452425192152 ], [ 0.707022930220583, 41.036182396110306 ], [ 0.708092794318625, 41.036203681122231 ], [ 0.708083426228197, 41.036473710405339 ], [ 0.708440049303833, 41.036480803271459 ], [ 0.7084213156511, 41.037020861928454 ], [ 0.708777941764062, 41.037027953826225 ], [ 0.708768576201814, 41.037297983200098 ], [ 0.709125203897098, 41.037305074062417 ], [ 0.709115839662652, 41.037575103488891 ], [ 0.709472468940263, 41.037582193315728 ], [ 0.709463106033656, 41.037852222794776 ], [ 0.710176367880754, 41.037866399274947 ], [ 0.710167007757145, 41.038136428873592 ], [ 0.710880273023269, 41.038150601077675 ], [ 0.710917701113802, 41.037070482060358 ], [ 0.710204447488408, 41.037056310392309 ], [ 0.710213807103243, 41.036786280735853 ], [ 0.709857181936361, 41.036779193315098 ], [ 0.709866542879028, 41.036509163711195 ], [ 0.710223166590889, 41.036516251064945 ], [ 0.710213807103243, 41.036786280735853 ], [ 0.710927057818553, 41.036800452269908 ], [ 0.710917701113802, 41.037070482060358 ], [ 0.711987582505474, 41.037091731293664 ], [ 0.712006287057606, 41.036551671296458 ], [ 0.711649662710009, 41.036544589455104 ], [ 0.711668369663788, 41.036004529534026 ], [ 0.711311748353294, 41.035997446724146 ], [ 0.711321103094495, 41.035727416808896 ], [ 0.71096448336609, 41.035720332963542 ], [ 0.710973839435116, 41.035450303100831 ], [ 0.710617221288795, 41.035443218220017 ], [ 0.710626578685608, 41.03517318840985 ], [ 0.710269962121369, 41.035166102493605 ], [ 0.71028867944331, 41.034626042963893 ], [ 0.710645293097764, 41.034633128746137 ], [ 0.710635935955263, 41.034903158585209 ], [ 0.710992551191755, 41.034910243332035 ], [ 0.710983195377003, 41.035180273223666 ], [ 0.711339812195537, 41.035187356935047 ], [ 0.711330457708576, 41.035457386879195 ], [ 0.711687076109155, 41.03546446955513 ], [ 0.711677722950022, 41.035734499551808 ], [ 0.712034342932651, 41.035741581192248 ], [ 0.71206239766396, 41.034931490958009 ], [ 0.712419013408873, 41.034938571295143 ], [ 0.71246576147863, 41.033588420280992 ], [ 0.711752544664403, 41.033574259173825 ], [ 0.711761896806795, 41.033304229061535 ], [ 0.711405290045091, 41.03329714692137 ], [ 0.711423996858145, 41.032757086787399 ], [ 0.710354186064275, 41.032735834154664 ], [ 0.710372901097234, 41.032195774364816 ], [ 0.709659700355932, 41.03218160069936 ], [ 0.709669060591044, 41.03191157091679 ], [ 0.709312461865854, 41.03190448249763 ], [ 0.709321823428435, 41.031634452767626 ], [ 0.708965226285115, 41.031627363313191 ], [ 0.708993314573459, 41.03081727423757 ], [ 0.709349907352923, 41.030824363490865 ], [ 0.709359268406674, 41.030554333703051 ], [ 0.710785634978036, 41.030582679425684 ], [ 0.710804345067498, 41.030042619270603 ], [ 0.710447756143038, 41.030035534627316 ], [ 0.710457112451617, 41.02976550459509 ], [ 0.711170287518598, 41.029779672645475 ], [ 0.711160934119077, 41.030049702811681 ], [ 0.711517523297756, 41.030056785250508 ], [ 0.711508171225686, 41.030326815469223 ], [ 0.711151580592456, 41.03031973296342 ], [ 0.711142226938734, 41.030589763100707 ], [ 0.710785634978036, 41.030582679425684 ], [ 0.710776279742621, 41.030852709481536 ], [ 0.711132873157908, 41.030859793223549 ], [ 0.711123519249977, 41.031129823331952 ], [ 0.712549900000439, 41.031158147545206 ], [ 0.712540551783934, 41.031428177906982 ], [ 0.713253745830694, 41.031442333533796 ], [ 0.713244400396477, 41.031712364014979 ], [ 0.713600999065016, 41.031719440241865 ], [ 0.713619686897154, 41.031179379131245 ], [ 0.714332878796512, 41.031193528010526 ], [ 0.714323537853218, 41.031463558706861 ], [ 0.713966940385419, 41.031456484751459 ], [ 0.713957597860528, 41.031726515366451 ], [ 0.713600999065016, 41.031719440241865 ], [ 0.713591654958487, 41.031989470775514 ], [ 0.714661456089923, 41.032010693043041 ], [ 0.714652116220535, 41.032280723762909 ], [ 0.715721922858349, 41.032301936310176 ], [ 0.715703251467264, 41.032841998107763 ], [ 0.716059856843102, 41.032849066885866 ], [ 0.716050522412041, 41.033119097829832 ], [ 0.716763736453783, 41.033133232212649 ], [ 0.716735741128422, 41.033943325358827 ], [ 0.717092352703971, 41.033950391097143 ], [ 0.717083022130089, 41.034220422183793 ], [ 0.71743963528729, 41.034227486886508 ], [ 0.717420976668925, 41.034767549150104 ], [ 0.717777592862687, 41.034774612883986 ], [ 0.717786920780355, 41.034504581692616 ], [ 0.71814353564597, 41.034511644257286 ], [ 0.718152861981997, 41.034241612984694 ], [ 0.718509475519461, 41.034248674380173 ], [ 0.718490825630465, 41.034788737044458 ], [ 0.718847442204442, 41.034795797471055 ], [ 0.718838118524795, 41.035065828848296 ], [ 0.7191947366804, 41.03507288823922 ], [ 0.719204058905117, 41.034802856795224 ], [ 0.719560675732473, 41.034809915016943 ], [ 0.719551354962689, 41.035079946527681 ], [ 0.72062121056944, 41.035101114778406 ], [ 0.720611894037863, 41.035371146474866 ], [ 0.721325134651996, 41.035385253263165 ], [ 0.721334448273654, 41.035115221433308 ], [ 0.721691067315614, 41.035122273107092 ], [ 0.721700379355765, 41.03485224119612 ], [ 0.722056997069322, 41.034859291700776 ], [ 0.722047686484118, 41.035129323678404 ], [ 0.722404305779145, 41.035136373147282 ], [ 0.722394996522386, 41.035406405177135 ], [ 0.723108238401872, 41.035420500940802 ], [ 0.723117544748691, 41.035150468777651 ], [ 0.722760925200676, 41.035143421513695 ], [ 0.722779540424807, 41.034603357277383 ], [ 0.722422923913156, 41.034596309044261 ], [ 0.722432232790411, 41.0343262769711 ], [ 0.721719003056443, 41.034312177330882 ], [ 0.721728314716974, 41.034042145376617 ], [ 0.722084928065814, 41.034049195681263 ], [ 0.722094238144943, 41.033779163645896 ], [ 0.722450850165429, 41.033786212781479 ], [ 0.722460158663196, 41.033516180665004 ], [ 0.721746937658436, 41.033502081424764 ], [ 0.721756248939368, 41.033232049427184 ], [ 0.720686422745735, 41.033210892498936 ], [ 0.720695738264549, 41.032940860686985 ], [ 0.720339131241288, 41.032933806239527 ], [ 0.720348448088296, 41.032663774479836 ], [ 0.719991842646421, 41.032656718996726 ], [ 0.720001160821583, 41.032386687289318 ], [ 0.719644556961088, 41.032379630770571 ], [ 0.719663195841002, 41.031839567445907 ], [ 0.7193065950166, 41.031832509958285 ], [ 0.719315915721293, 41.031562478341023 ], [ 0.718959316478242, 41.031555419817849 ], [ 0.718968638510954, 41.031285388252883 ], [ 0.718255443314238, 41.03127126803313 ], [ 0.71826476812958, 41.031001236587251 ], [ 0.71790817217593, 41.030994174890694 ], [ 0.71789884590594, 41.031264206269789 ], [ 0.717185651469562, 41.031250079436269 ], [ 0.71717632216351, 41.031520110667337 ], [ 0.716819723680806, 41.031513045530332 ], [ 0.716838385075442, 41.030972983187347 ], [ 0.717194980648841, 41.030980048190742 ], [ 0.71720430970135, 41.030710016930783 ], [ 0.715777933987053, 41.0306817505708 ], [ 0.71579660334849, 41.030141688542116 ], [ 0.717222967426068, 41.03016995436753 ], [ 0.717232296098278, 41.029899923064249 ], [ 0.717588885980068, 41.02990698669818 ], [ 0.71759821307097, 41.029636955313663 ], [ 0.718311390305659, 41.029651079141267 ], [ 0.718320714360764, 41.029381047608751 ], [ 0.719033889193193, 41.029395166893892 ], [ 0.719043210212572, 41.029125135213441 ], [ 0.71939979636427, 41.029132193135929 ], [ 0.719409115802495, 41.028862161374278 ], [ 0.720835455857466, 41.028890381775255 ], [ 0.720854082718237, 41.028350317674935 ], [ 0.71978433621394, 41.028329154427759 ], [ 0.719793653817824, 41.02805912255608 ], [ 0.719437073357362, 41.028052066002708 ], [ 0.719446392289054, 41.027782034183303 ], [ 0.718733234656874, 41.027767917903546 ], [ 0.71874255637073, 41.027497886203186 ], [ 0.71981228864576, 41.027519058769386 ], [ 0.719802971295096, 41.027789090669948 ], [ 0.720159550427748, 41.027796146054428 ], [ 0.72016886632401, 41.027526114087145 ], [ 0.720882022060249, 41.027540221416203 ], [ 0.720900647655516, 41.027000157171521 ], [ 0.720544072632865, 41.026993104191469 ], [ 0.720553386695029, 41.026723072114173 ], [ 0.720909960263334, 41.026730125027534 ], [ 0.72091927274461, 41.026460092869115 ], [ 0.721988989845706, 41.026481244796415 ], [ 0.721998297837509, 41.02621121242354 ], [ 0.721641726798284, 41.026204162949881 ], [ 0.721651036117902, 41.025934130629238 ], [ 0.721294466659465, 41.025927080120148 ], [ 0.721322398222105, 41.025116983271595 ], [ 0.720965833252933, 41.025109931860449 ], [ 0.720975144975, 41.024839899615408 ], [ 0.720262018324681, 41.024825793620309 ], [ 0.720280647205944, 41.024285729353707 ], [ 0.719567526878589, 41.024271619217259 ], [ 0.719576844037663, 41.024001587195748 ], [ 0.719220285518022, 41.023994530541202 ], [ 0.719210966904806, 41.024264562496001 ], [ 0.71814128774327, 41.024243385720062 ], [ 0.718159933567846, 41.023703322196532 ], [ 0.718516490253451, 41.023710382090336 ], [ 0.718525811521625, 41.023440350240165 ], [ 0.71959547797601, 41.023461523109383 ], [ 0.719604794755288, 41.023191491044535 ], [ 0.720317903449727, 41.023205600647259 ], [ 0.72030858957862, 41.023475632845525 ], [ 0.721021701687457, 41.023489738173694 ], [ 0.721040323486801, 41.022949673495951 ], [ 0.720683770277273, 41.022942621516243 ], [ 0.720693082441222, 41.022672589222417 ], [ 0.71962342793406, 41.022651426871541 ], [ 0.719632744333558, 41.022381394763393 ], [ 0.71891964486975, 41.022367281153095 ], [ 0.718928964050663, 41.022097249163991 ], [ 0.718215868001366, 41.022083131279402 ], [ 0.71822518996361, 41.021813099409336 ], [ 0.717512097328926, 41.021798977250533 ], [ 0.717521422072416, 41.021528945499576 ], [ 0.716808332852449, 41.021514819066638 ], [ 0.716799005201056, 41.021784850684007 ], [ 0.716442459327226, 41.021777785747872 ], [ 0.716451788432566, 41.021507754197302 ], [ 0.716095244139444, 41.021500688226048 ], [ 0.716104574571951, 41.021230656727859 ], [ 0.715748031859534, 41.021223589721529 ], [ 0.715757363619166, 41.020953558275735 ], [ 0.71504428148255, 41.020939421091043 ], [ 0.715053616023151, 41.020669389764485 ], [ 0.714340537301633, 41.020655248305971 ], [ 0.714349874623118, 41.020385217098706 ], [ 0.714706412466591, 41.020392288312024 ], [ 0.714725083821292, 41.019852225720413 ], [ 0.715081618883958, 41.019859295698168 ], [ 0.715072284723852, 41.020129327068055 ], [ 0.715428821367169, 41.020136396010798 ], [ 0.715419488534075, 41.020406427433088 ], [ 0.715776026758045, 41.020413495340811 ], [ 0.715766695252002, 41.020683526815489 ], [ 0.717192855231078, 41.020711787694921 ], [ 0.717183529413794, 41.020981819422417 ], [ 0.717540071179294, 41.020988881954345 ], [ 0.717530746689205, 41.021258913734179 ], [ 0.719313464686365, 41.021294210199159 ], [ 0.719304147339267, 41.021564242298325 ], [ 0.720017238332368, 41.021578353304363 ], [ 0.720007923766596, 41.021848385522546 ], [ 0.720364470906968, 41.021855439439399 ], [ 0.72035515766862, 41.022125471709835 ], [ 0.720711706389528, 41.022132524591441 ], [ 0.72070239447864, 41.022402556914145 ], [ 0.722128596443409, 41.022430757687715 ], [ 0.722137902538241, 41.022160725098331 ], [ 0.72178135331134, 41.022153676624534 ], [ 0.721790660733719, 41.021883644087353 ], [ 0.721077565567331, 41.021869543967263 ], [ 0.721086875771194, 41.021599511548992 ], [ 0.720730329831721, 41.02159245990272 ], [ 0.720739641363031, 41.021322427536703 ], [ 0.720026552771575, 41.02130832107175 ], [ 0.72003586708422, 41.021038288824705 ], [ 0.719322781906862, 41.02102417808554 ], [ 0.71934141596806, 41.020484113815002 ], [ 0.718984876477055, 41.020477056926033 ], [ 0.718975558055871, 41.020747089001787 ], [ 0.717549395542685, 41.020718850160058 ], [ 0.717558719779381, 41.020448818351362 ], [ 0.716845642190628, 41.020434692452746 ], [ 0.71689227601187, 41.019084533860479 ], [ 0.716535744676634, 41.019077469592389 ], [ 0.716563727809878, 41.018267374464138 ], [ 0.717276781884681, 41.018281501497697 ], [ 0.717304755155251, 41.017471405838698 ], [ 0.717661278021682, 41.017478467502457 ], [ 0.717679923328013, 41.016938403524044 ], [ 0.717323403368837, 41.016931341993839 ], [ 0.717342051075671, 41.016391278091213 ], [ 0.717698568127672, 41.016398339487857 ], [ 0.717707890337503, 41.016128307448106 ], [ 0.718420921914359, 41.016142426802709 ], [ 0.718411602611648, 41.016412458975978 ], [ 0.718768120043583, 41.016419517067455 ], [ 0.718749483965473, 41.016959581504175 ], [ 0.718392963626351, 41.016952523279208 ], [ 0.71838364394376, 41.01722255540917 ], [ 0.718740165736504, 41.017229613700884 ], [ 0.718730847380925, 41.017499645883149 ], [ 0.719087370753926, 41.017506703139851 ], [ 0.719078053725397, 41.017776735374426 ], [ 0.720147628964883, 41.017797900734088 ], [ 0.720129003250225, 41.018337965560214 ], [ 0.720842059857406, 41.018352070557867 ], [ 0.720832749717731, 41.018622103082656 ], [ 0.721902339938418, 41.018643252515602 ], [ 0.721893034033512, 41.018913285225977 ], [ 0.72260609772041, 41.018927379472132 ], [ 0.722596794596621, 41.019197412301345 ], [ 0.722953328083473, 41.019204457838313 ], [ 0.72294402628708, 41.01947449071973 ], [ 0.723300561354126, 41.019481535221473 ], [ 0.723291260885169, 41.019751568155066 ], [ 0.722934724364297, 41.019744523586709 ], [ 0.722925422315123, 41.020014556439243 ], [ 0.722568884466799, 41.020007510702399 ], [ 0.722578187969818, 41.019737477916479 ], [ 0.721865115560113, 41.019723383270467 ], [ 0.721874421844361, 41.019453350603406 ], [ 0.721517887282995, 41.019446301694266 ], [ 0.721536502379721, 41.018906236450135 ], [ 0.720823439451555, 41.018892135593028 ], [ 0.720814129058874, 41.019162168088947 ], [ 0.72117066191349, 41.019169219135094 ], [ 0.721152043656215, 41.019709284217008 ], [ 0.721508579544929, 41.019716334294657 ], [ 0.721499271680392, 41.019986366880637 ], [ 0.72221234674489, 41.020000463863674 ], [ 0.722203041661596, 41.020270496568529 ], [ 0.721489963689383, 41.020256399452165 ], [ 0.721480655571898, 41.020526432009262 ], [ 0.721124115321618, 41.020519381731603 ], [ 0.721133424892976, 41.020249349241183 ], [ 0.720776886223067, 41.020242297928306 ], [ 0.720786197121785, 41.019972265490125 ], [ 0.720429660032241, 41.019965213142065 ], [ 0.720448284357786, 41.019425148355765 ], [ 0.720091750302413, 41.019418095039249 ], [ 0.720101063729183, 41.019148062691144 ], [ 0.719744531254147, 41.019141008339496 ], [ 0.719735216373588, 41.019411040620888 ], [ 0.719378682571331, 41.019403985100674 ], [ 0.719387998905675, 41.019133952886008 ], [ 0.719031466683789, 41.019126896330697 ], [ 0.719040784345313, 41.01885686416832 ], [ 0.718684253703795, 41.018849806577919 ], [ 0.718693572692458, 41.018579774467845 ], [ 0.718337043631305, 41.018572715842382 ], [ 0.718355684136195, 41.01803265171241 ], [ 0.717999158109099, 41.018025592118661 ], [ 0.717989836466275, 41.0182956241241 ], [ 0.717276781884681, 41.018281501497697 ], [ 0.717258132404148, 41.018821565198166 ], [ 0.717614662539057, 41.018828627195823 ], [ 0.717605339062494, 41.019098659091178 ], [ 0.71796187077784, 41.019105720053801 ], [ 0.717943226352235, 41.019645783934735 ], [ 0.718299761101823, 41.019652843929052 ], [ 0.718290440152836, 41.019922875914624 ], [ 0.718646976482893, 41.019929934873844 ], [ 0.718637656861095, 41.02019996691174 ], [ 0.7197072709725, 41.020221137378442 ], [ 0.719697955585661, 41.020491169602089 ], [ 0.720411035200567, 41.020505277870619 ], [ 0.720401722594926, 41.020775310213253 ], [ 0.722184431115701, 41.02081056193493 ], [ 0.722175125653096, 41.021080594596469 ], [ 0.722888212854462, 41.021094687705109 ], [ 0.722897515409225, 41.0208246549103 ], [ 0.723254057745596, 41.020831699745131 ], [ 0.723263358720055, 41.020561666869263 ], [ 0.723976440864104, 41.02057575309999 ], [ 0.723985738804409, 41.020305720076493 ], [ 0.72469881854603, 41.020319801766483 ], [ 0.724689523513508, 41.020589834923157 ], [ 0.725402606668111, 41.020603912338714 ], [ 0.725374729536351, 41.021414012121539 ], [ 0.725731275664865, 41.021421049376109 ], [ 0.725721984489061, 41.021691082674728 ], [ 0.726791627993946, 41.021712188026427 ], [ 0.726782341053896, 41.021982221510207 ], [ 0.727138890595267, 41.021989254490059 ], [ 0.72712960498305, 41.022259288025921 ], [ 0.727842707352341, 41.022273350812725 ], [ 0.727833424522046, 41.022543384467149 ], [ 0.727120319244661, 41.022529321547367 ], [ 0.727111033380098, 41.022799355054374 ], [ 0.726754479476593, 41.022792321875009 ], [ 0.726745192031769, 41.023062355301079 ], [ 0.727814858483047, 41.023083451732724 ], [ 0.72780557527434, 41.023353485343875 ], [ 0.727449018210306, 41.023346454235515 ], [ 0.727439733421331, 41.023616487765757 ], [ 0.727796291939491, 41.023623518940596 ], [ 0.727787008478498, 41.023893552522907 ], [ 0.72814356857695, 41.023900582662208 ], [ 0.728134286443981, 41.024170616296573 ], [ 0.72849084812273, 41.024177645400314 ], [ 0.728481567317823, 41.024447679086705 ], [ 0.727411878297416, 41.024426588269904 ], [ 0.727421163464887, 41.024156554782948 ], [ 0.725638358225421, 41.024121381713144 ], [ 0.725629065787048, 41.024391414867488 ], [ 0.725985628036665, 41.02439845175207 ], [ 0.725976336926221, 41.024668484958532 ], [ 0.726332900756284, 41.024675520807605 ], [ 0.726323610973807, 41.024945554066171 ], [ 0.724897350594272, 41.024917403791363 ], [ 0.724906646193609, 41.024647370798988 ], [ 0.723836956597777, 41.024626246720942 ], [ 0.723827656635816, 41.024896279513555 ], [ 0.724540785815116, 41.024910363467484 ], [ 0.724531488635239, 41.025180396378857 ], [ 0.725244621228323, 41.025194476057671 ], [ 0.725235326830614, 41.025464509087755 ], [ 0.72559189477086, 41.025471547340601 ], [ 0.725582601701129, 41.02574158042281 ], [ 0.726295740868976, 41.025755653755326 ], [ 0.726305031030156, 41.025485620540032 ], [ 0.727374736365821, 41.02550672207348 ], [ 0.72738402203798, 41.025236688644227 ], [ 0.727740589281316, 41.025243720218022 ], [ 0.727749873373055, 41.024973686707852 ], [ 0.728463005329678, 41.024987746416244 ], [ 0.728472286386806, 41.024717712758687 ], [ 0.72989854599632, 41.024745818684757 ], [ 0.72988927075613, 41.025015852608085 ], [ 0.730245837427879, 41.025022876400868 ], [ 0.730218015313927, 41.025832978283582 ], [ 0.730574586474534, 41.025840001173506 ], [ 0.73056531363883, 41.026110035171975 ], [ 0.730921886379761, 41.02611705702617 ], [ 0.730912614872396, 41.026387091076629 ], [ 0.731625763640877, 41.026401131611408 ], [ 0.731616494916256, 41.026671165780193 ], [ 0.731973070943792, 41.026678184460756 ], [ 0.73196380354761, 41.026948218681525 ], [ 0.732676958889229, 41.026962252868877 ], [ 0.732667694275936, 41.02723228720793 ], [ 0.733380853029946, 41.0272463171193 ], [ 0.733362329243453, 41.027786386019493 ], [ 0.734075494318664, 41.027800411787418 ], [ 0.734066235145586, 41.028070446348529 ], [ 0.734779403633029, 41.028084467840252 ], [ 0.734770147243133, 41.028354502519534 ], [ 0.735839905281115, 41.02837552668931 ], [ 0.735849157307495, 41.028105491811239 ], [ 0.736205742117119, 41.028112497597128 ], [ 0.736214992563289, 41.027842462638375 ], [ 0.736571576044122, 41.027849467255827 ], [ 0.736599322265088, 41.027039362094406 ], [ 0.736955901508239, 41.027046365410968 ], [ 0.736965148542797, 41.026776330262102 ], [ 0.736608570754059, 41.026769327011763 ], [ 0.736645563453247, 41.025689186537114 ], [ 0.736288991607634, 41.02568218244955 ], [ 0.736307490111844, 41.025142112258216 ], [ 0.735950921300519, 41.025135107201017 ], [ 0.735960171818375, 41.024865072149964 ], [ 0.735603604587021, 41.024858066056922 ], [ 0.735622108154125, 41.024317996044104 ], [ 0.735978672476998, 41.024325002004652 ], [ 0.735997172632844, 41.023784931801693 ], [ 0.735640611218375, 41.023777925973619 ], [ 0.735649862561935, 41.023507890916783 ], [ 0.736006422522232, 41.02351489667857 ], [ 0.736015672285932, 41.023244861541059 ], [ 0.735659113779786, 41.023237855845501 ], [ 0.735668364871932, 41.022967820759817 ], [ 0.736024921923946, 41.022974826389131 ], [ 0.736015672285932, 41.023244861541059 ], [ 0.736372230917764, 41.023251866134558 ], [ 0.736362982608218, 41.02352190133832 ], [ 0.736719542819873, 41.023528904896033 ], [ 0.736710295838834, 41.023798940151615 ], [ 0.737066857630315, 41.023805942673512 ], [ 0.737029874266547, 41.024886083816561 ], [ 0.737386442000574, 41.024893085501255 ], [ 0.737367952473443, 41.025433156118744 ], [ 0.737724523241669, 41.025440156833731 ], [ 0.737678304497208, 41.026790333456269 ], [ 0.738034882662841, 41.026797333400111 ], [ 0.738044125208551, 41.026527298038218 ], [ 0.738757279007773, 41.026541294487018 ], [ 0.73874803937087, 41.026811329981257 ], [ 0.739461196581112, 41.026825322153719 ], [ 0.739451959727511, 41.027095357765866 ], [ 0.740165120348669, 41.027109345661913 ], [ 0.74017435429341, 41.026839309917492 ], [ 0.74053093333778, 41.026846302146112 ], [ 0.740521700847474, 41.027116337956642 ], [ 0.740878281471736, 41.027123329149198 ], [ 0.740869050310429, 41.02739336501142 ], [ 0.741938797299134, 41.027414332174217 ], [ 0.741929570375825, 41.027684368220342 ], [ 0.742286154410663, 41.027691355136255 ], [ 0.742276928816476, 41.02796139123403 ], [ 0.741920343327135, 41.027954404252036 ], [ 0.74191111615306, 41.028224440269341 ], [ 0.741554529334583, 41.028217452119037 ], [ 0.741563757963178, 41.027947416167827 ], [ 0.741207172724625, 41.027940426981367 ], [ 0.741197942641512, 41.02821046286649 ], [ 0.740484769631662, 41.028196481054728 ], [ 0.740494002623807, 41.027926445301823 ], [ 0.740137417761583, 41.027919452808717 ], [ 0.740146652082758, 41.027649417107526 ], [ 0.739790068800506, 41.027642423578328 ], [ 0.739799304450673, 41.027372387928857 ], [ 0.739442722748392, 41.027365393363596 ], [ 0.739415011057923, 41.028175500070354 ], [ 0.739771597123673, 41.028182494834041 ], [ 0.739762361097, 41.028452530440291 ], [ 0.73904918618197, 41.028438539678397 ], [ 0.739039947120698, 41.028708575137934 ], [ 0.738326769798762, 41.028694579834742 ], [ 0.738336011769123, 41.028424544507551 ], [ 0.737979424751066, 41.028417545268788 ], [ 0.737988668050362, 41.02814750999336 ], [ 0.736918912113451, 41.028126505862282 ], [ 0.736909664450604, 41.028396540939077 ], [ 0.735839905281115, 41.02837552668931 ], [ 0.735830653129012, 41.028645561552992 ], [ 0.735474065536076, 41.02863855453235 ], [ 0.735455557945579, 41.029178624083933 ], [ 0.735812148447628, 41.029185631237098 ], [ 0.735802895918345, 41.029455666057522 ], [ 0.736159488000711, 41.029462672174674 ], [ 0.736150236800306, 41.029732707046939 ], [ 0.736506830462993, 41.029739712128062 ], [ 0.736497580591503, 41.030009747052162 ], [ 0.736854175834515, 41.030016751097229 ], [ 0.736844927291981, 41.030286786073148 ], [ 0.737201524115321, 41.030293789082144 ], [ 0.737192276901782, 41.030563824109876 ], [ 0.737548875305455, 41.030570826082787 ], [ 0.737539629420951, 41.030840861162318 ], [ 0.738252829514592, 41.030854861933577 ], [ 0.73824358641388, 41.031124897131093 ], [ 0.739313391860476, 41.031145890219044 ], [ 0.739322630597022, 41.030875854823023 ], [ 0.738966030110643, 41.030868858295541 ], [ 0.738975270176348, 41.030598822951276 ], [ 0.737905473834768, 41.030577826953383 ], [ 0.737914718138955, 41.030307791793241 ], [ 0.737558121064319, 41.030300790988854 ], [ 0.737576612205135, 41.029760720757743 ], [ 0.738646395077985, 41.029781719466861 ], [ 0.738655636096083, 41.029511684131123 ], [ 0.738299043134153, 41.029504685729876 ], [ 0.73830828548128, 41.029234650445908 ], [ 0.737238511712919, 41.029213648827138 ], [ 0.737247758298189, 41.028943613727357 ], [ 0.73760434797411, 41.028950615302996 ], [ 0.737613592979176, 41.02868058012259 ], [ 0.737970181326166, 41.028687580529791 ], [ 0.737960937775658, 41.028957615776392 ], [ 0.738317527702816, 41.02896461514753 ], [ 0.73830828548128, 41.029234650445908 ], [ 0.738664876988607, 41.029241648780996 ], [ 0.738674117755561, 41.028971613416431 ], [ 0.739387298237741, 41.028985606647439 ], [ 0.739378060379956, 41.029255642144328 ], [ 0.740447836408417, 41.029276623922321 ], [ 0.740466303270977, 41.028736552517337 ], [ 0.741179482099007, 41.028750534593541 ], [ 0.741188712432973, 41.028480498737217 ], [ 0.741545300580582, 41.028487488055859 ], [ 0.741536071701175, 41.028757523978264 ], [ 0.742249251281719, 41.028771499440943 ], [ 0.742258477252005, 41.028501463386377 ], [ 0.743328243199348, 41.028522418115323 ], [ 0.74331902159276, 41.028792454368038 ], [ 0.744032202426708, 41.028806418808138 ], [ 0.744041421124155, 41.028536382423368 ], [ 0.743684832099107, 41.028529400820474 ], [ 0.743694052125837, 41.028259364487312 ], [ 0.742980877360727, 41.02824539810684 ], [ 0.742999322856405, 41.027705325661472 ], [ 0.745138831200743, 41.027747210783865 ], [ 0.745120403159344, 41.028287284021388 ], [ 0.746190167749228, 41.028308212098395 ], [ 0.746199377468906, 41.02803817528892 ], [ 0.745842790601645, 41.028031200431464 ], [ 0.745861212574589, 41.027491126901246 ], [ 0.745148045033635, 41.027477174143499 ], [ 0.745157258741324, 41.02720713748873 ], [ 0.743730930979905, 41.027179219010698 ], [ 0.743721711454313, 41.027449255401457 ], [ 0.742651962585204, 41.027428304771732 ], [ 0.742661186474205, 41.027158268579086 ], [ 0.742304605222955, 41.027151282897492 ], [ 0.742313830441063, 41.02688124675651 ], [ 0.741600671223543, 41.026867272218887 ], [ 0.74160989922514, 41.026597236195641 ], [ 0.740540165702632, 41.026576266321158 ], [ 0.74054939794203, 41.026306230481815 ], [ 0.741262550589487, 41.026320211368102 ], [ 0.741271779794679, 41.026050175382146 ], [ 0.742698080776842, 41.026078123664497 ], [ 0.742707304039169, 41.025808087399845 ], [ 0.743420452373575, 41.025822054796024 ], [ 0.743402011541106, 41.026362127575098 ], [ 0.74447174370864, 41.026383070799376 ], [ 0.744462527467708, 41.026653107365348 ], [ 0.744819106561799, 41.026660086301767 ], [ 0.744855964956576, 41.025579939687454 ], [ 0.744499391680038, 41.025572961015015 ], [ 0.744490175814804, 41.025842997624203 ], [ 0.744133601209137, 41.025836017783632 ], [ 0.744142818528728, 41.025565981240447 ], [ 0.743786245502668, 41.025559000363728 ], [ 0.743813901072909, 41.024748890845828 ], [ 0.743457332535055, 41.02474190906505 ], [ 0.743466552262218, 41.024471872596294 ], [ 0.741327152392298, 41.024429959163854 ], [ 0.741336380719664, 41.024159923077057 ], [ 0.740623251341144, 41.024145943248413 ], [ 0.740632482451553, 41.023875907279397 ], [ 0.739919356483206, 41.023861923174699 ], [ 0.739928590376574, 41.023591887323526 ], [ 0.739572029034794, 41.023584893684209 ], [ 0.739590499353446, 41.023044822070929 ], [ 0.741016733839983, 41.023072789486903 ], [ 0.741007504560027, 41.02334282556523 ], [ 0.741720625464148, 41.023356802793195 ], [ 0.741711398967148, 41.023626838989294 ], [ 0.742067961061458, 41.023633826016287 ], [ 0.74205873589329, 41.023903862264049 ], [ 0.742415299567162, 41.023910848255042 ], [ 0.74243374686975, 41.023370775612982 ], [ 0.742077186104273, 41.023363789754129 ], [ 0.742095635813853, 41.022823717186576 ], [ 0.741739078082038, 41.022816730357803 ], [ 0.741785207432884, 41.021466549017234 ], [ 0.742141757894265, 41.021473535515653 ], [ 0.742150981934328, 41.021203499138267 ], [ 0.741794432926976, 41.021196512705913 ], [ 0.741812883539094, 41.020656440040057 ], [ 0.741456337565087, 41.02064945263789 ], [ 0.741465564137085, 41.020379416349435 ], [ 0.741822108657125, 41.020386403685514 ], [ 0.741831333649809, 41.020116367316568 ], [ 0.742187876841249, 41.020123353484664 ], [ 0.742197100254656, 41.019853317035256 ], [ 0.742910184105636, 41.019867285933564 ], [ 0.742919404485893, 41.019597249337664 ], [ 0.742562863951663, 41.019590265505506 ], [ 0.742572085660529, 41.019320228961242 ], [ 0.742928624740866, 41.019327212727354 ], [ 0.742919404485893, 41.019597249337664 ], [ 0.743632485930187, 41.019611213696251 ], [ 0.74361405086009, 41.020151287137779 ], [ 0.743970594677971, 41.020158267796248 ], [ 0.743979810821704, 41.019888231016672 ], [ 0.744336353310873, 41.019895210507208 ], [ 0.744317923806079, 41.020435284183982 ], [ 0.745031014975833, 41.020449240123249 ], [ 0.745021802943586, 41.020719277071997 ], [ 0.745734897522, 41.020733228735438 ], [ 0.745725688272593, 41.021003265801738 ], [ 0.746438786259564, 41.021017213189261 ], [ 0.746447992600951, 41.020747175991062 ], [ 0.746091444998918, 41.020740202914226 ], [ 0.746100652669202, 41.020470165767584 ], [ 0.745744106646274, 41.020463191654756 ], [ 0.745753315645415, 41.020193154559657 ], [ 0.745040226882908, 41.02017920316009 ], [ 0.745049438664814, 41.019909166182536 ], [ 0.74469289592525, 41.019902188895834 ], [ 0.744702109035912, 41.019632151969859 ], [ 0.744345567875459, 41.019625173647228 ], [ 0.744354782314839, 41.019355136772845 ], [ 0.743998242733491, 41.019348157414328 ], [ 0.744007458501549, 41.019078120591544 ], [ 0.743650920499304, 41.01907114019712 ], [ 0.743669354567459, 41.018531066640371 ], [ 0.744382424881766, 41.0185450260633 ], [ 0.74437321081799, 41.018815062980885 ], [ 0.745442821589922, 41.018835994049212 ], [ 0.745433611762543, 41.019106031150336 ], [ 0.746503228022351, 41.019126952499576 ], [ 0.746512433488116, 41.018856915200615 ], [ 0.746868971037703, 41.01886388671398 ], [ 0.746859767025813, 41.019133924078872 ], [ 0.747216306154338, 41.01914089455628 ], [ 0.747197900663181, 41.019680969374726 ], [ 0.747554442824568, 41.019687938882036 ], [ 0.747545241345356, 41.019957976335576 ], [ 0.748614872941431, 41.019978878443695 ], [ 0.748624070058815, 41.019708840792489 ], [ 0.748267527522405, 41.019701874590929 ], [ 0.748276725968745, 41.01943183699121 ], [ 0.747920185011244, 41.019424869753614 ], [ 0.747929384786501, 41.019154832205388 ], [ 0.747572845407908, 41.019147863931771 ], [ 0.747582046512041, 41.018877826435052 ], [ 0.74722550871235, 41.018870857125464 ], [ 0.747234711145321, 41.018600819680245 ], [ 0.746878174924531, 41.018593849334685 ], [ 0.746887378686298, 41.018323811941009 ], [ 0.746530844044403, 41.018316840559486 ], [ 0.74654004913493, 41.018046803217324 ], [ 0.745826983134017, 41.018032857280595 ], [ 0.745836191007056, 41.017762820055921 ], [ 0.743697004730417, 41.017720956197273 ], [ 0.743706221200939, 41.017450919354104 ], [ 0.744419279884913, 41.017464878248987 ], [ 0.74442849332272, 41.017194841259411 ], [ 0.744785021398757, 41.017201818988127 ], [ 0.744794233257651, 41.01693178191816 ], [ 0.74443770663534, 41.016924804255446 ], [ 0.744456132885023, 41.01638473020428 ], [ 0.744812656599941, 41.016391707735053 ], [ 0.744794233257651, 41.01693178191816 ], [ 0.745150760005127, 41.0169387584791 ], [ 0.745141549599961, 41.017208795615041 ], [ 0.746211134954387, 41.017229718884835 ], [ 0.746238752711042, 41.016419606840238 ], [ 0.745882228495593, 41.016412633716619 ], [ 0.745909849487461, 41.015602521740277 ], [ 0.746266369341948, 41.015609494666059 ], [ 0.746284779803826, 41.015069419811297 ], [ 0.745571746034369, 41.015055473121755 ], [ 0.745580953984845, 41.014785435804669 ], [ 0.745224438741347, 41.014778460873259 ], [ 0.745233648020266, 41.014508423607737 ], [ 0.744877134355449, 41.014501447640583 ], [ 0.744886344962769, 41.014231410426632 ], [ 0.744529832876629, 41.014224433423735 ], [ 0.74453904481231, 41.013954396261369 ], [ 0.743469513665486, 41.013933458840498 ], [ 0.743460297369291, 41.014203495804857 ], [ 0.743103785783935, 41.014196514395167 ], [ 0.743113003533633, 41.013926477496845 ], [ 0.742043473889612, 41.013905526855737 ], [ 0.742052695874497, 41.013635490141134 ], [ 0.74169618769721, 41.013628504456804 ], [ 0.741714634197968, 41.0130884311165 ], [ 0.741358129052885, 41.013081444462642 ], [ 0.741376577959184, 41.012541371196875 ], [ 0.740663573858644, 41.012527394848576 ], [ 0.740635891590735, 41.013337504329094 ], [ 0.739922879271248, 41.013323523177633 ], [ 0.739941340055557, 41.012783450469463 ], [ 0.739584836990754, 41.012776458373494 ], [ 0.739575605207904, 41.013046494668671 ], [ 0.739219100815134, 41.013039501404926 ], [ 0.739191400353648, 41.013849610005565 ], [ 0.738834891726016, 41.01384261544176 ], [ 0.738853361732694, 41.013302543188026 ], [ 0.738496856137435, 41.013295547654863 ], [ 0.738506092405975, 41.01302551157255 ], [ 0.738862596547817, 41.013032507039554 ], [ 0.738881065801644, 41.012492434699375 ], [ 0.739950570259591, 41.012513414093767 ], [ 0.739959800338214, 41.012243377703669 ], [ 0.74031630062168, 41.012250368565766 ], [ 0.740334757496027, 41.011710295610136 ], [ 0.739978260119234, 41.011703304880257 ], [ 0.739987489821635, 41.01143326844695 ], [ 0.740343985745122, 41.011440259110721 ], [ 0.740353213868833, 41.011170222596881 ], [ 0.739996719398632, 41.011163231999234 ], [ 0.740005948850228, 41.010893195537108 ], [ 0.739649455958693, 41.010886203904001 ], [ 0.739658686738135, 41.010616167493595 ], [ 0.740371669740113, 41.010630149526008 ], [ 0.740380897487684, 41.010360112968982 ], [ 0.740024407377224, 41.01035312256964 ], [ 0.740042865402638, 41.009813049544562 ], [ 0.740399352606703, 41.009820039811686 ], [ 0.740408579978152, 41.009550003211423 ], [ 0.741121551856035, 41.00956398030889 ], [ 0.741130776195813, 41.009293943562049 ], [ 0.741843745668708, 41.00930791612133 ], [ 0.741862188159774, 41.008767842320161 ], [ 0.740792742857164, 41.008746882225431 ], [ 0.740801968274054, 41.00847684550147 ], [ 0.742584370472712, 41.008511773154943 ], [ 0.74260280639979, 41.007971699003164 ], [ 0.743315762343802, 41.007985662090135 ], [ 0.74332497721339, 41.007715624860595 ], [ 0.742968500631819, 41.00770864393386 ], [ 0.742977716829234, 41.00743860675594 ], [ 0.743334191957779, 41.007445587616658 ], [ 0.743343406576971, 41.007175550358319 ], [ 0.743699880377703, 41.00718253005158 ], [ 0.743727519125211, 41.006372417992125 ], [ 0.744440458384351, 41.006386373678446 ], [ 0.744458877778482, 41.005846298636179 ], [ 0.746241213586472, 41.005881167917927 ], [ 0.746250415831347, 41.00561113004543 ], [ 0.745893949872519, 41.005604158457778 ], [ 0.745903153445252, 41.005334120636824 ], [ 0.745546689064351, 41.005327148013741 ], [ 0.745555893964904, 41.005057110244323 ], [ 0.746268819946023, 41.00507105425725 ], [ 0.746287223560611, 41.004530978411495 ], [ 0.745930763413201, 41.004524007087568 ], [ 0.745949169433307, 41.003983931316093 ], [ 0.743810428608788, 41.003942081036264 ], [ 0.743819640147843, 41.003672043524723 ], [ 0.743463185234426, 41.003665064689535 ], [ 0.743444759125638, 41.004205139566196 ], [ 0.742731843863296, 41.004191178327851 ], [ 0.742741059885814, 41.003921141028762 ], [ 0.74238460389522, 41.003914158823655 ], [ 0.742403038470097, 41.003374084314331 ], [ 0.742046585510202, 41.003367101140022 ], [ 0.742055804062505, 41.003097063929808 ], [ 0.743125158959729, 41.003118009950796 ], [ 0.743134373028724, 41.00284797252808 ], [ 0.74349082345884, 41.002854952266532 ], [ 0.743527672672436, 41.001774802167624 ], [ 0.743884117417139, 41.001781780540817 ], [ 0.743856485052585, 41.002591893334589 ], [ 0.744569383633202, 41.002605847173243 ], [ 0.744578591641213, 41.002335809457747 ], [ 0.745291487816921, 41.002349758759443 ], [ 0.74530069279455, 41.002079720897626 ], [ 0.746013586565214, 41.002093665662485 ], [ 0.746031990334833, 41.001553589631889 ], [ 0.746388434502471, 41.001560560230601 ], [ 0.746416034861574, 41.000750445878992 ], [ 0.745703155366724, 41.000736503975915 ], [ 0.745721560791243, 41.00019642793324 ], [ 0.745365124136384, 41.000189455461808 ], [ 0.74537432811359, 40.999919417484826 ], [ 0.744661458083999, 40.999905469370411 ], [ 0.744652251201827, 41.000175507215481 ], [ 0.744295814922167, 41.000168531440586 ], [ 0.744258980332488, 41.001248682412985 ], [ 0.743902538367822, 41.001241705272982 ], [ 0.743911748655463, 41.000971667617456 ], [ 0.743198868006659, 41.000957710165864 ], [ 0.743208081074239, 41.000687672627947 ], [ 0.742851642390113, 41.000680692316408 ], [ 0.7428884992187, 40.999600542284831 ], [ 0.741819201347275, 40.999579595535565 ], [ 0.741828419598754, 40.999309558189786 ], [ 0.741471988677823, 40.999302573803824 ], [ 0.741453549144752, 40.999842648348888 ], [ 0.740384248418992, 40.999821688187865 ], [ 0.74039347260548, 40.999551651120761 ], [ 0.741106336725819, 40.999565625530423 ], [ 0.741115557882149, 40.999295588316762 ], [ 0.741471988677823, 40.999302573803824 ], [ 0.741481208256471, 40.999032536509695 ], [ 0.740768349695205, 40.999018564566576 ], [ 0.740777572053365, 40.998748527390184 ], [ 0.740064716898035, 40.998734551174842 ], [ 0.740055491635117, 40.999004588219037 ], [ 0.739699062793064, 40.998997598393636 ], [ 0.739652927336248, 41.000347783068072 ], [ 0.740365799670053, 41.000361762278835 ], [ 0.740356575107599, 41.000631799302724 ], [ 0.740713012914996, 41.000638787322465 ], [ 0.740703789679735, 41.000908824398039 ], [ 0.74034735041982, 41.000901836312202 ], [ 0.740310450415405, 41.001981984206104 ], [ 0.739954005470555, 41.001974994754697 ], [ 0.739944778703504, 41.00224503162606 ], [ 0.738875440263334, 41.002224056466126 ], [ 0.73888467138822, 41.001954019793146 ], [ 0.738528226944909, 41.001947025936865 ], [ 0.738518994367417, 41.002217062543721 ], [ 0.737806102951911, 41.002203071395201 ], [ 0.73776915976634, 41.003283217149225 ], [ 0.737412708436189, 41.003276219658432 ], [ 0.737375757431972, 41.004356364917214 ], [ 0.739158044392023, 41.004391342681728 ], [ 0.739139582664781, 41.004931415886276 ], [ 0.738783122116275, 41.004924422403718 ], [ 0.738764656981699, 41.005464495418352 ], [ 0.738051730449685, 41.0054505048846 ], [ 0.738060965985377, 41.005180468516798 ], [ 0.737704504360418, 41.005173471664072 ], [ 0.737713741223453, 41.004903435348034 ], [ 0.737357281176808, 41.004896437460147 ], [ 0.737366519367146, 41.004626401195885 ], [ 0.735227770440519, 41.004584391138209 ], [ 0.735209276500714, 41.005124462857729 ], [ 0.7344963553855, 41.005110450429669 ], [ 0.734487105321502, 41.00538048613528 ], [ 0.734843567269103, 41.005387492966243 ], [ 0.73483431853227, 41.005657528723724 ], [ 0.735190782058372, 41.005664534519589 ], [ 0.735181534648744, 41.005934570328904 ], [ 0.735537999753349, 41.005941575089686 ], [ 0.735519507462961, 41.00648164679756 ], [ 0.73587597559898, 41.006488650589446 ], [ 0.735866730718276, 41.006758686488013 ], [ 0.736223200432828, 41.006765689244752 ], [ 0.736213956879465, 41.007035725195131 ], [ 0.736570428172555, 41.007042726916694 ], [ 0.736561185946572, 41.007312762918872 ], [ 0.736204713200513, 41.0073057611311 ], [ 0.73619546939597, 41.00757579705266 ], [ 0.735838995322515, 41.007568794097246 ], [ 0.735848240580045, 41.007298758241916 ], [ 0.73513529571596, 41.007284749159297 ], [ 0.735153791666011, 41.006744677670383 ], [ 0.734797322328337, 41.006737671609471 ], [ 0.734806571567814, 41.006467635909651 ], [ 0.734093636175325, 41.00645362061622 ], [ 0.734084384030009, 41.006723656183503 ], [ 0.733371446234501, 41.006709636351985 ], [ 0.733389956211053, 41.006169565468205 ], [ 0.733033490407712, 41.006162554032997 ], [ 0.733042746660248, 41.005892518635783 ], [ 0.732686282435539, 41.005885506165534 ], [ 0.732667766898943, 41.006425576812887 ], [ 0.733024234029415, 41.00643258941578 ], [ 0.732977950251451, 41.007782766113522 ], [ 0.732621475856229, 41.007775753179018 ], [ 0.732630734316348, 41.007505717934635 ], [ 0.732274261499905, 41.007498703965034 ], [ 0.732311299894253, 41.006418563108625 ], [ 0.731954833015366, 41.006411548302999 ], [ 0.731973354363476, 41.005871477920969 ], [ 0.732329818336609, 41.005878492593929 ], [ 0.732339077369089, 41.005608457314956 ], [ 0.733052002787027, 41.005622483224165 ], [ 0.733061258788049, 41.005352447798117 ], [ 0.732704797469024, 41.005345435460512 ], [ 0.732714054797102, 41.005075400086376 ], [ 0.732357595056661, 41.005068386713759 ], [ 0.732366853711759, 41.004798351391536 ], [ 0.732723311999409, 41.00480536469783 ], [ 0.732741826026714, 41.004265293877488 ], [ 0.732385370644586, 41.004258280703844 ], [ 0.732394628922318, 41.003988245338377 ], [ 0.732038175118706, 41.003981231129792 ], [ 0.732047434723364, 41.003711195816251 ], [ 0.731690982498264, 41.003704180572733 ], [ 0.731709504235532, 41.00316411003508 ], [ 0.732422403000819, 41.00317813915548 ], [ 0.732440918424256, 41.0026380682948 ], [ 0.732084471883996, 41.00263105441789 ], [ 0.732102989709537, 41.002090983632215 ], [ 0.731390102816814, 41.002076952840113 ], [ 0.731399364446037, 41.001806917558355 ], [ 0.731042922640975, 41.001799900576863 ], [ 0.731070711131265, 41.000989794844152 ], [ 0.730714273809625, 41.000982776960598 ], [ 0.730723537840521, 41.000712741753894 ], [ 0.731079973709674, 41.000719759571084 ], [ 0.731089236162245, 41.000449724283591 ], [ 0.730732801745557, 41.00044270653278 ], [ 0.730760592705528, 40.999632600782917 ], [ 0.729334873726606, 40.999604519565068 ], [ 0.729325604389531, 40.999874554563853 ], [ 0.72789988161592, 40.999846455462652 ], [ 0.727890606343256, 41.000116490181284 ], [ 0.727534174512423, 41.000109462586749 ], [ 0.727543451237495, 40.999839427934589 ], [ 0.72789988161592, 40.999846455462652 ], [ 0.727936981446481, 40.998766316443955 ], [ 0.729006255909379, 40.998787391624219 ], [ 0.729015526195064, 40.998517356634167 ], [ 0.728302679331785, 40.998503307747924 ], [ 0.728311952396118, 40.998233272876327 ], [ 0.727955530605734, 40.998226246848077 ], [ 0.727964804996361, 40.997956212028498 ], [ 0.728321225334472, 40.997963237990305 ], [ 0.728339770833248, 40.997423168174997 ], [ 0.727626936091992, 40.997409115416168 ], [ 0.727645486895683, 40.996869045808992 ], [ 0.72800190129891, 40.996876072606 ], [ 0.728011175059568, 40.996606037714322 ], [ 0.72836758813661, 40.996613063343887 ], [ 0.728376860319127, 40.996343028371342 ], [ 0.72873327206998, 40.996350052833485 ], [ 0.728714730483314, 40.996890122897035 ], [ 0.729071145264451, 40.996897146391056 ], [ 0.729061875734391, 40.997167181467631 ], [ 0.730131125189913, 40.997188245542965 ], [ 0.730158920332662, 40.996378139672338 ], [ 0.73051533271305, 40.996385158629614 ], [ 0.730524596056749, 40.996115123244195 ], [ 0.730881007110837, 40.996122141034121 ], [ 0.730908792030536, 40.995312034592231 ], [ 0.731978012878661, 40.995333080759025 ], [ 0.732070577540058, 40.992632723025224 ], [ 0.731714184984767, 40.992625709400606 ], [ 0.731723442211172, 40.992355673614277 ], [ 0.731367051233521, 40.992348658955152 ], [ 0.731376309786024, 40.992078623220756 ], [ 0.729950752940816, 40.992050553841551 ], [ 0.729960017174872, 40.991780518358219 ], [ 0.72960362972999, 40.991773498327774 ], [ 0.72961289529, 40.991503462896425 ], [ 0.728187352576619, 40.991475372032404 ], [ 0.728196623817892, 40.991205336852303 ], [ 0.727127472460601, 40.991184257345445 ], [ 0.727099645292759, 40.991994362244363 ], [ 0.726743257403608, 40.991987333341079 ], [ 0.726752534704046, 40.991717298455683 ], [ 0.726396148392736, 40.991710268518112 ], [ 0.726405427018933, 40.991440233684777 ], [ 0.726049042285465, 40.991433202712905 ], [ 0.726039762207479, 40.991703237479754 ], [ 0.725683376148293, 40.991696205340617 ], [ 0.725636966608037, 40.993046378625891 ], [ 0.725280573415721, 40.993039345053354 ], [ 0.725243437705993, 40.994119483155849 ], [ 0.724530640084305, 40.994105412175948 ], [ 0.724539927104842, 40.993835377805034 ], [ 0.724183529935196, 40.993828340730317 ], [ 0.724174241462703, 40.994098375034682 ], [ 0.723817842967287, 40.994091336792529 ], [ 0.723799262739771, 40.994631405224823 ], [ 0.723086460319655, 40.994617325171582 ], [ 0.723077167112562, 40.994887359232933 ], [ 0.7237899724367, 40.99490143941933 ], [ 0.723780682007415, 40.995171473599399 ], [ 0.723067873779218, 40.995157393279833 ], [ 0.723049286733766, 40.995697461330366 ], [ 0.722692879904925, 40.995690419386023 ], [ 0.722683584740727, 40.995960453323036 ], [ 0.722327176586079, 40.99595341021115 ], [ 0.722317879843499, 40.99622344406712 ], [ 0.721961470363048, 40.996216399787663 ], [ 0.721924276321094, 40.997296534800782 ], [ 0.721567861158366, 40.997289489153836 ], [ 0.721558560879863, 40.997559522804416 ], [ 0.720845728029082, 40.997545428074233 ], [ 0.720836424719799, 40.997815461577083 ], [ 0.719410754726229, 40.997787258638006 ], [ 0.719392136110576, 40.998327325066917 ], [ 0.719035716023842, 40.998320271446204 ], [ 0.719007782794953, 40.999130370781181 ], [ 0.71865135847787, 40.999123315859286 ], [ 0.718632732788122, 40.999663381876985 ], [ 0.718276305692899, 40.999656325720572 ], [ 0.718257676592324, 41.000196391547043 ], [ 0.717901246718913, 41.000189334156076 ], [ 0.717891930526411, 41.000459366980905 ], [ 0.717535499327172, 41.000452308422091 ], [ 0.717516863657614, 41.000992373894945 ], [ 0.717160429680123, 41.000985314101484 ], [ 0.717151110203005, 41.001255346749488 ], [ 0.716794674899677, 41.001248285788115 ], [ 0.716757389915062, 41.002328415968634 ], [ 0.717113831028383, 41.002335477197114 ], [ 0.71709519068135, 41.002875542334301 ], [ 0.716382302771127, 41.002861418509006 ], [ 0.716354332585251, 41.003671515705776 ], [ 0.715284988596549, 41.003650321107571 ], [ 0.715294316476369, 41.003380288923537 ], [ 0.714937870186184, 41.003373221921855 ], [ 0.714928540853748, 41.003643254039062 ], [ 0.714572093237697, 41.003636185869318 ], [ 0.714581424022747, 41.00336615381898 ], [ 0.713868532076194, 41.003352014309563 ], [ 0.713859198385921, 41.003622046226198 ], [ 0.714215645748414, 41.003629116598368 ], [ 0.714206313383963, 41.003899148567427 ], [ 0.713493415880527, 41.003885006588128 ], [ 0.713484080483988, 41.00415503840901 ], [ 0.71312763046986, 41.004147965700618 ], [ 0.713118293493824, 41.00441799744015 ], [ 0.712761842153884, 41.004410923563647 ], [ 0.71275250359831, 41.004680955221836 ], [ 0.711326693696771, 41.004652648435624 ], [ 0.71131734920353, 41.004922679811663 ], [ 0.710960895592789, 41.004915600295035 ], [ 0.710951549519879, 41.00518563158969 ], [ 0.710238639773925, 41.0051714691187 ], [ 0.710219941436214, 41.00571153139677 ], [ 0.710576399151169, 41.005718613316851 ], [ 0.710539006762665, 41.006798737967507 ], [ 0.71018254323652, 41.006791655779523 ], [ 0.710173193369029, 41.007061686839087 ], [ 0.707677942074064, 41.00701208021691 ], [ 0.707687302111426, 41.006742049626467 ], [ 0.706974377219892, 41.006727866527953 ], [ 0.706983740035708, 41.006457836057194 ], [ 0.706627279233548, 41.006450742923043 ], [ 0.706646007389123, 41.005910682072333 ], [ 0.707358923309534, 41.005924866971029 ], [ 0.707377645145272, 41.005384805794201 ], [ 0.707021190026947, 41.005377714029621 ], [ 0.707058637983042, 41.004297591770801 ], [ 0.70777153672541, 41.004311773662174 ], [ 0.707780895491191, 41.004041742927221 ], [ 0.707424447509056, 41.004034652599202 ], [ 0.707471246693667, 41.002684499042864 ], [ 0.708184128259325, 41.002698677927199 ], [ 0.708193484809735, 41.002428647038471 ], [ 0.70854992433073, 41.002435734761868 ], [ 0.708559279301524, 41.002165703791668 ], [ 0.708915717497114, 41.002172790346876 ], [ 0.708925070888331, 41.001902759295199 ], [ 0.709281507758512, 41.001909844682238 ], [ 0.709290859570193, 41.001639813549112 ], [ 0.709647295114959, 41.001646897768026 ], [ 0.709656645347142, 41.001376866553457 ], [ 0.708230909740233, 41.001348523339075 ], [ 0.708221553698275, 41.001618554285606 ], [ 0.707152248970348, 41.001597285111949 ], [ 0.707133527790301, 41.002137346559351 ], [ 0.706420652797648, 41.002123161336328 ], [ 0.706411289111884, 41.00239319190419 ], [ 0.703916220478444, 41.002343508467824 ], [ 0.703925594331584, 41.00207347836983 ], [ 0.702856285470271, 41.002052169152876 ], [ 0.702865663553419, 41.001782139241946 ], [ 0.702509228973557, 41.001775034034566 ], [ 0.702518608381726, 41.001505004176366 ], [ 0.701805742509153, 41.001490790592669 ], [ 0.701815124694712, 41.001220760854423 ], [ 0.701458693402015, 41.001213652478135 ], [ 0.701477460295493, 41.000673593092735 ], [ 0.700764603902051, 41.000659373305858 ], [ 0.700783376094942, 41.00011931413156 ], [ 0.700426950994144, 41.000112202721013 ], [ 0.700436338351618, 40.999842173179445 ], [ 0.698297799139473, 40.999799481997925 ], [ 0.698307195083051, 40.999529452845628 ], [ 0.697950773779951, 40.999522333862416 ], [ 0.697969568188638, 40.998982275649055 ], [ 0.699038823767433, 40.999003628891735 ], [ 0.699048216423655, 40.998733599561412 ], [ 0.697978965201485, 40.998712246520675 ], [ 0.697988362086672, 40.998442217377828 ], [ 0.697275531481199, 40.998427976647086 ], [ 0.697284931143056, 40.998157947624449 ], [ 0.696215690549113, 40.998136578473094 ], [ 0.696225094439692, 40.997866549638076 ], [ 0.695512270920079, 40.997852298167139 ], [ 0.695502864125232, 40.998122326867374 ], [ 0.69479003821253, 40.998108070857803 ], [ 0.694780628385587, 40.99837809940874 ], [ 0.69442421416883, 40.998370969685084 ], [ 0.694414802761884, 40.998640998154109 ], [ 0.69370197180763, 40.998626735269013 ], [ 0.693692557368457, 40.998896763588689 ], [ 0.693336140630986, 40.998889630427222 ], [ 0.693326724611714, 40.999159658664951 ], [ 0.692970306549962, 40.999152524335017 ], [ 0.692960888950551, 40.999422552490806 ], [ 0.692248050306461, 40.999408280392991 ], [ 0.692257470810304, 40.999138252372184 ], [ 0.691901053132434, 40.999131114739264 ], [ 0.69191047496049, 40.998861086771477 ], [ 0.69119764289315, 40.998846808337738 ], [ 0.691188218160715, 40.999116836170494 ], [ 0.690831800866905, 40.999109695234615 ], [ 0.690841227051525, 40.998839667469397 ], [ 0.690128395752469, 40.998825382429771 ], [ 0.69011896666348, 40.999095410059887 ], [ 0.687980467128196, 40.999052528112131 ], [ 0.688008780149683, 40.998242446394983 ], [ 0.687295956709666, 40.998228144010341 ], [ 0.687305397031288, 40.997958116877584 ], [ 0.686592577008481, 40.997943810224477 ], [ 0.686611463075286, 40.997403756186124 ], [ 0.685898649373912, 40.997389445399953 ], [ 0.685889203500529, 40.997659472291033 ], [ 0.685532795390257, 40.997652315178904 ], [ 0.685504452643857, 40.998462395562157 ], [ 0.685860865110423, 40.998469552877353 ], [ 0.685851418723729, 40.998739579710481 ], [ 0.685495004805026, 40.998732422327606 ], [ 0.685485556837843, 40.99900244907856 ], [ 0.684772726481207, 40.998988130874494 ], [ 0.684763275481322, 40.999258157475559 ], [ 0.684406859043413, 40.999250996654361 ], [ 0.684397406462942, 40.999521023173216 ], [ 0.68404098870126, 40.999513861183296 ], [ 0.684031534540164, 40.99978388761992 ], [ 0.683675115454713, 40.999776724461299 ], [ 0.683637291716899, 41.000856829791935 ], [ 0.683280866950893, 41.000849665261278 ], [ 0.683271409242975, 41.001119691489961 ], [ 0.682558557191844, 41.001105358989996 ], [ 0.682549096450798, 41.001375385068648 ], [ 0.682192669165699, 41.001368217099298 ], [ 0.682183206843789, 41.001638243095663 ], [ 0.68147034975459, 41.001623903718212 ], [ 0.681460884399423, 41.001893929564481 ], [ 0.680748024919891, 41.001879585647117 ], [ 0.680738556531394, 41.002149611343249 ], [ 0.680025694661659, 41.002135262885922 ], [ 0.680006751689187, 41.002675313963302 ], [ 0.678937451135353, 41.002653782611979 ], [ 0.678927975098846, 41.002923807925292 ], [ 0.678571540385933, 41.002916628538102 ], [ 0.678562062768254, 41.003186653769028 ], [ 0.677492755044853, 41.00316510879707 ], [ 0.67746430834702, 41.003975183791617 ], [ 0.678177188748646, 41.003989548614896 ], [ 0.678186668205104, 41.00371952349537 ], [ 0.678543107146613, 41.003726704187386 ], [ 0.678533629142647, 41.003996729374833 ], [ 0.679959392006118, 41.004025441403051 ], [ 0.679968864200099, 41.003755415944092 ], [ 0.681751063412228, 41.00379128086432 ], [ 0.681760528215096, 41.003521255051687 ], [ 0.68211696699087, 41.003528424664488 ], [ 0.682126430212681, 41.003258398769553 ], [ 0.682482867664546, 41.003265567213418 ], [ 0.682473405895209, 41.003535593176146 ], [ 0.682829844928093, 41.003542760586676 ], [ 0.682820384482706, 41.003812786602687 ], [ 0.683176825096614, 41.003819952979853 ], [ 0.683186284089504, 41.003549926896078 ], [ 0.684255602344693, 41.003571419217387 ], [ 0.684265056851631, 41.003301392915873 ], [ 0.682839305244954, 41.00327273455617 ], [ 0.682848765433292, 41.003002708511197 ], [ 0.683205201689767, 41.003009874685034 ], [ 0.683214660297145, 41.002739848557781 ], [ 0.683927530290698, 41.002754177466592 ], [ 0.683936985864732, 41.00248415118935 ], [ 0.685006287461189, 41.002505636091044 ], [ 0.6850251895095, 41.001965583086701 ], [ 0.685738052072894, 41.001979900578199 ], [ 0.68574749999971, 41.001709873918891 ], [ 0.686103930021576, 41.001717030945315 ], [ 0.686122822585454, 41.001176977447884 ], [ 0.687192104706883, 41.00119844151471 ], [ 0.687201546439364, 41.000928414541278 ], [ 0.687914398923723, 41.000942718278601 ], [ 0.687933276194694, 41.000402664017727 ], [ 0.688289699724631, 41.000409814099577 ], [ 0.688299136715507, 41.000139786879799 ], [ 0.68865555892138, 41.000146935792998 ], [ 0.688646123382775, 41.000416963080376 ], [ 0.689715395126251, 41.000438403416602 ], [ 0.689705963816344, 41.000708430892267 ], [ 0.691131667077216, 41.000737002862941 ], [ 0.691141092577917, 41.00046697511705 ], [ 0.691853942072123, 41.000481254361034 ], [ 0.691835096751944, 41.001021310108413 ], [ 0.692547952567476, 41.001035585218226 ], [ 0.692519692341324, 41.001845669135719 ], [ 0.691806827811567, 41.001831393620897 ], [ 0.691797404575405, 41.002101421429437 ], [ 0.69072810438375, 41.002079999696392 ], [ 0.690718676662292, 41.002350027287854 ], [ 0.691075111383879, 41.002357169034184 ], [ 0.691037405027086, 41.003437279525457 ], [ 0.691393845686632, 41.003444420440786 ], [ 0.691384420229784, 41.003714448094954 ], [ 0.692097304838064, 41.003728726757188 ], [ 0.692116149813641, 41.003188671164331 ], [ 0.692472589404772, 41.003195808708689 ], [ 0.692482010248054, 41.002925780823055 ], [ 0.692838448514684, 41.002932917198777 ], [ 0.692847867777507, 41.002662889231161 ], [ 0.693917178987699, 41.002684291549087 ], [ 0.693907764082305, 41.002954319719102 ], [ 0.694620641766966, 41.002968582560271 ], [ 0.694611229638665, 41.003238610850694 ], [ 0.695324110739815, 41.003252869422127 ], [ 0.6953523380262, 41.002442784102897 ], [ 0.69570877441107, 41.002449911534654 ], [ 0.695718181798427, 41.002179882998561 ], [ 0.696431052046664, 41.002194134423924 ], [ 0.69642164756421, 41.0024641630948 ], [ 0.696778084332442, 41.002471287223166 ], [ 0.696768681174695, 41.002741315946942 ], [ 0.697125119523151, 41.00274843904154 ], [ 0.697087511424746, 41.003828554061407 ], [ 0.696731067266188, 41.003821430697343 ], [ 0.696721663469672, 41.004091459348771 ], [ 0.697078109080805, 41.004098582780209 ], [ 0.697059304009699, 41.004638640174385 ], [ 0.696702855493358, 41.004631516608214 ], [ 0.696712259545396, 41.004361487985726 ], [ 0.69635581260943, 41.004354363385708 ], [ 0.696365217986299, 41.004084334816135 ], [ 0.695652327402911, 41.004070082447313 ], [ 0.69566173555714, 41.003800053998049 ], [ 0.695305291909731, 41.003792926229252 ], [ 0.695286472568301, 41.004332982978482 ], [ 0.695642919120864, 41.004340110882104 ], [ 0.695633510710995, 41.004610139302436 ], [ 0.695277062705827, 41.004603011331412 ], [ 0.695267652715509, 41.004873039669846 ], [ 0.695624102173303, 41.004880167708279 ], [ 0.695614693507787, 41.005150196099663 ], [ 0.694901791814754, 41.005135938786736 ], [ 0.694892380116083, 41.005405967028807 ], [ 0.6938230241776, 41.005384572597897 ], [ 0.693813607993024, 41.005654600623167 ], [ 0.693457154816682, 41.005647466876255 ], [ 0.693447737051481, 41.005917494819585 ], [ 0.692734828177282, 41.005903223887067 ], [ 0.692725407378707, 41.00617325168097 ], [ 0.691299585355527, 41.006144696330843 ], [ 0.691309011964924, 41.005874668806982 ], [ 0.690952558231959, 41.005867527283826 ], [ 0.690961986165968, 41.005597499813042 ], [ 0.689179726686239, 41.005561776016414 ], [ 0.689189161755438, 41.005291748868977 ], [ 0.687050463325959, 41.005248844378123 ], [ 0.687069350511188, 41.004708790851296 ], [ 0.686712904127098, 41.004701636383878 ], [ 0.686722348979843, 41.004431609666405 ], [ 0.685653014955278, 41.004410139860035 ], [ 0.685643565744808, 41.004680166374477 ], [ 0.684930674131798, 41.004665847528912 ], [ 0.684921221887774, 41.004935873893459 ], [ 0.684564774821296, 41.004928712751166 ], [ 0.684555320996248, 41.005198739033496 ], [ 0.684198872605605, 41.005191576722289 ], [ 0.684189417199494, 41.005461602922388 ], [ 0.683832967484688, 41.005454439442218 ], [ 0.683823510497475, 41.005724465560093 ], [ 0.684536412960836, 41.005738791554684 ], [ 0.684526958750465, 41.00600881779355 ], [ 0.684883411627484, 41.006015979206722 ], [ 0.684864505726794, 41.006556031776441 ], [ 0.684508049944385, 41.00654887022781 ], [ 0.684498595348672, 41.006818896423205 ], [ 0.68378568126378, 41.006804569886683 ], [ 0.683795138764935, 41.006534543826767 ], [ 0.682725772959474, 41.006513045965789 ], [ 0.682744696292439, 41.005972994209095 ], [ 0.682031792208896, 41.005958657066678 ], [ 0.682050720838254, 41.005418605523197 ], [ 0.681694271894626, 41.005411435435754 ], [ 0.681713202914868, 41.004871383969906 ], [ 0.6824260951203, 41.004885722772372 ], [ 0.682435557532384, 41.004615696882105 ], [ 0.68136622377483, 41.004594187230047 ], [ 0.681375690416013, 41.0043241615287 ], [ 0.679949919683449, 41.00429546684753 ], [ 0.679902556139729, 41.005645593852428 ], [ 0.679546106515372, 41.005638417089884 ], [ 0.679536631967901, 41.005908442379514 ], [ 0.680605985584967, 41.005929969567084 ], [ 0.680615455774521, 41.005659944073884 ], [ 0.680971905784917, 41.005667117532781 ], [ 0.680962437048006, 41.005937143093831 ], [ 0.68167534035999, 41.005951486843628 ], [ 0.681665874399769, 41.006221512525812 ], [ 0.682022327701343, 41.006228682816683 ], [ 0.68200339830048, 41.00676873427323 ], [ 0.680221118551908, 41.006732871128222 ], [ 0.680230590580153, 41.006462845746341 ], [ 0.679874136469121, 41.006455669881426 ], [ 0.679855189378526, 41.006995720494949 ], [ 0.679498732490787, 41.006988543393049 ], [ 0.679489257299691, 41.00725856861019 ], [ 0.679132799087947, 41.007251390339128 ], [ 0.679123322315367, 41.007521415473896 ], [ 0.679479781979864, 41.007528593812829 ], [ 0.679470306531304, 41.007798619000994 ], [ 0.679826767777309, 41.007805796306513 ], [ 0.679817293652809, 41.008075821548033 ], [ 0.680173756480326, 41.008082997820125 ], [ 0.680164283679925, 41.008353023115028 ], [ 0.680520748088957, 41.008360198353664 ], [ 0.680511276612695, 41.008630223701921 ], [ 0.680867742603248, 41.00863739790708 ], [ 0.680858272451163, 41.008907423308685 ], [ 0.680145337693022, 41.008893073661334 ], [ 0.680135864506517, 41.009163098912737 ], [ 0.679422927357441, 41.009148744724278 ], [ 0.679413451136442, 41.009418769825444 ], [ 0.679769921099511, 41.009425947538233 ], [ 0.679760446202678, 41.009695972692775 ], [ 0.680473389420807, 41.009710324949985 ], [ 0.680463917301116, 41.009980350225774 ], [ 0.680820390556164, 41.009987524770153 ], [ 0.680829861222917, 41.009717499426529 ], [ 0.681542805213127, 41.009731845075507 ], [ 0.681552272845365, 41.009461819581716 ], [ 0.682265214444247, 41.009476160689559 ], [ 0.682255749717859, 41.009746186318971 ], [ 0.682968694736956, 41.009760523156942 ], [ 0.682949770710243, 41.010300574643423 ], [ 0.683306246318554, 41.010307741545887 ], [ 0.683296785565356, 41.010577767335178 ], [ 0.68222735476714, 41.010556263120229 ], [ 0.682217889526376, 41.010826288691668 ], [ 0.682574367783551, 41.01083345793252 ], [ 0.682564903867214, 41.011103483557264 ], [ 0.682921383705998, 41.011110651764483 ], [ 0.682911921114128, 41.011380677442517 ], [ 0.683268402534525, 41.011387844616095 ], [ 0.683249479871254, 41.011927896064236 ], [ 0.683962448909994, 41.0119422273781 ], [ 0.683943531545022, 41.012482279039332 ], [ 0.684300019163416, 41.012489443179554 ], [ 0.684290561741318, 41.012759469056185 ], [ 0.684647050941363, 41.012766632162659 ], [ 0.684665962750772, 41.01222658025943 ], [ 0.685378935723666, 41.012240902896991 ], [ 0.685388388529421, 41.01197087678819 ], [ 0.684318933622137, 41.011949391382821 ], [ 0.684328390658762, 41.011679365462712 ], [ 0.685754324979621, 41.011708010196045 ], [ 0.685744873755401, 41.011978036387042 ], [ 0.686101359109791, 41.011985194884424 ], [ 0.686091909210286, 41.012255221128626 ], [ 0.686448396146196, 41.012262378592212 ], [ 0.686438947571446, 41.012532404889605 ], [ 0.686795436088877, 41.012539561319386 ], [ 0.686785988838923, 41.012809587669963 ], [ 0.687142478937881, 41.012816743065912 ], [ 0.68713303301276, 41.01308676946968 ], [ 0.686776541460611, 41.013079614006074 ], [ 0.686785988838923, 41.012809587669963 ], [ 0.685716519312271, 41.012788114873082 ], [ 0.68573542240277, 41.012248062563543 ], [ 0.685378935723666, 41.012240902896991 ], [ 0.685369482789479, 41.01251092899129 ], [ 0.685012994785664, 41.01250376815554 ], [ 0.684984630852951, 41.013313846148371 ], [ 0.684628138618052, 41.013306684007951 ], [ 0.684637594843946, 41.013036658092545 ], [ 0.684281104190725, 41.013029494918335 ], [ 0.684290561741318, 41.012759469056185 ], [ 0.683934072669767, 41.012752304848227 ], [ 0.683943531545022, 41.012482279039332 ], [ 0.682517582356768, 41.012453611463577 ], [ 0.682527046916032, 41.012183585911302 ], [ 0.681457590734354, 41.012162073867337 ], [ 0.681467059524341, 41.011892048504009 ], [ 0.680754092285964, 41.011877701769698 ], [ 0.680763563853463, 41.011607676527532 ], [ 0.68040708188037, 41.011600501576055 ], [ 0.680416554772243, 41.011330476387243 ], [ 0.679703594118295, 41.011316123315666 ], [ 0.679694118320317, 41.011586148368735 ], [ 0.680050600035982, 41.011593325523108 ], [ 0.680041125562331, 41.011863350629561 ], [ 0.680397608859795, 41.011870526750357 ], [ 0.680388135710514, 41.012140551910164 ], [ 0.681101105597733, 41.012154900983091 ], [ 0.681082164725552, 41.012694951530626 ], [ 0.680369189025826, 41.012680602186322 ], [ 0.680359715490416, 41.012950627302644 ], [ 0.680716204729088, 41.012957802593405 ], [ 0.680687787710151, 41.013767878058971 ], [ 0.680331294111895, 41.013760702564667 ], [ 0.680340768033453, 41.013490677491809 ], [ 0.679984276017128, 41.013483500963851 ], [ 0.679974800642359, 41.013753525968816 ], [ 0.679618307301561, 41.013746348271461 ], [ 0.679608830344823, 41.014016373194067 ], [ 0.678182852456523, 41.013987651117752 ], [ 0.678173369558044, 41.014257675754251 ], [ 0.67852986529015, 41.014264857993531 ], [ 0.678520383716091, 41.014534882683449 ], [ 0.678876881030283, 41.014542063889117 ], [ 0.678867400780682, 41.014812088632432 ], [ 0.678154403374558, 41.014797724983737 ], [ 0.678163886530722, 41.014527700376242 ], [ 0.677807389474199, 41.014520516967465 ], [ 0.67781687395478, 41.014250492413389 ], [ 0.677460378480377, 41.014243307971029 ], [ 0.677441406483817, 41.014783356928774 ], [ 0.676728410108618, 41.01476898446758 ], [ 0.676737899077887, 41.014498960131867 ], [ 0.675311913687814, 41.014470202262743 ], [ 0.675330902865498, 41.013930154091696 ], [ 0.675687396113091, 41.013937345075291 ], [ 0.67569688905523, 41.013667320900012 ], [ 0.676409873030912, 41.013681699426655 ], [ 0.676400382995193, 41.013951723737911 ], [ 0.676756876629661, 41.013958911416935 ], [ 0.676766365212169, 41.013688887037716 ], [ 0.677122857522341, 41.013696073547251 ], [ 0.67714183139424, 41.01315602460938 ], [ 0.675002896905502, 41.013112889845267 ], [ 0.674993401314982, 41.013382913913539 ], [ 0.674636911231788, 41.013375720862932 ], [ 0.674627414059072, 41.013645744848695 ], [ 0.67427092265173, 41.013638550628571 ], [ 0.674242425999708, 41.01444862229468 ], [ 0.673172939473145, 41.014427032412769 ], [ 0.673163435971252, 41.014697056068307 ], [ 0.673519932804266, 41.014704253865219 ], [ 0.673510430626526, 41.014974277574296 ], [ 0.674223427586392, 41.014988669999575 ], [ 0.674204428656818, 41.015528717646426 ], [ 0.673491425883731, 41.01551432494896 ], [ 0.673500928319681, 41.015244301268886 ], [ 0.672787928969648, 41.015229904301243 ], [ 0.672778423627074, 41.015499927845184 ], [ 0.673134924690839, 41.015507126947867 ], [ 0.673125420672448, 41.015777150545368 ], [ 0.673481923318672, 41.015784348614531 ], [ 0.673462917801223, 41.016324395902153 ], [ 0.672393401529801, 41.016302797981425 ], [ 0.672383894217239, 41.016572821399222 ], [ 0.670957868516998, 41.016544008476629 ], [ 0.670938841877053, 41.017084054723774 ], [ 0.66986931523854, 41.017062433055983 ], [ 0.669888350598914, 41.016522387217734 ], [ 0.669531844884819, 41.016515177928213 ], [ 0.669541363824407, 41.016245155055486 ], [ 0.669184859693014, 41.016237944732566 ], [ 0.669175339300057, 41.016507967537095 ], [ 0.668105823321964, 41.016486329754102 ], [ 0.668096298439501, 41.016756352339506 ], [ 0.667383285527704, 41.016741921506359 ], [ 0.667392813316927, 41.016471899057422 ], [ 0.666323299280303, 41.016450244750388 ], [ 0.66633283130014, 41.016180222491698 ], [ 0.665976328333611, 41.016173002254426 ], [ 0.665985861677272, 41.015902980049503 ], [ 0.665272859039473, 41.015888536406806 ], [ 0.665282395160226, 41.015618514323933 ], [ 0.664569395947297, 41.015604066411576 ], [ 0.664550317762967, 41.016144110289545 ], [ 0.664193815444273, 41.016136884544359 ], [ 0.664165192835642, 41.016946950047434 ], [ 0.665591220328344, 41.01697584723842 ], [ 0.665572149568404, 41.017515891381045 ], [ 0.66628516990583, 41.017530333639982 ], [ 0.666266104441494, 41.018070377997667 ], [ 0.664840052657217, 41.018041488526883 ], [ 0.664830513916822, 41.018311510410761 ], [ 0.664473999841225, 41.018304285220609 ], [ 0.664464459517727, 41.018574307021652 ], [ 0.664107944118253, 41.018567080661484 ], [ 0.664098402211612, 41.018837102379663 ], [ 0.663741885488267, 41.018829874849487 ], [ 0.663732341998443, 41.019099896484796 ], [ 0.663375823951229, 41.019092667784598 ], [ 0.663356733675447, 41.019632710874944 ], [ 0.663713254629787, 41.019639939711858 ], [ 0.66372279837895, 41.019369918105603 ], [ 0.664079318009387, 41.019377145772467 ], [ 0.664088860175324, 41.019107124083327 ], [ 0.664445378481853, 41.019114350580168 ], [ 0.664454919064603, 41.018844328808164 ], [ 0.665167953159448, 41.018858778360084 ], [ 0.665177490705527, 41.018588756436927 ], [ 0.666247038459068, 41.018610422297286 ], [ 0.666256571515042, 41.018340400154742 ], [ 0.667326116073781, 41.018362055895196 ], [ 0.667307058553441, 41.018902100575346 ], [ 0.667663576572363, 41.018909317088614 ], [ 0.667644521441281, 41.019449361847172 ], [ 0.668001042496787, 41.019456577395232 ], [ 0.667991516190664, 41.019726599820963 ], [ 0.667278471301909, 41.019712167486681 ], [ 0.667249882885102, 41.020522234267368 ], [ 0.666180303440403, 41.020500576888622 ], [ 0.666189837403101, 41.020230554847707 ], [ 0.665833312634236, 41.020223333586237 ], [ 0.665842847921025, 41.019953311599068 ], [ 0.665129801679234, 41.019938865907498 ], [ 0.665120263485197, 41.020208887758059 ], [ 0.664763739105063, 41.020201663191358 ], [ 0.664754199327789, 41.020471684959084 ], [ 0.665110725161564, 41.020478909594082 ], [ 0.665091648125495, 41.021018953222594 ], [ 0.664378590772889, 41.021004502577533 ], [ 0.664388132263082, 41.020734480907194 ], [ 0.663675078336397, 41.020720025991736 ], [ 0.663665533938854, 41.020990047525402 ], [ 0.662595949660466, 41.020968356683959 ], [ 0.66260549841902, 41.020698335355391 ], [ 0.662248972039345, 41.020691102939779 ], [ 0.662239421827126, 41.02096112419995 ], [ 0.660813311791575, 41.020932183246316 ], [ 0.66080375563487, 41.021202204218284 ], [ 0.660447226996857, 41.02119496615704 ], [ 0.660437669256616, 41.021464987046045 ], [ 0.662220321013402, 41.021501166676693 ], [ 0.662229871485146, 41.021231145445576 ], [ 0.662942930188941, 41.021245609448599 ], [ 0.662923834930555, 41.021785652169847 ], [ 0.662567302606351, 41.021778420582471 ], [ 0.662557753328821, 41.02204844185291 ], [ 0.662201219680619, 41.022041209095349 ], [ 0.66218211782876, 41.02258125145589 ], [ 0.663251727885251, 41.022602946833494 ], [ 0.663261274514706, 41.022332925455345 ], [ 0.665400489406659, 41.02237628605117 ], [ 0.665362337002343, 41.023456373116773 ], [ 0.664649253222475, 41.023441923445567 ], [ 0.664639711889641, 41.023711945039047 ], [ 0.663926625720589, 41.023697490823736 ], [ 0.663917081350322, 41.02396751226599 ], [ 0.663560537006419, 41.023960283437169 ], [ 0.663570082830577, 41.023690262063255 ], [ 0.66285699743968, 41.023675801236706 ], [ 0.66286654604187, 41.023405779985005 ], [ 0.662153464077668, 41.023391314887775 ], [ 0.662134360928048, 41.023931357103081 ], [ 0.661777817232863, 41.023924122764861 ], [ 0.661768264009479, 41.02419414378231 ], [ 0.659985540211518, 41.024157955220957 ], [ 0.659966418836092, 41.024697996527884 ], [ 0.659609871558295, 41.024690755373044 ], [ 0.659600309221774, 41.024960775936243 ], [ 0.659243760619958, 41.024953533611004 ], [ 0.659215068468858, 41.025763595007987 ], [ 0.659928174526335, 41.025778078967413 ], [ 0.659899489929912, 41.026588140644506 ], [ 0.659186375148164, 41.026573656274195 ], [ 0.659138550347763, 41.027923758093955 ], [ 0.659495114944283, 41.027931001172526 ], [ 0.659485551048479, 41.028201021561372 ], [ 0.659842117229134, 41.028208263606409 ], [ 0.659832554657583, 41.028478284049193 ], [ 0.659475987022724, 41.028471041935688 ], [ 0.659466422867013, 41.028741062295467 ], [ 0.660536130524054, 41.028762785535264 ], [ 0.660526570601122, 41.029032806085937 ], [ 0.661596283790001, 41.029054519612494 ], [ 0.661605839350179, 41.028784498856524 ], [ 0.660892700002891, 41.028770024411081 ], [ 0.660902258341694, 41.028500003777431 ], [ 0.660545690317088, 41.028492764970075 ], [ 0.660583928190283, 41.027412682563998 ], [ 0.660940490398167, 41.027419921097597 ], [ 0.660930932578857, 41.027689941789347 ], [ 0.661287496370763, 41.027697179289355 ], [ 0.661277939875754, 41.027967200035015 ], [ 0.661634505251686, 41.027974436501417 ], [ 0.661605839350179, 41.028784498856524 ], [ 0.661962409218591, 41.028791734426143 ], [ 0.661952855112669, 41.029061755250545 ], [ 0.662309426565158, 41.029068989786524 ], [ 0.662290320872422, 41.029609031528572 ], [ 0.662646895363291, 41.02961626509925 ], [ 0.662656446820262, 41.029346244167108 ], [ 0.664082740264181, 41.029375167155422 ], [ 0.664092285774232, 41.029105145935254 ], [ 0.664448858005234, 41.029112373858766 ], [ 0.664439313949473, 41.02938239514728 ], [ 0.66479588776445, 41.029389622037044 ], [ 0.664786345033316, 41.029659643379354 ], [ 0.665142920432271, 41.029666869235363 ], [ 0.665123837489683, 41.030206912013078 ], [ 0.665480415926975, 41.030214136903595 ], [ 0.665470875715578, 41.030484158338993 ], [ 0.665114295823911, 41.030476933380164 ], [ 0.665095212103406, 41.031016976070738 ], [ 0.66473862943259, 41.031009749873114 ], [ 0.66472908592342, 41.031279771128297 ], [ 0.664372501927852, 41.031272543760181 ], [ 0.664401136429559, 41.030462480156075 ], [ 0.663687977553981, 41.030448022523466 ], [ 0.663697525037229, 41.030178001429753 ], [ 0.662984369589306, 41.030163539525354 ], [ 0.66299391985151, 41.029893518553862 ], [ 0.662637343776535, 41.029886286016882 ], [ 0.662618240213656, 41.03042632780857 ], [ 0.662974819197332, 41.030433560482315 ], [ 0.662965268675587, 41.030703581424767 ], [ 0.663321849243416, 41.030710813064765 ], [ 0.663312300046297, 41.030980834061062 ], [ 0.66402546448001, 41.030995294171397 ], [ 0.663987278029583, 41.032075378558254 ], [ 0.663630689930038, 41.032068148780709 ], [ 0.66362114153862, 41.032338169772757 ], [ 0.663264552114318, 41.032330938824671 ], [ 0.663255002138631, 41.03260095973382 ], [ 0.662898411389575, 41.032593727615136 ], [ 0.662879308139795, 41.033133769253084 ], [ 0.662522714611433, 41.033126535895398 ], [ 0.662532267755776, 41.032856515152069 ], [ 0.662175675811782, 41.032849280760558 ], [ 0.66218523028085, 41.032579260071131 ], [ 0.661472049691434, 41.0325647881183 ], [ 0.661443377167424, 41.03337484973251 ], [ 0.660730188370188, 41.033360372960196 ], [ 0.660711066886427, 41.033900413689942 ], [ 0.661067664129293, 41.0339076527641 ], [ 0.661058104647166, 41.034177673175627 ], [ 0.661414703474555, 41.034184911216002 ], [ 0.661395587029917, 41.034724952132336 ], [ 0.661752188896506, 41.034732189207276 ], [ 0.661742631934053, 41.03500220971209 ], [ 0.662099235385196, 41.035009445753154 ], [ 0.662080123980133, 41.035549486856027 ], [ 0.661366911388831, 41.035535013397883 ], [ 0.661386028612775, 41.034994972568718 ], [ 0.661029425421381, 41.034987734323039 ], [ 0.661038985293211, 41.034717713955096 ], [ 0.659255978558621, 41.034681506534618 ], [ 0.659227276732897, 41.035491566567792 ], [ 0.658157461159766, 41.035469828271474 ], [ 0.658147889260315, 41.035739848047918 ], [ 0.658504495776049, 41.035747095317525 ], [ 0.658494925201279, 41.036017115147963 ], [ 0.659564749892958, 41.036038850548373 ], [ 0.659574316103465, 41.035768830512417 ], [ 0.659930923139276, 41.035776073372723 ], [ 0.659902228482113, 41.036586133642444 ], [ 0.660258840012234, 41.036593375605854 ], [ 0.660239712500573, 41.037133415849972 ], [ 0.660596327070312, 41.037140656847946 ], [ 0.66057720194855, 41.037680697170863 ], [ 0.660220584469068, 41.037673456035968 ], [ 0.660211020258371, 41.037943476107181 ], [ 0.659854401453955, 41.037936233801382 ], [ 0.659844835658373, 41.038206253789575 ], [ 0.66091469682626, 41.038227977605104 ], [ 0.660905135265509, 41.038497997784177 ], [ 0.661261757369635, 41.038505236919612 ], [ 0.661252197133915, 41.038775257152594 ], [ 0.660895573574828, 41.038768017948712 ], [ 0.660886011754213, 41.039038038098717 ], [ 0.660172762115896, 41.039023556246683 ], [ 0.660163197255346, 41.039293576245242 ], [ 0.659449945226935, 41.03927908984641 ], [ 0.659440377326377, 41.039549109693468 ], [ 0.658370495893899, 41.039527371621226 ], [ 0.658360923498232, 41.039797391248221 ], [ 0.656934410922673, 41.039768391443161 ], [ 0.656915254100674, 41.040308430105135 ], [ 0.657628515948421, 41.040322932486852 ], [ 0.657638091514378, 41.040052913026003 ], [ 0.658351350972484, 41.040067410860665 ], [ 0.658341778316657, 41.040337430458578 ], [ 0.659055041205227, 41.040351924020314 ], [ 0.659064610950917, 41.040081904285373 ], [ 0.659421241135205, 41.040089149343963 ], [ 0.659430809295802, 41.039819129525981 ], [ 0.660144067144314, 41.039833616198756 ], [ 0.66015363226482, 41.039563596229264 ], [ 0.661223515647272, 41.039585317764384 ], [ 0.661233076272737, 41.03931529757498 ], [ 0.662302956459384, 41.039337008982521 ], [ 0.662293400198999, 41.039607029377208 ], [ 0.661936771885204, 41.039599793275421 ], [ 0.661927214039911, 41.03986981358716 ], [ 0.661570584400949, 41.039862576314462 ], [ 0.661561024970708, 41.040132596543238 ], [ 0.662274287288649, 41.040147070123005 ], [ 0.662283843808755, 41.039877049757372 ], [ 0.662640473707462, 41.039884284825092 ], [ 0.662650028642655, 41.039614264376539 ], [ 0.663363285919469, 41.039628731067708 ], [ 0.663372837814755, 41.03935871046783 ], [ 0.664086092700696, 41.039373172612329 ], [ 0.664076543715486, 41.03964319334893 ], [ 0.664433172808147, 41.039650422835834 ], [ 0.664423625148236, 41.039920443626301 ], [ 0.664780255825701, 41.039927672079038 ], [ 0.664770709491128, 41.0401976929233 ], [ 0.664414077358581, 41.040190464402215 ], [ 0.66440452943918, 41.040460485163628 ], [ 0.664047895981278, 41.040453255471661 ], [ 0.66403834647701, 41.040723276150182 ], [ 0.663681711693758, 41.04071604528734 ], [ 0.663672160604582, 41.040986065882969 ], [ 0.664028796842973, 41.040993296814179 ], [ 0.664019247079163, 41.041263317463653 ], [ 0.664732522855557, 41.041277776155184 ], [ 0.664722975872334, 41.041547796926835 ], [ 0.664366336464079, 41.041540568063994 ], [ 0.66435678789592, 41.041810588752789 ], [ 0.664000147162221, 41.041803358719037 ], [ 0.663990597009085, 41.042073379324933 ], [ 0.664703881516677, 41.042087838426582 ], [ 0.66468478664206, 41.042627879868228 ], [ 0.664328141412884, 41.04262065073199 ], [ 0.664309043108712, 41.043160691978855 ], [ 0.66502233951797, 41.043175149422105 ], [ 0.665003246516045, 41.043715190884249 ], [ 0.66464659533588, 41.043707962577258 ], [ 0.664656143357048, 41.043437941921788 ], [ 0.66394284429667, 41.043423482136575 ], [ 0.663952395098724, 41.043153461603289 ], [ 0.663239099468132, 41.043138997544304 ], [ 0.66322954575545, 41.043409017940817 ], [ 0.662872896679574, 41.043401784189001 ], [ 0.662863341381731, 41.043671804502594 ], [ 0.662150040708889, 41.043657333554258 ], [ 0.662140482370501, 41.043927353716498 ], [ 0.661070527969439, 41.043905638818877 ], [ 0.66106096513507, 41.04417565876129 ], [ 0.661417617927527, 41.04418289823159 ], [ 0.661408056418586, 41.044452918227911 ], [ 0.660694748052869, 41.044438438047756 ], [ 0.660685183503195, 41.044708457892639 ], [ 0.661041839076474, 41.044715698602523 ], [ 0.661032275852239, 41.04498571850133 ], [ 0.662102247718004, 41.045007434220217 ], [ 0.662111806575974, 41.044737414116085 ], [ 0.662468462668964, 41.04474465041524 ], [ 0.66247801994163, 41.044474630228166 ], [ 0.663904639790535, 41.044503564124433 ], [ 0.66392374230319, 41.043963523159547 ], [ 0.664280394679188, 41.043970753740211 ], [ 0.664270844943135, 41.044240774298267 ], [ 0.664627498904285, 41.044248003844622 ], [ 0.664617950493854, 41.044518024456522 ], [ 0.666044573457431, 41.044546931888583 ], [ 0.666035030738932, 41.04481695275927 ], [ 0.666748345909734, 41.0448313999958 ], [ 0.666757885717375, 41.044561378988512 ], [ 0.666401229522572, 41.044554155989879 ], [ 0.666420311659737, 41.044014114068318 ], [ 0.668560233307884, 41.044057434700633 ], [ 0.668579297462036, 41.043517391901808 ], [ 0.668222646440796, 41.043510174689565 ], [ 0.668213112973126, 41.043780196027996 ], [ 0.66785646062608, 41.043772977644863 ], [ 0.667865995549107, 41.043502956374667 ], [ 0.666796043651557, 41.04348129481415 ], [ 0.666786504362464, 41.043751315879518 ], [ 0.666073200834856, 41.043736869189367 ], [ 0.66608274303465, 41.043466848260593 ], [ 0.665726092920694, 41.043459623329838 ], [ 0.665735636446142, 41.043189602454845 ], [ 0.665378987917202, 41.043182376489796 ], [ 0.665398077489626, 41.042642334832891 ], [ 0.66504143200098, 41.042635107901866 ], [ 0.665060523965094, 41.042095066323526 ], [ 0.666487095055765, 41.042123966885477 ], [ 0.666506174859256, 41.041583924702536 ], [ 0.665792894875437, 41.041569476899944 ], [ 0.665802437493105, 41.041299455923301 ], [ 0.666159075964997, 41.041306680307578 ], [ 0.666168616997821, 41.041036659248107 ], [ 0.66723852882583, 41.041058325580707 ], [ 0.667219455361625, 41.041598368094846 ], [ 0.668646017921381, 41.041627241648612 ], [ 0.668665079744065, 41.041087198588471 ], [ 0.668308441820184, 41.041079981990357 ], [ 0.668327506035114, 41.040539939008603 ], [ 0.668684141048687, 41.040547155470257 ], [ 0.66869367150673, 41.040277133889383 ], [ 0.669763572959054, 41.040298776454485 ], [ 0.669754046866394, 41.040568798239988 ], [ 0.669397411464347, 41.040561585085953 ], [ 0.669387883787085, 41.040831606788757 ], [ 0.669744520644283, 41.04083882001099 ], [ 0.669734994292718, 41.041108841767482 ], [ 0.671161548836546, 41.041137683903671 ], [ 0.671171069367412, 41.040867661874493 ], [ 0.671527706871681, 41.040874869583973 ], [ 0.671546744634992, 41.040334825345759 ], [ 0.670833475576424, 41.040320409096843 ], [ 0.670842997174291, 41.040050387092272 ], [ 0.6704863642942, 41.040043177382174 ], [ 0.670505410011942, 41.039503133465843 ], [ 0.67086203998186, 41.039510343039588 ], [ 0.670871561191565, 41.039240320991475 ], [ 0.671228189835809, 41.039247529394579 ], [ 0.671237709461093, 41.038977507263787 ], [ 0.672664219511317, 41.039006329578747 ], [ 0.672654705706211, 41.039276351982046 ], [ 0.673724593966563, 41.039297957346477 ], [ 0.673734103406515, 41.03902793473889 ], [ 0.674090731630053, 41.03903513425395 ], [ 0.674081223645157, 41.039305156929622 ], [ 0.674437853452956, 41.03931235541026 ], [ 0.67441884000572, 41.039852400854187 ], [ 0.674775472852883, 41.039859598368437 ], [ 0.67479448338994, 41.039319552788413 ], [ 0.675507743651384, 41.039333944237207 ], [ 0.675488738934696, 41.039873990089383 ], [ 0.675845372169307, 41.039881184296071 ], [ 0.675835871072394, 41.040151207268423 ], [ 0.677262411122265, 41.040179973341885 ], [ 0.67727190639866, 41.039909950097545 ], [ 0.677628540278627, 41.039917138791594 ], [ 0.677619046457366, 41.040187162103912 ], [ 0.67797568192148, 41.040194349763389 ], [ 0.677966189426363, 41.040464373129161 ], [ 0.676896279055617, 41.040442806639192 ], [ 0.676877284947287, 41.040982852919392 ], [ 0.67509408902565, 41.040946886038327 ], [ 0.675084584501869, 41.041216908816594 ], [ 0.677224428726331, 41.041260066174218 ], [ 0.677214932804748, 41.041530089346054 ], [ 0.677571575415819, 41.041537278447926 ], [ 0.677562080820446, 41.041807301673224 ], [ 0.677205436754123, 41.041800112503367 ], [ 0.677214932804748, 41.041530089346054 ], [ 0.676501647969758, 41.041515707834492 ], [ 0.676492149008631, 41.041785730855835 ], [ 0.67577886177948, 41.041771344797922 ], [ 0.675759857648869, 41.042311390525029 ], [ 0.676116504109443, 41.042318584241322 ], [ 0.676097502372946, 41.042858630046453 ], [ 0.675384203759676, 41.042844241239138 ], [ 0.675374699787074, 41.043114263983909 ], [ 0.675731350484485, 41.043121459006905 ], [ 0.675712345062559, 41.043661504588954 ], [ 0.676068998799851, 41.043668698645341 ], [ 0.676040494064688, 41.044478767113688 ], [ 0.676753810659162, 41.044493152326474 ], [ 0.676763309455781, 41.044223129382175 ], [ 0.677119966491206, 41.044230320266536 ], [ 0.677091474080498, 41.045040389259839 ], [ 0.676021490262293, 41.045018812686713 ], [ 0.676011988167404, 41.045288835451466 ], [ 0.675655325697398, 41.045281640986936 ], [ 0.675674332669033, 41.044741595578969 ], [ 0.676030992228054, 41.044748789907445 ], [ 0.676040494064688, 41.044478767113688 ], [ 0.674613862425394, 41.044449983455678 ], [ 0.674604354766924, 41.04472000597729 ], [ 0.673534378027665, 41.044698406451218 ], [ 0.673515353590214, 41.045238451042465 ], [ 0.672445369281484, 41.045216841183404 ], [ 0.67243585250234, 41.045486863252947 ], [ 0.672079189869224, 41.045479657693022 ], [ 0.672060153011882, 41.046019701652305 ], [ 0.671703487597059, 41.046012494853372 ], [ 0.67172252736546, 41.045472451030356 ], [ 0.671009202746057, 41.045458034396837 ], [ 0.670990157155553, 41.045998077947225 ], [ 0.670633492128909, 41.045990867840047 ], [ 0.670623967683986, 41.046260889525293 ], [ 0.669910635107918, 41.046246465866282 ], [ 0.669929689690491, 41.045706422754009 ], [ 0.669216363454462, 41.045691994956805 ], [ 0.66920683331686, 41.04596201638379 ], [ 0.669563497825655, 41.045969230901974 ], [ 0.669553969014085, 41.046239252382648 ], [ 0.669197303049747, 41.046232037796258 ], [ 0.669187772653119, 41.046502059194204 ], [ 0.66847443820188, 41.046487626576692 ], [ 0.668464904764576, 41.046757647823668 ], [ 0.6681082362777, 41.046750429792532 ], [ 0.668098701255241, 41.047020450956744 ], [ 0.667385361759052, 41.047006011449618 ], [ 0.667366285502896, 41.047546053461417 ], [ 0.668792976658599, 41.047574928610558 ], [ 0.668802509028943, 41.047304907338891 ], [ 0.669159180686135, 41.047312123300955 ], [ 0.669168711471315, 41.047042101946545 ], [ 0.671308735399966, 41.047085374150932 ], [ 0.671318257321973, 41.046815352372882 ], [ 0.67203159675571, 41.046829767482393 ], [ 0.672041115637125, 41.046559745553544 ], [ 0.672397784092442, 41.046566951385998 ], [ 0.672388266666628, 41.046836973382973 ], [ 0.67203159675571, 41.046829767482393 ] ], [ [ 0.681115408660107, 41.05241723338154 ], [ 0.680758706404462, 41.052410053693414 ], [ 0.680768191472978, 41.052140030354423 ], [ 0.681124892272578, 41.052147209974656 ], [ 0.681115408660107, 41.05241723338154 ] ], [ [ 0.681828813558035, 41.052431589448695 ], [ 0.681472111044637, 41.052424411966619 ], [ 0.681491075228623, 41.051884365002621 ], [ 0.681847774829942, 41.051891542348962 ], [ 0.681828813558035, 41.052431589448695 ] ], [ [ 0.683012629358417, 41.04921282936639 ], [ 0.681585888417103, 41.049184129312685 ], [ 0.681595369027283, 41.048914105663954 ], [ 0.683022104145337, 41.048942805446302 ], [ 0.683012629358417, 41.04921282936639 ] ], [ [ 0.681642770145611, 41.0475639872028 ], [ 0.680572741996062, 41.0475424518038 ], [ 0.680582226200296, 41.047272428271683 ], [ 0.681652249982777, 41.047293963467069 ], [ 0.681642770145611, 41.0475639872028 ] ], [ [ 0.680244522797003, 41.04672520069564 ], [ 0.679887851500808, 41.046718019124519 ], [ 0.679897338229635, 41.046447995684701 ], [ 0.680254008070205, 41.046455177187923 ], [ 0.680244522797003, 41.04672520069564 ] ], [ [ 0.67493249455428, 41.045537271295856 ], [ 0.674575831016269, 41.045530073455076 ], [ 0.674585339062363, 41.045260050976992 ], [ 0.674942001144858, 41.045267248749703 ], [ 0.67493249455428, 41.045537271295856 ] ], [ [ 0.679269399892896, 41.044003418981454 ], [ 0.679259911413404, 41.04427344241595 ], [ 0.67961656935186, 41.044280625581408 ], [ 0.679607082198886, 41.044550649069308 ], [ 0.67996374172173, 41.04455783119996 ], [ 0.679954255895313, 41.044827854741278 ], [ 0.678170952293155, 41.04479193272126 ], [ 0.678180445396974, 41.044521909519574 ], [ 0.677823786518963, 41.044514721875352 ], [ 0.67783328094923, 41.044244698727141 ], [ 0.678546595923348, 41.044259072776946 ], [ 0.678537104403991, 41.044529096061076 ], [ 0.678893763539996, 41.044536281499873 ], [ 0.678912743538827, 41.043996234781225 ], [ 0.677842775250473, 41.043974675564407 ], [ 0.677852269422694, 41.043704652387177 ], [ 0.678922233344798, 41.043726211400156 ], [ 0.678912743538827, 41.043996234781225 ], [ 0.679269399892896, 41.044003418981454 ], [ 0.679288376465055, 41.043463372068949 ], [ 0.680001683738347, 41.04347773688967 ], [ 0.679992198427547, 41.043747760488991 ], [ 0.679635543271036, 41.043740578562065 ], [ 0.679626056375909, 41.044010602078984 ], [ 0.679269399892896, 41.044003418981454 ] ], [ [ 0.685023243112324, 41.042768093401023 ], [ 0.684666591974601, 41.042760927182819 ], [ 0.684647659837107, 41.043300976217566 ], [ 0.683577698463561, 41.043279470540348 ], [ 0.683558757078988, 41.043819519110436 ], [ 0.683202100634349, 41.043812348210423 ], [ 0.68318315582405, 41.04435239658693 ], [ 0.682469837499157, 41.044338051207525 ], [ 0.682460361989954, 41.044608075238393 ], [ 0.68210370156517, 41.044600900826779 ], [ 0.682122655365747, 41.044060852886197 ], [ 0.682479312879593, 41.044068027162147 ], [ 0.682488788131264, 41.043798003102275 ], [ 0.682132132072857, 41.043790828894153 ], [ 0.682141608651183, 41.043520804887613 ], [ 0.682498263254171, 41.0435279790279 ], [ 0.682526687850333, 41.042717906717812 ], [ 0.682170037613484, 41.042710732781039 ], [ 0.682179513676698, 41.042440708716505 ], [ 0.681822865023962, 41.042433533744919 ], [ 0.681832342413721, 41.042163509733733 ], [ 0.681475695345095, 41.042156333727355 ], [ 0.681485174061361, 41.041886309769524 ], [ 0.680771883221147, 41.041871954584607 ], [ 0.680781364719152, 41.041601930748016 ], [ 0.680424720947579, 41.041594751569512 ], [ 0.680434203771989, 41.041324727786304 ], [ 0.680790846088311, 41.041331906896922 ], [ 0.680800327328626, 41.041061883031325 ], [ 0.681513609437312, 41.041076237809065 ], [ 0.681504131107467, 41.041346261810382 ], [ 0.684357276334701, 41.04140363736029 ], [ 0.684328875499146, 41.042213710904775 ], [ 0.684685523597547, 41.042220878090092 ], [ 0.684676057850391, 41.042490902643713 ], [ 0.68503270753276, 41.042498068794153 ], [ 0.685023243112324, 41.042768093401023 ] ], [ [ 0.684609794018412, 41.044381074113154 ], [ 0.683896474663854, 41.044366737555485 ], [ 0.683905944222435, 41.044096713238879 ], [ 0.684619260666055, 41.044111049661005 ], [ 0.684609794018412, 41.044381074113154 ] ], [ [ 0.687510350315179, 41.043088251120309 ], [ 0.686440390221651, 41.043066772110535 ], [ 0.686449848949189, 41.042796747247223 ], [ 0.685379894378663, 41.042775258516563 ], [ 0.685389357343743, 41.042505233841943 ], [ 0.686102657351477, 41.042519560629593 ], [ 0.686112117277283, 41.042249535805013 ], [ 0.686825414888554, 41.042263858046631 ], [ 0.686815957873436, 41.042533883006612 ], [ 0.687172608327199, 41.04254104254116 ], [ 0.687163152638931, 41.042811067554354 ], [ 0.68751980467656, 41.042818226053917 ], [ 0.687510350315179, 41.043088251120309 ] ], [ [ 0.685408282888119, 41.041965184449225 ], [ 0.685051635987788, 41.041958019536928 ], [ 0.685061100022385, 41.041687994886587 ], [ 0.684704454705961, 41.041680828939398 ], [ 0.684713920067223, 41.041410804342306 ], [ 0.685427207918128, 41.041425134998548 ], [ 0.685408282888119, 41.041965184449225 ] ], [ [ 0.685446132433787, 41.040885085489904 ], [ 0.684732850403869, 41.040870755104656 ], [ 0.684742315379256, 41.040600730464099 ], [ 0.685455594498741, 41.040615060713847 ], [ 0.685446132433787, 41.040885085489904 ] ], [ [ 0.668356101386033, 41.039729874427117 ], [ 0.667999470867298, 41.039722657067664 ], [ 0.667989937758102, 41.039992678541111 ], [ 0.667633305913831, 41.039985460010904 ], [ 0.667623771219989, 41.040255481401573 ], [ 0.667267138050185, 41.040248261700597 ], [ 0.667257601771657, 41.040518283008488 ], [ 0.666544332910603, 41.04050384016243 ], [ 0.666582488887881, 41.039423755389961 ], [ 0.666939117433265, 41.039430977091129 ], [ 0.66694865464849, 41.039160955793449 ], [ 0.668375164305685, 41.039189831300192 ], [ 0.668356101386033, 41.039729874427117 ] ], [ [ 0.687970978837633, 41.040125131313296 ], [ 0.683691335960745, 41.040039177902209 ], [ 0.68368186687708, 41.040309202368448 ], [ 0.681898680536004, 41.040273341249573 ], [ 0.681927109228146, 41.039463268824612 ], [ 0.681570476711599, 41.039456093496717 ], [ 0.681579954139868, 41.039186069393899 ], [ 0.681936585201315, 41.039193244653973 ], [ 0.681946061045716, 41.038923220468817 ], [ 0.68230269078085, 41.038930394558548 ], [ 0.682312165041421, 41.038660370291076 ], [ 0.682668793450239, 41.038667543210472 ], [ 0.682659320644732, 41.038937567545759 ], [ 0.68301595063734, 41.038944739430463 ], [ 0.682997007550332, 41.039484788193199 ], [ 0.683353640581844, 41.039491959110997 ], [ 0.683372580758657, 41.03895191021266 ], [ 0.684085841387335, 41.038966248469542 ], [ 0.684066907030924, 41.039506297639022 ], [ 0.684423540448453, 41.039513465249229 ], [ 0.684414074532403, 41.039783489880008 ], [ 0.68619725082484, 41.039819311731783 ], [ 0.686206709465194, 41.039549286762316 ], [ 0.686563343654224, 41.039556447757313 ], [ 0.686553886469014, 41.039826472794495 ], [ 0.687980430330681, 41.039855106019857 ], [ 0.687970978837633, 41.040125131313296 ] ], [ [ 0.669078891426514, 41.039474284145868 ], [ 0.668722262103815, 41.03946706905964 ], [ 0.668731792043835, 41.039197047420693 ], [ 0.669088419911486, 41.039204262438695 ], [ 0.669078891426514, 41.039474284145868 ] ], [ [ 0.674832502914082, 41.038239461454253 ], [ 0.673762630951041, 41.038217866829065 ], [ 0.673753121898753, 41.03848788948018 ], [ 0.673039871659456, 41.038473487414926 ], [ 0.673049383621732, 41.038203464899979 ], [ 0.672336136809448, 41.038189058561095 ], [ 0.672364680650445, 41.037378991337846 ], [ 0.672008061803077, 41.037371786719099 ], [ 0.671998545863777, 41.037641809073236 ], [ 0.671641925690793, 41.037634603283927 ], [ 0.671622890514346, 41.038174647812397 ], [ 0.671266267560788, 41.03816744078437 ], [ 0.67127578666864, 41.037897418595549 ], [ 0.670919165299398, 41.037890210533206 ], [ 0.670928685732839, 41.03762018839803 ], [ 0.670572065947908, 41.037612979301443 ], [ 0.670581587706897, 41.037342957219892 ], [ 0.670938206036909, 41.037350166248316 ], [ 0.67094772621161, 41.037080144084101 ], [ 0.671304343216088, 41.03708735194197 ], [ 0.671313861806542, 41.036817329695076 ], [ 0.670957246256944, 41.036810121905361 ], [ 0.670995325144657, 41.035730033045319 ], [ 0.670638715543746, 41.035722824425854 ], [ 0.670657757120997, 41.035182780045076 ], [ 0.670301150559, 41.035175570459593 ], [ 0.670310672608306, 41.034905548315599 ], [ 0.670667277715563, 41.034912757832906 ], [ 0.670676798180759, 41.034642735606234 ], [ 0.670320194528221, 41.034635526157089 ], [ 0.67032971631875, 41.03436550398407 ], [ 0.669973114250298, 41.034358293500809 ], [ 0.669982637366118, 41.034088271381457 ], [ 0.670339237979891, 41.034095481796534 ], [ 0.670358280914024, 41.033555437377927 ], [ 0.671428074803652, 41.033577061600482 ], [ 0.671418557765205, 41.033847084021517 ], [ 0.67177515744173, 41.033854289959294 ], [ 0.671765641728627, 41.03412431243396 ], [ 0.672122242989122, 41.034131517337592 ], [ 0.672112728601402, 41.034401539865875 ], [ 0.671756125886218, 41.034394334894102 ], [ 0.671746609914503, 41.034664357339736 ], [ 0.67139000587392, 41.03465715119755 ], [ 0.671370970633088, 41.035197195908999 ], [ 0.672440791871172, 41.035218811437403 ], [ 0.67243127842106, 41.035488833975755 ], [ 0.672787887213766, 41.035496037015321 ], [ 0.67277837508917, 41.035766059607262 ], [ 0.673134985465925, 41.035773261612569 ], [ 0.673106452681077, 41.036583329505632 ], [ 0.673463067551574, 41.036590530612855 ], [ 0.673434537968209, 41.037400598579602 ], [ 0.674861016201028, 41.037429392801322 ], [ 0.674832502914082, 41.038239461454253 ] ], [ [ 0.685531286389596, 41.038454861983666 ], [ 0.684461402826345, 41.038433366581216 ], [ 0.684470868099251, 41.038163341877983 ], [ 0.684114241957091, 41.038156174606613 ], [ 0.68412370855639, 41.037886149956663 ], [ 0.684480333243534, 41.037893317160247 ], [ 0.684489798259196, 41.037623292428037 ], [ 0.684846421619965, 41.037630458461408 ], [ 0.684836958059298, 41.037900483261396 ], [ 0.685193583003666, 41.037907648260038 ], [ 0.685184120769418, 41.038177673113267 ], [ 0.685540747297386, 41.038184837077182 ], [ 0.685531286389596, 41.038454861983666 ] ], [ [ 0.67982525410275, 41.038340105178662 ], [ 0.679468628179474, 41.038332923507262 ], [ 0.679478113822682, 41.03806289975374 ], [ 0.679121489483315, 41.038055717047797 ], [ 0.67913097645261, 41.037785693347679 ], [ 0.67841773107062, 41.037771324764222 ], [ 0.678427220820925, 41.037501301185486 ], [ 0.678070599778316, 41.037494115308029 ], [ 0.678089581801931, 41.036954068242927 ], [ 0.678446199934678, 41.036961253984494 ], [ 0.678436710442278, 41.037231277592241 ], [ 0.678793330158899, 41.037238462299321 ], [ 0.67878384199249, 41.037508485960501 ], [ 0.679497084722401, 41.037522852203217 ], [ 0.67948759933699, 41.03779287598573 ], [ 0.679844222350268, 41.037800057521324 ], [ 0.67982525410275, 41.038340105178662 ] ], [ [ 0.68594466928954, 41.036841874850218 ], [ 0.686657908438354, 41.036856196588538 ], [ 0.686648452538199, 41.037126221770606 ], [ 0.687005073760307, 41.037133381053813 ], [ 0.686995619186625, 41.037403406289094 ], [ 0.687708864926198, 41.037417721683504 ], [ 0.687689961213404, 41.037957772381333 ], [ 0.686620084066747, 41.037936297229933 ], [ 0.686638996509548, 41.037396246938208 ], [ 0.686282373960969, 41.037389086484858 ], [ 0.686291831444587, 41.037119061384978 ], [ 0.685935210479492, 41.037111899896878 ], [ 0.68594466928954, 41.036841874850218 ], [ 0.685231430654862, 41.036827548702185 ], [ 0.685240892246222, 41.036557523776487 ], [ 0.685954127971055, 41.03657184978907 ], [ 0.68594466928954, 41.036841874850218 ] ], [ [ 0.663805864042943, 41.037205776222393 ], [ 0.662736017216821, 41.03718407968573 ], [ 0.662726463450119, 41.037454100265037 ], [ 0.662369846646157, 41.037446865812974 ], [ 0.662379401867731, 41.037176845302064 ], [ 0.662022786648485, 41.037169609816011 ], [ 0.662041899611793, 41.036629568887463 ], [ 0.661685287432086, 41.036622332435869 ], [ 0.661704402785564, 41.036082291586041 ], [ 0.662417621455631, 41.036096763113193 ], [ 0.662408066753412, 41.036366783682205 ], [ 0.662764677738001, 41.036374017860673 ], [ 0.66275512436076, 41.036644038483551 ], [ 0.66311173692998, 41.036651271628045 ], [ 0.663102184877756, 41.03692129230479 ], [ 0.663815413315251, 41.036935755423421 ], [ 0.663805864042943, 41.037205776222393 ] ], [ [ 0.682359534413139, 41.037310248736297 ], [ 0.682716155546934, 41.037317421316565 ], [ 0.682706683385033, 41.037587445724334 ], [ 0.682350060796275, 41.03758027307623 ], [ 0.682359534413139, 41.037310248736297 ], [ 0.682002913408081, 41.037303075053565 ], [ 0.682012388351155, 41.037033050766951 ], [ 0.682369007901269, 41.03704022438184 ], [ 0.682359534413139, 41.037310248736297 ] ], [ [ 0.685212507086419, 41.037367598510087 ], [ 0.68485588505203, 41.037360433646938 ], [ 0.6848653483555, 41.037090408817967 ], [ 0.685221968934928, 41.03709757361338 ], [ 0.685212507086419, 41.037367598510087 ] ], [ [ 0.677010232865517, 41.037202527739623 ], [ 0.675940376037704, 41.037180953774701 ], [ 0.675959375262234, 41.036640907496363 ], [ 0.675246143842031, 41.036626519613058 ], [ 0.675265148369646, 41.036086473548778 ], [ 0.675621761105481, 41.03609366790559 ], [ 0.675612260361082, 41.036363691013008 ], [ 0.676325489129739, 41.036378076555479 ], [ 0.676306493073143, 41.036918122998827 ], [ 0.67701972817759, 41.036932504403723 ], [ 0.677010232865517, 41.037202527739623 ] ], [ [ 0.6870334367105, 41.036323305261021 ], [ 0.68774667081053, 41.036337620114011 ], [ 0.687737219532099, 41.036607645528115 ], [ 0.688093838229686, 41.036614801368643 ], [ 0.688074938197414, 41.037154852288722 ], [ 0.687718316589935, 41.037147696312871 ], [ 0.687727768125234, 41.036877670927737 ], [ 0.687371148101146, 41.036870513917108 ], [ 0.687380600962944, 41.036600488585151 ], [ 0.687023982522243, 41.036593330539766 ], [ 0.6870334367105, 41.036323305261021 ], [ 0.686676819853182, 41.036316146180909 ], [ 0.686686275367859, 41.036046120955362 ], [ 0.687042890770286, 41.036053279967781 ], [ 0.6870334367105, 41.036323305261021 ] ], [ [ 0.678821793884537, 41.036428391228782 ], [ 0.679535024975115, 41.036442756928139 ], [ 0.679525540105272, 41.03671278076866 ], [ 0.67881230610492, 41.036698414933454 ], [ 0.678821793884537, 41.036428391228782 ], [ 0.678465178532629, 41.0364212067255 ], [ 0.678474667638184, 41.036151183074246 ], [ 0.678831281535228, 41.0361583675096 ], [ 0.678821793884537, 41.036428391228782 ] ], [ [ 0.694156375719863, 41.036736281985092 ], [ 0.693443134092089, 41.036722006684471 ], [ 0.693452562091622, 41.036451980189035 ], [ 0.694165800809497, 41.036466255354661 ], [ 0.694156375719863, 41.036736281985092 ] ], [ [ 0.684537121408264, 41.036273168549549 ], [ 0.683823889621952, 41.036258833853154 ], [ 0.683833356775682, 41.035988809169524 ], [ 0.684546585652244, 41.036003143730376 ], [ 0.684537121408264, 41.036273168549549 ] ], [ [ 0.689173140551607, 41.036366236590972 ], [ 0.688103288053201, 41.036344775886889 ], [ 0.688112737748304, 41.036074750390625 ], [ 0.687756121960529, 41.036067594685427 ], [ 0.687765572982099, 41.035797569242341 ], [ 0.687408958777628, 41.035790412502401 ], [ 0.687418411125626, 41.035520387112513 ], [ 0.688844862894562, 41.035549007187278 ], [ 0.688835416365997, 41.03581903284779 ], [ 0.689192031084059, 41.035826185178145 ], [ 0.689173140551607, 41.036366236590972 ] ], [ [ 0.702743485296321, 41.036097156841706 ], [ 0.702734095381284, 41.036367185117562 ], [ 0.702020853436121, 41.036352963004028 ], [ 0.702030246261071, 41.036082934862662 ], [ 0.702743485296321, 41.036097156841706 ], [ 0.702752875083756, 41.035827128551375 ], [ 0.701683021087141, 41.035805794130866 ], [ 0.701701809008667, 41.035265737910294 ], [ 0.703484885091958, 41.03530128909329 ], [ 0.703475498469516, 41.035571317546982 ], [ 0.704188732705656, 41.035585530437672 ], [ 0.704198116418286, 41.03531550184961 ], [ 0.705267964364083, 41.035336812715919 ], [ 0.705258585016185, 41.035606841505498 ], [ 0.704901967451858, 41.035599738918648 ], [ 0.704892586521571, 41.035869767626615 ], [ 0.704535967629791, 41.035862663870176 ], [ 0.704526585117075, 41.036132692496508 ], [ 0.702743485296321, 41.036097156841706 ] ], [ [ 0.674214323676954, 41.035524838150089 ], [ 0.673144496135729, 41.035503238952529 ], [ 0.673154006676296, 41.03523321627798 ], [ 0.674223829853189, 41.035254815271323 ], [ 0.674214323676954, 41.035524838150089 ] ], [ [ 0.675284152380772, 41.035546427426475 ], [ 0.674570933115743, 41.03553203567791 ], [ 0.674589942429496, 41.034991989769729 ], [ 0.675303155875428, 41.035006381246156 ], [ 0.675284152380772, 41.035546427426475 ] ], [ [ 0.687071252178842, 41.035243204001141 ], [ 0.686714641140967, 41.035236045191787 ], [ 0.68670518601175, 41.035506070460805 ], [ 0.686348573647528, 41.035498910481387 ], [ 0.686358030231576, 41.035228885280063 ], [ 0.685644808798318, 41.035214562149505 ], [ 0.685654268163477, 41.034944537069123 ], [ 0.684941050153992, 41.034930209664573 ], [ 0.684959974317783, 41.034390159731295 ], [ 0.685673186508175, 41.034404486864922 ], [ 0.685663727400095, 41.034674511974281 ], [ 0.68602033514287, 41.034681673955298 ], [ 0.686029792796184, 41.034411648778239 ], [ 0.68638639921271, 41.034418809589191 ], [ 0.686376943014165, 41.034688834833972 ], [ 0.686733551013957, 41.034695994610296 ], [ 0.686724096141703, 41.034966019908282 ], [ 0.687080705724764, 41.034973178649942 ], [ 0.687071252178842, 41.035243204001141 ] ], [ [ 0.678184484182123, 41.034253832047291 ], [ 0.678541087766739, 41.034261017109451 ], [ 0.678531599563752, 41.034531040862205 ], [ 0.678174994524412, 41.034523855732111 ], [ 0.678184484182123, 41.034253832047291 ], [ 0.677827880726459, 41.034246645882817 ], [ 0.677856353289948, 41.033436574945199 ], [ 0.678212952381564, 41.033443760905818 ], [ 0.678184484182123, 41.034253832047291 ] ], [ [ 0.68887320171007, 41.034738930118813 ], [ 0.688159984297715, 41.03472462269206 ], [ 0.68816943322239, 41.034454597108883 ], [ 0.688882647725182, 41.03446890440037 ], [ 0.68887320171007, 41.034738930118813 ] ], [ [ 0.680690191327062, 41.03403408015906 ], [ 0.681046794359057, 41.034041257437124 ], [ 0.681027838448129, 41.034581305907693 ], [ 0.680671232506678, 41.034574128493901 ], [ 0.680690191327062, 41.03403408015906 ], [ 0.680333588423878, 41.034026901778681 ], [ 0.680343069095551, 41.033756877657396 ], [ 0.680699670544039, 41.033764055969883 ], [ 0.680690191327062, 41.03403408015906 ] ], [ [ 0.669616512311252, 41.034351081915261 ], [ 0.668546707270747, 41.034329440544823 ], [ 0.668565765010291, 41.033789396837214 ], [ 0.668209166498382, 41.033782180978939 ], [ 0.668218696628561, 41.0335121591716 ], [ 0.668575293685842, 41.033519374961635 ], [ 0.668584822231913, 41.033249353071554 ], [ 0.66894141796406, 41.033256567691119 ], [ 0.668931890872599, 41.033526589649419 ], [ 0.669288488188816, 41.033533803234953 ], [ 0.66927896242253, 41.033803825246956 ], [ 0.669635561322821, 41.033811037798401 ], [ 0.669616512311252, 41.034351081915261 ] ], [ [ 0.689595862741409, 41.034483207282435 ], [ 0.689239255169127, 41.03447605639257 ], [ 0.689248699601116, 41.03420603059201 ], [ 0.689605305718633, 41.034213181414252 ], [ 0.689595862741409, 41.034483207282435 ] ], [ [ 0.720630526974417, 41.034831083067502 ], [ 0.720273909767142, 41.034824028153089 ], [ 0.720283227500437, 41.034553996494466 ], [ 0.720639843252793, 41.034561051342173 ], [ 0.720630526974417, 41.034831083067502 ] ], [ [ 0.707445144896599, 41.034299287769294 ], [ 0.707088533842254, 41.034292192132533 ], [ 0.707097905278799, 41.034022162935024 ], [ 0.707454514878318, 41.034029258504681 ], [ 0.707445144896599, 41.034299287769294 ] ], [ [ 0.687494025285752, 41.033360183471778 ], [ 0.687137424302696, 41.033353026238558 ], [ 0.687118518623868, 41.033893077100309 ], [ 0.686761914859856, 41.033885918629387 ], [ 0.686771369218208, 41.033615893273442 ], [ 0.686414767037378, 41.03360873376792 ], [ 0.68642422272195, 41.033338708465173 ], [ 0.6860676221243, 41.033331547925052 ], [ 0.686077079135054, 41.033061522675531 ], [ 0.686433678278034, 41.033068683147953 ], [ 0.686452589004745, 41.032528632470026 ], [ 0.686809185366928, 41.032535791704788 ], [ 0.686799731522447, 41.032805817118685 ], [ 0.687156329467726, 41.032812975318848 ], [ 0.687146876949435, 41.03308300078595 ], [ 0.687503476477815, 41.033090157951499 ], [ 0.687494025285752, 41.033360183471778 ] ], [ [ 0.680352549638397, 41.033486853521595 ], [ 0.679995949773412, 41.033479674174679 ], [ 0.680005431642088, 41.033209650092282 ], [ 0.679648833360602, 41.033202469710965 ], [ 0.679658316555067, 41.032932445681958 ], [ 0.679301719857076, 41.032925264266282 ], [ 0.679311204377293, 41.03265524029068 ], [ 0.677171635624167, 41.032612129056716 ], [ 0.677181128743016, 41.032342105474243 ], [ 0.676824535856781, 41.032334916478696 ], [ 0.676834030301195, 41.032064892949698 ], [ 0.676477438998532, 41.032057702919886 ], [ 0.676486934768469, 41.031787679444385 ], [ 0.675773755459329, 41.031773296214098 ], [ 0.675783254009264, 41.031503272860078 ], [ 0.676496430409374, 41.031517655954367 ], [ 0.676505925921251, 41.031247632449848 ], [ 0.677575687125587, 41.031269198620812 ], [ 0.677566195977207, 41.031539222329258 ], [ 0.67827937366731, 41.031553594401487 ], [ 0.67826988529901, 41.031823618231314 ], [ 0.678626475791993, 41.031830802682045 ], [ 0.678616988749307, 41.032100826565319 ], [ 0.677903804983181, 41.032086456425766 ], [ 0.67789431490245, 41.032356480158647 ], [ 0.679677282557418, 41.032392397580431 ], [ 0.679667799620672, 41.032662421638449 ], [ 0.68002439499291, 41.03266960188396 ], [ 0.68001491338192, 41.032939625995361 ], [ 0.680371510337613, 41.032946805206521 ], [ 0.680352549638397, 41.033486853521595 ] ], [ [ 0.707107276587996, 41.033752133723048 ], [ 0.706750668570628, 41.033745037118123 ], [ 0.706760041207267, 41.033475007958785 ], [ 0.707116647769851, 41.033482104496613 ], [ 0.707107276587996, 41.033752133723048 ] ], [ [ 0.691426079761857, 41.033168814021131 ], [ 0.690712878010097, 41.033154522838245 ], [ 0.690703439910203, 41.033424548967155 ], [ 0.689990235762057, 41.033410253239893 ], [ 0.690009117652325, 41.032870201237955 ], [ 0.689652518680039, 41.032863051856062 ], [ 0.689671402966439, 41.032322999931409 ], [ 0.688958211225354, 41.032308698131231 ], [ 0.688967656085314, 41.032038672282411 ], [ 0.691107224120376, 41.032081564050152 ], [ 0.691116660124445, 41.031811537781266 ], [ 0.691473253791249, 41.031818682483745 ], [ 0.691454384564107, 41.032358735142154 ], [ 0.691097787988086, 41.032351590304543 ], [ 0.691088351727572, 41.032621616544446 ], [ 0.69144494975823, 41.032628761449629 ], [ 0.691426079761857, 41.033168814021131 ] ], [ [ 0.685007282477228, 41.033040034644543 ], [ 0.68465068384839, 41.033032869762984 ], [ 0.684660146549218, 41.032762844769898 ], [ 0.685016743723414, 41.032770009583714 ], [ 0.685007282477228, 41.033040034644543 ] ], [ [ 0.718903381621712, 41.033175608904358 ], [ 0.718546773776891, 41.033168548878344 ], [ 0.718537449402598, 41.033438580275458 ], [ 0.718180840229676, 41.033431519080288 ], [ 0.718171514273848, 41.033701550396188 ], [ 0.717814903772828, 41.033694488031877 ], [ 0.717824231183483, 41.033424456782733 ], [ 0.717467622264037, 41.033417393382813 ], [ 0.717486279614691, 41.032877330974806 ], [ 0.71677306797529, 41.032863201135036 ], [ 0.716782399369993, 41.032593170042972 ], [ 0.716425795195246, 41.032586103536381 ], [ 0.716444460513707, 41.032046041442584 ], [ 0.717157663171081, 41.032060173086165 ], [ 0.717148333484701, 41.032330204273919 ], [ 0.717504936458288, 41.032337268509025 ], [ 0.717495608099871, 41.032607299749131 ], [ 0.717852212654963, 41.032614362948685 ], [ 0.717842885624549, 41.032884394241144 ], [ 0.718912704414507, 41.032905577426035 ], [ 0.718903381621712, 41.033175608904358 ] ], [ [ 0.683956418068077, 41.032478486963413 ], [ 0.682886632452704, 41.032456979498086 ], [ 0.682877162607379, 41.032727004166766 ], [ 0.681450777770061, 41.032698311843447 ], [ 0.681460253433814, 41.032428287446081 ], [ 0.680390470521543, 41.032406756833439 ], [ 0.680399950420279, 41.032136732625155 ], [ 0.682182915311646, 41.032172611129056 ], [ 0.682192387808753, 41.031902586567021 ], [ 0.683262163924623, 41.031924100239024 ], [ 0.683252695791229, 41.032194125004487 ], [ 0.68396588342094, 41.032208462076866 ], [ 0.683956418068077, 41.032478486963413 ] ], [ [ 0.685035665830095, 41.032229959418594 ], [ 0.684679071565124, 41.032222794740271 ], [ 0.684688533880209, 41.031952769703715 ], [ 0.685045126690597, 41.031959934314301 ], [ 0.685035665830095, 41.032229959418594 ] ], [ [ 0.703944729117479, 41.032338081338402 ], [ 0.703588129520733, 41.03233097514822 ], [ 0.703597514612665, 41.032060946520986 ], [ 0.703954112754744, 41.032068052643972 ], [ 0.703944729117479, 41.032338081338402 ] ], [ [ 0.685054587422541, 41.031689909195507 ], [ 0.684341404839465, 41.031675579007619 ], [ 0.684379258117809, 41.030595478929548 ], [ 0.684735843527012, 41.030602644303592 ], [ 0.684707458124648, 41.031412719587138 ], [ 0.685064048025929, 41.031419884062224 ], [ 0.685054587422541, 41.031689909195507 ] ], [ [ 0.688639400035421, 41.031221442366068 ], [ 0.688282810304035, 41.031214288980891 ], [ 0.688273362920002, 41.031484314737895 ], [ 0.687560180933293, 41.031470004525552 ], [ 0.687569631226408, 41.031199978903857 ], [ 0.687213041880203, 41.031192822212034 ], [ 0.68724139635257, 41.030382745463029 ], [ 0.687954566446397, 41.030397057338504 ], [ 0.687945117992996, 41.030667083071322 ], [ 0.688301704686983, 41.030674237423419 ], [ 0.688292257559694, 41.030944263209399 ], [ 0.688648845836556, 41.030951416526932 ], [ 0.688639400035421, 41.031221442366068 ] ], [ [ 0.708608629269025, 41.031620272756484 ], [ 0.708252032380185, 41.031613181097498 ], [ 0.708261398179464, 41.031343151554182 ], [ 0.70861799361367, 41.031350243146107 ], [ 0.708608629269025, 41.031620272756484 ] ], [ [ 0.706825646097713, 41.031584803438697 ], [ 0.706469049845416, 41.031577706268294 ], [ 0.706478422917839, 41.031307677060418 ], [ 0.706121828247532, 41.031300578854854 ], [ 0.706140576919469, 41.030760520529959 ], [ 0.706497168680588, 41.030767618601296 ], [ 0.706487795862895, 41.031037647838083 ], [ 0.706844389205963, 41.031044744874272 ], [ 0.706825646097713, 41.031584803438697 ] ], [ [ 0.691867578683944, 41.030745720323239 ], [ 0.692224166788914, 41.030752862551076 ], [ 0.692214735661279, 41.031022889080511 ], [ 0.691858146101784, 41.031015746785144 ], [ 0.691867578683944, 41.030745720323239 ], [ 0.691154402858538, 41.030731432560941 ], [ 0.691163838221527, 41.030461406219651 ], [ 0.691877011137929, 41.030475693846846 ], [ 0.691867578683944, 41.030745720323239 ] ], [ [ 0.677960742759607, 41.030466313723871 ], [ 0.677604159796926, 41.03045912740847 ], [ 0.677613650429447, 41.030189103642023 ], [ 0.677970231937703, 41.030196289889481 ], [ 0.677960742759607, 41.030466313723871 ] ], [ [ 0.701138911011609, 41.030931060024955 ], [ 0.700782319708731, 41.030923945352782 ], [ 0.700791715799519, 41.030653917191131 ], [ 0.700435126078873, 41.030646801483996 ], [ 0.700444523496516, 41.030376773375167 ], [ 0.701157700156419, 41.030391003552644 ], [ 0.701138911011609, 41.030931060024955 ] ], [ [ 0.705436770833409, 41.03047629203072 ], [ 0.705793360885186, 41.030483392239397 ], [ 0.70578398528573, 41.030753421356394 ], [ 0.705427393779394, 41.030746321080571 ], [ 0.705436770833409, 41.03047629203072 ], [ 0.705080180909051, 41.030469190719799 ], [ 0.705089559290186, 41.030199161722621 ], [ 0.704732970947802, 41.030192059376645 ], [ 0.704742350656016, 41.029922030432161 ], [ 0.705098937543883, 41.029929132710983 ], [ 0.705089559290186, 41.030199161722621 ], [ 0.705446147760006, 41.030206262966381 ], [ 0.705436770833409, 41.03047629203072 ] ], [ [ 0.712624681159613, 41.028997904130868 ], [ 0.713337849024283, 41.02901205855305 ], [ 0.713328504732914, 41.029282089164262 ], [ 0.714398261845633, 41.029303312731741 ], [ 0.714379581609067, 41.029843374312193 ], [ 0.715092759470243, 41.029857518113616 ], [ 0.715074084544237, 41.030397579903777 ], [ 0.714360900864818, 41.030383435834871 ], [ 0.714351560302309, 41.030653466574527 ], [ 0.713994967198389, 41.030646392819811 ], [ 0.714004309215486, 41.030376362147031 ], [ 0.713647717693097, 41.030369287356947 ], [ 0.713657061037814, 41.030099256736619 ], [ 0.713300471096952, 41.03009218091119 ], [ 0.713309815769251, 41.029822150343335 ], [ 0.712953227409913, 41.029815073482581 ], [ 0.712971919282601, 41.029275012437346 ], [ 0.712615333959281, 41.029267934608242 ], [ 0.712624681159613, 41.028997904130868 ], [ 0.712268097417785, 41.02899082526649 ], [ 0.712277445945563, 41.028720794841611 ], [ 0.71263402823293, 41.028727873639056 ], [ 0.712624681159613, 41.028997904130868 ] ], [ [ 0.708308225266893, 41.029993003620753 ], [ 0.708664813428221, 41.030000094877416 ], [ 0.708655449719795, 41.030270124560047 ], [ 0.70829886010393, 41.030263033236352 ], [ 0.708308225266893, 41.029993003620753 ], [ 0.707951637232821, 41.029985911261868 ], [ 0.70796100372304, 41.029715881698884 ], [ 0.708317590302598, 41.029722973990701 ], [ 0.708308225266893, 41.029993003620753 ] ], [ [ 0.688696072916994, 41.029601287113991 ], [ 0.68798291103628, 41.029586980053146 ], [ 0.687992358976142, 41.029316954262377 ], [ 0.688705517948047, 41.029331261187949 ], [ 0.688696072916994, 41.029601287113991 ] ], [ [ 0.689765816700582, 41.029622739439084 ], [ 0.689409235311077, 41.029615589766209 ], [ 0.689418677433314, 41.029345563704929 ], [ 0.689775257368408, 41.029352713310196 ], [ 0.689765816700582, 41.029622739439084 ] ], [ [ 0.67371978147242, 41.029299913036063 ], [ 0.67265005507094, 41.029278311922695 ], [ 0.672659565548264, 41.029008289050608 ], [ 0.672302991793852, 41.029001086543381 ], [ 0.672312503596244, 41.028731063724891 ], [ 0.673738793571981, 41.02875986686891 ], [ 0.67371978147242, 41.029299913036063 ] ], [ [ 0.707238461546528, 41.029971723237459 ], [ 0.705812111701902, 41.029943333962009 ], [ 0.705830862009036, 41.029403275626791 ], [ 0.706544030858663, 41.029417472200457 ], [ 0.706534658677759, 41.029687501509542 ], [ 0.707247830945771, 41.029701693808633 ], [ 0.707238461546528, 41.029971723237459 ] ], [ [ 0.697254055483213, 41.029772627967851 ], [ 0.696540887452485, 41.029758373811269 ], [ 0.696550300486118, 41.029488346399837 ], [ 0.695837135875919, 41.029474087969326 ], [ 0.695846551690502, 41.029204060678254 ], [ 0.695133390500936, 41.029189797973928 ], [ 0.695152227563851, 41.028649743618097 ], [ 0.694082495465764, 41.02862834170017 ], [ 0.694101340742864, 41.028088287691176 ], [ 0.694814489529519, 41.028102556468752 ], [ 0.694805069863666, 41.028372583615415 ], [ 0.695518222070988, 41.028386848119396 ], [ 0.695508805185865, 41.02865687538646 ], [ 0.695865382935838, 41.028664006052686 ], [ 0.695855967377141, 41.028934033372714 ], [ 0.696212546709442, 41.028941163004205 ], [ 0.696203132477211, 41.029211190377175 ], [ 0.696916294434381, 41.029225446468516 ], [ 0.696906882983086, 41.02949547396183 ], [ 0.697263465607941, 41.029502600421637 ], [ 0.697254055483213, 41.029772627967851 ] ], [ [ 0.68692262148118, 41.029295485607918 ], [ 0.686566042573044, 41.02928832718549 ], [ 0.686575496202042, 41.029018301650929 ], [ 0.686932073655801, 41.029025460005684 ], [ 0.68692262148118, 41.029295485607918 ] ], [ [ 0.709387350804724, 41.029744244252861 ], [ 0.709030763843459, 41.029737155267689 ], [ 0.709040125842915, 41.029467125489084 ], [ 0.709396711349679, 41.02947421440723 ], [ 0.709387350804724, 41.029744244252861 ] ], [ [ 0.663388689990235, 41.028820665684044 ], [ 0.663032119602665, 41.028813434522668 ], [ 0.663051218699673, 41.028273392419926 ], [ 0.663407786178776, 41.028280623444545 ], [ 0.663388689990235, 41.028820665684044 ] ], [ [ 0.715805937838942, 41.029871657506099 ], [ 0.715449348591162, 41.029864588360972 ], [ 0.715458684409309, 41.029594557377372 ], [ 0.715102096742924, 41.029587487196871 ], [ 0.715111433888726, 41.02931745626568 ], [ 0.715824606439325, 41.029331595390758 ], [ 0.715805937838942, 41.029871657506099 ] ], [ [ 0.683009728732805, 41.028946657486351 ], [ 0.681940000999886, 41.028925142745571 ], [ 0.681930528464186, 41.02919516739923 ], [ 0.680504220804987, 41.029166465377159 ], [ 0.680513699158067, 41.028896440994899 ], [ 0.679800549009829, 41.028882083506886 ], [ 0.679791067748071, 41.029152107753383 ], [ 0.679434491412854, 41.029144927288314 ], [ 0.679462939174583, 41.028334854709009 ], [ 0.680176083247948, 41.02834921412969 ], [ 0.68018556266894, 41.028079189771809 ], [ 0.680542133444563, 41.028086367761134 ], [ 0.680532655477852, 41.028356392186886 ], [ 0.681245800324005, 41.02837074499503 ], [ 0.681236325137113, 41.028640769541994 ], [ 0.683019196776796, 41.028676632614754 ], [ 0.683009728732805, 41.028946657486351 ] ], [ [ 0.705136449284343, 41.02884901651985 ], [ 0.705117693668974, 41.029389074644335 ], [ 0.70476110969008, 41.02938197249982 ], [ 0.704770489015936, 41.029111943511971 ], [ 0.704413906618948, 41.02910484033243 ], [ 0.704404525838637, 41.029374869253125 ], [ 0.704047942114664, 41.029367764904237 ], [ 0.704038559752411, 41.029637793743284 ], [ 0.702968804982106, 41.029616473881902 ], [ 0.702978191707767, 41.029346445244443 ], [ 0.702621608493872, 41.029339336486814 ], [ 0.702630996546428, 41.029069307902112 ], [ 0.703344160192874, 41.029083524180763 ], [ 0.703353545209009, 41.028813495447181 ], [ 0.704423287271789, 41.028834811397282 ], [ 0.704432667797165, 41.028564782447667 ], [ 0.704789247285302, 41.028571885492873 ], [ 0.704779868214342, 41.028841914509648 ], [ 0.705136449284343, 41.02884901651985 ], [ 0.705145826900884, 41.028578987435907 ], [ 0.705502406643892, 41.028586088276789 ], [ 0.705493030481769, 41.028856117427864 ], [ 0.705136449284343, 41.02884901651985 ] ], [ [ 0.701570644321818, 41.028777946820398 ], [ 0.702283804293961, 41.028792169577592 ], [ 0.702274414914548, 41.029062198109528 ], [ 0.701561252033564, 41.02904797521785 ], [ 0.701570644321818, 41.028777946820398 ], [ 0.700857484860174, 41.02876371965457 ], [ 0.700866879929597, 41.028493691377193 ], [ 0.699083990781897, 41.028458104511387 ], [ 0.699093392995509, 41.028188076556056 ], [ 0.701232851629587, 41.028230777084794 ], [ 0.701223458142202, 41.028500805443919 ], [ 0.701580036482448, 41.028507918408486 ], [ 0.701570644321818, 41.028777946820398 ] ], [ [ 0.676610368036578, 41.028277372942888 ], [ 0.675897226541729, 41.028262991480538 ], [ 0.675906723413934, 41.027992967937962 ], [ 0.676263292642588, 41.028000159152171 ], [ 0.676272787931514, 41.027730135527094 ], [ 0.676629355834952, 41.027737325571252 ], [ 0.676610368036578, 41.028277372942888 ] ], [ [ 0.678393224030937, 41.028313307312345 ], [ 0.677680081246336, 41.028298936870804 ], [ 0.677689570847237, 41.028028912988333 ], [ 0.67733300110261, 41.028021726182409 ], [ 0.677342492028811, 41.027751702353392 ], [ 0.678412197286762, 41.027773259261146 ], [ 0.678393224030937, 41.028313307312345 ] ], [ [ 0.665922837474769, 41.027791166505295 ], [ 0.665566271996344, 41.027783943331606 ], [ 0.66557581091151, 41.027513921751009 ], [ 0.665932374935757, 41.027521144856379 ], [ 0.665922837474769, 41.027791166505295 ] ], [ [ 0.715130107799702, 41.028777394359949 ], [ 0.714773524623672, 41.028770323277826 ], [ 0.714782862843303, 41.028500292370168 ], [ 0.715139444564879, 41.028507363385422 ], [ 0.715130107799702, 41.028777394359949 ] ], [ [ 0.696606776001947, 41.027868181627355 ], [ 0.696963349772624, 41.027875308784971 ], [ 0.696944528020965, 41.028415363901814 ], [ 0.696587951341604, 41.028408236609401 ], [ 0.696606776001947, 41.027868181627355 ], [ 0.696250202359166, 41.02786105336763 ], [ 0.696259615951807, 41.027591025922298 ], [ 0.696616188140277, 41.027598154114621 ], [ 0.696606776001947, 41.027868181627355 ] ], [ [ 0.693041045332633, 41.027796849435219 ], [ 0.69268447296988, 41.027789710154437 ], [ 0.692693901105521, 41.027519683383723 ], [ 0.693050472013983, 41.027526822597004 ], [ 0.693041045332633, 41.027796849435219 ] ], [ [ 0.694823909067377, 41.027832529307609 ], [ 0.694467336064363, 41.027825395537334 ], [ 0.694476756928529, 41.027555368429176 ], [ 0.694833328477242, 41.027562502132014 ], [ 0.694823909067377, 41.027832529307609 ] ], [ [ 0.712296142620028, 41.028180733948524 ], [ 0.711939563368545, 41.028173654182801 ], [ 0.711948912969634, 41.027903623781519 ], [ 0.712305490766717, 41.027910703480302 ], [ 0.712296142620028, 41.028180733948524 ] ], [ [ 0.685205941651468, 41.027369505324131 ], [ 0.684849373565969, 41.027362341865164 ], [ 0.68485883356697, 41.027092316567774 ], [ 0.685215400198242, 41.027099479958999 ], [ 0.685205941651468, 41.027369505324131 ] ], [ [ 0.701261031325909, 41.027420691920668 ], [ 0.700904458930691, 41.027413578123031 ], [ 0.700913853361824, 41.027143549773321 ], [ 0.701270424302746, 41.027150663503697 ], [ 0.701261031325909, 41.027420691920668 ] ], [ [ 0.702330749277289, 41.027442026700989 ], [ 0.701974176499228, 41.027434916209643 ], [ 0.701983566567464, 41.027164887658188 ], [ 0.702340137891222, 41.027171998082267 ], [ 0.702330749277289, 41.027442026700989 ] ], [ [ 0.703043895216117, 41.027456244377305 ], [ 0.702687322182926, 41.027449136090191 ], [ 0.702696709342554, 41.027179107404251 ], [ 0.703053280921438, 41.027186215624134 ], [ 0.703043895216117, 41.027456244377305 ] ], [ [ 0.711601686228015, 41.027626512631826 ], [ 0.711245110139414, 41.027619430795696 ], [ 0.711263814523759, 41.027079370188751 ], [ 0.711620387703671, 41.027086451890938 ], [ 0.711601686228015, 41.027626512631826 ] ], [ [ 0.678507055832077, 41.02507301813511 ], [ 0.67957671862581, 41.025094563086917 ], [ 0.679557756672261, 41.025634611835592 ], [ 0.67991431410265, 41.025641791418046 ], [ 0.679904834386737, 41.025911815838519 ], [ 0.680974511812979, 41.025933348177581 ], [ 0.680983987166583, 41.025663323553502 ], [ 0.681697103186312, 41.025677672800526 ], [ 0.681678158166826, 41.026217722305574 ], [ 0.680251915009432, 41.026189018860727 ], [ 0.680242436490038, 41.026459043320081 ], [ 0.679885874568479, 41.026451864635987 ], [ 0.679866914234967, 41.026991913375454 ], [ 0.67915378496164, 41.026977552429578 ], [ 0.67918223399363, 41.026167479706018 ], [ 0.678825673912704, 41.026160297783768 ], [ 0.678844642197985, 41.025620249364721 ], [ 0.678488085154135, 41.025613066476318 ], [ 0.678507055832077, 41.02507301813511 ], [ 0.678150501825239, 41.025065834280575 ], [ 0.678159988424916, 41.024795810156149 ], [ 0.678516540977724, 41.02480299394275 ], [ 0.678507055832077, 41.02507301813511 ] ], [ [ 0.699487570874857, 41.027115083830878 ], [ 0.699131000572393, 41.02710796459003 ], [ 0.699140402147233, 41.026837936562352 ], [ 0.699496970995429, 41.026845055735876 ], [ 0.699487570874857, 41.027115083830878 ] ], [ [ 0.66276150428165, 41.026376012954792 ], [ 0.661335276898086, 41.026347075343146 ], [ 0.661344832614022, 41.026077054510317 ], [ 0.660275167801763, 41.026055339936235 ], [ 0.660284727749957, 41.025785319294215 ], [ 0.660641281103475, 41.025792558519065 ], [ 0.660650839467763, 41.025522537794068 ], [ 0.661007391497143, 41.025529775848568 ], [ 0.660997834586868, 41.025799796641998 ], [ 0.662067495816107, 41.025821504399069 ], [ 0.662057943138086, 41.026091525383244 ], [ 0.662771054181346, 41.026105991848347 ], [ 0.66276150428165, 41.026376012954792 ] ], [ [ 0.691999621376936, 41.026965348336127 ], [ 0.691286486273975, 41.026951062465137 ], [ 0.691295919842202, 41.026681035921122 ], [ 0.69093935393721, 41.026673891400087 ], [ 0.690948788831457, 41.026403864909135 ], [ 0.690592224508868, 41.026396719353627 ], [ 0.690601660729096, 41.02612669291576 ], [ 0.691314786594111, 41.026140982789634 ], [ 0.691305353282247, 41.026411009362619 ], [ 0.691661917861218, 41.026418152714044 ], [ 0.691652485875376, 41.026688179340098 ], [ 0.692009052036713, 41.026695321657023 ], [ 0.691999621376936, 41.026965348336127 ] ], [ [ 0.684530650658562, 41.02627507629861 ], [ 0.684887212798734, 41.02628224058865 ], [ 0.68487775318335, 41.02655226592951 ], [ 0.684521189589013, 41.026545101571728 ], [ 0.684530650658562, 41.02627507629861 ], [ 0.684174088646946, 41.026267910906547 ], [ 0.684183551042085, 41.025997885686706 ], [ 0.684540111599558, 41.026005051011005 ], [ 0.684530650658562, 41.02627507629861 ] ], [ [ 0.700210109074989, 41.02685929077667 ], [ 0.699853539971355, 41.026852173807313 ], [ 0.699862938509949, 41.026582145630528 ], [ 0.700219506159331, 41.026589262532596 ], [ 0.700210109074989, 41.02685929077667 ] ], [ [ 0.735867660983095, 41.027565422011833 ], [ 0.735154497558936, 41.027551407398434 ], [ 0.735163752117054, 41.027281372609622 ], [ 0.735876912632318, 41.02729538709049 ], [ 0.735867660983095, 41.027565422011833 ] ], [ [ 0.70129860246747, 41.026340578165986 ], [ 0.702011736006624, 41.026354801916959 ], [ 0.701992956508107, 41.026894859092238 ], [ 0.701636386766224, 41.026887747633275 ], [ 0.701645778033538, 41.026617719120125 ], [ 0.701289209873524, 41.026610606626349 ], [ 0.70129860246747, 41.026340578165986 ], [ 0.700942035889323, 41.02633346463741 ], [ 0.700932641841138, 41.026603493030514 ], [ 0.700576073936401, 41.026596378332599 ], [ 0.700594864813576, 41.026056321666474 ], [ 0.701307994933791, 41.026070549691148 ], [ 0.70129860246747, 41.026340578165986 ] ], [ [ 0.696672658284582, 41.025977988734283 ], [ 0.698098913415267, 41.026006488865526 ], [ 0.698089507861054, 41.026276516734598 ], [ 0.698802639101693, 41.026290760322652 ], [ 0.698783833426785, 41.026830816286747 ], [ 0.697357559822872, 41.026802324163597 ], [ 0.697366968541173, 41.026532296458193 ], [ 0.697010401913999, 41.026525170739603 ], [ 0.697019811958672, 41.026255143087106 ], [ 0.696663246913578, 41.026248016333859 ], [ 0.696672658284582, 41.025977988734283 ], [ 0.696316094821562, 41.025970860946373 ], [ 0.696325507518859, 41.025700833399732 ], [ 0.695968945637911, 41.025693704577193 ], [ 0.695978359661461, 41.025423677083488 ], [ 0.69562179936258, 41.025416547226357 ], [ 0.695631214712343, 41.025146519785586 ], [ 0.694918097406662, 41.025132256900136 ], [ 0.694936933538776, 41.024592202244932 ], [ 0.694580377986074, 41.0245850692841 ], [ 0.69459921651442, 41.024045014705905 ], [ 0.692816455211624, 41.024009334046873 ], [ 0.692825881553914, 41.023739307073448 ], [ 0.692469331131539, 41.023732167703308 ], [ 0.692478758799741, 41.023462140782911 ], [ 0.691765661247298, 41.023447858871826 ], [ 0.691775091695342, 41.023177832072015 ], [ 0.691061997563387, 41.023163545888302 ], [ 0.69105256420741, 41.023433572553017 ], [ 0.690339467680234, 41.023419281826499 ], [ 0.690358340079825, 41.022879228752842 ], [ 0.691427976339141, 41.022900662784359 ], [ 0.691437407984841, 41.022630636023145 ], [ 0.69072431992496, 41.022616347905817 ], [ 0.690733754350319, 41.022346321265218 ], [ 0.689664127583688, 41.02232488102775 ], [ 0.6896735662425, 41.022054854575423 ], [ 0.689317025697306, 41.022047705693439 ], [ 0.689335905537885, 41.02150765288053 ], [ 0.688979368028648, 41.021500503031902 ], [ 0.688988809210359, 41.02123047667132 ], [ 0.688632273283218, 41.021223325788469 ], [ 0.688651158169367, 41.020683273159108 ], [ 0.689007691188939, 41.020690423906721 ], [ 0.688998250263788, 41.020960450296258 ], [ 0.689354784865413, 41.020967600009676 ], [ 0.689345345265779, 41.02123762645234 ], [ 0.689701881449462, 41.021244775131521 ], [ 0.689692443175385, 41.021514801627298 ], [ 0.690762056857265, 41.021536241256548 ], [ 0.69075262281647, 41.021806267940583 ], [ 0.691109162420669, 41.021813412347512 ], [ 0.691099729705553, 41.022083439084632 ], [ 0.691456270891788, 41.022090582457245 ], [ 0.691446839502389, 41.022360609247428 ], [ 0.692516468191575, 41.022382032956614 ], [ 0.692507041035759, 41.022652059934906 ], [ 0.692863585642278, 41.022659199035033 ], [ 0.692854159812302, 41.022929226066353 ], [ 0.694636892035309, 41.022964905375808 ], [ 0.694627473347058, 41.023234932730041 ], [ 0.693914377165859, 41.023220664177082 ], [ 0.693904955441663, 41.023490691381916 ], [ 0.694618054530827, 41.023504960069793 ], [ 0.694608635586615, 41.023774987395086 ], [ 0.695321738095716, 41.023789251810108 ], [ 0.695293489219448, 41.02459933410379 ], [ 0.69565004502807, 41.024606464860639 ], [ 0.695631214712343, 41.025146519785586 ], [ 0.696700891630319, 41.02516790584874 ], [ 0.696672658284582, 41.025977988734283 ] ], [ [ 0.683479895487693, 41.025713526633233 ], [ 0.683836454333877, 41.025720694093792 ], [ 0.683826990613187, 41.025990719260378 ], [ 0.683470430312881, 41.025983551732025 ], [ 0.683479895487693, 41.025713526633233 ], [ 0.682410219720876, 41.025692017639592 ], [ 0.68241968912937, 41.025421992729683 ], [ 0.683489360533894, 41.025443501519938 ], [ 0.683479895487693, 41.025713526633233 ] ], [ [ 0.713421941933024, 41.026581782402054 ], [ 0.713065371026648, 41.026574706344306 ], [ 0.713074715502655, 41.026304675655538 ], [ 0.713431284954747, 41.026311751646375 ], [ 0.713421941933024, 41.026581782402054 ] ], [ [ 0.689897974377277, 41.025842372316632 ], [ 0.689541413347737, 41.025835223590178 ], [ 0.689550853673941, 41.025565197326124 ], [ 0.689907413249348, 41.025572345984955 ], [ 0.689897974377277, 41.025842372316632 ] ], [ [ 0.691690213049783, 41.025608072749009 ], [ 0.691333652833308, 41.025600929600216 ], [ 0.691343085760643, 41.025330902983811 ], [ 0.691699644522993, 41.025338046065045 ], [ 0.691690213049783, 41.025608072749009 ] ], [ [ 0.708823977005718, 41.025409588060811 ], [ 0.708805253787204, 41.025949647903104 ], [ 0.708448687441546, 41.025942557652215 ], [ 0.708458050568626, 41.025672527805334 ], [ 0.708101485804416, 41.025665436519418 ], [ 0.708120214585278, 41.025125376916421 ], [ 0.708476776441111, 41.025132468068222 ], [ 0.70848613918652, 41.024862438177976 ], [ 0.708129578784846, 41.024855347093229 ], [ 0.708138942857174, 41.024585317255593 ], [ 0.708852060879461, 41.024599498188969 ], [ 0.708842699715414, 41.0248695281607 ], [ 0.70991238206522, 41.024890791496688 ], [ 0.709903025136468, 41.025160821655042 ], [ 0.710972712993057, 41.025182075273754 ], [ 0.710963360299734, 41.025452105618641 ], [ 0.709893668080573, 41.025430851798951 ], [ 0.709884310897533, 41.025700881928401 ], [ 0.709527745624536, 41.025693795050714 ], [ 0.709537104261783, 41.025423764988268 ], [ 0.708823977005718, 41.025409588060811 ] ], [ [ 0.707031792275336, 41.025644156049367 ], [ 0.706675228020225, 41.025637060355244 ], [ 0.706684598291054, 41.025367030829301 ], [ 0.707041161091973, 41.02537412645632 ], [ 0.707031792275336, 41.025644156049367 ] ], [ [ 0.719520939184137, 41.025621779108349 ], [ 0.719164371939351, 41.025614722053419 ], [ 0.719155052566372, 41.025884753921588 ], [ 0.718798483993961, 41.025877695697837 ], [ 0.718817125521784, 41.025337632080557 ], [ 0.719530256976244, 41.025351747159007 ], [ 0.719520939184137, 41.025621779108349 ] ], [ [ 0.717728779036732, 41.02585651441408 ], [ 0.716659075219922, 41.025835323211552 ], [ 0.716677734198636, 41.02529526039563 ], [ 0.716321169421687, 41.025288194590914 ], [ 0.716330500175095, 41.025018163228097 ], [ 0.715973936979134, 41.025011096388162 ], [ 0.715983269059939, 41.024741065077727 ], [ 0.716696392670277, 41.024755197521941 ], [ 0.71668706349784, 41.025025228966008 ], [ 0.717043626947352, 41.025032293601839 ], [ 0.717034299102355, 41.025302325098274 ], [ 0.717390864132822, 41.025309388698851 ], [ 0.717381537615305, 41.025579420247638 ], [ 0.717738104226731, 41.025586482812955 ], [ 0.717728779036732, 41.02585651441408 ] ], [ [ 0.674594469989595, 41.024723911683239 ], [ 0.674237918855772, 41.024716715775263 ], [ 0.674247421320555, 41.024446692384259 ], [ 0.674603971000389, 41.024453888224173 ], [ 0.674594469989595, 41.024723911683239 ] ], [ [ 0.67780343600101, 41.024788625267604 ], [ 0.677090331539974, 41.024774252184677 ], [ 0.677099822372778, 41.024504228249604 ], [ 0.677812923925799, 41.024518601196625 ], [ 0.67780343600101, 41.024788625267604 ] ], [ [ 0.70561491065231, 41.025345737336011 ], [ 0.705258348360799, 41.025338637300827 ], [ 0.705267724320968, 41.025068608028924 ], [ 0.705624285158317, 41.025075707996947 ], [ 0.70561491065231, 41.025345737336011 ] ], [ [ 0.676743271789693, 41.024497040123201 ], [ 0.676386721335586, 41.024489850894852 ], [ 0.6763962149474, 41.024219827081232 ], [ 0.676752763947525, 41.024227016241589 ], [ 0.676743271789693, 41.024497040123201 ] ], [ [ 0.738784997165178, 41.025731187917856 ], [ 0.738428424565877, 41.025724190443057 ], [ 0.73843766515491, 41.025454154957359 ], [ 0.738794236299886, 41.025461152365978 ], [ 0.738784997165178, 41.025731187917856 ] ], [ [ 0.691005395504809, 41.024783705659374 ], [ 0.689935729096048, 41.024762266903103 ], [ 0.689954605685942, 41.024222214109436 ], [ 0.690311158119211, 41.024229361328345 ], [ 0.690301721342426, 41.024499387799999 ], [ 0.691014829501697, 41.02451367906707 ], [ 0.691005395504809, 41.024783705659374 ] ], [ [ 0.688518953188538, 41.024463640347939 ], [ 0.688162399942654, 41.024456487551639 ], [ 0.688171845443642, 41.024186461485641 ], [ 0.688528397235498, 41.024193614214312 ], [ 0.688518953188538, 41.024463640347939 ] ], [ [ 0.71846988201267, 41.025060541124688 ], [ 0.717756754226597, 41.025046419567374 ], [ 0.717766079036467, 41.024776387922905 ], [ 0.717409516787672, 41.024769325557962 ], [ 0.717437494819514, 41.023959230738313 ], [ 0.717794052705857, 41.023966292902912 ], [ 0.717775403719634, 41.02450635626402 ], [ 0.718488525688973, 41.024520477554262 ], [ 0.71846988201267, 41.025060541124688 ] ], [ [ 0.74022975532695, 41.025219095148458 ], [ 0.739873185134231, 41.025212102214446 ], [ 0.739863950487997, 41.025482137979161 ], [ 0.739507378966449, 41.025475143876889 ], [ 0.739516615066996, 41.025205108178305 ], [ 0.739160045125262, 41.025198113040048 ], [ 0.739187757036706, 41.024388006056292 ], [ 0.7388311915833, 41.024381010014402 ], [ 0.738840430090307, 41.024110974390503 ], [ 0.738127302468574, 41.024096979132857 ], [ 0.738136543758461, 41.023826943626872 ], [ 0.73920623101675, 41.023847934661752 ], [ 0.739196994089486, 41.02411797036622 ], [ 0.739553558214178, 41.024124965239871 ], [ 0.739544322615629, 41.024395000996094 ], [ 0.739900888320048, 41.024401994833816 ], [ 0.739891654050256, 41.024672030641753 ], [ 0.740248221334407, 41.024679023443518 ], [ 0.74022975532695, 41.025219095148458 ] ], [ [ 0.680327738528253, 41.024028822663929 ], [ 0.679971189693251, 41.024021644590725 ], [ 0.679980668507556, 41.023751620068765 ], [ 0.680337215888595, 41.023758798074098 ], [ 0.680327738528253, 41.024028822663929 ] ], [ [ 0.666075421300616, 41.023470818380503 ], [ 0.665718879086688, 41.023463596299564 ], [ 0.665737952640339, 41.022923552659208 ], [ 0.666094491946559, 41.022930774603545 ], [ 0.666075421300616, 41.023470818380503 ] ], [ [ 0.702799959680377, 41.024208790904332 ], [ 0.702086848897376, 41.024194572637271 ], [ 0.702105625844316, 41.023654515172709 ], [ 0.702818730811085, 41.023668733170872 ], [ 0.702799959680377, 41.024208790904332 ] ], [ [ 0.741308695361371, 41.024970031294231 ], [ 0.740595557257295, 41.024956051068976 ], [ 0.740614020105299, 41.024415979202999 ], [ 0.74097058618609, 41.024422969734474 ], [ 0.740961356279065, 41.024693005740758 ], [ 0.741317923939535, 41.024699995236247 ], [ 0.741308695361371, 41.024970031294231 ] ], [ [ 0.678920510184606, 41.023460055108529 ], [ 0.678563964772792, 41.023452872763485 ], [ 0.678573449145188, 41.023182848484119 ], [ 0.678929993103084, 41.023190030761263 ], [ 0.678920510184606, 41.023460055108529 ] ], [ [ 0.688556728606449, 41.023383535726531 ], [ 0.688913276164652, 41.023390687150354 ], [ 0.688903833956625, 41.02366071339506 ], [ 0.68854728494445, 41.023653561903608 ], [ 0.688556728606449, 41.023383535726531 ], [ 0.68784363387501, 41.023369229573099 ], [ 0.68785308031659, 41.023099203516821 ], [ 0.687496534597342, 41.02309204885487 ], [ 0.687505982364494, 41.022822022851763 ], [ 0.686079806587112, 41.022793393455707 ], [ 0.686098713367438, 41.022253341947476 ], [ 0.687168336284523, 41.022274815241232 ], [ 0.687158887320227, 41.022544841205651 ], [ 0.687515430003274, 41.022551996834174 ], [ 0.687505982364494, 41.022822022851763 ], [ 0.688219071023492, 41.022836330938439 ], [ 0.688209626164194, 41.023106357076848 ], [ 0.688566172140132, 41.023113509534959 ], [ 0.688556728606449, 41.023383535726531 ] ], [ [ 0.716367821920883, 41.023938037632426 ], [ 0.716011264541536, 41.023930971059791 ], [ 0.716020596115137, 41.023660939691588 ], [ 0.716377152040379, 41.023668006197411 ], [ 0.716367821920883, 41.023938037632426 ] ], [ [ 0.708176397874127, 41.023505197760493 ], [ 0.707819844870184, 41.023498105909056 ], [ 0.707829209760381, 41.023228076066204 ], [ 0.708185761310286, 41.023235167850586 ], [ 0.708176397874127, 41.023505197760493 ] ], [ [ 0.717803377008917, 41.023696261200705 ], [ 0.717446820576688, 41.023689199102876 ], [ 0.717456146207144, 41.023419167453007 ], [ 0.717099591355721, 41.023412104319981 ], [ 0.717108918313532, 41.023142072722457 ], [ 0.71782202523495, 41.023156197752954 ], [ 0.717803377008917, 41.023696261200705 ] ], [ [ 0.735284049929615, 41.023770919043535 ], [ 0.734927488766584, 41.023763911011407 ], [ 0.734936743018481, 41.023493876087073 ], [ 0.734580183435365, 41.02348686701918 ], [ 0.734598694470195, 41.022946797259848 ], [ 0.735311807945623, 41.022960814028508 ], [ 0.735284049929615, 41.023770919043535 ] ], [ [ 0.696419627457744, 41.023000557137308 ], [ 0.696063080117421, 41.022993428988848 ], [ 0.696072492861899, 41.022723401350397 ], [ 0.695715947103426, 41.022716272167443 ], [ 0.695725361173941, 41.02244624458195 ], [ 0.695012272948621, 41.022431983045152 ], [ 0.695021689799041, 41.022161955580046 ], [ 0.694665147332209, 41.022154823226231 ], [ 0.694674565508564, 41.021884795814103 ], [ 0.695387647662403, 41.021899059284948 ], [ 0.695378232393825, 41.022169086831958 ], [ 0.696091317967168, 41.022183346030111 ], [ 0.696081905478481, 41.022453373697495 ], [ 0.696438449910914, 41.022460501711151 ], [ 0.696419627457744, 41.023000557137308 ] ], [ [ 0.715316819000025, 41.02337677212499 ], [ 0.713890603398356, 41.023348486533301 ], [ 0.713899943442711, 41.023078455537366 ], [ 0.714256495698756, 41.023085528521378 ], [ 0.714284510708329, 41.02227543524625 ], [ 0.714641058729219, 41.022282506927667 ], [ 0.714631721973578, 41.022552538100697 ], [ 0.715344821303932, 41.022566678291433 ], [ 0.715316819000025, 41.02337677212499 ] ], [ [ 0.731371152849196, 41.023423735816678 ], [ 0.731014594524636, 41.02341671572848 ], [ 0.73103313464198, 41.022876647295895 ], [ 0.731389690058306, 41.022883667251321 ], [ 0.731371152849196, 41.023423735816678 ] ], [ [ 0.704282459741829, 41.022617039228074 ], [ 0.703212818400866, 41.022595724607697 ], [ 0.703222201810886, 41.022325695594226 ], [ 0.704291838789979, 41.022347010013036 ], [ 0.704282459741829, 41.022617039228074 ] ], [ [ 0.68610816656493, 41.021983316171607 ], [ 0.685751627303291, 41.021976156270988 ], [ 0.685761081826177, 41.02170613054836 ], [ 0.686117619633978, 41.021713290381271 ], [ 0.68610816656493, 41.021983316171607 ] ], [ [ 0.702865656406157, 41.02231858858412 ], [ 0.702509111128947, 41.022311480472112 ], [ 0.702518497319331, 41.022041451578588 ], [ 0.70287504114261, 41.022048559623386 ], [ 0.702865656406157, 41.02231858858412 ] ], [ [ 0.709283493182376, 41.02244634617216 ], [ 0.708926945612861, 41.02243925789476 ], [ 0.708936305632195, 41.022169227792929 ], [ 0.709292851747742, 41.022176316003311 ], [ 0.709283493182376, 41.02244634617216 ] ], [ [ 0.685404544146838, 41.021698969613581 ], [ 0.68504800659598, 41.021691807576964 ], [ 0.685038549165426, 41.021961833164163 ], [ 0.684682010289238, 41.021954669957971 ], [ 0.684700927929489, 41.021414618904565 ], [ 0.685413999995077, 41.021428943944173 ], [ 0.685404544146838, 41.021698969613581 ] ], [ [ 0.712511117860144, 41.021970029524006 ], [ 0.713224209851712, 41.021984182670444 ], [ 0.713214867407045, 41.022254213590351 ], [ 0.712501772507543, 41.022240060310089 ], [ 0.712511117860144, 41.021970029524006 ], [ 0.712154572054822, 41.021962951297887 ], [ 0.712163918734386, 41.021692920564298 ], [ 0.712520463085763, 41.021699998723477 ], [ 0.712511117860144, 41.021970029524006 ] ], [ [ 0.731755512562127, 41.022620651734066 ], [ 0.73139895847395, 41.022613632947021 ], [ 0.731408226763656, 41.022343598628289 ], [ 0.731764779397763, 41.022350617348962 ], [ 0.731755512562127, 41.022620651734066 ] ], [ [ 0.74033131215796, 41.022248700058228 ], [ 0.739618203890279, 41.022234714542932 ], [ 0.739608969170153, 41.022504750400003 ], [ 0.73925241377043, 41.022497755923219 ], [ 0.739243177470708, 41.022767791699742 ], [ 0.738886620742378, 41.022760796054797 ], [ 0.738895858496211, 41.022490760344439 ], [ 0.737469638654757, 41.022462767009237 ], [ 0.737478882099412, 41.02219273154919 ], [ 0.738905096124522, 41.022220724619665 ], [ 0.738914333627313, 41.021950688880494 ], [ 0.740340543844455, 41.021978664054494 ], [ 0.74033131215796, 41.022248700058228 ] ], [ [ 0.710381198882882, 41.021657513239823 ], [ 0.711450830412648, 41.02167876094024 ], [ 0.711441480825202, 41.021948791539934 ], [ 0.710371844933626, 41.021927543638597 ], [ 0.710381198882882, 41.021657513239823 ], [ 0.709311568496995, 41.021636255622262 ], [ 0.709320926680886, 41.021366225410063 ], [ 0.708964384927117, 41.021359137400765 ], [ 0.70897374443774, 41.021089107241131 ], [ 0.70933028473762, 41.021096195183404 ], [ 0.709339642667203, 41.020826164942292 ], [ 0.709696181640366, 41.020833251715679 ], [ 0.709705537988947, 41.02056322139309 ], [ 0.710418613408946, 41.020577391500233 ], [ 0.710409259968069, 41.020847421956809 ], [ 0.710765799322568, 41.020854505424552 ], [ 0.710747094967309, 41.02139456642832 ], [ 0.710390552705039, 41.021387482826604 ], [ 0.710381198882882, 41.021657513239823 ] ], [ [ 0.716076582894089, 41.022040751179091 ], [ 0.715363488872394, 41.022026615663506 ], [ 0.715372822466389, 41.021756584327875 ], [ 0.716085913580158, 41.021770719709792 ], [ 0.716076582894089, 41.022040751179091 ] ], [ [ 0.734325444439039, 41.020509473188568 ], [ 0.735038531490475, 41.020523490968174 ], [ 0.735029278621688, 41.020793526051044 ], [ 0.735385823789955, 41.020800533354254 ], [ 0.735376572249411, 41.02107056848898 ], [ 0.735733118997359, 41.02107757475649 ], [ 0.735714618447146, 41.021617645115228 ], [ 0.736071168228792, 41.02162465041328 ], [ 0.736080417112731, 41.021354615174872 ], [ 0.736436965566035, 41.021361619304734 ], [ 0.736409222899303, 41.022171725175411 ], [ 0.73605267008389, 41.022164720846853 ], [ 0.736061919219179, 41.021894685637278 ], [ 0.735348816873515, 41.021880673806677 ], [ 0.735358068791194, 41.021610638715188 ], [ 0.735001519260955, 41.02160363121321 ], [ 0.735020025627174, 41.021063561119512 ], [ 0.734663479130665, 41.021056552648119 ], [ 0.734672733579149, 41.020786517645938 ], [ 0.734316188662357, 41.020779508138887 ], [ 0.734325444439039, 41.020509473188568 ], [ 0.733612357890665, 41.020495451001281 ], [ 0.733621616449432, 41.020225416169154 ], [ 0.733265074817863, 41.020218403488954 ], [ 0.733274334704729, 41.019948368708718 ], [ 0.732561254726877, 41.019934340175276 ], [ 0.732542729011686, 41.020474409455993 ], [ 0.733255814805175, 41.020488438254766 ], [ 0.733246554666661, 41.020758473006161 ], [ 0.732176921803401, 41.020737427956128 ], [ 0.732204714926729, 41.019927324255711 ], [ 0.732561254726877, 41.019934340175276 ], [ 0.732570517395681, 41.019664305513288 ], [ 0.732213979049411, 41.019657289660081 ], [ 0.732223243046215, 41.01938725505002 ], [ 0.731866706279678, 41.019380238161276 ], [ 0.731857440829019, 41.019650272704972 ], [ 0.731500902734524, 41.019643254648003 ], [ 0.731491635704095, 41.019913289110917 ], [ 0.731848175252463, 41.019920307234258 ], [ 0.731774046107482, 41.022080582949449 ], [ 0.731417494927425, 41.022073564295148 ], [ 0.73146383385729, 41.020723392413146 ], [ 0.73110729007311, 41.02071637298878 ], [ 0.731116558935231, 41.020446338635502 ], [ 0.730760016730925, 41.020439318175605 ], [ 0.730769286921011, 41.020169283874296 ], [ 0.730412746296572, 41.020162262378882 ], [ 0.730431289206618, 41.019622193865814 ], [ 0.73007475161591, 41.019615171401327 ], [ 0.730084024335812, 41.019345137189568 ], [ 0.729370952440086, 41.019331089087821 ], [ 0.72938022794164, 41.019061054994495 ], [ 0.729023693636636, 41.019054029357271 ], [ 0.729032970465957, 41.018783995315964 ], [ 0.728676437740803, 41.01877696864333 ], [ 0.728704271833756, 41.017966866632179 ], [ 0.72834774359594, 41.017959839057085 ], [ 0.728357022828512, 41.017689805090988 ], [ 0.728000496170494, 41.017682776480562 ], [ 0.728009776730681, 41.017412742566506 ], [ 0.728366301935005, 41.017419771110454 ], [ 0.728375580915418, 41.017149737115517 ], [ 0.728732104792143, 41.017156764491226 ], [ 0.728722827265407, 41.017426798552641 ], [ 0.72943587830437, 41.017440850131614 ], [ 0.729417328687559, 41.01798091847693 ], [ 0.729773857303506, 41.017987942746579 ], [ 0.729764583759808, 41.018257976964037 ], [ 0.730477644277185, 41.018272022330748 ], [ 0.730468373515012, 41.018542056666618 ], [ 0.730824905416427, 41.018549077763623 ], [ 0.730815635982074, 41.018819112151455 ], [ 0.730459102626871, 41.018812090988035 ], [ 0.730449831612759, 41.01908212529505 ], [ 0.731519436417631, 41.019103185678908 ], [ 0.731510169639034, 41.019373220170671 ], [ 0.731866706279678, 41.019380238161276 ], [ 0.73187597160444, 41.019110203603162 ], [ 0.73258904235572, 41.019124236146062 ], [ 0.732579779938629, 41.019394270836877 ], [ 0.733649391370925, 41.019415311586265 ], [ 0.73364013318956, 41.019685346461642 ], [ 0.734353211014506, 41.019699368251132 ], [ 0.734343955615112, 41.019969403244694 ], [ 0.733630874882396, 41.019955381322603 ], [ 0.733621616449432, 41.020225416169154 ], [ 0.734334700089957, 41.020239438223847 ], [ 0.734325444439039, 41.020509473188568 ] ], [ [ 0.682590116482078, 41.020561541872851 ], [ 0.683303178282396, 41.02057587972768 ], [ 0.683293714097091, 41.020845905034058 ], [ 0.682580649389292, 41.020831567043643 ], [ 0.682590116482078, 41.020561541872851 ], [ 0.682233585774858, 41.020554371292725 ], [ 0.682261990642535, 41.0197442958968 ], [ 0.681905464425057, 41.019737124418334 ], [ 0.681924403267575, 41.019197074217544 ], [ 0.682280926577757, 41.019204245560374 ], [ 0.682261990642535, 41.0197442958968 ], [ 0.682618516988658, 41.01975146627349 ], [ 0.682590116482078, 41.020561541872851 ] ], [ [ 0.690790358210553, 41.020726161117537 ], [ 0.69114689199949, 41.02073330525424 ], [ 0.691137459797027, 41.021003332049276 ], [ 0.690780924554305, 41.020996187845036 ], [ 0.690790358210553, 41.020726161117537 ], [ 0.690433824549796, 41.020719015879017 ], [ 0.690443259531632, 41.020448989204617 ], [ 0.689730195502252, 41.020434695557277 ], [ 0.689739633263376, 41.020164669003556 ], [ 0.689383102894768, 41.020157520594772 ], [ 0.689392541981377, 41.019887494094171 ], [ 0.68903601319474, 41.019880344651199 ], [ 0.689045453606796, 41.019610318203732 ], [ 0.688688926402125, 41.019603167726586 ], [ 0.688698368139588, 41.019333141332247 ], [ 0.689411419769845, 41.019347441049526 ], [ 0.689420858471708, 41.019077414505489 ], [ 0.689777383025556, 41.01908456264389 ], [ 0.689786820145533, 41.018814536017757 ], [ 0.690143343373965, 41.018821682986825 ], [ 0.690133907707631, 41.019091709680524 ], [ 0.689777383025556, 41.01908456264389 ], [ 0.689749070896266, 41.019894642435375 ], [ 0.690105599939385, 41.019901789674769 ], [ 0.690115035990343, 41.019631763024506 ], [ 0.690828091553788, 41.019646054062804 ], [ 0.690837524569166, 41.019376027262915 ], [ 0.691194051089467, 41.01938317106184 ], [ 0.691184619527776, 41.019653197929287 ], [ 0.690828091553788, 41.019646054062804 ], [ 0.690809225138519, 41.020186107619132 ], [ 0.691165756019942, 41.020193251620725 ], [ 0.691156324073794, 41.020463278444709 ], [ 0.690799791738625, 41.020456134375571 ], [ 0.690790358210553, 41.020726161117537 ] ], [ [ 0.715382155933562, 41.021486552977798 ], [ 0.714312524575937, 41.021465341841107 ], [ 0.714321862278046, 41.021195310677179 ], [ 0.715391489273916, 41.02121652161329 ], [ 0.715382155933562, 41.021486552977798 ] ], [ [ 0.696485503806072, 41.0211103628925 ], [ 0.695772429607839, 41.021096106437376 ], [ 0.695781842910899, 41.02082607876504 ], [ 0.695425307457441, 41.020818948952133 ], [ 0.695434722086391, 41.020548921332747 ], [ 0.696147790213621, 41.020563179721904 ], [ 0.696138378492259, 41.020833207476123 ], [ 0.696494914201502, 41.020840335085353 ], [ 0.696485503806072, 41.0211103628925 ] ], [ [ 0.68758155988051, 41.020661814305363 ], [ 0.686868494996348, 41.020647502893823 ], [ 0.686859045348581, 41.020917528877483 ], [ 0.68650251164532, 41.020910371451315 ], [ 0.686511962746851, 41.020640345535334 ], [ 0.686155430625767, 41.020633187075028 ], [ 0.686164883052625, 41.020363161212252 ], [ 0.685808352513714, 41.020356001717843 ], [ 0.685817806265857, 41.02008597590828 ], [ 0.687243923377124, 41.020114607004359 ], [ 0.687234475439869, 41.020384633084674 ], [ 0.687591006492391, 41.020391788171878 ], [ 0.68758155988051, 41.020661814305363 ] ], [ [ 0.693286097423744, 41.020776146936129 ], [ 0.692929562866152, 41.02076900941038 ], [ 0.692938987671593, 41.020498982263241 ], [ 0.693295520775406, 41.020506119721489 ], [ 0.693286097423744, 41.020776146936129 ] ], [ [ 0.711826070395965, 41.021145779926577 ], [ 0.711469529206427, 41.021138699697495 ], [ 0.711478878412763, 41.020868669054451 ], [ 0.71183541814842, 41.020875749216565 ], [ 0.711826070395965, 41.021145779926577 ] ], [ [ 0.712914381381235, 41.020626952166431 ], [ 0.713270920170957, 41.020634027854129 ], [ 0.71326157836098, 41.020904058846277 ], [ 0.712905038117389, 41.020896983091681 ], [ 0.712914381381235, 41.020626952166431 ], [ 0.712557842718466, 41.020619875376866 ], [ 0.712585876109783, 41.019809782715221 ], [ 0.712942410411069, 41.019816859304029 ], [ 0.712914381381235, 41.020626952166431 ] ], [ [ 0.699722535575076, 41.020364377115548 ], [ 0.699731932503022, 41.020094348658859 ], [ 0.70080153076276, 41.020115694520079 ], [ 0.700782745501919, 41.020655751822702 ], [ 0.700426209713445, 41.020648637502894 ], [ 0.700435603861477, 41.020378608926102 ], [ 0.699722535575076, 41.020364377115548 ], [ 0.69971313851945, 41.020634405557765 ], [ 0.69864353268613, 41.020613049376266 ], [ 0.698671736553923, 41.019802964612047 ], [ 0.697958675359663, 41.019788722052596 ], [ 0.697968079300909, 41.019518693903592 ], [ 0.698681137587713, 41.019532936328368 ], [ 0.698690538493767, 41.019262908030235 ], [ 0.699403594384083, 41.019277145913186 ], [ 0.699366001623388, 41.020357259557528 ], [ 0.699722535575076, 41.020364377115548 ] ], [ [ 0.68512366141453, 41.019531602357802 ], [ 0.685836713384796, 41.019545924245683 ], [ 0.68582725988955, 41.019815950084229 ], [ 0.685114205011932, 41.019801628060897 ], [ 0.68512366141453, 41.019531602357802 ], [ 0.684410609958207, 41.019517276062849 ], [ 0.684420069139626, 41.019247250480724 ], [ 0.683707021104701, 41.019232919914266 ], [ 0.683716483064855, 41.018962894453153 ], [ 0.681933872495843, 41.018927049095389 ], [ 0.681943341595449, 41.018657023958774 ], [ 0.681586821321141, 41.01864985164984 ], [ 0.681596291745669, 41.018379826566537 ], [ 0.683735406599486, 41.018422843487471 ], [ 0.68372594489645, 41.01869286897756 ], [ 0.684082465942405, 41.018700034676129 ], [ 0.684091926191851, 41.018430009118291 ], [ 0.684448445912753, 41.018437173647392 ], [ 0.684438987116897, 41.018707199272988 ], [ 0.685152029851421, 41.018721525161524 ], [ 0.685142573834272, 41.018991550908098 ], [ 0.685855619989949, 41.019005872525128 ], [ 0.685846166751594, 41.01927589839265 ], [ 0.685133117688643, 41.019261576640197 ], [ 0.68512366141453, 41.019531602357802 ] ], [ [ 0.681567880086054, 41.019189901772961 ], [ 0.681211357033213, 41.01918272822666 ], [ 0.681192412376115, 41.019722778156137 ], [ 0.680835886544691, 41.019715603372397 ], [ 0.680845360391243, 41.019445578482753 ], [ 0.680132312021885, 41.019431225745691 ], [ 0.680151265143301, 41.018891176194366 ], [ 0.680507786356374, 41.018898352978042 ], [ 0.680498311313653, 41.019168377828805 ], [ 0.680854834109073, 41.019175553578606 ], [ 0.680864307698183, 41.018905528659978 ], [ 0.681577350767936, 41.018919876718655 ], [ 0.681567880086054, 41.019189901772961 ] ], [ [ 0.686962984412633, 41.017947242260384 ], [ 0.688032538321674, 41.017968705695253 ], [ 0.688041982196557, 41.017698679349266 ], [ 0.688398498969343, 41.017705831556498 ], [ 0.688407941262378, 41.0174358051284 ], [ 0.688764456709922, 41.017442956166313 ], [ 0.688755015870422, 41.017712982662033 ], [ 0.689111532899776, 41.017720132665865 ], [ 0.689102093385559, 41.017990159214733 ], [ 0.688389056548012, 41.017975857970121 ], [ 0.688370171320461, 41.018515910753905 ], [ 0.688726692582267, 41.018523062062314 ], [ 0.688717251229657, 41.018793088500111 ], [ 0.688360728514237, 41.018785937124072 ], [ 0.68835128557971, 41.019055963479751 ], [ 0.687638237626533, 41.019041657287168 ], [ 0.687619345557921, 41.019581709684509 ], [ 0.687262818866522, 41.019574554800279 ], [ 0.687253371186007, 41.019844580909563 ], [ 0.68689684316929, 41.019837424855901 ], [ 0.686925190186731, 41.019027346687601 ], [ 0.686568666659394, 41.019020189735187 ], [ 0.686587566936332, 41.018480137685913 ], [ 0.686944087556439, 41.018487294502975 ], [ 0.686962984412633, 41.017947242260384 ], [ 0.686606466699676, 41.01794008557868 ], [ 0.686615916388755, 41.017670059503338 ], [ 0.686972432648165, 41.017677216117363 ], [ 0.686962984412633, 41.017947242260384 ] ], [ [ 0.697245614676505, 41.019774475085931 ], [ 0.696889084526642, 41.01976734994988 ], [ 0.696898492829058, 41.019497322002984 ], [ 0.697255021525201, 41.019504447071654 ], [ 0.697245614676505, 41.019774475085931 ] ], [ [ 0.738613212491696, 41.020323477991347 ], [ 0.737900125835221, 41.020309482382586 ], [ 0.73790936682121, 41.020039446741052 ], [ 0.738622450569829, 41.020053442217474 ], [ 0.738613212491696, 41.020323477991347 ] ], [ [ 0.741127475418175, 41.019832355423461 ], [ 0.740770934056758, 41.019825366015702 ], [ 0.740780163160464, 41.019555329816214 ], [ 0.741136703067977, 41.019562319157878 ], [ 0.741127475418175, 41.019832355423461 ] ], [ [ 0.714743754668602, 41.019312163071035 ], [ 0.714030690738982, 41.0192980200775 ], [ 0.714040028879887, 41.01902798886487 ], [ 0.713683498559146, 41.019020915782264 ], [ 0.713692838026905, 41.018750884622094 ], [ 0.714405895887795, 41.018765029551744 ], [ 0.714396559327508, 41.019035060845681 ], [ 0.714753089901991, 41.019042131724667 ], [ 0.714743754668602, 41.019312163071035 ] ], [ [ 0.6726738563346, 41.01847018587091 ], [ 0.671960822619171, 41.018455782862716 ], [ 0.67198935124261, 41.017645713074742 ], [ 0.672345863675221, 41.017652914925371 ], [ 0.672326847629121, 41.018192961601393 ], [ 0.672683363097905, 41.018200162486558 ], [ 0.6726738563346, 41.01847018587091 ] ], [ [ 0.695134682024425, 41.018921624869748 ], [ 0.694065107343819, 41.01890022693096 ], [ 0.694074526891969, 41.018630199480022 ], [ 0.693718003708026, 41.018623064697714 ], [ 0.693727424581817, 41.018353037299775 ], [ 0.693370902979501, 41.018345901483201 ], [ 0.693380325178891, 41.018075874138269 ], [ 0.692310765500953, 41.018054460280609 ], [ 0.692320191933062, 41.017784433123694 ], [ 0.691607155695284, 41.017770151845028 ], [ 0.691597726356026, 41.018040178866883 ], [ 0.691241206975731, 41.018033036507447 ], [ 0.69125063776856, 41.017763009553121 ], [ 0.690894119969972, 41.017755866159526 ], [ 0.69092241594024, 41.016945785412339 ], [ 0.689852876395229, 41.016924349229392 ], [ 0.689862312489475, 41.016654322487433 ], [ 0.690218824089477, 41.016661468915821 ], [ 0.69022825860205, 41.016391442091781 ], [ 0.689515238437182, 41.016377148268482 ], [ 0.689534112891511, 41.015837094847299 ], [ 0.690247127242642, 41.01585138840025 ], [ 0.690237692986438, 41.016121415253259 ], [ 0.690950710757153, 41.016135704534832 ], [ 0.690941279279661, 41.016405731508478 ], [ 0.692367322172483, 41.016434297121975 ], [ 0.692339044413049, 41.017244378766449 ], [ 0.693052075348941, 41.017258655368259 ], [ 0.693042652080065, 41.017528682689125 ], [ 0.693399169193614, 41.017535819404969 ], [ 0.693389747250261, 41.017805846778856 ], [ 0.693746265945391, 41.017812982460484 ], [ 0.693736845327604, 41.01808300988737 ], [ 0.694806406541667, 41.018104410524309 ], [ 0.694787573643791, 41.018644465739413 ], [ 0.69514409721163, 41.018651597216461 ], [ 0.695134682024425, 41.018921624869748 ] ], [ [ 0.727222455427745, 41.019558952018109 ], [ 0.725439774409493, 41.019523779092964 ], [ 0.725449066029202, 41.019253745745466 ], [ 0.725092531658046, 41.019246707921404 ], [ 0.725120410121018, 41.018436607991973 ], [ 0.724763880237462, 41.01842956926577 ], [ 0.724773174259659, 41.018159535993661 ], [ 0.724416645956121, 41.018152496232204 ], [ 0.72442594130575, 41.017882463012249 ], [ 0.723712887985025, 41.017868380317097 ], [ 0.72372218611574, 41.01759834721588 ], [ 0.723009136207746, 41.017584260246792 ], [ 0.723018437119463, 41.017314227264364 ], [ 0.722305390624305, 41.017300136021404 ], [ 0.722323997883158, 41.016760070279766 ], [ 0.721967477732455, 41.016753023138918 ], [ 0.721976782625869, 41.016482990313101 ], [ 0.721620264055196, 41.01647594213717 ], [ 0.721629570275763, 41.016205909363549 ], [ 0.722342604636371, 41.016220004480381 ], [ 0.722333301322968, 41.016490037387292 ], [ 0.722689820146477, 41.016497083359752 ], [ 0.72268051816027, 41.01676711631886 ], [ 0.723750079749872, 41.016788247825659 ], [ 0.723740781998162, 41.017058280970154 ], [ 0.724097304234351, 41.017065322668856 ], [ 0.724088007809959, 41.017335355865519 ], [ 0.724444531626114, 41.017342396529052 ], [ 0.724435236529081, 41.017612429777856 ], [ 0.724791761925208, 41.017619469406178 ], [ 0.724782468155574, 41.017889502707128 ], [ 0.725138995131676, 41.017896541300217 ], [ 0.725129702689479, 41.018166574653314 ], [ 0.72548623124556, 41.018173612211157 ], [ 0.72547694013084, 41.018443645616372 ], [ 0.725833470266904, 41.018450682138969 ], [ 0.725824180479699, 41.018720715596295 ], [ 0.72653724403801, 41.018734785469043 ], [ 0.726527957032145, 41.019004819045009 ], [ 0.726884490454376, 41.019011852395153 ], [ 0.726875204776127, 41.019281886023194 ], [ 0.727231739778337, 41.019288918337985 ], [ 0.727222455427745, 41.019558952018109 ] ], [ [ 0.736154403660199, 41.019194332748782 ], [ 0.737580551701485, 41.019222340537532 ], [ 0.737571309638316, 41.019492376156101 ], [ 0.736145155781585, 41.019464368102497 ], [ 0.736154403660199, 41.019194332748782 ], [ 0.73579786696397, 41.019187328046925 ], [ 0.735788617631499, 41.019457363334389 ], [ 0.735432079607092, 41.019450357464407 ], [ 0.735450581054047, 41.018910287007571 ], [ 0.735094046063023, 41.018903280168217 ], [ 0.73510329805177, 41.01863324498445 ], [ 0.735816365251884, 41.018647257428761 ], [ 0.735807116170764, 41.018917292745051 ], [ 0.736163651413156, 41.018924297380671 ], [ 0.736154403660199, 41.019194332748782 ] ], [ [ 0.738640926349523, 41.019513370626491 ], [ 0.73828438732024, 41.019506373571588 ], [ 0.738293626475675, 41.019236337820651 ], [ 0.738650164051088, 41.019243334809389 ], [ 0.738640926349523, 41.019513370626491 ] ], [ [ 0.680536210712116, 41.018088278338716 ], [ 0.680179693859751, 41.018081101758654 ], [ 0.680170217749689, 41.018351126585046 ], [ 0.679457181524141, 41.018336769984082 ], [ 0.679466660541295, 41.018066745293446 ], [ 0.679110144075245, 41.018059565408294 ], [ 0.679119624417132, 41.017789540771062 ], [ 0.678763109533413, 41.017782359852127 ], [ 0.678782072737749, 41.017242310669943 ], [ 0.678069049170773, 41.01722794579873 ], [ 0.678088017673608, 41.016687896830227 ], [ 0.678801035426787, 41.016702261429764 ], [ 0.678791554146679, 41.016972286057104 ], [ 0.679148064669951, 41.016979466772312 ], [ 0.679138584714484, 41.017249491453057 ], [ 0.679495096820023, 41.017256671134518 ], [ 0.679485618189235, 41.017526695868661 ], [ 0.679842131877045, 41.017533874516339 ], [ 0.679832654570976, 41.017803899303864 ], [ 0.680545685239897, 41.017818253429958 ], [ 0.680536210712116, 41.018088278338716 ] ], [ [ 0.670563302804395, 41.017616894655646 ], [ 0.670919814720076, 41.017624100912897 ], [ 0.670910300947695, 41.017894123985691 ], [ 0.670553787578539, 41.017886917660292 ], [ 0.670563302804395, 41.017616894655646 ], [ 0.670206791017997, 41.017609687296741 ], [ 0.670216307568025, 41.017339664345734 ], [ 0.67057281790097, 41.017346871636477 ], [ 0.670563302804395, 41.017616894655646 ] ], [ [ 0.668058197615491, 41.01783644253598 ], [ 0.667701685281154, 41.0178292273973 ], [ 0.667720738858894, 41.017289182464559 ], [ 0.668077248286331, 41.017296397466772 ], [ 0.668058197615491, 41.01783644253598 ] ], [ [ 0.675544986502571, 41.01798770596406 ], [ 0.674831956535498, 41.01797332085502 ], [ 0.674841454319514, 41.017703297033329 ], [ 0.675197967785037, 41.017710490070655 ], [ 0.675207463986528, 41.017440466166434 ], [ 0.675563976127593, 41.017447658034108 ], [ 0.675544986502571, 41.01798770596406 ] ], [ [ 0.713702177367765, 41.018480853447471 ], [ 0.713345650081373, 41.018473779396814 ], [ 0.713336309286799, 41.018743810504539 ], [ 0.712979780673611, 41.018736735285209 ], [ 0.712989122921896, 41.018466704244396 ], [ 0.712632595889356, 41.018459627990183 ], [ 0.712660626233614, 41.017649534981793 ], [ 0.713017148905143, 41.017656611035264 ], [ 0.713007807037661, 41.017926642119413 ], [ 0.713364331289772, 41.017933717138028 ], [ 0.71335499074903, 41.018203748274644 ], [ 0.713711516581729, 41.018210822258389 ], [ 0.713702177367765, 41.018480853447471 ] ], [ [ 0.737589793639076, 41.018952304904559 ], [ 0.737233257894183, 41.018945304676386 ], [ 0.737242501160023, 41.018675269095205 ], [ 0.737599035451092, 41.018682269257177 ], [ 0.737589793639076, 41.018952304904559 ] ], [ [ 0.715128287782107, 41.018509138632091 ], [ 0.714058704781055, 41.018487926396311 ], [ 0.714077380174714, 41.017947863869956 ], [ 0.714433904807505, 41.017954935583255 ], [ 0.714424568627791, 41.018224966920528 ], [ 0.715137621181275, 41.018239107175546 ], [ 0.715128287782107, 41.018509138632091 ] ], [ [ 0.703728841304436, 41.018012334244858 ], [ 0.703372319032795, 41.018005229411727 ], [ 0.703381700275616, 41.017735200152394 ], [ 0.703738221093637, 41.017742304918336 ], [ 0.703728841304436, 41.018012334244858 ] ], [ [ 0.727616122840203, 41.01848584822455 ], [ 0.727259592073213, 41.01847881721109 ], [ 0.727278159639064, 41.017938749721012 ], [ 0.727634687498574, 41.017945780601515 ], [ 0.727616122840203, 41.01848584822455 ] ], [ [ 0.73940017749895, 41.018177181539542 ], [ 0.73938170878965, 41.018717253539201 ], [ 0.739025173870909, 41.018710258886507 ], [ 0.739034409742111, 41.018440222960031 ], [ 0.738677876402676, 41.018433227271643 ], [ 0.738687113602178, 41.018163191396916 ], [ 0.738330581842048, 41.018156194672848 ], [ 0.73833982036981, 41.017886158849862 ], [ 0.738696350676167, 41.017893155507785 ], [ 0.738687113602178, 41.018163191396916 ], [ 0.73940017749895, 41.018177181539542 ], [ 0.739409411665391, 41.017907145518109 ], [ 0.739765942348218, 41.017914138870516 ], [ 0.739756709635554, 41.018184174958094 ], [ 0.73940017749895, 41.018177181539542 ] ], [ [ 0.74188668097368, 41.018496148800473 ], [ 0.741530146630853, 41.018489161926915 ], [ 0.741520920936395, 41.018759198316204 ], [ 0.741164385265097, 41.018752210274698 ], [ 0.741173612413381, 41.01848217395149 ], [ 0.740817078321283, 41.018475184874227 ], [ 0.740826306797995, 41.018205148602718 ], [ 0.741182839436289, 41.018212137613887 ], [ 0.741201293105988, 41.017672064895471 ], [ 0.7415578229621, 41.017679052672634 ], [ 0.741539372199955, 41.018219125523224 ], [ 0.741895905088974, 41.018226112330701 ], [ 0.74188668097368, 41.018496148800473 ] ], [ [ 0.700520145450119, 41.017948351083895 ], [ 0.69873754110809, 41.017912766322468 ], [ 0.698746941247778, 41.017642737937507 ], [ 0.697320865887398, 41.017614250566574 ], [ 0.697339677412088, 41.017074194292022 ], [ 0.69769619315342, 41.017081317652611 ], [ 0.69768678890852, 41.017351345864483 ], [ 0.698043306231178, 41.017358468190722 ], [ 0.698071514221965, 41.016548383309654 ], [ 0.698428027311789, 41.01655550433216 ], [ 0.698418626229458, 41.016825532707671 ], [ 0.698775140900528, 41.016832652695825 ], [ 0.698756341259746, 41.017372709538087 ], [ 0.70018241284935, 41.017401179012253 ], [ 0.700173018651688, 41.017671207680912 ], [ 0.700529538321821, 41.017678322362435 ], [ 0.700520145450119, 41.017948351083895 ] ], [ [ 0.742947064874966, 41.01878713946352 ], [ 0.742233992655046, 41.018773171093592 ], [ 0.742280105335899, 41.017422988342467 ], [ 0.742993163017881, 41.017436956051924 ], [ 0.742947064874966, 41.01878713946352 ] ], [ [ 0.712294758914252, 41.017912488776894 ], [ 0.711581711298732, 41.017898331027297 ], [ 0.711591058980805, 41.017628300210859 ], [ 0.712304103689034, 41.017642457826582 ], [ 0.712294758914252, 41.017912488776894 ] ], [ [ 0.737964810100368, 41.018419232589324 ], [ 0.737608277137533, 41.018412233595377 ], [ 0.737617518698401, 41.018142197919182 ], [ 0.73797405020745, 41.018149196846935 ], [ 0.737964810100368, 41.018419232589324 ] ], [ [ 0.746165102858147, 41.01857990533793 ], [ 0.745808567012594, 41.018572931686748 ], [ 0.745817775135864, 41.018302894490873 ], [ 0.746174309527585, 41.018309868076095 ], [ 0.746165102858147, 41.01857990533793 ] ], [ [ 0.696270130954941, 41.017052817600074 ], [ 0.695557100622751, 41.017038560963641 ], [ 0.695566513461003, 41.016768533141622 ], [ 0.696279540886158, 41.016782789643244 ], [ 0.696270130954941, 41.017052817600074 ] ], [ [ 0.729463701784444, 41.016630747505481 ], [ 0.731602831759139, 41.016672874604311 ], [ 0.731593566113691, 41.016942909225826 ], [ 0.732306613353278, 41.01695694291071 ], [ 0.732325138703692, 41.016416873387833 ], [ 0.732681659604983, 41.01642388844494 ], [ 0.732672398446344, 41.016693923279924 ], [ 0.733385443533695, 41.016707950221509 ], [ 0.733376185156545, 41.016977985174726 ], [ 0.733732709342592, 41.016984997059168 ], [ 0.733723452293327, 41.017255032064284 ], [ 0.732653875751555, 41.017233992906654 ], [ 0.7326446142154, 41.017504027698394 ], [ 0.732288087499432, 41.017497012375927 ], [ 0.732278824383717, 41.017767047086906 ], [ 0.731209240629918, 41.017745994309642 ], [ 0.731218508106777, 41.01747595979775 ], [ 0.730505455807912, 41.017461919236688 ], [ 0.730514726066231, 41.01719188484315 ], [ 0.729801677178582, 41.017177840007697 ], [ 0.729810950218275, 41.016907805732579 ], [ 0.729454427417103, 41.016900781728616 ], [ 0.729463701784444, 41.016630747505481 ], [ 0.728394138498016, 41.016609669082335 ], [ 0.728403417100204, 41.016339635044126 ], [ 0.728046897710465, 41.016332606766021 ], [ 0.728065457443805, 41.015792538779237 ], [ 0.727352424856953, 41.015778479183751 ], [ 0.727333859309277, 41.016318546904614 ], [ 0.72662082141261, 41.016304482636244 ], [ 0.726611535542359, 41.01657451634204 ], [ 0.726968055881225, 41.016581549093601 ], [ 0.726958771338431, 41.01685158285148 ], [ 0.727315293257081, 41.016858614567788 ], [ 0.727306010041783, 41.017128648377735 ], [ 0.727662533540218, 41.017135679058761 ], [ 0.727653251652455, 41.01740571292077 ], [ 0.72694020187438, 41.017391650323951 ], [ 0.726949486669483, 41.017121616594928 ], [ 0.72659296342334, 41.017114583710345 ], [ 0.726602249545936, 41.016844550033404 ], [ 0.726245727879615, 41.016837516113576 ], [ 0.726217864772299, 41.017647616901563 ], [ 0.725861338871178, 41.017640581680403 ], [ 0.725870628153497, 41.01737054816536 ], [ 0.725157579637293, 41.017356474550745 ], [ 0.725166871700717, 41.017086441154362 ], [ 0.724810349085647, 41.017079402760963 ], [ 0.72482893574099, 41.016539336058038 ], [ 0.724115896704195, 41.016525256232235 ], [ 0.724134488668802, 41.015985189737883 ], [ 0.724491005216884, 41.015992230068512 ], [ 0.72448171075131, 41.016262263389471 ], [ 0.724838228879255, 41.016269302684925 ], [ 0.724856814776984, 41.015729235895435 ], [ 0.724500299556173, 41.015722196733122 ], [ 0.724528181816342, 41.014912096640352 ], [ 0.725241203663113, 41.014926173463927 ], [ 0.725213330124058, 41.015736273956058 ], [ 0.725569845597377, 41.015743310914964 ], [ 0.725560555618768, 41.016013344450023 ], [ 0.725204038691886, 41.016006307424568 ], [ 0.725194747133469, 41.016276340878662 ], [ 0.725551265513931, 41.016283377970673 ], [ 0.725541975282865, 41.016553411476877 ], [ 0.726255015329663, 41.016567482488739 ], [ 0.726264302653521, 41.01629744884945 ], [ 0.725907784020621, 41.016290413960924 ], [ 0.725926361196922, 41.015750346772158 ], [ 0.727352424856953, 41.015778479183751 ], [ 0.727370989900123, 41.015238411405186 ], [ 0.728084016672797, 41.015252470734758 ], [ 0.728111854570669, 41.014442368559862 ], [ 0.728824873126679, 41.014456423083899 ], [ 0.728797043949802, 41.015266525657537 ], [ 0.728084016672797, 41.015252470734758 ], [ 0.728065457443805, 41.015792538779237 ], [ 0.72842197392637, 41.015799566924407 ], [ 0.728412695576322, 41.016069600991479 ], [ 0.728769213638534, 41.016076628101366 ], [ 0.728759936616015, 41.016346662220478 ], [ 0.729472976025771, 41.016360713267929 ], [ 0.729463701784444, 41.016630747505481 ] ], [ [ 0.720541398394138, 41.016724823558135 ], [ 0.721610957708182, 41.016745974896338 ], [ 0.721601651234718, 41.017016007641082 ], [ 0.721245129883276, 41.0170089582301 ], [ 0.721235821829722, 41.017278990893729 ], [ 0.720522776598998, 41.01726488863315 ], [ 0.720541398394138, 41.016724823558135 ], [ 0.720184878875781, 41.016717770908592 ], [ 0.720194191037179, 41.016447738416133 ], [ 0.719837673098942, 41.016440684731542 ], [ 0.719856299949286, 41.015900619836728 ], [ 0.7202128149804, 41.015907673387893 ], [ 0.720203503072052, 41.016177705909229 ], [ 0.720560019683243, 41.016184758425403 ], [ 0.720541398394138, 41.016724823558135 ] ], [ [ 0.739062116602762, 41.017630115094143 ], [ 0.737992530044963, 41.017609125318934 ], [ 0.738001769775399, 41.017339089533323 ], [ 0.737288715605354, 41.017325090973124 ], [ 0.73729795811766, 41.017055055305491 ], [ 0.736941432674709, 41.017048054438902 ], [ 0.736959920229927, 41.016507983192795 ], [ 0.737672965426708, 41.016521983559379 ], [ 0.737663724619231, 41.01679201932204 ], [ 0.738020248859639, 41.016799017918856 ], [ 0.738011009380291, 41.017069053733287 ], [ 0.738724061145091, 41.0170830477539 ], [ 0.738714824447623, 41.017353083686267 ], [ 0.739071351972002, 41.017360079110034 ], [ 0.739062116602762, 41.017630115094143 ] ], [ [ 0.693802786964211, 41.016192817595183 ], [ 0.69415929706624, 41.016199951770297 ], [ 0.694149878669882, 41.016469979351498 ], [ 0.693793367114386, 41.016462845108926 ], [ 0.693802786964211, 41.016192817595183 ], [ 0.693089767144132, 41.016178545940001 ], [ 0.693099189772858, 41.015908518546738 ], [ 0.69274268150829, 41.015901381134164 ], [ 0.692761529288498, 41.015361326439212 ], [ 0.693118034646243, 41.015368463716797 ], [ 0.693108612273562, 41.015638491139008 ], [ 0.693465119212731, 41.015645627382455 ], [ 0.693455698165451, 41.015915654857679 ], [ 0.693812206686049, 41.01592279006698 ], [ 0.693802786964211, 41.016192817595183 ] ], [ [ 0.734802282655327, 41.017006026101818 ], [ 0.734089233654417, 41.016992007841822 ], [ 0.734098489124234, 41.016721972756002 ], [ 0.734811535217804, 41.016735990883426 ], [ 0.734802282655327, 41.017006026101818 ] ], [ [ 0.711994310508763, 41.01628522493597 ], [ 0.71163779548607, 41.016278145911969 ], [ 0.711628448439024, 41.01654817680064 ], [ 0.711271932089787, 41.01654109660798 ], [ 0.711281280590377, 41.016271065786256 ], [ 0.710924765821703, 41.016263984558854 ], [ 0.710934115648798, 41.015993953789646 ], [ 0.710577602460682, 41.015986871527524 ], [ 0.71058695361424, 41.015716840810839 ], [ 0.711656489199167, 41.015738084091268 ], [ 0.711665835865222, 41.015468053159239 ], [ 0.712022346527394, 41.01547513198242 ], [ 0.711994310508763, 41.01628522493597 ] ], [ [ 0.701298915152723, 41.016072374980617 ], [ 0.700942403948584, 41.016065262906089 ], [ 0.700951794473507, 41.01579523401611 ], [ 0.700595284850424, 41.015788120907168 ], [ 0.700604676701204, 41.015518092069982 ], [ 0.700248168659174, 41.015510977926674 ], [ 0.700257561835771, 41.015240949142296 ], [ 0.699544549041449, 41.01522671768533 ], [ 0.699563340825339, 41.014686660342342 ], [ 0.699919844251898, 41.01469377648705 ], [ 0.699910449877163, 41.014963805233073 ], [ 0.700623460019947, 41.014978034352211 ], [ 0.700614068424378, 41.01524806321833 ], [ 0.700970575140589, 41.015255176192746 ], [ 0.700961184870841, 41.015525205111658 ], [ 0.701317693168065, 41.015532317051679 ], [ 0.701298915152723, 41.016072374980617 ] ], [ [ 0.74554412143225, 41.015865584986628 ], [ 0.743761517394321, 41.015830697992676 ], [ 0.743770732988279, 41.01556066104871 ], [ 0.743414214009888, 41.015553680410655 ], [ 0.743395779789493, 41.016093754152166 ], [ 0.743752301675147, 41.016100734922247 ], [ 0.743733869861135, 41.016640808738195 ], [ 0.743377345068141, 41.016633827836081 ], [ 0.743386562491438, 41.016363791001325 ], [ 0.743030039277366, 41.016356809063424 ], [ 0.74303925802908, 41.016086772280289 ], [ 0.742682736393926, 41.016079789306666 ], [ 0.742691956474018, 41.015809752575173 ], [ 0.742335436417776, 41.015802768565827 ], [ 0.742344657826207, 41.015532731885983 ], [ 0.742701176428833, 41.015539715829277 ], [ 0.742710396258374, 41.015269679068993 ], [ 0.743423430932232, 41.015283643518288 ], [ 0.743432647729341, 41.015013606611539 ], [ 0.743789163800549, 41.015020587117561 ], [ 0.743798379018865, 41.014750550130394 ], [ 0.744511408629766, 41.014764507705273 ], [ 0.744502196318579, 41.015034544824438 ], [ 0.745215229337299, 41.015048498124386 ], [ 0.745206019808117, 41.015318535361104 ], [ 0.745562537958778, 41.015325510424439 ], [ 0.74554412143225, 41.015865584986628 ] ], [ [ 0.740177858075834, 41.016300913896394 ], [ 0.73982133598982, 41.016293922042543 ], [ 0.739830567824376, 41.016023885854125 ], [ 0.740187088456749, 41.01603087764186 ], [ 0.740177858075834, 41.016300913896394 ] ], [ [ 0.722351907823368, 41.015949971559053 ], [ 0.721995392033414, 41.015942924618145 ], [ 0.722014000935265, 41.01540285886545 ], [ 0.72237051381815, 41.015409905673089 ], [ 0.722351907823368, 41.015949971559053 ] ], [ [ 0.682075895481881, 41.014876670524053 ], [ 0.681006396089776, 41.014855153140978 ], [ 0.68099692443123, 41.015125178277032 ], [ 0.680283922573274, 41.015110827711425 ], [ 0.680293397138449, 41.01484080271107 ], [ 0.680649896549759, 41.014847978476809 ], [ 0.680668842387363, 41.014307928296873 ], [ 0.681738332673738, 41.014329448577655 ], [ 0.681728864179122, 41.014599473878363 ], [ 0.682085362651844, 41.014606645170005 ], [ 0.682075895481881, 41.014876670524053 ] ], [ [ 0.707031208820557, 41.015375928206439 ], [ 0.706674699938086, 41.015368833959982 ], [ 0.706684066825482, 41.015098803951794 ], [ 0.707040574254513, 41.015105898131161 ], [ 0.707031208820557, 41.015375928206439 ] ], [ [ 0.719865613184644, 41.015630587367667 ], [ 0.719509099733601, 41.015623532781511 ], [ 0.71951841429593, 41.015353500364711 ], [ 0.719874926293461, 41.015360554884161 ], [ 0.719865613184644, 41.015630587367667 ] ], [ [ 0.736621887780017, 41.015960910185534 ], [ 0.735908849151405, 41.015946903473257 ], [ 0.735918096850232, 41.015676867998444 ], [ 0.736631132571642, 41.015690874578254 ], [ 0.736621887780017, 41.015960910185534 ] ], [ [ 0.674945921427145, 41.014733034037341 ], [ 0.674589424077842, 41.014725840646634 ], [ 0.674608419326535, 41.014185792776672 ], [ 0.674964913769336, 41.01419298603134 ], [ 0.674945921427145, 41.014733034037341 ] ], [ [ 0.693840465083663, 41.015112707395474 ], [ 0.693127456890903, 41.015098436280113 ], [ 0.693136879007545, 41.014828408828954 ], [ 0.692780376556546, 41.014821271686351 ], [ 0.69279922331245, 41.014281216875581 ], [ 0.693155722856784, 41.014288353883188 ], [ 0.693146300996171, 41.014558381363315 ], [ 0.693502802121843, 41.014565517336827 ], [ 0.693493381586561, 41.014835544869953 ], [ 0.693849884293574, 41.014842679809355 ], [ 0.693840465083663, 41.015112707395474 ] ], [ [ 0.698840935620351, 41.0149424532922 ], [ 0.698484431123457, 41.014935333775327 ], [ 0.698493831311701, 41.014665305298557 ], [ 0.698850334355222, 41.014672424748085 ], [ 0.698840935620351, 41.0149424532922 ] ], [ [ 0.710605655540195, 41.015176779334119 ], [ 0.709892638266023, 41.015162611906732 ], [ 0.7099019919453, 41.014892581280677 ], [ 0.709545484952275, 41.01488549598151 ], [ 0.709554839957881, 41.014615465408006 ], [ 0.710624356957947, 41.014636717799604 ], [ 0.710605655540195, 41.015176779334119 ] ], [ [ 0.717735856207033, 41.015318211242231 ], [ 0.716666322873415, 41.015297024548588 ], [ 0.716675648937041, 41.015026992651443 ], [ 0.716319139532713, 41.015019928283671 ], [ 0.716328466923077, 41.014749896438893 ], [ 0.715971959098934, 41.014742831036294 ], [ 0.715981287815999, 41.014472799243876 ], [ 0.716694300684152, 41.01448692881381 ], [ 0.716684974873952, 41.014756960739852 ], [ 0.717041482951539, 41.014764023939136 ], [ 0.717032158468082, 41.015034055917525 ], [ 0.717745177910228, 41.015048179144721 ], [ 0.717735856207033, 41.015318211242231 ] ], [ [ 0.72701447670296, 41.015231380087855 ], [ 0.72665796363194, 41.01522434766882 ], [ 0.726676533984625, 41.014684280098543 ], [ 0.727033044148645, 41.014691312384578 ], [ 0.72701447670296, 41.015231380087855 ] ], [ [ 0.729866585810588, 41.015287599778929 ], [ 0.72915355777738, 41.015273551466365 ], [ 0.729190657280501, 41.014193414406925 ], [ 0.728834149266893, 41.014186388863841 ], [ 0.728843425281072, 41.013916354629366 ], [ 0.72848691884694, 41.013909328051085 ], [ 0.728496196188506, 41.013639293868643 ], [ 0.729565711508714, 41.013660370099224 ], [ 0.729556438527417, 41.013930404480988 ], [ 0.729912945339592, 41.013937427754307 ], [ 0.729866585810588, 41.015287599778929 ] ], [ [ 0.687199151793592, 41.011196584339139 ], [ 0.687912114938999, 41.011210891014748 ], [ 0.687902672690024, 41.011480917640711 ], [ 0.689328606332441, 41.011509518045003 ], [ 0.689281422226022, 41.01285965230992 ], [ 0.689637913222927, 41.012866799995301 ], [ 0.689647348847456, 41.012596773103688 ], [ 0.690003838519374, 41.01260391961997 ], [ 0.689994404348031, 41.012873946579163 ], [ 0.690707386982761, 41.012888236442329 ], [ 0.690697955589659, 41.013158263522172 ], [ 0.691054448552456, 41.013165406869028 ], [ 0.691026157964047, 41.013975488224361 ], [ 0.69138265541473, 41.013982630672317 ], [ 0.691373226415633, 41.014252657829338 ], [ 0.69172972544772, 41.014259799243277 ], [ 0.691720297773827, 41.014529826453355 ], [ 0.691007296931134, 41.014515542388857 ], [ 0.691016727511656, 41.014245515313853 ], [ 0.69066022873581, 41.014238371696791 ], [ 0.690669660641492, 41.013968344674865 ], [ 0.689600169442797, 41.013946907416951 ], [ 0.689609605580136, 41.013676880583255 ], [ 0.689253110223557, 41.013669732695107 ], [ 0.689271985020088, 41.013129679119473 ], [ 0.688559000504551, 41.013115380308975 ], [ 0.688568440616888, 41.012845353634638 ], [ 0.688211950004699, 41.01283820264473 ], [ 0.688221391441956, 41.012568176023542 ], [ 0.687864902411224, 41.012561023999744 ], [ 0.687874345173363, 41.01229099743172 ], [ 0.688230832750939, 41.012298149387881 ], [ 0.688240273931646, 41.012028122737725 ], [ 0.687883787807208, 41.012020970849193 ], [ 0.687893230312761, 41.011750944252199 ], [ 0.687180261355011, 41.011736637306008 ], [ 0.687199151793592, 41.011196584339139 ], [ 0.686842670413367, 41.01118942934918 ], [ 0.686852116893221, 41.010919402911682 ], [ 0.686495637094391, 41.010912246887941 ], [ 0.686505084898934, 41.010642220503641 ], [ 0.686148606681497, 41.010635063446152 ], [ 0.686167504811501, 41.010095010769433 ], [ 0.68652398012294, 41.010102167691556 ], [ 0.686542874833516, 41.009562114821534 ], [ 0.686899347367386, 41.009569270506908 ], [ 0.686880455562734, 41.01010932351226 ], [ 0.68652398012294, 41.010102167691556 ], [ 0.686505084898934, 41.010642220503641 ], [ 0.686861563244732, 41.010649376459689 ], [ 0.686852116893221, 41.010919402911682 ], [ 0.687208596820393, 41.010926557833983 ], [ 0.687218041718871, 41.010656531314339 ], [ 0.687574520321332, 41.010663685067556 ], [ 0.687565076875889, 41.01093371165485 ], [ 0.687208596820393, 41.010926557833983 ], [ 0.687199151793592, 41.011196584339139 ] ], [ [ 0.683173784076087, 41.014088101277181 ], [ 0.681391305602174, 41.014052251004898 ], [ 0.681400775292742, 41.013782225743 ], [ 0.683183246500436, 41.013818075676284 ], [ 0.683173784076087, 41.014088101277181 ] ], [ [ 0.742006584697024, 41.014985673570152 ], [ 0.741997362085607, 41.015255710212756 ], [ 0.741640845187181, 41.015248724132015 ], [ 0.741650069252171, 41.014978687555491 ], [ 0.742006584697024, 41.014985673570152 ], [ 0.742015807183132, 41.014715636913152 ], [ 0.741659293191831, 41.014708650964558 ], [ 0.741668517006164, 41.014438614359214 ], [ 0.741312004593721, 41.014431627374989 ], [ 0.741321229736238, 41.014161590821338 ], [ 0.741677740695169, 41.014168577739483 ], [ 0.741668517006164, 41.014438614359214 ], [ 0.742381542207005, 41.014452585022582 ], [ 0.742363100267187, 41.014992658483081 ], [ 0.742006584697024, 41.014985673570152 ] ], [ [ 0.696007723818239, 41.014345410287191 ], [ 0.695651223250358, 41.014338282092226 ], [ 0.695670046241325, 41.013798226144282 ], [ 0.696026543902586, 41.013805354204422 ], [ 0.696007723818239, 41.014345410287191 ] ], [ [ 0.737719167580755, 41.015171804529956 ], [ 0.737006136920042, 41.015157804825357 ], [ 0.737033865427038, 41.014347697631962 ], [ 0.737390376334028, 41.014354697836524 ], [ 0.737381135077455, 41.014624733648255 ], [ 0.737737647563518, 41.014631732817321 ], [ 0.737719167580755, 41.015171804529956 ] ], [ [ 0.713851589564896, 41.014160352688947 ], [ 0.712782077856603, 41.014139130442977 ], [ 0.712791419400615, 41.013869099223477 ], [ 0.713860926748778, 41.013890321268754 ], [ 0.713851589564896, 41.014160352688947 ] ], [ [ 0.721704015488426, 41.014045646655084 ], [ 0.722060520977576, 41.014052694231154 ], [ 0.722051217221942, 41.014322727186887 ], [ 0.721694710279367, 41.014315679544161 ], [ 0.721704015488426, 41.014045646655084 ], [ 0.721347510125706, 41.014038597977361 ], [ 0.721356816661735, 41.013768565140509 ], [ 0.721713320571054, 41.013775613751577 ], [ 0.721704015488426, 41.014045646655084 ] ], [ [ 0.740242468108551, 41.014410659812114 ], [ 0.740598980144895, 41.01441765010145 ], [ 0.740589751969977, 41.014687686508516 ], [ 0.740233238480108, 41.014680696153086 ], [ 0.740242468108551, 41.014410659812114 ], [ 0.739885956197611, 41.014403668421096 ], [ 0.739895187154152, 41.014133632131831 ], [ 0.740251697611589, 41.014140623456747 ], [ 0.740242468108551, 41.014410659812114 ] ], [ [ 0.733121512315654, 41.014000587639686 ], [ 0.733102995044385, 41.014540657687398 ], [ 0.7327464841922, 41.014533644196341 ], [ 0.732765004370416, 41.013993574281294 ], [ 0.733121512315654, 41.014000587639686 ], [ 0.73313077076259, 41.013730552594211 ], [ 0.733487277380178, 41.013737564784627 ], [ 0.733478020386687, 41.014007599896416 ], [ 0.733121512315654, 41.014000587639686 ] ], [ [ 0.68320217096345, 41.013278024431017 ], [ 0.682845679371146, 41.013270856782995 ], [ 0.682855142863003, 41.013000831206398 ], [ 0.683211633002119, 41.013007998786641 ], [ 0.68320217096345, 41.013278024431017 ] ], [ [ 0.731338973847837, 41.01396550983106 ], [ 0.730982466531883, 41.01395849096437 ], [ 0.73099173369946, 41.013688456316991 ], [ 0.731348239561979, 41.013695475117316 ], [ 0.731338973847837, 41.01396550983106 ] ], [ [ 0.7349040539284, 41.014035637906694 ], [ 0.734547545354375, 41.014028630056636 ], [ 0.734556797987513, 41.013758594745966 ], [ 0.734913305108085, 41.013765602529752 ], [ 0.7349040539284, 41.014035637906694 ] ], [ [ 0.69998560130123, 41.012803574859852 ], [ 0.700342094682301, 41.012810689431987 ], [ 0.700332702654249, 41.013080718346544 ], [ 0.699976207819933, 41.013073603707142 ], [ 0.69998560130123, 41.012803574859852 ], [ 0.699272614921982, 41.012789342410997 ], [ 0.699282011182097, 41.012519313683832 ], [ 0.69892551963718, 41.012512195874415 ], [ 0.69893491722283, 41.0122421672001 ], [ 0.699647897533925, 41.012256401582817 ], [ 0.699638502854676, 41.012526430391738 ], [ 0.699994994654899, 41.012533545998117 ], [ 0.69998560130123, 41.012803574859852 ] ], [ [ 0.719940114512226, 41.013470327095469 ], [ 0.719583612688715, 41.01346327304298 ], [ 0.719592926238635, 41.013193240510709 ], [ 0.719949426608793, 41.013200294496478 ], [ 0.719940114512226, 41.013470327095469 ] ], [ [ 0.704254154249546, 41.01315890667744 ], [ 0.702828170066395, 41.013130489978913 ], [ 0.702846933649496, 41.012590431193978 ], [ 0.703559919673203, 41.012604641477601 ], [ 0.703550540851871, 41.01287467101168 ], [ 0.704263530291778, 41.012888877023471 ], [ 0.704254154249546, 41.01315890667744 ] ], [ [ 0.705361129690296, 41.012100088126601 ], [ 0.705379871909194, 41.011560028285679 ], [ 0.706805824781012, 41.011588412529825 ], [ 0.706796459547939, 41.011858442725945 ], [ 0.707509439653746, 41.011872628373126 ], [ 0.707500077199838, 41.01214265868893 ], [ 0.707856568896764, 41.01214974992731 ], [ 0.707847207768877, 41.01241978029573 ], [ 0.708560194450731, 41.012433959601957 ], [ 0.708550836102154, 41.01270399009001 ], [ 0.708907331087067, 41.012711078157835 ], [ 0.70888861691502, 41.013251139224664 ], [ 0.708532119023542, 41.013244051022774 ], [ 0.708541477626425, 41.012974020563618 ], [ 0.707828485131533, 41.012959840989197 ], [ 0.7078378465138, 41.01268981064969 ], [ 0.707124857434208, 41.012675626803158 ], [ 0.707134221595777, 41.012405596583314 ], [ 0.706777728700059, 41.012398503074806 ], [ 0.706787094187622, 41.012128472907605 ], [ 0.706430602872373, 41.01212137836464 ], [ 0.706439969685891, 41.011851348250083 ], [ 0.705726990343605, 41.011837155993774 ], [ 0.70571762062369, 41.012107185974138 ], [ 0.705361129690296, 41.012100088126601 ], [ 0.705351758389862, 41.012370118025373 ], [ 0.704995266130579, 41.012363019009179 ], [ 0.705004638884227, 41.012092989177532 ], [ 0.705361129690296, 41.012100088126601 ] ], [ [ 0.716393755107265, 41.012859673121035 ], [ 0.716750252884517, 41.012866736954379 ], [ 0.716740927834546, 41.013136768967037 ], [ 0.716384428603978, 41.013129705066909 ], [ 0.716393755107265, 41.012859673121035 ], [ 0.715680759932931, 41.012845542149641 ], [ 0.715690089216085, 41.012575510322961 ], [ 0.714977097455357, 41.012561375078924 ], [ 0.714986429518294, 41.012291343371487 ], [ 0.714629935281379, 41.012284274163967 ], [ 0.714639268670771, 41.012014242508926 ], [ 0.7153522543649, 41.012028379688708 ], [ 0.715342923882003, 41.012298411477438 ], [ 0.716055912989719, 41.012312544384685 ], [ 0.716046585286592, 41.01258257629263 ], [ 0.716403081483833, 41.012589641160723 ], [ 0.716393755107265, 41.012859673121035 ] ], [ [ 0.726009952243347, 41.013320043708525 ], [ 0.724940445066906, 41.013298934628509 ], [ 0.724949736690082, 41.013028901082265 ], [ 0.724593236003763, 41.013021862585589 ], [ 0.724602528954035, 41.012751829091492 ], [ 0.725315527546236, 41.012765904850113 ], [ 0.725306237502647, 41.013035938477344 ], [ 0.726019239506431, 41.013050009962662 ], [ 0.726009952243347, 41.013320043708525 ] ], [ [ 0.722454234538086, 41.012979608471838 ], [ 0.721741235060377, 41.012965514954459 ], [ 0.721750539637306, 41.012695481993219 ], [ 0.722463536208362, 41.012709575377315 ], [ 0.722454234538086, 41.012979608471838 ] ], [ [ 0.724236735443708, 41.013014822987301 ], [ 0.723880235009936, 41.01300778228741 ], [ 0.723889530866885, 41.012737748926469 ], [ 0.724246029847319, 41.012744789559768 ], [ 0.724236735443708, 41.013014822987301 ] ], [ [ 0.686814330203725, 41.011999508574768 ], [ 0.686457844592572, 41.01199235228033 ], [ 0.686476741100216, 41.011452299613111 ], [ 0.686833223805167, 41.011459455772197 ], [ 0.686814330203725, 41.011999508574768 ] ], [ [ 0.724986901920362, 41.011948766753008 ], [ 0.725699892045203, 41.011962839909188 ], [ 0.725690603833562, 41.012232873646241 ], [ 0.724977610802153, 41.012218800356976 ], [ 0.724986901920362, 41.011948766753008 ], [ 0.724630407047286, 41.011941728522579 ], [ 0.724639699492521, 41.011671694970772 ], [ 0.724996192912335, 41.011678733134637 ], [ 0.724986901920362, 41.011948766753008 ] ], [ [ 0.730325070835126, 41.012324242622121 ], [ 0.729968572617256, 41.012317220848892 ], [ 0.729977843389319, 41.012047186314177 ], [ 0.730334340153878, 41.012054208021013 ], [ 0.730325070835126, 41.012324242622121 ] ], [ [ 0.733890059937451, 41.012394399766698 ], [ 0.733177061110386, 41.012380377150578 ], [ 0.73318631880258, 41.012110342018609 ], [ 0.733899314722986, 41.012124364502121 ], [ 0.733890059937451, 41.012394399766698 ] ], [ [ 0.731751064965841, 41.012352318699136 ], [ 0.731394566244316, 41.012345301332275 ], [ 0.731403831203123, 41.012075266532015 ], [ 0.7310473340608, 41.012068248129935 ], [ 0.731056600347022, 41.011798213381624 ], [ 0.731769591850956, 41.011812248951472 ], [ 0.731751064965841, 41.012352318699136 ] ], [ [ 0.722144249090061, 41.011622396980208 ], [ 0.721787756680836, 41.011615350003936 ], [ 0.721797060625684, 41.011345316970534 ], [ 0.722153551581682, 41.011352363880157 ], [ 0.722144249090061, 41.011622396980208 ] ], [ [ 0.72643145290649, 41.011436840875618 ], [ 0.726787945504028, 41.011443873465197 ], [ 0.726778661904531, 41.011713907430646 ], [ 0.72642216785374, 41.011706874774568 ], [ 0.72643145290649, 41.011436840875618 ], [ 0.726074960435105, 41.011429807184491 ], [ 0.726084246814931, 41.011159773337639 ], [ 0.726440737833086, 41.011166806962244 ], [ 0.72643145290649, 41.011436840875618 ] ], [ [ 0.72787598215461, 41.010924896251538 ], [ 0.728232472350107, 41.010931924301971 ], [ 0.728223194815746, 41.011201958562204 ], [ 0.727866703167028, 41.011194930445292 ], [ 0.72787598215461, 41.010924896251538 ], [ 0.726806512324622, 41.010903805491019 ], [ 0.726815795545723, 41.010633771482297 ], [ 0.726459307307822, 41.010626739092231 ], [ 0.726468591855967, 41.010356705135592 ], [ 0.726825078640694, 41.010363737459159 ], [ 0.726815795545723, 41.010633771482297 ], [ 0.727172283909753, 41.010640802770844 ], [ 0.727181565551549, 41.010370768681199 ], [ 0.727538052588511, 41.010377798801727 ], [ 0.727528772399891, 41.010647832957865 ], [ 0.727885261016119, 41.010654862043367 ], [ 0.72789453975156, 41.010384827820751 ], [ 0.728251027040676, 41.010391855738263 ], [ 0.728241749758417, 41.010661890027336 ], [ 0.727885261016119, 41.010654862043367 ], [ 0.72787598215461, 41.010924896251538 ] ], [ [ 0.691889976307579, 41.009669334456646 ], [ 0.691533501978837, 41.009662194190724 ], [ 0.691542928800354, 41.009392166787549 ], [ 0.691899401676135, 41.009399306985969 ], [ 0.691889976307579, 41.009669334456646 ] ], [ [ 0.726112105197384, 41.010349671710529 ], [ 0.723973187896069, 41.01030744802857 ], [ 0.723982482490087, 41.01003741452331 ], [ 0.72362599816822, 41.010030373454313 ], [ 0.723635294089073, 41.009760340001229 ], [ 0.724348259952853, 41.009774420904563 ], [ 0.724338966938238, 41.010044454490817 ], [ 0.726121391072535, 41.010079637805973 ], [ 0.726112105197384, 41.010349671710529 ] ], [ [ 0.685116985981766, 41.0095334810662 ], [ 0.684760514089858, 41.009526319873935 ], [ 0.684779422816196, 41.008986267622966 ], [ 0.684422953958561, 41.008979105464782 ], [ 0.684413498206717, 41.009249131529771 ], [ 0.68405702802465, 41.009241968202488 ], [ 0.684066485229395, 41.008971942205221 ], [ 0.683710016628715, 41.008964777844348 ], [ 0.68371947515785, 41.00869475190035 ], [ 0.683363008138551, 41.008687586505872 ], [ 0.683381927717003, 41.008147534709934 ], [ 0.683738391830609, 41.008154699968891 ], [ 0.683747849974236, 41.007884673981422 ], [ 0.684104312763523, 41.007891838071323 ], [ 0.684075942305653, 41.008701916193488 ], [ 0.68514534451989, 41.008723402464867 ], [ 0.685116985981766, 41.0095334810662 ] ], [ [ 0.693681767975476, 41.009434991457177 ], [ 0.692255874679971, 41.009406446082991 ], [ 0.692265298467529, 41.009136418530311 ], [ 0.693691185951243, 41.009164963634539 ], [ 0.693681767975476, 41.009434991457177 ] ], [ [ 0.706871377849866, 41.009698200752268 ], [ 0.706514899612718, 41.009691106813122 ], [ 0.706524265280936, 41.009421076568444 ], [ 0.706880742065059, 41.009428170440515 ], [ 0.706871377849866, 41.009698200752268 ] ], [ [ 0.69902888605719, 41.009541879661278 ], [ 0.698672410624044, 41.009534761490841 ], [ 0.69868180825829, 41.009264732724695 ], [ 0.697968860681015, 41.009250493214246 ], [ 0.697978261093498, 41.00898046456831 ], [ 0.699047678292062, 41.009001821979915 ], [ 0.69902888605719, 41.009541879661278 ] ], [ [ 0.694760602907623, 41.009186360898212 ], [ 0.694404130460908, 41.009179229578379 ], [ 0.694413545402851, 41.008909201606357 ], [ 0.694770016396629, 41.00891633285876 ], [ 0.694760602907623, 41.009186360898212 ] ], [ [ 0.696542967059246, 41.0092220009766 ], [ 0.695473548184723, 41.009200620233727 ], [ 0.695482958767849, 41.008930592059436 ], [ 0.696552373283536, 41.008951972600101 ], [ 0.696542967059246, 41.0092220009766 ] ], [ [ 0.729339035131681, 41.009872863861666 ], [ 0.72755661258749, 41.009837730446208 ], [ 0.727565892397855, 41.009567696246798 ], [ 0.727209409720306, 41.009560666325712 ], [ 0.727218690857686, 41.00929063217837 ], [ 0.728644616511887, 41.009318744987965 ], [ 0.72863534118691, 41.009588779401184 ], [ 0.729348307676425, 41.009602829330007 ], [ 0.729339035131681, 41.009872863861666 ] ], [ [ 0.713672497948068, 41.009022681525714 ], [ 0.714385450912563, 41.009036823843509 ], [ 0.714376117464948, 41.009306855590552 ], [ 0.713663161594404, 41.009292713139033 ], [ 0.713672497948068, 41.009022681525714 ], [ 0.712959545490963, 41.009008534802241 ], [ 0.712968884623782, 41.008738503308265 ], [ 0.712255935580221, 41.008724352312896 ], [ 0.71226527749211, 41.00845432093832 ], [ 0.712978223629715, 41.008468471799844 ], [ 0.712968884623782, 41.008738503308265 ], [ 0.713681834174883, 41.008752649897971 ], [ 0.713672497948068, 41.009022681525714 ] ], [ [ 0.735408543167618, 41.009722075834333 ], [ 0.735052057720831, 41.009715070146065 ], [ 0.735061306889601, 41.009445034538523 ], [ 0.735417790883247, 41.009452040160532 ], [ 0.735408543167618, 41.009722075834333 ] ], [ [ 0.691571208496463, 41.008582084491181 ], [ 0.690858271846656, 41.008567801195433 ], [ 0.690867701061642, 41.008297773869423 ], [ 0.691580634805691, 41.008312057030103 ], [ 0.691571208496463, 41.008582084491181 ] ], [ [ 0.739695608601749, 41.009536021707916 ], [ 0.738982637726985, 41.009522035798376 ], [ 0.738991870785647, 41.009251999448203 ], [ 0.739704838754125, 41.009265985225476 ], [ 0.739695608601749, 41.009536021707916 ] ], [ [ 0.73364462702744, 41.009146965678674 ], [ 0.73328814511543, 41.009139954615513 ], [ 0.73329740129835, 41.008869919310563 ], [ 0.733653881757267, 41.008876930307416 ], [ 0.73364462702744, 41.009146965678674 ] ], [ [ 0.681599609077172, 41.008111691895394 ], [ 0.681243145734983, 41.008104520028546 ], [ 0.681252614048285, 41.007834494515613 ], [ 0.680896152287537, 41.007827321615288 ], [ 0.680905621924985, 41.007557296155703 ], [ 0.680549161745675, 41.007550122221922 ], [ 0.680568103540113, 41.007010071394959 ], [ 0.68092456081392, 41.007017245193062 ], [ 0.680915091433779, 41.007287270681623 ], [ 0.68127155028898, 41.007294443446298 ], [ 0.68126208223295, 41.0075644689882 ], [ 0.681618542669549, 41.007571640719405 ], [ 0.681599609077172, 41.008111691895394 ] ], [ [ 0.690520664921503, 41.008020603364159 ], [ 0.69016419982261, 41.008013459098017 ], [ 0.690173631687056, 41.007743431878183 ], [ 0.690530095333115, 41.007750576076745 ], [ 0.690520664921503, 41.008020603364159 ] ], [ [ 0.724028953565981, 41.008687246780646 ], [ 0.723315999579324, 41.008673164207075 ], [ 0.723325296321714, 41.008403130748434 ], [ 0.724038247402334, 41.008417213188828 ], [ 0.724028953565981, 41.008687246780646 ] ], [ [ 0.734376094750241, 41.008620913478495 ], [ 0.735089053641924, 41.008634927629409 ], [ 0.735079804850146, 41.008904963280187 ], [ 0.734366843052304, 41.008890948996751 ], [ 0.734376094750241, 41.008620913478495 ], [ 0.734019615492938, 41.008613904750852 ], [ 0.734028868518232, 41.008343869284467 ], [ 0.734385346322479, 41.00835087794583 ], [ 0.734376094750241, 41.008620913478495 ] ], [ [ 0.737237173279896, 41.008406907584472 ], [ 0.737593652214709, 41.008413906332741 ], [ 0.737584413720066, 41.008683942461481 ], [ 0.73722793333218, 41.008676943647004 ], [ 0.737237173279896, 41.008406907584472 ], [ 0.736880694470623, 41.008399907734727 ], [ 0.736899176895524, 41.007859835698802 ], [ 0.736542701117891, 41.007852834880026 ], [ 0.736551943595019, 41.007582798906647 ], [ 0.73690841791964, 41.007589799659236 ], [ 0.736899176895524, 41.007859835698802 ], [ 0.737255652798712, 41.007866835416145 ], [ 0.737237173279896, 41.008406907584472 ] ], [ [ 0.699132237030166, 41.006571561697662 ], [ 0.699845156315953, 41.006585793253784 ], [ 0.699835764316767, 41.006855822366489 ], [ 0.699479303157276, 41.006848707071789 ], [ 0.699469909577679, 41.007118736102747 ], [ 0.699826372189977, 41.007125851464728 ], [ 0.699816979935584, 41.007395880548508 ], [ 0.69910405193296, 41.007381648588613 ], [ 0.699094656645269, 41.007651677523334 ], [ 0.698738191382573, 41.007644559824072 ], [ 0.698728794514373, 41.007914588677018 ], [ 0.695877065387652, 41.007857606896138 ], [ 0.695886473878681, 41.007587578582076 ], [ 0.696242938119487, 41.007594705091989 ], [ 0.696271158467209, 41.006784619860774 ], [ 0.696627618477393, 41.006791745067197 ], [ 0.696618213275411, 41.007061773559457 ], [ 0.698044060404923, 41.007090263641608 ], [ 0.698053459795728, 41.006820234879918 ], [ 0.698409920444613, 41.006827354579833 ], [ 0.698419318254938, 41.00655732573636 ], [ 0.698775777578723, 41.006564444267653 ], [ 0.698785173808606, 41.006294415342381 ], [ 0.699141631807287, 41.006301532705088 ], [ 0.699132237030166, 41.006571561697662 ] ], [ [ 0.686974909452827, 41.007409057906038 ], [ 0.68661844854187, 41.007401902761991 ], [ 0.686609002277526, 41.007671929320132 ], [ 0.685896077935057, 41.007657615592798 ], [ 0.685924425059714, 41.006847536280993 ], [ 0.685567967439345, 41.006840377968466 ], [ 0.68559631776678, 41.006030298729364 ], [ 0.685952771029018, 41.006037456838826 ], [ 0.685943322500953, 41.006307483334034 ], [ 0.686656232315894, 41.006321796384562 ], [ 0.686646786564887, 41.006591823000647 ], [ 0.687003243117577, 41.006598977941714 ], [ 0.686974909452827, 41.007409057906038 ] ], [ [ 0.740089008271851, 41.008462866729779 ], [ 0.738663089772186, 41.008434895968826 ], [ 0.738672323782135, 41.008164859627179 ], [ 0.738315845923882, 41.008157864249441 ], [ 0.738325081261412, 41.007887827959536 ], [ 0.737968604981675, 41.007880831546508 ], [ 0.737977841646747, 41.007610795308366 ], [ 0.737621366945524, 41.007603797860092 ], [ 0.73763984280516, 41.007063725472939 ], [ 0.73799631460041, 41.007070722788868 ], [ 0.738014787052109, 41.006530650211751 ], [ 0.737658318162756, 41.006523653028161 ], [ 0.737667555653294, 41.00625361678415 ], [ 0.737311088342363, 41.00624661856537 ], [ 0.73730184939891, 41.00651665474318 ], [ 0.736945380760588, 41.006509655356837 ], [ 0.736982341592805, 41.005429510823888 ], [ 0.737338804419587, 41.005436509945454 ], [ 0.737320327160292, 41.005976582373144 ], [ 0.737676793018327, 41.005983580525751 ], [ 0.737686030257857, 41.005713544252927 ], [ 0.738398959444653, 41.005727537121707 ], [ 0.738389725110882, 41.005997573526862 ], [ 0.738746191345364, 41.006004568375367 ], [ 0.738718491950032, 41.006814677702842 ], [ 0.738362021356784, 41.006807682655875 ], [ 0.738352786521149, 41.007077719003405 ], [ 0.73906573073902, 41.007091708128236 ], [ 0.739047266503304, 41.007631781044665 ], [ 0.739403741706387, 41.007638774087219 ], [ 0.739422203036113, 41.007098701038529 ], [ 0.739778675458617, 41.007105692847411 ], [ 0.739769446309448, 41.007375729445087 ], [ 0.740125920310333, 41.007382720218679 ], [ 0.740107464541848, 41.007922793503049 ], [ 0.739750987634926, 41.007915802597225 ], [ 0.739741758109569, 41.008185839151672 ], [ 0.740098236469539, 41.008192830123612 ], [ 0.740089008271851, 41.008462866729779 ] ], [ [ 0.734760324113751, 41.007817814264641 ], [ 0.73511679926331, 41.007824820590578 ], [ 0.735107550848505, 41.008094856284593 ], [ 0.734751074245924, 41.008087849892391 ], [ 0.734760324113751, 41.007817814264641 ], [ 0.734403849089865, 41.007810806837263 ], [ 0.734413100285016, 41.007540771261368 ], [ 0.734769573855903, 41.007547778622467 ], [ 0.734760324113751, 41.007817814264641 ] ], [ [ 0.701618072027862, 41.006891382320354 ], [ 0.701608687165139, 41.007161411754879 ], [ 0.701252223915017, 41.007154301899497 ], [ 0.701261610230557, 41.006884272532204 ], [ 0.701618072027862, 41.006891382320354 ], [ 0.701627456763081, 41.006621352871356 ], [ 0.701983917235091, 41.006628461490976 ], [ 0.701974533952671, 41.006898491007199 ], [ 0.701618072027862, 41.006891382320354 ] ], [ [ 0.703053299415935, 41.006649780741945 ], [ 0.703043920491926, 41.006919810459799 ], [ 0.702330996004964, 41.006905598592724 ], [ 0.702340377834584, 41.006635569009269 ], [ 0.703053299415935, 41.006649780741945 ], [ 0.703062678212523, 41.006379751009661 ], [ 0.703419137741555, 41.006386855156862 ], [ 0.703409760397755, 41.006656884956357 ], [ 0.703053299415935, 41.006649780741945 ] ], [ [ 0.725501301913787, 41.007365229275976 ], [ 0.72514483161728, 41.007358193278385 ], [ 0.725154120463525, 41.007088159414742 ], [ 0.725510589307103, 41.007095195345798 ], [ 0.725501301913787, 41.007365229275976 ] ], [ [ 0.729066011815719, 41.007435528675337 ], [ 0.72870954025826, 41.007428503691692 ], [ 0.728718814575128, 41.00715846916313 ], [ 0.729075284679639, 41.00716549408034 ], [ 0.729066011815719, 41.007435528675337 ] ], [ [ 0.74190829219498, 41.007417657565178 ], [ 0.741551817567419, 41.007410672298747 ], [ 0.741561039451625, 41.007140635370611 ], [ 0.740491620679781, 41.007119673160943 ], [ 0.740500846797618, 41.006849636416646 ], [ 0.740144375577321, 41.006842646876692 ], [ 0.740162830342826, 41.006302573477093 ], [ 0.739806362153779, 41.006295582967951 ], [ 0.739815590801392, 41.006025546312657 ], [ 0.740884991385879, 41.006046514337605 ], [ 0.740866542682799, 41.006586588030402 ], [ 0.741935953112778, 41.006607546539385 ], [ 0.74190829219498, 41.007417657565178 ] ], [ [ 0.714825909831056, 41.006613606375112 ], [ 0.714112982765634, 41.006599467463651 ], [ 0.714122316398081, 41.006329435639032 ], [ 0.713765854508403, 41.006322364598155 ], [ 0.713775189466849, 41.006052332825959 ], [ 0.714844571157863, 41.006073542443993 ], [ 0.714825909831056, 41.006613606375112 ] ], [ [ 0.716261090398441, 41.006371838756387 ], [ 0.715548165224682, 41.006357708789238 ], [ 0.715566820486737, 41.005817644561901 ], [ 0.715923280104647, 41.005824709962489 ], [ 0.71591395398978, 41.006094742150204 ], [ 0.716270415187196, 41.006101806516313 ], [ 0.716261090398441, 41.006371838756387 ] ], [ [ 0.71876564711527, 41.006151226242018 ], [ 0.718052723074202, 41.006137111827002 ], [ 0.71804340554957, 41.00640714440096 ], [ 0.717686942266083, 41.006400085474702 ], [ 0.717714898818634, 41.005589987909765 ], [ 0.718784275973556, 41.005611160783801 ], [ 0.71876564711527, 41.006151226242018 ] ], [ [ 0.725200562801763, 41.005737989880089 ], [ 0.725913486086393, 41.005752059975499 ], [ 0.7259042007768, 41.006022094044347 ], [ 0.725191274586507, 41.006008023815873 ], [ 0.725200562801763, 41.005737989880089 ], [ 0.724844101348726, 41.005730953180404 ], [ 0.724853390890599, 41.005460919296738 ], [ 0.725209850890827, 41.005467955929888 ], [ 0.725200562801763, 41.005737989880089 ] ], [ [ 0.73019103638547, 41.005836388036002 ], [ 0.730903963199062, 41.005850427294035 ], [ 0.730894698229326, 41.006120462293168 ], [ 0.730181768510017, 41.006106422902377 ], [ 0.73019103638547, 41.005836388036002 ], [ 0.729121647109503, 41.005815320888935 ], [ 0.729130919217542, 41.005545286207386 ], [ 0.728774457830307, 41.005538261688777 ], [ 0.728783731265183, 41.005268227059247 ], [ 0.729496651260003, 41.005282274862282 ], [ 0.72948738073075, 41.005552309624662 ], [ 0.730200304135006, 41.005566353155238 ], [ 0.73019103638547, 41.005836388036002 ] ], [ [ 0.715210360995553, 41.005810578059986 ], [ 0.714140983282553, 41.005789371946442 ], [ 0.714159649659806, 41.005249308196099 ], [ 0.714516105865175, 41.005256377868179 ], [ 0.7145067741927, 41.005526409817442 ], [ 0.715219689889266, 41.005540545991479 ], [ 0.715210360995553, 41.005810578059986 ] ], [ [ 0.744093199904768, 41.006109358938048 ], [ 0.743380263801807, 41.006095401180957 ], [ 0.743371049683384, 41.0063654384969 ], [ 0.743014580366747, 41.006358457900255 ], [ 0.743033011384243, 41.005818383386014 ], [ 0.742676545098647, 41.005811401820026 ], [ 0.742722627715565, 41.004461215612558 ], [ 0.743079086736928, 41.0044681968484 ], [ 0.743069871916789, 41.004738234184721 ], [ 0.743426332516156, 41.00474521438526 ], [ 0.743407905405963, 41.005285289146734 ], [ 0.743764369036189, 41.005292268377964 ], [ 0.743755156746191, 41.005562305803096 ], [ 0.744111621954452, 41.005569283998959 ], [ 0.744093199904768, 41.006109358938048 ] ], [ [ 0.728052258967313, 41.00579424382979 ], [ 0.727695796505292, 41.005787215940749 ], [ 0.72770507442464, 41.005517181524993 ], [ 0.728061535433837, 41.005524209347577 ], [ 0.728052258967313, 41.00579424382979 ] ], [ [ 0.722358174423977, 41.005411632027972 ], [ 0.722001715433979, 41.005404586584341 ], [ 0.722011016471883, 41.005134553219008 ], [ 0.722367474009109, 41.005141598596005 ], [ 0.722358174423977, 41.005411632027972 ] ], [ [ 0.740903439587657, 41.005506440587205 ], [ 0.741259903794056, 41.005513427593939 ], [ 0.741250681208705, 41.005783464542425 ], [ 0.740894215549429, 41.005776477469617 ], [ 0.740903439587657, 41.005506440587205 ], [ 0.740190511550843, 41.005492463269654 ], [ 0.740199738369457, 41.005222426505036 ], [ 0.740912663500564, 41.005236403690397 ], [ 0.740903439587657, 41.005506440587205 ] ], [ [ 0.727714352217936, 41.005247147094828 ], [ 0.727357892787595, 41.005240118237388 ], [ 0.727367171907624, 41.004970083859263 ], [ 0.727723629885182, 41.004977112650231 ], [ 0.727714352217936, 41.005247147094828 ] ], [ [ 0.717029945477932, 41.004765769859624 ], [ 0.716673491290979, 41.00475870803011 ], [ 0.71668281386693, 41.004488675636594 ], [ 0.717039266601179, 41.004495737399317 ], [ 0.717029945477932, 41.004765769859624 ] ], [ [ 0.723802599069022, 41.004899735378224 ], [ 0.723446142479294, 41.004892694473007 ], [ 0.723455437453522, 41.004622660812345 ], [ 0.723811892590509, 41.004629701650977 ], [ 0.723802599069022, 41.004899735378224 ] ], [ [ 0.73699158148701, 41.005159474654619 ], [ 0.7366351202386, 41.005152474497905 ], [ 0.736644361460082, 41.004882438380442 ], [ 0.737000821255678, 41.004889438470954 ], [ 0.73699158148701, 41.005159474654619 ] ], [ [ 0.718099308798548, 41.004786948740588 ], [ 0.717386399791524, 41.004772830587889 ], [ 0.717395719462065, 41.004502798060798 ], [ 0.717752172449568, 41.004509857621031 ], [ 0.717761490540802, 41.004239825012739 ], [ 0.718117942202212, 41.004246883404967 ], [ 0.718099308798548, 41.004786948740588 ] ], [ [ 0.719177985665362, 41.004538084849301 ], [ 0.718821532171586, 41.004531029694135 ], [ 0.718812218311891, 41.004801062488198 ], [ 0.718455763491939, 41.004794006165042 ], [ 0.718474393990198, 41.004253940695925 ], [ 0.719187297945821, 41.004268051974073 ], [ 0.719177985665362, 41.004538084849301 ] ], [ [ 0.703859974685142, 41.003963688752179 ], [ 0.703147081648096, 41.003949482768277 ], [ 0.703137703998227, 41.004219512630712 ], [ 0.702781256218191, 41.004212407919759 ], [ 0.702790635320668, 41.003942378124506 ], [ 0.702434189120664, 41.003935272379529 ], [ 0.702443569548304, 41.003665242637034 ], [ 0.702800014295722, 41.003672348314794 ], [ 0.702809393143354, 41.003402318490629 ], [ 0.703165836565625, 41.003409423000015 ], [ 0.703175213833289, 41.003139393094202 ], [ 0.703531655930408, 41.003146496435221 ], [ 0.703522280115295, 41.003416526408216 ], [ 0.703878723792344, 41.003423628715232 ], [ 0.703859974685142, 41.003963688752179 ] ], [ [ 0.722751825311801, 41.004338542289375 ], [ 0.722038918827415, 41.004324453036403 ], [ 0.72204821935987, 41.00405441961334 ], [ 0.720978864939106, 41.004033277674367 ], [ 0.720988169703217, 41.003763244436833 ], [ 0.720631719935104, 41.003756194987993 ], [ 0.720641026025447, 41.003486161802684 ], [ 0.720284577836414, 41.003479111319294 ], [ 0.720293885252952, 41.00320907818621 ], [ 0.720650331989359, 41.003216128602944 ], [ 0.72065963782684, 41.002946095388758 ], [ 0.721016083237071, 41.002953144637566 ], [ 0.721006778852197, 41.003223177918429 ], [ 0.722432567567461, 41.003251364168179 ], [ 0.722413970039622, 41.003791431219724 ], [ 0.722770420439611, 41.003798475162327 ], [ 0.722751825311801, 41.004338542289375 ] ], [ [ 0.726325648409778, 41.004138888256108 ], [ 0.725969195294817, 41.004131855259487 ], [ 0.725978479721383, 41.003861821089657 ], [ 0.726334931383648, 41.003868854019764 ], [ 0.726325648409778, 41.004138888256108 ] ], [ [ 0.739889415468623, 41.003865252551719 ], [ 0.739176505617618, 41.003851269419563 ], [ 0.739185736042302, 41.003581232766862 ], [ 0.739898642987846, 41.003595215766794 ], [ 0.739889415468623, 41.003865252551719 ] ], [ [ 0.698550874194081, 41.0027769204085 ], [ 0.697837996603234, 41.002762681927308 ], [ 0.697847395403546, 41.002492653001482 ], [ 0.698560270089426, 41.002506891348006 ], [ 0.698550874194081, 41.0027769204085 ] ], [ [ 0.703897472390107, 41.002883568620447 ], [ 0.703541031618143, 41.002876466447766 ], [ 0.703550407178503, 41.002606436445845 ], [ 0.703906846497952, 41.002613538551373 ], [ 0.703897472390107, 41.002883568620447 ] ], [ [ 0.728145017961327, 41.003093898358657 ], [ 0.728135742629026, 41.003363932970672 ], [ 0.72742284398044, 41.003349877287647 ], [ 0.727432122218034, 41.003079842808567 ], [ 0.728145017961327, 41.003093898358657 ], [ 0.728154293167614, 41.002823863732232 ], [ 0.728510739775665, 41.002830889788974 ], [ 0.728501466022006, 41.003100924481856 ], [ 0.728145017961327, 41.003093898358657 ] ], [ [ 0.723876943705663, 41.002739465156289 ], [ 0.723520498737317, 41.002732424783765 ], [ 0.72352979270134, 41.002462391007676 ], [ 0.7238862362171, 41.002469431313628 ], [ 0.723876943705663, 41.002739465156289 ] ], [ [ 0.730292974705416, 41.002866003554374 ], [ 0.729223633369722, 41.00284493859882 ], [ 0.729232904092162, 41.002574903758649 ], [ 0.730302241070003, 41.002595968514996 ], [ 0.730292974705416, 41.002866003554374 ] ], [ [ 0.739560647020134, 41.003048151336607 ], [ 0.738847746136176, 41.00303416639867 ], [ 0.738856977637314, 41.002764129768892 ], [ 0.739569875615934, 41.002778114574582 ], [ 0.739560647020134, 41.003048151336607 ] ], [ [ 0.727797846685578, 41.002816836574262 ], [ 0.727441400329575, 41.002809808315064 ], [ 0.727450678315062, 41.002539773807129 ], [ 0.727094233537714, 41.002532744513204 ], [ 0.727103512849736, 41.002262710057323 ], [ 0.727816399625313, 41.00227676741104 ], [ 0.727797846685578, 41.002816836574262 ] ], [ [ 0.696440456401352, 41.001924105738581 ], [ 0.696084022665774, 41.001916980643834 ], [ 0.696093428345111, 41.001646952011427 ], [ 0.696449860628277, 41.001654077038772 ], [ 0.696440456401352, 41.001924105738581 ] ], [ [ 0.72887645868476, 41.002567879970762 ], [ 0.728520013403329, 41.002560855081661 ], [ 0.728529286905003, 41.002290820359953 ], [ 0.728885730733842, 41.002297845182596 ], [ 0.72887645868476, 41.002567879970762 ] ], [ [ 0.731015133018059, 41.002610006179822 ], [ 0.730658686981094, 41.002602987898015 ], [ 0.730667951767188, 41.002332952777827 ], [ 0.731024396351549, 41.002339970993248 ], [ 0.731015133018059, 41.002610006179822 ] ], [ [ 0.685400519357014, 41.001432689185286 ], [ 0.685044091044228, 41.001425530024427 ], [ 0.685053541619003, 41.001155503471544 ], [ 0.685409968479457, 41.001162662564703 ], [ 0.685400519357014, 41.001432689185286 ] ], [ [ 0.717836030713391, 41.002079563626772 ], [ 0.717479590799378, 41.002072504667403 ], [ 0.717488909203833, 41.001802471995944 ], [ 0.717845347665332, 41.001809530888558 ], [ 0.717836030713391, 41.002079563626772 ] ], [ [ 0.694339506903253, 41.000801225385317 ], [ 0.693983079744157, 41.000794093953715 ], [ 0.694030147876208, 40.999443952379984 ], [ 0.694386567773887, 40.999451083474355 ], [ 0.694339506903253, 41.000801225385317 ] ], [ [ 0.697913183430554, 41.000602450115537 ], [ 0.69684390285984, 41.000581085751591 ], [ 0.696862707003745, 41.000041028058071 ], [ 0.697575554780614, 41.000055271799006 ], [ 0.697566155677128, 41.000325300787715 ], [ 0.69792258120941, 41.000332421073963 ], [ 0.697913183430554, 41.000602450115537 ] ], [ [ 0.692229208914828, 40.999948336391185 ], [ 0.69258563107738, 40.999955473125581 ], [ 0.692595050384935, 40.999685445066213 ], [ 0.692951471223197, 40.999692580632114 ], [ 0.692923217273456, 41.00050266496919 ], [ 0.692566792078368, 41.000495529200855 ], [ 0.692576211641858, 41.000225501170455 ], [ 0.692219788027034, 41.000218364368564 ], [ 0.692229208914828, 40.999948336391185 ], [ 0.691516364973704, 40.999934059619328 ], [ 0.691525788638013, 40.999664031762492 ], [ 0.692238629674637, 40.999678308399318 ], [ 0.692229208914828, 40.999948336391185 ] ], [ [ 0.726080600088876, 41.000891444269541 ], [ 0.725011293793947, 41.000870341067191 ], [ 0.725020581064342, 41.000600306923857 ], [ 0.726089883001904, 41.000621409926623 ], [ 0.726080600088876, 41.000891444269541 ] ], [ [ 0.69115994319517, 40.99992691958186 ], [ 0.69080352154468, 40.999919778443378 ], [ 0.690812948113484, 40.999649750721609 ], [ 0.691169368311727, 40.999656891792547 ], [ 0.69115994319517, 40.99992691958186 ] ], [ [ 0.720752689248406, 41.000245762453126 ], [ 0.720396258489582, 41.00023871276985 ], [ 0.720405564388847, 40.999968679463578 ], [ 0.719692706155275, 40.999954576927081 ], [ 0.719702014832847, 40.999684543739761 ], [ 0.720058442434044, 40.999691595491846 ], [ 0.720067749532805, 40.999421562223404 ], [ 0.720424175808098, 40.999428612807733 ], [ 0.720414870161685, 40.999698646142882 ], [ 0.720771298015751, 40.999705695692811 ], [ 0.720752689248406, 41.000245762453126 ] ], [ [ 0.695455828234029, 40.999472470151424 ], [ 0.695099407952817, 40.999465342360082 ], [ 0.69510881683889, 40.999195313799625 ], [ 0.695465235667872, 40.999202441523558 ], [ 0.695455828234029, 40.999472470151424 ] ], [ [ 0.724354162720136, 40.999236062482119 ], [ 0.723284884461297, 40.999214943961142 ], [ 0.723294178236327, 40.998944910064068 ], [ 0.723650602744043, 40.998951950605552 ], [ 0.723659894940506, 40.998681916627454 ], [ 0.724016318122155, 40.998688956001303 ], [ 0.724034899231804, 40.998148887868702 ], [ 0.724391319635112, 40.998155926008359 ], [ 0.724354162720136, 40.999236062482119 ] ], [ [ 0.722590626153074, 40.998660791899624 ], [ 0.721877780926249, 40.998646703242493 ], [ 0.721887080257885, 40.998376669583017 ], [ 0.721530659286247, 40.998369623669539 ], [ 0.721539959943805, 40.998099590062253 ], [ 0.722609218880933, 40.998120724299753 ], [ 0.722590626153074, 40.998660791899624 ] ], [ [ 0.726904823359467, 40.997665092902317 ], [ 0.727261241867279, 40.997672122100738 ], [ 0.72725196469815, 40.997942156801798 ], [ 0.72689554473809, 40.997935127536898 ], [ 0.726904823359467, 40.997665092902317 ], [ 0.726548404977709, 40.997658062602873 ], [ 0.726557684925258, 40.997388028020353 ], [ 0.726914101854789, 40.997395058253311 ], [ 0.726904823359467, 40.997665092902317 ] ], [ [ 0.729098953099053, 40.99608704107483 ], [ 0.728742542674393, 40.996080017780081 ], [ 0.728751813152861, 40.995809982712267 ], [ 0.729108222125403, 40.995817005940587 ], [ 0.729098953099053, 40.99608704107483 ] ], [ [ 0.725224869094371, 40.994659552120538 ], [ 0.724868467316474, 40.99465251704796 ], [ 0.724877753137349, 40.994382482639374 ], [ 0.725234153463247, 40.994389517645409 ], [ 0.725224869094371, 40.994659552120538 ] ] ], [ [ [ 0.736057717881704, 41.032433054976906 ], [ 0.736066970339329, 41.032163020248774 ], [ 0.735710363709997, 41.032156013469077 ], [ 0.735701109797567, 41.032426048130972 ], [ 0.736057717881704, 41.032433054976906 ] ] ], [ [ [ 0.738910587079513, 41.032489070058567 ], [ 0.738919827898626, 41.032219034800754 ], [ 0.738563220264002, 41.032212036840079 ], [ 0.738553977990069, 41.032482072031719 ], [ 0.738910587079513, 41.032489070058567 ] ] ], [ [ [ 0.686879422229951, 41.050911811212714 ], [ 0.68688888177405, 41.050641786634209 ], [ 0.686532187650716, 41.050634625068589 ], [ 0.686522726650657, 41.050904649579387 ], [ 0.686879422229951, 41.050911811212714 ] ] ], [ [ [ 0.66728043593365, 41.049976241795839 ], [ 0.667289975293213, 41.049706220927874 ], [ 0.66657660720151, 41.049691775643936 ], [ 0.666567064930332, 41.049961796375328 ], [ 0.66728043593365, 41.049976241795839 ] ] ], [ [ [ 0.723914509467043, 41.03273426868126 ], [ 0.723923811639753, 41.03246423624055 ], [ 0.723567206387499, 41.032457191847648 ], [ 0.72355790276001, 41.032727224221745 ], [ 0.723914509467043, 41.03273426868126 ] ] ], [ [ [ 0.723867996707345, 41.034084430668322 ], [ 0.723858693776162, 41.034354463022446 ], [ 0.724215309338697, 41.034361506779206 ], [ 0.724224610814981, 41.034091474358505 ], [ 0.723867996707345, 41.034084430668322 ] ] ], [ [ [ 0.722450850165429, 41.033786212781479 ], [ 0.722441541541168, 41.034056244883502 ], [ 0.723867996707345, 41.034084430668322 ], [ 0.72387729951211, 41.033814398299775 ], [ 0.722450850165429, 41.033786212781479 ] ] ], [ [ [ 0.697873144836306, 41.032487153729306 ], [ 0.697882553330506, 41.032217126193068 ], [ 0.69752595590448, 41.03221000126392 ], [ 0.697516545955626, 41.032480028732792 ], [ 0.697873144836306, 41.032487153729306 ] ] ], [ [ [ 0.727127472460601, 40.991184257345445 ], [ 0.727146023275787, 40.99064418734072 ], [ 0.7267896426455, 40.99063715876985 ], [ 0.726771088926827, 40.991177228641604 ], [ 0.727127472460601, 40.991184257345445 ] ] ], [ [ [ 0.660055253137461, 41.032265810692799 ], [ 0.659698665011712, 41.032258568722739 ], [ 0.659689100490915, 41.032528588947585 ], [ 0.660045690071167, 41.032535830986127 ], [ 0.660055253137461, 41.032265810692799 ] ] ], [ [ [ 0.660055253137461, 41.032265810692799 ], [ 0.660411841393154, 41.032273051560686 ], [ 0.660421402875021, 41.032003031184367 ], [ 0.660064816073811, 41.031995790384954 ], [ 0.660055253137461, 41.032265810692799 ] ] ], [ [ [ 0.660421402875021, 41.032003031184367 ], [ 0.662204338829506, 41.03203921864867 ], [ 0.662213892909098, 41.031769197915644 ], [ 0.661857306912949, 41.031761962695576 ], [ 0.661866862317174, 41.031491942016444 ], [ 0.661510277905319, 41.031484705762615 ], [ 0.661500721046642, 41.031754726373329 ], [ 0.660430964226965, 41.031733010793516 ], [ 0.660421402875021, 41.032003031184367 ] ] ], [ [ [ 0.675084584501869, 41.041216908816594 ], [ 0.674371304126785, 41.041202514210106 ], [ 0.674352288870829, 41.041742559450896 ], [ 0.674708931904236, 41.041749757441551 ], [ 0.674718438141578, 41.041479734760351 ], [ 0.675075079848929, 41.041486931580344 ], [ 0.675084584501869, 41.041216908816594 ] ] ], [ [ [ 0.693254547194097, 41.042122533552707 ], [ 0.69396784702812, 41.042136811553149 ], [ 0.693996129598499, 41.041326732487114 ], [ 0.69328283849642, 41.041312454891703 ], [ 0.693292268674223, 41.041042428642406 ], [ 0.692935624770682, 41.041035288258257 ], [ 0.692916761376343, 41.041575340607345 ], [ 0.693273408190467, 41.041582481126518 ], [ 0.693254547194097, 41.042122533552707 ] ] ], [ [ [ 0.658341778316657, 41.040337430458578 ], [ 0.657985147067488, 41.040330182023965 ], [ 0.657975572826491, 41.040600201538815 ], [ 0.658332205530746, 41.040607450041975 ], [ 0.658341778316657, 41.040337430458578 ] ] ], [ [ [ 0.693996129598499, 41.041326732487114 ], [ 0.695066067212408, 41.04134814061058 ], [ 0.695084912887088, 41.040808087422675 ], [ 0.694728269798269, 41.04080095261908 ], [ 0.694718845569683, 41.041070979152806 ], [ 0.694005556865733, 41.041056706102836 ], [ 0.693996129598499, 41.041326732487114 ] ] ], [ [ [ 0.674775472852883, 41.039859598368437 ], [ 0.674756461799147, 41.040399643890446 ], [ 0.675113097685739, 41.040406840438266 ], [ 0.675132105829214, 41.039866794780181 ], [ 0.674775472852883, 41.039859598368437 ] ] ], [ [ [ 0.696737454989251, 41.034355966366292 ], [ 0.696380846309147, 41.034348837591054 ], [ 0.696371430972861, 41.034618864741965 ], [ 0.696728041107772, 41.034625993584605 ], [ 0.696737454989251, 41.034355966366292 ] ] ], [ [ [ 0.696737454989251, 41.034355966366292 ], [ 0.697450672733206, 41.034370220609659 ], [ 0.697460083577185, 41.034100193242097 ], [ 0.696746868742808, 41.034085939133504 ], [ 0.696737454989251, 41.034355966366292 ] ] ], [ [ [ 0.697450672733206, 41.034370220609659 ], [ 0.697441261761346, 41.034640247962756 ], [ 0.697797872279969, 41.034647373498267 ], [ 0.697807281797018, 41.034377346077804 ], [ 0.697450672733206, 41.034370220609659 ] ] ], [ [ [ 0.746241213586472, 41.005881167917927 ], [ 0.746232011216568, 41.006151205776035 ], [ 0.746588480206253, 41.006158176394159 ], [ 0.746597681123232, 41.005888138470141 ], [ 0.746241213586472, 41.005881167917927 ] ] ], [ [ [ 0.72631783311736, 41.035483877305005 ], [ 0.726336419495047, 41.03494381176575 ], [ 0.725979800264534, 41.034936774490482 ], [ 0.725989094718898, 41.034666741765754 ], [ 0.725632477069637, 41.034659703454601 ], [ 0.725641772852629, 41.034389670781991 ], [ 0.725285156784616, 41.034382631434937 ], [ 0.725294453896193, 41.034112598814488 ], [ 0.724937839409424, 41.03410555843157 ], [ 0.724919242150103, 41.034645623524938 ], [ 0.725275859546699, 41.034652664040991 ], [ 0.72526656218244, 41.034922696632592 ], [ 0.725623181160325, 41.03492973611278 ], [ 0.725613885124688, 41.035199768756513 ], [ 0.725970505683864, 41.03520680720078 ], [ 0.725961210976887, 41.03547683989666 ], [ 0.72631783311736, 41.035483877305005 ] ] ], [ [ [ 0.695311021036565, 41.034327444651197 ], [ 0.695320440609255, 41.034057417688103 ], [ 0.694963833895816, 41.034050284570888 ], [ 0.694954412868347, 41.034320311466523 ], [ 0.695311021036565, 41.034327444651197 ] ] ], [ [ [ 0.699571524419945, 41.034953012382914 ], [ 0.69958092679067, 41.034682984640185 ], [ 0.698154482926457, 41.03465449793142 ], [ 0.698145074736378, 41.034924525404776 ], [ 0.699571524419945, 41.034953012382914 ] ] ], [ [ [ 0.669888350598914, 41.016522387217734 ], [ 0.670601362415023, 41.01653680249192 ], [ 0.670620391444688, 41.015996756323013 ], [ 0.669907385442036, 41.01598234132144 ], [ 0.669888350598914, 41.016522387217734 ] ] ], [ [ [ 0.665985861677272, 41.015902980049503 ], [ 0.666342363190471, 41.015910200218485 ], [ 0.666351894951294, 41.015640177930749 ], [ 0.665995394891407, 41.015632957830043 ], [ 0.665985861677272, 41.015902980049503 ] ] ], [ [ [ 0.723080318602611, 41.036230597343632 ], [ 0.723089625328834, 41.035960565223796 ], [ 0.722376377629347, 41.03594646919354 ], [ 0.722367067993064, 41.0362165011801 ], [ 0.723080318602611, 41.036230597343632 ] ] ], [ [ [ 0.726289952603659, 41.036293975505671 ], [ 0.726299246234518, 41.036023942786557 ], [ 0.725229371461947, 41.036002826854755 ], [ 0.725220073465949, 41.036272859374215 ], [ 0.726289952603659, 41.036293975505671 ] ] ], [ [ [ 0.666748345909734, 41.0448313999958 ], [ 0.666738805972452, 41.045101420988573 ], [ 0.667095465207777, 41.045108643021081 ], [ 0.667105003689606, 41.044838621960047 ], [ 0.666748345909734, 41.0448313999958 ] ] ], [ [ [ 0.660694748052869, 41.044438438047756 ], [ 0.660704312472569, 41.044168418188335 ], [ 0.66034765994004, 41.044161176512716 ], [ 0.660357225685122, 41.043891156707232 ], [ 0.659643923920769, 41.043876670185035 ], [ 0.659634355264981, 41.044146689853548 ], [ 0.659991007537504, 41.044153933734464 ], [ 0.659981440207055, 41.044423953456928 ], [ 0.660694748052869, 41.044438438047756 ] ] ], [ [ [ 0.672740325298184, 41.036846149829927 ], [ 0.672749837939824, 41.036576127296023 ], [ 0.672036608845131, 41.036561719569626 ], [ 0.672027093293752, 41.036831741967298 ], [ 0.672740325298184, 41.036846149829927 ] ] ], [ [ [ 0.721096185848551, 41.021329479116311 ], [ 0.721086875771194, 41.021599511548992 ], [ 0.722156514348559, 41.02162065987627 ], [ 0.722165820064049, 41.021350627243592 ], [ 0.721096185848551, 41.021329479116311 ] ] ], [ [ [ 0.720739641363031, 41.021322427536703 ], [ 0.721096185848551, 41.021329479116311 ], [ 0.721105495799406, 41.02105944666917 ], [ 0.720748952767818, 41.021052395156268 ], [ 0.720739641363031, 41.021322427536703 ] ] ], [ [ [ 0.663356733675447, 41.019632710874944 ], [ 0.66264369215586, 41.019618249895956 ], [ 0.662624595546911, 41.020158292654727 ], [ 0.663337642880897, 41.020172753907218 ], [ 0.663356733675447, 41.019632710874944 ] ] ], [ [ [ 0.667278471301909, 41.019712167486681 ], [ 0.667288000515225, 41.019442145197424 ], [ 0.666931479718644, 41.019434927445928 ], [ 0.666921949051735, 41.019704949666945 ], [ 0.667278471301909, 41.019712167486681 ] ] ], [ [ [ 0.746438786259564, 41.021017213189261 ], [ 0.746429579793081, 41.021287250373064 ], [ 0.746786130428254, 41.021294222479789 ], [ 0.746776925290724, 41.021564259715127 ], [ 0.747490029844399, 41.021578200754512 ], [ 0.747499232073818, 41.021308163387332 ], [ 0.747142681188506, 41.021301193484554 ], [ 0.747151884746922, 41.021031156168902 ], [ 0.746438786259564, 41.021017213189261 ] ] ], [ [ [ 0.730450485783311, 40.998275405923891 ], [ 0.730459750007985, 40.99800537063939 ], [ 0.729390487104595, 40.997984309269505 ], [ 0.729381218523071, 40.998254344354812 ], [ 0.730450485783311, 40.998275405923891 ] ] ], [ [ [ 0.7318761772256, 40.998303472601258 ], [ 0.731885435641117, 40.998033437051305 ], [ 0.73117259257291, 40.998019406047426 ], [ 0.73116333125281, 40.998289441464664 ], [ 0.7318761772256, 40.998303472601258 ] ] ], [ [ [ 0.709735478105053, 41.040289576850412 ], [ 0.709744840701578, 41.040019547434426 ], [ 0.709031555825989, 41.040005367676606 ], [ 0.709022190318918, 41.040275396958513 ], [ 0.709735478105053, 41.040289576850412 ] ] ], [ [ [ 0.695845296842577, 41.039472219824489 ], [ 0.695854715937316, 41.039202193001564 ], [ 0.69549808132366, 41.039195060807792 ], [ 0.695488660773763, 41.039465087563308 ], [ 0.695845296842577, 41.039472219824489 ] ] ], [ [ [ 0.704413985018915, 41.039373034884477 ], [ 0.704423369061761, 41.039103006431688 ], [ 0.704066732836799, 41.039095900766597 ], [ 0.704057347338766, 41.039365929152197 ], [ 0.704413985018915, 41.039373034884477 ] ] ], [ [ [ 0.658147889260315, 41.035739848047918 ], [ 0.657434676619073, 41.035725350201737 ], [ 0.65742510168006, 41.035995369826566 ], [ 0.657781709390382, 41.036002619369363 ], [ 0.657772135776024, 41.036272639048214 ], [ 0.658128745071205, 41.036279887557207 ], [ 0.658109600361804, 41.036819927008381 ], [ 0.658822825161566, 41.036834420993451 ], [ 0.658841964051765, 41.036294381268206 ], [ 0.658485354496459, 41.036287134963864 ], [ 0.658494925201279, 41.036017115147963 ], [ 0.658138317230795, 41.036009867809831 ], [ 0.658147889260315, 41.035739848047918 ] ] ], [ [ [ 0.696619114867579, 40.996793557967905 ], [ 0.69662851666737, 40.99652352899318 ], [ 0.696272111976316, 40.996516405245998 ], [ 0.696262708724487, 40.996786434153364 ], [ 0.696619114867579, 40.996793557967905 ] ] ], [ [ [ 0.660437669256616, 41.021464987046045 ], [ 0.66008113929477, 41.021457747814573 ], [ 0.660071579970953, 41.021727768620586 ], [ 0.660428111386512, 41.021735007920519 ], [ 0.660437669256616, 41.021464987046045 ] ] ], [ [ [ 0.656211574159771, 41.040023904126869 ], [ 0.656221155415763, 41.039753884925766 ], [ 0.655864527857595, 41.039746630013376 ], [ 0.655854945146568, 41.040016649145862 ], [ 0.656211574159771, 41.040023904126869 ] ] ], [ [ [ 0.663990597009085, 41.042073379324933 ], [ 0.663633954949949, 41.042066148120242 ], [ 0.663624403211797, 41.042336168643246 ], [ 0.662554473447566, 41.042314468208509 ], [ 0.662525804356849, 41.043124529074824 ], [ 0.663239099468132, 41.043138997544304 ], [ 0.663248653050987, 41.042868977133253 ], [ 0.663605299346087, 41.042876209645684 ], [ 0.663614851343843, 41.042606189151726 ], [ 0.663971496313472, 41.042613420493161 ], [ 0.663990597009085, 41.042073379324933 ] ] ], [ [ [ 0.660462440302055, 41.040920937887968 ], [ 0.660472004487378, 41.040650917908117 ], [ 0.660115371002907, 41.040643676020046 ], [ 0.660105805362467, 41.040913695931422 ], [ 0.660462440302055, 41.040920937887968 ] ] ], [ [ [ 0.694044803375087, 41.02970844954443 ], [ 0.694054226589821, 41.029438422605075 ], [ 0.693341063771554, 41.029424148744198 ], [ 0.693331637647953, 41.029694175548585 ], [ 0.694044803375087, 41.02970844954443 ] ] ], [ [ [ 0.661532345900555, 41.040942657142416 ], [ 0.661175710571119, 41.040935418493461 ], [ 0.661166149166109, 41.041205438595682 ], [ 0.660809512511461, 41.04119819877576 ], [ 0.660790386401301, 41.041738238799716 ], [ 0.66114702596629, 41.04174547875656 ], [ 0.66113746417148, 41.042015498815204 ], [ 0.660424182261058, 41.042001017662045 ], [ 0.660414617425871, 41.042271037569236 ], [ 0.661484544852079, 41.042292757850483 ], [ 0.661503665661215, 41.041752717610841 ], [ 0.661860305486055, 41.041759955362579 ], [ 0.661869864240564, 41.041489935152526 ], [ 0.661513225870908, 41.04148269746922 ], [ 0.661532345900555, 41.040942657142416 ] ] ], [ [ [ 0.661532345900555, 41.040942657142416 ], [ 0.6618889813599, 41.04094989468885 ], [ 0.661898539724733, 41.040679874435213 ], [ 0.661541905720513, 41.040672636957225 ], [ 0.661532345900555, 41.040942657142416 ] ] ], [ [ [ 0.661898539724733, 41.040679874435213 ], [ 0.662255173858841, 41.040687110810687 ], [ 0.662264730638679, 41.040417090474108 ], [ 0.661908097959678, 41.040409854167059 ], [ 0.661898539724733, 41.040679874435213 ] ] ], [ [ [ 0.663286866084179, 41.041788895343821 ], [ 0.663296419017928, 41.041518874860138 ], [ 0.662583141369537, 41.041504407211441 ], [ 0.662573585525404, 41.04177442755833 ], [ 0.663286866084179, 41.041788895343821 ] ] ], [ [ [ 0.696107749604387, 41.042179619090646 ], [ 0.696117168523852, 41.041909592345029 ], [ 0.695760519229717, 41.041902460579529 ], [ 0.695751098854895, 41.042172487257716 ], [ 0.696107749604387, 41.042179619090646 ] ] ], [ [ [ 0.659026331187885, 41.041161983137982 ], [ 0.659035901323713, 41.040891963446626 ], [ 0.658322632614751, 41.040877469610805 ], [ 0.658303486392493, 41.04141750870491 ], [ 0.658660123592215, 41.041424756311137 ], [ 0.658669695313241, 41.041154736702822 ], [ 0.659026331187885, 41.041161983137982 ] ] ], [ [ [ 0.705512037473877, 41.038584259459626 ], [ 0.70550265805152, 41.038854288142829 ], [ 0.706215928738477, 41.038868489415641 ], [ 0.706225305250526, 41.038598460598152 ], [ 0.705512037473877, 41.038584259459626 ] ] ], [ [ [ 0.658226896299654, 41.043577664499971 ], [ 0.658236470516614, 41.043307645076467 ], [ 0.65716652913842, 41.043285894203045 ], [ 0.657156950555559, 41.043555913420896 ], [ 0.658226896299654, 41.043577664499971 ] ] ], [ [ [ 0.689978595071768, 41.043948406748811 ], [ 0.689988039630412, 41.043678381252356 ], [ 0.68963138232758, 41.04367123026865 ], [ 0.689621936313475, 41.04394125569749 ], [ 0.689978595071768, 41.043948406748811 ] ] ], [ [ [ 0.692137421839611, 41.043451238081332 ], [ 0.691424108733527, 41.043436948378819 ], [ 0.691414670125015, 41.043706974160102 ], [ 0.692127986142002, 41.043721263997718 ], [ 0.692137421839611, 41.043451238081332 ] ] ], [ [ [ 0.692137421839611, 41.043451238081332 ], [ 0.693207392460384, 41.04347266436482 ], [ 0.693216823663454, 41.043202638231364 ], [ 0.692146857408991, 41.043181212150472 ], [ 0.692137421839611, 41.043451238081332 ] ] ], [ [ [ 0.66931165770778, 41.042991779888553 ], [ 0.669321186420887, 41.04272175830188 ], [ 0.668964539506575, 41.042714543499592 ], [ 0.668955009338164, 41.042984565018045 ], [ 0.66931165770778, 41.042991779888553 ] ] ], [ [ [ 0.659730035971731, 41.041446492514517 ], [ 0.659373398381853, 41.04143924821593 ], [ 0.659363829441095, 41.041709267946736 ], [ 0.659007190526079, 41.041702022477104 ], [ 0.658997620000096, 41.041972042124861 ], [ 0.658640979759946, 41.041964795484155 ], [ 0.6586314076487, 41.042234815048857 ], [ 0.658274766083419, 41.042227567237063 ], [ 0.658265192386869, 41.042497586718717 ], [ 0.658621835407375, 41.042504834599036 ], [ 0.658612263035971, 41.042774854134684 ], [ 0.660038842239596, 41.042803834904149 ], [ 0.660067541500803, 41.041993775431585 ], [ 0.659710900870545, 41.041986532098576 ], [ 0.659730035971731, 41.041446492514517 ] ] ], [ [ [ 0.659730035971731, 41.041446492514517 ], [ 0.66008667369162, 41.041453735710569 ], [ 0.660096239592039, 41.041183715828254 ], [ 0.659739603327304, 41.041176472700698 ], [ 0.659730035971731, 41.041446492514517 ] ] ], [ [ [ 0.670391127940666, 41.042743396093037 ], [ 0.670400652158414, 41.042473374287276 ], [ 0.669687360593016, 41.042458950332161 ], [ 0.669677833464685, 41.042728972001555 ], [ 0.670391127940666, 41.042743396093037 ] ] ], [ [ [ 0.695000103317267, 41.043238326312235 ], [ 0.695009527115043, 41.042968299826853 ], [ 0.694652872383497, 41.042961164483543 ], [ 0.694643447130292, 41.043231190901459 ], [ 0.695000103317267, 41.043238326312235 ] ] ] ] } },
{ "type": "Feature", "properties": { "DATA_INCEN": "17/02/89", "MUNICIPI": "ULLDEMOLINS", "GRID_CODE": 2, "CODI_FINAL": "T89029001" }, "geometry": { "type": "Polygon", "coordinates": [ [ [ 0.875494692728645, 41.335881127917801 ], [ 0.874598963993393, 41.335864588339454 ], [ 0.874584331143784, 41.336314664210818 ], [ 0.874285753012256, 41.336309149383382 ], [ 0.874263800036471, 41.336984262985638 ], [ 0.874860962540156, 41.336995292126737 ], [ 0.874758534177391, 41.340145822303811 ], [ 0.87445993851494, 41.340140307512939 ], [ 0.874452620554256, 41.340365345264935 ], [ 0.875049814015082, 41.340376374159263 ], [ 0.875042498024293, 41.340601411987969 ], [ 0.87563969387011, 41.340612437872863 ], [ 0.875647007807967, 41.340387399957386 ], [ 0.876244201932811, 41.340398422659256 ], [ 0.876236890047894, 41.340623460661376 ], [ 0.876535488261231, 41.340628970894606 ], [ 0.876528177319843, 41.340854008930187 ], [ 0.878916974223971, 41.340898063275546 ], [ 0.878909671411601, 41.341123101647717 ], [ 0.880999880238847, 41.341161608863445 ], [ 0.88099258452924, 41.341386647528658 ], [ 0.882485598450795, 41.341414129676117 ], [ 0.882492889027794, 41.341189090794813 ], [ 0.881895685263958, 41.341178100344521 ], [ 0.881910270275812, 41.340728022724996 ], [ 0.882507469933626, 41.340739013002342 ], [ 0.882536630752669, 41.339838857298474 ], [ 0.882238034988293, 41.339833362719652 ], [ 0.8822453260127, 41.339608323812151 ], [ 0.881648136785043, 41.339597332418911 ], [ 0.881655429779598, 41.339372293587836 ], [ 0.881356836316314, 41.339366796773426 ], [ 0.881364130254539, 41.33914175797571 ], [ 0.881065537900447, 41.339136260430422 ], [ 0.881072832782319, 41.338911221666088 ], [ 0.880475650375272, 41.33890022433993 ], [ 0.880461056423119, 41.339350301685826 ], [ 0.879863870241623, 41.339339301090476 ], [ 0.879856571088512, 41.33956433966204 ], [ 0.87955797709557, 41.339558838160059 ], [ 0.879579877385709, 41.338883722545518 ], [ 0.879878468299407, 41.338889223917711 ], [ 0.879885767204085, 41.338664185316411 ], [ 0.879288587512277, 41.338653181884538 ], [ 0.879295888386887, 41.338428143359941 ], [ 0.878997299691606, 41.338422640526275 ], [ 0.879004601509746, 41.338197602034981 ], [ 0.879303189178659, 41.33820310482534 ], [ 0.879310489887602, 41.33797806628079 ], [ 0.878713316685333, 41.337967060012645 ], [ 0.878727921960048, 41.337516983066983 ], [ 0.87902650646708, 41.337522486501534 ], [ 0.879041109357765, 41.337072409429624 ], [ 0.878145362243081, 41.337055897063863 ], [ 0.878159970960106, 41.336605820211993 ], [ 0.877562810736499, 41.336594808271542 ], [ 0.877555504366867, 41.336819846615803 ], [ 0.876361180809489, 41.336797813274003 ], [ 0.876368491284208, 41.336572775103015 ], [ 0.87606991162848, 41.336567264876059 ], [ 0.876077223046517, 41.336342226738459 ], [ 0.87548006603647, 41.336331204049202 ], [ 0.875494692728645, 41.335881127917801 ] ] ] } },
{ "type": "Feature", "properties": { "DATA_INCEN": "03/07/89", "MUNICIPI": "VILANOVA I LA GELTRÃ", "GRID_CODE": 2, "CODI_FINAL": "B89017010" }, "geometry": { "type": "Polygon", "coordinates": [ [ [ 1.691423471937802, 41.246039511255184 ], [ 1.691125177405407, 41.246036121945075 ], [ 1.691120686242072, 41.24626125975027 ], [ 1.690822390737293, 41.246257869641006 ], [ 1.690817898499658, 41.246483007410177 ], [ 1.69051960202249, 41.246479616501574 ], [ 1.69051510871054, 41.246704754234798 ], [ 1.69021681126097, 41.24670136252692 ], [ 1.690212316874697, 41.246926500224106 ], [ 1.68991401845274, 41.246923107716931 ], [ 1.68990502748048, 41.247373383030059 ], [ 1.689606727062733, 41.247369989696871 ], [ 1.689602230476714, 41.247595127312714 ], [ 1.68930392908657, 41.247591733180229 ], [ 1.689299431426131, 41.247816870760104 ], [ 1.68900112906358, 41.247813475828281 ], [ 1.688996630328713, 41.248038613372074 ], [ 1.688698326993768, 41.248035217640918 ], [ 1.688689327324058, 41.248485492647333 ], [ 1.688987632705897, 41.248488888432 ], [ 1.688974135868925, 41.249164300978947 ], [ 1.688079210665967, 41.249154111065288 ], [ 1.688074708539163, 41.249379248493696 ], [ 1.687776399216804, 41.249375850283798 ], [ 1.68777189601543, 41.249600987676097 ], [ 1.68687696528435, 41.249590788330444 ], [ 1.686836406537271, 41.251617023721202 ], [ 1.687134725941939, 41.251620424516595 ], [ 1.687130220182527, 41.251845561762615 ], [ 1.687428540661934, 41.251848961812172 ], [ 1.687424035875064, 41.252074099075749 ], [ 1.687722357429202, 41.252077498379293 ], [ 1.687717853614874, 41.252302635660307 ], [ 1.688016176243744, 41.252306034217916 ], [ 1.688020679034415, 41.252080896910215 ], [ 1.68831900069072, 41.252084294668343 ], [ 1.688314498923703, 41.252309432002818 ], [ 1.689209467269894, 41.252319620721416 ], [ 1.689182474021891, 41.25367044501489 ], [ 1.688884145046628, 41.253667049387751 ], [ 1.688879644969637, 41.2538921867108 ], [ 1.689177974968624, 41.25389558236477 ], [ 1.689173475864326, 41.25412071970522 ], [ 1.689471806938089, 41.254124114613091 ], [ 1.689462810623927, 41.254574389319785 ], [ 1.68916447750264, 41.254570994358438 ], [ 1.689155478936839, 41.255021268974602 ], [ 1.689453814105699, 41.255024663989353 ], [ 1.689449315770043, 41.255249801310264 ], [ 1.690045988308429, 41.255256589074847 ], [ 1.690041491969377, 41.255481726439918 ], [ 1.690339829338894, 41.255485119189736 ], [ 1.690330838555478, 41.255935393945421 ], [ 1.690032499138294, 41.255932001142163 ], [ 1.690023506103197, 41.256382275807276 ], [ 1.690321847568095, 41.256385668663988 ], [ 1.690312856376749, 41.256835943345507 ], [ 1.690909543555051, 41.256842726847147 ], [ 1.690905049930686, 41.257067864227345 ], [ 1.691800084152089, 41.257078033763769 ], [ 1.69180906520649, 41.256627758833936 ], [ 1.692107408001067, 41.256631147080384 ], [ 1.69212087612907, 41.255955734536037 ], [ 1.691822536406098, 41.255952346369646 ], [ 1.691827026704101, 41.255727208862993 ], [ 1.692125365403234, 41.255730597002788 ], [ 1.692134343798804, 41.255280321908302 ], [ 1.69183600714731, 41.255276933821968 ], [ 1.691840497292529, 41.255051796287518 ], [ 1.691542161715787, 41.255048407455 ], [ 1.691546652833863, 41.254823269937923 ], [ 1.691248318331856, 41.254819880359285 ], [ 1.691270778276991, 41.253694192768393 ], [ 1.690972448944738, 41.25369080255043 ], [ 1.690976941804642, 41.253465665031044 ], [ 1.690678613547073, 41.253462274067019 ], [ 1.690687601161411, 41.253011999054017 ], [ 1.690389275002244, 41.253008607370681 ], [ 1.690407253713993, 41.252108057340052 ], [ 1.690108931700475, 41.25210466499076 ], [ 1.690113427274611, 41.251879527486636 ], [ 1.690710069305336, 41.251886311359037 ], [ 1.690714562781225, 41.251661173792328 ], [ 1.691012882849414, 41.251664564542772 ], [ 1.691017375250709, 41.25143942694001 ], [ 1.69131569434624, 41.251442816891142 ], [ 1.691320185672987, 41.251217679252377 ], [ 1.691021867601057, 41.251214289327933 ], [ 1.691030852148905, 41.250764014076076 ], [ 1.691329168173638, 41.250767403947108 ], [ 1.691338150470546, 41.250317128604735 ], [ 1.691636464499096, 41.250320517649797 ], [ 1.691649934491797, 41.249645104486717 ], [ 1.691351623533861, 41.249641715521733 ], [ 1.691360605321391, 41.249191440086648 ], [ 1.69106229646142, 41.249188050402324 ], [ 1.691066788302278, 41.248962912697628 ], [ 1.690768480516758, 41.248959522267391 ], [ 1.690772973321023, 41.248734384592034 ], [ 1.690474666609706, 41.248730993416245 ], [ 1.690488147768668, 41.248055580439214 ], [ 1.690786451409619, 41.248058971534867 ], [ 1.690795436547252, 41.247608696117034 ], [ 1.691093738192321, 41.247612086386617 ], [ 1.691102721079333, 41.247161810878261 ], [ 1.691401020728524, 41.247165200321938 ], [ 1.69140551107223, 41.246940062527059 ], [ 1.691107212446419, 41.246936673110184 ], [ 1.691111703762572, 41.246711535332864 ], [ 1.691410001365011, 41.246714924723058 ], [ 1.691423471937802, 41.246039511255184 ] ] ] } }
]
}
