{
"type": "FeatureCollection",
"name": "official_1992",
"crs": { "type": "name", "properties": { "name": "urn:ogc:def:crs:OGC:1.3:CRS84" } },
"features": [
{ "type": "Feature", "properties": { "GRID_CODE": 2, "CODI_FINAL": "924300035", "MUNICIPI": "el Montmell", "DATA_INCEN": "17/04/92" }, "geometry": { "type": "MultiPolygon", "coordinates": [ [ [ [ 1.467206425754878, 41.295786934454547 ], [ 1.46756461624275, 41.295791702303255 ], [ 1.467615183140448, 41.293630607100084 ], [ 1.467257004465854, 41.293625839611757 ], [ 1.467263326446791, 41.293355702707245 ], [ 1.466905149274125, 41.293350934194201 ], [ 1.466911472646552, 41.293080797276204 ], [ 1.466195121573467, 41.293071256954157 ], [ 1.466207773904203, 41.292530983347149 ], [ 1.465849601480304, 41.292526211583251 ], [ 1.465855929022748, 41.292256074804961 ], [ 1.465497758100776, 41.292251302016432 ], [ 1.465504087034551, 41.291981165224698 ], [ 1.465862256419318, 41.29198593801236 ], [ 1.465874911014638, 41.291445664342369 ], [ 1.466233077532723, 41.291450435925931 ], [ 1.466239403255081, 41.291180299003486 ], [ 1.466597568382912, 41.291185069428082 ], [ 1.46661021655566, 41.290644795496661 ], [ 1.466252054379513, 41.290640025207246 ], [ 1.46626470516038, 41.290099751311928 ], [ 1.465906546023057, 41.290094979998813 ], [ 1.46591287273019, 41.289824843098096 ], [ 1.466271030391199, 41.289829614366113 ], [ 1.466277355595561, 41.289559477407572 ], [ 1.466635511866439, 41.289564247516722 ], [ 1.466654482415557, 41.288753836378191 ], [ 1.465938178818468, 41.288744295271528 ], [ 1.465944505094735, 41.288474158303224 ], [ 1.465228204794709, 41.288464612831596 ], [ 1.465240863053132, 41.287924339035612 ], [ 1.464524569002606, 41.287914789289353 ], [ 1.464537232821765, 41.287374515574733 ], [ 1.464179088817893, 41.287369739142967 ], [ 1.464198088357376, 41.286559328627973 ], [ 1.463481809525619, 41.28654977264987 ], [ 1.463488145504537, 41.286279635890068 ], [ 1.463130007724507, 41.28627485625352 ], [ 1.46314901945314, 41.285464445981866 ], [ 1.463507152864889, 41.285469225483723 ], [ 1.463519823987439, 41.284928951796637 ], [ 1.463161693526515, 41.284924172430117 ], [ 1.463168030464638, 41.284654035589348 ], [ 1.461377387075473, 41.284630122191345 ], [ 1.461371042757816, 41.284900258806147 ], [ 1.460654783079152, 41.284890685552448 ], [ 1.460648435724297, 41.285160822018284 ], [ 1.459574042426453, 41.285146453672262 ], [ 1.459567690557331, 41.285416589988785 ], [ 1.457777029352428, 41.285392620230368 ], [ 1.457783388542585, 41.285122484094508 ], [ 1.449188280355461, 41.285007042780045 ], [ 1.449181885684746, 41.285277177779285 ], [ 1.447033107624669, 41.285248216973898 ], [ 1.447026704011378, 41.285518351685965 ], [ 1.445594181125904, 41.285499021996998 ], [ 1.445587771580312, 41.285769156558715 ], [ 1.445229639616678, 41.285764321284404 ], [ 1.445223228448139, 41.286034455786094 ], [ 1.444148828592654, 41.286019943188414 ], [ 1.444142412968604, 41.286290077540244 ], [ 1.443426143862985, 41.286280396830158 ], [ 1.443419725200667, 41.286550531031963 ], [ 1.443061589332318, 41.286545688983594 ], [ 1.443055169046899, 41.286815823125295 ], [ 1.442697031789988, 41.286810979917519 ], [ 1.442677766039571, 41.287621382169924 ], [ 1.442319624443109, 41.287616537666111 ], [ 1.44231320085467, 41.28788667170712 ], [ 1.441955057869627, 41.287881826043836 ], [ 1.44194863277838, 41.288151959981306 ], [ 1.441590488343993, 41.288147113202719 ], [ 1.441584061689112, 41.288417247080865 ], [ 1.440867770191504, 41.288407550046657 ], [ 1.440874199858284, 41.288137416260945 ], [ 1.440516055746237, 41.288132566141975 ], [ 1.440522486742921, 41.287862432342713 ], [ 1.440164344194552, 41.287857581155869 ], [ 1.440170776578636, 41.287587447433921 ], [ 1.439454494697962, 41.28757774176578 ], [ 1.43944805930207, 41.287847875395201 ], [ 1.439089917016607, 41.287843020867236 ], [ 1.439083480056983, 41.288113154437248 ], [ 1.438725336383102, 41.28810829874967 ], [ 1.438718897919398, 41.288378432261077 ], [ 1.438360752797428, 41.288373575413097 ], [ 1.438354312769901, 41.288643708865052 ], [ 1.437638019897663, 41.288633991691867 ], [ 1.437631576830146, 41.288904125038471 ], [ 1.437273429078827, 41.288899264758278 ], [ 1.437266984387715, 41.289169398044599 ], [ 1.435834388297184, 41.289149945556666 ], [ 1.435827937613608, 41.289420078645641 ], [ 1.435469787350129, 41.289415212659719 ], [ 1.435463335161125, 41.289685345735002 ], [ 1.434747031884697, 41.289675610374125 ], [ 1.434740576656475, 41.289945743298858 ], [ 1.434024270779344, 41.289936003390828 ], [ 1.434017812449969, 41.290206136254213 ], [ 1.433301504031949, 41.290196391799803 ], [ 1.433295042663215, 41.290466524512532 ], [ 1.432936887109416, 41.290461650591084 ], [ 1.432930424236112, 41.290731783245036 ], [ 1.432572267234397, 41.290726908162931 ], [ 1.432565802796777, 41.290997040757254 ], [ 1.432207644406835, 41.290992164515259 ], [ 1.432201178404881, 41.291262297049954 ], [ 1.431843018686399, 41.291257419648886 ], [ 1.43183008340593, 41.291797684584665 ], [ 1.431471920763208, 41.291792805976726 ], [ 1.431465451544327, 41.292062938378621 ], [ 1.431107287513356, 41.292058058610742 ], [ 1.431100816729988, 41.292328190952944 ], [ 1.43074265137049, 41.292323310025914 ], [ 1.430749123631308, 41.292053177684785 ], [ 1.430390959836336, 41.292048295690002 ], [ 1.430384486040531, 41.292318427939158 ], [ 1.42930999075671, 41.292303775088186 ], [ 1.429316468921928, 41.292033642976669 ], [ 1.428958305480849, 41.292028756481429 ], [ 1.428964785034175, 41.291758624402519 ], [ 1.428606623156615, 41.29175373688463 ], [ 1.428600142126958, 41.292023868917354 ], [ 1.428241978802726, 41.292018980193589 ], [ 1.428229013465061, 41.292559244170214 ], [ 1.428587179683419, 41.292564132940512 ], [ 1.428574216945369, 41.293104396955279 ], [ 1.428216047774189, 41.293099508092617 ], [ 1.428209564826695, 41.29336964001137 ], [ 1.42785139420768, 41.293364749987759 ], [ 1.427844909695411, 41.293634881846764 ], [ 1.428561253854202, 41.293644660915859 ], [ 1.428554772206582, 41.293914792853698 ], [ 1.428912945895432, 41.293919680741041 ], [ 1.428899985227568, 41.294459944712649 ], [ 1.429258161956644, 41.294464831623415 ], [ 1.429251682997238, 41.294734963612953 ], [ 1.429609861292188, 41.294739849410924 ], [ 1.42960338366033, 41.295009981477271 ], [ 1.430677923562783, 41.295024632371636 ], [ 1.430671450333229, 41.295294764518665 ], [ 1.431029631934142, 41.295299645953001 ], [ 1.431023160091947, 41.295569778177615 ], [ 1.431381343257625, 41.295574658544098 ], [ 1.4313748727453, 41.295844790755417 ], [ 1.431733057534356, 41.295849670099841 ], [ 1.431700711152468, 41.297200331230343 ], [ 1.432417095703251, 41.29721008699218 ], [ 1.432423562166354, 41.296939954709522 ], [ 1.432781753067839, 41.296944830850343 ], [ 1.432788218025844, 41.29667469850888 ], [ 1.433504597198132, 41.296684447402107 ], [ 1.433498135193569, 41.296954579835678 ], [ 1.434572709012962, 41.29696919493535 ], [ 1.434579166527661, 41.296699062362869 ], [ 1.435295546579833, 41.296708800115624 ], [ 1.435302001053147, 41.296438667437613 ], [ 1.435660189764809, 41.296443534574841 ], [ 1.435666642673518, 41.296173401837265 ], [ 1.436024829996374, 41.296178267814469 ], [ 1.436044183825966, 41.295367869338364 ], [ 1.436402366745964, 41.295372734107865 ], [ 1.436415265926726, 41.294832468282728 ], [ 1.436773446042143, 41.294837331802107 ], [ 1.436779893993785, 41.294567198845371 ], [ 1.437854430316732, 41.294581782625222 ], [ 1.437860873810577, 41.294311649517965 ], [ 1.439293584209613, 41.294331078808362 ], [ 1.43928070900642, 41.294871345377302 ], [ 1.438922528276629, 41.294866489655789 ], [ 1.438916089096738, 41.29513662287448 ], [ 1.438557907037753, 41.295131765993908 ], [ 1.438551466233843, 41.295401899152345 ], [ 1.438193282785965, 41.295397041111869 ], [ 1.438186840417672, 41.295667174210877 ], [ 1.437828655581981, 41.295662314965448 ], [ 1.43779643515801, 41.297012980119348 ], [ 1.438154627437975, 41.297017839550094 ], [ 1.438148184542086, 41.297287972612835 ], [ 1.438506378326868, 41.297292830974619 ], [ 1.438499936880778, 41.297562964025502 ], [ 1.438858132229009, 41.297567821364119 ], [ 1.438845251967523, 41.298108087516241 ], [ 1.438487053664594, 41.298103230130863 ], [ 1.438467728152908, 41.298913629164382 ], [ 1.43882593094613, 41.298918486688258 ], [ 1.438819490390771, 41.299188619702953 ], [ 1.439177694687848, 41.299193476202788 ], [ 1.439164816327512, 41.299733742284133 ], [ 1.438806609075492, 41.299728885737558 ], [ 1.438800168316634, 41.299999018712434 ], [ 1.438083751063254, 41.299989302139124 ], [ 1.438070863313594, 41.300529567908846 ], [ 1.438429074821088, 41.300534426821486 ], [ 1.438422632320927, 41.300804559754859 ], [ 1.439855485194963, 41.300823984492752 ], [ 1.439849048455534, 41.301094117595291 ], [ 1.440207263415381, 41.301098971029418 ], [ 1.440200828066415, 41.301369104119253 ], [ 1.440917261142439, 41.301378807780736 ], [ 1.440910828659997, 41.301648940948695 ], [ 1.441269046835854, 41.301653791176832 ], [ 1.441262615742904, 41.301923924377078 ], [ 1.441620835424843, 41.301928773490921 ], [ 1.44161440578006, 41.302198906769284 ], [ 1.441972627026717, 41.302203754814677 ], [ 1.441966198772579, 41.302473888080279 ], [ 1.443399090600859, 41.302493269393075 ], [ 1.44339266810817, 41.302763402827424 ], [ 1.444825567244945, 41.302782766494587 ], [ 1.444819150633299, 41.303052900099168 ], [ 1.446252057077407, 41.30307224612028 ], [ 1.446239235350116, 41.303612513653562 ], [ 1.445881005667947, 41.303607678751099 ], [ 1.44587459316618, 41.303877812451354 ], [ 1.444799900153418, 41.303863300875058 ], [ 1.444793483192137, 41.304133434425466 ], [ 1.444435250904928, 41.304128594974252 ], [ 1.44440315722036, 41.305479262337222 ], [ 1.444761396954021, 41.305484102017878 ], [ 1.444754979408525, 41.305754235486255 ], [ 1.445113220646234, 41.305759074142443 ], [ 1.445106804550458, 41.306029207643789 ], [ 1.445823290243982, 41.30603888165929 ], [ 1.445816877015719, 41.306309015238512 ], [ 1.446175121470447, 41.306313850642809 ], [ 1.446168709632297, 41.306583984254168 ], [ 1.44724344801475, 41.306598483828168 ], [ 1.447249855420469, 41.306328350079802 ], [ 1.448324590156033, 41.306342839486824 ], [ 1.448318187123047, 41.306612973371266 ], [ 1.448676433725949, 41.306617801020877 ], [ 1.448670032083243, 41.306887934937393 ], [ 1.449028280251921, 41.306892761473122 ], [ 1.449021879999537, 41.307162895421705 ], [ 1.450096629339639, 41.307177368567267 ], [ 1.450090233432713, 41.307447502639043 ], [ 1.450448484905091, 41.307452324808025 ], [ 1.450429301152954, 41.308262727124685 ], [ 1.449354533819388, 41.308248256820747 ], [ 1.449360932943984, 41.307978122835706 ], [ 1.449002678837605, 41.307973297232877 ], [ 1.44900907929184, 41.307703163324099 ], [ 1.448650826751304, 41.307698336607352 ], [ 1.448644424758703, 41.30796847051473 ], [ 1.44828617082778, 41.307963642637887 ], [ 1.448279767330075, 41.308233776486944 ], [ 1.44863802273966, 41.308238604364398 ], [ 1.448612413670912, 41.309319139671025 ], [ 1.448970675078333, 41.309323966616368 ], [ 1.448964274100937, 41.309594100443945 ], [ 1.448606011215798, 41.309589273453 ], [ 1.448599608613763, 41.309859407220621 ], [ 1.448241344338129, 41.309854579069487 ], [ 1.448222131635106, 41.310664980155117 ], [ 1.448580400402684, 41.310669808488925 ], [ 1.448573997451761, 41.310939942202403 ], [ 1.448932267785438, 41.310944769422186 ], [ 1.448919464636237, 41.311485036945605 ], [ 1.449277737953082, 41.311489863141134 ], [ 1.449284138063056, 41.311219729362719 ], [ 1.449642410048953, 41.311224554398827 ], [ 1.449674402022562, 41.309873885032346 ], [ 1.450032666645888, 41.309878708770185 ], [ 1.450039063337009, 41.309608574820189 ], [ 1.450397326570819, 41.309613397352848 ], [ 1.450403721637376, 41.309343263342974 ], [ 1.450761983540293, 41.309348084716305 ], [ 1.450768377042051, 41.309077950647321 ], [ 1.451126637494657, 41.309082770859753 ], [ 1.451145813163806, 41.308272368436633 ], [ 1.45150406927052, 41.308277187397891 ], [ 1.451510459528377, 41.308007053184525 ], [ 1.451868714244524, 41.308011870985766 ], [ 1.451875102878035, 41.307741736712529 ], [ 1.452591609674846, 41.307751368926269 ], [ 1.452585223936833, 41.308021503289673 ], [ 1.453301734036809, 41.308031131136332 ], [ 1.453295351167049, 41.308301265577178 ], [ 1.453653607855477, 41.308306077852087 ], [ 1.45363446321612, 41.30911648127568 ], [ 1.453992724424475, 41.309121292572421 ], [ 1.453986344161251, 41.309391427095093 ], [ 1.454344606874514, 41.309396237321906 ], [ 1.454350985658977, 41.309126102798814 ], [ 1.454709246981426, 41.309130911865623 ], [ 1.454722001274583, 41.308590642687172 ], [ 1.455080259728558, 41.308595450548566 ], [ 1.455086635297035, 41.30832531589401 ], [ 1.4554448923602, 41.30833012259545 ], [ 1.455438518328023, 41.30860025734124 ], [ 1.456155035670136, 41.308609867491299 ], [ 1.456148664506463, 41.308880002314353 ], [ 1.456506924785396, 41.308884805762936 ], [ 1.456513294470321, 41.308614670939527 ], [ 1.458304589895027, 41.308638671328993 ], [ 1.458310952104899, 41.30836853626532 ], [ 1.459743984058996, 41.308387716306257 ], [ 1.459750340331322, 41.308117581048649 ], [ 1.460108597044053, 41.308122373215795 ], [ 1.460114951692463, 41.307852237898572 ], [ 1.460473207072784, 41.307857028951751 ], [ 1.460479560158068, 41.307586893530704 ], [ 1.460837814087623, 41.307591683423297 ], [ 1.460844165667425, 41.307321547989311 ], [ 1.46120241820696, 41.307326336677129 ], [ 1.461234167242437, 41.305975659030722 ], [ 1.461950657864322, 41.305985232656383 ], [ 1.461944311209309, 41.306255368294458 ], [ 1.46301905213395, 41.306269720486455 ], [ 1.463025394416185, 41.30599958471354 ], [ 1.463383640086734, 41.306004366488423 ], [ 1.463389980745395, 41.305734230656029 ], [ 1.463031736552314, 41.305729448926336 ], [ 1.463038078662816, 41.305459313081386 ], [ 1.462679835973887, 41.305454530281636 ], [ 1.462686179474377, 41.305184394513375 ], [ 1.461253215673959, 41.305165252263237 ], [ 1.461259564937986, 41.304895116661513 ], [ 1.460901325695872, 41.304890328380878 ], [ 1.460907676411566, 41.304620192766642 ], [ 1.460549438673643, 41.304615403416044 ], [ 1.460555790779138, 41.304345267878567 ], [ 1.460197554606171, 41.304340477413817 ], [ 1.460203908102487, 41.304070341908066 ], [ 1.459487439029558, 41.304060757771765 ], [ 1.459481082638249, 41.30433089318776 ], [ 1.459122846783635, 41.30432609942568 ], [ 1.459116488768675, 41.304596234782061 ], [ 1.458400014365618, 41.304586643779075 ], [ 1.458406375275592, 41.304316508512514 ], [ 1.458048139680863, 41.304311711407259 ], [ 1.458060864256308, 41.30377144087997 ], [ 1.458419096895317, 41.303776237939609 ], [ 1.458425457605059, 41.303506102633271 ], [ 1.458783688854473, 41.303510898488199 ], [ 1.458790047940592, 41.303240763122218 ], [ 1.458431818169508, 41.303235967267582 ], [ 1.458450899399541, 41.302425561225235 ], [ 1.459167350226703, 41.302435151459079 ], [ 1.459173707489126, 41.302165015993708 ], [ 1.4595319315842, 41.302169809439306 ], [ 1.459538287283914, 41.301899673870096 ], [ 1.460254732720756, 41.30190925728202 ], [ 1.460261085378493, 41.301639121653757 ], [ 1.460977528207154, 41.301648700517987 ], [ 1.460971178444045, 41.301918836235949 ], [ 1.461329401435967, 41.301923624018976 ], [ 1.4613230531222, 41.302193759814479 ], [ 1.461681277677788, 41.302198546528409 ], [ 1.461674930755815, 41.302468682310582 ], [ 1.462033156874014, 41.302473468000457 ], [ 1.462039502319844, 41.302203332128059 ], [ 1.462755951921872, 41.302212900030256 ], [ 1.462762294325808, 41.301942764098932 ], [ 1.463120517809613, 41.301947546311268 ], [ 1.463126858649988, 41.301677410321254 ], [ 1.463485080682226, 41.301682191418337 ], [ 1.46351677638413, 41.30033151095197 ], [ 1.463874991117138, 41.300336290708962 ], [ 1.463894003023022, 41.299525882139797 ], [ 1.464252213470933, 41.29953066064791 ], [ 1.464258549104046, 41.299260524355724 ], [ 1.464616758101553, 41.299265301703699 ], [ 1.464635760169518, 41.298454892702246 ], [ 1.464993964823476, 41.298459668755626 ], [ 1.465000297156506, 41.29818953236412 ], [ 1.465358500478446, 41.29819430730403 ], [ 1.465364831249362, 41.297924170808855 ], [ 1.466439437183457, 41.297938488761751 ], [ 1.466445763437482, 41.297668352117782 ], [ 1.466803964150447, 41.297673122510908 ], [ 1.46683558686013, 41.296322438999709 ], [ 1.467193780215398, 41.296327208052602 ], [ 1.467206425754878, 41.295786934454547 ] ] ], [ [ [ 1.431584246041169, 41.302062708559333 ], [ 1.431942464826822, 41.302067587849102 ], [ 1.431948934412406, 41.301797455857283 ], [ 1.431590717044156, 41.301792576612797 ], [ 1.431597188018694, 41.301522444653521 ], [ 1.431238972214588, 41.301517564385925 ], [ 1.431245444579117, 41.301247432414193 ], [ 1.430887230399924, 41.301242551079277 ], [ 1.430893704092552, 41.300972419184326 ], [ 1.430535491479654, 41.300967536736323 ], [ 1.43054844161407, 41.300427272998789 ], [ 1.43019023204339, 41.300422389528848 ], [ 1.430196708425413, 41.30015225768549 ], [ 1.429480292501577, 41.300142487540406 ], [ 1.429486771749294, 41.29987235577579 ], [ 1.428770359072677, 41.299862581265565 ], [ 1.428776841245685, 41.299592449580551 ], [ 1.428418636547135, 41.299587560678276 ], [ 1.42841215289612, 41.29985769236211 ], [ 1.427695740809046, 41.299847911167724 ], [ 1.427702227353121, 41.299577779620506 ], [ 1.427344022919575, 41.299572887375781 ], [ 1.427337534838876, 41.299843018875961 ], [ 1.426979329015694, 41.299838125515862 ], [ 1.426972839369678, 41.300108256956264 ], [ 1.427331046728411, 41.300113150408407 ], [ 1.427311581749531, 41.300923544832749 ], [ 1.426953370019563, 41.300918651242696 ], [ 1.426946880018853, 41.301188782673876 ], [ 1.425872240867604, 41.301174095124004 ], [ 1.425865746407083, 41.301444226403682 ], [ 1.424432889555047, 41.301424627250064 ], [ 1.424439389922604, 41.301154496200596 ], [ 1.424081177423408, 41.301149593650671 ], [ 1.424100682545205, 41.300339200561496 ], [ 1.423742474505821, 41.300334297035505 ], [ 1.42374897753282, 41.300064166025273 ], [ 1.423032564732335, 41.300054355769369 ], [ 1.423039070624594, 41.299784224838234 ], [ 1.42196445654864, 41.299769501260222 ], [ 1.421970966724378, 41.29949937040881 ], [ 1.421612763706154, 41.299494460382846 ], [ 1.421619275269008, 41.299224329609288 ], [ 1.421261073817443, 41.29921941847055 ], [ 1.421300150374096, 41.297598633735149 ], [ 1.421658343024511, 41.297603544596292 ], [ 1.421664853967602, 41.297333413682757 ], [ 1.422023045170275, 41.297338323382633 ], [ 1.422042573154579, 41.296527930513179 ], [ 1.421684386380924, 41.296523020997512 ], [ 1.421690896969281, 41.296252890029713 ], [ 1.421332711760965, 41.296247979446406 ], [ 1.421339223795893, 41.295977848557293 ], [ 1.420622856540023, 41.295968024095615 ], [ 1.420629371380877, 41.295697893239947 ], [ 1.420271189391954, 41.295692979407463 ], [ 1.420277705679265, 41.295422848630473 ], [ 1.419919525197087, 41.295417933684611 ], [ 1.419926042872212, 41.295147802940491 ], [ 1.419567864013993, 41.29514288697294 ], [ 1.4195613448623, 41.295413017670597 ], [ 1.417770444463163, 41.295388420800165 ], [ 1.417763917839749, 41.295658551251869 ], [ 1.416689374213037, 41.295643779631099 ], [ 1.416682843130626, 41.295913909930483 ], [ 1.416324660582857, 41.295908983796849 ], [ 1.416318127934869, 41.296179114036143 ], [ 1.415959943999452, 41.296174186741972 ], [ 1.41594687542245, 41.29671444713091 ], [ 1.416305062311148, 41.296719374518183 ], [ 1.41629852933651, 41.296989504715924 ], [ 1.416656717730078, 41.296994431079931 ], [ 1.416630590966869, 41.298074951968111 ], [ 1.416272396666392, 41.298070025417921 ], [ 1.416265863245722, 41.298340155592854 ], [ 1.415907667557462, 41.298335227882028 ], [ 1.415888062392912, 41.299145618096517 ], [ 1.416246262571325, 41.299150545947832 ], [ 1.416239728795765, 41.299420676023459 ], [ 1.416597930541122, 41.299425602762192 ], [ 1.416578333169755, 41.300235993093175 ], [ 1.416936539373996, 41.300240918901579 ], [ 1.416930008256017, 41.300511049016841 ], [ 1.416571800514032, 41.300506123206077 ], [ 1.416558734997536, 41.301046383302044 ], [ 1.416200524450314, 41.301041456284835 ], [ 1.416187455623845, 41.301581716233386 ], [ 1.416545669124006, 41.301586643388703 ], [ 1.416539136084144, 41.301856773389602 ], [ 1.417255566306575, 41.30186662440564 ], [ 1.417249036131855, 41.30213675448605 ], [ 1.417965469723909, 41.302146601139064 ], [ 1.417958942354699, 41.302416731298109 ], [ 1.418317160730792, 41.302421653021874 ], [ 1.418310634809481, 41.302691783214662 ], [ 1.418668854752662, 41.302696703825639 ], [ 1.418649280825996, 41.303507094506266 ], [ 1.418291056391665, 41.303502173754993 ], [ 1.418271477233469, 41.304312564174055 ], [ 1.418629706039729, 41.304317485063969 ], [ 1.418623180913668, 41.304587615207474 ], [ 1.418981411344667, 41.304592535075422 ], [ 1.418974887606994, 41.304862665251818 ], [ 1.419333119605216, 41.304867584006864 ], [ 1.41932659725488, 41.3051377142612 ], [ 1.419684830759531, 41.305142631947582 ], [ 1.419678309858458, 41.305412762190599 ], [ 1.420394780147468, 41.305422594359008 ], [ 1.420407816012377, 41.304882333629401 ], [ 1.420766048305063, 41.304887247971287 ], [ 1.420772564596661, 41.304617117561826 ], [ 1.421489026555642, 41.304626942720532 ], [ 1.421475999732032, 41.305167203755772 ], [ 1.421834233769349, 41.305172114756019 ], [ 1.421827721731083, 41.30544224532261 ], [ 1.423260664735106, 41.305461878411329 ], [ 1.423254158518596, 41.305732009104815 ], [ 1.423612395952832, 41.305736914670995 ], [ 1.423599386148983, 41.306277176109184 ], [ 1.423957626626585, 41.306282080653638 ], [ 1.423951123099004, 41.306552211399129 ], [ 1.424667607275857, 41.306562017192462 ], [ 1.424661106614558, 41.30683214801703 ], [ 1.425019350313792, 41.306837049265873 ], [ 1.424999852170189, 41.307647441841368 ], [ 1.424641603978822, 41.30764254045279 ], [ 1.424622100606864, 41.30845293272229 ], [ 1.42498035317005, 41.308457834294011 ], [ 1.424967353414534, 41.308998095831555 ], [ 1.425325609021433, 41.309002996381352 ], [ 1.425306113186845, 41.309813388725281 ], [ 1.425664373315169, 41.309818288299446 ], [ 1.425651378584951, 41.310358549886551 ], [ 1.426367905078661, 41.310368345832138 ], [ 1.426374399502769, 41.310098214952383 ], [ 1.427090923394968, 41.310108006347193 ], [ 1.427084431926266, 41.310378137319418 ], [ 1.428517486623834, 41.310397706873388 ], [ 1.428511000916815, 41.310667838061157 ], [ 1.428869266334916, 41.310672727698773 ], [ 1.428856297673208, 41.3112129900368 ], [ 1.428498029299585, 41.311208100306807 ], [ 1.428485057327868, 41.311748362543256 ], [ 1.428843328657093, 41.311753252365648 ], [ 1.428836843987214, 41.312023383486817 ], [ 1.429553389805524, 41.312033159924312 ], [ 1.429546908003013, 41.31230329112428 ], [ 1.429905182551797, 41.312308177740157 ], [ 1.429898702138862, 41.312578308972739 ], [ 1.430615254398379, 41.312588078907012 ], [ 1.430608776852959, 41.31285821021833 ], [ 1.43204188834338, 41.312877736850396 ], [ 1.432035416621404, 41.313147868332656 ], [ 1.432393696161732, 41.313152747283453 ], [ 1.432387225889244, 41.313422878799052 ], [ 1.43274550699674, 41.313427756636209 ], [ 1.432739038112996, 41.313697888229385 ], [ 1.433097320786584, 41.313702764997927 ], [ 1.433090853293782, 41.313972896578584 ], [ 1.434165706335684, 41.313987520379939 ], [ 1.434159243128025, 41.314257652129427 ], [ 1.434517529109919, 41.314262524531173 ], [ 1.434511067353031, 41.314532656268931 ], [ 1.43594421813036, 41.314552135003552 ], [ 1.435937762197684, 41.314822266911769 ], [ 1.436296051575604, 41.314827133831834 ], [ 1.43628959703306, 41.315097265772479 ], [ 1.436647887975916, 41.31510213166878 ], [ 1.436641434763826, 41.315372263641031 ], [ 1.43699972733349, 41.315377128424309 ], [ 1.436986823660481, 41.315917392465956 ], [ 1.437345119214591, 41.315922256225548 ], [ 1.437338668754808, 41.316192388249874 ], [ 1.438413560436387, 41.316206973068461 ], [ 1.43842000646274, 41.315936840861305 ], [ 1.438778302367164, 41.3159417002067 ], [ 1.438784746886195, 41.315671567985945 ], [ 1.439143041401323, 41.31567642612562 ], [ 1.439162369938696, 41.314866029198505 ], [ 1.439520660106182, 41.314870886130755 ], [ 1.439539983359759, 41.314060488943269 ], [ 1.439898269241622, 41.3140653445789 ], [ 1.439904708652375, 41.313795212124859 ], [ 1.441696131805781, 41.313819473440468 ], [ 1.44170256373882, 41.313549340743663 ], [ 1.442060847130983, 41.31355418959847 ], [ 1.442067277558136, 41.313284056843131 ], [ 1.441708995584238, 41.313279208033322 ], [ 1.441715427402825, 41.313009075265207 ], [ 1.43992402641803, 41.312984814682245 ], [ 1.43993046553869, 41.312714682129794 ], [ 1.439572187106415, 41.312709826724316 ], [ 1.439578627556482, 41.312439694248404 ], [ 1.439220350690931, 41.312434837729107 ], [ 1.439233234343336, 41.311894572829239 ], [ 1.439591508254208, 41.311899429211728 ], [ 1.439604388599916, 41.311359164165928 ], [ 1.439246117645812, 41.311354307830157 ], [ 1.4392590005962, 41.31081404282191 ], [ 1.438900732624661, 41.310809185507516 ], [ 1.438907175476934, 41.310539052984339 ], [ 1.438548909070931, 41.310534194601246 ], [ 1.438561797405804, 41.30999392969531 ], [ 1.438920060856328, 41.309998787986608 ], [ 1.438926503384517, 41.309728655467019 ], [ 1.439284765445095, 41.309733512597866 ], [ 1.439297647282837, 41.309193247426258 ], [ 1.438939388238405, 41.309188390342982 ], [ 1.43895871488927, 41.308377992623285 ], [ 1.439316969501887, 41.308382849523873 ], [ 1.43934273119217, 41.307302318812205 ], [ 1.439700979982293, 41.307307174414781 ], [ 1.439707418737608, 41.307037041668792 ], [ 1.440065666136844, 41.307041896156065 ], [ 1.440084977325792, 41.306231497652576 ], [ 1.440443220441083, 41.306236350843591 ], [ 1.440449655831008, 41.305966217950889 ], [ 1.440807897496819, 41.305971069980856 ], [ 1.440814331381366, 41.305700937029584 ], [ 1.441530812079713, 41.305710637700415 ], [ 1.441550104224908, 41.304900238443757 ], [ 1.441191868293378, 41.304895388825905 ], [ 1.441211164082157, 41.304084989584801 ], [ 1.440852932670176, 41.304080138990066 ], [ 1.440859365882636, 41.303810005898171 ], [ 1.440142906276151, 41.303800301457343 ], [ 1.440149342355472, 41.303530168443594 ], [ 1.439074657976465, 41.303515603516644 ], [ 1.439068217466459, 41.303785736347791 ], [ 1.43942644696173, 41.303790592513387 ], [ 1.43942000784126, 41.304060725376857 ], [ 1.439778238902587, 41.30406558042894 ], [ 1.439765363292331, 41.304605846251206 ], [ 1.438690661449113, 41.304591277430745 ], [ 1.438709988057857, 41.303780879112885 ], [ 1.4383517586773, 41.303776020762839 ], [ 1.438364645579282, 41.303235755226389 ], [ 1.437648193110916, 41.303226035323597 ], [ 1.437628853733512, 41.304036433309534 ], [ 1.43727062319878, 41.304031571571372 ], [ 1.437264175067182, 41.30430170414504 ], [ 1.436905943143005, 41.304296841246611 ], [ 1.436899493505991, 41.304566973761617 ], [ 1.436183026907986, 41.304557244483952 ], [ 1.436189479559304, 41.304287112061694 ], [ 1.435831247840122, 41.304282245774395 ], [ 1.435837701880819, 41.304012113384545 ], [ 1.436195932064104, 41.304016979580048 ], [ 1.436208836867556, 41.303476714666978 ], [ 1.436567064184241, 41.303481579656207 ], [ 1.436586416328496, 41.302671182047519 ], [ 1.43694463930145, 41.30267604578458 ], [ 1.436983332297387, 41.301055249834839 ], [ 1.436266904164615, 41.301045521797903 ], [ 1.436260452567962, 41.301315654382748 ], [ 1.435902237157413, 41.301310788601953 ], [ 1.435889330804913, 41.301851053684878 ], [ 1.435531112527022, 41.301846186742935 ], [ 1.435524657712494, 41.302116319195157 ], [ 1.434449998916475, 41.302101711499951 ], [ 1.434456458163411, 41.301831579140725 ], [ 1.434098240177631, 41.301826707740958 ], [ 1.434104700812593, 41.301556575459223 ], [ 1.433030051935092, 41.30154195466919 ], [ 1.433023586868874, 41.301812086812816 ], [ 1.432665369296016, 41.301807210911868 ], [ 1.432658902723249, 41.302077343041681 ], [ 1.431942464826822, 41.302067587849102 ], [ 1.431935995212805, 41.302337719828202 ], [ 1.432294215563704, 41.302342598049819 ], [ 1.432287747279005, 41.302612730060609 ], [ 1.431929525450967, 41.302607851792914 ], [ 1.431923055659627, 41.302877983789912 ], [ 1.431564832382864, 41.302873104361026 ], [ 1.431558361026203, 41.303143236298382 ], [ 1.430841911841424, 41.303133474051357 ], [ 1.430854860433866, 41.302593210393397 ], [ 1.431213081997456, 41.302598092003912 ], [ 1.431219554714649, 41.302327960086409 ], [ 1.431577774889261, 41.302332840536536 ], [ 1.431584246041169, 41.302062708559333 ] ], [ [ 1.429031344774587, 41.3039194436275 ], [ 1.429389573284043, 41.303924330995223 ], [ 1.429376611991555, 41.304464594148435 ], [ 1.429018380528651, 41.304459706643335 ], [ 1.429031344774587, 41.3039194436275 ] ], [ [ 1.42837324931984, 41.301478481957737 ], [ 1.429089679543837, 41.301488259250547 ], [ 1.429070235395457, 41.302298654164595 ], [ 1.428353796368648, 41.302288876595462 ], [ 1.428360280753784, 41.302018745077852 ], [ 1.428002062849421, 41.302013854690614 ], [ 1.428008548624395, 41.301743723160627 ], [ 1.428366765110287, 41.301748613547495 ], [ 1.42837324931984, 41.301478481957737 ] ], [ [ 1.433343021383746, 41.303437754501211 ], [ 1.43333655717827, 41.303707886596015 ], [ 1.43369478532818, 41.303712760546588 ], [ 1.433681859666195, 41.3042530248335 ], [ 1.432965397606194, 41.304243275589585 ], [ 1.432971863405336, 41.30397314356712 ], [ 1.432613634014019, 41.30396826734264 ], [ 1.432626568363329, 41.303428003305008 ], [ 1.433343021383746, 41.303437754501211 ] ] ], [ [ [ 1.467271760830523, 41.277682972389208 ], [ 1.467629852336903, 41.277687738288819 ], [ 1.467636169179914, 41.27741760058619 ], [ 1.467278079148907, 41.277412834731599 ], [ 1.467284397441978, 41.277142697016259 ], [ 1.46692630891271, 41.277137930092572 ], [ 1.466919989205016, 41.277408067718646 ], [ 1.466561899346142, 41.277403299637363 ], [ 1.466555578017299, 41.277673437204093 ], [ 1.46548130453222, 41.277659126099906 ], [ 1.465474978691101, 41.277929263517862 ], [ 1.464758793848007, 41.277919717109768 ], [ 1.464746136064235, 41.278459991770561 ], [ 1.464029945604546, 41.278450440727703 ], [ 1.46402361366283, 41.278720577925448 ], [ 1.463665517056517, 41.27871580071092 ], [ 1.463659183553092, 41.27898593785001 ], [ 1.463301085617243, 41.278981159477731 ], [ 1.463294750492383, 41.279251296557362 ], [ 1.462936651168395, 41.27924651698148 ], [ 1.462930314480688, 41.279516654047455 ], [ 1.462214113139559, 41.279507091510133 ], [ 1.462207773475241, 41.279777228427996 ], [ 1.461849671398437, 41.27977244546571 ], [ 1.461836988799969, 41.280312719169714 ], [ 1.461478883918123, 41.280307935004394 ], [ 1.461472541043588, 41.280578071791297 ], [ 1.460040116419323, 41.28055892376873 ], [ 1.460046465197222, 41.280288787117705 ], [ 1.459688360747514, 41.280283997385141 ], [ 1.459694710974189, 41.280013860766658 ], [ 1.459336608026837, 41.280009069965089 ], [ 1.4593429596415, 41.279738933423396 ], [ 1.458984858316933, 41.279734141509451 ], [ 1.458997564178062, 41.279193868475254 ], [ 1.459713761013816, 41.279203450918565 ], [ 1.459720110893491, 41.278933314291038 ], [ 1.460078207964562, 41.278938103842364 ], [ 1.460084556223685, 41.278667967110231 ], [ 1.460800747735019, 41.278677542737952 ], [ 1.460819783198677, 41.277867132279823 ], [ 1.458671236379166, 41.277838392852296 ], [ 1.458677590252565, 41.277568256292994 ], [ 1.458319500843846, 41.27756346255881 ], [ 1.458313145554762, 41.277833599073617 ], [ 1.45759696416669, 41.277824008131198 ], [ 1.45759060578059, 41.278094144541051 ], [ 1.456874421788134, 41.27808454905454 ], [ 1.456868060363564, 41.27835468540524 ], [ 1.455793780539361, 41.278340283665898 ], [ 1.455787414661571, 41.278610419867761 ], [ 1.45435503689404, 41.278591201810208 ], [ 1.454348664969166, 41.27886133777114 ], [ 1.453274378172582, 41.278846912424342 ], [ 1.453268001734579, 41.279117048235442 ], [ 1.452551808019424, 41.279107425709768 ], [ 1.452558187349715, 41.278837289943745 ], [ 1.451125806806411, 41.278818031622812 ], [ 1.451119421574339, 41.279088167206815 ], [ 1.449687036520684, 41.27906889088969 ], [ 1.449680645241199, 41.279339026232208 ], [ 1.449322547734271, 41.279334204346611 ], [ 1.44931615495195, 41.279604339630843 ], [ 1.448599957189765, 41.279594692382489 ], [ 1.44859356136831, 41.279864827607049 ], [ 1.448235461113067, 41.279860002244241 ], [ 1.448222666199183, 41.280400272515763 ], [ 1.447864563138636, 41.280395445994166 ], [ 1.447858164105823, 41.280665581041916 ], [ 1.447500059598268, 41.280660753315424 ], [ 1.447493659001653, 41.280930888349054 ], [ 1.44713555316539, 41.280926059464321 ], [ 1.447129150946337, 41.281196194437953 ], [ 1.447487258259255, 41.281201023323305 ], [ 1.447480857489368, 41.281471158284823 ], [ 1.447838966364006, 41.281475986147349 ], [ 1.447845365658294, 41.281205851140214 ], [ 1.448561580779619, 41.281215503344384 ], [ 1.448567977035567, 41.280945368232501 ], [ 1.448926083280095, 41.280950192664228 ], [ 1.448919688440066, 41.281220327820883 ], [ 1.449277796188664, 41.281225151138898 ], [ 1.449271402795775, 41.281495286373442 ], [ 1.45070384062183, 41.281514568738835 ], [ 1.450697452984734, 41.281784704141224 ], [ 1.451055564119774, 41.281789521982937 ], [ 1.451049177931029, 41.282059657418152 ], [ 1.451407290628711, 41.28206447419187 ], [ 1.451413675400415, 41.281794338756995 ], [ 1.452846121216498, 41.28181359458074 ], [ 1.452852499938978, 41.281543458949578 ], [ 1.45321061011887, 41.281548270109873 ], [ 1.453204232872052, 41.281818405786503 ], [ 1.453562344615515, 41.281823215833747 ], [ 1.453555968756449, 41.282093351587307 ], [ 1.453197855478688, 41.282088541448793 ], [ 1.453185100489996, 41.282628812778619 ], [ 1.452826984407381, 41.282624001436467 ], [ 1.452820605276642, 41.282894137057745 ], [ 1.452104370419545, 41.282884510986925 ], [ 1.452110752500678, 41.282614375501645 ], [ 1.450678289672946, 41.282595110178796 ], [ 1.450671901688913, 41.282865245482036 ], [ 1.450313784738095, 41.282860426344698 ], [ 1.450307395191317, 41.283130561588877 ], [ 1.448874922298004, 41.283111273631064 ], [ 1.448868526819792, 41.283381408725283 ], [ 1.448510407353869, 41.28337658388407 ], [ 1.448504010253086, 41.283646718918384 ], [ 1.447429647890107, 41.283632237620822 ], [ 1.447410442904184, 41.284442642143588 ], [ 1.45994487390787, 41.28461097140957 ], [ 1.459951223981891, 41.284340835006418 ], [ 1.462099985426392, 41.284369554226359 ], [ 1.462106326559812, 41.284099417493294 ], [ 1.462464452273337, 41.284104200109375 ], [ 1.462477131388051, 41.283563926558116 ], [ 1.462835254295938, 41.283568707971021 ], [ 1.462841592218649, 41.283298571107025 ], [ 1.463199713677371, 41.283303351360402 ], [ 1.463206050096604, 41.283033214483524 ], [ 1.463564170166885, 41.283037993533135 ], [ 1.463576839736307, 41.282497719602716 ], [ 1.462502488639987, 41.282483379339205 ], [ 1.462496149441848, 41.282753516152745 ], [ 1.462138031106296, 41.282748733807637 ], [ 1.462131690346062, 41.283018870562501 ], [ 1.461415450983576, 41.283009302396202 ], [ 1.461421794635659, 41.282739165730966 ], [ 1.461063676559235, 41.28273438004522 ], [ 1.461076366616404, 41.282194106720404 ], [ 1.461434481741353, 41.282198892315733 ], [ 1.461440825193919, 41.281928755610728 ], [ 1.461798938929574, 41.281933540047291 ], [ 1.461805280820061, 41.281663403283567 ], [ 1.46287961811706, 41.281677749821668 ], [ 1.462885955494176, 41.281407612908843 ], [ 1.463244066622788, 41.281412392846036 ], [ 1.46327574471841, 41.280061707761774 ], [ 1.463633848556334, 41.280066486314659 ], [ 1.463640182404809, 41.279796349229635 ], [ 1.463998284913124, 41.27980112662474 ], [ 1.464010949459938, 41.27926085232464 ], [ 1.464369049043768, 41.279265628515247 ], [ 1.464375379682472, 41.278995491299398 ], [ 1.465449674583369, 41.279009813101212 ], [ 1.465456000769115, 41.278739675737299 ], [ 1.465814097746748, 41.278744447384049 ], [ 1.465820422311193, 41.278474309960757 ], [ 1.46617851789844, 41.278479080494058 ], [ 1.466184840962061, 41.278208942967922 ], [ 1.466901029445062, 41.278218480559225 ], [ 1.46690734947066, 41.27794834297449 ], [ 1.4672654423664, 41.277953110032513 ], [ 1.467271760830523, 41.277682972389208 ] ] ], [ [ [ 1.422407267710561, 41.296262707900169 ], [ 1.422400760016894, 41.296532838914864 ], [ 1.42347532119315, 41.296547557526623 ], [ 1.423481824457905, 41.296277426327826 ], [ 1.423123638806389, 41.296272521314556 ], [ 1.423130143398422, 41.296002390192761 ], [ 1.422771959313233, 41.295997484066824 ], [ 1.422765453184858, 41.296267615141439 ], [ 1.422407267710561, 41.296262707900169 ] ] ] ] } },
{ "type": "Feature", "properties": { "GRID_CODE": 2, "CODI_FINAL": "924300102", "MUNICIPI": "Calafell", "DATA_INCEN": "03/10/92" }, "geometry": { "type": "MultiPolygon", "coordinates": [ [ [ [ 1.605505026182082, 41.211883584451975 ], [ 1.605499290974579, 41.212153741877636 ], [ 1.606214803185039, 41.212162401489316 ], [ 1.606209070841262, 41.212432558983473 ], [ 1.606924586305678, 41.212441214232868 ], [ 1.606901668036079, 41.21352184444951 ], [ 1.607259431799418, 41.213526170549088 ], [ 1.60724224672082, 41.214336643205471 ], [ 1.606526710506576, 41.214327989605565 ], [ 1.60653244186599, 41.21405783216337 ], [ 1.606174675376284, 41.214053503760525 ], [ 1.606186140863643, 41.21351318887357 ], [ 1.60582837733438, 41.213508859440772 ], [ 1.605839845451514, 41.212968544582168 ], [ 1.606197606037875, 41.212972873978138 ], [ 1.606203338478106, 41.212702716510016 ], [ 1.605845579422318, 41.21269838715569 ], [ 1.60585131325543, 41.212428229715094 ], [ 1.605493555747669, 41.21242389933569 ], [ 1.605499290974579, 41.212153741877636 ], [ 1.604783779135109, 41.212145077867632 ], [ 1.60478951722571, 41.211874920478117 ], [ 1.603716254406414, 41.211861916207596 ], [ 1.603727739236038, 41.211321601725068 ], [ 1.603012236944524, 41.211312926805121 ], [ 1.603023727345617, 41.210772612388091 ], [ 1.602665979288113, 41.210768273366519 ], [ 1.602671725811819, 41.210498116201101 ], [ 1.603744965865313, 41.210511129855611 ], [ 1.603762191791039, 41.20970065786576 ], [ 1.602331222877836, 41.209683304611922 ], [ 1.602359960623934, 41.208332518500114 ], [ 1.602002225959122, 41.208328177625951 ], [ 1.602007974719963, 41.208058020422236 ], [ 1.60165024160496, 41.208053678433231 ], [ 1.601655991758108, 41.207783521257184 ], [ 1.601298260190994, 41.207779178243392 ], [ 1.601286756805626, 41.208319492499285 ], [ 1.600571287965352, 41.208310802929169 ], [ 1.600565533242863, 41.20858096000029 ], [ 1.59985006177474, 41.208572265904508 ], [ 1.599855819497101, 41.208302108961298 ], [ 1.59949808532188, 41.208297760265332 ], [ 1.599509603412982, 41.207757446420302 ], [ 1.598794141834914, 41.207748745913243 ], [ 1.598799903674134, 41.207478589052542 ], [ 1.598442174205465, 41.207474237148119 ], [ 1.598447937436763, 41.207204080315179 ], [ 1.59809020951611, 41.207199727386104 ], [ 1.5980786799744, 41.207740040955564 ], [ 1.59772094913156, 41.207735686832628 ], [ 1.597715182802232, 41.208005843556492 ], [ 1.597357450626963, 41.208001488282264 ], [ 1.597363218426833, 41.207731331599568 ], [ 1.5970054878016, 41.207726975210633 ], [ 1.597017026166451, 41.207186661888187 ], [ 1.596659298501176, 41.207182304470088 ], [ 1.596653527916358, 41.207452461142189 ], [ 1.59629579885913, 41.207448102572052 ], [ 1.596278482163958, 41.208258572293715 ], [ 1.596636215633799, 41.208262930942439 ], [ 1.596630444675114, 41.208533087560291 ], [ 1.595199505565762, 41.208515646047537 ], [ 1.595205282346212, 41.208245489638863 ], [ 1.594847549250445, 41.208241126547428 ], [ 1.594835992610075, 41.208781439268186 ], [ 1.595551464821306, 41.208790164550891 ], [ 1.595545689294568, 41.209060320973315 ], [ 1.596261164761545, 41.209069041894942 ], [ 1.596255392157103, 41.209339198387156 ], [ 1.597328610329535, 41.209352271538627 ], [ 1.597322841997931, 41.209622428185334 ], [ 1.598038324134099, 41.209631138117679 ], [ 1.598032558665355, 41.209901294833351 ], [ 1.598390301351686, 41.209905648174683 ], [ 1.598361480367094, 41.211256431580175 ], [ 1.598719230425093, 41.211260784060578 ], [ 1.598678888035237, 41.213151880536202 ], [ 1.599036647931206, 41.213156232187053 ], [ 1.599025123821257, 41.213696545415402 ], [ 1.599382887274257, 41.213700896043974 ], [ 1.599377126512988, 41.213971052678495 ], [ 1.599734891575996, 41.213975402192808 ], [ 1.599717613353029, 41.214785872185907 ], [ 1.600075382847941, 41.214790220711741 ], [ 1.600069624773787, 41.215060377420691 ], [ 1.600785166940945, 41.21506907122118 ], [ 1.600779411730596, 41.215339227998939 ], [ 1.601137184402825, 41.215343573273557 ], [ 1.601131430586207, 41.215613730034015 ], [ 1.602204753544857, 41.215626759359914 ], [ 1.602193254442996, 41.216167073131309 ], [ 1.602551031841883, 41.216171414084464 ], [ 1.602545283675024, 41.216441570968982 ], [ 1.602187504804935, 41.216437229974794 ], [ 1.602176005233404, 41.216977543665941 ], [ 1.602533787045924, 41.216981884742204 ], [ 1.602528038644284, 41.217252041586583 ], [ 1.603243605445646, 41.217260720532536 ], [ 1.603232114292698, 41.217801034345264 ], [ 1.603947687292091, 41.217809709010346 ], [ 1.603941944540905, 41.218079865978652 ], [ 1.604299732628732, 41.218084201707811 ], [ 1.604293991270698, 41.218354358703714 ], [ 1.605009570624456, 41.218363026865219 ], [ 1.605003832130983, 41.218633183929697 ], [ 1.605361623396897, 41.218637516362001 ], [ 1.605355886296676, 41.218907673454048 ], [ 1.606071472064253, 41.218916335112432 ], [ 1.606077206221708, 41.218646177938503 ], [ 1.606792789358805, 41.218654835069884 ], [ 1.606804251614682, 41.218114520473939 ], [ 1.606446462919531, 41.218110192567856 ], [ 1.606457927805947, 41.217569878000226 ], [ 1.606815713497877, 41.217574205868793 ], [ 1.606827175129566, 41.217033891165869 ], [ 1.606469392379221, 41.217029563424141 ], [ 1.606475124518989, 41.216759406115685 ], [ 1.606832905857712, 41.216763733817203 ], [ 1.606844366961644, 41.216223419033319 ], [ 1.608275481205604, 41.216240718488933 ], [ 1.608281205755317, 41.215970560935915 ], [ 1.608996760403573, 41.215979203869878 ], [ 1.608991038735668, 41.216249361548904 ], [ 1.609706596637909, 41.216258000119801 ], [ 1.609700877894158, 41.216528157867842 ], [ 1.61005865840348, 41.216532475526961 ], [ 1.610064375675049, 41.216262317783134 ], [ 1.610422154850614, 41.216266634290974 ], [ 1.610450732805365, 41.214915845123727 ], [ 1.611881820682554, 41.214933099270482 ], [ 1.611893239562582, 41.214392783201937 ], [ 1.612251008769405, 41.214397093867859 ], [ 1.612262424396411, 41.213856777664347 ], [ 1.612977957218563, 41.213865395500569 ], [ 1.612995071220426, 41.213054920850297 ], [ 1.613352833305181, 41.213059227979265 ], [ 1.613358536385927, 41.212789069695546 ], [ 1.614074057845445, 41.212797680583868 ], [ 1.614068357766255, 41.213067838949712 ], [ 1.614426120083877, 41.213072142745453 ], [ 1.614420421398076, 41.21334230113861 ], [ 1.614778185263323, 41.213346603908974 ], [ 1.614800973777367, 41.212265970049856 ], [ 1.614443215795967, 41.212261667442192 ], [ 1.614448914171445, 41.21199150899556 ], [ 1.614091157737586, 41.211987205362554 ], [ 1.614085457831579, 41.212257363767776 ], [ 1.613012184524286, 41.212244446034731 ], [ 1.613017888843019, 41.211974287751609 ], [ 1.613375645044024, 41.211978594717706 ], [ 1.613381347754582, 41.211708436379801 ], [ 1.613023593025425, 41.211704129409405 ], [ 1.613035001214975, 41.211163812775631 ], [ 1.612677249504236, 41.211159504820692 ], [ 1.612682954924492, 41.2108893464791 ], [ 1.612325204762252, 41.210885037453899 ], [ 1.612330911574688, 41.210614879184675 ], [ 1.611973162961896, 41.210610569044206 ], [ 1.611978871167423, 41.210340410802395 ], [ 1.611263377055981, 41.210331787314352 ], [ 1.611257665907926, 41.210601945519684 ], [ 1.610899917528331, 41.210597632046287 ], [ 1.610894204773061, 41.210867790151717 ], [ 1.611251954683084, 41.210872103666603 ], [ 1.611234820421811, 41.211682578070793 ], [ 1.611592574823063, 41.211686890551974 ], [ 1.611581154555734, 41.21222720680634 ], [ 1.611223397272328, 41.212222894244334 ], [ 1.611211973751215, 41.212763210408731 ], [ 1.610138693483371, 41.212750265766068 ], [ 1.610144409666292, 41.21248010779005 ], [ 1.609786651223115, 41.212475790743099 ], [ 1.609792368798179, 41.212205632839549 ], [ 1.610150125830057, 41.212209949846411 ], [ 1.610155841856374, 41.211939791888682 ], [ 1.610513597435556, 41.211944107742973 ], [ 1.610519311972806, 41.211673949731789 ], [ 1.609446049822709, 41.211660998912521 ], [ 1.609468924665747, 41.210580367176632 ], [ 1.609111176675212, 41.210576048148397 ], [ 1.609116896646964, 41.210305890232888 ], [ 1.608759150204121, 41.21030157017956 ], [ 1.608764871629336, 41.210031412247226 ], [ 1.608407126675508, 41.21002709112306 ], [ 1.608401403840111, 41.210297248970228 ], [ 1.60768591128433, 41.210288603308022 ], [ 1.607691637121797, 41.210018445498285 ], [ 1.607333892401758, 41.210014121041262 ], [ 1.60735107379705, 41.20920364774377 ], [ 1.6069933335671, 41.209199322298495 ], [ 1.606999062033154, 41.208929164562043 ], [ 1.606641323352811, 41.208924838001728 ], [ 1.606635593475718, 41.209194995697978 ], [ 1.605562373608138, 41.209182009320358 ], [ 1.605545170211899, 41.2099924820049 ], [ 1.605902914481308, 41.209996812060929 ], [ 1.605891448082407, 41.210537127168699 ], [ 1.606249195372328, 41.210541456150608 ], [ 1.606243463555441, 41.210811613770751 ], [ 1.606601212394177, 41.210815941682597 ], [ 1.606584020830068, 41.211626414494759 ], [ 1.606226267579804, 41.21162208641514 ], [ 1.606220535391149, 41.211892243981069 ], [ 1.605505026182082, 41.211883584451975 ] ] ], [ [ [ 1.616232006540801, 41.212283169235761 ], [ 1.616589764909787, 41.21228746628821 ], [ 1.616601143992871, 41.211747148849547 ], [ 1.616243388564742, 41.211742851923354 ], [ 1.616254770279736, 41.211202534512474 ], [ 1.6158970178112, 41.211198236555802 ], [ 1.615902710052656, 41.210928077893826 ], [ 1.616260460990726, 41.210932375809151 ], [ 1.616266151683872, 41.210662217093159 ], [ 1.615908402157939, 41.210657919172725 ], [ 1.61591409424441, 41.210387760484011 ], [ 1.615556346265815, 41.210383461538257 ], [ 1.61556203974557, 41.210113302876827 ], [ 1.615204293375838, 41.210109002816452 ], [ 1.615215682925065, 41.209568685533341 ], [ 1.613784709926016, 41.209551474596957 ], [ 1.613790410526805, 41.209281316098789 ], [ 1.61343266889653, 41.209277010650005 ], [ 1.613438370891351, 41.209006852134159 ], [ 1.613796110990373, 41.209011157586524 ], [ 1.613801811377275, 41.208740999015866 ], [ 1.614159550142847, 41.208745303317343 ], [ 1.614165248981507, 41.208475144692635 ], [ 1.61380751174525, 41.208470840477595 ], [ 1.613813211976007, 41.208200681925241 ], [ 1.613455476288931, 41.208196376594977 ], [ 1.61344977452698, 41.208466535150947 ], [ 1.613092037446909, 41.20846222866907 ], [ 1.613074927404457, 41.209272704046029 ], [ 1.612717185989079, 41.20926839637616 ], [ 1.612711480976158, 41.2095385547522 ], [ 1.612353738167742, 41.209534245930641 ], [ 1.612342325027075, 41.210074562561893 ], [ 1.612700070776009, 41.210078871509943 ], [ 1.612694365589721, 41.210349029846583 ], [ 1.613767607776293, 41.210361950057766 ], [ 1.613750504928084, 41.211172425398274 ], [ 1.614108256871726, 41.211176730020249 ], [ 1.614096857506376, 41.211717046943264 ], [ 1.614812367569497, 41.211725653017588 ], [ 1.614806670681921, 41.211995811562566 ], [ 1.615522183997057, 41.212004413274137 ], [ 1.615516489974701, 41.212274571842016 ], [ 1.615874248248336, 41.212278871117277 ], [ 1.615868555619396, 41.212549029712456 ], [ 1.616226315442417, 41.212553327872278 ], [ 1.616232006540801, 41.212283169235761 ] ] ] ] } },
{ "type": "Feature", "properties": { "GRID_CODE": 2, "CODI_FINAL": "922500034", "MUNICIPI": "Coll de Nargó", "DATA_INCEN": "23/02/92" }, "geometry": { "type": "Polygon", "coordinates": [ [ [ 1.240024092906807, 42.199321784435746 ], [ 1.239963558440455, 42.199320855754593 ], [ 1.239903023976957, 42.199319927041543 ], [ 1.239842489516313, 42.199318998296548 ], [ 1.239781955058525, 42.19931806951962 ], [ 1.23972142060359, 42.199317140710782 ], [ 1.239722669773941, 42.199272130157219 ], [ 1.239723918941437, 42.199227119603314 ], [ 1.23972516810608, 42.199182109048984 ], [ 1.239726417267866, 42.199137098494298 ], [ 1.2397276664268, 42.199092087939221 ], [ 1.239667132189315, 42.199091159105727 ], [ 1.239606597954685, 42.199090230240316 ], [ 1.23954606372291, 42.19908930134298 ], [ 1.23948552949399, 42.199088372413705 ], [ 1.239424995267925, 42.199087443452534 ], [ 1.239364461044715, 42.199086514459417 ], [ 1.239303926824359, 42.199085585434382 ], [ 1.23924339260686, 42.199084656377416 ], [ 1.239182858392216, 42.199083727288496 ], [ 1.239122324180427, 42.199082798167673 ], [ 1.239061789971494, 42.199081869014925 ], [ 1.239001255765416, 42.199080939830267 ], [ 1.238940721562195, 42.19908001061367 ], [ 1.238880187361829, 42.19907908136512 ], [ 1.23881965316432, 42.19907815208466 ], [ 1.238759118969666, 42.199077222772289 ], [ 1.238698584777868, 42.199076293427993 ], [ 1.238638050588927, 42.199075364051765 ], [ 1.238577516402843, 42.199074434643606 ], [ 1.238516982219614, 42.199073505203515 ], [ 1.238456448039242, 42.199072575731499 ], [ 1.238395913861727, 42.199071646227573 ], [ 1.238335379687069, 42.199070716691701 ], [ 1.238274845515269, 42.199069787123918 ], [ 1.238214311346323, 42.199068857524232 ], [ 1.238153777180236, 42.199067927892585 ], [ 1.238093243017004, 42.199066998229014 ], [ 1.238032708856632, 42.199066068533519 ], [ 1.237972174699116, 42.199065138806091 ], [ 1.237911640544459, 42.199064209046753 ], [ 1.237910390097963, 42.199109219558096 ], [ 1.237909139648612, 42.19915423006907 ], [ 1.237907889196401, 42.199199240579624 ], [ 1.237906638741335, 42.199244251089794 ], [ 1.237905388283411, 42.199289261599588 ], [ 1.237844853917016, 42.199288331801043 ], [ 1.237784319553479, 42.199287401970558 ], [ 1.237723785192801, 42.19928647210812 ], [ 1.237663250834979, 42.199285542213772 ], [ 1.237602716480015, 42.199284612287506 ], [ 1.237601465804638, 42.199329622789641 ], [ 1.237600215126403, 42.199374633291356 ], [ 1.23759896444531, 42.199419643792695 ], [ 1.237597713761359, 42.199464654293656 ], [ 1.237596463074551, 42.199509664794235 ], [ 1.23753592850785, 42.199508734828733 ], [ 1.237475393944006, 42.199507804831313 ], [ 1.237414859383021, 42.199506874801976 ], [ 1.237354324824894, 42.1995059447407 ], [ 1.237293790269627, 42.199505014647507 ], [ 1.237233255717217, 42.199504084522381 ], [ 1.237172721167667, 42.199503154365338 ], [ 1.237112186620974, 42.199502224176356 ], [ 1.237051652077142, 42.199501293955436 ], [ 1.236991117536168, 42.199500363702612 ], [ 1.236930582998051, 42.199499433417863 ], [ 1.236870048462797, 42.199498503101175 ], [ 1.236809513930401, 42.199497572752549 ], [ 1.236748979400864, 42.199496642372011 ], [ 1.236688444874186, 42.199495711959557 ], [ 1.236627910350369, 42.199494781515156 ], [ 1.23656737582941, 42.199493851038859 ], [ 1.236506841311311, 42.199492920530602 ], [ 1.236446306796073, 42.19949198999042 ], [ 1.236385772283695, 42.199491059418342 ], [ 1.236384520735639, 42.199536069889341 ], [ 1.236383269184722, 42.199581080359955 ], [ 1.236382017630947, 42.199626090830158 ], [ 1.236380766074311, 42.199671101299984 ], [ 1.236379514514816, 42.199716111769433 ], [ 1.2363189797907, 42.199715181158133 ], [ 1.236258445069443, 42.199714250514859 ], [ 1.236197910351046, 42.199713319839709 ], [ 1.236137375635513, 42.1997123891326 ], [ 1.236076840922837, 42.199711458393558 ], [ 1.236075589145883, 42.199756468855327 ], [ 1.236074337366067, 42.199801479316697 ], [ 1.236073085583393, 42.199846489777677 ], [ 1.236071833797857, 42.199891500238294 ], [ 1.236070582009461, 42.199936510698507 ], [ 1.236010047085046, 42.199935579920258 ], [ 1.235949512163492, 42.199934649110055 ], [ 1.235888977244798, 42.199933718267957 ], [ 1.235828442328967, 42.199932787393912 ], [ 1.235767907415997, 42.19993185648795 ], [ 1.235766655410139, 42.199976866940474 ], [ 1.235765403401419, 42.200021877392615 ], [ 1.235764151389839, 42.200066887844372 ], [ 1.235762899375397, 42.200111898295752 ], [ 1.235761647358097, 42.200156908746727 ], [ 1.235760395337933, 42.200201919197319 ], [ 1.23575914331491, 42.20024692964752 ], [ 1.235757891289025, 42.200291940097365 ], [ 1.235756639260281, 42.200336950546792 ], [ 1.235755387228674, 42.200381960995855 ], [ 1.235754135194207, 42.2004269714445 ], [ 1.23575288315688, 42.200471981892804 ], [ 1.23575163111669, 42.200516992340702 ], [ 1.235750379073639, 42.200562002788203 ], [ 1.235749127027727, 42.200607013235341 ], [ 1.235688591473803, 42.20060608227552 ], [ 1.235628055922739, 42.200605151283781 ], [ 1.235567520374538, 42.200604220260118 ], [ 1.235506984829197, 42.200603289204544 ], [ 1.235446449286718, 42.200602358117024 ], [ 1.235385913747101, 42.200601426997565 ], [ 1.235325378210346, 42.20060049584621 ], [ 1.235264842676453, 42.200599564662923 ], [ 1.235204307145422, 42.200598633447697 ], [ 1.235143771617253, 42.200597702200547 ], [ 1.235083236091946, 42.200596770921464 ], [ 1.235022700569502, 42.200595839610436 ], [ 1.23496216504992, 42.20059490826749 ], [ 1.2349016295332, 42.200593976892641 ], [ 1.234841094019343, 42.200593045485846 ], [ 1.234780558508349, 42.200592114047133 ], [ 1.234720023000218, 42.200591182576488 ], [ 1.234659487494949, 42.200590251073919 ], [ 1.234598951992544, 42.200589319539411 ], [ 1.234538416493002, 42.200588387972978 ], [ 1.234537163585795, 42.200633398390487 ], [ 1.234535910675725, 42.200678408807626 ], [ 1.234534657762794, 42.200723419224367 ], [ 1.234533404846998, 42.200768429640704 ], [ 1.23453215192834, 42.200813440056699 ], [ 1.23453089900682, 42.200858450472246 ], [ 1.234529646082435, 42.20090346088746 ], [ 1.234528393155188, 42.200948471302262 ], [ 1.234527140225076, 42.200993481716701 ], [ 1.234525887292104, 42.201038492130721 ], [ 1.234465351366203, 42.201037560517761 ], [ 1.234404815443167, 42.201036628872842 ], [ 1.234344279522996, 42.201035697196019 ], [ 1.234283743605686, 42.20103476548725 ], [ 1.23422320769124, 42.201033833746571 ], [ 1.234221954540792, 42.201078844152896 ], [ 1.234220701387478, 42.201123854558887 ], [ 1.234219448231302, 42.201168864964444 ], [ 1.234218195072262, 42.201213875369625 ], [ 1.234216941910358, 42.201258885774415 ], [ 1.234215688745592, 42.201303896178828 ], [ 1.234214435577962, 42.201348906582844 ], [ 1.234213182407467, 42.20139391698649 ], [ 1.23421192923411, 42.201438927389738 ], [ 1.234210676057888, 42.201483937792602 ], [ 1.234209422878803, 42.20152894819509 ], [ 1.234208169696855, 42.20157395859718 ], [ 1.234206916512043, 42.201618968998893 ], [ 1.234205663324368, 42.201663979400216 ], [ 1.234204410133827, 42.201708989801141 ], [ 1.234264946692123, 42.20170992156374 ], [ 1.234325483253281, 42.20171085329445 ], [ 1.234386019817304, 42.201711784993201 ], [ 1.234446556384188, 42.201712716660033 ], [ 1.234507092953937, 42.201713648294927 ], [ 1.23456762952655, 42.201714579897903 ], [ 1.234628166102025, 42.201715511468926 ], [ 1.234688702680365, 42.201716443008046 ], [ 1.234749239261566, 42.201717374515219 ], [ 1.234809775845632, 42.201718305990482 ], [ 1.23487031243256, 42.201719237433821 ], [ 1.234930849022349, 42.201720168845206 ], [ 1.234991385615003, 42.201721100224681 ], [ 1.23505192221052, 42.201722031572231 ], [ 1.235112458808899, 42.201722962887821 ], [ 1.235113711355578, 42.201677952464969 ], [ 1.235114963899395, 42.201632942041734 ], [ 1.235116216440351, 42.2015879316181 ], [ 1.235117468978443, 42.201542921194083 ], [ 1.235118721513674, 42.20149791076966 ], [ 1.235179257900296, 42.201498842046057 ], [ 1.235239794289779, 42.201499773290507 ], [ 1.235300330682126, 42.201500704503026 ], [ 1.235360867077334, 42.20150163568362 ], [ 1.235421403475406, 42.201502566832275 ], [ 1.235422655793155, 42.201457556400186 ], [ 1.235423908108045, 42.201412545967692 ], [ 1.235425160420072, 42.201367535534835 ], [ 1.235426412729238, 42.201322525101567 ], [ 1.235427665035542, 42.201277514667929 ], [ 1.235488201221858, 42.201278445777376 ], [ 1.235548737411035, 42.201279376854878 ], [ 1.235609273603073, 42.201280307900447 ], [ 1.235669809797973, 42.201281238914071 ], [ 1.235730345995735, 42.201282169895812 ], [ 1.235731598084562, 42.201237159454465 ], [ 1.235732850170528, 42.201192149012762 ], [ 1.235734102253633, 42.201147138570654 ], [ 1.235735354333876, 42.20110212812817 ], [ 1.235736606411258, 42.201057117685295 ], [ 1.235797142397268, 42.201058048627772 ], [ 1.235857678386137, 42.201058979538317 ], [ 1.235918214377867, 42.201059910416966 ], [ 1.235978750372458, 42.201060841263654 ], [ 1.236039286369911, 42.201061772078418 ], [ 1.236038034507143, 42.201106782528583 ], [ 1.236036782641513, 42.201151792978379 ], [ 1.236035530773023, 42.201196803427784 ], [ 1.236034278901673, 42.201241813876806 ], [ 1.236033027027461, 42.201286824325464 ], [ 1.23603177515039, 42.201331834773683 ], [ 1.236030523270456, 42.201376845221546 ], [ 1.236029271387665, 42.201421855668997 ], [ 1.23602801950201, 42.201466866116107 ], [ 1.236026767613495, 42.201511876562805 ], [ 1.236087304043041, 42.20151280736026 ], [ 1.236147840475448, 42.201513738125762 ], [ 1.236208376910715, 42.20151466885936 ], [ 1.236268913348845, 42.201515599561013 ], [ 1.236329449789832, 42.201516530230741 ], [ 1.236328198113076, 42.201561540684374 ], [ 1.236326946433459, 42.201606551137594 ], [ 1.236325694750983, 42.201651561590438 ], [ 1.236324443065646, 42.201696572042906 ], [ 1.236323191377449, 42.201741582494975 ], [ 1.236321939686393, 42.201786592946661 ], [ 1.236320687992474, 42.201831603397949 ], [ 1.236319436295698, 42.201876613848874 ], [ 1.23631818459606, 42.201921624299395 ], [ 1.236316932893562, 42.201966634749517 ], [ 1.236377469766653, 42.201967565401937 ], [ 1.236438006642605, 42.20196849602241 ], [ 1.236498543521419, 42.201969426610944 ], [ 1.23655908040309, 42.201970357167568 ], [ 1.236619617287622, 42.20197128769226 ], [ 1.236618365796888, 42.202016298149303 ], [ 1.236617114303294, 42.202061308605984 ], [ 1.23661586280684, 42.202106319062267 ], [ 1.236614611307528, 42.202151329518173 ], [ 1.236613359805354, 42.202196339973661 ], [ 1.236612108300321, 42.202241350428785 ], [ 1.236610856792429, 42.202286360883512 ], [ 1.236609605281676, 42.202331371337877 ], [ 1.236608353768063, 42.202376381791836 ], [ 1.236607102251591, 42.202421392245427 ], [ 1.236667639568236, 42.202422322752774 ], [ 1.236728176887741, 42.20242325322819 ], [ 1.236788714210106, 42.202424183671717 ], [ 1.236849251535331, 42.202425114083283 ], [ 1.236909788863416, 42.202426044462889 ], [ 1.23697032619436, 42.202426974810628 ], [ 1.237030863528163, 42.202427905126385 ], [ 1.237091400864827, 42.202428835410245 ], [ 1.237151938204349, 42.20242976566216 ], [ 1.237212475546731, 42.202430695882136 ], [ 1.237273012891971, 42.202431626070215 ], [ 1.237333550240072, 42.202432556226334 ], [ 1.23739408759103, 42.202433486350515 ], [ 1.237454624944848, 42.202434416442784 ], [ 1.237515162301524, 42.202435346503144 ], [ 1.237575699661059, 42.202436276531543 ], [ 1.237636237023451, 42.202437206528039 ], [ 1.237696774388704, 42.202438136492596 ], [ 1.237757311756813, 42.2024390664252 ], [ 1.237817849127781, 42.2024399963259 ], [ 1.237819099785739, 42.202394985843114 ], [ 1.237820350440836, 42.202349975359972 ], [ 1.237821601093077, 42.202304964876433 ], [ 1.237822851742461, 42.202259954392495 ], [ 1.237824102388985, 42.202214943908196 ], [ 1.237825353032652, 42.202169933423498 ], [ 1.237826603673462, 42.202124922938395 ], [ 1.237827854311413, 42.202079912452945 ], [ 1.237829104946507, 42.202034901967082 ], [ 1.237830355578742, 42.201989891480828 ], [ 1.23776981863703, 42.201988961594715 ], [ 1.237709281698174, 42.201988031676699 ], [ 1.237648744762176, 42.20198710172675 ], [ 1.237588207829037, 42.201986171744871 ], [ 1.237527670898755, 42.201985241731023 ], [ 1.237528921742758, 42.201940231251704 ], [ 1.237530172583902, 42.201895220772002 ], [ 1.237531423422188, 42.201850210291887 ], [ 1.237532674257617, 42.201805199811382 ], [ 1.237533925090186, 42.201760189330493 ], [ 1.237535175919898, 42.201715178849213 ], [ 1.23753642674675, 42.201670168367578 ], [ 1.237537677570745, 42.201625157885552 ], [ 1.237538928391882, 42.201580147403114 ], [ 1.237540179210159, 42.201535136920327 ], [ 1.237541430025579, 42.201490126437115 ], [ 1.237542680838141, 42.201445115953547 ], [ 1.237543931647846, 42.201400105469581 ], [ 1.23754518245469, 42.201355094985217 ], [ 1.237546433258677, 42.201310084500477 ], [ 1.237547684059807, 42.20126507401536 ], [ 1.237548934858078, 42.201220063529831 ], [ 1.23755018565349, 42.20117505304394 ], [ 1.237551436446046, 42.201130042557637 ], [ 1.237552687235742, 42.201085032070978 ], [ 1.23755393802258, 42.201040021583928 ], [ 1.23755518880656, 42.200995011096481 ], [ 1.237556439587682, 42.200950000608643 ], [ 1.237557690365948, 42.200904990120428 ], [ 1.237558941141353, 42.200859979631822 ], [ 1.237560191913901, 42.200814969142847 ], [ 1.237561442683591, 42.200769958653481 ], [ 1.237562693450422, 42.200724948163703 ], [ 1.237563944214396, 42.200679937673556 ], [ 1.237565194975512, 42.200634927183039 ], [ 1.237625730618089, 42.200635857153088 ], [ 1.237686266263526, 42.200636787091184 ], [ 1.23774680191182, 42.200637716997385 ], [ 1.237807337562972, 42.200638646871639 ], [ 1.237867873216983, 42.200639576713982 ], [ 1.237928408873851, 42.200640506524373 ], [ 1.237988944533576, 42.200641436302853 ], [ 1.238049480196159, 42.200642366049387 ], [ 1.238110015861602, 42.200643295764024 ], [ 1.238170551529899, 42.200644225446716 ], [ 1.238169301198003, 42.200689235951849 ], [ 1.238168050863252, 42.200734246456562 ], [ 1.238166800525643, 42.200779256960914 ], [ 1.238165550185177, 42.200824267464881 ], [ 1.238164299841852, 42.200869277968451 ], [ 1.238163049495672, 42.200914288471637 ], [ 1.238161799146634, 42.200959298974446 ], [ 1.23816054879474, 42.201004309476858 ], [ 1.238159298439987, 42.201049319978914 ], [ 1.238158048082378, 42.201094330480551 ], [ 1.238156797721912, 42.201139340981804 ], [ 1.238155547358589, 42.201184351482681 ], [ 1.238154296992406, 42.201229361983181 ], [ 1.23815304662337, 42.201274372483269 ], [ 1.238151796251474, 42.201319382982994 ], [ 1.238212332566472, 42.201320312655632 ], [ 1.238272868884327, 42.201321242296352 ], [ 1.238333405205038, 42.201322171905133 ], [ 1.238393941528607, 42.201323101482011 ], [ 1.238454477855034, 42.201324031026914 ], [ 1.2384532276949, 42.20136904153356 ], [ 1.238451977531908, 42.201414052039766 ], [ 1.23845072736606, 42.201459062545645 ], [ 1.238449477197356, 42.201504073051083 ], [ 1.238448227025795, 42.201549083556166 ], [ 1.238508763569698, 42.201550013076449 ], [ 1.238569300116456, 42.201550942564836 ], [ 1.23862983666607, 42.201551872021248 ], [ 1.238690373218543, 42.201552801445764 ], [ 1.238750909773873, 42.201553730838341 ], [ 1.238749659814076, 42.201598741350338 ], [ 1.23874840985142, 42.201643751861944 ], [ 1.238747159885912, 42.201688762373131 ], [ 1.238745909917546, 42.201733772883969 ], [ 1.238744659946323, 42.201778783394417 ], [ 1.238684123176372, 42.201777853994543 ], [ 1.238623586409279, 42.201776924562743 ], [ 1.23856304964504, 42.201775995099013 ], [ 1.238502512883661, 42.201775065603357 ], [ 1.238441976125138, 42.201774136075763 ], [ 1.238440725936435, 42.201819146578543 ], [ 1.238439475744877, 42.201864157080905 ], [ 1.238438225550461, 42.201909167582905 ], [ 1.23843697535319, 42.201954178084499 ], [ 1.238435725153061, 42.201999188585717 ], [ 1.238434474950075, 42.202044199086536 ], [ 1.238433224744233, 42.202089209586994 ], [ 1.238431974535533, 42.202134220087039 ], [ 1.238430724323976, 42.202179230586722 ], [ 1.238429474109564, 42.202224241086014 ], [ 1.238490011297337, 42.202225170628175 ], [ 1.238550548487967, 42.202226100138425 ], [ 1.238611085681455, 42.202227029616715 ], [ 1.238671622877799, 42.202227959063087 ], [ 1.238732160077001, 42.202228888477563 ], [ 1.238730910074358, 42.202273898983741 ], [ 1.238729660068859, 42.202318909489563 ], [ 1.238728410060504, 42.202363919994987 ], [ 1.238727160049292, 42.20240893050002 ], [ 1.238725910035226, 42.202453941004663 ], [ 1.238786447451912, 42.202454870394462 ], [ 1.238846984871456, 42.20245579975235 ], [ 1.238907522293854, 42.202456729078307 ], [ 1.23896805971911, 42.202457658372325 ], [ 1.239028597147223, 42.202458587634418 ], [ 1.239089134578191, 42.202459516864572 ], [ 1.239149672012016, 42.202460446062794 ], [ 1.239210209448697, 42.202461375229106 ], [ 1.239270746888233, 42.202462304363472 ], [ 1.239331284330623, 42.202463233465942 ], [ 1.239391821775872, 42.20246416253643 ], [ 1.239452359223976, 42.202465091575014 ], [ 1.239512896674934, 42.202466020581674 ], [ 1.239573434128747, 42.202466949556417 ], [ 1.239633971585418, 42.202467878499192 ], [ 1.239694509044941, 42.202468807410064 ], [ 1.239755046507323, 42.202469736289004 ], [ 1.239815583972557, 42.202470665135976 ], [ 1.239876121440646, 42.202471593951067 ], [ 1.23993665891159, 42.202472522734205 ], [ 1.23999719638539, 42.202473451485417 ], [ 1.240057733862044, 42.202474380204698 ], [ 1.240118271341551, 42.202475308892048 ], [ 1.240178808823913, 42.202476237547479 ], [ 1.240239346309131, 42.202477166170958 ], [ 1.240238097365361, 42.202522176711661 ], [ 1.240236848418737, 42.202567187251987 ], [ 1.24023559946926, 42.2026121977919 ], [ 1.240234350516928, 42.202657208331459 ], [ 1.240233101561742, 42.20270221887062 ], [ 1.240293639264444, 42.202703147469471 ], [ 1.240354176970003, 42.202704076036369 ], [ 1.240414714678415, 42.202705004571357 ], [ 1.24047525238968, 42.202705933074427 ], [ 1.240535790103799, 42.202706861545543 ], [ 1.240596327820773, 42.20270778998475 ], [ 1.2406568655406, 42.20270871839201 ], [ 1.240717403263279, 42.202709646767346 ], [ 1.240777940988813, 42.20271057511075 ], [ 1.2408384787172, 42.202711503422222 ], [ 1.24083972724312, 42.202666492868502 ], [ 1.240840975766185, 42.202621482314399 ], [ 1.240842224286398, 42.202576471759897 ], [ 1.240843472803757, 42.202531461204998 ], [ 1.240844721318264, 42.202486450649729 ], [ 1.240845969829918, 42.202441440094077 ], [ 1.24084721833872, 42.202396429538034 ], [ 1.240848466844668, 42.202351418981607 ], [ 1.240849715347761, 42.202306408424818 ], [ 1.240850963848004, 42.202261397867609 ], [ 1.240852212345392, 42.202216387310038 ], [ 1.240853460839929, 42.202171376752041 ], [ 1.240854709331612, 42.202126366193703 ], [ 1.240855957820442, 42.202081355634938 ], [ 1.240857206306419, 42.202036345075818 ], [ 1.240858454789543, 42.201991334516322 ], [ 1.240859703269815, 42.201946323956385 ], [ 1.240860951747234, 42.201901313396107 ], [ 1.2408622002218, 42.201856302835438 ], [ 1.240863448693513, 42.201811292274392 ], [ 1.240864697162373, 42.201766281712942 ], [ 1.240865945628381, 42.201721271151108 ], [ 1.240867194091534, 42.201676260588883 ], [ 1.240868442551836, 42.201631250026288 ], [ 1.240869691009285, 42.20158623946331 ], [ 1.240930227667387, 42.201587167706428 ], [ 1.240990764328341, 42.201588095917629 ], [ 1.241051300992148, 42.201589024096911 ], [ 1.241111837658808, 42.201589952244262 ], [ 1.24117237432832, 42.201590880359689 ], [ 1.241232911000686, 42.201591808443148 ], [ 1.241293447675904, 42.201592736494717 ], [ 1.241353984353975, 42.201593664514348 ], [ 1.241414521034896, 42.201594592502055 ], [ 1.241475057718671, 42.201595520457815 ], [ 1.241535594405297, 42.201596448381665 ], [ 1.241596131094776, 42.201597376273583 ], [ 1.241656667787107, 42.201598304133569 ], [ 1.24171720448229, 42.20159923196163 ], [ 1.241777741180324, 42.201600159757739 ], [ 1.241778988991054, 42.20155514917252 ], [ 1.241780236798934, 42.201510138586919 ], [ 1.241781484603962, 42.201465128000919 ], [ 1.241782732406138, 42.201420117414557 ], [ 1.241783980205464, 42.201375106827797 ], [ 1.241785228001938, 42.201330096240667 ], [ 1.241786475795562, 42.201285085653112 ], [ 1.241787723586333, 42.201240075065193 ], [ 1.241788971374253, 42.201195064476906 ], [ 1.241790219159322, 42.201150053888227 ], [ 1.24179146694154, 42.20110504329913 ], [ 1.241792714720906, 42.20106003270967 ], [ 1.241793962497422, 42.201015022119826 ], [ 1.241795210271084, 42.200970011529598 ], [ 1.241796458041898, 42.200925000938973 ], [ 1.241797705809859, 42.200879990347964 ], [ 1.241798953574969, 42.200834979756571 ], [ 1.241800201337228, 42.200789969164781 ], [ 1.241801449096636, 42.200744958572635 ], [ 1.241802696853193, 42.200699947980084 ], [ 1.241803944606898, 42.200654937387142 ], [ 1.241805192357753, 42.200609926793824 ], [ 1.241806440105756, 42.200564916200122 ], [ 1.241807687850908, 42.200519905606022 ], [ 1.241808935593208, 42.200474895011553 ], [ 1.241810183332658, 42.200429884416678 ], [ 1.241811431069257, 42.200384873821427 ], [ 1.241812678803003, 42.200339863225786 ], [ 1.241813926533899, 42.20029485262976 ], [ 1.241815174261944, 42.200249842033358 ], [ 1.241816421987137, 42.200204831436565 ], [ 1.24181766970948, 42.200159820839382 ], [ 1.241818917428973, 42.200114810241814 ], [ 1.241820165145613, 42.200069799643863 ], [ 1.241821412859402, 42.200024789045521 ], [ 1.24182266057034, 42.199979778446775 ], [ 1.241823908278428, 42.199934767847665 ], [ 1.241825155983663, 42.199889757248158 ], [ 1.241826403686048, 42.199844746648303 ], [ 1.241827651385583, 42.199799736048028 ], [ 1.241767116404448, 42.199798808310121 ], [ 1.241706581426164, 42.199797880540302 ], [ 1.241646046450731, 42.199796952738552 ], [ 1.241585511478152, 42.199796024904863 ], [ 1.241524976508424, 42.199795097039249 ], [ 1.241464441541547, 42.199794169141718 ], [ 1.241403906577523, 42.199793241212255 ], [ 1.24134337161635, 42.199792313250875 ], [ 1.241282836658028, 42.199791385257555 ], [ 1.241222301702559, 42.199790457232318 ], [ 1.241161766749943, 42.199789529175149 ], [ 1.241101231800179, 42.199788601086048 ], [ 1.241040696853268, 42.199787672965016 ], [ 1.240980161909209, 42.199786744812087 ], [ 1.240919626968002, 42.199785816627177 ], [ 1.240859092029649, 42.199784888410399 ], [ 1.240798557094149, 42.199783960161646 ], [ 1.240738022161501, 42.199783031880983 ], [ 1.240677487231706, 42.199782103568417 ], [ 1.240616952304765, 42.199781175223883 ], [ 1.240618200859856, 42.199736164652343 ], [ 1.240619449412095, 42.199691154080419 ], [ 1.240620697961478, 42.199646143508147 ], [ 1.240621946508011, 42.199601132935442 ], [ 1.240623195051691, 42.19955612236236 ], [ 1.240562660342202, 42.199555193993199 ], [ 1.240502125635568, 42.199554265592127 ], [ 1.240441590931788, 42.199553337159102 ], [ 1.240381056230861, 42.19955240869416 ], [ 1.240320521532787, 42.199551480197314 ], [ 1.240259986837566, 42.199550551668516 ], [ 1.2401994521452, 42.199549623107799 ], [ 1.240138917455688, 42.199548694515144 ], [ 1.240078382769029, 42.199547765890578 ], [ 1.240017848085225, 42.199546837234095 ], [ 1.24001909705525, 42.199501826675203 ], [ 1.24002034602242, 42.199456816115912 ], [ 1.240021594986737, 42.199411805556238 ], [ 1.240022843948198, 42.199366794996195 ], [ 1.240024092906807, 42.199321784435746 ] ] ] } },
{ "type": "Feature", "properties": { "GRID_CODE": 2, "CODI_FINAL": "922500018", "MUNICIPI": "La Guingueta d'Àneu", "DATA_INCEN": "23/02/92" }, "geometry": { "type": "Polygon", "coordinates": [ [ [ 1.167760376934261, 42.607552130999444 ], [ 1.167761695883802, 42.607507125438275 ], [ 1.167763014830316, 42.607462119876757 ], [ 1.167764333773808, 42.607417114314821 ], [ 1.167765652714275, 42.6073721087525 ], [ 1.167766971651718, 42.60732710318981 ], [ 1.167768290586136, 42.607282097626708 ], [ 1.167829216101451, 42.607283071904114 ], [ 1.167890141619792, 42.607284046149147 ], [ 1.167951067141159, 42.607285020361779 ], [ 1.168011992665548, 42.607285994542053 ], [ 1.168072918192962, 42.60728696868992 ], [ 1.168074236905292, 42.60724196311881 ], [ 1.168075555614601, 42.607196957547295 ], [ 1.168076874320885, 42.607151951975403 ], [ 1.168078193024146, 42.607106946403142 ], [ 1.168079511724382, 42.607061940830455 ], [ 1.168080830421595, 42.607016935257406 ], [ 1.168082149115785, 42.606971929683958 ], [ 1.168083467806949, 42.606926924110113 ], [ 1.168084786495091, 42.606881918535869 ], [ 1.168086105180208, 42.606836912961263 ], [ 1.168025180090915, 42.606835938828631 ], [ 1.167964255004646, 42.606834964663634 ], [ 1.1679033299214, 42.606833990466264 ], [ 1.16784240484118, 42.606833016236486 ], [ 1.167781479763983, 42.606832041974371 ], [ 1.167720554689812, 42.606831067679856 ], [ 1.167659629618663, 42.606830093352954 ], [ 1.16759870455054, 42.60682911899368 ], [ 1.167537779485442, 42.606828144602034 ], [ 1.167476854423369, 42.606827170177993 ], [ 1.167415929364321, 42.606826195721602 ], [ 1.167355004308299, 42.606825221232825 ], [ 1.167294079255302, 42.606824246711646 ], [ 1.167233154205328, 42.606823272158088 ], [ 1.167172229158382, 42.606822297572172 ], [ 1.16711130411446, 42.606821322953849 ], [ 1.167050379073565, 42.606820348303174 ], [ 1.166989454035695, 42.606819373620127 ], [ 1.166928529000849, 42.606818398904679 ], [ 1.166867603969031, 42.60681742415688 ], [ 1.166868923527354, 42.606772418612401 ], [ 1.166870243082649, 42.606727413067532 ], [ 1.166871562634919, 42.606682407522285 ], [ 1.166872882184163, 42.606637401976634 ], [ 1.166874201730383, 42.606592396430599 ], [ 1.166813276920647, 42.606591421658045 ], [ 1.166752352113934, 42.606590446853112 ], [ 1.166691427310251, 42.60658947201577 ], [ 1.166630502509592, 42.606588497146099 ], [ 1.166569577711959, 42.606587522244034 ], [ 1.166508652917354, 42.606586547309554 ], [ 1.166447728125775, 42.606585572342716 ], [ 1.166386803337223, 42.606584597343513 ], [ 1.166325878551696, 42.606583622311923 ], [ 1.166264953769198, 42.606582647247961 ], [ 1.166204028989727, 42.606581672151592 ], [ 1.166143104213282, 42.606580697022878 ], [ 1.166082179439864, 42.606579721861756 ], [ 1.166021254669473, 42.606578746668276 ], [ 1.16596032990211, 42.606577771442417 ], [ 1.16595900969873, 42.60662277696553 ], [ 1.165957689492321, 42.606667782488252 ], [ 1.165956369282886, 42.606712788010583 ], [ 1.165955049070422, 42.606757793532545 ], [ 1.165953728854932, 42.606802799054101 ], [ 1.165892803871541, 42.606801823788231 ], [ 1.165831878891179, 42.606800848489975 ], [ 1.165770953913843, 42.606799873159325 ], [ 1.165710028939537, 42.606798897796295 ], [ 1.165649103968257, 42.606797922400922 ], [ 1.165647783530684, 42.606842927914442 ], [ 1.165646463090082, 42.606887933427572 ], [ 1.165645142646452, 42.606932938940339 ], [ 1.165643822199795, 42.606977944452687 ], [ 1.16564250175011, 42.60702294996468 ], [ 1.165581576562802, 42.607021974529239 ], [ 1.165520651378522, 42.60702099906144 ], [ 1.165459726197708, 42.607020023561446 ], [ 1.165398801020912, 42.607019048029493 ], [ 1.165337875847146, 42.607018072465138 ], [ 1.16527695067641, 42.607017096868425 ], [ 1.1652160255087, 42.607016121239305 ], [ 1.165155100344019, 42.607015145577826 ], [ 1.165094175182369, 42.607014169883968 ], [ 1.165033250023745, 42.607013194157709 ], [ 1.165034570911524, 42.606968188661007 ], [ 1.165035891796274, 42.606923183163907 ], [ 1.165037212677994, 42.606878177666438 ], [ 1.165038533556686, 42.60683317216855 ], [ 1.165039854432349, 42.606788166670285 ], [ 1.164978929495818, 42.606787190919299 ], [ 1.164918004562316, 42.606786215135919 ], [ 1.164857079631844, 42.606785239320182 ], [ 1.1647961547044, 42.606784263472065 ], [ 1.164735229779988, 42.606783287591576 ], [ 1.164733908685263, 42.606828293082202 ], [ 1.164732587587509, 42.606873298572438 ], [ 1.164731266486728, 42.606918304062276 ], [ 1.164729945382915, 42.606963309551737 ], [ 1.164728624276075, 42.607008315040801 ], [ 1.164727303166204, 42.607053320529481 ], [ 1.164725982053304, 42.60709832601777 ], [ 1.164724660937375, 42.607143331505661 ], [ 1.164723339818416, 42.607188336993175 ], [ 1.164722018696428, 42.607233342480306 ], [ 1.164720697571412, 42.607278347967032 ], [ 1.164719376443365, 42.607323353453374 ], [ 1.164718055312288, 42.607368358939311 ], [ 1.164716734178182, 42.607413364424879 ], [ 1.164715413041047, 42.607458369910056 ], [ 1.16465448746247, 42.607457393974279 ], [ 1.164593561886922, 42.607456418006088 ], [ 1.164532636314403, 42.607455442005545 ], [ 1.164471710744915, 42.607454465972573 ], [ 1.164410785178458, 42.607453489907286 ], [ 1.16441210653466, 42.60740848442974 ], [ 1.164413427887834, 42.607363478951832 ], [ 1.164414749237977, 42.607318473473519 ], [ 1.164416070585089, 42.607273467994823 ], [ 1.164417391929173, 42.607228462515721 ], [ 1.164356466584813, 42.607227486425685 ], [ 1.164295541243483, 42.607226510303221 ], [ 1.164234615905182, 42.607225534148412 ], [ 1.164173690569913, 42.607224557961217 ], [ 1.164112765237673, 42.607223581741657 ], [ 1.164114086797792, 42.607178576269824 ], [ 1.164115408354879, 42.607133570797586 ], [ 1.164116729908938, 42.607088565324958 ], [ 1.164118051459965, 42.607043559851974 ], [ 1.164119373007963, 42.606998554378563 ], [ 1.164058447897818, 42.606997578134255 ], [ 1.163997522790704, 42.606996601857574 ], [ 1.163936597686621, 42.6069956255485 ], [ 1.163875672585569, 42.606994649207053 ], [ 1.163814747487549, 42.606993672833227 ], [ 1.163753822392559, 42.606992696427014 ], [ 1.1636928973006, 42.60699171998845 ], [ 1.163631972211674, 42.606990743517485 ], [ 1.163571047125777, 42.606989767014142 ], [ 1.163510122042912, 42.606988790478432 ], [ 1.163508800056788, 42.60703379593653 ], [ 1.163507478067635, 42.607078801394245 ], [ 1.163506156075448, 42.607123806851597 ], [ 1.163504834080231, 42.607168812308537 ], [ 1.163503512081982, 42.607213817765086 ], [ 1.163442586783086, 42.607212841189352 ], [ 1.163381661487222, 42.607211864581217 ], [ 1.163320736194388, 42.60721088794071 ], [ 1.163259810904588, 42.607209911267823 ], [ 1.163198885617819, 42.607208934562571 ], [ 1.163200207835132, 42.607163929113668 ], [ 1.163201530049413, 42.60711892366438 ], [ 1.163202852260662, 42.607073918214688 ], [ 1.163204174468881, 42.607028912764591 ], [ 1.163205496674066, 42.606983907314152 ], [ 1.163144571609394, 42.606982930584167 ], [ 1.163083646547752, 42.606981953821787 ], [ 1.163022721489143, 42.606980977027035 ], [ 1.162961796433568, 42.60698000019989 ], [ 1.162900871381022, 42.606979023340394 ], [ 1.162839946331514, 42.606978046448482 ], [ 1.162779021285034, 42.606977069524234 ], [ 1.162718096241589, 42.606976092567585 ], [ 1.162657171201176, 42.606975115578571 ], [ 1.162596246163796, 42.606974138557156 ], [ 1.162594923520486, 42.607019143992325 ], [ 1.162593600874141, 42.607064149427117 ], [ 1.162592278224765, 42.607109154861512 ], [ 1.162590955572357, 42.607154160295508 ], [ 1.162589632916914, 42.607199165729142 ], [ 1.162528707663505, 42.607198188667681 ], [ 1.162467782413127, 42.607197211573876 ], [ 1.162406857165785, 42.607196234447699 ], [ 1.162345931921476, 42.607195257289128 ], [ 1.162285006680199, 42.607194280098156 ], [ 1.162224081441957, 42.607193302874848 ], [ 1.162163156206749, 42.607192325619124 ], [ 1.162102230974575, 42.607191348331057 ], [ 1.162041305745433, 42.607190371010603 ], [ 1.161980380519326, 42.607189393657762 ], [ 1.161919455296254, 42.607188416272521 ], [ 1.161858530076215, 42.607187438854943 ], [ 1.161797604859212, 42.607186461404936 ], [ 1.161736679645242, 42.607185483922585 ], [ 1.161675754434308, 42.607184506407847 ], [ 1.16167443111864, 42.607229511818133 ], [ 1.161673107799936, 42.607274517228021 ], [ 1.1616717844782, 42.607319522637489 ], [ 1.161670461153428, 42.607364528046602 ], [ 1.161669137825623, 42.607409533455311 ], [ 1.161608212398658, 42.607408555900534 ], [ 1.161547286974728, 42.607407578313371 ], [ 1.161486361553832, 42.607406600693849 ], [ 1.161425436135971, 42.607405623041949 ], [ 1.161364510721146, 42.607404645357668 ], [ 1.161303585309355, 42.607403667641009 ], [ 1.1612426599006, 42.607402689891941 ], [ 1.16118173449488, 42.60740171211053 ], [ 1.161120809092198, 42.607400734296725 ], [ 1.161059883692549, 42.607399756450548 ], [ 1.161058559923577, 42.60744476184356 ], [ 1.161057236151568, 42.607489767236189 ], [ 1.161055912376524, 42.607534772628433 ], [ 1.161054588598445, 42.607579778020288 ], [ 1.16105326481733, 42.60762478341173 ], [ 1.16099233920165, 42.607623805525513 ], [ 1.160931413589007, 42.607622827606924 ], [ 1.160870487979398, 42.607621849655949 ], [ 1.160809562372825, 42.607620871672601 ], [ 1.160748636769291, 42.607619893656853 ], [ 1.160687711168791, 42.607618915608732 ], [ 1.160626785571327, 42.607617937528239 ], [ 1.160565859976901, 42.607616959415346 ], [ 1.16050493438551, 42.607615981270115 ], [ 1.160444008797156, 42.607615003092484 ], [ 1.16044268457487, 42.607660008468223 ], [ 1.160441360349547, 42.607705013843585 ], [ 1.160440036121186, 42.607750019218592 ], [ 1.16043871188979, 42.60779502459318 ], [ 1.160437387655356, 42.607840029967385 ], [ 1.16037646185097, 42.607839051749686 ], [ 1.160315536049621, 42.60783807349965 ], [ 1.160254610251309, 42.607837095217214 ], [ 1.160193684456035, 42.607836116902405 ], [ 1.160132758663796, 42.607835138555231 ], [ 1.160071832874596, 42.607834160175656 ], [ 1.160010907088433, 42.607833181763716 ], [ 1.159949981305306, 42.607832203319383 ], [ 1.159889055525219, 42.607831224842663 ], [ 1.159828129748169, 42.607830246333563 ], [ 1.159826805072558, 42.607875251692064 ], [ 1.15982548039391, 42.607920257050168 ], [ 1.159824155712224, 42.607965262407888 ], [ 1.159822831027501, 42.608010267765188 ], [ 1.159821506339741, 42.608055273122133 ], [ 1.159760580346656, 42.608054294573009 ], [ 1.15969965435661, 42.608053315991498 ], [ 1.159638728369603, 42.608052337377586 ], [ 1.159577802385631, 42.608051358731338 ], [ 1.159516876404701, 42.608050380052696 ], [ 1.159515551494829, 42.608095385401562 ], [ 1.15951422658192, 42.608140390750066 ], [ 1.159512901665972, 42.608185396098158 ], [ 1.159511576746986, 42.608230401445908 ], [ 1.159510251824963, 42.608275406793219 ], [ 1.159449325627996, 42.608274428074509 ], [ 1.159388399434069, 42.608273449323455 ], [ 1.159327473243178, 42.608272470539994 ], [ 1.159266547055326, 42.608271491724174 ], [ 1.159205620870515, 42.60827051287594 ], [ 1.159204295726378, 42.608315518215235 ], [ 1.159202970579202, 42.608360523554126 ], [ 1.159201645428988, 42.608405528892632 ], [ 1.159200320275735, 42.608450534230727 ], [ 1.159198995119445, 42.608495539568423 ], [ 1.159138068718594, 42.608494560680171 ], [ 1.159077142320784, 42.608493581759539 ], [ 1.159016215926014, 42.608492602806542 ], [ 1.15895528953428, 42.608491623821131 ], [ 1.158894363145589, 42.608490644803361 ], [ 1.158893037767182, 42.608535650133021 ], [ 1.158891712385735, 42.608580655462291 ], [ 1.158890387001248, 42.608625660791176 ], [ 1.158889061613724, 42.608670666119657 ], [ 1.158887736223159, 42.608715671447776 ], [ 1.158826809618428, 42.608714692389938 ], [ 1.158765883016737, 42.608713713299757 ], [ 1.158704956418084, 42.608712734177161 ], [ 1.158644029822471, 42.608711755022192 ], [ 1.158583103229898, 42.608710775834872 ], [ 1.158581777617216, 42.608755781154926 ], [ 1.158580452001493, 42.608800786474553 ], [ 1.15857912638273, 42.608845791793833 ], [ 1.158577800760928, 42.608890797112721 ], [ 1.158576475136085, 42.608935802431205 ], [ 1.158575149508205, 42.608980807749298 ], [ 1.158573823877281, 42.609025813067014 ], [ 1.158572498243321, 42.609070818384332 ], [ 1.158571172606319, 42.609115823701266 ], [ 1.15856984696628, 42.609160829017817 ], [ 1.158630773997015, 42.609161808220485 ], [ 1.158691701030791, 42.60916278739078 ], [ 1.158752628067608, 42.609163766528681 ], [ 1.158813555107463, 42.60916474563421 ], [ 1.158874482150359, 42.609165724707353 ], [ 1.158935409196294, 42.609166703748123 ], [ 1.158996336245268, 42.609167682756507 ], [ 1.159057263297282, 42.609168661732504 ], [ 1.159118190352335, 42.609169640676122 ], [ 1.159179117410426, 42.609170619587381 ], [ 1.159177792205516, 42.60921562491886 ], [ 1.159176466997567, 42.609260630249935 ], [ 1.159175141786578, 42.609305635580618 ], [ 1.15917381657255, 42.609350640910954 ], [ 1.159172491355483, 42.609395646240863 ], [ 1.159171166135379, 42.609440651570395 ], [ 1.159169840912235, 42.60948565689953 ], [ 1.159168515686053, 42.609530662228281 ], [ 1.15916719045683, 42.609575667556641 ], [ 1.159165865224571, 42.609620672884624 ], [ 1.159104937728303, 42.609619693958059 ], [ 1.159044010235075, 42.609618714999115 ], [ 1.158983082744889, 42.609617736007763 ], [ 1.158922155257738, 42.609616756984067 ], [ 1.15886122777363, 42.609615777927971 ], [ 1.15880030029256, 42.609614798839488 ], [ 1.15873937281453, 42.609613819718625 ], [ 1.158678445339541, 42.609612840565397 ], [ 1.158617517867591, 42.609611861379776 ], [ 1.158556590398681, 42.609610882161761 ], [ 1.15855791606912, 42.609565876849118 ], [ 1.158559241736519, 42.609520871536112 ], [ 1.158560567400878, 42.609475866222674 ], [ 1.158561893062198, 42.609430860908866 ], [ 1.158563218720477, 42.60938585559466 ], [ 1.158502291473696, 42.609384876351939 ], [ 1.158441364229955, 42.609383897076839 ], [ 1.158380436989253, 42.609382917769366 ], [ 1.158319509751593, 42.609381938429493 ], [ 1.158258582516972, 42.609380959057255 ], [ 1.158197655285392, 42.609379979652637 ], [ 1.158136728056854, 42.609379000215611 ], [ 1.158075800831354, 42.609378020746234 ], [ 1.158014873608898, 42.609377041244457 ], [ 1.157953946389481, 42.609376061710321 ], [ 1.157893019173106, 42.609375082143785 ], [ 1.157832091959771, 42.609374102544869 ], [ 1.157771164749479, 42.609373122913581 ], [ 1.157710237542227, 42.609372143249885 ], [ 1.157649310338018, 42.609371163553845 ], [ 1.15758838313685, 42.609370183825384 ], [ 1.157527455938723, 42.609369204064571 ], [ 1.157466528743638, 42.609368224271392 ], [ 1.157405601551596, 42.609367244445792 ], [ 1.157344674362595, 42.609366264587813 ], [ 1.15734600089418, 42.609321259303925 ], [ 1.157347327422723, 42.609276254019598 ], [ 1.157348653948223, 42.609231248734901 ], [ 1.157349980470682, 42.60918624344982 ], [ 1.157351306990099, 42.609141238164341 ], [ 1.157290380023227, 42.609140258281656 ], [ 1.157229453059394, 42.609139278366605 ], [ 1.157168526098605, 42.609138298419175 ], [ 1.157107599140857, 42.609137318439345 ], [ 1.157046672186152, 42.609136338427156 ], [ 1.15698574523449, 42.609135358382574 ], [ 1.156924818285871, 42.60913437830559 ], [ 1.156863891340293, 42.609133398196263 ], [ 1.15680296439776, 42.609132418054543 ], [ 1.15674203745827, 42.609131437880436 ], [ 1.156740710500684, 42.609176443150574 ], [ 1.156739383540057, 42.609221448420335 ], [ 1.156738056576386, 42.609266453689692 ], [ 1.156736729609673, 42.609311458958665 ], [ 1.156735402639918, 42.609356464227218 ], [ 1.156674475484386, 42.609355484013058 ], [ 1.156613548331896, 42.609354503766532 ], [ 1.156552621182451, 42.609353523487606 ], [ 1.156491694036048, 42.6093525431763 ], [ 1.156430766892691, 42.609351562832614 ], [ 1.156369839752374, 42.60935058245655 ], [ 1.156308912615103, 42.609349602048106 ], [ 1.156247985480875, 42.609348621607296 ], [ 1.156187058349692, 42.609347641134065 ], [ 1.156126131221551, 42.609346660628482 ], [ 1.156127458629479, 42.609301655375234 ], [ 1.156128786034359, 42.609256650121658 ], [ 1.156130113436199, 42.609211644867635 ], [ 1.156131440834993, 42.609166639613242 ], [ 1.156132768230744, 42.609121634358452 ], [ 1.156071841324733, 42.60912065382815 ], [ 1.156010914421764, 42.609119673265489 ], [ 1.155949987521841, 42.609118692670414 ], [ 1.155889060624963, 42.60911771204298 ], [ 1.155828133731128, 42.60911673138316 ], [ 1.155767206840338, 42.609115750690954 ], [ 1.155706279952593, 42.609114769966389 ], [ 1.155645353067893, 42.60911378920941 ], [ 1.155584426186237, 42.609112808420065 ], [ 1.155523499307627, 42.60911182759834 ], [ 1.155522171473711, 42.609156832837776 ], [ 1.155520843636749, 42.609201838076842 ], [ 1.155519515796744, 42.609246843315475 ], [ 1.155518187953692, 42.609291848553774 ], [ 1.155516860107596, 42.609336853791618 ], [ 1.155515532258455, 42.609381859029106 ], [ 1.155514204406271, 42.609426864266204 ], [ 1.15551287655104, 42.609471869502919 ], [ 1.155511548692766, 42.609516874739228 ], [ 1.155510220831445, 42.609561879975161 ], [ 1.155508892967081, 42.609606885210688 ], [ 1.155507565099671, 42.609651890445846 ], [ 1.155506237229217, 42.609696895680599 ], [ 1.155504909355718, 42.609741900914955 ], [ 1.155503581479172, 42.609786906148933 ], [ 1.155502253599582, 42.609831911382507 ], [ 1.15550092571695, 42.609876916615718 ], [ 1.155499597831269, 42.609921921848517 ], [ 1.155498269942545, 42.609966927080947 ], [ 1.155496942050777, 42.610011932312958 ], [ 1.155495614155962, 42.610056937544613 ], [ 1.155494286258103, 42.610101942775863 ], [ 1.155492958357198, 42.610146948006701 ], [ 1.155491630453249, 42.610191953237177 ], [ 1.155490302546255, 42.610236958467269 ], [ 1.15555123052031, 42.610237939327362 ], [ 1.155612158497407, 42.610238920155098 ], [ 1.155673086477551, 42.610239900950454 ], [ 1.15573401446074, 42.610240881713409 ], [ 1.155794942446974, 42.610241862443992 ], [ 1.155855870436252, 42.610242843142188 ], [ 1.155916798428575, 42.61024382380802 ], [ 1.155977726423944, 42.61024480444145 ], [ 1.156038654422355, 42.610245785042515 ], [ 1.156099582423812, 42.61024676561118 ], [ 1.156160510428312, 42.610247746147486 ], [ 1.156221438435857, 42.610248726651385 ], [ 1.156282366446447, 42.610249707122911 ], [ 1.15634329446008, 42.610250687562058 ], [ 1.156404222476756, 42.610251667968825 ], [ 1.156465150496476, 42.610252648343192 ], [ 1.156526078519242, 42.6102536286852 ], [ 1.156587006545051, 42.610254608994801 ], [ 1.156647934573901, 42.610255589272043 ], [ 1.156708862605795, 42.610256569516899 ], [ 1.156769790640734, 42.610257549729354 ], [ 1.156830718678715, 42.610258529909444 ], [ 1.156891646719739, 42.610259510057141 ], [ 1.156952574763806, 42.610260490172479 ], [ 1.157013502810916, 42.610261470255423 ], [ 1.157074430861068, 42.610262450305967 ], [ 1.157135358914265, 42.610263430324153 ], [ 1.157196286970502, 42.610264410309959 ], [ 1.157257215029782, 42.610265390263351 ], [ 1.157318143092106, 42.610266370184391 ], [ 1.15737907115747, 42.61026735007303 ], [ 1.157439999225878, 42.610268329929298 ], [ 1.157500927297327, 42.610269309753171 ], [ 1.157561855371818, 42.610270289544665 ], [ 1.157622783449351, 42.610271269303794 ], [ 1.157683711529927, 42.610272249030508 ], [ 1.157744639613543, 42.610273228724893 ], [ 1.157805567700202, 42.610274208386848 ], [ 1.157866495789901, 42.610275188016431 ], [ 1.157927423882643, 42.61027616761362 ], [ 1.157988351978424, 42.610277147178451 ], [ 1.158049280077248, 42.610278126710874 ], [ 1.158110208179113, 42.610279106210925 ], [ 1.158171136284018, 42.610280085678625 ], [ 1.158232064391964, 42.610281065113924 ], [ 1.15829299250295, 42.610282044516829 ], [ 1.15835392061698, 42.610283023887355 ], [ 1.158414848734048, 42.610284003225502 ], [ 1.158475776854156, 42.610284982531262 ], [ 1.158536704977305, 42.610285961804642 ], [ 1.158538030693343, 42.610240956497847 ], [ 1.158539356406341, 42.610195951190654 ], [ 1.158540682116299, 42.610150945883063 ], [ 1.158542007823218, 42.610105940575131 ], [ 1.158543333527095, 42.610060935266759 ], [ 1.158604261434189, 42.610061914500093 ], [ 1.158665189344323, 42.610062893701048 ], [ 1.158726117257496, 42.610063872869603 ], [ 1.158787045173711, 42.610064852005813 ], [ 1.158847973092964, 42.610065831109594 ], [ 1.158908901015256, 42.610066810181024 ], [ 1.158969828940591, 42.610067789220068 ], [ 1.159030756868963, 42.610068768226725 ], [ 1.159091684800374, 42.61006974720101 ], [ 1.159152612734825, 42.610070726142894 ], [ 1.159213540672316, 42.610071705052398 ], [ 1.159274468612846, 42.610072683929538 ], [ 1.159335396556414, 42.610073662774283 ], [ 1.159396324503022, 42.610074641586657 ], [ 1.159457252452668, 42.610075620366615 ], [ 1.159458577496223, 42.610030615034894 ], [ 1.159459902536739, 42.609985609702761 ], [ 1.159461227574217, 42.609940604370237 ], [ 1.159462552608656, 42.609895599037358 ], [ 1.159463877640058, 42.609850593704053 ], [ 1.159524805373649, 42.609851572443979 ], [ 1.159585733110278, 42.609852551151548 ], [ 1.159646660849947, 42.609853529826722 ], [ 1.159707588592654, 42.609854508469517 ], [ 1.159768516338399, 42.609855487079919 ], [ 1.15976984114767, 42.609810481738585 ], [ 1.159771165953901, 42.609765476396852 ], [ 1.159772490757095, 42.609720471054708 ], [ 1.159773815557253, 42.609675465712193 ], [ 1.159775140354371, 42.609630460369274 ], [ 1.159836067884064, 42.609631438939672 ], [ 1.159896995416793, 42.609632417477656 ], [ 1.159957922952561, 42.609633395983238 ], [ 1.160018850491365, 42.609634374456476 ], [ 1.160079778033209, 42.609635352897307 ], [ 1.160140705578089, 42.609636331305779 ], [ 1.160201633126009, 42.609637309681851 ], [ 1.160262560676963, 42.60963828802555 ], [ 1.160323488230957, 42.609639266336842 ], [ 1.160384415787986, 42.609640244615797 ], [ 1.160385740143887, 42.609595239257196 ], [ 1.16038706449675, 42.609550233898183 ], [ 1.160388388846577, 42.609505228538794 ], [ 1.160389713193369, 42.609460223178992 ], [ 1.160391037537122, 42.609415217818842 ], [ 1.160451964878101, 42.60941619605773 ], [ 1.160512892222115, 42.60941717426423 ], [ 1.160573819569167, 42.609418152438366 ], [ 1.160634746919255, 42.609419130580129 ], [ 1.160695674272381, 42.609420108689498 ], [ 1.160696998394009, 42.609375103321263 ], [ 1.160698322512602, 42.609330097952657 ], [ 1.160699646628158, 42.609285092583669 ], [ 1.160700970740677, 42.609240087214275 ], [ 1.160702294850161, 42.609195081844504 ], [ 1.160763221987235, 42.60919605991382 ], [ 1.160824149127347, 42.609197037950786 ], [ 1.160885076270495, 42.609198015955329 ], [ 1.160946003416677, 42.609198993927528 ], [ 1.161006930565899, 42.609199971867319 ], [ 1.16100825445326, 42.609154966489527 ], [ 1.161009578337586, 42.609109961111294 ], [ 1.161010902218876, 42.609064955732705 ], [ 1.161012226097131, 42.609019950353719 ], [ 1.161013549972349, 42.608974944974328 ], [ 1.16107447690552, 42.608975922874087 ], [ 1.161135403841728, 42.60897690074151 ], [ 1.16119633078097, 42.608977878576489 ], [ 1.161257257723249, 42.608978856379103 ], [ 1.161318184668563, 42.608979834149352 ], [ 1.161319508321661, 42.608934828761939 ], [ 1.161320831971727, 42.608889823374113 ], [ 1.161322155618756, 42.608844817985911 ], [ 1.161323479262749, 42.608799812597312 ], [ 1.16132480290371, 42.608754807208335 ], [ 1.161385729632977, 42.608755784938531 ], [ 1.16144665636528, 42.608756762636375 ], [ 1.161507583100617, 42.608757740301819 ], [ 1.161568509838991, 42.60875871793489 ], [ 1.161629436580399, 42.608759695535575 ], [ 1.161690363324841, 42.608760673103866 ], [ 1.161751290072319, 42.608761650639785 ], [ 1.161812216822832, 42.608762628143324 ], [ 1.16187314357638, 42.608763605614499 ], [ 1.161934070332961, 42.608764583053301 ], [ 1.161994997092577, 42.608765560459695 ], [ 1.162055923855229, 42.608766537833681 ], [ 1.162116850620913, 42.608767515175344 ], [ 1.162177777389633, 42.608768492484593 ], [ 1.162238704161386, 42.608769469761462 ], [ 1.162299630936173, 42.608770447005952 ], [ 1.162360557713994, 42.608771424218091 ], [ 1.162421484494848, 42.608772401397822 ], [ 1.162482411278737, 42.608773378545166 ], [ 1.162543338065659, 42.608774355660138 ], [ 1.162604264855613, 42.608775332742738 ], [ 1.162665191648603, 42.60877630979293 ], [ 1.162726118444625, 42.608777286810756 ], [ 1.162787045243679, 42.608778263796218 ], [ 1.162847972045768, 42.608779240749286 ], [ 1.16290889885089, 42.60878021766996 ], [ 1.162969825659042, 42.608781194558262 ], [ 1.163030752470229, 42.608782171414191 ], [ 1.163091679284448, 42.608783148237741 ], [ 1.1631526061017, 42.608784125028905 ], [ 1.163213532921986, 42.608785101787674 ], [ 1.163274459745302, 42.608786078514086 ], [ 1.16333538657165, 42.608787055208083 ], [ 1.163396313401032, 42.608788031869743 ], [ 1.163457240233445, 42.608789008498995 ], [ 1.163518167068889, 42.608789985095882 ], [ 1.163579093907366, 42.608790961660368 ], [ 1.163640020748876, 42.608791938192503 ], [ 1.163700947593415, 42.608792914692209 ], [ 1.163761874440986, 42.608793891159578 ], [ 1.163822801291591, 42.608794867594547 ], [ 1.163883728145224, 42.608795843997143 ], [ 1.16394465500189, 42.608796820367331 ], [ 1.164005581861588, 42.608797796705176 ], [ 1.164066508724314, 42.608798773010612 ], [ 1.164127435590074, 42.608799749283676 ], [ 1.164188362458864, 42.608800725524375 ], [ 1.164249289330685, 42.608801701732666 ], [ 1.164310216205535, 42.608802677908606 ], [ 1.164371143083417, 42.608803654052139 ], [ 1.164432069964329, 42.608804630163306 ], [ 1.164492996848271, 42.608805606242072 ], [ 1.164553923735245, 42.608806582288473 ], [ 1.164614850625247, 42.608807558302487 ], [ 1.16467577751828, 42.608808534284115 ], [ 1.164736704414342, 42.608809510233399 ], [ 1.164797631313435, 42.608810486150261 ], [ 1.164858558215558, 42.608811462034758 ], [ 1.16491948512071, 42.608812437886854 ], [ 1.164980412028891, 42.608813413706592 ], [ 1.164981733037828, 42.608768408225473 ], [ 1.164983054043737, 42.608723402743948 ], [ 1.164984375046617, 42.608678397262054 ], [ 1.164985696046468, 42.60863339177974 ], [ 1.164987017043289, 42.608588386297072 ], [ 1.165047943735417, 42.608589362076785 ], [ 1.165108870430575, 42.608590337824097 ], [ 1.165169797128762, 42.608591313539051 ], [ 1.165230723829978, 42.608592289221626 ], [ 1.165291650534223, 42.608593264871814 ], [ 1.165352577241498, 42.608594240489623 ], [ 1.1654135039518, 42.608595216075031 ], [ 1.165474430665132, 42.608596191628088 ], [ 1.165535357382792, 42.608597167149348 ], [ 1.165596284103571, 42.60859814263825 ], [ 1.165597604659233, 42.608553137139907 ], [ 1.165598925211867, 42.608508131641173 ], [ 1.165600245761474, 42.608463126142063 ], [ 1.165601566308054, 42.608418120642554 ], [ 1.165602886851603, 42.608373115142669 ], [ 1.165663813356335, 42.608374090591553 ], [ 1.165724739864096, 42.608375066008044 ], [ 1.165785666374884, 42.608376041392177 ], [ 1.165846592888703, 42.608377016743916 ], [ 1.165907519405547, 42.608377992063289 ], [ 1.165908839726995, 42.608332986555375 ], [ 1.165910160045416, 42.608287981047063 ], [ 1.16591148036081, 42.608242975538346 ], [ 1.165912800673176, 42.608197970029259 ], [ 1.165914120982515, 42.608152964519775 ], [ 1.165975047283315, 42.608153939799109 ], [ 1.166035973587143, 42.608154915046072 ], [ 1.166096899893997, 42.608155890260647 ], [ 1.16615782620388, 42.608156865442865 ], [ 1.166218752516791, 42.608157840592668 ], [ 1.166220072604032, 42.608112835075175 ], [ 1.166221392688245, 42.608067829557278 ], [ 1.16622271276943, 42.608022824038962 ], [ 1.16622403284759, 42.607977818520276 ], [ 1.166225352922722, 42.607932813001199 ], [ 1.16628627901959, 42.607933788111026 ], [ 1.166347205119483, 42.607934763188446 ], [ 1.166408131222406, 42.607935738233479 ], [ 1.166469057328352, 42.607936713246133 ], [ 1.166529983437328, 42.607937688226436 ], [ 1.166531303290364, 42.60789268269933 ], [ 1.166532623140375, 42.607847677171833 ], [ 1.16653394298736, 42.607802671643938 ], [ 1.166535262831315, 42.607757666115688 ], [ 1.166536582672246, 42.607712660587026 ], [ 1.166597508565179, 42.60771363552729 ], [ 1.166658434461141, 42.607714610435167 ], [ 1.166719360360128, 42.607715585310672 ], [ 1.166780286262141, 42.607716560153797 ], [ 1.16684121216718, 42.60771753496455 ], [ 1.166839892545317, 42.607762540500836 ], [ 1.166838572920427, 42.607807546036746 ], [ 1.166837253292512, 42.607852551572265 ], [ 1.166835933661569, 42.607897557107407 ], [ 1.166834614027602, 42.60794256264213 ], [ 1.166833294390608, 42.607987568176505 ], [ 1.166831974750588, 42.608032573710425 ], [ 1.166830655107543, 42.608077579244004 ], [ 1.166829335461471, 42.608122584777185 ], [ 1.166828015812373, 42.608167590309961 ], [ 1.16682669616025, 42.608212595842367 ], [ 1.166825376505101, 42.608257601374383 ], [ 1.166824056846925, 42.608302606906008 ], [ 1.166822737185724, 42.60834761243725 ], [ 1.166821417521497, 42.608392617968065 ], [ 1.166882344086773, 42.608393592769339 ], [ 1.166943270655076, 42.608394567538255 ], [ 1.167004197226407, 42.608395542274735 ], [ 1.167065123800762, 42.608396516978893 ], [ 1.167126050378145, 42.608397491650635 ], [ 1.167127369823297, 42.608352486112182 ], [ 1.167128689265426, 42.608307480573281 ], [ 1.167130008704528, 42.608262475034024 ], [ 1.167131328140603, 42.608217469494406 ], [ 1.167132647573656, 42.608172463954347 ], [ 1.16719357393499, 42.608173438586078 ], [ 1.167254500299349, 42.608174413185445 ], [ 1.167315426666736, 42.608175387752404 ], [ 1.167376353037145, 42.608176362287004 ], [ 1.167437279410581, 42.608177336789225 ], [ 1.167438598621536, 42.608132331241151 ], [ 1.167439917829465, 42.608087325692701 ], [ 1.167441237034368, 42.608042320143895 ], [ 1.167442556236247, 42.607997314594648 ], [ 1.167443875435102, 42.607952309045032 ], [ 1.167445194630931, 42.607907303495018 ], [ 1.167446513823735, 42.607862297944642 ], [ 1.167447833013514, 42.607817292393825 ], [ 1.167449152200269, 42.607772286842675 ], [ 1.167450471383998, 42.607727281291083 ], [ 1.167511397322321, 42.607728255745663 ], [ 1.167572323263667, 42.607729230167841 ], [ 1.167633249208039, 42.607730204557669 ], [ 1.167694175155435, 42.607731178915088 ], [ 1.167755101105857, 42.607732153240107 ], [ 1.167756420067494, 42.607687147680537 ], [ 1.167757739026109, 42.607642142120568 ], [ 1.167759057981697, 42.607597136560194 ], [ 1.167760376934261, 42.607552130999444 ] ], [ [ 1.16041090232901, 42.608740137369516 ], [ 1.160409578030808, 42.60878514273552 ], [ 1.16040825372957, 42.608830148101184 ], [ 1.160406929425294, 42.608875153466386 ], [ 1.160405605117981, 42.608920158831232 ], [ 1.160404280807632, 42.608965164195681 ], [ 1.160343353907862, 42.60896418593974 ], [ 1.16028242701113, 42.608963207651399 ], [ 1.160221500117435, 42.608962229330693 ], [ 1.160160573226777, 42.608961250977579 ], [ 1.160099646339156, 42.608960272592086 ], [ 1.160038719454573, 42.608959294174241 ], [ 1.159977792573027, 42.608958315723989 ], [ 1.159916865694518, 42.608957337241357 ], [ 1.159855938819048, 42.608956358726338 ], [ 1.159795011946617, 42.608955380178955 ], [ 1.15979633669513, 42.608910374829826 ], [ 1.159797661440606, 42.608865369480291 ], [ 1.159798986183045, 42.608820364130366 ], [ 1.159800310922446, 42.608775358780065 ], [ 1.159801635658809, 42.608730353429387 ], [ 1.15986256231216, 42.608731331969089 ], [ 1.15992348896855, 42.608732310476434 ], [ 1.159984415627976, 42.60873328895142 ], [ 1.160045342290441, 42.608734267393984 ], [ 1.160106268955942, 42.608735245804198 ], [ 1.160167195624481, 42.60873622418201 ], [ 1.160228122296058, 42.608737202527479 ], [ 1.160289048970672, 42.608738180840547 ], [ 1.160349975648322, 42.608739159121214 ], [ 1.16041090232901, 42.608740137369516 ] ] ] } },
{ "type": "Feature", "properties": { "GRID_CODE": 2, "CODI_FINAL": "922500024", "MUNICIPI": "Alins", "DATA_INCEN": "21/03/92" }, "geometry": { "type": "Polygon", "coordinates": [ [ [ 1.269771778230244, 42.554696548980999 ], [ 1.269710900516324, 42.554695629824444 ], [ 1.269650022805253, 42.554694710635566 ], [ 1.269589145097034, 42.554693791414337 ], [ 1.269528267391662, 42.554692872160814 ], [ 1.269467389689143, 42.554691952874947 ], [ 1.269468633119272, 42.554646944409775 ], [ 1.26946987654655, 42.554601935944227 ], [ 1.26947111997098, 42.554556927478252 ], [ 1.269472363392559, 42.554511919011937 ], [ 1.269473606811288, 42.55446691054523 ], [ 1.269412729330142, 42.554465991234245 ], [ 1.269351851851845, 42.554465071890917 ], [ 1.269290974376398, 42.554464152515287 ], [ 1.269230096903803, 42.554463233107327 ], [ 1.269169219434058, 42.554462313667031 ], [ 1.269108341967164, 42.554461394194426 ], [ 1.269047464503121, 42.554460474689485 ], [ 1.268986587041929, 42.554459555152221 ], [ 1.268925709583587, 42.554458635582627 ], [ 1.268864832128098, 42.554457715980725 ], [ 1.268866075981019, 42.55441270752803 ], [ 1.268867319831091, 42.554367699074952 ], [ 1.268868563678312, 42.554322690621483 ], [ 1.26886980752268, 42.554277682167609 ], [ 1.268871051364199, 42.5542326737134 ], [ 1.268931928601169, 42.554233593308105 ], [ 1.268992805840989, 42.554234512870487 ], [ 1.269053683083661, 42.554235432400546 ], [ 1.269114560329185, 42.554236351898261 ], [ 1.269175437577558, 42.554237271363689 ], [ 1.269236314828784, 42.554238190796767 ], [ 1.269297192082858, 42.554239110197528 ], [ 1.269358069339782, 42.55424002956596 ], [ 1.269418946599559, 42.554240948902077 ], [ 1.269479823862186, 42.55424186820585 ], [ 1.269540701127662, 42.554242787477321 ], [ 1.269601578395988, 42.554243706716449 ], [ 1.269662455667164, 42.554244625923253 ], [ 1.269723332941191, 42.554245545097729 ], [ 1.269784210218068, 42.554246464239881 ], [ 1.269785453401177, 42.554201455763639 ], [ 1.269786696581436, 42.554156447287042 ], [ 1.269787939758849, 42.554111438810033 ], [ 1.269789182933412, 42.554066430332632 ], [ 1.269790426105124, 42.554021421854863 ], [ 1.269791669273987, 42.553976413376702 ], [ 1.269792912440002, 42.553931404898151 ], [ 1.269794155603167, 42.553886396419209 ], [ 1.269795398763481, 42.553841387939883 ], [ 1.269796641920948, 42.553796379460195 ], [ 1.269857518763639, 42.553797298555637 ], [ 1.26991839560918, 42.553798217618727 ], [ 1.26997927245757, 42.553799136649488 ], [ 1.270040149308809, 42.553800055647947 ], [ 1.270101026162898, 42.553800974614092 ], [ 1.270161903019835, 42.55380189354787 ], [ 1.270222779879622, 42.553802812449341 ], [ 1.270283656742258, 42.553803731318517 ], [ 1.270344533607743, 42.55380465015535 ], [ 1.270405410476075, 42.553805568959859 ], [ 1.270466287347257, 42.553806487732032 ], [ 1.270527164221288, 42.553807406471869 ], [ 1.270588041098167, 42.553808325179411 ], [ 1.270648917977893, 42.553809243854623 ], [ 1.270709794860469, 42.553810162497498 ], [ 1.270708552358549, 42.553855170998823 ], [ 1.270707309853781, 42.55390017949972 ], [ 1.270706067346164, 42.553945188000256 ], [ 1.2707048248357, 42.553990196500408 ], [ 1.270703582322388, 42.554035205000162 ], [ 1.270764459426328, 42.554036123617927 ], [ 1.270825336533115, 42.554037042203348 ], [ 1.270886213642751, 42.554037960756446 ], [ 1.270947090755234, 42.554038879277222 ], [ 1.271007967870566, 42.554039797765689 ], [ 1.271068844988745, 42.55404071622182 ], [ 1.271129722109771, 42.554041634645628 ], [ 1.271190599233646, 42.554042553037092 ], [ 1.271251476360367, 42.554043471396263 ], [ 1.271312353489935, 42.554044389723067 ], [ 1.271313595566211, 42.553999381208925 ], [ 1.271314837639641, 42.553954372694392 ], [ 1.271316079710225, 42.553909364179454 ], [ 1.27131732177796, 42.553864355664125 ], [ 1.271318563842849, 42.553819347148448 ], [ 1.271319805904891, 42.553774338632351 ], [ 1.271321047964086, 42.553729330115885 ], [ 1.271322290020435, 42.553684321599022 ], [ 1.271323532073937, 42.553639313081788 ], [ 1.271324774124592, 42.553594304564164 ], [ 1.271263897432055, 42.553593386251727 ], [ 1.271203020742365, 42.553592467906967 ], [ 1.271142144055523, 42.553591549529884 ], [ 1.271081267371527, 42.553590631120464 ], [ 1.271020390690379, 42.553589712678729 ], [ 1.270959514012079, 42.553588794204678 ], [ 1.270898637336626, 42.553587875698291 ], [ 1.27083776066402, 42.553586957159581 ], [ 1.270776883994263, 42.553586038588534 ], [ 1.270716007327354, 42.553585119985179 ], [ 1.270655130663292, 42.553584201349516 ], [ 1.27059425400208, 42.553583282681508 ], [ 1.270533377343715, 42.553582363981157 ], [ 1.270472500688197, 42.553581445248518 ], [ 1.27041162403553, 42.553580526483522 ], [ 1.270350747385711, 42.553579607686224 ], [ 1.270289870738741, 42.553578688856589 ], [ 1.270228994094619, 42.553577769994632 ], [ 1.270168117453345, 42.553576851100374 ], [ 1.270107240814922, 42.553575932173757 ], [ 1.270108483736779, 42.553530923684534 ], [ 1.270109726655787, 42.553485915194926 ], [ 1.270110969571949, 42.553440906704935 ], [ 1.270112212485261, 42.553395898214575 ], [ 1.270113455395723, 42.553350889723809 ], [ 1.270174331815637, 42.5533518086432 ], [ 1.270235208238399, 42.553352727530275 ], [ 1.270296084664009, 42.553353646385034 ], [ 1.270356961092468, 42.553354565207471 ], [ 1.270417837523777, 42.553355483997564 ], [ 1.270419080212882, 42.55331047549921 ], [ 1.270420322899138, 42.553265467000493 ], [ 1.270421565582545, 42.553220458501364 ], [ 1.270422808263105, 42.553175450001859 ], [ 1.270424050940817, 42.553130441501949 ], [ 1.270363174728018, 42.553129522719061 ], [ 1.270302298518067, 42.553128603903829 ], [ 1.270241422310966, 42.553127685056268 ], [ 1.270180546106712, 42.553126766176383 ], [ 1.270119669905307, 42.553125847264191 ], [ 1.270120912798679, 42.553080838771109 ], [ 1.2701221556892, 42.553035830277629 ], [ 1.270123398576873, 42.552990821783787 ], [ 1.270124641461697, 42.552945813289554 ], [ 1.270125884343674, 42.552900804794923 ], [ 1.270186760326573, 42.552901723699939 ], [ 1.270247636312319, 42.552902642572619 ], [ 1.270308512300915, 42.552903561412975 ], [ 1.270369388292359, 42.552904480220995 ], [ 1.270430264286652, 42.552905398996707 ], [ 1.270491140283794, 42.552906317740081 ], [ 1.270552016283784, 42.552907236451148 ], [ 1.270612892286622, 42.552908155129884 ], [ 1.270673768292308, 42.552909073776284 ], [ 1.270734644300844, 42.552909992390376 ], [ 1.270795520312226, 42.552910910972152 ], [ 1.270856396326456, 42.552911829521584 ], [ 1.270917272343533, 42.552912748038693 ], [ 1.27097814836346, 42.552913666523501 ], [ 1.271039024386233, 42.552914584975973 ], [ 1.271040266609844, 42.552869576459351 ], [ 1.27104150883061, 42.552824567942373 ], [ 1.271042751048528, 42.552779559424991 ], [ 1.2710439932636, 42.552734550907225 ], [ 1.271045235475824, 42.552689542389089 ], [ 1.27110611128294, 42.552690460802054 ], [ 1.271166987092904, 42.552691379182654 ], [ 1.271227862905714, 42.55269229753096 ], [ 1.271288738721373, 42.552693215846929 ], [ 1.271349614539878, 42.552694134130583 ], [ 1.271350856530751, 42.552649125604866 ], [ 1.271352098518778, 42.552604117078751 ], [ 1.27135334050396, 42.552559108552252 ], [ 1.271354582486294, 42.552514100025356 ], [ 1.271355824465781, 42.552469091498097 ], [ 1.271357066442421, 42.552424082970433 ], [ 1.271358308416216, 42.552379074442385 ], [ 1.271359550387163, 42.552334065913968 ], [ 1.271360792355266, 42.552289057385153 ], [ 1.27136203432052, 42.552244048855961 ], [ 1.271301158939016, 42.552243130586703 ], [ 1.27124028356036, 42.552242212285087 ], [ 1.27117940818455, 42.552241293951177 ], [ 1.271118532811587, 42.552240375584972 ], [ 1.27105765744147, 42.55223945718641 ], [ 1.270996782074203, 42.552238538755532 ], [ 1.270935906709782, 42.552237620292317 ], [ 1.270875031348207, 42.552236701796794 ], [ 1.270814155989483, 42.552235783268941 ], [ 1.270753280633604, 42.552234864708801 ], [ 1.270692405280575, 42.552233946116289 ], [ 1.270631529930393, 42.552233027491468 ], [ 1.27057065458306, 42.552232108834332 ], [ 1.270509779238572, 42.55223119014488 ], [ 1.270448903896936, 42.552230271423063 ], [ 1.270388028558145, 42.552229352668981 ], [ 1.270327153222204, 42.55222843388254 ], [ 1.270266277889112, 42.552227515063791 ], [ 1.270205402558869, 42.552226596212691 ], [ 1.270144527231473, 42.552225677329282 ], [ 1.270083651906926, 42.552224758413587 ], [ 1.270022776585231, 42.552223839465519 ], [ 1.269961901266381, 42.552222920485171 ], [ 1.269901025950382, 42.552222001472479 ], [ 1.269840150637231, 42.552221082427465 ], [ 1.269841393692127, 42.552176073933857 ], [ 1.269842636744173, 42.55213106543988 ], [ 1.269843879793369, 42.552086056945519 ], [ 1.269845122839718, 42.552041048450754 ], [ 1.269846365883215, 42.551996039955625 ], [ 1.269785490791411, 42.551995120885479 ], [ 1.269724615702456, 42.551994201783046 ], [ 1.269663740616349, 42.551993282648262 ], [ 1.269602865533093, 42.551992363481155 ], [ 1.269541990452686, 42.551991444281697 ], [ 1.26954323371183, 42.55194643579339 ], [ 1.269544476968125, 42.551901427304678 ], [ 1.26954572022157, 42.551856418815582 ], [ 1.269546963472165, 42.551811410326117 ], [ 1.269548206719911, 42.551766401836254 ], [ 1.269487331860847, 42.551765482611728 ], [ 1.269426457004634, 42.551764563354837 ], [ 1.269365582151269, 42.551763644065616 ], [ 1.269304707300755, 42.55176272474413 ], [ 1.269243832453093, 42.551761805390278 ], [ 1.269182957608278, 42.551760886004125 ], [ 1.269122082766315, 42.551759966585642 ], [ 1.269061207927203, 42.551759047134837 ], [ 1.269000333090941, 42.551758127651716 ], [ 1.26893945825753, 42.551757208136259 ], [ 1.268878583426968, 42.551756288588486 ], [ 1.268817708599258, 42.55175536900839 ], [ 1.268756833774399, 42.551754449395979 ], [ 1.268695958952392, 42.551753529751231 ], [ 1.268635084133236, 42.551752610074168 ], [ 1.268574209316931, 42.551751690364782 ], [ 1.268513334503477, 42.551750770623066 ], [ 1.268452459692874, 42.551749850849035 ], [ 1.268391584885123, 42.55174893104271 ], [ 1.268330710080223, 42.551748011204019 ], [ 1.268331954199084, 42.551703002742592 ], [ 1.268333198315094, 42.551657994280781 ], [ 1.268334442428254, 42.551612985818551 ], [ 1.268335686538561, 42.55156797735598 ], [ 1.268336930646016, 42.551522968893025 ], [ 1.268276056062458, 42.551522049029224 ], [ 1.268215181481753, 42.551521129133121 ], [ 1.268154306903898, 42.551520209204696 ], [ 1.268093432328898, 42.551519289243942 ], [ 1.268032557756748, 42.551518369250829 ], [ 1.26797168318745, 42.551517449225464 ], [ 1.267910808621003, 42.551516529167735 ], [ 1.267849934057411, 42.551515609077683 ], [ 1.267789059496671, 42.551514688955322 ], [ 1.267728184938783, 42.551513768800646 ], [ 1.267667310383748, 42.551512848613626 ], [ 1.267606435831566, 42.551511928394298 ], [ 1.267545561282237, 42.551511008142654 ], [ 1.26748468673576, 42.551510087858667 ], [ 1.267423812192137, 42.551509167542356 ], [ 1.267362937651367, 42.551508247193766 ], [ 1.267302063113451, 42.551507326812796 ], [ 1.267241188578388, 42.55150640639954 ], [ 1.267180314046177, 42.551505485953967 ], [ 1.26711943951682, 42.551504565476044 ], [ 1.267058564990318, 42.551503644965813 ], [ 1.266997690466669, 42.551502724423266 ], [ 1.266936815945876, 42.551501803848396 ], [ 1.266875941427936, 42.551500883241175 ], [ 1.266815066912848, 42.551499962601689 ], [ 1.266813821712951, 42.551544971028598 ], [ 1.2668125765102, 42.551589979455123 ], [ 1.266811331304593, 42.551634987881265 ], [ 1.266810086096134, 42.551679996307016 ], [ 1.26680884088482, 42.551725004732411 ], [ 1.266747966154098, 42.55172408405334 ], [ 1.266687091426232, 42.551723163341983 ], [ 1.266626216701219, 42.551722242598281 ], [ 1.266565341979061, 42.551721321822249 ], [ 1.266504467259758, 42.55172040101391 ], [ 1.2665032218271, 42.551765409431688 ], [ 1.266501976391587, 42.551810417849083 ], [ 1.26650073095322, 42.55185542626608 ], [ 1.266499485512, 42.551900434682665 ], [ 1.266498240067923, 42.551945443098916 ], [ 1.266437365132983, 42.551944522251027 ], [ 1.266376490200897, 42.551943601370844 ], [ 1.266315615271669, 42.551942680458303 ], [ 1.266254740345293, 42.551941759513461 ], [ 1.266193865421774, 42.551940838536289 ], [ 1.26613299050111, 42.551939917526788 ], [ 1.266072115583302, 42.551938996484971 ], [ 1.266011240668348, 42.551938075410831 ], [ 1.26595036575625, 42.551937154304376 ], [ 1.265889490847008, 42.551936233165584 ], [ 1.265828615940622, 42.55193531199447 ], [ 1.265767741037092, 42.551934390791068 ], [ 1.265706866136417, 42.551933469555301 ], [ 1.265645991238599, 42.551932548287226 ], [ 1.265585116343637, 42.551931626986836 ], [ 1.265583870241229, 42.551976635381017 ], [ 1.265582624135965, 42.552021643774843 ], [ 1.265581378027845, 42.552066652168257 ], [ 1.265580131916868, 42.552111660561273 ], [ 1.265578885803035, 42.552156668953934 ], [ 1.265577639686348, 42.552201677346197 ], [ 1.265576393566803, 42.552246685738076 ], [ 1.265575147444402, 42.552291694129572 ], [ 1.265573901319146, 42.552336702520662 ], [ 1.265572655191033, 42.552381710911398 ], [ 1.265511779861938, 42.552380789564225 ], [ 1.265450904535701, 42.552379868184744 ], [ 1.265390029212319, 42.552378946772947 ], [ 1.265329153891793, 42.552378025328835 ], [ 1.265268278574126, 42.552377103852386 ], [ 1.26526703222466, 42.552422112235483 ], [ 1.265265785872337, 42.552467120618225 ], [ 1.265264539517158, 42.552512129000554 ], [ 1.265263293159122, 42.552557137382522 ], [ 1.26526204679823, 42.552602145764077 ], [ 1.26526080043448, 42.552647154145241 ], [ 1.265259554067875, 42.552692162526057 ], [ 1.265258307698412, 42.552737170906482 ], [ 1.265257061326093, 42.552782179286496 ], [ 1.265255814950917, 42.552827187666146 ], [ 1.26519493919911, 42.552826266142908 ], [ 1.265134063450155, 42.55282534458739 ], [ 1.265073187704059, 42.552824422999521 ], [ 1.265012311960821, 42.552823501379351 ], [ 1.26495143622044, 42.552822579726836 ], [ 1.264950189623906, 42.552867588098849 ], [ 1.264948943024514, 42.552912596470534 ], [ 1.264947696422265, 42.552957604841772 ], [ 1.264946449817159, 42.553002613212641 ], [ 1.264945203209197, 42.55304762158314 ], [ 1.264943956598376, 42.553092629953255 ], [ 1.264942709984698, 42.553137638322966 ], [ 1.264941463368164, 42.553182646692271 ], [ 1.264940216748771, 42.553227655061249 ], [ 1.264938970126521, 42.553272663429794 ], [ 1.264878093951989, 42.553271741730526 ], [ 1.264817217780317, 42.553270819998914 ], [ 1.2647563416115, 42.553269898235001 ], [ 1.264695465445542, 42.553268976438751 ], [ 1.264634589282441, 42.553268054610186 ], [ 1.264633342438828, 42.553313062971121 ], [ 1.264632095592357, 42.553358071331701 ], [ 1.264630848743028, 42.553403079691869 ], [ 1.264629601890842, 42.553448088051653 ], [ 1.264628355035797, 42.553493096411067 ], [ 1.264627108177895, 42.553538104770077 ], [ 1.264625861317135, 42.55358311312871 ], [ 1.264624614453516, 42.553628121486973 ], [ 1.264623367587041, 42.553673129844839 ], [ 1.264622120717707, 42.553718138202306 ], [ 1.264620873845515, 42.553763146559398 ], [ 1.264619626970466, 42.553808154916119 ], [ 1.264618380092559, 42.553853163272443 ], [ 1.264617133211793, 42.553898171628369 ], [ 1.264615886328171, 42.553943179983889 ], [ 1.264614639441691, 42.553988188339062 ], [ 1.264613392552351, 42.554033196693858 ], [ 1.264612145660155, 42.554078205048206 ], [ 1.264610898765101, 42.554123213402214 ], [ 1.264609651867189, 42.554168221755837 ], [ 1.264548774832901, 42.554167299866052 ], [ 1.264487897801472, 42.554166377943957 ], [ 1.264427020772898, 42.554165455989526 ], [ 1.264366143747187, 42.554164534002744 ], [ 1.264305266724332, 42.554163611983647 ], [ 1.264304019605047, 42.554208620329668 ], [ 1.264302772482901, 42.554253628675305 ], [ 1.264301525357897, 42.55429863702053 ], [ 1.264300278230036, 42.554343645365357 ], [ 1.264299031099313, 42.554388653709836 ], [ 1.264238153860801, 42.55438773165119 ], [ 1.264177276625147, 42.554386809560242 ], [ 1.264116399392351, 42.554385887436943 ], [ 1.264055522162416, 42.554384965281329 ], [ 1.263994644935339, 42.554384043093378 ], [ 1.263933767711121, 42.554383120873133 ], [ 1.263872890489763, 42.554382198620516 ], [ 1.263812013271263, 42.554381276335633 ], [ 1.263751136055625, 42.554380354018384 ], [ 1.263690258842845, 42.554379431668828 ], [ 1.263689011272227, 42.554424439998442 ], [ 1.263687763698752, 42.554469448327701 ], [ 1.263686516122416, 42.554514456656534 ], [ 1.263685268543222, 42.554559464985005 ], [ 1.263684020961167, 42.554604473313105 ], [ 1.263623143532727, 42.554603550923993 ], [ 1.263562266107148, 42.554602628502536 ], [ 1.263501388684427, 42.554601706048771 ], [ 1.263440511264567, 42.554600783562684 ], [ 1.263379633847568, 42.55459986104426 ], [ 1.263378386044133, 42.554644869364722 ], [ 1.263377138237838, 42.554689877684815 ], [ 1.263375890428682, 42.554734886004503 ], [ 1.263374642616668, 42.554779894323815 ], [ 1.263373394801793, 42.554824902642729 ], [ 1.263372146984058, 42.554869910961266 ], [ 1.263370899163463, 42.55491491927944 ], [ 1.263369651340009, 42.554959927597181 ], [ 1.263368403513694, 42.55500493591456 ], [ 1.263367155684518, 42.555049944231563 ], [ 1.263365907852482, 42.555094952548167 ], [ 1.263364660017587, 42.555139960864402 ], [ 1.263363412179832, 42.555184969180218 ], [ 1.263362164339216, 42.555229977495664 ], [ 1.263360916495741, 42.555274985810726 ], [ 1.263421794568313, 42.555275908350815 ], [ 1.263482672643747, 42.555276830858595 ], [ 1.26354355072204, 42.555277753334074 ], [ 1.263604428803194, 42.555278675777174 ], [ 1.263665306887207, 42.55527959818798 ], [ 1.263664059259399, 42.555324606509878 ], [ 1.263662811628733, 42.55536961483142 ], [ 1.263661563995206, 42.555414623152537 ], [ 1.26366031635882, 42.55545963147329 ], [ 1.263659068719574, 42.555504639793654 ], [ 1.263657821077469, 42.555549648113626 ], [ 1.263656573432503, 42.555594656433215 ], [ 1.263655325784679, 42.55563966475242 ], [ 1.263654078133994, 42.555684673071227 ], [ 1.263652830480451, 42.55572968138965 ], [ 1.263591951959376, 42.555728758964399 ], [ 1.263531073441159, 42.555727836506833 ], [ 1.263470194925806, 42.555726914016915 ], [ 1.263409316413312, 42.555725991494683 ], [ 1.263348437903678, 42.55572506894012 ], [ 1.263287559396903, 42.555724146353221 ], [ 1.263226680892991, 42.555723223734006 ], [ 1.263165802391938, 42.555722301082483 ], [ 1.263104923893746, 42.555721378398616 ], [ 1.263044045398414, 42.555720455682426 ], [ 1.262983166905946, 42.555719532933892 ], [ 1.262922288416335, 42.555718610153043 ], [ 1.262861409929589, 42.555717687339872 ], [ 1.262800531445702, 42.555716764494385 ], [ 1.262739652964677, 42.555715841616554 ], [ 1.262740901273819, 42.555670833319816 ], [ 1.2627421495801, 42.55562582502268 ], [ 1.26274339788352, 42.555580816725183 ], [ 1.26274464618408, 42.555535808427251 ], [ 1.262745894481778, 42.555490800128972 ], [ 1.262747142776615, 42.555445791830302 ], [ 1.262748391068588, 42.555400783531269 ], [ 1.262749639357705, 42.555355775231803 ], [ 1.262750887643956, 42.555310766931967 ], [ 1.26275213592735, 42.555265758631755 ], [ 1.26275338420788, 42.555220750331166 ], [ 1.262754632485551, 42.55517574203018 ], [ 1.262755880760359, 42.555130733728788 ], [ 1.262757129032307, 42.55508572542702 ], [ 1.262758377301394, 42.555040717124875 ], [ 1.262759625567619, 42.554995708822368 ], [ 1.262760873830984, 42.554950700519441 ], [ 1.262762122091487, 42.55490569221611 ], [ 1.262763370349129, 42.554860683912459 ], [ 1.26276461860391, 42.55481567560836 ], [ 1.262825496210824, 42.554816598457272 ], [ 1.262886373820601, 42.55481752127384 ], [ 1.262947251433237, 42.554818444058093 ], [ 1.263008129048733, 42.554819366810037 ], [ 1.263069006667092, 42.55482028952963 ], [ 1.263070254700489, 42.554775281217943 ], [ 1.263071502731028, 42.55473027290585 ], [ 1.263072750758703, 42.554685264593388 ], [ 1.263073998783519, 42.554640256280535 ], [ 1.263075246805476, 42.554595247967285 ], [ 1.26307649482457, 42.554550239653665 ], [ 1.263077742840806, 42.554505231339647 ], [ 1.263078990854179, 42.554460223025266 ], [ 1.263080238864694, 42.554415214710467 ], [ 1.263081486872347, 42.554370206395312 ], [ 1.263142364056525, 42.554371129068144 ], [ 1.263203241243564, 42.554372051708604 ], [ 1.263264118433462, 42.554372974316784 ], [ 1.263324995626222, 42.554373896892628 ], [ 1.263385872821843, 42.554374819436127 ], [ 1.263387120608118, 42.554329811113341 ], [ 1.263388368391533, 42.5542848027902 ], [ 1.263389616172088, 42.554239794466611 ], [ 1.263390863949783, 42.554194786142695 ], [ 1.263392111724619, 42.55414977781836 ], [ 1.263393359496594, 42.554104769493669 ], [ 1.263394607265709, 42.554059761168546 ], [ 1.263395855031964, 42.554014752843059 ], [ 1.263397102795359, 42.553969744517204 ], [ 1.263398350555896, 42.55392473619095 ], [ 1.263459227317345, 42.553925658687675 ], [ 1.263520104081654, 42.553926581152076 ], [ 1.263580980848823, 42.553927503584156 ], [ 1.263641857618852, 42.553928425983926 ], [ 1.26370273439174, 42.553929348351353 ], [ 1.263703981930903, 42.553884340017476 ], [ 1.263705229467206, 42.553839331683214 ], [ 1.263706477000651, 42.55379432334859 ], [ 1.263707724531235, 42.553749315013548 ], [ 1.263708972058961, 42.553704306678149 ], [ 1.263710219583827, 42.553659298342346 ], [ 1.263711467105834, 42.553614290006159 ], [ 1.263712714624983, 42.55356928166956 ], [ 1.263713962141269, 42.553524273332641 ], [ 1.263715209654698, 42.553479264995275 ], [ 1.263716457165268, 42.553434256657539 ], [ 1.263717704672979, 42.553389248319419 ], [ 1.26371895217783, 42.553344239980923 ], [ 1.263720199679822, 42.553299231642036 ], [ 1.263721447178954, 42.553254223302766 ], [ 1.263722694675226, 42.553209214963104 ], [ 1.26372394216864, 42.553164206623052 ], [ 1.263725189659196, 42.553119198282609 ], [ 1.263726437146892, 42.55307418994181 ], [ 1.263727684631727, 42.553029181600593 ], [ 1.263728932113704, 42.552984173259013 ], [ 1.263730179592822, 42.552939164917042 ], [ 1.26373142706908, 42.552894156574681 ], [ 1.26373267454248, 42.552849148231928 ], [ 1.26373392201302, 42.552804139888778 ], [ 1.263735169480702, 42.552759131545258 ], [ 1.263736416945522, 42.552714123201369 ], [ 1.263737664407485, 42.552669114857075 ], [ 1.263738911866588, 42.552624106512397 ], [ 1.263740159322832, 42.552579098167321 ], [ 1.263741406776218, 42.552534089821833 ], [ 1.263742654226743, 42.55248908147604 ], [ 1.26374390167441, 42.552444073129813 ], [ 1.263745149119217, 42.552399064783202 ], [ 1.263746396561166, 42.552354056436208 ], [ 1.263685521317809, 42.552353134119357 ], [ 1.263624646077313, 42.55235221177022 ], [ 1.263563770839673, 42.552351289388717 ], [ 1.263502895604897, 42.552350366974892 ], [ 1.263442020372977, 42.552349444528772 ], [ 1.263443268030563, 42.552304436188606 ], [ 1.263444515685289, 42.552259427848057 ], [ 1.263445763337154, 42.552214419507145 ], [ 1.263447010986161, 42.552169411165842 ], [ 1.263448258632307, 42.552124402824141 ], [ 1.263387383621743, 42.552123480352911 ], [ 1.263326508614038, 42.552122557849358 ], [ 1.263265633609193, 42.55212163531349 ], [ 1.263204758607209, 42.552120712745314 ], [ 1.263143883608086, 42.552119790144765 ], [ 1.263145131469865, 42.552074781809935 ], [ 1.263146379328786, 42.552029773474672 ], [ 1.263147627184845, 42.551984765139046 ], [ 1.263148875038045, 42.55193975680303 ], [ 1.263150122888384, 42.551894748466644 ], [ 1.263089248110612, 42.551893825841027 ], [ 1.2630283733357, 42.551892903183102 ], [ 1.262967498563649, 42.551891980492847 ], [ 1.26290662379446, 42.551891057770263 ], [ 1.26284574902813, 42.551890135015356 ], [ 1.26278487426466, 42.551889212228126 ], [ 1.262723999504052, 42.551888289408595 ], [ 1.262663124746307, 42.55188736655672 ], [ 1.26260224999142, 42.551886443672544 ], [ 1.262541375239395, 42.551885520756016 ], [ 1.262540126952076, 42.55193052907795 ], [ 1.262538878661894, 42.551975537399514 ], [ 1.262537630368851, 42.552020545720687 ], [ 1.262536382072947, 42.552065554041462 ], [ 1.262535133774183, 42.552110562361833 ], [ 1.262474258806529, 42.552109639405771 ], [ 1.262413383841734, 42.552108716417408 ], [ 1.262352508879804, 42.552107793396672 ], [ 1.262291633920733, 42.552106870343628 ], [ 1.262230758964525, 42.552105947258305 ], [ 1.262229510444407, 42.552150955571058 ], [ 1.262228261921427, 42.552195963883456 ], [ 1.262227013395584, 42.552240972195463 ], [ 1.262225764866881, 42.552285980507072 ], [ 1.262224516335317, 42.552330988818305 ], [ 1.262285391510019, 42.552331911910883 ], [ 1.262346266687583, 42.55233283497116 ], [ 1.262407141868009, 42.552333757999087 ], [ 1.262468017051296, 42.552334680994711 ], [ 1.262528892237443, 42.552335603958028 ], [ 1.262527643921512, 42.552380612276075 ], [ 1.26252639560272, 42.552425620593787 ], [ 1.262525147281065, 42.552470628911081 ], [ 1.262523898956551, 42.552515637228005 ], [ 1.262522650629177, 42.552560645544546 ], [ 1.262461775224531, 42.552559722574017 ], [ 1.262400899822749, 42.552558799571152 ], [ 1.262340024423826, 42.552557876535985 ], [ 1.262279149027766, 42.552556953468482 ], [ 1.262218273634568, 42.552556030368656 ], [ 1.262157398244232, 42.552555107236515 ], [ 1.262096522856759, 42.552554184072044 ], [ 1.262035647472146, 42.55255326087525 ], [ 1.261974772090398, 42.552552337646127 ], [ 1.261913896711509, 42.552551414384695 ], [ 1.261912647944276, 42.552596422686399 ], [ 1.261911399174184, 42.552641430987663 ], [ 1.261910150401228, 42.552686439288578 ], [ 1.261908901625408, 42.552731447589096 ], [ 1.261907652846727, 42.552776455889244 ], [ 1.261906404065185, 42.552821464188987 ], [ 1.261905155280779, 42.552866472488361 ], [ 1.261903906493513, 42.552911480787323 ], [ 1.261902657703382, 42.552956489085922 ], [ 1.261901408910391, 42.55300149738413 ], [ 1.261900160114536, 42.553046505681941 ], [ 1.26189891131582, 42.553091513979389 ], [ 1.261897662514242, 42.553136522276425 ], [ 1.261896413709802, 42.553181530573085 ], [ 1.261895164902499, 42.553226538869367 ], [ 1.261893916092334, 42.553271547165224 ], [ 1.261892667279305, 42.553316555460746 ], [ 1.261891418463416, 42.553361563755878 ], [ 1.261890169644663, 42.553406572050612 ], [ 1.26188892082305, 42.553451580344941 ], [ 1.261887671998573, 42.553496588638907 ], [ 1.261886423171234, 42.553541596932476 ], [ 1.261885174341032, 42.553586605225668 ], [ 1.261883925507968, 42.553631613518469 ], [ 1.261882676672042, 42.553676621810887 ], [ 1.261881427833253, 42.553721630102906 ], [ 1.261880178991604, 42.553766638394563 ], [ 1.261878930147091, 42.553811646685809 ], [ 1.261877681299715, 42.553856654976677 ], [ 1.261876432449476, 42.553901663267169 ], [ 1.261815555762425, 42.553900739929993 ], [ 1.261754679078235, 42.553899816560495 ], [ 1.261693802396908, 42.553898893158674 ], [ 1.261632925718444, 42.553897969724538 ], [ 1.261572049042842, 42.553897046258072 ], [ 1.261570799971229, 42.553942054540926 ], [ 1.261569550896754, 42.553987062823403 ], [ 1.261568301819415, 42.554032071105503 ], [ 1.261567052739216, 42.554077079387199 ], [ 1.261565803656149, 42.554122087668539 ], [ 1.261504926764899, 42.554121164162488 ], [ 1.261444049876511, 42.554120240624144 ], [ 1.261383172990987, 42.55411931705347 ], [ 1.261322296108326, 42.554118393450473 ], [ 1.261261419228529, 42.554117469815139 ], [ 1.261260169924086, 42.554162478088827 ], [ 1.261258920616782, 42.554207486362152 ], [ 1.261257671306613, 42.554252494635051 ], [ 1.261256421993581, 42.554297502907623 ], [ 1.261255172677686, 42.554342511179769 ], [ 1.261194295582236, 42.554341587504865 ], [ 1.261133418489651, 42.554340663797653 ], [ 1.261072541399929, 42.554339740058133 ], [ 1.261011664313072, 42.554338816286247 ], [ 1.260950787229079, 42.554337892482067 ], [ 1.260949537691803, 42.554382900746596 ], [ 1.260948288151663, 42.554427909010734 ], [ 1.26094703860866, 42.554472917274474 ], [ 1.26094578906279, 42.554517925537859 ], [ 1.260944539514059, 42.554562933800845 ], [ 1.260943289962462, 42.554607942063434 ], [ 1.260942040408004, 42.554652950325654 ], [ 1.26094079085068, 42.554697958587461 ], [ 1.260939541290493, 42.554742966848899 ], [ 1.260938291727441, 42.55478797510996 ], [ 1.260937042161524, 42.554832983370645 ], [ 1.260935792592746, 42.554877991630896 ], [ 1.260934543021101, 42.554922999890799 ], [ 1.260933293446593, 42.554968008150325 ], [ 1.260932043869221, 42.55501301640944 ], [ 1.260871166132531, 42.555012092551202 ], [ 1.260810288398706, 42.555011168660648 ], [ 1.260749410667745, 42.555010244737765 ], [ 1.260688532939648, 42.55500932078256 ], [ 1.260627655214417, 42.555008396795039 ], [ 1.260626405415655, 42.555053405046529 ], [ 1.260625155614031, 42.555098413297642 ], [ 1.260623905809541, 42.555143421548351 ], [ 1.260622656002187, 42.555188429798704 ], [ 1.260621406191969, 42.555233438048639 ], [ 1.260620156378885, 42.555278446298225 ], [ 1.260618906562937, 42.555323454547391 ], [ 1.260617656744124, 42.555368462796174 ], [ 1.260616406922447, 42.555413471044595 ], [ 1.260615157097905, 42.555458479292625 ], [ 1.260613907270498, 42.555503487540243 ], [ 1.260612657440227, 42.555548495787498 ], [ 1.260611407607091, 42.555593504034377 ], [ 1.26061015777109, 42.555638512280829 ], [ 1.260608907932225, 42.555683520526941 ], [ 1.26066978631304, 42.555684444536176 ], [ 1.26073066469672, 42.555685368513124 ], [ 1.260791543083265, 42.555686292457715 ], [ 1.260852421472674, 42.555687216369996 ], [ 1.260913299864948, 42.555688140249956 ], [ 1.260912050241749, 42.555733148502867 ], [ 1.260910800615687, 42.55577815675543 ], [ 1.260909550986761, 42.555823165007602 ], [ 1.260908301354968, 42.555868173259405 ], [ 1.260907051720314, 42.55591318151081 ], [ 1.260967930333984, 42.555914105365652 ], [ 1.26102880895052, 42.555915029188206 ], [ 1.26108968756992, 42.55591595297841 ], [ 1.261150566192184, 42.555916876736291 ], [ 1.261211444817312, 42.555917800461827 ], [ 1.261210195398326, 42.555962808720103 ], [ 1.261208945976477, 42.556007816977953 ], [ 1.261207696551766, 42.556052825235447 ], [ 1.26120644712419, 42.556097833492537 ], [ 1.26120519769375, 42.556142841749249 ], [ 1.261203948260447, 42.556187850005557 ], [ 1.261202698824279, 42.556232858261481 ], [ 1.261201449385248, 42.556277866517036 ], [ 1.261200199943353, 42.556322874772235 ], [ 1.261198950498593, 42.556367883026986 ], [ 1.261259829563661, 42.556368806734682 ], [ 1.26132070863159, 42.556369730410076 ], [ 1.261381587702383, 42.556370654053119 ], [ 1.261442466776039, 42.556371577663839 ], [ 1.261503345852561, 42.556372501242222 ], [ 1.261502096623477, 42.556417509503859 ], [ 1.261500847391532, 42.556462517765105 ], [ 1.261499598156722, 42.55650752602596 ], [ 1.261498348919049, 42.556552534286425 ], [ 1.261497099678513, 42.556597542546513 ], [ 1.261495850435114, 42.55664255080621 ], [ 1.261494601188851, 42.556687559065523 ], [ 1.261493351939725, 42.556732567324438 ], [ 1.261492102687735, 42.556777575582991 ], [ 1.261490853432882, 42.556822583841139 ], [ 1.26155173294935, 42.556823507401688 ], [ 1.261612612468682, 42.5568244309299 ], [ 1.261673491990877, 42.556825354425769 ], [ 1.261734371515935, 42.55682627788935 ], [ 1.261795251043858, 42.556827201320573 ], [ 1.261794002004686, 42.55687220958557 ], [ 1.261792752962652, 42.556917217850192 ], [ 1.261791503917754, 42.556962226114443 ], [ 1.261790254869994, 42.557007234378254 ], [ 1.261789005819372, 42.557052242641724 ], [ 1.261787756765885, 42.557097250904796 ], [ 1.261786507709536, 42.557142259167485 ], [ 1.261785258650324, 42.557187267429789 ], [ 1.26178400958825, 42.557232275691717 ], [ 1.261782760523312, 42.55727728395324 ], [ 1.261843640491191, 42.557278207366608 ], [ 1.261904520461933, 42.557279130747659 ], [ 1.261965400435539, 42.557280054096374 ], [ 1.262026280412008, 42.557280977412738 ], [ 1.26208716039134, 42.557281900696793 ], [ 1.262085911542089, 42.557326908965202 ], [ 1.262084662689976, 42.557371917233176 ], [ 1.262083413835, 42.557416925500775 ], [ 1.262082164977162, 42.557461933768032 ], [ 1.262080916116461, 42.557506942034834 ], [ 1.262079667252897, 42.55755195030131 ], [ 1.262078418386472, 42.557596958567352 ], [ 1.262077169517185, 42.557641966833039 ], [ 1.262075920645033, 42.557686975098314 ], [ 1.26207467177002, 42.557731983363212 ], [ 1.262073422892145, 42.55777699162774 ], [ 1.262072174011406, 42.557821999891864 ], [ 1.262070925127804, 42.557867008155625 ], [ 1.262069676241343, 42.557912016418982 ], [ 1.262068427352016, 42.557957024681969 ], [ 1.262067178459827, 42.55800203294455 ], [ 1.262065929564776, 42.558047041206756 ], [ 1.262064680666862, 42.558092049468563 ], [ 1.262063431766086, 42.558137057729994 ], [ 1.262062182862447, 42.558182065991048 ], [ 1.262060933955945, 42.558227074251711 ], [ 1.262059685046581, 42.558272082511955 ], [ 1.262058436134354, 42.558317090771865 ], [ 1.262057187219265, 42.558362099031363 ], [ 1.262055938301314, 42.558407107290456 ], [ 1.261995057229201, 42.558406183970249 ], [ 1.261934176159952, 42.558405260617668 ], [ 1.261873295093567, 42.558404337232787 ], [ 1.261812414030044, 42.558403413815562 ], [ 1.261751532969383, 42.558402490366014 ], [ 1.261750283830007, 42.558447498617504 ], [ 1.261749034687767, 42.558492506868618 ], [ 1.261747785542663, 42.558537515119347 ], [ 1.261746536394696, 42.558582523369672 ], [ 1.261745287243866, 42.558627531619614 ], [ 1.261744038090173, 42.558672539869178 ], [ 1.261742788933617, 42.558717548118359 ], [ 1.261741539774198, 42.558762556367142 ], [ 1.261740290611914, 42.558807564615549 ], [ 1.261739041446768, 42.558852572863572 ], [ 1.261799922944557, 42.558853496327586 ], [ 1.261860804445209, 42.558854419759292 ], [ 1.261921685948724, 42.558855343158633 ], [ 1.261982567455104, 42.558856266525673 ], [ 1.262043448964345, 42.558857189860369 ], [ 1.262042200014904, 42.558902198115227 ], [ 1.262040951062599, 42.558947206369723 ], [ 1.262039702107431, 42.558992214623814 ], [ 1.262038453149402, 42.559037222877542 ], [ 1.26203720418851, 42.559082231130844 ], [ 1.262035955224754, 42.559127239383798 ], [ 1.262034706258136, 42.55917224763634 ], [ 1.262033457288655, 42.559217255888512 ], [ 1.262032208316311, 42.559262264140273 ], [ 1.262030959341105, 42.559307272391671 ], [ 1.262029710363035, 42.559352280642685 ], [ 1.262028461382102, 42.559397288893315 ], [ 1.262027212398308, 42.559442297143541 ], [ 1.262025963411651, 42.559487305393382 ], [ 1.262024714422128, 42.559532313642855 ], [ 1.262085596589948, 42.559533236966921 ], [ 1.262146478760629, 42.559534160258664 ], [ 1.262207360934173, 42.559535083518071 ], [ 1.262268243110581, 42.559536006745148 ], [ 1.26232912528985, 42.559536929939917 ], [ 1.262327876516042, 42.559581938196217 ], [ 1.262326627739372, 42.559626946452148 ], [ 1.262325378959839, 42.559671954707675 ], [ 1.262324130177442, 42.559716962962852 ], [ 1.262322881392186, 42.559761971217611 ], [ 1.262383763792893, 42.559762894387255 ], [ 1.262444646196465, 42.559763817524598 ], [ 1.262505528602899, 42.559764740629575 ], [ 1.262566411012195, 42.559765663702223 ], [ 1.262627293424353, 42.559766586742576 ], [ 1.262626044854811, 42.559811595004163 ], [ 1.262624796282407, 42.559856603265388 ], [ 1.26262354770714, 42.559901611526243 ], [ 1.262622299129013, 42.5599466197867 ], [ 1.262621050548024, 42.559991628046767 ], [ 1.262681933181622, 42.55999255106201 ], [ 1.262742815818084, 42.559993474044894 ], [ 1.262803698457408, 42.559994396995478 ], [ 1.262864581099593, 42.559995319913696 ], [ 1.262925463744641, 42.559996242799606 ], [ 1.26292421537937, 42.560041251066522 ], [ 1.262922967011236, 42.560086259333062 ], [ 1.262921718640243, 42.560131267599196 ], [ 1.262920470266387, 42.560176275864961 ], [ 1.262919221889671, 42.560221284130321 ], [ 1.262980104756162, 42.560222206991121 ], [ 1.263040987625514, 42.560223129819619 ], [ 1.263101870497727, 42.560224052615737 ], [ 1.263162753372803, 42.560224975379562 ], [ 1.263223636250739, 42.560225898111035 ], [ 1.263284519131538, 42.560226820810144 ], [ 1.263345402015196, 42.560227743476993 ], [ 1.263406284901714, 42.560228666111477 ], [ 1.263467167791097, 42.560229588713632 ], [ 1.263528050683337, 42.56023051128345 ], [ 1.26358893357844, 42.560231433820924 ], [ 1.263649816476403, 42.56023235632609 ], [ 1.263710699377227, 42.560233278798925 ], [ 1.263771582280911, 42.560234201239403 ], [ 1.263832465187455, 42.56023512364758 ], [ 1.26389334809686, 42.560236046023419 ], [ 1.263954231009124, 42.560236968366894 ], [ 1.264015113924248, 42.56023789067806 ], [ 1.264075996842233, 42.560238812956925 ], [ 1.264136879763076, 42.560239735203417 ], [ 1.264197762686781, 42.560240657417566 ], [ 1.264258645613344, 42.56024157959942 ], [ 1.264319528542769, 42.560242501748924 ], [ 1.264380411475051, 42.56024342386609 ], [ 1.264441294410193, 42.560244345950956 ], [ 1.264502177348194, 42.560245268003449 ], [ 1.264563060289054, 42.560246190023641 ], [ 1.264623943232773, 42.560247112011481 ], [ 1.264684826179351, 42.560248033967 ], [ 1.264745709128788, 42.560248955890181 ], [ 1.264806592081084, 42.560249877781054 ], [ 1.264867475036239, 42.560250799639569 ], [ 1.264928357994251, 42.560251721465768 ], [ 1.264989240955122, 42.560252643259609 ], [ 1.265050123918852, 42.560253565021142 ], [ 1.265051370765485, 42.56020855670517 ], [ 1.265052617609259, 42.560163548388843 ], [ 1.265053864450175, 42.560118540072104 ], [ 1.265055111288235, 42.560073531755002 ], [ 1.265056358123437, 42.560028523437495 ], [ 1.26505760495578, 42.559983515119619 ], [ 1.265058851785265, 42.559938506801338 ], [ 1.265060098611892, 42.559893498482673 ], [ 1.265061345435661, 42.559848490163638 ], [ 1.265062592256573, 42.559803481844206 ], [ 1.265123474785998, 42.55980440355895 ], [ 1.26518435731828, 42.559805325241378 ], [ 1.26524523985342, 42.559806246891462 ], [ 1.265306122391417, 42.559807168509224 ], [ 1.265367004932272, 42.559808090094641 ], [ 1.265368251531749, 42.559763081767592 ], [ 1.265369498128365, 42.559718073440173 ], [ 1.265370744722125, 42.559673065112364 ], [ 1.265371991313027, 42.55962805678417 ], [ 1.265373237901073, 42.559583048455579 ], [ 1.26537448448626, 42.559538040126611 ], [ 1.265375731068592, 42.55949303179726 ], [ 1.265376977648062, 42.559448023467517 ], [ 1.265378224224679, 42.559403015137391 ], [ 1.265379470798438, 42.559358006806875 ], [ 1.265380717369339, 42.559312998475995 ], [ 1.265381963937384, 42.559267990144683 ], [ 1.26538321050257, 42.559222981813008 ], [ 1.2653844570649, 42.559177973480978 ], [ 1.265385703624371, 42.559132965148528 ], [ 1.265446585512358, 42.559133886679966 ], [ 1.265507467403201, 42.559134808179053 ], [ 1.265568349296901, 42.559135729645831 ], [ 1.26562923119346, 42.559136651080266 ], [ 1.265690113092875, 42.559137572482371 ], [ 1.265691359430918, 42.559092564142333 ], [ 1.265692605766103, 42.559047555801897 ], [ 1.265693852098432, 42.55900254746107 ], [ 1.265695098427906, 42.558957539119874 ], [ 1.265696344754521, 42.558912530778294 ], [ 1.265697591078281, 42.558867522436309 ], [ 1.265698837399183, 42.558822514093954 ], [ 1.265700083717229, 42.558777505751181 ], [ 1.265701330032418, 42.558732497408052 ], [ 1.265702576344751, 42.558687489064525 ], [ 1.265763457809884, 42.558688410419869 ], [ 1.265824339277874, 42.558689331742869 ], [ 1.265885220748719, 42.558690253033575 ], [ 1.265946102222422, 42.558691174291894 ], [ 1.266006983698981, 42.558692095517934 ], [ 1.26600822978989, 42.55864708716679 ], [ 1.266009475877943, 42.558602078815284 ], [ 1.266010721963139, 42.55855707046338 ], [ 1.26601196804548, 42.558512062111113 ], [ 1.266013214124963, 42.558467053758434 ], [ 1.266014460201591, 42.558422045405386 ], [ 1.266015706275363, 42.55837703705194 ], [ 1.266016952346278, 42.558332028698118 ], [ 1.266018198414338, 42.558287020343897 ], [ 1.266019444479542, 42.558242011989286 ], [ 1.265958563440112, 42.558241090777713 ], [ 1.265897682403539, 42.558240169533789 ], [ 1.265836801369822, 42.558239248257557 ], [ 1.265775920338963, 42.558238326948981 ], [ 1.26571503931096, 42.558237405608082 ], [ 1.265716285591869, 42.558192397260314 ], [ 1.265717531869922, 42.558147388912175 ], [ 1.265718778145117, 42.558102380563625 ], [ 1.265720024417458, 42.558057372214684 ], [ 1.265721270686941, 42.558012363865387 ], [ 1.265782151496383, 42.558013285199067 ], [ 1.265843032308681, 42.558014206500438 ], [ 1.265903913123837, 42.558015127769444 ], [ 1.26596479394185, 42.558016049006142 ], [ 1.266025674762718, 42.55801697021051 ], [ 1.266026920810784, 42.557971961853596 ], [ 1.266028166855997, 42.557926953496278 ], [ 1.26602941289835, 42.557881945138611 ], [ 1.266030658937849, 42.557836936780539 ], [ 1.266031904974492, 42.557791928422084 ], [ 1.26603315100828, 42.557746920063224 ], [ 1.266034397039209, 42.557701911703987 ], [ 1.266035643067283, 42.557656903344387 ], [ 1.266036889092503, 42.557611894984369 ], [ 1.266038135114866, 42.557566886623988 ], [ 1.266099015501476, 42.557567807781595 ], [ 1.266159895890942, 42.557568728906858 ], [ 1.266220776283264, 42.557569649999799 ], [ 1.266281656678443, 42.55757057106041 ], [ 1.266342537076477, 42.557571492088712 ], [ 1.266343782877429, 42.557526483720707 ], [ 1.266345028675525, 42.557481475352319 ], [ 1.266346274470766, 42.557436466983575 ], [ 1.266347520263152, 42.557391458614426 ], [ 1.266348766052681, 42.557346450244872 ], [ 1.266409646235017, 42.557347371233625 ], [ 1.266470526420209, 42.557348292190035 ], [ 1.266531406608256, 42.557349213114115 ], [ 1.266592286799158, 42.557350134005866 ], [ 1.266653166992916, 42.5573510548653 ], [ 1.266654412561038, 42.557306046488151 ], [ 1.266655658126306, 42.557261038110639 ], [ 1.266656903688718, 42.557216029732714 ], [ 1.266658149248276, 42.557171021354421 ], [ 1.266659394804978, 42.55712601297575 ], [ 1.266660640358825, 42.557081004596668 ], [ 1.266661885909818, 42.55703599621723 ], [ 1.266663131457957, 42.556990987837395 ], [ 1.266664377003238, 42.556945979457154 ], [ 1.266665622545668, 42.556900971076551 ], [ 1.266726502305179, 42.556901891889225 ], [ 1.266787382067545, 42.556902812669584 ], [ 1.26684826183277, 42.556903733417577 ], [ 1.266909141600847, 42.556904654133255 ], [ 1.266970021371778, 42.556905574816611 ], [ 1.267030901145566, 42.556906495467622 ], [ 1.267091780922207, 42.556907416086325 ], [ 1.267152660701702, 42.556908336672684 ], [ 1.267213540484051, 42.556909257226749 ], [ 1.267274420269256, 42.55691017774847 ], [ 1.267273175163925, 42.55695518614349 ], [ 1.26727193005574, 42.557000194538148 ], [ 1.267270684944701, 42.557045202932407 ], [ 1.267269439830807, 42.557090211326297 ], [ 1.267268194714059, 42.557135219719797 ], [ 1.267329074720667, 42.5571361402164 ], [ 1.26738995473013, 42.557137060680645 ], [ 1.267450834742445, 42.557137981112596 ], [ 1.267511714757615, 42.557138901512204 ], [ 1.267572594775638, 42.557139821879495 ], [ 1.267633474796515, 42.557140742214457 ], [ 1.267694354820246, 42.557141662517076 ], [ 1.26775523484683, 42.557142582787378 ], [ 1.267816114876268, 42.557143503025365 ], [ 1.267876994908559, 42.557144423231001 ], [ 1.267875750226059, 42.557189431638534 ], [ 1.267874505540708, 42.557234440045683 ], [ 1.267873260852502, 42.557279448452455 ], [ 1.267872016161446, 42.557324456858787 ], [ 1.267870771467534, 42.557369465264799 ], [ 1.267931651721231, 42.557370385445331 ], [ 1.26799253197778, 42.557371305593527 ], [ 1.268053412237182, 42.557372225709386 ], [ 1.268114292499438, 42.557373145792909 ], [ 1.268175172764546, 42.55737406584413 ], [ 1.268236053032508, 42.557374985863007 ], [ 1.268296933303321, 42.557375905849575 ], [ 1.268357813576986, 42.557376825803793 ], [ 1.268418693853505, 42.557377745725688 ], [ 1.268479574132876, 42.557378665615254 ], [ 1.268540454415098, 42.557379585472489 ], [ 1.268601334700174, 42.557380505297402 ], [ 1.268662214988101, 42.557381425089986 ], [ 1.268723095278879, 42.557382344850232 ], [ 1.268783975572511, 42.557383264578156 ], [ 1.268785219610761, 42.557338256150544 ], [ 1.268786463646159, 42.557293247722541 ], [ 1.268787707678706, 42.557248239294154 ], [ 1.268788951708402, 42.557203230865376 ], [ 1.268790195735245, 42.557158222436215 ], [ 1.268851075813175, 42.557159142124611 ], [ 1.268911955893957, 42.557160061780678 ], [ 1.268972835977589, 42.557160981404401 ], [ 1.269033716064073, 42.557161900995823 ], [ 1.269094596153409, 42.557162820554879 ], [ 1.269155476245596, 42.557163740081613 ], [ 1.269216356340632, 42.55716465957606 ], [ 1.269277236438522, 42.557165579038141 ], [ 1.269338116539261, 42.557166498467893 ], [ 1.269398996642851, 42.557167417865315 ], [ 1.269400240229742, 42.55712240942136 ], [ 1.269401483813779, 42.557077400977036 ], [ 1.269402727394969, 42.5570323925323 ], [ 1.269403970973308, 42.556987384087179 ], [ 1.269405214548796, 42.556942375641704 ], [ 1.269466094436686, 42.55694329499962 ], [ 1.269526974327427, 42.556944214325164 ], [ 1.269587854221017, 42.556945133618406 ], [ 1.269648734117459, 42.556946052879319 ], [ 1.269709614016751, 42.556946972107895 ], [ 1.269770493918893, 42.556947891304176 ], [ 1.269831373823884, 42.556948810468093 ], [ 1.269892253731726, 42.556949729599673 ], [ 1.269953133642418, 42.556950648698951 ], [ 1.270014013555959, 42.556951567765907 ], [ 1.27007489347235, 42.556952486800505 ], [ 1.27013577339159, 42.556953405802801 ], [ 1.27019665331368, 42.556954324772761 ], [ 1.270257533238619, 42.556955243710398 ], [ 1.270318413166407, 42.556956162615705 ], [ 1.27031717024657, 42.55700117108281 ], [ 1.270315927323882, 42.557046179549531 ], [ 1.270314684398347, 42.557091188015853 ], [ 1.270313441469962, 42.557136196481807 ], [ 1.270312198538728, 42.557181204947362 ], [ 1.270373078687918, 42.557182123827523 ], [ 1.270433958839956, 42.557183042675369 ], [ 1.270494838994841, 42.5571839614909 ], [ 1.270555719152578, 42.557184880274093 ], [ 1.270616599313163, 42.557185799024943 ], [ 1.270677479476595, 42.557186717743477 ], [ 1.270738359642876, 42.557187636429681 ], [ 1.270799239812008, 42.557188555083549 ], [ 1.270860119983987, 42.557189473705094 ], [ 1.270921000158814, 42.557190392294309 ], [ 1.270922242652942, 42.557145383814358 ], [ 1.270923485144223, 42.557100375334009 ], [ 1.270924727632655, 42.557055366853284 ], [ 1.27092597011824, 42.557010358372153 ], [ 1.270927212600978, 42.556965349890653 ], [ 1.270928455080867, 42.55692034140877 ], [ 1.270929697557909, 42.556875332926502 ], [ 1.270930940032102, 42.556830324443844 ], [ 1.270932182503447, 42.556785315960802 ], [ 1.270933424971946, 42.556740307477376 ], [ 1.270934667437596, 42.556695298993546 ], [ 1.270935909900399, 42.55665029050936 ], [ 1.270937152360353, 42.556605282024783 ], [ 1.27093839481746, 42.556560273539802 ], [ 1.270939637271718, 42.556515265054458 ], [ 1.270940879723129, 42.556470256568687 ], [ 1.270942122171692, 42.556425248082569 ], [ 1.270943364617407, 42.556380239596066 ], [ 1.270944607060275, 42.556335231109152 ], [ 1.270945849500295, 42.556290222621861 ], [ 1.27088497019966, 42.556289304061423 ], [ 1.270824090901873, 42.556288385468683 ], [ 1.270763211606933, 42.556287466843614 ], [ 1.270702332314843, 42.5562865481862 ], [ 1.270641453025601, 42.556285629496465 ], [ 1.270580573739207, 42.556284710774392 ], [ 1.270519694455662, 42.55628379201999 ], [ 1.270458815174967, 42.556282873233286 ], [ 1.270397935897118, 42.556281954414239 ], [ 1.270337056622119, 42.556281035562868 ], [ 1.270338299496377, 42.556236027089597 ], [ 1.270339542367785, 42.556191018615941 ], [ 1.270340785236346, 42.556146010141894 ], [ 1.270342028102055, 42.55610100166745 ], [ 1.270343270964919, 42.556055993192629 ], [ 1.270344513824932, 42.556010984717432 ], [ 1.270345756682097, 42.555965976241836 ], [ 1.270346999536412, 42.555920967765857 ], [ 1.27034824238788, 42.555875959289494 ], [ 1.270349485236498, 42.555830950812741 ], [ 1.27028860640143, 42.555830031943458 ], [ 1.270227727569208, 42.555829113041817 ], [ 1.270166848739837, 42.555828194107875 ], [ 1.270105969913315, 42.555827275141588 ], [ 1.270045091089642, 42.555826356142965 ], [ 1.27004633415395, 42.555781347673026 ], [ 1.270047577215407, 42.555736339202703 ], [ 1.270048820274016, 42.555691330731989 ], [ 1.270050063329776, 42.555646322260934 ], [ 1.270051306382687, 42.555601313789445 ], [ 1.270052549432748, 42.555556305317566 ], [ 1.27005379247996, 42.555511296845339 ], [ 1.270055035524323, 42.555466288372699 ], [ 1.270056278565839, 42.55542127989969 ], [ 1.270057521604503, 42.555376271426276 ], [ 1.270058764640319, 42.5553312629525 ], [ 1.270060007673284, 42.555286254478332 ], [ 1.270061250703403, 42.555241246003753 ], [ 1.270062493730672, 42.555196237528818 ], [ 1.270063736755091, 42.555151229053486 ], [ 1.270002858589868, 42.555150310044141 ], [ 1.269941980427496, 42.555149391002494 ], [ 1.269881102267971, 42.555148471928497 ], [ 1.269820224111298, 42.555147552822184 ], [ 1.269759345957473, 42.555146633683528 ], [ 1.269760589197574, 42.555101625215016 ], [ 1.269761832434824, 42.555056616746128 ], [ 1.269763075669224, 42.555011608276828 ], [ 1.269764318900776, 42.554966599807152 ], [ 1.269765562129479, 42.554921591337084 ], [ 1.26976680535533, 42.554876582866662 ], [ 1.269768048578333, 42.554831574395806 ], [ 1.269769291798486, 42.554786565924609 ], [ 1.269770535015791, 42.554741557452992 ], [ 1.269771778230244, 42.554696548980999 ] ], [ [ 1.267721962188093, 42.551738811039542 ], [ 1.267720717629397, 42.551783819486168 ], [ 1.267719473067849, 42.551828827932411 ], [ 1.267718228503449, 42.55187383637827 ], [ 1.267716983936196, 42.551918844823746 ], [ 1.26771573936609, 42.551963853268809 ], [ 1.267714494793132, 42.55200886171351 ], [ 1.267713250217321, 42.55205387015782 ], [ 1.267712005638658, 42.55209887860174 ], [ 1.267710761057143, 42.552143887045283 ], [ 1.267709516472775, 42.552188895488428 ], [ 1.267648641262263, 42.552187975279786 ], [ 1.267587766054606, 42.552187055038814 ], [ 1.2675268908498, 42.552186134765556 ], [ 1.267466015647848, 42.552185214459932 ], [ 1.267405140448749, 42.552184294122007 ], [ 1.267344265252504, 42.55218337375176 ], [ 1.267283390059112, 42.552182453349168 ], [ 1.267222514868573, 42.552181532914261 ], [ 1.267161639680888, 42.552180612447032 ], [ 1.267100764496057, 42.552179691947494 ], [ 1.267102009517417, 42.552134683518759 ], [ 1.267103254535922, 42.552089675089647 ], [ 1.267104499551574, 42.552044666660144 ], [ 1.267105744564372, 42.551999658230265 ], [ 1.267106989574315, 42.551954649800003 ], [ 1.267108234581408, 42.551909641369349 ], [ 1.267109479585645, 42.551864632938305 ], [ 1.267110724587031, 42.551819624506862 ], [ 1.267111969585561, 42.551774616075058 ], [ 1.267113214581237, 42.551729607642855 ], [ 1.267174089329082, 42.551730528127962 ], [ 1.267234964079781, 42.551731448580767 ], [ 1.267295838833334, 42.551732369001236 ], [ 1.26735671358974, 42.551733289389389 ], [ 1.267417588349, 42.551734209745234 ], [ 1.267478463111112, 42.551735130068728 ], [ 1.267539337876078, 42.551736050359928 ], [ 1.267600212643897, 42.551736970618784 ], [ 1.267661087414568, 42.551737890845331 ], [ 1.267721962188093, 42.551738811039542 ] ], [ [ 1.268908365284117, 42.552882419906922 ], [ 1.268907121528122, 42.552927428372726 ], [ 1.268905877769278, 42.552972436838132 ], [ 1.26890463400758, 42.553017445303183 ], [ 1.268903390243033, 42.553062453767843 ], [ 1.268902146475637, 42.553107462232084 ], [ 1.268963022620043, 42.553108381790778 ], [ 1.2690238987673, 42.553109301317143 ], [ 1.269084774917407, 42.55311022081117 ], [ 1.269145651070364, 42.55311114027289 ], [ 1.269206527226174, 42.553112059702265 ], [ 1.269205283674433, 42.553157068173363 ], [ 1.269204040119841, 42.553202076644055 ], [ 1.269202796562399, 42.553247085114364 ], [ 1.269201553002108, 42.55329209358429 ], [ 1.269200309438966, 42.553337102053845 ], [ 1.269139433064649, 42.553336182617244 ], [ 1.269078556693182, 42.553335263148334 ], [ 1.269017680324568, 42.553334343647109 ], [ 1.268956803958803, 42.553333424113546 ], [ 1.268895927595889, 42.553332504547647 ], [ 1.268835051235827, 42.55333158494944 ], [ 1.268774174878615, 42.553330665318903 ], [ 1.268713298524254, 42.553329745656065 ], [ 1.268652422172746, 42.553328825960868 ], [ 1.268591545824088, 42.553327906233349 ], [ 1.268530669478281, 42.553326986473522 ], [ 1.268469793135328, 42.553326066681358 ], [ 1.268408916795225, 42.553325146856885 ], [ 1.268348040457974, 42.553324227000076 ], [ 1.268287164123575, 42.553323307110944 ], [ 1.268226287792029, 42.553322387189503 ], [ 1.268165411463333, 42.553321467235726 ], [ 1.268104535137491, 42.553320547249633 ], [ 1.268043658814501, 42.553319627231183 ], [ 1.267982782494363, 42.553318707180438 ], [ 1.267921906177077, 42.55331778709737 ], [ 1.267861029862645, 42.553316866981966 ], [ 1.267800153551064, 42.553315946834253 ], [ 1.267739277242337, 42.553315026654197 ], [ 1.267678400936464, 42.553314106441832 ], [ 1.267679645592148, 42.553269098008322 ], [ 1.26768089024498, 42.553224089574442 ], [ 1.267682134894959, 42.553179081140158 ], [ 1.267683379542086, 42.553134072705475 ], [ 1.267684624186359, 42.553089064270445 ], [ 1.267745500273727, 42.553089984475598 ], [ 1.267806376363947, 42.553090904648435 ], [ 1.267867252457019, 42.553091824788957 ], [ 1.267928128552945, 42.553092744897135 ], [ 1.267989004651723, 42.553093664973005 ], [ 1.268049880753353, 42.553094585016552 ], [ 1.268110756857836, 42.55309550502777 ], [ 1.268171632965172, 42.55309642500665 ], [ 1.268232509075359, 42.553097344953215 ], [ 1.2682933851884, 42.553098264867465 ], [ 1.268294629392809, 42.553053256417613 ], [ 1.268295873594367, 42.553008247967369 ], [ 1.268297117793072, 42.552963239516743 ], [ 1.268298361988927, 42.552918231065725 ], [ 1.268299606181931, 42.552873222614338 ], [ 1.268360482079317, 42.552874142489053 ], [ 1.268421357979555, 42.552875062331445 ], [ 1.268482233882645, 42.552875982141515 ], [ 1.268543109788586, 42.552876901919255 ], [ 1.26860398569738, 42.552877821664673 ], [ 1.268664861609026, 42.552878741377768 ], [ 1.268725737523521, 42.552879661058526 ], [ 1.268786613440869, 42.552880580706983 ], [ 1.268847489361068, 42.55288150032311 ], [ 1.268908365284117, 42.552882419906922 ] ] ] } },
{ "type": "Feature", "properties": { "GRID_CODE": 2, "CODI_FINAL": "922500022", "MUNICIPI": "Soriguera", "DATA_INCEN": "21/03/92" }, "geometry": { "type": "Polygon", "coordinates": [ [ [ 1.209277959363329, 42.378950757092191 ], [ 1.209217253673229, 42.378949808952207 ], [ 1.209156547986055, 42.378948860780149 ], [ 1.20909584230181, 42.378947912575924 ], [ 1.20903513662049, 42.378946964339576 ], [ 1.208974430942098, 42.378946016071112 ], [ 1.208975709952157, 42.37890100768324 ], [ 1.208976988959287, 42.378855999294935 ], [ 1.208978267963491, 42.378810990906281 ], [ 1.208979546964769, 42.378765982517208 ], [ 1.208980825963118, 42.378720974127774 ], [ 1.208982104958542, 42.378675965737948 ], [ 1.208983383951037, 42.378630957347738 ], [ 1.208984662940607, 42.378585948957138 ], [ 1.208985941927248, 42.378540940566147 ], [ 1.208987220910964, 42.378495932174772 ], [ 1.209047926156261, 42.378496880428372 ], [ 1.209108631404483, 42.378497828649863 ], [ 1.209169336655634, 42.378498776839223 ], [ 1.209230041909713, 42.378499724996452 ], [ 1.209290747166716, 42.378500673121557 ], [ 1.209351452426647, 42.378501621214539 ], [ 1.209412157689502, 42.378502569275419 ], [ 1.209472862955287, 42.378503517304139 ], [ 1.209533568223998, 42.378504465300743 ], [ 1.209594273495635, 42.378505413265245 ], [ 1.20959299494501, 42.378550421671463 ], [ 1.209591716391461, 42.378595430077318 ], [ 1.209590437834984, 42.378640438482783 ], [ 1.209589159275583, 42.378685446887843 ], [ 1.209587880713255, 42.378730455292533 ], [ 1.209648586204364, 42.378731403232337 ], [ 1.2097092916984, 42.378732351139988 ], [ 1.209769997195363, 42.378733299015508 ], [ 1.209830702695251, 42.378734246858926 ], [ 1.209891408198062, 42.378735194670227 ], [ 1.209890129849358, 42.378780203081945 ], [ 1.209888851497728, 42.378825211493279 ], [ 1.209887573143172, 42.378870219904229 ], [ 1.20988629478569, 42.378915228314796 ], [ 1.209885016425284, 42.37896023672495 ], [ 1.209945722147573, 42.378961184511546 ], [ 1.210006427872787, 42.378962132265997 ], [ 1.210067133600927, 42.378963079988345 ], [ 1.210127839331994, 42.378964027678563 ], [ 1.210188545065983, 42.378964975336629 ], [ 1.2102492508029, 42.3789659229626 ], [ 1.210309956542741, 42.37896687055644 ], [ 1.210370662285509, 42.378967818118142 ], [ 1.2104313680312, 42.37896876564772 ], [ 1.210492073779815, 42.378969713145189 ], [ 1.210493351707122, 42.378924704720148 ], [ 1.210494629631503, 42.378879696294774 ], [ 1.210495907552958, 42.378834687868959 ], [ 1.210497185471491, 42.378789679442761 ], [ 1.210498463387099, 42.378744671016229 ], [ 1.21049974129978, 42.378699662589241 ], [ 1.210501019209539, 42.378654654161899 ], [ 1.210502297116374, 42.378609645734166 ], [ 1.210503575020284, 42.378564637306077 ], [ 1.210504852921269, 42.378519628877527 ], [ 1.21050613081933, 42.378474620448642 ], [ 1.210507408714466, 42.378429612019353 ], [ 1.210508686606677, 42.378384603589723 ], [ 1.210509964495965, 42.378339595159638 ], [ 1.210511242382327, 42.378294586729197 ], [ 1.210512520265766, 42.378249578298373 ], [ 1.21051379814628, 42.378204569867151 ], [ 1.210515076023871, 42.378159561435538 ], [ 1.210516353898535, 42.378114553003556 ], [ 1.210517631770276, 42.378069544571161 ], [ 1.210456926887845, 42.378068597103393 ], [ 1.210396222008339, 42.378067649603508 ], [ 1.210335517131756, 42.378066702071486 ], [ 1.2102748122581, 42.378065754507347 ], [ 1.210214107387368, 42.378064806911091 ], [ 1.210215385472725, 42.378019798485745 ], [ 1.210216663555158, 42.377974790060023 ], [ 1.210217941634665, 42.377929781633888 ], [ 1.210219219711249, 42.377884773207377 ], [ 1.210220497784908, 42.377839764780482 ], [ 1.21022177585564, 42.377794756353211 ], [ 1.21022305392345, 42.377749747925527 ], [ 1.210224331988333, 42.377704739497482 ], [ 1.210225610050292, 42.377659731069024 ], [ 1.210226888109326, 42.377614722640203 ], [ 1.210287592546981, 42.377615670221608 ], [ 1.21034829698756, 42.377616617770911 ], [ 1.210409001431066, 42.37761756528807 ], [ 1.210469705877495, 42.377618512773118 ], [ 1.210530410326848, 42.377619460226043 ], [ 1.210531688166421, 42.3775744517894 ], [ 1.21053296600307, 42.377529443352373 ], [ 1.210534243836795, 42.377484434914962 ], [ 1.210535521667595, 42.377439426477139 ], [ 1.210536799495471, 42.377394418038961 ], [ 1.210538077320424, 42.377349409600392 ], [ 1.210539355142452, 42.377304401161418 ], [ 1.210540632961555, 42.377259392722046 ], [ 1.210541910777733, 42.377214384282311 ], [ 1.210543188590988, 42.377169375842186 ], [ 1.210482484574704, 42.377168428404097 ], [ 1.210421780561342, 42.37716748093392 ], [ 1.210361076550905, 42.377166533431591 ], [ 1.210300372543393, 42.377165585897153 ], [ 1.210239668538806, 42.377164638330569 ], [ 1.210240946565668, 42.377119629897471 ], [ 1.210242224589605, 42.37707462146399 ], [ 1.210243502610618, 42.377029613030118 ], [ 1.210244780628705, 42.376984604595883 ], [ 1.210246058643869, 42.376939596161229 ], [ 1.210185354858736, 42.376938648569961 ], [ 1.210124651076527, 42.37693770094657 ], [ 1.210063947297247, 42.376936753291048 ], [ 1.21000324352089, 42.376935805603402 ], [ 1.20994253974746, 42.376934857883633 ], [ 1.209881835976953, 42.37693391013174 ], [ 1.209821132209373, 42.376932962347745 ], [ 1.209760428444718, 42.376932014531612 ], [ 1.209699724682989, 42.376931066683376 ], [ 1.209639020924187, 42.376930118802967 ], [ 1.209578317168308, 42.37692917089047 ], [ 1.209517613415356, 42.376928222945864 ], [ 1.209456909665331, 42.37692727496912 ], [ 1.209396205918232, 42.376926326960231 ], [ 1.209335502174059, 42.37692537891926 ], [ 1.209274798432813, 42.376924430846117 ], [ 1.209214094694493, 42.376923482740892 ], [ 1.209153390959099, 42.376922534603516 ], [ 1.209092687226635, 42.376921586434044 ], [ 1.209031983497094, 42.37692063823242 ], [ 1.208971279770482, 42.376919689998701 ], [ 1.208910576046795, 42.37691874173283 ], [ 1.208849872326037, 42.376917793434863 ], [ 1.208789168608205, 42.376916845104773 ], [ 1.208728464893301, 42.376915896742524 ], [ 1.208729743988181, 42.376870888344627 ], [ 1.208731023080132, 42.37682587994636 ], [ 1.208732302169156, 42.37678087154768 ], [ 1.208733581255252, 42.376735863148625 ], [ 1.208734860338423, 42.376690854749178 ], [ 1.208674156842973, 42.376689906362266 ], [ 1.208613453350451, 42.376688957943223 ], [ 1.208552749860855, 42.376688009492057 ], [ 1.208492046374187, 42.376687061008781 ], [ 1.208431342890448, 42.37668611249336 ], [ 1.208370639409635, 42.376685163945822 ], [ 1.208309935931753, 42.376684215366154 ], [ 1.208249232456796, 42.376683266754391 ], [ 1.208188528984768, 42.376682318110497 ], [ 1.208127825515669, 42.376681369434458 ], [ 1.208126545999449, 42.376726377819054 ], [ 1.208125266480299, 42.376771386203231 ], [ 1.208123986958221, 42.376816394587081 ], [ 1.208122707433218, 42.376861402970476 ], [ 1.208121427905283, 42.376906411353509 ], [ 1.208060724222586, 42.376905462637929 ], [ 1.208000020542817, 42.376904513890246 ], [ 1.207939316865977, 42.376903565110418 ], [ 1.207878613192066, 42.376902616298473 ], [ 1.207817909521083, 42.376901667454412 ], [ 1.207757205853029, 42.37690071857822 ], [ 1.207696502187905, 42.37689976966989 ], [ 1.20763579852571, 42.376898820729451 ], [ 1.207575094866443, 42.376897871756896 ], [ 1.207514391210105, 42.376896922752216 ], [ 1.207453687556697, 42.376895973715413 ], [ 1.207392983906219, 42.376895024646466 ], [ 1.207332280258669, 42.376894075545415 ], [ 1.20727157661405, 42.376893126412249 ], [ 1.207210872972362, 42.376892177246908 ], [ 1.207150169333602, 42.376891228049523 ], [ 1.207089465697773, 42.376890278819971 ], [ 1.207028762064874, 42.37688932955831 ], [ 1.206968058434904, 42.376888380264504 ], [ 1.206907354807865, 42.376887430938602 ], [ 1.206846651183757, 42.376886481580549 ], [ 1.206785947562578, 42.376885532190414 ], [ 1.206725243944331, 42.376884582768099 ], [ 1.206664540329015, 42.37688363331371 ], [ 1.206603836716628, 42.376882683827169 ], [ 1.206605117327194, 42.376837675481326 ], [ 1.20660639793483, 42.376792667135085 ], [ 1.206607678539536, 42.376747658788446 ], [ 1.206608959141311, 42.376702650441409 ], [ 1.206610239740154, 42.37665764209401 ], [ 1.206549536347225, 42.37665669258282 ], [ 1.206488832957225, 42.376655743039457 ], [ 1.206428129570157, 42.376654793464013 ], [ 1.20636742618602, 42.37665384385641 ], [ 1.206306722804814, 42.376652894216718 ], [ 1.206246019426541, 42.376651944544896 ], [ 1.206185316051197, 42.376650994840958 ], [ 1.206124612678785, 42.376650045104881 ], [ 1.206063909309307, 42.376649095336695 ], [ 1.206003205942757, 42.376648145536372 ], [ 1.205942502579142, 42.376647195703924 ], [ 1.205881799218457, 42.37664624583936 ], [ 1.205821095860705, 42.376645295942673 ], [ 1.205760392505885, 42.376644346013883 ], [ 1.205699689153997, 42.376643396052934 ], [ 1.205638985805041, 42.376642446059904 ], [ 1.205578282459017, 42.376641496034708 ], [ 1.205517579115926, 42.376640545977423 ], [ 1.205456875775768, 42.376639595887994 ], [ 1.205396172438543, 42.376638645766455 ], [ 1.205394890973604, 42.37668365408409 ], [ 1.205393609505733, 42.376728662401341 ], [ 1.205392328034927, 42.376773670718215 ], [ 1.20539104656119, 42.376818679034699 ], [ 1.205389765084521, 42.376863687350784 ], [ 1.205388483604919, 42.376908695666508 ], [ 1.205387202122385, 42.376953703981805 ], [ 1.205385920636916, 42.376998712296746 ], [ 1.205384639148518, 42.37704372061129 ], [ 1.205383357657184, 42.377088728925443 ], [ 1.205382076162919, 42.377133737239213 ], [ 1.205380794665721, 42.377178745552584 ], [ 1.205379513165591, 42.3772237538656 ], [ 1.205378231662527, 42.377268762178183 ], [ 1.205376950156531, 42.377313770490403 ], [ 1.205316246172658, 42.377312820314422 ], [ 1.205255542191719, 42.377311870106283 ], [ 1.205194838213711, 42.377310919866069 ], [ 1.205134134238637, 42.377309969593668 ], [ 1.205073430266497, 42.377309019289179 ], [ 1.205072148541038, 42.377354027593583 ], [ 1.205070866812646, 42.377399035897568 ], [ 1.20506958508132, 42.377444044201191 ], [ 1.205068303347061, 42.377489052504416 ], [ 1.20506702160987, 42.377534060807243 ], [ 1.205006317424132, 42.377533110463169 ], [ 1.204945613241326, 42.377532160086993 ], [ 1.204884909061455, 42.3775312096787 ], [ 1.204824204884516, 42.377530259238263 ], [ 1.204763500710512, 42.377529308765723 ], [ 1.204702796539444, 42.377528358261024 ], [ 1.204642092371307, 42.37752740772423 ], [ 1.204581388206106, 42.377526457155298 ], [ 1.204520684043838, 42.377525506554292 ], [ 1.204459979884506, 42.377524555921092 ], [ 1.204399275728107, 42.377523605255803 ], [ 1.204338571574643, 42.377522654558391 ], [ 1.204277867424114, 42.37752170382884 ], [ 1.204217163276519, 42.377520753067181 ], [ 1.204156459131859, 42.377519802273397 ], [ 1.204157741518648, 42.377474793992896 ], [ 1.204159023902501, 42.377429785712017 ], [ 1.204160306283422, 42.377384777430748 ], [ 1.204161588661406, 42.377339769149089 ], [ 1.204162871036457, 42.377294760867045 ], [ 1.204102167111262, 42.37729381004857 ], [ 1.204041463189004, 42.377292859198 ], [ 1.203980759269681, 42.3772919083153 ], [ 1.203920055353292, 42.377290957400447 ], [ 1.203859351439839, 42.377290006453514 ], [ 1.203798647529322, 42.377289055474414 ], [ 1.203737943621738, 42.377288104463226 ], [ 1.203677239717092, 42.3772871534199 ], [ 1.203616535815382, 42.37728620234445 ], [ 1.203555831916606, 42.377285251236877 ], [ 1.203557114721781, 42.377240242969343 ], [ 1.203558397524018, 42.377195234701432 ], [ 1.203559680323322, 42.377150226433116 ], [ 1.203560963119689, 42.377105218164438 ], [ 1.203562245913122, 42.37706020989534 ], [ 1.203501542233809, 42.377059258763097 ], [ 1.203440838557435, 42.37705830759873 ], [ 1.203380134883996, 42.377057356402247 ], [ 1.203319431213493, 42.377056405173626 ], [ 1.203258727545926, 42.377055453912895 ], [ 1.203260010552949, 42.377010445650868 ], [ 1.203261293557036, 42.376965437388485 ], [ 1.203262576558186, 42.376920429125683 ], [ 1.203263859556401, 42.376875420862497 ], [ 1.20326514255168, 42.376830412598913 ], [ 1.203204439103574, 42.376829461313534 ], [ 1.203143735658406, 42.376828509995981 ], [ 1.203083032216174, 42.376827558646362 ], [ 1.203022328776878, 42.376826607264562 ], [ 1.202961625340518, 42.376825655850666 ], [ 1.202962908549386, 42.376780647594181 ], [ 1.202964191755314, 42.376735639337291 ], [ 1.202965474958309, 42.376690631080002 ], [ 1.202966758158365, 42.376645622822338 ], [ 1.202968041355486, 42.376600614564275 ], [ 1.202907338138586, 42.376599663125724 ], [ 1.202846634924625, 42.376598711655035 ], [ 1.202785931713599, 42.376597760152208 ], [ 1.202725228505511, 42.376596808617293 ], [ 1.202664525300361, 42.376595857050269 ], [ 1.202665808711065, 42.376550848799262 ], [ 1.202667092118833, 42.376505840547878 ], [ 1.202668375523664, 42.376460832296104 ], [ 1.202669658925557, 42.37641582404396 ], [ 1.202670942324514, 42.376370815791425 ], [ 1.202672225720535, 42.376325807538514 ], [ 1.202673509113617, 42.376280799285183 ], [ 1.202674792503764, 42.376235791031469 ], [ 1.202676075890973, 42.376190782777392 ], [ 1.202677359275245, 42.376145774522918 ], [ 1.20267864265658, 42.376100766268067 ], [ 1.20267992603498, 42.376055758012811 ], [ 1.20268120941044, 42.376010749757164 ], [ 1.202682492782964, 42.375965741501147 ], [ 1.202683776152552, 42.375920733244733 ], [ 1.20262307359989, 42.375919781667911 ], [ 1.202562371050168, 42.375918830058993 ], [ 1.202501668503382, 42.375917878417958 ], [ 1.202440965959533, 42.375916926744758 ], [ 1.202380263418621, 42.375915975039455 ], [ 1.202381547001786, 42.37587096679011 ], [ 1.202382830582013, 42.375825958540368 ], [ 1.202384114159302, 42.375780950290256 ], [ 1.202385397733654, 42.375735942039753 ], [ 1.202386681305069, 42.375690933788839 ], [ 1.202325978983608, 42.37568998205888 ], [ 1.202265276665085, 42.37568903029679 ], [ 1.2022045743495, 42.375688078502577 ], [ 1.202143872036851, 42.375687126676269 ], [ 1.202083169727142, 42.375686174817822 ], [ 1.202022467420371, 42.375685222927238 ], [ 1.201961765116537, 42.375684271004559 ], [ 1.201901062815643, 42.375683319049735 ], [ 1.201840360517686, 42.375682367062808 ], [ 1.201779658222668, 42.375681415043751 ], [ 1.20177837421823, 42.375726423279744 ], [ 1.201777090210855, 42.375771431515339 ], [ 1.20177580620054, 42.37581643975053 ], [ 1.201774522187287, 42.375861447985365 ], [ 1.201773238171097, 42.375906456219809 ], [ 1.201771954151968, 42.375951464453863 ], [ 1.2017706701299, 42.375996472687476 ], [ 1.201769386104894, 42.376041480920769 ], [ 1.201768102076949, 42.37608648915365 ], [ 1.201766818046067, 42.37613149738614 ], [ 1.201765534012245, 42.376176505618247 ], [ 1.201764249975486, 42.376221513849949 ], [ 1.201762965935787, 42.376266522081309 ], [ 1.20176168189315, 42.37631153031225 ], [ 1.201760397847576, 42.376356538542794 ], [ 1.201699694905952, 42.376355586469238 ], [ 1.201638991967268, 42.376354634363558 ], [ 1.201578289031522, 42.376353682225762 ], [ 1.201517586098715, 42.376352730055849 ], [ 1.201456883168849, 42.376351777853806 ], [ 1.20139618024192, 42.376350825619646 ], [ 1.201335477317931, 42.376349873353355 ], [ 1.201274774396881, 42.376348921054955 ], [ 1.201214071478772, 42.376347968724417 ], [ 1.201153368563601, 42.376347016361777 ], [ 1.20109266565137, 42.376346063967013 ], [ 1.20103196274208, 42.376345111540097 ], [ 1.200971259835729, 42.376344159081086 ], [ 1.200910556932318, 42.376343206589965 ], [ 1.200849854031846, 42.376342254066692 ], [ 1.200789151134316, 42.376341301511296 ], [ 1.200728448239725, 42.376340348923804 ], [ 1.200667745348075, 42.376339396304189 ], [ 1.200607042459366, 42.376338443652436 ], [ 1.200546339573597, 42.376337490968567 ], [ 1.20054505465901, 42.376382499168876 ], [ 1.200543769741484, 42.37642750736881 ], [ 1.200542484821017, 42.376472515568366 ], [ 1.20054119989761, 42.376517523767511 ], [ 1.200539914971262, 42.376562531966307 ], [ 1.200479211871915, 42.376561579242839 ], [ 1.200418508775509, 42.376560626487262 ], [ 1.200357805682043, 42.376559673699546 ], [ 1.20029710259152, 42.376558720879714 ], [ 1.200236399503937, 42.376557768027794 ], [ 1.200235114358128, 42.376602776218704 ], [ 1.200233829209378, 42.376647784409244 ], [ 1.200232544057687, 42.376692792599385 ], [ 1.200231258903056, 42.376737800789158 ], [ 1.200229973745484, 42.376782808978525 ], [ 1.200169270444321, 42.376781856087 ], [ 1.2001085671461, 42.376780903163336 ], [ 1.200047863850819, 42.376779950207542 ], [ 1.19998716055848, 42.37677899721966 ], [ 1.199926457269085, 42.376778044199618 ], [ 1.199865753982627, 42.376777091147488 ], [ 1.199805050699115, 42.376776138063228 ], [ 1.199744347418543, 42.376775184946816 ], [ 1.199683644140915, 42.376774231798322 ], [ 1.199622940866228, 42.376773278617662 ], [ 1.199562237594483, 42.376772325404914 ], [ 1.199501534325681, 42.37677137216005 ], [ 1.199440831059821, 42.376770418883048 ], [ 1.199380127796903, 42.376769465573929 ], [ 1.199319424536928, 42.376768512232665 ], [ 1.199320710344065, 42.376723504065716 ], [ 1.199321996148262, 42.376678495898346 ], [ 1.199323281949514, 42.376633487730622 ], [ 1.199324567747826, 42.376588479562443 ], [ 1.199325853543194, 42.376543471393937 ], [ 1.199327139335618, 42.376498463225062 ], [ 1.199328425125102, 42.376453455055739 ], [ 1.199329710911641, 42.376408446886053 ], [ 1.199330996695239, 42.376363438715984 ], [ 1.199332282475895, 42.376318430545538 ], [ 1.199333568253608, 42.376273422374688 ], [ 1.199334854028379, 42.376228414203467 ], [ 1.199336139800209, 42.376183406031849 ], [ 1.199337425569095, 42.376138397859812 ], [ 1.199338711335038, 42.376093389687433 ], [ 1.19927800872756, 42.376092436336464 ], [ 1.199217306123024, 42.376091482953392 ], [ 1.199156603521432, 42.376090529538168 ], [ 1.199095900922783, 42.376089576090848 ], [ 1.199035198327074, 42.376088622611412 ], [ 1.198974495734312, 42.376087669099832 ], [ 1.198913793144492, 42.376086715556156 ], [ 1.198853090557615, 42.376085761980335 ], [ 1.198792387973682, 42.376084808372397 ], [ 1.198731685392691, 42.37608385473235 ], [ 1.198730399193719, 42.376128862889786 ], [ 1.198729112991803, 42.376173871046852 ], [ 1.198727826786944, 42.376218879203542 ], [ 1.198726540579141, 42.376263887359848 ], [ 1.198725254368395, 42.376308895515756 ], [ 1.198664551573834, 42.376307941836096 ], [ 1.198603848782217, 42.376306988124313 ], [ 1.198543145993543, 42.376306034380434 ], [ 1.198482443207814, 42.376305080604418 ], [ 1.198421740425027, 42.376304126796292 ], [ 1.198420453994821, 42.376349134944313 ], [ 1.198419167561672, 42.376394143091986 ], [ 1.198417881125579, 42.376439151239239 ], [ 1.19841659468654, 42.376484159386152 ], [ 1.19841530824456, 42.376529167532617 ], [ 1.198414021799634, 42.376574175678741 ], [ 1.198412735351766, 42.376619183824452 ], [ 1.198411448900951, 42.376664191969816 ], [ 1.198410162447195, 42.376709200114746 ], [ 1.198408875990493, 42.376754208259285 ], [ 1.198348172777614, 42.376753254404079 ], [ 1.19828746956768, 42.376752300516749 ], [ 1.198226766360689, 42.376751346597324 ], [ 1.198166063156644, 42.376750392645754 ], [ 1.198105359955544, 42.376749438662046 ], [ 1.198104073279377, 42.376794446798748 ], [ 1.198102786600266, 42.376839454935023 ], [ 1.198101499918211, 42.376884463070979 ], [ 1.198100213233209, 42.376929471206523 ], [ 1.198098926545266, 42.376974479341634 ], [ 1.198038223130588, 42.376973525318341 ], [ 1.197977519718854, 42.376972571262954 ], [ 1.197916816310065, 42.376971617175428 ], [ 1.197856112904224, 42.376970663055737 ], [ 1.197795409501324, 42.376969708903985 ], [ 1.197794122593912, 42.377014717031251 ], [ 1.197792835683554, 42.377059725158141 ], [ 1.197791548770252, 42.377104733284646 ], [ 1.197790261854005, 42.377149741410769 ], [ 1.197788974934811, 42.3771947495365 ], [ 1.197787688012674, 42.377239757661833 ], [ 1.197786401087592, 42.377284765786797 ], [ 1.197785114159563, 42.377329773911363 ], [ 1.19778382722859, 42.377374782035545 ], [ 1.197782540294673, 42.377419790159344 ], [ 1.19778125335781, 42.37746479828273 ], [ 1.197779966418003, 42.377509806405733 ], [ 1.19777867947525, 42.377554814528381 ], [ 1.197777392529551, 42.37759982265063 ], [ 1.197776105580909, 42.377644830772446 ], [ 1.197715401531375, 42.37764387656614 ], [ 1.197654697484787, 42.377642922327695 ], [ 1.197593993441144, 42.377641968057112 ], [ 1.197533289400447, 42.377641013754413 ], [ 1.197472585362696, 42.377640059419605 ], [ 1.19741188132789, 42.377639105052658 ], [ 1.197351177296031, 42.377638150653581 ], [ 1.197290473267118, 42.377637196222373 ], [ 1.19722976924115, 42.377636241759056 ], [ 1.197169065218131, 42.377635287263644 ], [ 1.197108361198055, 42.377634332736072 ], [ 1.197047657180929, 42.377633378176391 ], [ 1.196986953166746, 42.377632423584586 ], [ 1.196926249155512, 42.377631468960651 ], [ 1.196865545147225, 42.377630514304606 ], [ 1.196804841141883, 42.37762955961643 ], [ 1.19674413713949, 42.377628604896117 ], [ 1.196683433140042, 42.377627650143687 ], [ 1.196622729143543, 42.377626695359162 ], [ 1.19656202514999, 42.377625740542477 ], [ 1.196560737332279, 42.377670748634031 ], [ 1.196559449511622, 42.377715756725202 ], [ 1.196558161688018, 42.377760764815974 ], [ 1.196556873861466, 42.377805772906356 ], [ 1.196555586031968, 42.377850780996347 ], [ 1.196494881824832, 42.377849826140086 ], [ 1.196434177620642, 42.3778488712517 ], [ 1.196373473419402, 42.377847916331177 ], [ 1.196312769221108, 42.377846961378538 ], [ 1.196252065025762, 42.377846006393753 ], [ 1.196250776976784, 42.377891014475885 ], [ 1.196249488924858, 42.377936022557634 ], [ 1.196248200869985, 42.377981030638999 ], [ 1.196246912812165, 42.378026038719959 ], [ 1.196245624751394, 42.378071046800535 ], [ 1.196184920342463, 42.378070091776195 ], [ 1.196124215936479, 42.378069136719674 ], [ 1.196063511533445, 42.37806818163105 ], [ 1.196002807133359, 42.378067226510318 ], [ 1.195942102736221, 42.378066271357461 ], [ 1.195881398342032, 42.378065316172453 ], [ 1.19582069395079, 42.378064360955328 ], [ 1.195759989562497, 42.378063405706094 ], [ 1.195699285177152, 42.378062450424736 ], [ 1.195638580794758, 42.378061495111247 ], [ 1.195637292297973, 42.378106503176475 ], [ 1.195636003798238, 42.37815151124132 ], [ 1.195634715295554, 42.378196519305789 ], [ 1.195633426789922, 42.378241527369838 ], [ 1.195632138281341, 42.37828653543351 ], [ 1.195630849769812, 42.378331543496792 ], [ 1.195629561255334, 42.37837655155969 ], [ 1.195628272737907, 42.378421559622211 ], [ 1.195626984217533, 42.37846656768432 ], [ 1.195625695694207, 42.378511575746067 ], [ 1.195686400509675, 42.37851253107452 ], [ 1.195747105328093, 42.378513486370835 ], [ 1.195807810149459, 42.378514441635048 ], [ 1.195868514973773, 42.378515396867137 ], [ 1.195929219801037, 42.378516352067081 ], [ 1.195927931491304, 42.378561360135905 ], [ 1.195926643178622, 42.378606368204352 ], [ 1.195925354862992, 42.378651376272416 ], [ 1.195924066544414, 42.378696384340088 ], [ 1.195922778222887, 42.378741392407349 ], [ 1.195983483269641, 42.37874234758268 ], [ 1.19604418831934, 42.37874330272588 ], [ 1.19610489337199, 42.378744257836928 ], [ 1.196165598427588, 42.378745212915888 ], [ 1.196226303486134, 42.378746167962717 ], [ 1.196225015378201, 42.378791176037069 ], [ 1.196223727267319, 42.378836184111059 ], [ 1.196222439153491, 42.37888119218465 ], [ 1.196221151036716, 42.378926200257879 ], [ 1.196219862916992, 42.378971208330682 ], [ 1.196280568195029, 42.378972163352863 ], [ 1.196341273476013, 42.378973118342898 ], [ 1.196401978759948, 42.378974073300853 ], [ 1.196462684046828, 42.378975028226641 ], [ 1.196523389336655, 42.378975983120313 ], [ 1.196522101430528, 42.379020991200235 ], [ 1.196520813521454, 42.37906599927976 ], [ 1.196519525609433, 42.379111007358887 ], [ 1.196518237694463, 42.379156015437651 ], [ 1.196516949776548, 42.379201023516032 ], [ 1.196577655285869, 42.379201978385041 ], [ 1.196638360798139, 42.379202933221961 ], [ 1.196699066313356, 42.379203888026737 ], [ 1.19675977183152, 42.379204842799403 ], [ 1.196820477352631, 42.379205797539939 ], [ 1.196819189648315, 42.379250805625389 ], [ 1.196817901941052, 42.379295813710463 ], [ 1.196816614230841, 42.37934082179514 ], [ 1.196815326517685, 42.379385829879453 ], [ 1.196814038801581, 42.379430837963341 ], [ 1.196874744542188, 42.379431792679213 ], [ 1.196935450285743, 42.379432747362983 ], [ 1.196996156032244, 42.379433702014623 ], [ 1.197056861781692, 42.379434656634153 ], [ 1.197117567534087, 42.379435611221503 ], [ 1.197116280031586, 42.379480619312524 ], [ 1.19711499252614, 42.379525627403126 ], [ 1.197113705017746, 42.379570635493323 ], [ 1.197112417506407, 42.379615643583186 ], [ 1.19711112999212, 42.379660651672623 ], [ 1.197171835964012, 42.379661606235352 ], [ 1.197232541938852, 42.379662560765972 ], [ 1.197293247916639, 42.379663515264461 ], [ 1.19735395389737, 42.37966446973082 ], [ 1.19741465988105, 42.379665424165069 ], [ 1.197413372580369, 42.379710432261604 ], [ 1.197412085276744, 42.379755440357719 ], [ 1.197410797970171, 42.379800448453501 ], [ 1.197409510660653, 42.379845456548878 ], [ 1.197408223348189, 42.379890464643857 ], [ 1.197468929551369, 42.379891419053436 ], [ 1.197529635757493, 42.379892373430906 ], [ 1.197590341966565, 42.379893327776252 ], [ 1.197651048178582, 42.379894282089452 ], [ 1.197711754393546, 42.379895236370544 ], [ 1.197710467294691, 42.379940244472593 ], [ 1.197709180192891, 42.379985252574279 ], [ 1.197707893088145, 42.380030260675582 ], [ 1.197706605980453, 42.380075268776501 ], [ 1.197705318869817, 42.380120276877001 ], [ 1.197704031756235, 42.380165284977146 ], [ 1.197702744639707, 42.380210293076885 ], [ 1.197701457520232, 42.380255301176241 ], [ 1.197700170397814, 42.380300309275228 ], [ 1.19769888327245, 42.380345317373809 ], [ 1.197759589923475, 42.380346271637706 ], [ 1.197820296577445, 42.380347225869464 ], [ 1.197881003234361, 42.380348180069149 ], [ 1.197941709894223, 42.380349134236695 ], [ 1.19800241655703, 42.380350088372104 ], [ 1.19800112964528, 42.380395096477763 ], [ 1.197999842730586, 42.380440104583023 ], [ 1.197998555812945, 42.380485112687943 ], [ 1.19799726889236, 42.380530120792464 ], [ 1.19799598196883, 42.380575128896538 ], [ 1.198056688851145, 42.380576083007313 ], [ 1.198117395736404, 42.380577037085928 ], [ 1.198178102624609, 42.380577991132419 ], [ 1.198238809515759, 42.380578945146809 ], [ 1.198299516409855, 42.380579899129053 ], [ 1.198298229699941, 42.380624907240254 ], [ 1.198296942987086, 42.380669915351071 ], [ 1.198295656271284, 42.380714923461504 ], [ 1.198294369552538, 42.380759931571532 ], [ 1.198293082830849, 42.380804939681205 ], [ 1.198353789944453, 42.380805893638779 ], [ 1.198414497061, 42.380806847564273 ], [ 1.198475204180496, 42.380807801457593 ], [ 1.198535911302933, 42.380808755318817 ], [ 1.198596618428317, 42.380809709147911 ], [ 1.198595331920247, 42.38085471726464 ], [ 1.198594045409234, 42.380899725380985 ], [ 1.198592758895277, 42.380944733496932 ], [ 1.198591472378375, 42.380989741612517 ], [ 1.19859018585853, 42.381034749727696 ], [ 1.198650893203423, 42.381035703532135 ], [ 1.198711600551262, 42.381036657304442 ], [ 1.198772307902045, 42.381037611044626 ], [ 1.198833015255773, 42.381038564752664 ], [ 1.198893722612445, 42.381039518428587 ], [ 1.19895442997206, 42.381040472072385 ], [ 1.19901513733462, 42.381041425684053 ], [ 1.199075844700123, 42.381042379263612 ], [ 1.19913655206857, 42.381043332811018 ], [ 1.19919725943996, 42.381044286326301 ], [ 1.199257966814294, 42.381045239809467 ], [ 1.199318674191572, 42.381046193260502 ], [ 1.199379381571793, 42.381047146679414 ], [ 1.199440088954956, 42.381048100066195 ], [ 1.199500796341065, 42.381049053420845 ], [ 1.19949951046798, 42.381094061558059 ], [ 1.199498224591954, 42.381139069694875 ], [ 1.199496938712984, 42.381184077831307 ], [ 1.199495652831072, 42.381229085967348 ], [ 1.199494366946217, 42.38127409410302 ], [ 1.199555074551838, 42.381275047433022 ], [ 1.199615782160401, 42.381276000730871 ], [ 1.199676489771907, 42.381276953996611 ], [ 1.199737197386356, 42.381277907230221 ], [ 1.199797905003749, 42.381278860431692 ], [ 1.199858612624082, 42.381279813601054 ], [ 1.199919320247357, 42.381280766738293 ], [ 1.199980027873577, 42.381281719843393 ], [ 1.200040735502737, 42.381282672916385 ], [ 1.20010144313484, 42.381283625957238 ], [ 1.200162150769886, 42.381284578965925 ], [ 1.200222858407874, 42.381285531942517 ], [ 1.200283566048803, 42.381286484886985 ], [ 1.200344273692673, 42.38128743779933 ], [ 1.200404981339485, 42.381288390679522 ], [ 1.200403696101404, 42.381333398837207 ], [ 1.200402410860381, 42.381378406994493 ], [ 1.200401125616417, 42.381423415151382 ], [ 1.200399840369511, 42.381468423307894 ], [ 1.200398555119663, 42.381513431464015 ], [ 1.200459262985991, 42.381514384319566 ], [ 1.20051997085526, 42.381515337142979 ], [ 1.200580678727469, 42.381516289934261 ], [ 1.200641386602622, 42.381517242693434 ], [ 1.200702094480714, 42.381518195420448 ], [ 1.2007008094445, 42.38156320358366 ], [ 1.200699524405346, 42.381608211746489 ], [ 1.200698239363252, 42.381653219908877 ], [ 1.200696954318215, 42.381698228070917 ], [ 1.200695669270238, 42.381743236232566 ], [ 1.200756377367847, 42.381744188934931 ], [ 1.200817085468398, 42.381745141605201 ], [ 1.20087779357189, 42.381746094243297 ], [ 1.200938501678322, 42.381747046849291 ], [ 1.200999209787696, 42.381747999423141 ], [ 1.201059917900009, 42.381748951964894 ], [ 1.201120626015265, 42.381749904474482 ], [ 1.201181334133459, 42.381750856951967 ], [ 1.201242042254594, 42.381751809397301 ], [ 1.20130275037867, 42.381752761810532 ], [ 1.201363458505684, 42.381753714191625 ], [ 1.201424166635641, 42.38175466654058 ], [ 1.201484874768536, 42.381755618857419 ], [ 1.201545582904372, 42.38175657114212 ], [ 1.201606291043148, 42.381757523394697 ], [ 1.201607575441393, 42.381712515210651 ], [ 1.201608859836699, 42.381667507026243 ], [ 1.201610144229066, 42.381622498841438 ], [ 1.201611428618493, 42.381577490656241 ], [ 1.201612713004981, 42.381532482470668 ], [ 1.201673420930119, 42.381533434683668 ], [ 1.201734128858196, 42.381534386864523 ], [ 1.201794836789214, 42.38153533901324 ], [ 1.20185554472317, 42.381536291129855 ], [ 1.201916252660067, 42.381537243214339 ], [ 1.201976960599901, 42.381538195266678 ], [ 1.202037668542674, 42.381539147286915 ], [ 1.202098376488389, 42.381540099275007 ], [ 1.20215908443704, 42.381541051230975 ], [ 1.20221979238863, 42.38154200315482 ], [ 1.20228050034316, 42.381542955046527 ], [ 1.202341208300627, 42.381543906906124 ], [ 1.202401916261033, 42.381544858733584 ], [ 1.202462624224377, 42.38154581052892 ], [ 1.202523332190661, 42.38154676229211 ], [ 1.202522048453901, 42.381591770500066 ], [ 1.202520764714202, 42.381636778707637 ], [ 1.202519480971565, 42.381681786914797 ], [ 1.20251819722599, 42.381726795121594 ], [ 1.202516913477479, 42.381771803328 ], [ 1.202577621663277, 42.381772755066528 ], [ 1.202638329852013, 42.381773706772925 ], [ 1.202699038043687, 42.381774658447199 ], [ 1.202759746238298, 42.381775610089335 ], [ 1.202820454435848, 42.381776561699361 ], [ 1.202881162636335, 42.381777513277264 ], [ 1.202941870839759, 42.381778464822993 ], [ 1.203002579046123, 42.381779416336656 ], [ 1.203063287255422, 42.381780367818145 ], [ 1.203123995467659, 42.381781319267525 ], [ 1.203125278783014, 42.381736311046211 ], [ 1.203126562095434, 42.381691302824493 ], [ 1.203127845404915, 42.381646294602405 ], [ 1.203129128711459, 42.38160128637994 ], [ 1.203130412015067, 42.38155627815707 ], [ 1.203191120013665, 42.381557229566866 ], [ 1.203251828015198, 42.381558180944545 ], [ 1.203312536019668, 42.381559132290072 ], [ 1.203373244027075, 42.381560083603482 ], [ 1.20343395203742, 42.381561034884754 ], [ 1.203494660050701, 42.381561986133903 ], [ 1.203555368066919, 42.381562937350935 ], [ 1.203616076086071, 42.38156388853583 ], [ 1.203676784108161, 42.381564839688593 ], [ 1.20373749213319, 42.381565790809226 ], [ 1.203736209262733, 42.381610799047024 ], [ 1.203734926389344, 42.381655807284375 ], [ 1.203733643513017, 42.381700815521384 ], [ 1.203732360633755, 42.381745823757996 ], [ 1.203731077751556, 42.381790831994223 ], [ 1.203791785996096, 42.381791783090193 ], [ 1.203852494243573, 42.381792734154025 ], [ 1.203913202493986, 42.381793685185727 ], [ 1.203973910747334, 42.381794636185312 ], [ 1.204034619003618, 42.381795587152759 ], [ 1.204095327262838, 42.381796538088075 ], [ 1.204156035524994, 42.381797488991261 ], [ 1.204216743790085, 42.381798439862322 ], [ 1.204277452058112, 42.381799390701275 ], [ 1.204338160329073, 42.381800341508082 ], [ 1.204336877877097, 42.381845349758819 ], [ 1.204335595422188, 42.381890358009166 ], [ 1.204334312964343, 42.381935366259114 ], [ 1.204333030503564, 42.381980374508686 ], [ 1.204331748039847, 42.382025382757895 ], [ 1.204392456530326, 42.382026333540018 ], [ 1.204453165023738, 42.382027284290025 ], [ 1.204513873520087, 42.382028235007873 ], [ 1.204574582019369, 42.382029185693611 ], [ 1.204635290521587, 42.382030136347211 ], [ 1.204634008271519, 42.382075144603469 ], [ 1.204632726018517, 42.382120152859329 ], [ 1.20463144376258, 42.382165161114813 ], [ 1.204630161503709, 42.382210169369884 ], [ 1.204628879241904, 42.382255177624558 ], [ 1.20468958796364, 42.382256128253502 ], [ 1.20475029668831, 42.382257078850316 ], [ 1.204811005415915, 42.382258029414977 ], [ 1.204871714146454, 42.38225897994753 ], [ 1.204932422879928, 42.382259930447972 ], [ 1.204993131616337, 42.382260880916235 ], [ 1.205053840355679, 42.382261831352402 ], [ 1.205114549097955, 42.382262781756445 ], [ 1.205175257843166, 42.382263732128344 ], [ 1.205235966591311, 42.382264682468126 ], [ 1.205296675342389, 42.38226563277577 ], [ 1.2053573840964, 42.38226658305129 ], [ 1.205418092853345, 42.38226753329468 ], [ 1.205478801613225, 42.382268483505925 ], [ 1.205539510376037, 42.38226943368506 ], [ 1.205540791988089, 42.382224425408047 ], [ 1.205542073597206, 42.382179417130622 ], [ 1.205543355203392, 42.382134408852842 ], [ 1.205544636806645, 42.382089400574628 ], [ 1.205545918406964, 42.382044392296059 ], [ 1.205547200004351, 42.381999384017085 ], [ 1.205548481598804, 42.381954375737742 ], [ 1.205549763190324, 42.381909367457993 ], [ 1.205551044778913, 42.381864359177861 ], [ 1.205552326364567, 42.381819350897345 ], [ 1.205613034697148, 42.381820301029435 ], [ 1.20567374303266, 42.381821251129438 ], [ 1.205734451371107, 42.381822201197295 ], [ 1.205795159712486, 42.381823151233036 ], [ 1.205855868056796, 42.381824101236639 ], [ 1.205857149422939, 42.381779092948307 ], [ 1.205858430786148, 42.381734084659541 ], [ 1.205859712146424, 42.381689076370428 ], [ 1.205860993503768, 42.381644068080931 ], [ 1.20586227485818, 42.381599059791036 ], [ 1.20586355620966, 42.381554051500743 ], [ 1.205864837558207, 42.38150904321008 ], [ 1.205866118903821, 42.381464034919041 ], [ 1.205867400246502, 42.381419026627576 ], [ 1.205868681586252, 42.381374018335748 ], [ 1.205929389500341, 42.381374968292327 ], [ 1.205990097417362, 42.381375918216797 ], [ 1.206050805337316, 42.381376868109115 ], [ 1.206111513260202, 42.38137781796933 ], [ 1.206172221186019, 42.381378767797408 ], [ 1.206173502306261, 42.381333759497736 ], [ 1.206174783423572, 42.381288751197687 ], [ 1.20617606453795, 42.381243742897261 ], [ 1.206177345649396, 42.381198734596417 ], [ 1.20617862675791, 42.38115372629521 ], [ 1.206179907863493, 42.381108717993612 ], [ 1.206181188966144, 42.381063709691624 ], [ 1.206182470065862, 42.381018701389245 ], [ 1.20618375116265, 42.380973693086482 ], [ 1.206185032256504, 42.380928684783321 ], [ 1.206245739752108, 42.380929634564403 ], [ 1.206306447250644, 42.38093058431334 ], [ 1.206367154752111, 42.380931534030161 ], [ 1.206427862256511, 42.380932483714844 ], [ 1.206488569763843, 42.380933433367417 ], [ 1.206487288886559, 42.380978441677982 ], [ 1.206486008006343, 42.381023449988213 ], [ 1.206484727123196, 42.381068458298024 ], [ 1.206483446237119, 42.381113466607459 ], [ 1.206482165348109, 42.381158474916482 ], [ 1.206542873074944, 42.381159424544343 ], [ 1.20660358080471, 42.38116037414008 ], [ 1.206664288537408, 42.381161323703701 ], [ 1.206724996273037, 42.381162273235205 ], [ 1.206785704011598, 42.38116322273455 ], [ 1.20678442333623, 42.381208231050657 ], [ 1.206783142657934, 42.381253239366352 ], [ 1.206781861976702, 42.381298247681677 ], [ 1.206780581292544, 42.381343255996612 ], [ 1.206779300605454, 42.381388264311148 ], [ 1.20684000856352, 42.381389213785809 ], [ 1.206900716524518, 42.38139016322836 ], [ 1.206961424488447, 42.381391112638767 ], [ 1.207022132455305, 42.381392062017063 ], [ 1.207082840425096, 42.381393011363215 ], [ 1.207081559951652, 42.381438019684808 ], [ 1.207080279475276, 42.381483028006024 ], [ 1.20707899899597, 42.381528036326827 ], [ 1.207077718513733, 42.381573044647254 ], [ 1.207076438028567, 42.381618052967298 ], [ 1.207137146217865, 42.38161900228878 ], [ 1.207197854410094, 42.381619951578116 ], [ 1.207258562605253, 42.38162090083533 ], [ 1.207319270803342, 42.381621850060419 ], [ 1.207379979004363, 42.381622799253357 ], [ 1.207440687208314, 42.381623748414178 ], [ 1.207501395415193, 42.38162469754289 ], [ 1.207562103625003, 42.381625646639471 ], [ 1.207622811837745, 42.381626595703885 ], [ 1.207683520053415, 42.381627544736205 ], [ 1.207684800105425, 42.381582536401282 ], [ 1.207686080154504, 42.381537528065984 ], [ 1.207687360200653, 42.381492519730308 ], [ 1.207688640243875, 42.381447511394228 ], [ 1.207689920284166, 42.381402503057764 ], [ 1.207691200321529, 42.381357494720923 ], [ 1.207692480355962, 42.381312486383671 ], [ 1.207693760387464, 42.381267478046027 ], [ 1.207695040416037, 42.381222469708028 ], [ 1.207696320441684, 42.381177461369631 ], [ 1.207697600464398, 42.38113245303083 ], [ 1.207698880484184, 42.381087444691659 ], [ 1.20770016050104, 42.381042436352097 ], [ 1.207701440514967, 42.380997428012137 ], [ 1.207702720525963, 42.3809524196718 ], [ 1.207763428094838, 42.380953368649678 ], [ 1.207824135666641, 42.380954317595432 ], [ 1.207884843241374, 42.380955266509076 ], [ 1.207945550819035, 42.380956215390562 ], [ 1.208006258399625, 42.380957164239945 ], [ 1.2080049786052, 42.381002172587692 ], [ 1.208003698807846, 42.381047180935091 ], [ 1.208002419007562, 42.381092189282107 ], [ 1.20800113920435, 42.381137197628703 ], [ 1.207999859398209, 42.38118220597493 ], [ 1.207998579589139, 42.381227214320766 ], [ 1.20799729977714, 42.381272222666205 ], [ 1.207996019962213, 42.381317231011252 ], [ 1.207994740144356, 42.381362239355937 ], [ 1.20799346032357, 42.381407247700238 ], [ 1.208054168340239, 42.381408196532334 ], [ 1.208114876359837, 42.381409145332334 ], [ 1.208175584382364, 42.381410094100175 ], [ 1.208236292407819, 42.381411042835893 ], [ 1.208297000436204, 42.381411991539501 ], [ 1.208295720829067, 42.381456999890837 ], [ 1.208294441219002, 42.381502008241782 ], [ 1.208293161606008, 42.381547016592336 ], [ 1.208291881990086, 42.381592024942492 ], [ 1.208290602371234, 42.381637033292286 ], [ 1.208351310619126, 42.38163798197121 ], [ 1.208412018869946, 42.381638930617967 ], [ 1.208472727123695, 42.381639879232608 ], [ 1.208533435380372, 42.381640827815133 ], [ 1.208594143639977, 42.381641776365505 ], [ 1.208595423042249, 42.381596768008301 ], [ 1.208596702441592, 42.381551759650698 ], [ 1.208597981838007, 42.381506751292719 ], [ 1.208599261231496, 42.381461742934334 ], [ 1.208600540622055, 42.381416734575573 ], [ 1.208601820009688, 42.381371726216422 ], [ 1.20860309939439, 42.381326717856879 ], [ 1.208604378776168, 42.381281709496946 ], [ 1.208605658155015, 42.381236701136636 ], [ 1.208606937530936, 42.381191692775943 ], [ 1.208667645360314, 42.381192641279341 ], [ 1.208728353192621, 42.381193589750616 ], [ 1.208789061027857, 42.38119453818976 ], [ 1.20884976886602, 42.381195486596781 ], [ 1.20891047670711, 42.381196434971656 ], [ 1.208911755863528, 42.381151426603132 ], [ 1.208913035017018, 42.381106418234246 ], [ 1.208914314167581, 42.381061409864934 ], [ 1.208915593315217, 42.381016401495245 ], [ 1.208916872459925, 42.380971393125208 ], [ 1.208977580087369, 42.38097234146052 ], [ 1.209038287717742, 42.380973289763723 ], [ 1.20909899535104, 42.380974238034817 ], [ 1.209159702987267, 42.380975186273744 ], [ 1.209220410626421, 42.380976134480576 ], [ 1.209281118268501, 42.380977082655278 ], [ 1.20934182591351, 42.38097803079782 ], [ 1.209402533561446, 42.380978978908267 ], [ 1.209463241212308, 42.380979926986591 ], [ 1.209523948866095, 42.380980875032762 ], [ 1.209525227574732, 42.380935866647427 ], [ 1.209526506280442, 42.380890858261736 ], [ 1.209527784983226, 42.380845849875655 ], [ 1.209529063683082, 42.380800841489176 ], [ 1.209530342380011, 42.380755833102327 ], [ 1.209591049820155, 42.380756781108943 ], [ 1.209651757263226, 42.380757729083449 ], [ 1.209712464709221, 42.380758677025831 ], [ 1.209773172158144, 42.380759624936054 ], [ 1.209833879609993, 42.380760572814182 ], [ 1.209894587064768, 42.38076152066018 ], [ 1.20995529452247, 42.380762468474025 ], [ 1.210016001983095, 42.38076341625576 ], [ 1.210076709446649, 42.380764364005366 ], [ 1.210137416913127, 42.380765311722854 ], [ 1.210138695173991, 42.38072030332075 ], [ 1.210139973431928, 42.380675294918255 ], [ 1.210141251686942, 42.380630286515391 ], [ 1.210142529939029, 42.380585278112122 ], [ 1.21014380818819, 42.380540269708469 ], [ 1.210145086434428, 42.380495261304425 ], [ 1.210146364677739, 42.380450252900012 ], [ 1.210147642918126, 42.380405244495201 ], [ 1.210148921155586, 42.380360236089999 ], [ 1.210150199390122, 42.38031522768442 ], [ 1.210210906426388, 42.38031617535492 ], [ 1.210271613465582, 42.380317122993297 ], [ 1.2103323205077, 42.380318070599536 ], [ 1.210393027552742, 42.380319018173672 ], [ 1.210453734600711, 42.380319965715671 ], [ 1.210455012615756, 42.380274957302262 ], [ 1.210456290627876, 42.380229948888484 ], [ 1.210457568637071, 42.380184940474301 ], [ 1.210458846643341, 42.380139932059741 ], [ 1.210460124646687, 42.380094923644798 ], [ 1.210520831481015, 42.380095871147255 ], [ 1.210581538318268, 42.380096818617567 ], [ 1.210642245158447, 42.380097766055762 ], [ 1.21070295200155, 42.380098713461827 ], [ 1.210763658847577, 42.380099660835775 ], [ 1.210764936631434, 42.380054652413001 ], [ 1.210766214412367, 42.380009643989872 ], [ 1.210767492190377, 42.379964635566331 ], [ 1.210768769965462, 42.379919627142414 ], [ 1.210770047737623, 42.379874618718098 ], [ 1.210771325506859, 42.379829610293406 ], [ 1.210772603273172, 42.379784601868302 ], [ 1.21077388103656, 42.379739593442849 ], [ 1.210775158797025, 42.379694585016985 ], [ 1.210776436554563, 42.379649576590737 ], [ 1.210777714309179, 42.379604568164133 ], [ 1.210778992060871, 42.379559559737082 ], [ 1.210780269809638, 42.379514551309711 ], [ 1.210781547555482, 42.3794695428819 ], [ 1.210782825298401, 42.379424534453719 ], [ 1.210722119102053, 42.379423587102046 ], [ 1.210661412908631, 42.379422639718257 ], [ 1.210600706718132, 42.379421692302309 ], [ 1.210540000530559, 42.379420744854258 ], [ 1.21047929434591, 42.379419797374091 ], [ 1.210418588164186, 42.379418849861786 ], [ 1.210357881985388, 42.37941790231735 ], [ 1.210297175809515, 42.37941695474079 ], [ 1.210236469636566, 42.379416007132114 ], [ 1.210175763466542, 42.379415059491315 ], [ 1.210177041639649, 42.379370051077586 ], [ 1.210178319809831, 42.379325042663488 ], [ 1.210179597977088, 42.379280034248993 ], [ 1.210180876141419, 42.379235025834092 ], [ 1.210182154302826, 42.379190017418814 ], [ 1.210121448352284, 42.379189069753295 ], [ 1.210060742404665, 42.379188122055666 ], [ 1.210000036459972, 42.379187174325928 ], [ 1.209939330518206, 42.379186226564038 ], [ 1.209878624579366, 42.379185278770009 ], [ 1.209817918643449, 42.379184330943886 ], [ 1.209757212710461, 42.379183383085611 ], [ 1.209696506780398, 42.379182435195219 ], [ 1.209635800853261, 42.379181487272703 ], [ 1.209575094929049, 42.379180539318078 ], [ 1.209514389007765, 42.379179591331322 ], [ 1.209453683089406, 42.379178643312407 ], [ 1.209392977173976, 42.379177695261383 ], [ 1.209332271261469, 42.379176747178256 ], [ 1.20927156535189, 42.379175799062978 ], [ 1.209272844160032, 42.379130790669599 ], [ 1.209274122965245, 42.37908578227583 ], [ 1.209275401767533, 42.379040773881663 ], [ 1.209276680566895, 42.378995765487133 ], [ 1.209277959363329, 42.378950757092191 ] ], [ [ 1.200824159511883, 42.377242418148739 ], [ 1.200822874755014, 42.377287426348772 ], [ 1.200821589995205, 42.377332434548421 ], [ 1.200820305232456, 42.377377442747672 ], [ 1.200819020466768, 42.37742245094654 ], [ 1.200817735698138, 42.377467459145031 ], [ 1.200816450926569, 42.377512467343095 ], [ 1.200815166152059, 42.377557475540833 ], [ 1.200813881374609, 42.377602483738123 ], [ 1.200812596594221, 42.377647491935043 ], [ 1.200811311810891, 42.377692500131623 ], [ 1.200750607614209, 42.377691547531434 ], [ 1.200689903420468, 42.377690594899164 ], [ 1.200629199229668, 42.377689642234742 ], [ 1.200568495041809, 42.377688689538218 ], [ 1.20050779085689, 42.377687736809577 ], [ 1.200447086674912, 42.377686784048798 ], [ 1.200386382495875, 42.377685831255896 ], [ 1.200325678319778, 42.37768487843087 ], [ 1.200264974146626, 42.37768392557372 ], [ 1.200204269976411, 42.377682972684461 ], [ 1.200143565809139, 42.377682019763071 ], [ 1.200082861644809, 42.377681066809551 ], [ 1.20002215748342, 42.377680113823907 ], [ 1.199961453324975, 42.377679160806139 ], [ 1.199900749169469, 42.377678207756254 ], [ 1.199902034602396, 42.377633199582114 ], [ 1.199903320032378, 42.37758819140759 ], [ 1.199904605459422, 42.377543183232646 ], [ 1.199905890883523, 42.37749817505734 ], [ 1.199907176304681, 42.377453166881644 ], [ 1.1999084617229, 42.377408158705556 ], [ 1.199909747138176, 42.377363150529078 ], [ 1.19991103255051, 42.377318142352223 ], [ 1.199912317959905, 42.377273134174963 ], [ 1.199913603366355, 42.37722812599732 ], [ 1.199974307088801, 42.377229079032297 ], [ 1.20003501081419, 42.377230032035115 ], [ 1.200095714542518, 42.377230985005816 ], [ 1.200156418273789, 42.377231937944401 ], [ 1.200217122008001, 42.377232890850884 ], [ 1.200277825745155, 42.377233843725207 ], [ 1.20033852948525, 42.377234796567436 ], [ 1.200399233228286, 42.37723574937754 ], [ 1.200459936974263, 42.377236702155479 ], [ 1.200520640723181, 42.377237654901336 ], [ 1.200581344475039, 42.377238607615077 ], [ 1.20064204822984, 42.377239560296687 ], [ 1.20070275198758, 42.377240512946145 ], [ 1.200763455748261, 42.377241465563515 ], [ 1.200824159511883, 42.377242418148739 ] ], [ [ 1.202935960546508, 42.377725820899329 ], [ 1.202934677275973, 42.3777708291477 ], [ 1.2029333940025, 42.377815837395673 ], [ 1.202932110726091, 42.377860845643276 ], [ 1.202930827446747, 42.377905853890454 ], [ 1.202929544164464, 42.37795086213724 ], [ 1.202990248683473, 42.377951813588439 ], [ 1.20305095320542, 42.377952765007471 ], [ 1.203111657730304, 42.377953716394394 ], [ 1.203172362258124, 42.377954667749172 ], [ 1.203233066788882, 42.377955619071855 ], [ 1.2032317837202, 42.378000627325733 ], [ 1.203230500648581, 42.378045635579205 ], [ 1.203229217574026, 42.37809064383233 ], [ 1.203227934496534, 42.378135652085035 ], [ 1.203226651416106, 42.378180660337371 ], [ 1.203287356166338, 42.37818161163537 ], [ 1.203348060919507, 42.378182562901237 ], [ 1.203408765675611, 42.378183514134975 ], [ 1.203469470434651, 42.378184465336609 ], [ 1.203530175196627, 42.378185416506106 ], [ 1.203528892329802, 42.378230424765505 ], [ 1.203527609460042, 42.378275433024498 ], [ 1.203526326587347, 42.378320441283115 ], [ 1.203525043711714, 42.378365449541334 ], [ 1.203523760833149, 42.378410457799177 ], [ 1.203522477951644, 42.378455466056643 ], [ 1.203521195067204, 42.378500474313718 ], [ 1.203519912179829, 42.378545482570388 ], [ 1.203518629289519, 42.378590490826674 ], [ 1.203517346396272, 42.378635499082584 ], [ 1.203516063500089, 42.378680507338089 ], [ 1.20351478060097, 42.37872551559321 ], [ 1.203513497698916, 42.378770523847955 ], [ 1.203512214793927, 42.378815532102323 ], [ 1.203510931885999, 42.378860540356278 ], [ 1.203571637300542, 42.378861491516005 ], [ 1.203632342718019, 42.378862442643644 ], [ 1.203693048138434, 42.37886339373911 ], [ 1.203753753561782, 42.378864344802466 ], [ 1.203814458988067, 42.378865295833698 ], [ 1.203813176293753, 42.37891030409471 ], [ 1.203811893596503, 42.378955312355352 ], [ 1.203810610896317, 42.379000320615603 ], [ 1.203809328193195, 42.37904532887547 ], [ 1.203808045487138, 42.379090337134947 ], [ 1.203806762778145, 42.37913534539404 ], [ 1.203805480066219, 42.379180353652728 ], [ 1.203804197351354, 42.379225361911061 ], [ 1.203802914633556, 42.379270370168982 ], [ 1.203801631912823, 42.379315378426512 ], [ 1.203740926053438, 42.379314427380386 ], [ 1.203680220196989, 42.379313476302137 ], [ 1.203619514343477, 42.37931252519175 ], [ 1.203558808492901, 42.379311574049225 ], [ 1.20349810264526, 42.379310622874598 ], [ 1.203437396800557, 42.379309671667833 ], [ 1.203376690958789, 42.379308720428959 ], [ 1.203315985119958, 42.379307769157947 ], [ 1.203255279284064, 42.379306817854797 ], [ 1.203194573451106, 42.379305866519552 ], [ 1.203193290294333, 42.379350874761791 ], [ 1.203192007134622, 42.37939588300366 ], [ 1.203190723971977, 42.379440891245146 ], [ 1.203189440806392, 42.379485899486212 ], [ 1.203188157637873, 42.37953090772691 ], [ 1.203127451591298, 42.37952995635208 ], [ 1.203066745547662, 42.379529004945113 ], [ 1.203006039506962, 42.379528053506 ], [ 1.202945333469199, 42.379527102034793 ], [ 1.202884627434374, 42.379526150531447 ], [ 1.202823921402485, 42.379525198995978 ], [ 1.202763215373535, 42.379524247428414 ], [ 1.202702509347521, 42.379523295828676 ], [ 1.202641803324445, 42.379522344196822 ], [ 1.202581097304306, 42.379521392532865 ], [ 1.202520391287106, 42.379520440836757 ], [ 1.202459685272844, 42.379519489108532 ], [ 1.20239897926152, 42.379518537348197 ], [ 1.202338273253133, 42.379517585555718 ], [ 1.202277567247684, 42.379516633731129 ], [ 1.202278851065863, 42.379471625512792 ], [ 1.202280134881106, 42.379426617294065 ], [ 1.20228141869341, 42.379381609074947 ], [ 1.202282702502776, 42.37933660085546 ], [ 1.202283986309204, 42.379291592635589 ], [ 1.202285270112693, 42.379246584415299 ], [ 1.202286553913244, 42.379201576194653 ], [ 1.202287837710858, 42.379156567973588 ], [ 1.202289121505535, 42.379111559752147 ], [ 1.202290405297273, 42.37906655153035 ], [ 1.202229699727865, 42.379065599688552 ], [ 1.202168994161394, 42.379064647814602 ], [ 1.202108288597862, 42.379063695908556 ], [ 1.202047583037269, 42.379062743970358 ], [ 1.201986877479615, 42.379061792000044 ], [ 1.201926171924899, 42.379060839997607 ], [ 1.201865466373121, 42.379059887963052 ], [ 1.201804760824283, 42.379058935896367 ], [ 1.201744055278384, 42.379057983797551 ], [ 1.201683349735423, 42.379057031666626 ], [ 1.201682065510589, 42.379102039873516 ], [ 1.201680781282815, 42.379147048080043 ], [ 1.201679497052102, 42.379192056286143 ], [ 1.201678212818449, 42.379237064491917 ], [ 1.201676928581859, 42.379282072697265 ], [ 1.20161622282529, 42.379281120526755 ], [ 1.201555517071658, 42.379280168324101 ], [ 1.201494811320967, 42.379279216089309 ], [ 1.201434105573215, 42.379278263822421 ], [ 1.201373399828402, 42.37927731152341 ], [ 1.20131269408653, 42.379276359192254 ], [ 1.201251988347598, 42.379275406828988 ], [ 1.201191282611604, 42.379274454433606 ], [ 1.201130576878551, 42.379273502006065 ], [ 1.201069871148438, 42.379272549546407 ], [ 1.201068586475808, 42.379317557736456 ], [ 1.201067301800236, 42.379362565926122 ], [ 1.201066017121726, 42.379407574115383 ], [ 1.201064732440274, 42.379452582304268 ], [ 1.201063447755883, 42.379497590492761 ], [ 1.201062163068555, 42.379542598680885 ], [ 1.201060878378283, 42.379587606868597 ], [ 1.201059593685073, 42.379632615055918 ], [ 1.201058308988922, 42.379677623242863 ], [ 1.201057024289832, 42.379722631429416 ], [ 1.200996318129553, 42.379721678922728 ], [ 1.200935611972216, 42.379720726383908 ], [ 1.20087490581782, 42.379719773812944 ], [ 1.200814199666364, 42.37971882120987 ], [ 1.200753493517848, 42.379717868574673 ], [ 1.200692787372273, 42.379716915907359 ], [ 1.200632081229639, 42.379715963207893 ], [ 1.200571375089946, 42.379715010476318 ], [ 1.200510668953195, 42.379714057712604 ], [ 1.200449962819383, 42.379713104916782 ], [ 1.200448677684242, 42.379758113088016 ], [ 1.200447392546161, 42.379803121258874 ], [ 1.200446107405137, 42.379848129429362 ], [ 1.200444822261173, 42.379893137599424 ], [ 1.200443537114268, 42.379938145769124 ], [ 1.200382830766844, 42.379937192933689 ], [ 1.20032212442236, 42.379936240066144 ], [ 1.200261418080817, 42.379935287166475 ], [ 1.200200711742216, 42.379934334234676 ], [ 1.200140005406558, 42.379933381270753 ], [ 1.20007929907384, 42.379932428274721 ], [ 1.200018592744065, 42.379931475246522 ], [ 1.199957886417232, 42.379930522186214 ], [ 1.199897180093341, 42.37992956909379 ], [ 1.199836473772392, 42.379928615969256 ], [ 1.199837759352411, 42.379883607814492 ], [ 1.199839044929487, 42.379838599659351 ], [ 1.199840330503621, 42.379793591503805 ], [ 1.199841616074815, 42.37974858334789 ], [ 1.199842901643065, 42.37970357519157 ], [ 1.199844187208373, 42.379658567034873 ], [ 1.199845472770739, 42.379613558877786 ], [ 1.199846758330163, 42.379568550720307 ], [ 1.199848043886646, 42.379523542562453 ], [ 1.199849329440186, 42.3794785344042 ], [ 1.199910035328027, 42.379479487513827 ], [ 1.199970741218809, 42.37948044059133 ], [ 1.200031447112533, 42.379481393636667 ], [ 1.2000921530092, 42.37948234664993 ], [ 1.200152858908808, 42.379483299631048 ], [ 1.200213564811359, 42.379484252580028 ], [ 1.200274270716849, 42.379485205496898 ], [ 1.200334976625282, 42.379486158381653 ], [ 1.200395682536658, 42.379487111234255 ], [ 1.200456388450973, 42.379488064054755 ], [ 1.20051709436823, 42.379489016843131 ], [ 1.200577800288429, 42.379489969599362 ], [ 1.200638506211568, 42.379490922323463 ], [ 1.200699212137649, 42.379491875015475 ], [ 1.200759918066669, 42.379492827675328 ], [ 1.200761202967612, 42.379447819494303 ], [ 1.200762487865615, 42.379402811312872 ], [ 1.200763772760677, 42.379357803131064 ], [ 1.200765057652799, 42.379312794948873 ], [ 1.20076634254198, 42.379267786766285 ], [ 1.20076762742822, 42.379222778583326 ], [ 1.200768912311521, 42.379177770399963 ], [ 1.20077019719188, 42.379132762216223 ], [ 1.2007714820693, 42.379087754032085 ], [ 1.200772766943777, 42.379042745847563 ], [ 1.20083347244264, 42.379043698460357 ], [ 1.200894177944442, 42.379044651041063 ], [ 1.200954883449186, 42.37904560358961 ], [ 1.201015588956869, 42.37904655610604 ], [ 1.201076294467494, 42.379047508590375 ], [ 1.201077579122484, 42.379002500397988 ], [ 1.201078863774535, 42.378957492205231 ], [ 1.201080148423648, 42.378912484012091 ], [ 1.20108143306982, 42.378867475818538 ], [ 1.20108271771305, 42.378822467624651 ], [ 1.201143423010067, 42.378823420069359 ], [ 1.201204128310025, 42.378824372481951 ], [ 1.201264833612922, 42.378825324862433 ], [ 1.20132553891876, 42.378826277210798 ], [ 1.201386244227537, 42.378827229527019 ], [ 1.201446949539255, 42.378828181811109 ], [ 1.201507654853911, 42.378829134063096 ], [ 1.201568360171506, 42.378830086282939 ], [ 1.201629065492042, 42.378831038470658 ], [ 1.201689770815515, 42.378831990626288 ], [ 1.201691055022717, 42.378786982417033 ], [ 1.201692339226979, 42.378741974207422 ], [ 1.201693623428303, 42.378696965997413 ], [ 1.201694907626688, 42.378651957787014 ], [ 1.201696191822134, 42.378606949576245 ], [ 1.201697476014641, 42.378561941365064 ], [ 1.20169876020421, 42.37851693315352 ], [ 1.201700044390839, 42.378471924941579 ], [ 1.20170132857453, 42.378426916729232 ], [ 1.201702612755282, 42.378381908516509 ], [ 1.201703896933096, 42.378336900303403 ], [ 1.20170518110797, 42.378291892089898 ], [ 1.201706465279906, 42.378246883876031 ], [ 1.201707749448901, 42.378201875661752 ], [ 1.20170903361496, 42.378156867447089 ], [ 1.201648328941112, 42.37815591531384 ], [ 1.201587624270201, 42.378154963148518 ], [ 1.201526919602231, 42.378154010951029 ], [ 1.2014662149372, 42.378153058721452 ], [ 1.201405510275107, 42.378152106459716 ], [ 1.201406794654766, 42.378107098252116 ], [ 1.201408079031483, 42.378062090044182 ], [ 1.201409363405261, 42.378017081835807 ], [ 1.2014106477761, 42.377972073627056 ], [ 1.201411932144001, 42.377927065417907 ], [ 1.201472636589555, 42.377928017672168 ], [ 1.20153334103805, 42.377928969894313 ], [ 1.201594045489483, 42.37792992208432 ], [ 1.201654749943856, 42.377930874242203 ], [ 1.201715454401168, 42.37793182636797 ], [ 1.20177615886142, 42.37793277846162 ], [ 1.201836863324609, 42.377933730523139 ], [ 1.201897567790738, 42.377934682552535 ], [ 1.201958272259806, 42.377935634549786 ], [ 1.202018976731812, 42.377936586514956 ], [ 1.202079681206756, 42.377937538447959 ], [ 1.202140385684639, 42.377938490348861 ], [ 1.20220109016546, 42.377939442217631 ], [ 1.202261794649219, 42.377940394054285 ], [ 1.202322499135917, 42.377941345858808 ], [ 1.202323782851271, 42.377896337626915 ], [ 1.202325066563687, 42.377851329394616 ], [ 1.202326350273165, 42.377806321161948 ], [ 1.202327633979707, 42.377761312928882 ], [ 1.202328917683311, 42.377716304695419 ], [ 1.202389621956412, 42.377717256460372 ], [ 1.20245032623245, 42.377718208193201 ], [ 1.202511030511426, 42.377719159893914 ], [ 1.202571734793339, 42.377720111562482 ], [ 1.202632439078191, 42.37772106319894 ], [ 1.20269314336598, 42.377722014803226 ], [ 1.202753847656707, 42.377722966375444 ], [ 1.20281455195037, 42.377723917915546 ], [ 1.202875256246971, 42.377724869423481 ], [ 1.202935960546508, 42.377725820899329 ] ], [ [ 1.207728320130768, 42.380052252783642 ], [ 1.207727040178356, 42.380097261131702 ], [ 1.207725760223014, 42.380142269479435 ], [ 1.207724480264744, 42.380187277826735 ], [ 1.207723200303545, 42.380232286173666 ], [ 1.207721920339415, 42.380277294520205 ], [ 1.207661213423175, 42.380276345532501 ], [ 1.207600506509864, 42.380275396512666 ], [ 1.207539799599483, 42.380274447460685 ], [ 1.207479092692034, 42.38027349837661 ], [ 1.207418385787512, 42.380272549260418 ], [ 1.207357678885921, 42.380271600112067 ], [ 1.20729697198726, 42.380270650931593 ], [ 1.20723626509153, 42.380269701719008 ], [ 1.207175558198729, 42.380268752474301 ], [ 1.207114851308859, 42.380267803197441 ], [ 1.207116131706116, 42.380222794865773 ], [ 1.207117412100443, 42.380177786533714 ], [ 1.20711869249184, 42.380132778201272 ], [ 1.207119972880306, 42.380087769868453 ], [ 1.207121253265843, 42.380042761535236 ], [ 1.207181959939149, 42.380043710804635 ], [ 1.207242666615387, 42.380044660041925 ], [ 1.207303373294556, 42.380045609247063 ], [ 1.207364079976653, 42.380046558420098 ], [ 1.20742478666168, 42.380047507561009 ], [ 1.207485493349639, 42.38004845666979 ], [ 1.207546200040527, 42.380049405746441 ], [ 1.207606906734345, 42.380050354790946 ], [ 1.207667613431093, 42.380051303803342 ], [ 1.207728320130768, 42.380052252783642 ] ], [ [ 1.205009340400249, 42.379559434033666 ], [ 1.205008058528122, 42.379604442318652 ], [ 1.20500677665306, 42.379649450603281 ], [ 1.205005494775066, 42.379694458887514 ], [ 1.205004212894138, 42.379739467171355 ], [ 1.205002931010275, 42.379784475454812 ], [ 1.204942224659084, 42.379783525036281 ], [ 1.204881518310828, 42.379782574585654 ], [ 1.204820811965504, 42.379781624102897 ], [ 1.204760105623117, 42.379780673587987 ], [ 1.204699399283663, 42.379779723040983 ], [ 1.204638692947142, 42.379778772461847 ], [ 1.204577986613558, 42.379777821850574 ], [ 1.204517280282906, 42.379776871207163 ], [ 1.204456573955191, 42.379775920531635 ], [ 1.204395867630409, 42.379774969823977 ], [ 1.204397149947384, 42.379729961555434 ], [ 1.204398432261426, 42.379684953286478 ], [ 1.204399714572533, 42.379639945017168 ], [ 1.204400996880705, 42.379594936747417 ], [ 1.204402279185942, 42.379549928477331 ], [ 1.204462985294168, 42.379550879177508 ], [ 1.204523691405328, 42.379551829845589 ], [ 1.204584397519423, 42.379552780481546 ], [ 1.204645103636453, 42.379553731085373 ], [ 1.204705809756417, 42.379554681657048 ], [ 1.204766515879315, 42.37955563219662 ], [ 1.204827222005147, 42.379556582704062 ], [ 1.204887928133914, 42.379557533179394 ], [ 1.204948634265613, 42.379558483622596 ], [ 1.205009340400249, 42.379559434033666 ] ] ] } },
{ "type": "Feature", "properties": { "GRID_CODE": 2, "CODI_FINAL": "920800034", "MUNICIPI": "Gavà", "DATA_INCEN": "14/04/92" }, "geometry": { "type": "Polygon", "coordinates": [ [ [ 1.981540298468587, 41.301421335791602 ], [ 1.981480582962885, 41.301420807740357 ], [ 1.981420867458773, 41.30142027965816 ], [ 1.98136115195625, 41.301419751544984 ], [ 1.981301436455317, 41.301419223400849 ], [ 1.981241720955973, 41.301418695225728 ], [ 1.981182005458219, 41.301418167019641 ], [ 1.981122289962054, 41.301417638782596 ], [ 1.98106257446748, 41.301417110514542 ], [ 1.981002858974496, 41.301416582215531 ], [ 1.980943143483101, 41.301416053885582 ], [ 1.980883427993296, 41.301415525524618 ], [ 1.980823712505082, 41.301414997132703 ], [ 1.980763997018459, 41.301414468709829 ], [ 1.980704281533425, 41.301413940255962 ], [ 1.980644566049982, 41.301413411771151 ], [ 1.980643865220429, 41.301458443533015 ], [ 1.980643164389287, 41.301503475294531 ], [ 1.980642463556552, 41.301548507055692 ], [ 1.98064176272223, 41.301593538816483 ], [ 1.980641061886317, 41.301638570576898 ], [ 1.980581346199139, 41.301638042056936 ], [ 1.980521630513553, 41.30163751350598 ], [ 1.980461914829557, 41.30163698492408 ], [ 1.980402199147152, 41.301636456311201 ], [ 1.980342483466338, 41.30163592766732 ], [ 1.980282767787115, 41.301635398992495 ], [ 1.980223052109483, 41.301634870286726 ], [ 1.980163336433444, 41.301634341549956 ], [ 1.980103620758995, 41.301633812782214 ], [ 1.980043905086136, 41.301633283983499 ], [ 1.979984189414871, 41.301632755153825 ], [ 1.979924473745196, 41.301632226293158 ], [ 1.979864758077112, 41.301631697401547 ], [ 1.979805042410622, 41.301631168478949 ], [ 1.979745326745722, 41.301630639525378 ], [ 1.979685611082416, 41.301630110540827 ], [ 1.979625895420701, 41.301629581525319 ], [ 1.979566179760578, 41.301629052478823 ], [ 1.979506464102048, 41.301628523401369 ], [ 1.979446748445109, 41.30162799429295 ], [ 1.979447450102326, 41.301582962549197 ], [ 1.979448151757948, 41.301537930805083 ], [ 1.97944885341198, 41.301492899060598 ], [ 1.97944955506442, 41.30144786731573 ], [ 1.979450256715267, 41.301402835570556 ], [ 1.979390541265246, 41.301402306435321 ], [ 1.979330825816817, 41.301401777269106 ], [ 1.979271110369981, 41.30140124807194 ], [ 1.979211394924737, 41.301400718843801 ], [ 1.979151679481087, 41.301400189584683 ], [ 1.97909196403903, 41.301399660294592 ], [ 1.979032248598565, 41.301399130973536 ], [ 1.978972533159693, 41.301398601621536 ], [ 1.978912817722415, 41.301398072238506 ], [ 1.97885310228673, 41.301397542824525 ], [ 1.978793386852638, 41.301397013379599 ], [ 1.97873367142014, 41.301396483903694 ], [ 1.978673955989235, 41.30139595439681 ], [ 1.978614240559925, 41.301395424858946 ], [ 1.978554525132207, 41.301394895290123 ], [ 1.978494809706083, 41.301394365690342 ], [ 1.978435094281554, 41.301393836059539 ], [ 1.978375378858618, 41.30139330639782 ], [ 1.978315663437277, 41.301392776705079 ], [ 1.97825594801753, 41.301392246981422 ], [ 1.978196232599377, 41.301391717226757 ], [ 1.978136517182819, 41.301391187441141 ], [ 1.978076801767855, 41.30139065762453 ], [ 1.978017086354486, 41.301390127776969 ], [ 1.977957370942711, 41.301389597898428 ], [ 1.977897655532532, 41.301389067988936 ], [ 1.977837940123946, 41.301388538048442 ], [ 1.977778224716956, 41.301388008076977 ], [ 1.977718509311561, 41.301387478074545 ], [ 1.977658793907761, 41.301386948041156 ], [ 1.977599078505556, 41.301386417976794 ], [ 1.977539363104947, 41.301385887881437 ], [ 1.977479647705934, 41.301385357755137 ], [ 1.977419932308515, 41.301384827597865 ], [ 1.977360216912693, 41.301384297409598 ], [ 1.977359513824583, 41.301429329125597 ], [ 1.977358810734879, 41.301474360841219 ], [ 1.977358107643579, 41.301519392556479 ], [ 1.977357404550684, 41.301564424271369 ], [ 1.977356701456194, 41.301609455985918 ], [ 1.977296985856643, 41.301608925762494 ], [ 1.977237270258688, 41.301608395508119 ], [ 1.97717755466233, 41.301607865222778 ], [ 1.977117839067566, 41.301607334906457 ], [ 1.9770581234744, 41.301606804559192 ], [ 1.977057420172988, 41.301651836269166 ], [ 1.97705671686998, 41.301696867978798 ], [ 1.977056013565379, 41.301741899688039 ], [ 1.977055310259179, 41.301786931396933 ], [ 1.977054606951383, 41.301831963105457 ], [ 1.977053903641992, 41.301876994813632 ], [ 1.977053200331004, 41.30192202652141 ], [ 1.977052497018422, 41.301967058228854 ], [ 1.977051793704242, 41.302012089935928 ], [ 1.977051090388467, 41.302057121642633 ], [ 1.977110806392288, 41.302057651998275 ], [ 1.977170522397706, 41.302058182322938 ], [ 1.977230238404718, 41.302058712616656 ], [ 1.977289954413328, 41.302059242879388 ], [ 1.977349670423533, 41.302059773111147 ], [ 1.977409386435333, 41.302060303311954 ], [ 1.977469102448729, 41.302060833481747 ], [ 1.977528818463722, 41.302061363620595 ], [ 1.97758853448031, 41.302061893728478 ], [ 1.977648250498493, 41.302062423805367 ], [ 1.97770796651827, 41.302062953851305 ], [ 1.977767682539644, 41.302063483866263 ], [ 1.977827398562612, 41.302064013850249 ], [ 1.977887114587175, 41.302064543803255 ], [ 1.977946830613335, 41.302065073725288 ], [ 1.977946127911953, 41.302110105444164 ], [ 1.977945425208977, 41.302155137162671 ], [ 1.977944722504404, 41.302200168880809 ], [ 1.977944019798239, 41.302245200598612 ], [ 1.977943317090479, 41.302290232316011 ], [ 1.978003033323563, 41.30229076221125 ], [ 1.978062749558242, 41.30229129207553 ], [ 1.978122465794515, 41.302291821908831 ], [ 1.978182182032384, 41.302292351711152 ], [ 1.978241898271847, 41.302292881482501 ], [ 1.978301614512904, 41.302293411222905 ], [ 1.978361330755555, 41.302293940932323 ], [ 1.9784210469998, 41.302294470610754 ], [ 1.97848076324564, 41.302295000258226 ], [ 1.978540479493075, 41.302295529874698 ], [ 1.978600195742102, 41.302296059460218 ], [ 1.978659911992724, 41.302296589014773 ], [ 1.978719628244939, 41.302297118538348 ], [ 1.978779344498748, 41.302297648030965 ], [ 1.97883906075415, 41.302298177492595 ], [ 1.978898777011146, 41.302298706923246 ], [ 1.978958493269735, 41.302299236322952 ], [ 1.979018209529918, 41.302299765691664 ], [ 1.979077925791693, 41.302300295029404 ], [ 1.979137642055062, 41.302300824336179 ], [ 1.979197358320024, 41.302301353611966 ], [ 1.979257074586579, 41.302301882856803 ], [ 1.979316790854726, 41.302302412070652 ], [ 1.979376507124466, 41.302302941253537 ], [ 1.979436223395799, 41.302303470405441 ], [ 1.979435521713107, 41.302348502143374 ], [ 1.979434820028823, 41.302393533880903 ], [ 1.979434118342945, 41.302438565618104 ], [ 1.979433416655476, 41.302483597354936 ], [ 1.979432714966415, 41.302528629091384 ], [ 1.979492431444674, 41.302529158216487 ], [ 1.979552147924526, 41.302529687310617 ], [ 1.979611864405969, 41.302530216373782 ], [ 1.979671580889006, 41.302530745405967 ], [ 1.979731297373634, 41.302531274407208 ], [ 1.979730595888315, 41.302576306147451 ], [ 1.979729894401405, 41.302621337887352 ], [ 1.979729192912902, 41.302666369626877 ], [ 1.979728491422808, 41.302711401366047 ], [ 1.979727789931122, 41.30275643310484 ], [ 1.979787506622678, 41.302756962079258 ], [ 1.979847223315827, 41.302757491022682 ], [ 1.979906940010568, 41.302758019935176 ], [ 1.9799666567069, 41.302758548816684 ], [ 1.980026373404823, 41.30275907766719 ], [ 1.980025672116883, 41.302804109409784 ], [ 1.980024970827352, 41.302849141152052 ], [ 1.980024269536229, 41.302894172893907 ], [ 1.980023568243514, 41.302939204635422 ], [ 1.980022866949208, 41.302984236376574 ], [ 1.98002216565331, 41.303029268117363 ], [ 1.980021464355821, 41.303074299857762 ], [ 1.980020763056741, 41.303119331597813 ], [ 1.980020061756069, 41.303164363337501 ], [ 1.980019360453806, 41.303209395076834 ], [ 1.980079077564001, 41.30320992390471 ], [ 1.980138794675788, 41.303210452701606 ], [ 1.980198511789167, 41.303210981467565 ], [ 1.980258228904136, 41.303211510202537 ], [ 1.980317946020697, 41.303212038906544 ], [ 1.980317244922185, 41.303257070649643 ], [ 1.980316543822081, 41.303302102392415 ], [ 1.980315842720387, 41.303347134134825 ], [ 1.980315141617101, 41.303392165876836 ], [ 1.980314440512225, 41.3034371976185 ], [ 1.980374157835721, 41.303437726295698 ], [ 1.980433875160808, 41.303438254941895 ], [ 1.980493592487485, 41.303438783557162 ], [ 1.980553309815755, 41.303439312141407 ], [ 1.980613027145613, 41.303439840694693 ], [ 1.980672744477064, 41.303440369217014 ], [ 1.980732461810105, 41.303440897708349 ], [ 1.980792179144736, 41.303441426168732 ], [ 1.980851896480959, 41.303441954598121 ], [ 1.980911613818771, 41.303442482996537 ], [ 1.980912314512959, 41.303397451246546 ], [ 1.980913015205556, 41.3033524194962 ], [ 1.980913715896564, 41.303307387745456 ], [ 1.980914416585982, 41.303262355994363 ], [ 1.980915117273808, 41.303217324242922 ], [ 1.980974834407869, 41.303217852606203 ], [ 1.981034551543518, 41.303218380938503 ], [ 1.981094268680757, 41.303218909239867 ], [ 1.981153985819586, 41.303219437510229 ], [ 1.981213702960006, 41.303219965749619 ], [ 1.981273420102016, 41.303220493958037 ], [ 1.981333137245614, 41.303221022135467 ], [ 1.981392854390803, 41.303221550281954 ], [ 1.981452571537581, 41.303222078397447 ], [ 1.981512288685949, 41.303222606481974 ], [ 1.981572005835905, 41.303223134535536 ], [ 1.981631722987451, 41.303223662558111 ], [ 1.981691440140587, 41.303224190549713 ], [ 1.981751157295311, 41.303224718510371 ], [ 1.981810874451625, 41.303225246440014 ], [ 1.981870591609526, 41.303225774338685 ], [ 1.981930308769018, 41.303226302206383 ], [ 1.981990025930097, 41.303226830043158 ], [ 1.982049743092766, 41.303227357848904 ], [ 1.982109460257023, 41.303227885623699 ], [ 1.982169177422869, 41.30322841336752 ], [ 1.982228894590302, 41.303228941080363 ], [ 1.982288611759324, 41.303229468762233 ], [ 1.982348328929934, 41.303229996413116 ], [ 1.982408046102132, 41.303230524033054 ], [ 1.982467763275918, 41.303231051622014 ], [ 1.982527480451292, 41.303231579179972 ], [ 1.982587197628253, 41.303232106706986 ], [ 1.982646914806802, 41.303232634203027 ], [ 1.982706631986939, 41.303233161668075 ], [ 1.98270593253117, 41.303278193444505 ], [ 1.982705233073813, 41.303323225220552 ], [ 1.982704533614869, 41.303368256996244 ], [ 1.982703834154337, 41.303413288771551 ], [ 1.982703134692218, 41.303458320546525 ], [ 1.982762852079287, 41.303458847984786 ], [ 1.982822569467943, 41.303459375392045 ], [ 1.982882286858186, 41.303459902768346 ], [ 1.982942004250017, 41.30346043011366 ], [ 1.983001721643434, 41.303460957427987 ], [ 1.983001022385074, 41.303505989206762 ], [ 1.983000323125126, 41.303551020985147 ], [ 1.982999623863592, 41.303596052763162 ], [ 1.982998924600471, 41.303641084540828 ], [ 1.982998225335763, 41.303686116318119 ], [ 1.983057942936115, 41.303686643605644 ], [ 1.983117660538054, 41.303687170862183 ], [ 1.983177378141579, 41.303687698087785 ], [ 1.98323709574669, 41.303688225282386 ], [ 1.983296813353389, 41.303688752446021 ], [ 1.983296114292442, 41.303733784227106 ], [ 1.98329541522991, 41.303778816007799 ], [ 1.98329471616579, 41.303823847788202 ], [ 1.983294017100085, 41.303868879568157 ], [ 1.983293318032793, 41.303913911347799 ], [ 1.983292618963914, 41.30395894312705 ], [ 1.98329191989345, 41.304003974905967 ], [ 1.983291220821398, 41.304049006684487 ], [ 1.983290521747761, 41.304094038462637 ], [ 1.983289822672537, 41.304139070240453 ], [ 1.983349540691523, 41.304139597381429 ], [ 1.983409258712095, 41.304140124491433 ], [ 1.983468976734252, 41.304140651570428 ], [ 1.983528694757998, 41.30414117861848 ], [ 1.983588412783329, 41.304141705635544 ], [ 1.983587713911872, 41.304186737417133 ], [ 1.983587015038828, 41.304231769198381 ], [ 1.983586316164199, 41.304276800979231 ], [ 1.983585617287984, 41.304321832759719 ], [ 1.983584918410182, 41.304366864539865 ], [ 1.983644636642454, 41.304367391530093 ], [ 1.983704354876311, 41.304367918489355 ], [ 1.983764073111754, 41.304368445417687 ], [ 1.983823791348783, 41.304368972315004 ], [ 1.983883509587399, 41.304369499181355 ], [ 1.983943227827599, 41.304370026016741 ], [ 1.984002946069386, 41.30437055282114 ], [ 1.984062664312757, 41.30437107959456 ], [ 1.984122382557715, 41.304371606337 ], [ 1.984182100804258, 41.304372133048489 ], [ 1.98418279927135, 41.304327101260043 ], [ 1.984183497736856, 41.304282069471249 ], [ 1.984184196200777, 41.3042370376821 ], [ 1.984184894663115, 41.304192005892546 ], [ 1.984185593123866, 41.304146974102665 ], [ 1.98424531116664, 41.30414750077901 ], [ 1.984305029210999, 41.30414802742439 ], [ 1.984364747256943, 41.304148554038797 ], [ 1.984424465304472, 41.304149080622224 ], [ 1.984484183353585, 41.304149607174672 ], [ 1.9844848816074, 41.304104575380244 ], [ 1.984485579859629, 41.304059543585481 ], [ 1.984486278110275, 41.304014511790349 ], [ 1.984486976359334, 41.303969479994848 ], [ 1.984487674606811, 41.303924448198956 ], [ 1.984488372852701, 41.303879416402744 ], [ 1.984489071097008, 41.303834384606134 ], [ 1.98448976933973, 41.303789352809197 ], [ 1.984490467580868, 41.303744321011855 ], [ 1.984491165820421, 41.303699289214158 ], [ 1.984550883460418, 41.303699815727342 ], [ 1.984610601102001, 41.303700342209545 ], [ 1.984670318745166, 41.303700868660769 ], [ 1.984730036389918, 41.303701395081042 ], [ 1.984789754036254, 41.303701921470328 ], [ 1.984790452068874, 41.303656889668126 ], [ 1.984791150099911, 41.303611857865526 ], [ 1.984791848129364, 41.303566826062607 ], [ 1.984792546157232, 41.303521794259296 ], [ 1.984793244183516, 41.303476762455631 ], [ 1.984852961626089, 41.303477288809809 ], [ 1.984912679070245, 41.303477815132986 ], [ 1.984972396515986, 41.30347834142519 ], [ 1.985032113963311, 41.303478867686451 ], [ 1.985091831412218, 41.303479393916717 ], [ 1.985151548862711, 41.303479920116004 ], [ 1.985211266314787, 41.303480446284318 ], [ 1.985270983768447, 41.30348097242166 ], [ 1.98533070122369, 41.303481498528043 ], [ 1.985390418680517, 41.303482024603447 ], [ 1.985450136138926, 41.303482550647857 ], [ 1.985509853598918, 41.303483076661323 ], [ 1.985569571060495, 41.303483602643787 ], [ 1.985629288523655, 41.303484128595287 ], [ 1.985689005988396, 41.303484654515835 ], [ 1.985748723454721, 41.303485180405374 ], [ 1.985808440922629, 41.303485706263977 ], [ 1.985868158392119, 41.303486232091572 ], [ 1.985927875863192, 41.303486757888201 ], [ 1.985987593335847, 41.303487283653865 ], [ 1.985988290539163, 41.303442251833268 ], [ 1.985988987740898, 41.303397220012286 ], [ 1.98598968494105, 41.303352188190928 ], [ 1.985990382139619, 41.303307156369222 ], [ 1.985991079336607, 41.30326212454716 ], [ 1.985991776532013, 41.303217092724722 ], [ 1.985992473725837, 41.3031720609019 ], [ 1.985993170918078, 41.303127029078745 ], [ 1.985993868108737, 41.303081997255198 ], [ 1.985994565297813, 41.303036965431332 ], [ 1.985995262485308, 41.302991933607039 ], [ 1.985995959671222, 41.30294690178242 ], [ 1.985996656855552, 41.302901869957445 ], [ 1.985997354038301, 41.302856838132094 ], [ 1.985998051219467, 41.302811806306373 ], [ 1.985938334362841, 41.302811280553158 ], [ 1.985878617507797, 41.302810754768942 ], [ 1.985818900654336, 41.302810228953746 ], [ 1.985759183802457, 41.30280970310762 ], [ 1.985699466952161, 41.302809177230486 ], [ 1.985639750103448, 41.302808651322394 ], [ 1.985580033256316, 41.302808125383336 ], [ 1.98552031641077, 41.302807599413285 ], [ 1.985460599566804, 41.302807073412282 ], [ 1.985400882724422, 41.302806547380293 ], [ 1.985401580314686, 41.302761515562494 ], [ 1.985402277903365, 41.302716483744327 ], [ 1.985402975490462, 41.302671451925804 ], [ 1.985403673075976, 41.302626420106911 ], [ 1.985404370659906, 41.302581388287663 ], [ 1.985344654024446, 41.302580862228837 ], [ 1.985284937390569, 41.30258033613908 ], [ 1.985225220758275, 41.302579810018315 ], [ 1.985165504127567, 41.302579283866578 ], [ 1.985105787498441, 41.302578757683861 ], [ 1.985046070870898, 41.3025782314702 ], [ 1.984986354244939, 41.302577705225559 ], [ 1.984926637620564, 41.30257717894991 ], [ 1.984866920997773, 41.302576652643324 ], [ 1.984807204376567, 41.302576126305745 ], [ 1.984747487756944, 41.302575599937207 ], [ 1.984687771138905, 41.302575073537703 ], [ 1.984628054522452, 41.302574547107213 ], [ 1.984568337907582, 41.302574020645736 ], [ 1.984508621294297, 41.302573494153322 ], [ 1.984509319492654, 41.302528462346132 ], [ 1.984510017689427, 41.302483430538601 ], [ 1.984510715884616, 41.302438398730686 ], [ 1.984511414078221, 41.302393366922416 ], [ 1.984512112270241, 41.302348335113791 ], [ 1.984452395863875, 41.302347808594547 ], [ 1.984392679459095, 41.302347282044323 ], [ 1.9843329630559, 41.302346755463127 ], [ 1.984273246654289, 41.302346228850929 ], [ 1.984213530254264, 41.302345702207788 ], [ 1.984153813855823, 41.302345175533652 ], [ 1.984094097458967, 41.302344648828573 ], [ 1.984034381063697, 41.302344122092506 ], [ 1.983974664670013, 41.302343595325489 ], [ 1.983914948277913, 41.302343068527477 ], [ 1.983915646879017, 41.302298036726775 ], [ 1.983916345478534, 41.302253004925724 ], [ 1.983917044076467, 41.302207973124275 ], [ 1.983917742672815, 41.302162941322493 ], [ 1.983918441267577, 41.302117909520341 ], [ 1.983858725082396, 41.302117382695521 ], [ 1.983799008898801, 41.302116855839728 ], [ 1.983739292716792, 41.302116328952941 ], [ 1.983679576536368, 41.302115802035196 ], [ 1.98361986035753, 41.3021152750865 ], [ 1.983620559156039, 41.302070243288128 ], [ 1.983621257952961, 41.302025211489386 ], [ 1.983621956748298, 41.301980179690275 ], [ 1.98362265554205, 41.301935147890823 ], [ 1.983623354334215, 41.301890116091009 ], [ 1.983563638362293, 41.301889589115447 ], [ 1.983503922391958, 41.301889062108962 ], [ 1.983444206423209, 41.301888535071491 ], [ 1.983384490456045, 41.301888008003026 ], [ 1.98332477449047, 41.301887480903581 ], [ 1.983265058526479, 41.301886953773177 ], [ 1.983205342564076, 41.301886426611816 ], [ 1.983145626603258, 41.301885899419489 ], [ 1.983085910644028, 41.301885372196189 ], [ 1.983026194686385, 41.30188484494191 ], [ 1.982966478730329, 41.301884317656651 ], [ 1.982906762775859, 41.301883790340412 ], [ 1.982847046822976, 41.301883262993222 ], [ 1.982787330871681, 41.301882735615031 ], [ 1.982727614921973, 41.301882208205896 ], [ 1.982728314328539, 41.301837176418175 ], [ 1.982729013733519, 41.301792144630056 ], [ 1.98272971313691, 41.301747112841632 ], [ 1.982730412538716, 41.301702081052795 ], [ 1.982731111938934, 41.301657049263611 ], [ 1.982671396196142, 41.30165652182766 ], [ 1.982611680454937, 41.301655994360715 ], [ 1.982551964715318, 41.301655466862819 ], [ 1.982492248977288, 41.301654939333936 ], [ 1.982432533240845, 41.301654411774109 ], [ 1.982372817505991, 41.301653884183274 ], [ 1.982313101772723, 41.301653356561495 ], [ 1.982253386041045, 41.301652828908736 ], [ 1.982193670310954, 41.301652301224998 ], [ 1.982133954582451, 41.301651773510294 ], [ 1.982074238855537, 41.301651245764603 ], [ 1.982014523130212, 41.301650717987975 ], [ 1.981954807406473, 41.301650190180354 ], [ 1.981895091684325, 41.301649662341759 ], [ 1.981835375963764, 41.3016491344722 ], [ 1.981775660244793, 41.301648606571646 ], [ 1.981715944527409, 41.301648078640156 ], [ 1.981656228811616, 41.301647550677671 ], [ 1.98159651309741, 41.301647022684229 ], [ 1.981536797384796, 41.301646494659799 ], [ 1.981537497604732, 41.301601462886886 ], [ 1.981538197823079, 41.30155643111361 ], [ 1.981538898039837, 41.301511399339972 ], [ 1.981539598255007, 41.301466367565972 ], [ 1.981540298468587, 41.301421335791602 ] ] ] } },
{ "type": "Feature", "properties": { "GRID_CODE": 2, "CODI_FINAL": "924300106", "MUNICIPI": "El Perelló", "DATA_INCEN": "12/11/92" }, "geometry": { "type": "Polygon", "coordinates": [ [ [ 0.705939082125803, 40.909653731320084 ], [ 0.705940637980864, 40.909608725516485 ], [ 0.705881314653073, 40.90960754514817 ], [ 0.705821991328798, 40.909606364749386 ], [ 0.705762668008047, 40.909605184320121 ], [ 0.705703344690812, 40.909604003860345 ], [ 0.705644021377099, 40.909602823370108 ], [ 0.705645577429437, 40.909557817575411 ], [ 0.705647133478254, 40.909512811780274 ], [ 0.705648689523551, 40.909467805984747 ], [ 0.705650245565329, 40.909422800188871 ], [ 0.705651801603587, 40.909377794392533 ], [ 0.705653357638325, 40.909332788595819 ], [ 0.705654913669543, 40.909287782798685 ], [ 0.705656469697242, 40.909242777001154 ], [ 0.70565802572142, 40.909197771203232 ], [ 0.705659581742079, 40.909152765404905 ], [ 0.705661137759218, 40.909107759606179 ], [ 0.705662693772838, 40.909062753807028 ], [ 0.705664249782938, 40.909017748007486 ], [ 0.705665805789517, 40.908972742207538 ], [ 0.705667361792577, 40.908927736407193 ], [ 0.70560803908476, 40.90892655591437 ], [ 0.705548716380461, 40.908925375391071 ], [ 0.705489393679683, 40.908924194837262 ], [ 0.705430070982428, 40.908923014252956 ], [ 0.705370748288689, 40.908921833638217 ], [ 0.705372304489017, 40.908876827846768 ], [ 0.705373860685825, 40.908831822054914 ], [ 0.705375416879113, 40.908786816262676 ], [ 0.705376973068883, 40.908741810470012 ], [ 0.70537852925513, 40.908696804676964 ], [ 0.7053192067657, 40.908695624041002 ], [ 0.705259884279791, 40.908694443374557 ], [ 0.705200561797403, 40.90869326267763 ], [ 0.705141239318534, 40.908692081950221 ], [ 0.705081916843187, 40.908690901192308 ], [ 0.70502259437136, 40.908689720403927 ], [ 0.704963271903053, 40.908688539585064 ], [ 0.704903949438271, 40.908687358735676 ], [ 0.704844626977007, 40.908686177855827 ], [ 0.704785304519263, 40.908684996945489 ], [ 0.704783747931443, 40.908730002719935 ], [ 0.704782191340103, 40.908775008493961 ], [ 0.70478063474524, 40.908820014267619 ], [ 0.704779078146858, 40.908865020040835 ], [ 0.704777521544954, 40.908910025813668 ], [ 0.704718198889946, 40.908908844863539 ], [ 0.704658876238459, 40.908907663882921 ], [ 0.704599553590494, 40.908906482871814 ], [ 0.704540230946051, 40.908905301830217 ], [ 0.70448090830513, 40.908904120758123 ], [ 0.70442158566773, 40.908902939655569 ], [ 0.704362263033851, 40.908901758522518 ], [ 0.704302940403494, 40.908900577358978 ], [ 0.704243617776661, 40.908899396164919 ], [ 0.704184295153349, 40.908898214940415 ], [ 0.704124972533558, 40.90889703368542 ], [ 0.704065649917292, 40.908895852399937 ], [ 0.704006327304547, 40.908894671083942 ], [ 0.703947004695324, 40.908893489737487 ], [ 0.703887682089624, 40.908892308360528 ], [ 0.703828359487447, 40.90889112695308 ], [ 0.703769036888791, 40.908889945515185 ], [ 0.70370971429366, 40.908888764046736 ], [ 0.703650391702052, 40.908887582547834 ], [ 0.703591069113966, 40.908886401018449 ], [ 0.703531746529403, 40.908885219458583 ], [ 0.703472423948363, 40.908884037868212 ], [ 0.703413101370846, 40.908882856247374 ], [ 0.703353778796853, 40.908881674596032 ], [ 0.703294456226384, 40.908880492914214 ], [ 0.70323513365944, 40.9088793112019 ], [ 0.703175811096017, 40.908878129459097 ], [ 0.703116488536119, 40.908876947685819 ], [ 0.703057165979745, 40.90887576588203 ], [ 0.702997843426895, 40.90887458404778 ], [ 0.702938520877566, 40.908873402183033 ], [ 0.702879198331763, 40.908872220287812 ], [ 0.702819875789486, 40.908871038362065 ], [ 0.702760553250733, 40.908869856405872 ], [ 0.702701230715503, 40.908868674419182 ], [ 0.702699672704567, 40.90891368012641 ], [ 0.702698114690108, 40.908958685833241 ], [ 0.702696556672123, 40.909003691539688 ], [ 0.702694998650615, 40.909048697245709 ], [ 0.702693440625582, 40.909093702951353 ], [ 0.702691882597025, 40.90913870865657 ], [ 0.702690324564944, 40.90918371436139 ], [ 0.702688766529337, 40.909228720065805 ], [ 0.702687208490208, 40.909273725769829 ], [ 0.702685650447554, 40.909318731473441 ], [ 0.702626327514272, 40.909317549437617 ], [ 0.702567004584515, 40.909316367371325 ], [ 0.702507681658281, 40.909315185274544 ], [ 0.702448358735574, 40.909314003147259 ], [ 0.702389035816393, 40.90931282098947 ], [ 0.702387477569422, 40.909357826683362 ], [ 0.702385919318928, 40.90940283237687 ], [ 0.702384361064908, 40.909447838069951 ], [ 0.702382802807364, 40.909492843762628 ], [ 0.702381244546296, 40.909537849454928 ], [ 0.702321921429847, 40.90953666725737 ], [ 0.702262598316923, 40.909535485029288 ], [ 0.702203275207523, 40.909534302770744 ], [ 0.702143952101649, 40.909533120481711 ], [ 0.702084628999302, 40.909531938162189 ], [ 0.702083070533914, 40.909576943844762 ], [ 0.702081512065004, 40.909621949526915 ], [ 0.702079953592565, 40.909666955208671 ], [ 0.702078395116603, 40.909711960890021 ], [ 0.702076836637116, 40.909756966570946 ], [ 0.702017513337499, 40.909755784211633 ], [ 0.701958190041408, 40.909754601821838 ], [ 0.701898866748843, 40.909753419401518 ], [ 0.701839543459804, 40.909752236950723 ], [ 0.701780220174291, 40.90975105446946 ], [ 0.701781778854574, 40.909706048797815 ], [ 0.701783337531331, 40.909661043125787 ], [ 0.701784896204562, 40.909616037453333 ], [ 0.701786454874265, 40.909571031780523 ], [ 0.701788013540445, 40.909526026107287 ], [ 0.701728690459252, 40.909524843604821 ], [ 0.701669367381583, 40.909523661071901 ], [ 0.701610044307442, 40.909522478508478 ], [ 0.701550721236827, 40.909521295914558 ], [ 0.701491398169738, 40.909520113290164 ], [ 0.701492957033183, 40.909475107625831 ], [ 0.701494515893103, 40.909430101961114 ], [ 0.701496074749496, 40.909385096295985 ], [ 0.701497633602364, 40.909340090630451 ], [ 0.701499192451704, 40.909295084964526 ], [ 0.701500751297518, 40.909250079298197 ], [ 0.701502310139807, 40.909205073631441 ], [ 0.701503868978568, 40.909160067964308 ], [ 0.701505427813804, 40.909115062296742 ], [ 0.701506986645516, 40.909070056628806 ], [ 0.701508545473698, 40.909025050960452 ], [ 0.701510104298355, 40.908980045291706 ], [ 0.701511663119487, 40.908935039622548 ], [ 0.701513221937094, 40.908890033952979 ], [ 0.701514780751172, 40.908845028283018 ], [ 0.701455458289977, 40.908843845656101 ], [ 0.701396135832307, 40.908842662998701 ], [ 0.701336813378164, 40.908841480310798 ], [ 0.701277490927546, 40.908840297592413 ], [ 0.701218168480455, 40.908839114843545 ], [ 0.701158846036891, 40.908837932064202 ], [ 0.701099523596855, 40.908836749254341 ], [ 0.701040201160343, 40.908835566414027 ], [ 0.700980878727361, 40.908834383543208 ], [ 0.700921556297906, 40.908833200641908 ], [ 0.700919997082256, 40.90887820629321 ], [ 0.700918437863079, 40.908923211944135 ], [ 0.700916878640374, 40.908968217594648 ], [ 0.700915319414144, 40.909013223244756 ], [ 0.700913760184385, 40.909058228894459 ], [ 0.7009122009511, 40.909103234543764 ], [ 0.700910641714287, 40.909148240192678 ], [ 0.70090908247395, 40.909193245841166 ], [ 0.700907523230082, 40.909238251489271 ], [ 0.70090596398269, 40.909283257136956 ], [ 0.700846641155187, 40.909282074186507 ], [ 0.700787318331211, 40.90928089120559 ], [ 0.700727995510764, 40.90927970819417 ], [ 0.700668672693843, 40.909278525152303 ], [ 0.700609349880451, 40.909277342079882 ], [ 0.700607790428742, 40.90932234771784 ], [ 0.700606230973504, 40.909367353355414 ], [ 0.700604671514739, 40.909412358992569 ], [ 0.700603112052447, 40.909457364629318 ], [ 0.700601552586627, 40.909502370265692 ], [ 0.700542229575971, 40.909501187153467 ], [ 0.700482906568844, 40.909500004010773 ], [ 0.700423583565245, 40.909498820837612 ], [ 0.700364260565173, 40.90949763763394 ], [ 0.700304937568631, 40.909496454399793 ], [ 0.700245614575616, 40.909495271135157 ], [ 0.70018629158613, 40.909494087840031 ], [ 0.700126968600171, 40.909492904514437 ], [ 0.700067645617743, 40.909491721158304 ], [ 0.700008322638841, 40.909490537771731 ], [ 0.699948999663468, 40.909489354354676 ], [ 0.699889676691625, 40.909488170907089 ], [ 0.699830353723311, 40.909486987429027 ], [ 0.699771030758524, 40.909485803920504 ], [ 0.699711707797268, 40.909484620381491 ], [ 0.699652384839541, 40.909483436811961 ], [ 0.699593061885342, 40.909482253211976 ], [ 0.699533738934674, 40.909481069581474 ], [ 0.699474415987533, 40.909479885920511 ], [ 0.699415093043924, 40.909478702229045 ], [ 0.699416653312908, 40.909433696629989 ], [ 0.69941821357836, 40.90938869103055 ], [ 0.699419773840285, 40.909343685430727 ], [ 0.699421334098679, 40.909298679830457 ], [ 0.699422894353544, 40.909253674229809 ], [ 0.699363571614253, 40.909252490517183 ], [ 0.699304248878492, 40.909251306774081 ], [ 0.69924492614626, 40.909250123000476 ], [ 0.699185603417558, 40.909248939196409 ], [ 0.699126280692386, 40.909247755361847 ], [ 0.699066957970745, 40.90924657149678 ], [ 0.699007635252633, 40.909245387601239 ], [ 0.698948312538051, 40.909244203675222 ], [ 0.698888989827001, 40.909243019718694 ], [ 0.69882966711948, 40.909241835731692 ], [ 0.698831227772392, 40.909196830149305 ], [ 0.698832788421774, 40.909151824566479 ], [ 0.698834349067623, 40.909106818983297 ], [ 0.698835909709944, 40.909061813399724 ], [ 0.698837470348736, 40.909016807815675 ], [ 0.69877814784553, 40.909015623807548 ], [ 0.698718825345858, 40.909014439768889 ], [ 0.698659502849716, 40.909013255699747 ], [ 0.698600180357103, 40.909012071600138 ], [ 0.698540857868021, 40.909010887470046 ], [ 0.698481535382472, 40.909009703309444 ], [ 0.698422212900451, 40.909008519118366 ], [ 0.698362890421963, 40.909007334896799 ], [ 0.698303567947007, 40.909006150644721 ], [ 0.69824424547558, 40.909004966362197 ], [ 0.698184923007685, 40.909003782049155 ], [ 0.698125600543323, 40.909002597705644 ], [ 0.698066278082491, 40.909001413331644 ], [ 0.69800695562519, 40.909000228927162 ], [ 0.697947633171422, 40.908999044492177 ], [ 0.697946071930275, 40.909044050048173 ], [ 0.697944510685596, 40.909089055603786 ], [ 0.697942949437386, 40.909134061158987 ], [ 0.697941388185645, 40.909179066713762 ], [ 0.697939826930372, 40.909224072268152 ], [ 0.697880504279348, 40.909222887793369 ], [ 0.697821181631857, 40.909221703288082 ], [ 0.6977618589879, 40.909220518752313 ], [ 0.697702536347472, 40.909219334186048 ], [ 0.697643213710578, 40.909218149589307 ], [ 0.697641652250986, 40.909263155133949 ], [ 0.697640090787861, 40.909308160678215 ], [ 0.697638529321206, 40.909353166222054 ], [ 0.697636967851017, 40.909398171765503 ], [ 0.697635406377298, 40.909443177308539 ], [ 0.697633844900043, 40.909488182851177 ], [ 0.697632283419261, 40.909533188393404 ], [ 0.697630721934943, 40.909578193935232 ], [ 0.697629160447094, 40.909623199476655 ], [ 0.697627598955713, 40.909668205017695 ], [ 0.697626037460799, 40.909713210558309 ], [ 0.697624475962354, 40.909758216098517 ], [ 0.697622914460375, 40.909803221638334 ], [ 0.697621352954868, 40.90984822717774 ], [ 0.697619791445825, 40.909893232716747 ], [ 0.697618229933252, 40.909938238255364 ], [ 0.697616668417145, 40.909983243793569 ], [ 0.697615106897506, 40.910028249331354 ], [ 0.697613545374336, 40.910073254868749 ], [ 0.697611983847632, 40.910118260405753 ], [ 0.697610422317398, 40.910163265942344 ], [ 0.697608860783631, 40.910208271478524 ], [ 0.69760729924633, 40.91025327701432 ], [ 0.697605737705499, 40.910298282549682 ], [ 0.697604176161135, 40.910343288084654 ], [ 0.697544852523808, 40.910342103410748 ], [ 0.697485528890017, 40.910340918706325 ], [ 0.697426205259758, 40.910339733971448 ], [ 0.697366881633031, 40.910338549206074 ], [ 0.697307558009838, 40.910337364410175 ], [ 0.697305996261144, 40.910382369935419 ], [ 0.697304434508917, 40.910427375460245 ], [ 0.697302872753155, 40.910472380984679 ], [ 0.697301310993863, 40.910517386508722 ], [ 0.697299749231037, 40.910562392032332 ], [ 0.697298187464677, 40.910607397555552 ], [ 0.697296625694786, 40.910652403078366 ], [ 0.697295063921362, 40.910697408600782 ], [ 0.697293502144405, 40.910742414122829 ], [ 0.697291940363916, 40.910787419644421 ], [ 0.697232616342653, 40.910786234799382 ], [ 0.697173292324927, 40.910785049923845 ], [ 0.697113968310731, 40.910783865017827 ], [ 0.697054644300069, 40.910782680081326 ], [ 0.696995320292941, 40.910781495114314 ], [ 0.696993758308116, 40.910826500626186 ], [ 0.696992196319757, 40.910871506137646 ], [ 0.696990634327866, 40.910916511648708 ], [ 0.69698907233244, 40.910961517159372 ], [ 0.69698751033348, 40.911006522669638 ], [ 0.696928186129084, 40.911005337662793 ], [ 0.696868861928219, 40.911004152625488 ], [ 0.696809537730888, 40.9110029675577 ], [ 0.696750213537092, 40.911001782459387 ], [ 0.696690889346828, 40.91100059733062 ], [ 0.696689327143533, 40.911045602831138 ], [ 0.696687764936701, 40.911090608331229 ], [ 0.696686202726338, 40.911135613830929 ], [ 0.69668464051244, 40.911180619330239 ], [ 0.696683078295008, 40.911225624829129 ], [ 0.696681516074043, 40.911270630327643 ], [ 0.696679953849542, 40.91131563582573 ], [ 0.69667839162151, 40.911360641323412 ], [ 0.696676829389941, 40.911405646820697 ], [ 0.696675267154843, 40.91145065231759 ], [ 0.696673704916207, 40.911495657814051 ], [ 0.696672142674039, 40.911540663310141 ], [ 0.696670580428335, 40.911585668805813 ], [ 0.696669018179099, 40.911630674301087 ], [ 0.69666745592633, 40.911675679795948 ], [ 0.696665893670025, 40.911720685290426 ], [ 0.696664331410186, 40.911765690784478 ], [ 0.696662769146814, 40.911810696278131 ], [ 0.696661206879908, 40.911855701771387 ], [ 0.696659644609468, 40.911900707264238 ], [ 0.696600319619503, 40.9118995220676 ], [ 0.696540994633074, 40.91189833684048 ], [ 0.696481669650179, 40.911897151582856 ], [ 0.696422344670816, 40.911895966294772 ], [ 0.69636301969499, 40.911894780976176 ], [ 0.696361457220203, 40.911939786459278 ], [ 0.69635989474188, 40.911984791941975 ], [ 0.696358332260025, 40.912029797424296 ], [ 0.696356769774632, 40.91207480290619 ], [ 0.696355207285709, 40.912119808387651 ], [ 0.696353644793248, 40.912164813868749 ], [ 0.696352082297255, 40.912209819349435 ], [ 0.696350519797725, 40.912254824829738 ], [ 0.696348957294663, 40.912299830309621 ], [ 0.696347394788065, 40.912344835789085 ], [ 0.696406720165523, 40.912346021126375 ], [ 0.696466045546514, 40.912347206433147 ], [ 0.69652537093104, 40.91234839170945 ], [ 0.696584696319102, 40.912349576955265 ], [ 0.696644021710698, 40.91235076217059 ], [ 0.696642459401385, 40.912395767658992 ], [ 0.696640897088536, 40.912440773147019 ], [ 0.696639334772154, 40.912485778634633 ], [ 0.696637772452237, 40.912530784121849 ], [ 0.696636210128787, 40.912575789608631 ], [ 0.696695535724736, 40.912576974802803 ], [ 0.696754861324219, 40.912578159966479 ], [ 0.696814186927236, 40.91257934509968 ], [ 0.696873512533788, 40.912580530202391 ], [ 0.696932838143875, 40.912581715274591 ], [ 0.69693127601771, 40.912626720770319 ], [ 0.696929713888012, 40.91267172626565 ], [ 0.69692815175478, 40.912716731760597 ], [ 0.696926589618016, 40.912761737255131 ], [ 0.696925027477716, 40.912806742749261 ], [ 0.696984353292158, 40.912807927800323 ], [ 0.697043679110132, 40.912809112820902 ], [ 0.69710300493164, 40.91281029781095 ], [ 0.697162330756682, 40.912811482770543 ], [ 0.697221656585257, 40.912812667699647 ], [ 0.697280982417366, 40.912813852598241 ], [ 0.697340308253008, 40.912815037466345 ], [ 0.697399634092185, 40.912816222303974 ], [ 0.697458959934893, 40.912817407111099 ], [ 0.697518285781135, 40.912818591887749 ], [ 0.697577611630911, 40.912819776633889 ], [ 0.697636937484218, 40.91282096134956 ], [ 0.697696263341058, 40.912822146034713 ], [ 0.697755589201431, 40.912823330689392 ], [ 0.697814915065338, 40.912824515313588 ], [ 0.697816476603169, 40.912779509791434 ], [ 0.697818038137466, 40.912734504268883 ], [ 0.697819599668233, 40.912689498745934 ], [ 0.697821161195466, 40.912644493222572 ], [ 0.697822722719166, 40.912599487698834 ], [ 0.697824284239336, 40.912554482174642 ], [ 0.697825845755972, 40.912509476650087 ], [ 0.697827407269075, 40.912464471125105 ], [ 0.697828968778648, 40.91241946559974 ], [ 0.697830530284688, 40.912374460073956 ], [ 0.697889855750484, 40.912375644648996 ], [ 0.697949181219812, 40.912376829193491 ], [ 0.698008506692673, 40.912378013707553 ], [ 0.698067832169067, 40.912379198191083 ], [ 0.698127157648991, 40.912380382644166 ], [ 0.698186483132449, 40.912381567066753 ], [ 0.698245808619438, 40.912382751458807 ], [ 0.69830513410996, 40.912383935820387 ], [ 0.698364459604012, 40.912385120151484 ], [ 0.698423785101596, 40.912386304452106 ], [ 0.698483110602712, 40.91238748872221 ], [ 0.698542436107359, 40.912388672961832 ], [ 0.698601761615538, 40.912389857170979 ], [ 0.698661087127249, 40.912391041349615 ], [ 0.698720412642489, 40.912392225497769 ], [ 0.698779738161261, 40.912393409615433 ], [ 0.698839063683565, 40.912394593702594 ], [ 0.698898389209399, 40.912395777759272 ], [ 0.698957714738763, 40.912396961785468 ], [ 0.69901704027166, 40.912398145781168 ], [ 0.699076365808088, 40.912399329746378 ], [ 0.699135691348043, 40.912400513681106 ], [ 0.699195016891531, 40.912401697585324 ], [ 0.699254342438548, 40.91240288145908 ], [ 0.699313667989097, 40.912404065302312 ], [ 0.699372993543176, 40.912405249115075 ], [ 0.699432319100784, 40.912406432897335 ], [ 0.699491644661921, 40.912407616649126 ], [ 0.69955097022659, 40.9124088003704 ], [ 0.699610295794789, 40.912409984061199 ], [ 0.699608735493668, 40.91245498964296 ], [ 0.699607175189018, 40.912499995224337 ], [ 0.699605614880836, 40.912545000805309 ], [ 0.699604054569127, 40.912590006385869 ], [ 0.699602494253887, 40.912635011966046 ], [ 0.699661820026437, 40.91263619563567 ], [ 0.699721145802515, 40.912637379274805 ], [ 0.699780471582124, 40.912638562883465 ], [ 0.699839797365261, 40.912639746461636 ], [ 0.69989912315193, 40.912640930009289 ], [ 0.699897563033984, 40.91268593559839 ], [ 0.699896002912508, 40.912730941187071 ], [ 0.699894442787503, 40.912775946775355 ], [ 0.69989288265897, 40.912820952363248 ], [ 0.699891322526908, 40.9128659579507 ], [ 0.699950648517928, 40.912867141477214 ], [ 0.700009974512479, 40.912868324973239 ], [ 0.700069300510556, 40.912869508438781 ], [ 0.700128626512166, 40.912870691873799 ], [ 0.700187952517301, 40.912871875278341 ], [ 0.700186392582535, 40.912916880874747 ], [ 0.700184832644241, 40.912961886470747 ], [ 0.700183272702417, 40.913006892066335 ], [ 0.700181712757064, 40.913051897661532 ], [ 0.700180152808183, 40.913096903256324 ], [ 0.700178592855773, 40.913141908850712 ], [ 0.700177032899834, 40.913186914444694 ], [ 0.700175472940365, 40.913231920038278 ], [ 0.700173912977369, 40.913276925631472 ], [ 0.700172353010843, 40.913321931224239 ], [ 0.700231679421165, 40.913323114616936 ], [ 0.700291005835014, 40.913324297979145 ], [ 0.700350332252394, 40.913325481310856 ], [ 0.700409658673301, 40.913326664612121 ], [ 0.700468985097737, 40.913327847882861 ], [ 0.700528311525703, 40.913329031123091 ], [ 0.700587637957196, 40.913330214332852 ], [ 0.700646964392218, 40.913331397512117 ], [ 0.700706290830768, 40.913332580660892 ], [ 0.700765617272846, 40.913333763779171 ], [ 0.700824943718452, 40.913334946866961 ], [ 0.700884270167586, 40.913336129924282 ], [ 0.700943596620248, 40.913337312951072 ], [ 0.701002923076438, 40.913338495947393 ], [ 0.701062249536157, 40.913339678913225 ], [ 0.701060690168593, 40.913384684533554 ], [ 0.701059130797503, 40.913429690153507 ], [ 0.701057571422885, 40.91347469577304 ], [ 0.701056012044739, 40.91351970139219 ], [ 0.701054452663066, 40.913564707010927 ], [ 0.701113779327143, 40.913565889955599 ], [ 0.701173105994747, 40.913567072869753 ], [ 0.70123243266588, 40.913568255753425 ], [ 0.701291759340539, 40.913569438606615 ], [ 0.701351086018727, 40.913570621429287 ], [ 0.70134952683436, 40.913615627056956 ], [ 0.701347967646463, 40.913660632684213 ], [ 0.701346408455043, 40.913705638311043 ], [ 0.701344849260093, 40.913750643937504 ], [ 0.701343290061618, 40.913795649563568 ], [ 0.701402616944166, 40.913796832365072 ], [ 0.701461943830241, 40.913798015136109 ], [ 0.701521270719843, 40.913799197876649 ], [ 0.701580597612973, 40.913800380586679 ], [ 0.70163992450963, 40.913801563266233 ], [ 0.701638365508462, 40.913846568901199 ], [ 0.701636806503769, 40.913891574535761 ], [ 0.701635247495548, 40.913936580169917 ], [ 0.701633688483801, 40.913981585803683 ], [ 0.701632129468527, 40.914026591437043 ], [ 0.701691456569548, 40.914027774095395 ], [ 0.701750783674093, 40.914028956723314 ], [ 0.701810110782167, 40.914030139320687 ], [ 0.701869437893766, 40.91403132188762 ], [ 0.701928765008894, 40.914032504424007 ], [ 0.701988092127546, 40.914033686929933 ], [ 0.702047419249724, 40.914034869405363 ], [ 0.702106746375431, 40.914036051850289 ], [ 0.702166073504662, 40.914037234264718 ], [ 0.70222540063742, 40.914038416648658 ], [ 0.702284727773704, 40.914039599002116 ], [ 0.702344054913513, 40.914040781325085 ], [ 0.702403382056849, 40.914041963617549 ], [ 0.702462709203709, 40.914043145879525 ], [ 0.702522036354096, 40.914044328111025 ], [ 0.702581363508009, 40.914045510312008 ], [ 0.702640690665446, 40.914046692482508 ], [ 0.702700017826408, 40.914047874622526 ], [ 0.702759344990897, 40.914049056732033 ], [ 0.702818672158909, 40.914050238811065 ], [ 0.702817113943463, 40.914095244481288 ], [ 0.702815555724492, 40.914140250151092 ], [ 0.702813997501995, 40.91418525582052 ], [ 0.702812439275972, 40.91423026148955 ], [ 0.702810881046427, 40.91427526715816 ], [ 0.702870208418803, 40.914276449216011 ], [ 0.702929535794708, 40.914277631243358 ], [ 0.702988863174136, 40.91427881324023 ], [ 0.703048190557088, 40.914279995206591 ], [ 0.703107517943566, 40.914281177142456 ], [ 0.703105959911335, 40.914326182819998 ], [ 0.70310440187558, 40.914371188497128 ], [ 0.703102843836301, 40.914416194173846 ], [ 0.703101285793497, 40.914461199850152 ], [ 0.70309972774717, 40.914506205526081 ], [ 0.703098169697317, 40.914551211201612 ], [ 0.703096611643939, 40.914596216876745 ], [ 0.703095053587038, 40.914641222551452 ], [ 0.703093495526612, 40.914686228225747 ], [ 0.703091937462662, 40.914731233899651 ], [ 0.70315126525435, 40.914732415823664 ], [ 0.703210593049564, 40.914733597717174 ], [ 0.703269920848302, 40.914734779580215 ], [ 0.703329248650564, 40.914735961412759 ], [ 0.703388576456352, 40.914737143214779 ], [ 0.703447904265664, 40.914738324986317 ], [ 0.703507232078499, 40.914739506727379 ], [ 0.703566559894859, 40.914740688437966 ], [ 0.703625887714742, 40.914741870118 ], [ 0.703685215538151, 40.914743051767587 ], [ 0.703744543365081, 40.914744233386664 ], [ 0.703803871195536, 40.914745414975251 ], [ 0.703863199029516, 40.914746596533362 ], [ 0.703922526867018, 40.914747778060956 ], [ 0.703981854708044, 40.914748959558054 ], [ 0.704041182552593, 40.914750141024669 ], [ 0.704100510400666, 40.914751322460795 ], [ 0.704159838252263, 40.914752503866417 ], [ 0.70421916610738, 40.914753685241571 ], [ 0.704278493966023, 40.914754866586179 ], [ 0.704337821828187, 40.914756047900354 ], [ 0.704397149693874, 40.914757229183998 ], [ 0.704456477563086, 40.914758410437159 ], [ 0.70451580543582, 40.914759591659802 ], [ 0.704575133312074, 40.914760772851984 ], [ 0.704576690371797, 40.914715767131518 ], [ 0.704578247427995, 40.914670761410648 ], [ 0.704579804480672, 40.914625755689372 ], [ 0.704581361529825, 40.914580749967698 ], [ 0.704582918575458, 40.914535744245612 ], [ 0.704584475617567, 40.914490738523121 ], [ 0.704586032656155, 40.914445732800246 ], [ 0.704587589691221, 40.914400727076952 ], [ 0.704589146722765, 40.914355721353253 ], [ 0.704590703750785, 40.914310715629171 ], [ 0.704592260775283, 40.914265709904669 ], [ 0.70459381779626, 40.914220704179748 ], [ 0.704595374813714, 40.914175698454457 ], [ 0.704596931827647, 40.914130692728762 ], [ 0.704598488838058, 40.91408568700264 ], [ 0.704600045844946, 40.914040681276134 ], [ 0.704601602848311, 40.913995675549216 ], [ 0.704603159848155, 40.913950669821894 ], [ 0.704604716844478, 40.913905664094187 ], [ 0.704606273837278, 40.913860658366055 ], [ 0.704607830826555, 40.913815652637545 ], [ 0.704609387812311, 40.91377064690861 ], [ 0.704610944794544, 40.913725641179283 ], [ 0.704612501773256, 40.913680635449552 ], [ 0.704614058748445, 40.913635629719401 ], [ 0.704673385624017, 40.913636810834539 ], [ 0.704732712503113, 40.913637991919174 ], [ 0.70479203938573, 40.913639172973319 ], [ 0.704851366271868, 40.913640353996961 ], [ 0.70491069316153, 40.913641534990134 ], [ 0.704912249932362, 40.913596529250292 ], [ 0.704913806699672, 40.913551523510037 ], [ 0.704915363463462, 40.91350651776937 ], [ 0.704916920223729, 40.913461512028341 ], [ 0.704918476980474, 40.913416506286872 ], [ 0.704977803672823, 40.913417687240241 ], [ 0.705037130368692, 40.913418868163099 ], [ 0.705096457068084, 40.91342004905546 ], [ 0.705155783770997, 40.913421229917361 ], [ 0.705215110477432, 40.913422410748744 ], [ 0.705216667029823, 40.913377404997576 ], [ 0.705218223578692, 40.913332399246009 ], [ 0.705219780124041, 40.913287393494045 ], [ 0.70522133666587, 40.913242387741654 ], [ 0.705222893204176, 40.913197381988873 ], [ 0.705224449738962, 40.913152376235693 ], [ 0.705226006270227, 40.913107370482102 ], [ 0.70522756279797, 40.91306236472812 ], [ 0.705229119322193, 40.913017358973725 ], [ 0.705230675842895, 40.912972353218926 ], [ 0.705171349538123, 40.912971172406152 ], [ 0.705112023236872, 40.912969991562882 ], [ 0.705052696939144, 40.912968810689129 ], [ 0.704993370644936, 40.912967629784873 ], [ 0.704934044354249, 40.912966448850106 ], [ 0.704874718067085, 40.912965267884893 ], [ 0.704815391783443, 40.912964086889154 ], [ 0.704756065503322, 40.912962905862955 ], [ 0.704696739226723, 40.912961724806216 ], [ 0.704637412953647, 40.912960543719016 ], [ 0.704578086684093, 40.912959362601306 ], [ 0.70451876041806, 40.912958181453149 ], [ 0.70445943415555, 40.912957000274453 ], [ 0.704400107896561, 40.912955819065296 ], [ 0.704340781641095, 40.912954637825649 ], [ 0.704281455389154, 40.912953456555485 ], [ 0.704222129140734, 40.912952275254838 ], [ 0.704162802895837, 40.912951093923709 ], [ 0.704103476654461, 40.91294991256207 ], [ 0.704044150416611, 40.912948731169962 ], [ 0.703984824182283, 40.912947549747336 ], [ 0.703925497951477, 40.912946368294236 ], [ 0.703866171724193, 40.912945186810653 ], [ 0.703806845500435, 40.912944005296588 ], [ 0.7037475192802, 40.912942823751997 ], [ 0.703749076801522, 40.912897818043348 ], [ 0.70375063431932, 40.912852812334314 ], [ 0.703752191833595, 40.912807806624841 ], [ 0.703753749344348, 40.912762800915004 ], [ 0.703755306851577, 40.912717795204742 ], [ 0.703695980835693, 40.912716613638985 ], [ 0.70363665482333, 40.912715432042731 ], [ 0.703577328814492, 40.912714250416002 ], [ 0.703518002809179, 40.912713068758777 ], [ 0.703458676807388, 40.912711887071048 ], [ 0.703460234511919, 40.912666881369709 ], [ 0.703461792212926, 40.912621875667952 ], [ 0.70346334991041, 40.912576869965804 ], [ 0.703464907604371, 40.912531864263244 ], [ 0.703466465294805, 40.912486858560293 ], [ 0.703468022981719, 40.912441852856915 ], [ 0.703469580665109, 40.912396847153161 ], [ 0.703471138344975, 40.912351841449002 ], [ 0.703472696021317, 40.912306835744431 ], [ 0.703474253694135, 40.912261830039462 ], [ 0.70347581136343, 40.912216824334081 ], [ 0.703477369029202, 40.912171818628302 ], [ 0.703478926691449, 40.912126812922111 ], [ 0.703480484350174, 40.912081807215515 ], [ 0.703482042005375, 40.912036801508542 ], [ 0.703541367404699, 40.912037983168311 ], [ 0.703600692807547, 40.912039164797591 ], [ 0.703660018213919, 40.912040346396417 ], [ 0.703719343623813, 40.912041527964696 ], [ 0.703778669037233, 40.912042709502515 ], [ 0.703780226488091, 40.911997703785794 ], [ 0.703781783935427, 40.91195269806871 ], [ 0.70378334137924, 40.911907692351207 ], [ 0.703784898819529, 40.911862686633278 ], [ 0.703786456256295, 40.911817680914986 ], [ 0.70384578147242, 40.911818862412979 ], [ 0.703905106692067, 40.911820043880503 ], [ 0.703964431915238, 40.911821225317532 ], [ 0.704023757141931, 40.911822406724077 ], [ 0.704083082372148, 40.91182358810012 ], [ 0.704084639604575, 40.911778582372087 ], [ 0.704086196833479, 40.911733576643648 ], [ 0.70408775405886, 40.911688570914841 ], [ 0.704089311280719, 40.911643565185585 ], [ 0.704090868499057, 40.91159855945596 ], [ 0.704150193531981, 40.911599740792198 ], [ 0.704209518568425, 40.911600922097968 ], [ 0.704268843608394, 40.91160210337322 ], [ 0.704328168651885, 40.911603284618018 ], [ 0.7043874936989, 40.911604465832298 ], [ 0.704446818749436, 40.911605647016096 ], [ 0.704506143803493, 40.911606828169404 ], [ 0.704565468861073, 40.911608009292216 ], [ 0.704624793922175, 40.911609190384553 ], [ 0.704684118986799, 40.911610371446393 ], [ 0.704743444054945, 40.911611552477744 ], [ 0.704802769126613, 40.911612733478606 ], [ 0.704862094201802, 40.911613914448957 ], [ 0.704921419280513, 40.911615095388825 ], [ 0.704980744362746, 40.911616276298233 ], [ 0.704982300975116, 40.911571270540236 ], [ 0.704983857583966, 40.91152626478187 ], [ 0.704985414189294, 40.911481259023105 ], [ 0.7049869707911, 40.911436253263915 ], [ 0.704988527389386, 40.911391247504348 ], [ 0.704990083984151, 40.911346241744347 ], [ 0.704991640575393, 40.911301235983956 ], [ 0.704993197163116, 40.911256230223167 ], [ 0.704994753747317, 40.911211224461972 ], [ 0.704996310327996, 40.911166218700394 ], [ 0.70493698564739, 40.91116503780961 ], [ 0.704877660970305, 40.911163856888329 ], [ 0.704818336296743, 40.911162675936595 ], [ 0.704759011626699, 40.911161494954364 ], [ 0.704699686960179, 40.911160313941608 ], [ 0.70470124373815, 40.91111530818894 ], [ 0.704702800512597, 40.911070302435832 ], [ 0.704704357283523, 40.91102529668234 ], [ 0.704705914050928, 40.910980290928428 ], [ 0.704707470814811, 40.910935285174141 ], [ 0.704709027575172, 40.910890279419434 ], [ 0.704710584332014, 40.910845273664329 ], [ 0.704712141085332, 40.910800267908819 ], [ 0.704713697835129, 40.910755262152904 ], [ 0.704715254581404, 40.91071025639657 ], [ 0.704774578846308, 40.910711437390702 ], [ 0.704833903114734, 40.910712618354331 ], [ 0.704893227386682, 40.91071379928745 ], [ 0.704952551662151, 40.9107149801901 ], [ 0.70501187594114, 40.910716161062268 ], [ 0.705013432483089, 40.910671155296235 ], [ 0.705014989021517, 40.91062614952979 ], [ 0.705016545556423, 40.910581143762954 ], [ 0.705018102087809, 40.910536137995742 ], [ 0.705019658615673, 40.910491132228096 ], [ 0.70507898269738, 40.910492313060466 ], [ 0.705138306782606, 40.910493493862333 ], [ 0.705197630871356, 40.910494674633718 ], [ 0.705256954963624, 40.910495855374599 ], [ 0.705316279059413, 40.910497036085005 ], [ 0.705375603158725, 40.910498216764928 ], [ 0.705434927261556, 40.910499397414341 ], [ 0.705494251367907, 40.910500578033293 ], [ 0.70555357547778, 40.910501758621734 ], [ 0.705612899591172, 40.910502939179686 ], [ 0.705614455713907, 40.910457933393047 ], [ 0.705616011833123, 40.910412927605996 ], [ 0.70561756794882, 40.910367921818519 ], [ 0.705619124060997, 40.910322916030644 ], [ 0.705620680169653, 40.910277910242392 ], [ 0.705622236274789, 40.910232904453721 ], [ 0.705623792376405, 40.91018789866466 ], [ 0.705625348474501, 40.910142892875193 ], [ 0.705626904569078, 40.910097887085321 ], [ 0.705628460660133, 40.910052881295037 ], [ 0.705687784375442, 40.910054061803883 ], [ 0.705747108094271, 40.910055242282262 ], [ 0.705806431816618, 40.910056422730158 ], [ 0.705865755542488, 40.910057603147528 ], [ 0.705925079271876, 40.910058783534446 ], [ 0.705926635158612, 40.910013777734477 ], [ 0.705928191041829, 40.909968771934061 ], [ 0.705929746921527, 40.909923766133282 ], [ 0.705931302797704, 40.909878760332084 ], [ 0.705932858670363, 40.909833754530503 ], [ 0.705934414539504, 40.909788748728488 ], [ 0.705935970405122, 40.909743742926111 ], [ 0.705937526267223, 40.909698737123279 ], [ 0.705939082125803, 40.909653731320084 ] ] ] } }
]
}
