{"type": "FeatureCollection", "features": [{"type": "Feature", "geometry": {"type": "Polygon", "coordinates": [[[0.21996858772455932, 41.174367384500776], [0.2199647809112138, 41.174457357912445], [0.21996097408061616, 41.174547331322415], [0.2198418957366293, 41.17454445488337], [0.21972281740989613, 41.174541578321374], [0.21960373910041592, 41.17453870163644], [0.21948466080819098, 41.17453582482856], [0.21936558253321975, 41.17453294789774], [0.21936177487263173, 41.17462292126071], [0.2192426964523708, 41.17462004419788], [0.21923888861197843, 41.17471001755012], [0.21911981004642578, 41.174707140355295], [0.21900073149813, 41.174704263037526], [0.21899692331538437, 41.17479423636993], [0.21899311511537944, 41.17488420970063], [0.2189893068981164, 41.174974183029654], [0.2189854986635945, 41.17506415635697], [0.21886641948235921, 41.17506127888001], [0.21874734031838242, 41.17505840128012], [0.21874353174149963, 41.175148374587614], [0.2187397231473552, 41.17523834789341], [0.21873591453595229, 41.1753283211975], [0.21873210590728848, 41.17541829449989], [0.218613026110363, 41.17541541674081], [0.2184939463306976, 41.17541253885879], [0.21849013735966538, 41.175502512141364], [0.21837105743470867, 41.17549963412732], [0.21825197752701442, 41.17549675599033], [0.21824816821360982, 41.17558672925309], [0.21812908816062543, 41.17558385098409], [0.2180100081249047, 41.17558097259214], [0.2178909281064496, 41.175578094077245], [0.2177718481052598, 41.17557521543941], [0.21776803812437084, 41.17566518866422], [0.21776422812621546, 41.17575516188732], [0.21776041811079247, 41.17584513510874], [0.21775660807810263, 41.175935108328446], [0.21775279802814593, 41.176025081546456], [0.21787187884211937, 41.176027960229604], [0.21799095967335805, 41.176030838789806], [0.21811004052186117, 41.176033717227064], [0.2181138500841426, 41.175943743981875], [0.21823293078735362, 41.175946622287114], [0.21823674016981365, 41.175856649031154], [0.21824054953500963, 41.175766675773495], [0.21835962993036917, 41.17576955393767], [0.21847871034299318, 41.175772431978885], [0.21859779077287805, 41.175775309897155], [0.2187168712200254, 41.17577818769248], [0.2188359516844336, 41.17578106536484], [0.21895503216610188, 41.17578394291426], [0.21907411266502866, 41.17578682034074], [0.2191931931812147, 41.175789697644255], [0.21919700122869495, 41.17569972431244], [0.2192008092589171, 41.17560975097891], [0.21931988946724773, 41.17561262814136], [0.2194389696928364, 41.175615505180865], [0.21944277738068976, 41.17552553182753], [0.21944658505128778, 41.17543555847248], [0.21945039270462893, 41.175345585115736], [0.21945420034071397, 41.175255611757294], [0.21957327993334047, 41.17525848863763], [0.21957708738961762, 41.175168515268425], [0.21969616683694607, 41.17517139201674], [0.21969997411341494, 41.1750814186368], [0.2198190534154461, 41.17508429525312], [0.2199381327347306, 41.175087171746505], [0.21994193966884215, 41.17499719834673], [0.21994574658570318, 41.174907224945265], [0.22006482559713741, 41.174910101297584], [0.22006863233419532, 41.17482012788536], [0.22018771120033148, 41.17482300410568], [0.22019151775758708, 41.17473303068272], [0.22031059647842516, 41.174735906771026], [0.2203144028558816, 41.17464593333731], [0.2204334814314212, 41.17464880929362], [0.22055256002421053, 41.174651685126996], [0.22055636605931964, 41.174561711673455], [0.2206754445068097, 41.17456458737484], [0.22079452297154634, 41.17456746295326], [0.22091360145353112, 41.17457033840875], [0.22103267995276166, 41.17457321374129], [0.22115175846923835, 41.17457608895088], [0.22115556367436065, 41.17448611545038], [0.22115936886223755, 41.17439614194819], [0.22127844707086322, 41.17439901701674], [0.22139752529673343, 41.17440189196234], [0.22140133014227292, 41.17431191844034], [0.2215204082228391, 41.17431479325394], [0.22163948632064825, 41.17431766794461], [0.22164329082385234, 41.17422769440282], [0.22176236877635666, 41.174230568961484], [0.22188144674610197, 41.174233443397206], [0.22188525090697384, 41.17414346983562], [0.22188905505060508, 41.17405349627233], [0.2220081327125001, 41.174056370567016], [0.22212721039163458, 41.17405924473874], [0.22213101419293677, 41.17396927115566], [0.22213481797700113, 41.17387929757088], [0.2222538953482869, 41.173882171601576], [0.22225769895256964, 41.173792198006055], [0.2223767761785494, 41.17379507190476], [0.22238057960305246, 41.17370509829848], [0.2224996566837266, 41.17370797206521], [0.22261873378163655, 41.17371084570899], [0.2227378108967819, 41.173713719229816], [0.222734007959906, 41.17380369286323], [0.22285308525482864, 41.173806566270166], [0.22284928246326152, 41.17389653991092], [0.22296835993796066, 41.17389941320397], [0.22308743742989362, 41.173902286374066], [0.22308363494618036, 41.17399226003122], [0.22307983244523483, 41.174082233686676], [0.2231989102794897, 41.1740851067519], [0.22331798813097561, 41.17408797969421], [0.22331418593788951, 41.174177953366055], [0.22331038372757037, 41.174267927036205], [0.22342946192138136, 41.17427079987364], [0.22354854013242265, 41.174273672588136], [0.22366761836069257, 41.174276545179694], [0.2237866966061932, 41.17427941764831], [0.22379049816632346, 41.17418944394198], [0.2237942997092259, 41.17409947023396], [0.22391337764686192, 41.17410234256153], [0.2240324556017234, 41.174105214766165], [0.22403625680230632, 41.174015241038376], [0.22415533461184986, 41.17401811311101], [0.2242744124386185, 41.174020985060714], [0.2242782132968847, 41.173931011313144], [0.22439729097833497, 41.17393388313086], [0.22451636867700836, 41.17393675482563], [0.22463544639290567, 41.17393962639746], [0.22475452412602645, 41.17394249784635], [0.224750723917942, 41.17403247163009], [0.22474692369263524, 41.174122445412124], [0.2247431234501054, 41.174212419192465], [0.22486220168808796, 41.174215290545526], [0.22498127994329162, 41.174218161775634], [0.22510035821571522, 41.1742210328828], [0.22521943650535992, 41.17422390386702], [0.22522323609769931, 41.17413393005052], [0.22534231424201653, 41.174136800902765], [0.2254613924035513, 41.17413967163206], [0.22546519165357912, 41.174049697795795], [0.2254689908863886, 41.17395972395783], [0.22558806874004883, 41.1739625945461], [0.2257071466109258, 41.173965465011435], [0.22571094550142654, 41.17387549115371], [0.22571474437471167, 41.17378551729427], [0.22583382193771454, 41.17378838761858], [0.22583762063123874, 41.17369841374841], [0.2259566980489133, 41.17370128394075], [0.2259604965626789, 41.17361131005985], [0.2260795738350244, 41.173614180120204], [0.22619865112458462, 41.17361705005761], [0.22620244929605018, 41.173527076156944], [0.22620624745030296, 41.173437102254574], [0.22632532443199027, 41.17343997205098], [0.22644440143088876, 41.17344284172444], [0.22656347844699884, 41.17344571127495], [0.22668255548032087, 41.17344858070252], [0.22667875797623666, 41.173538554641034], [0.22667496045494406, 41.17362852857783], [0.22679403783056057, 41.173631397900536], [0.22679024045460144, 41.17372137184467], [0.22690931800997177, 41.17372424105346], [0.22690552077934809, 41.173814215004946], [0.22702459851447182, 41.17381708409982], [0.22714367626680396, 41.17381995307174], [0.2272627540363437, 41.17382282192074], [0.22726655077933228, 41.17373284794216], [0.2273856284035326, 41.17373571665918], [0.22738942496677095, 41.173645742669876], [0.22750850244563223, 41.17364861125491], [0.22762757994169913, 41.173651479717], [0.22774665745497005, 41.173654348056154], [0.22786573498544457, 41.17365721627236], [0.22798481253312233, 41.173660084365615], [0.22810389009800092, 41.17366295233594], [0.22810768566876904, 41.17357297829076], [0.22811148122233438, 41.17348300424389], [0.22811527675870003, 41.17339303019532], [0.22811907227786407, 41.17330305614506], [0.22799999536315843, 41.173300188210845], [0.22788091846565284, 41.17329732015371], [0.22788471429269894, 41.17320734611979], [0.22788851010254302, 41.17311737208419], [0.22789230589518386, 41.17302739804689], [0.2278961016706235, 41.172937424007884], [0.22801517791796763, 41.17294029202891], [0.228134254182513, 41.172943159927], [0.22825333046425883, 41.17294602770217], [0.22837240676320472, 41.17294889535437], [0.22849148307934983, 41.172951762883635], [0.22849527802489486, 41.17286178879778], [0.22861435419569898, 41.172864656195095], [0.22861814896150728, 41.17277468209852], [0.22873722498697077, 41.172777549363865], [0.22874101957304474, 41.17268757525657], [0.2288600954531672, 41.172690442389936], [0.22886388985950765, 41.17260046827192], [0.2289829655942891, 41.17260333527334], [0.22910204134626624, 41.17260620215178], [0.22922111711543744, 41.17260906890731], [0.22922491101697337, 41.17251909476053], [0.22934398664080116, 41.172521961384085], [0.22934019290180194, 41.1726119355399], [0.22945926870536013, 41.17261480204954], [0.2294554751117047, 41.172704776212676], [0.22933639914560944, 41.172701909694005], [0.22933260537222444, 41.17279188384642], [0.22932881158164614, 41.17288185799713], [0.22932501777387418, 41.17297183214616], [0.22932122394890972, 41.17306180629348], [0.22944030056516124, 41.17306467284824], [0.22955937719860486, 41.17306753928006], [0.22967845384924016, 41.17307040558895], [0.22968224718658384, 41.17298043141456], [0.22980132369187017, 41.17298329759147], [0.22980511684948468, 41.17289332340634], [0.22980890998990672, 41.17280334921954], [0.22992798618730503, 41.17280621525547], [0.23004706240189143, 41.17280908116845], [0.230050855200048, 41.172719106961914], [0.23005464798101566, 41.172629132753656], [0.23005844074479442, 41.17253915854371], [0.23006223349138583, 41.172449184332066], [0.23018130907301126, 41.172452050086015], [0.23030038467182562, 41.17245491571705], [0.23030417707615675, 41.172364941485654], [0.23030796946330137, 41.17227496725258], [0.23042704475423126, 41.1722778327426], [0.23043083696165545, 41.1721878584988], [0.23054991210723638, 41.17219072385689], [0.23055370413494095, 41.172100749602365], [0.2306727791351745, 41.172103614828494], [0.230791854152591, 41.172106479931685], [0.23079564583804402, 41.17201650565742], [0.23079943750631451, 41.17192653138146], [0.23091851221584933, 41.171929396343664], [0.23103758694256712, 41.17193226118294], [0.23104137826858923, 41.171842286887255], [0.23104516957743237, 41.17175231258986], [0.2310489608690926, 41.17166233829078], [0.23105275214357063, 41.17157236399], [0.23105654340086854, 41.171482389687505], [0.23106033464098427, 41.17139241538333], [0.23094126088944641, 41.17138955059817], [0.2308221871550903, 41.17138668569008], [0.2308259787030794, 41.17129671140225], [0.23082977023388548, 41.1712067371127], [0.2309488436431873, 41.17120960200276], [0.2309526349942853, 41.17111962770252], [0.23107170825824294, 41.17112249246062], [0.23107549942963446, 41.171032518149644], [0.2310792905838438, 41.17094254383698], [0.23108308172087338, 41.17085256952263], [0.2312021545144389, 41.170855434130736], [0.23132122732518418, 41.170858298615926], [0.23132501811998646, 41.17076832428183], [0.23144409078538836, 41.170771188635065], [0.23144788140048853, 41.17068121429025], [0.231566953920547, 41.17068407851153], [0.23168602645778205, 41.170686942609876], [0.2318050990121949, 41.1706898065853], [0.23192417158378353, 41.170692670437774], [0.2320432441725468, 41.17069553416734], [0.232162316778485, 41.17069839777396], [0.23228138940159784, 41.170701261257655], [0.23228517886186564, 41.17061128684803], [0.23228896830496001, 41.17052131243671], [0.23240804062020112, 41.170524175779434], [0.23241182988360173, 41.17043420135742], [0.23253090205349466, 41.1704370645682], [0.23252711295261563, 41.17052703899924], [0.23264618530220074, 41.170529902096106], [0.23276525766895728, 41.170532765070035], [0.23288433005288445, 41.17053562792104], [0.23300340245398024, 41.17053849064911], [0.23312247487224547, 41.17054135325424], [0.23324154730767774, 41.17054421573644], [0.23336061976027705, 41.17054707809572], [0.2334796922300438, 41.17054994033205], [0.2335987647169764, 41.170552802445464], [0.23360255235516209, 41.17046282793332], [0.2336063399761823, 41.17037285341948], [0.23372541215523523, 41.17037571539194], [0.2337291995965712, 41.170285740867385], [0.2337329870207437, 41.170195766341145], [0.23373677442774995, 41.1701057918132], [0.23374056181759392, 41.17001581728357], [0.23374434919027404, 41.16992584275223], [0.2337481365457899, 41.169835868219195], [0.23362906534184813, 41.169833006300784], [0.23350999415506982, 41.169830144259464], [0.23339092298545777, 41.16982728209522], [0.23327185183301036, 41.16982441980803], [0.2331527806977304, 41.16982155739791], [0.23303370957961708, 41.169818694864865], [0.2330299212490016, 41.16990866934384], [0.2330261329012171, 41.16999864382111], [0.2329070614752392, 41.16999578114711], [0.23278799006642956, 41.16999291835019], [0.23266891867478973, 41.169990055430326], [0.23254984730031936, 41.169987192387545], [0.23243077594302078, 41.169984329221826], [0.2323117046028944, 41.16998146593318], [0.23231549392577894, 41.16989149150999], [0.23231928323149084, 41.16980151708509], [0.2322002122335687, 41.16979865369155], [0.23208114125282037, 41.16979579017508], [0.23196207028924504, 41.16979292653568], [0.23195828049598669, 41.169882900933516], [0.23195449068555216, 41.16997287532968], [0.2318354194141202, 41.16997001154931], [0.23183162942399466, 41.17005998593475], [0.23182783941669372, 41.1701499603185], [0.23170876783740157, 41.17014709639717], [0.231589696275286, 41.17014423235292], [0.23147062473034902, 41.17014136818574], [0.231351553202589, 41.170138503895615], [0.23123248169200755, 41.17013563948258], [0.2311134101986063, 41.1701327749466], [0.2311096191990204, 41.17022274927455], [0.23110582818225475, 41.170312723600794], [0.23098675638099686, 41.17030985892386], [0.2308676845969203, 41.17030699412398], [0.23074861283002432, 41.170304129201185], [0.2306295410803117, 41.170301264155455], [0.23051046934778122, 41.1702983989868], [0.23039139763243568, 41.17029553369521], [0.2303876056233755, 41.170385507965634], [0.23038381359713084, 41.170475482234366], [0.23038002155370121, 41.17056545650141], [0.23037622949308703, 41.17065543076675], [0.2302571571448457, 41.170652565316146], [0.23013808481379208, 41.170649699742604], [0.2300190124999234, 41.170646834046146], [0.23001521993455798, 41.17073680828273], [0.22989614747535622, 41.170733942454305], [0.22989994020324203, 41.170643968226756], [0.2299037329139401, 41.17055399399749], [0.23002280504809988, 41.170556859807874], [0.2301418771994478, 41.17055972549531], [0.230145669567917, 41.17046975124632], [0.23014946191920047, 41.17037977699564], [0.23015325425329858, 41.170289802743234], [0.23003418258950944, 41.17028693708285], [0.23003797506893864, 41.170196962837785], [0.2299189035848528, 41.170194097063494], [0.2299226962096123, 41.17010412282576], [0.22980362490523099, 41.170101256937556], [0.2296845536180386, 41.17009839092643], [0.22968834655064319, 41.17000841670503], [0.22969213946605843, 41.169918442481936], [0.22957306852108617, 41.16991557636592], [0.22945399759330243, 41.16991271012699], [0.22933492668270916, 41.16990984376512], [0.229215855789308, 41.169906977280334], [0.22909678491309735, 41.16990411067261], [0.22897771405407996, 41.16990124394195], [0.2288586432122555, 41.16989837708837], [0.22873957238762388, 41.169895510111864], [0.22862050158018793, 41.16989264301244], [0.22850143078994686, 41.16988977579007], [0.22849763624938227, 41.16997974992292], [0.22849384169162237, 41.17006972405407], [0.22849004711666604, 41.170159698183525], [0.22848625252451404, 41.17024967231128], [0.22860532396481673, 41.17025253956975], [0.2287243954223159, 41.17025540670529], [0.22884346689700916, 41.1702582737179], [0.22896253838889769, 41.17026114060757], [0.2290816098979795, 41.17026400737432], [0.2292006814242538, 41.17026687401815], [0.2291968877900101, 41.17035684819836], [0.22919309413857472, 41.17044682237687], [0.22931216600707788, 41.17044968891581], [0.22943123789277195, 41.17045255533181], [0.22942744454918287, 41.17054252952668], [0.22942365118840327, 41.17063250371984], [0.22941985781043278, 41.17072247791131], [0.22953893020087968, 41.17072534423146], [0.2296580026085151, 41.17072821042868], [0.2297770750333414, 41.17073107650296], [0.22977328212574513, 41.17082105071979], [0.22965420953839766, 41.17081818463649], [0.22953513696823985, 41.17081531843025], [0.22953134371840994, 41.17090529262734], [0.22952755045138912, 41.170995266822736], [0.2295237571671786, 41.17108524101644], [0.22951996386577678, 41.17117521520844], [0.2296390370860304, 41.17117808145077], [0.22975811032347293, 41.171180947570164], [0.22987718357810558, 41.17118381356662], [0.2299962568499263, 41.17118667944016], [0.23000004950122752, 41.17109670521207], [0.23011912262771045, 41.17109957095364], [0.23012291509930038, 41.17100959671483], [0.23024198808044546, 41.171012462324455], [0.23036106107877707, 41.171015327811126], [0.2304801340942944, 41.17101819317489], [0.23059920712699628, 41.171021058415704], [0.23059541530550498, 41.1711110326906], [0.23059162346682952, 41.1712010069638], [0.23047255010907775, 41.17119814170494], [0.2303534767685109, 41.17119527632314], [0.23023440344512938, 41.17119241081841], [0.23023061110169155, 41.17128238506285], [0.23022681874106718, 41.17137235930559], [0.23010774510981952, 41.17136949365988], [0.22998867149575916, 41.17136662789123], [0.2298695978988865, 41.171363761999665], [0.22975052431920118, 41.17136089598517], [0.22963145075670677, 41.171358029847724], [0.2296276575662602, 41.171448004043654], [0.2296238643586227, 41.17153797823789], [0.22962007113379593, 41.17162795243042], [0.22961627789177785, 41.17171792662126], [0.2294972036963614, 41.171715060324786], [0.22937812951813463, 41.171712193905385], [0.22937433593386622, 41.171802168076475], [0.2293705423324065, 41.17189214224587], [0.2292514678463116, 41.17188927568548], [0.22913239337741037, 41.17188640900215], [0.22901331892570323, 41.17188354219589], [0.2288942444911894, 41.17188067526668], [0.2288904502224131, 41.17197064939829], [0.22877137564256342, 41.17196778233713], [0.22876758119406074, 41.172057756457995], [0.2286485064688752, 41.17205488926488], [0.22852943176088691, 41.17205202194881], [0.22841035707009588, 41.17204915450982], [0.22841415200619428, 41.171959180416025], [0.22841794692509382, 41.17186920632052], [0.2284217418267957, 41.17177923222334], [0.22830266764079407, 41.171776364688476], [0.2281835934719917, 41.171773497030685], [0.22806451932038818, 41.17177062924997], [0.2279454451859851, 41.1717677613463], [0.22794164963416474, 41.17185773540738], [0.22793785406514352, 41.171947709466764], [0.22793405847892145, 41.17203768352445], [0.2280531331009159, 41.1720405514552], [0.22817220774010957, 41.17204341926301], [0.22829128239650293, 41.17204628694788], [0.22828748728067536, 41.17213626103095], [0.22828369214764896, 41.172226235112305], [0.2282798969974229, 41.17231620919199], [0.22816082185343106, 41.172313341480034], [0.22815702652347225, 41.17240331554898], [0.22815323117631262, 41.17249328961623], [0.22814943581195335, 41.17258326368177], [0.22803036019755787, 41.17258039581979], [0.22791128460036203, 41.17257752783489], [0.22779220902036862, 41.17257465972702], [0.22778841315120005, 41.172664633763794], [0.22778461726483062, 41.17275460779886], [0.22766554137696668, 41.17275173955001], [0.22754646550630636, 41.172748871178214], [0.22742738965285006, 41.172746002683475], [0.22730831381659855, 41.17274313406581], [0.22718923799755228, 41.17274026532519], [0.227070162195712, 41.172737396461635], [0.2269510864110801, 41.17273452747514], [0.22683201064365502, 41.17273165836571], [0.22671293489343833, 41.17272878913334], [0.22671673224263547, 41.17263881517955], [0.22672052957462382, 41.17254884122406], [0.2266014541666881, 41.172545971886805], [0.22648237877596075, 41.17254310242663], [0.22636330340244498, 41.172540232843495], [0.22635950558285053, 41.17263020677189], [0.22624043006401126, 41.172627337056795], [0.22623663206467054, 41.172717310974456], [0.22623283404811828, 41.17280728489041], [0.22622903601435285, 41.172897258804674], [0.2261099600251155, 41.17289438893954], [0.2259908840530921, 41.17289151895146], [0.22598708567703893, 41.17298149284595], [0.2258680095596924, 41.1729786227259], [0.22586421100388743, 41.17306859660966], [0.22574513474121657, 41.17306572635763], [0.22562605849576087, 41.173062855982664], [0.22550698226752192, 41.17305998548475], [0.2253879060564993, 41.173057114863894], [0.22526882986269384, 41.17305424412011], [0.22514975368610748, 41.17305137325337], [0.2251535532171397, 41.172961399423826], [0.2251573527309532, 41.1728714255926], [0.22503827689666012, 41.172868554621], [0.22491920107958618, 41.17286568352647], [0.22480012527973334, 41.172862812308985], [0.22468104949710163, 41.17285994096857], [0.22456197373169182, 41.17285706950522], [0.22444289798350472, 41.17285419791893], [0.2243238222525399, 41.172851326209695], [0.2242047465387998, 41.17284845437752], [0.22420094572469326, 41.17293842813644], [0.22408186986564235, 41.17293555617229], [0.22396279402381536, 41.1729326840852], [0.2238437181992158, 41.172929811875164], [0.22372464239184336, 41.172926939542194], [0.22360556660169917, 41.172924067086285], [0.22348649082878247, 41.17292119450743], [0.2233674150730964, 41.17291832180564], [0.223363613104008, 41.173008295499564], [0.22324453720301513, 41.173005422665796], [0.2231254613192529, 41.17300254970908], [0.22312926361341387, 41.17291257603325], [0.22313306589034218, 41.17282260235572], [0.2230139903488832, 41.17281972929415], [0.22289491482465643, 41.17281685610965], [0.2227758393176615, 41.17281398280221], [0.22265676382790126, 41.17281110937183], [0.2225376883553748, 41.172808235818515], [0.22254149142774593, 41.17271826218449], [0.22242241613498842, 41.17271538851728], [0.22230334085946674, 41.172712514727145], [0.22218426560118246, 41.17270964081405], [0.22206519036013478, 41.17270676677803], [0.22194611513632492, 41.17270389261906], [0.22194231125128352, 41.172793866207854], [0.22193850734900428, 41.172883839794935], [0.22193470342948646, 41.1729738133803], [0.2219308994927292, 41.17306378696399], [0.22192709553873258, 41.17315376054598], [0.22204617157521947, 41.17315663475017], [0.2220423677665209, 41.173246608339504], [0.22192329156749693, 41.17324373412626], [0.22191948757902188, 41.17333370770485], [0.22191568357330904, 41.17342368128172], [0.221911879550356, 41.173513654856905], [0.2217928028809546, 41.17351078049357], [0.22167372622879264, 41.17350790600731], [0.22166992186352005, 41.17359787956269], [0.22166611748100531, 41.17368785311638], [0.22154704052100221, 41.173684978489064], [0.2214279635782429, 41.173682103738805], [0.22130888665272538, 41.1736792288656], [0.22118980974445124, 41.17367635386947], [0.22118600469453006, 41.17376632738526], [0.22106692764095903, 41.17376345225713], [0.22106312241125067, 41.173853425762154], [0.22094404521238234, 41.17385055050203], [0.2208249680307594, 41.173847675118964], [0.22070589086638343, 41.17384479961295], [0.22070208513180295, 41.173934773089144], [0.2206982793799743, 41.174024746563624], [0.22057920190775918, 41.17402187091657], [0.22046012445279262, 41.17401899514657], [0.22045631835862897, 41.174108968601246], [0.22045251224721715, 41.174198942054225], [0.22033343448441106, 41.17419606614317], [0.22021435673885428, 41.17419319010918], [0.2202105502851027, 41.17428316354235], [0.22020674381410135, 41.17437313697381], [0.22008766576070507, 41.174370260798774], [0.21996858772455932, 41.174367384500776]]]}, "properties": {"area_ha": 14.34, "dnbr_threshold": 0.35, "part": 7, "fire_id": "2024430993", "burn_year": 2024, "source": "sentinel", "aoi_source": "official", "buffer_m": 500.0, "fire_date": "2024-05-11"}}, {"type": "Feature", "geometry": {"type": "Polygon", "coordinates": [[[0.22033070757408574, 41.17707809165207], [0.22021162460946894, 41.1770752154513], [0.22021543143546113, 41.17698524206177], [0.22021923824419962, 41.17689526867054], [0.22010015562197033, 41.17689239236493], [0.21998107301699396, 41.176889515936345], [0.2198619904292721, 41.176886639384826], [0.21985818313283093, 41.176976612748895], [0.21985437581913647, 41.17706658611126], [0.21973529292353372, 41.17706370941866], [0.21961621004518708, 41.177060832603104], [0.21949712718409614, 41.1770579556646], [0.2193780443402629, 41.17705507860314], [0.21925896151368576, 41.17705220141873], [0.21925515336989554, 41.1771421747341], [0.21925134520884643, 41.17723214804779], [0.2191322620743916, 41.17722927072231], [0.21912845373351472, 41.177319244025234], [0.21912464537537818, 41.177409217326456], [0.21912083699998194, 41.17749919062598], [0.21911702860732604, 41.17758916392381], [0.21911322019741086, 41.177679137219926], [0.2191094117702352, 41.17776911051437], [0.21910560332579987, 41.1778590838071], [0.21910179486410447, 41.177949057098125], [0.2192208792991346, 41.17795193449607], [0.21933996375142406, 41.17795481177105], [0.219459048220972, 41.17795768892309], [0.21957813270777723, 41.17796056595216], [0.21957432487912393, 41.17805053927771], [0.21957051703321212, 41.17814051260157], [0.21956670917004462, 41.17823048592373], [0.21956290128961864, 41.17832045924419], [0.21955909339193497, 41.17841043256295], [0.21967817870888326, 41.17841330951433], [0.21979726404308803, 41.178416186342766], [0.2199163493945497, 41.17841906304823], [0.2200354347632659, 41.17842193963075], [0.22015452014923698, 41.178424816090285], [0.22027360555246178, 41.17842769242688], [0.22027741247467253, 41.17833771905378], [0.22039649773257222, 41.17834059525835], [0.2204003044749516, 41.17825062187452], [0.22040411120007805, 41.17816064848897], [0.22052319615007424, 41.17816352455247], [0.2206422811173205, 41.17816640049302], [0.22076136610181854, 41.178169276310584], [0.22076517232196197, 41.17807930289618], [0.22088425716113172, 41.17808217858175], [0.22088806320144896, 41.17799220515659], [0.2208918692245165, 41.17790223172975], [0.22089567523033588, 41.1778122583012], [0.22077659087889306, 41.17780938264278], [0.22078039703003716, 41.17771940922159], [0.2207842031639327, 41.177629435798686], [0.22078800928057812, 41.177539462374085], [0.22079181537997417, 41.17744948894777], [0.2207956214621213, 41.17735951551979], [0.22067653794079134, 41.17735663978369], [0.22055745443671113, 41.17735376392463], [0.22056126082675065, 41.17726379051303], [0.2206803441682596, 41.17726666636304], [0.22079942752701828, 41.177269542090094], [0.2209185109030263, 41.17727241769418], [0.22091470500069982, 41.17736239113294], [0.22091089908112396, 41.17745236456998], [0.22102998279952346, 41.17745524006922], [0.22114906653516914, 41.1774581154455], [0.22114526092349004, 41.17754808889895], [0.22114145529456283, 41.17763806235071], [0.22113764964838864, 41.17772803580077], [0.22125673388900144, 41.17773091108125], [0.2213758181468608, 41.17773378623876], [0.2214949024219667, 41.177736661273315], [0.22149870758041873, 41.17764668779611], [0.22161779171019477, 41.17764956269866], [0.22173687585721538, 41.17765243747825], [0.2217406806732759, 41.177562463981246], [0.2217444854720927, 41.17747249048254], [0.22174829025366566, 41.17738251698214], [0.2217520950179961, 41.17729254348002], [0.22187117853197022, 41.17729541810046], [0.22199026206318692, 41.17729829259794], [0.22199406648513262, 41.17720831907603], [0.2219978708898365, 41.17711834555242], [0.22211695411315366, 41.177121219908855], [0.2222360373537134, 41.17712409414232], [0.22235512061151214, 41.177126968252836], [0.22247420388654987, 41.17712984224038], [0.22247800762373446, 41.1770398686789], [0.22248181134368125, 41.17694989511569], [0.22260089431081823, 41.176952768962195], [0.22271997729519463, 41.17695564268573], [0.2227237806727654, 41.17686566910276], [0.2227275840331, 41.176775695518074], [0.22273138737619716, 41.17668572193168], [0.2227351907020585, 41.17659574834361], [0.22273899401068242, 41.17650577475383], [0.22274279730207014, 41.176415801162335], [0.22262371529309274, 41.17641292749307], [0.22250463330135314, 41.17641005370085], [0.22250843690063207, 41.17632008012576], [0.22251224048267318, 41.176230106548985], [0.22251604404747685, 41.17614013297048], [0.22239696256066385, 41.17613725908245], [0.22227788109108904, 41.17613438507147], [0.22228168496377798, 41.17604441150937], [0.22228548881922752, 41.17595443794558], [0.22228929265743805, 41.17586446438009], [0.22229309647841036, 41.175774490812906], [0.2222969002821429, 41.17568451724401], [0.22217781964260738, 41.17568164315531], [0.22205873902031087, 41.17567876894366], [0.22193965841525456, 41.17567589460905], [0.22182057782743886, 41.1756730201515], [0.22181677337347294, 41.175762993684195], [0.22181296890226482, 41.17585296721519], [0.2216938880065738, 41.175850092616585], [0.22169008335556456, 41.17594006613683], [0.22168627868731314, 41.176030039655394], [0.22168247400181834, 41.17612001317223], [0.22167866929908137, 41.1762099866874], [0.22179775084501413, 41.17621286132219], [0.2217939462875975, 41.176302834844684], [0.22179014171293668, 41.176392808365485], [0.2217863371210345, 41.176482781884594], [0.2219054191718998, 41.17648565642359], [0.2219016147253199, 41.17657562995004], [0.22189781026149866, 41.17666560347478], [0.22177872788550274, 41.1766627289177], [0.22177492324187317, 41.176752702431706], [0.22177111858100104, 41.176842675944], [0.22176731390288554, 41.17693264945461], [0.22164823105643192, 41.17692977474742], [0.22152914822722244, 41.17692689991726], [0.22141006541525599, 41.176924024964165], [0.22129098262053645, 41.176921149888095], [0.22129478794892155, 41.17683117641369], [0.22129859326006007, 41.17674120293759], [0.22117951080771972, 41.176738327756674], [0.2210604283726251, 41.1767354524528], [0.22106423399165007, 41.1766454789931], [0.22094515173636814, 41.176642603575324], [0.22094895750071106, 41.17655263012297], [0.22082987542524138, 41.176549754591306], [0.22071079336702065, 41.17654687893667], [0.22059171132604846, 41.176544003159094], [0.220472629302326, 41.17654112725855], [0.22046882288772465, 41.17663110067468], [0.22034974071868782, 41.17662822464214], [0.22034593412427023, 41.17671819804754], [0.22034212751260288, 41.17680817145121], [0.22033832088368183, 41.1768981448532], [0.22045740354041615, 41.1769010209129], [0.22045359705681108, 41.176990994322246], [0.22044979055595545, 41.17708096772988], [0.22033070757408574, 41.17707809165207]]]}, "properties": {"area_ha": 3.8, "dnbr_threshold": 0.35, "part": 8, "fire_id": "2024430993", "burn_year": 2024, "source": "sentinel", "aoi_source": "official", "buffer_m": 500.0, "fire_date": "2024-05-11"}}, {"type": "Feature", "geometry": {"type": "Polygon", "coordinates": [[[0.22430734988238615, 41.161953004055476], [0.22442640588300858, 41.161955875162604], [0.22454546190084657, 41.16195874614683], [0.22466451793589928, 41.16196161700815], [0.2247835739881652, 41.1619644877466], [0.22490263005764585, 41.161967358362155], [0.22502168614433765, 41.16197022885481], [0.225025484370339, 41.16188025486152], [0.22514454031179518, 41.16188312522224], [0.2252635962704633, 41.16188599546008], [0.22538265224634182, 41.16188886557502], [0.22550170823943072, 41.161891735567075], [0.22549791066321828, 41.16198170959651], [0.22549411306979708, 41.162071683624255], [0.2256131694049892, 41.16207455351148], [0.22573222575738894, 41.16207742327582], [0.22585128212699707, 41.16208029291727], [0.2259703385138112, 41.162083162435806], [0.22608939491783173, 41.162086031831464], [0.2262084513390571, 41.16208890110422], [0.22632750777748764, 41.16209177025409], [0.22644656423312143, 41.16209463928107], [0.22656562070595923, 41.162097508185155], [0.22656182455737175, 41.1621874822925], [0.22655802839158187, 41.16227745639814], [0.22667708520652213, 41.162280325197386], [0.22679614203866322, 41.16228319387373], [0.22691519888800593, 41.162286062427206], [0.22691899456644418, 41.16219608829447], [0.2269227902276824, 41.162106114160025], [0.22704184676932435, 41.16210898257254], [0.22716090332816594, 41.16211185086215], [0.2271646986473053, 41.16202187670795], [0.22716849394924699, 41.16193190255206], [0.227287550200389, 41.161934770700725], [0.22740660646872904, 41.16193763872649], [0.22741040142857544, 41.16184766455084], [0.22741419637122617, 41.16175769037349], [0.22753325233186783, 41.161760558258315], [0.22765230830970518, 41.16176342602023], [0.22765610291026497, 41.161673451823134], [0.22777515874285234, 41.161676319453136], [0.2278942145926326, 41.16167918696024], [0.22789800885110506, 41.16158921274339], [0.22801706455563378, 41.16159208011858], [0.22813612027735575, 41.16159494737088], [0.22825517601626902, 41.16159781450029], [0.2283742317723744, 41.1616006815068], [0.22837043816368766, 41.16169065575976], [0.22836664453780964, 41.16178063001102], [0.2283628508947411, 41.16187060426059], [0.22835905723448086, 41.16196057850845], [0.22835526355702976, 41.16205055275463], [0.22835146986238772, 41.162140526999096], [0.22834767615055362, 41.162230501241865], [0.2284667330609916, 41.162233368188666], [0.2285857899886201, 41.16223623501258], [0.2287048469334379, 41.162239101713595], [0.2287010536917685, 41.16232907598174], [0.22858199658449868, 41.162326209271704], [0.22857820316318678, 41.162416183529125], [0.22845914591065428, 41.16241331668718], [0.2284553523096995, 41.162503290933884], [0.2283362949119039, 41.162500423960005], [0.22821723753130083, 41.16249755686323], [0.2280981801678906, 41.162494689643545], [0.2279791228216729, 41.162491822300986], [0.22786006549264926, 41.162488954835524], [0.2278562710622348, 41.16257892903539], [0.2278524766146255, 41.16266890323357], [0.2278486821498209, 41.16275887743005], [0.22772962435062938, 41.16275600981461], [0.22772582970617433, 41.16284598400036], [0.2276067717617233, 41.16284311625299], [0.2276029769376174, 41.16293309042802], [0.22759918209631308, 41.16302306460135], [0.22748012384414498, 41.16302019671303], [0.22736106560917413, 41.163017328701805], [0.2273572704257594, 41.16310730285538], [0.2273534752251458, 41.16319727700726], [0.22723441668245747, 41.16319440885509], [0.22711535815696762, 41.163191540580016], [0.22699629964867818, 41.16318867218204], [0.2268772411575888, 41.163185803661165], [0.22675818268370146, 41.1631829350174], [0.22663912422701454, 41.16318006625073], [0.22663532803445155, 41.16327004034672], [0.22663153182468412, 41.16336001444101], [0.22651247306028252, 41.16335714553338], [0.22639341431308493, 41.16335427650285], [0.22627435558309136, 41.16335140734943], [0.2261552968703038, 41.163348538073095], [0.22615149999349496, 41.16343851212956], [0.2261477030994801, 41.16352848618433], [0.22614390618826005, 41.1636184602374], [0.22626296538842905, 41.16362132954083], [0.22638202460580367, 41.16362419872136], [0.22637822800230106, 41.16371417279079], [0.22649728739934125, 41.16371704185745], [0.22649349094109697, 41.163807015934225], [0.22661255051780588, 41.16380988488701], [0.2266087542048207, 41.163899858971114], [0.2264896944656479, 41.1638969900093], [0.22637063474368146, 41.163894120924574], [0.22625157503891866, 41.16389125171695], [0.2262477782213381, 41.16398122577225], [0.22624398138654994, 41.16407119982588], [0.22624018453455816, 41.16416117387777], [0.22635924472671554, 41.1641640431125], [0.22647830493607732, 41.164166912224324], [0.22659736516264473, 41.16416978121323], [0.22659356878084547, 41.16425975529055], [0.2267126291870824, 41.164262624165595], [0.22683168961052175, 41.16426549291774], [0.2268278935364535, 41.16435546701142], [0.22682409744518323, 41.164445441103396], [0.22682030133670972, 41.164535415193676], [0.2268165052110342, 41.164625389282264], [0.22681270906815582, 41.16471536336915], [0.22680891290807464, 41.16480533745432], [0.22680511673079104, 41.16489531153782], [0.22680132053630458, 41.1649852856196], [0.22692038227670708, 41.164988154321094], [0.2270394440343124, 41.16499102289966], [0.22715850580911895, 41.16499389135535], [0.22727756760112594, 41.16499675968812], [0.22728136314572128, 41.16490678557021], [0.2272851586731178, 41.1648168114506], [0.22728895418331305, 41.1647268373293], [0.22740801550510326, 41.16472970551207], [0.2274118108356282, 41.16463973138003], [0.2274156061489551, 41.1645497572463], [0.22741940144508233, 41.16445978311087], [0.2275384622966617, 41.164462651143644], [0.2275422574131214, 41.16437267699749], [0.22754605251238302, 41.16428270284963], [0.2276651130562239, 41.16428557074146], [0.22778417361726158, 41.16428843851036], [0.22790323419549535, 41.16429130615638], [0.2280222947909252, 41.164294173679494], [0.2281413554035487, 41.164297041079706], [0.2282604160333683, 41.164299908357], [0.22826421014062767, 41.164209934153284], [0.22826800423069174, 41.164119959947875], [0.2283870645527696, 41.16412282708422], [0.22850612489203956, 41.16412569409767], [0.22850991863997933, 41.16403571987248], [0.2285137123707266, 41.16394574564563], [0.22851750608428298, 41.16385577141706], [0.2286365659533465, 41.16385863828053], [0.2287556258396021, 41.16386150502109], [0.22875941921103773, 41.16377153077278], [0.22876321256528287, 41.163681556522775], [0.22876700590233912, 41.16359158227106], [0.22888606531839303, 41.163594448861645], [0.22900512475163548, 41.16359731532933], [0.22900891774657614, 41.16350734105787], [0.22912797703454515, 41.163510207393635], [0.22924703633970067, 41.163513073606495], [0.22925082899253016, 41.1634230993153], [0.2292546216281727, 41.16333312502241], [0.22925841424662832, 41.16324315072782], [0.22926220684789742, 41.16315317643153], [0.22938126552039728, 41.16315604248539], [0.2295003242100821, 41.163158908416364], [0.22950411646924757, 41.16306893410032], [0.22950790871122767, 41.16297895978259], [0.22951170093602288, 41.16288898546316], [0.22963075915551673, 41.16289185124416], [0.22974981739219594, 41.16289471690227], [0.22986887564605887, 41.16289758243748], [0.22987266736629802, 41.16280760808929], [0.22999172547488478, 41.16281047349257], [0.229995517015485, 41.16272049913367], [0.23011457497879712, 41.162723364405046], [0.23023363295929097, 41.16272622955351], [0.2302374241577979, 41.16263625517485], [0.23024121533912587, 41.162546280794515], [0.23024500650327206, 41.162456306412466], [0.2302487976502385, 41.16236633202872], [0.23025258878002636, 41.16227635764328], [0.23025637989263406, 41.16218638325615], [0.2301373228868653, 41.16218351816179], [0.23014111414474522, 41.16209354378198], [0.2302601709880624, 41.162096408867306], [0.2303792278485589, 41.162099273829746], [0.23049828472623363, 41.16210213866929], [0.2306173416210865, 41.16210500338594], [0.23062113221198224, 41.16201502896835], [0.2307401889615609, 41.162017893553084], [0.23074397937282845, 41.161927919124786], [0.23074776976692063, 41.16183794469479], [0.23086682620877624, 41.16184080913859], [0.23098588266780765, 41.161843673459494], [0.23110493914401325, 41.16184653765751], [0.23122399563739265, 41.161849401732646], [0.23134305214794668, 41.16185226568486], [0.2314621086756721, 41.161855129514194], [0.23158116522056935, 41.16185799322063], [0.2317002217826388, 41.16186085680418], [0.23170401085995826, 41.16177088230035], [0.23182306727674873, 41.16177374575198], [0.23194212371070663, 41.16177660908074], [0.23194591244595864, 41.16168663455717], [0.2319497011640424, 41.16159666003191], [0.23195348986495595, 41.16150668550497], [0.2318344339183421, 41.161503822203265], [0.23183822276453425, 41.16141384768363], [0.23184201159355816, 41.161323873162296], [0.23172295598900622, 41.16132100975573], [0.23172674496330592, 41.16123103524171], [0.2317305339204354, 41.161141060726], [0.23173432286039547, 41.161051086208595], [0.2317381117831857, 41.160961111689495], [0.23174190068880732, 41.16087113716867], [0.2317456895772583, 41.16078116264618], [0.23174947844854063, 41.16069118812197], [0.23175326730265355, 41.16060121359609], [0.23163421301481388, 41.16059835013874], [0.23151515874414363, 41.16059548655852], [0.2313961044906432, 41.16059262285541], [0.23127705025431583, 41.1605897590294], [0.23127326075044302, 41.16067973351924], [0.231269471229398, 41.16076970800738], [0.23115041668536146, 41.16076684404045], [0.23103136215849795, 41.16076397995064], [0.23091230764880863, 41.16076111573794], [0.2307932531562935, 41.16075825140235], [0.2307970433271, 41.16066827695027], [0.23067798901420075, 41.16066541250081], [0.23055893471847647, 41.16066254792846], [0.23043988043993, 41.160659683233206], [0.2303208261785601, 41.160656818415085], [0.2303170353579925, 41.160746792831084], [0.23031324452024834, 41.16083676724538], [0.23030945366532482, 41.16092674165798], [0.23019039893381088, 41.16092387668991], [0.23018660789926712, 41.16101385109179], [0.23018281684754519, 41.16110382549196], [0.2300637618083261, 41.16110096038297], [0.23005997057698074, 41.16119093477243], [0.23005617932845562, 41.161280909160205], [0.23005238806274955, 41.16137088354628], [0.2299333325533789, 41.16136801828733], [0.2298142770611884, 41.161365152905475], [0.22981048545341168, 41.1614551272718], [0.22969142981595808, 41.16145226175804], [0.22957237419568705, 41.16144939612138], [0.2295685822458357, 41.16153937046798], [0.22956479027880142, 41.16162934481287], [0.22944573435082166, 41.161626479035284], [0.22932667844002563, 41.16162361313479], [0.22920762254641416, 41.161620747111435], [0.2290885666699888, 41.16161788096515], [0.22909235928680882, 41.161527906656346], [0.22897330359001605, 41.16152504039621], [0.22885424791041017, 41.16152217401318], [0.22885804083493455, 41.16143219972073], [0.22873898533496165, 41.16142933322383], [0.22874277840474314, 41.1613393589387], [0.22862372308440318, 41.16133649232794], [0.22862751629944023, 41.161246518050135], [0.22850846115873283, 41.1612436513255], [0.22838940603521554, 41.161240784477975], [0.22827035092888873, 41.16123791750758], [0.22815129583975285, 41.16123505041428], [0.22803224076780904, 41.161232183198074], [0.22791318571305813, 41.16122931585899], [0.2277941306755005, 41.16122644839702], [0.22767507565513653, 41.161223580812155], [0.22755602065196706, 41.1612207131044], [0.22743696566599444, 41.161217845273754], [0.2274331708265241, 41.1613078194613], [0.22742937596985768, 41.16139779364713], [0.2273103206761946, 41.161394925675545], [0.22719126539972803, 41.16139205758106], [0.2270722101404607, 41.16138918936368], [0.22695315489839102, 41.161386321023414], [0.22683409967352017, 41.161383452560266], [0.22671504446585136, 41.161380583974214], [0.2265959892753814, 41.161377715265274], [0.22647693410211348, 41.16137484643346], [0.22635787894604878, 41.16137197747874], [0.2262388238071873, 41.16136910840113], [0.22611976868552905, 41.16136623920063], [0.22600071358107598, 41.16136336987724], [0.22588165849382777, 41.16136050043096], [0.22576260342378512, 41.161357630861794], [0.2256435483709505, 41.16135476116973], [0.22552449333532187, 41.16135189135478], [0.22540543831690282, 41.16134902141694], [0.22528638331569098, 41.16134615135622], [0.2252825855178448, 41.16143612537777], [0.2252787877027886, 41.16152609939763], [0.22515973239390144, 41.16152322919594], [0.22504067710222503, 41.161520358871364], [0.2249216218277602, 41.16151748842388], [0.22480256657050696, 41.16151461785351], [0.2247987680884646, 41.16160459183553], [0.2247949695892091, 41.16169456581585], [0.22467591402428053, 41.161691695104516], [0.22455685847656628, 41.1616888242703], [0.22443780294606522, 41.16168595331319], [0.2243187474327801, 41.16168308223319], [0.22431494826653126, 41.16177305617565], [0.22431114908306649, 41.161863030116415], [0.22430734988238615, 41.161953004055476]], [[0.2279260015055343, 41.16375146107108], [0.22780694190209444, 41.16374859347923], [0.22768788231585022, 41.16374572576449], [0.22756882274680207, 41.163742857926835], [0.2275726177256813, 41.16365288376709], [0.22769167713226632, 41.16365575159571], [0.22769547193148476, 41.163565777425255], [0.22781453119280431, 41.16356864512194], [0.22781832581236514, 41.16347867094074], [0.22793738492841842, 41.1634815385055], [0.22805644406166617, 41.16348440594737], [0.2280526497670276, 41.16357438014662], [0.22817170907993178, 41.16357724747461], [0.2282907684100292, 41.163580114679704], [0.22828697442312126, 41.163670088895316], [0.2282831804190224, 41.163760063109216], [0.22816412076399908, 41.16375719588608], [0.22804506112616907, 41.16375432854003], [0.2279260015055343, 41.16375146107108]]]}, "properties": {"area_ha": 9.85, "dnbr_threshold": 0.35, "part": 14, "fire_id": "2024430993", "burn_year": 2024, "source": "sentinel", "aoi_source": "official", "buffer_m": 500.0, "fire_date": "2024-05-11"}}, {"type": "Feature", "geometry": {"type": "Polygon", "coordinates": [[[0.22448595898993504, 41.166190391502575], [0.22436689531906306, 41.166187520216425], [0.22424783166540904, 41.166184648807366], [0.2242516315128659, 41.16609467493911], [0.22425543134310363, 41.16600470106915], [0.22413636803162998, 41.16600182955526], [0.22401730473737744, 41.16599895791847], [0.223898241460346, 41.16599608615874], [0.2238944411426676, 41.1660860600016], [0.2238906408077677, 41.166176033842724], [0.22388684045564547, 41.16626600768218], [0.22388304008630092, 41.16635598151992], [0.22387923969973608, 41.16644595535596], [0.22376017562751788, 41.16644308342815], [0.2237563750612461, 41.166533057253446], [0.2236373108437684, 41.16653018519368], [0.22351824664351377, 41.16652731301099], [0.22351444573505092, 41.16661728681651], [0.22351064480936297, 41.16670726062033], [0.22339158030136463, 41.166704388296644], [0.223387779195967, 41.166794362089725], [0.22338397807334268, 41.166884335881115], [0.22338017693349446, 41.166974309670785], [0.22349924192895254, 41.166977182021604], [0.22361830694163573, 41.166980054249485], [0.2237373719715412, 41.16698292635449], [0.22374117262392887, 41.16689295253768], [0.22374497325909343, 41.16680297871916], [0.22386403798124924, 41.166805850683154], [0.22398310272062774, 41.16680872252423], [0.22410216747722855, 41.166811594242404], [0.22422123225105048, 41.166814465837646], [0.22434029704209232, 41.16681733730998], [0.22434409684760323, 41.166727363444565], [0.22446316149337803, 41.16673023478494], [0.2244593618503537, 41.1668202086594], [0.22445556219011026, 41.16691018253215], [0.22457462717807694, 41.1669130537677], [0.22469369218326354, 41.16691592488034], [0.2248127572056661, 41.166918795870046], [0.2249318222452854, 41.16692166673687], [0.22492802321777594, 41.16701164064406], [0.22504708843709936, 41.16701451139699], [0.22516615367363832, 41.16701738202701], [0.22528521892739203, 41.16702025253411], [0.22528901746743776, 41.16693027859979], [0.22540808257591646, 41.166933148974955], [0.2255271477016083, 41.16693601922719], [0.22553094589946493, 41.1668460452731], [0.22553474408010915, 41.166756071317295], [0.22565380889803782, 41.166758941428554], [0.22565760689898312, 41.166668967462044], [0.22566140488271763, 41.16657899349383], [0.22578046939288468, 41.166581863464096], [0.22578426719692343, 41.16649188948513], [0.2257880649837506, 41.16640191550449], [0.22579186275336738, 41.16631194152214], [0.22579566050577538, 41.166221967538085], [0.22579945824097178, 41.16613199355234], [0.2259185219559322, 41.16613486335453], [0.22592231951143643, 41.16604488935806], [0.2260413830811242, 41.166047759028295], [0.2260451804569406, 41.16595778502107], [0.22616424388135617, 41.16596065455936], [0.22616804107748237, 41.16587068054143], [0.22628710435662527, 41.16587354994777], [0.22629090137306523, 41.1657835759191], [0.22640996450693512, 41.165786445193504], [0.22641376134368887, 41.16569647115409], [0.22653282433228691, 41.16569934029656], [0.2265366209893568, 41.16560936624642], [0.22654041762922228, 41.16551939219459], [0.22654421425188176, 41.16542941814105], [0.22642515175071642, 41.165426549025675], [0.2263060892667575, 41.16542367978741], [0.226187026800005, 41.16542081042623], [0.22606796435045926, 41.165417940942135], [0.22594890191812153, 41.16541507133514], [0.22595269933595624, 41.16532509732506], [0.22583363708330317, 41.16532222760418], [0.22571457484785848, 41.16531935776041], [0.22559551262962454, 41.16531648779372], [0.22547645042860182, 41.16531361770413], [0.22535738824478904, 41.165310747491624], [0.22535359001457705, 41.16540072145652], [0.225234527685502, 41.16539785111207], [0.22511546537363972, 41.16539498064472], [0.22511166680126485, 41.16548495458984], [0.22499260434414065, 41.16548208399054], [0.22487354190423042, 41.165479213268334], [0.2248697429896887, 41.16556918719369], [0.22475068040451776, 41.16556631633954], [0.22463161783656319, 41.16556344536248], [0.22462781857985142, 41.16565341926805], [0.2246240193059241, 41.16574339317193], [0.22450495643023177, 41.16574052205387], [0.22438589357175737, 41.16573765081293], [0.22438209395565525, 41.16582762469704], [0.2243782943223348, 41.165917598579426], [0.22437449467179602, 41.166007572460124], [0.22449355801770712, 41.166010443728204], [0.22448975851243025, 41.16610041761624], [0.22448595898993504, 41.166190391502575]], [[0.22472408638333513, 41.16619613370614], [0.2248431501058601, 41.16619900462355], [0.22484694914091105, 41.166109030710096], [0.22496601271817093, 41.16611190149557], [0.2249622138456006, 41.16620187541806], [0.22495841495581592, 41.166291849338855], [0.2248393510535928, 41.16628897853531], [0.22483555198410915, 41.16637895244538], [0.22471648793661897, 41.16637608150989], [0.22459742390634513, 41.16637321045148], [0.22460122330079438, 41.1662832365595], [0.22460502267802612, 41.16619326266581], [0.22472408638333513, 41.16619613370614]]]}, "properties": {"area_ha": 2.66, "dnbr_threshold": 0.35, "part": 18, "fire_id": "2024430993", "burn_year": 2024, "source": "sentinel", "aoi_source": "official", "buffer_m": 500.0, "fire_date": "2024-05-11"}}, {"type": "Feature", "geometry": {"type": "Polygon", "coordinates": [[[0.2280976231454643, 41.15402850572602], [0.22821666518994718, 41.15403137246589], [0.2283357072516146, 41.1540342390829], [0.2284547493304681, 41.15403710557703], [0.22845095684072794, 41.15412707995456], [0.22844716433380366, 41.154217054330395], [0.22856620675461214, 41.15421992071973], [0.22868524919260477, 41.1542227869862], [0.22868145699326753, 41.15431276137838], [0.22867766477674656, 41.15440273576886], [0.2287967075566969, 41.15440560193053], [0.2289157503538294, 41.15440846796932], [0.22903479316814487, 41.15441133388526], [0.22903100142160374, 41.154501308301114], [0.2289119584449011, 41.15449844237616], [0.22879291548538017, 41.15449557632834], [0.22867387254304222, 41.15449271015767], [0.22867008029215416, 41.15458268454474], [0.22866628802408276, 41.15467265893014], [0.2286624957388264, 41.15476263331384], [0.22865870343638595, 41.15485260769583], [0.2287777470282822, 41.15485547390261], [0.22889679063736224, 41.154858339986525], [0.2290158342636244, 41.15486120594758], [0.2291348779070691, 41.15486407178576], [0.22925392156769517, 41.15486693750109], [0.22937296524550183, 41.15486980309355], [0.22936917390022699, 41.15495977752798], [0.22948821775760456, 41.15496264300659], [0.2296072616321615, 41.154965508362345], [0.2297263055238966, 41.15496837359524], [0.22973009638199396, 41.15487839913374], [0.22984914012851448, 41.154881264234746], [0.229968183892212, 41.154884129212896], [0.2300872276730845, 41.154886994068164], [0.23009101802682974, 41.1547970195779], [0.23009480836339918, 41.15470704508595], [0.23009859868279325, 41.154617070592316], [0.22997955538909345, 41.154614205764084], [0.22986051211256867, 41.15461134081301], [0.22974146885322125, 41.15460847573906], [0.2296224256110508, 41.154605610542255], [0.22950338238605816, 41.15460274522258], [0.22938433917824447, 41.154599879780044], [0.22926529598760975, 41.15459701421466], [0.2292690874265543, 41.15450703978246], [0.22938813045479944, 41.15450990533883], [0.22950717350022393, 41.154512770772335], [0.2296262165628282, 41.154515636082984], [0.22974525964260864, 41.15451850127078], [0.2298643027395673, 41.15452136633571], [0.2299833458537025, 41.15452423127777], [0.23010238898501312, 41.154527096096956], [0.23010617927005797, 41.15443712159992], [0.2302252222561548, 41.15443998628723], [0.2303442652594258, 41.15444285085169], [0.23046330827986944, 41.15444571529329], [0.23058235131748686, 41.15444857961202], [0.23070139437227571, 41.15445144380789], [0.2308204374442364, 41.154454307880904], [0.23081664813352623, 41.15454428243206], [0.2309356913850463, 41.15454714639123], [0.2310547346537358, 41.15455001022753], [0.23117377793959432, 41.154552873940965], [0.23129282124262268, 41.15455573753154], [0.23129660990377332, 41.15446576294432], [0.23141565306157955, 41.154468626403016], [0.23153469623655162, 41.15447148973886], [0.23153848455575685, 41.15438151513191], [0.231657527585506, 41.15438437833586], [0.2317765706324198, 41.15438724141696], [0.231780358609682, 41.1542972667903], [0.23189940151137128, 41.15430012973952], [0.2320184444302252, 41.15430299256588], [0.23201465677774016, 41.15439296721057], [0.23201086910809204, 41.15448294185358], [0.23212991236888703, 41.154485804575096], [0.23224895564684425, 41.15448866717376], [0.23236799894196378, 41.154491529649555], [0.23248704225424396, 41.15449439200249], [0.23249082927433296, 41.15440441732344], [0.23249461627726167, 41.1543144426427], [0.2326136592819226, 41.15431730485475], [0.23261744610530302, 41.1542273301633], [0.23262123291152476, 41.15413735547014], [0.2327402756085684, 41.15414021754131], [0.23274406223524344, 41.154050242837464], [0.23286310478705818, 41.15405310477676], [0.23298214735603123, 41.15405596659319], [0.23297836105413056, 41.15414594131507], [0.2330974038026471, 41.15414880301764], [0.23321644656832036, 41.154151664597364], [0.23321266057403855, 41.15424163933557], [0.23320887456260245, 41.15433161407206], [0.233327917670208, 41.154334475546946], [0.23344696079496863, 41.154337336898955], [0.23356600393688362, 41.15434019812811], [0.2336850470959513, 41.1543430592344], [0.2336888324578311, 41.154253084461864], [0.23380787547166315, 41.15425594543628], [0.23392691850264635, 41.15425880628784], [0.233930703522597, 41.15416883149558], [0.23404974640834217, 41.15417169221527], [0.23416878931123766, 41.1541745528121], [0.2342878322312843, 41.15417741328606], [0.23429161674691865, 41.154087438465105], [0.23441065952172446, 41.1540902988072], [0.23441444385782328, 41.15400032397554], [0.23453348648738945, 41.15400318418577], [0.2346525291341028, 41.15400604427313], [0.2347715717979629, 41.15400890423763], [0.2348906144789686, 41.15401176407928], [0.23489439814837068, 41.1539217892099], [0.23501344068413474, 41.153924648919684], [0.235132483237042, 41.1539275085066], [0.2351362665645257, 41.15383753361752], [0.23525530897218935, 41.15384039307258], [0.2353743513969962, 41.153843252404776], [0.23537813438256389, 41.153753277495994], [0.23549717666212713, 41.15375613669632], [0.23561621895882998, 41.15375899577379], [0.23562000160248606, 41.15366902084531], [0.2357390437539433, 41.15367187979092], [0.23585808592254137, 41.15367473861367], [0.23597712810827864, 41.15367759731356], [0.23609617031115313, 41.15368045589059], [0.23621521253116484, 41.15368331434475], [0.2363342547683134, 41.15368617267606], [0.23645329702259718, 41.153689030884514], [0.236457078512416, 41.15359905589134], [0.23657612062144945, 41.15360191396791], [0.2365799019317494, 41.153511938964044], [0.23669894389553248, 41.15351479690877], [0.2368179858764484, 41.15351765473065], [0.23693702787449875, 41.15352051242966], [0.23705606988967995, 41.15352337000581], [0.23717511192199242, 41.153526227459096], [0.23729415397143538, 41.15352908478952], [0.23729793429029444, 41.153439109729966], [0.23741697619448185, 41.15344196692854], [0.23753601811579894, 41.153444824004254], [0.2375397980927599, 41.15335484892503], [0.23765883986882105, 41.153357705868885], [0.2377778816620095, 41.15336056268988], [0.23789692347232522, 41.15336341938802], [0.23801596529976743, 41.1533662759633], [0.23813500714433256, 41.15336913241572], [0.23813878629224777, 41.153279157289816], [0.23825782799155498, 41.153282013610394], [0.2383768697079855, 41.1532848698081], [0.23849591144153934, 41.15328772588294], [0.2386149531922153, 41.15329058183493], [0.23873399496001216, 41.153293437664054], [0.23885303674492997, 41.15329629337033], [0.23897207854696828, 41.153299148953735], [0.23909112036612515, 41.15330200441428], [0.2390948981978481, 41.15321202921476], [0.2392139398717407, 41.15321488454345], [0.23933298156274985, 41.153217739749294], [0.23945202327087672, 41.15322059483227], [0.23944824592630543, 41.153310570058764], [0.23956728781393208, 41.153313425027875], [0.2396863297186749, 41.153316279874126], [0.23980537164053148, 41.153319134597524], [0.23992441357950303, 41.15332198919805], [0.2399281902745383, 41.1532320139356], [0.23993196695245936, 41.15314203867146], [0.23993574361326667, 41.153052063405624], [0.24005478508220035, 41.15305491785632], [0.24005856156351305, 41.1529649425798], [0.2400623380277124, 41.1528749673016], [0.240181379188995, 41.152877821611476], [0.2401851554737017, 41.15278784632259], [0.24030419648971446, 41.15279070050062], [0.24042323752283817, 41.152793554555785], [0.24041946156289273, 41.152883529862656], [0.2405385027755071, 41.15288638380395], [0.24053472696083428, 41.15297635911811], [0.24065376835294006, 41.15297921294554], [0.24064999268353907, 41.15306918826698], [0.24064621699703148, 41.15315916358673], [0.2406424412934137, 41.15324913890479], [0.24076148318977814, 41.15325199263631], [0.24075770763143656, 41.15334196796166], [0.24075393205598755, 41.153431943285305], [0.24075015646342876, 41.15352191860726], [0.24074638085376257, 41.153611893927526], [0.2408654234167804, 41.15361474757211], [0.24098446599690607, 41.153617601093856], [0.24110350859413796, 41.153620454492724], [0.24109973345452712, 41.15371042983824], [0.24109595829781008, 41.15380040518206], [0.24109218312398684, 41.15389038052419], [0.24108840793305697, 41.15398035586461], [0.24108463272501968, 41.15407033120334], [0.2410808574998766, 41.15416030654039], [0.24107708225762609, 41.15425028187574], [0.24119612600869839, 41.15425313521464], [0.24119235091173444, 41.15434311055726], [0.24118857579766387, 41.1544330858982], [0.24118480066648787, 41.15452306123744], [0.24118102551820525, 41.15461303657498], [0.24130006993596237, 41.15461588982694], [0.24129629493296909, 41.154705865171785], [0.24117725035281523, 41.15470301191083], [0.2411734751703198, 41.154792987244996], [0.24105443044487662, 41.15479013385221], [0.24105065508287546, 41.15488010917568], [0.24104687970376806, 41.15497008449746], [0.2410431043075517, 41.15506005981755], [0.24092405911202094, 41.15505720627493], [0.240805013933598, 41.155054352609454], [0.24068596877228443, 41.1550514988211], [0.24056692362808108, 41.15504864490988], [0.24044787850098792, 41.155045790875796], [0.24032883339100614, 41.15504293671884], [0.24032505700328483, 41.15513291198333], [0.24032128059845134, 41.15522288724611], [0.2402022351807827, 41.15522003294832], [0.24008318978022583, 41.15521717852766], [0.23996414439678354, 41.155214323984126], [0.2398450990304562, 41.15521146931773], [0.23972605368124383, 41.15520861452846], [0.23960700834914764, 41.15520575961632], [0.23948796303416756, 41.15520290458132], [0.23936891773630564, 41.15520004942345], [0.2393726954403373, 41.15511007423256], [0.23937647312725155, 41.15502009903998], [0.23925742817130602, 41.155017243777216], [0.23913838323247863, 41.1550143883916], [0.239019338310771, 41.155011532883094], [0.23890029340618266, 41.15500867725173], [0.23889651506967427, 41.155098652408356], [0.23877747001980895, 41.15509579664513], [0.23865842498706655, 41.15509294075905], [0.23865464630863858, 41.15518291589599], [0.23853560113061958, 41.155180059878035], [0.23841655596972347, 41.155177203737225], [0.2382975108259503, 41.15517434747353], [0.2381784656993036, 41.155171491086996], [0.2380594205897814, 41.15516863457757], [0.2379403754973857, 41.15516577794529], [0.2378213304221161, 41.155162921190126], [0.23770228536397459, 41.1551600643121], [0.2375832403229627, 41.15515720731122], [0.23746419529907895, 41.15515435018746], [0.23734515029232486, 41.15515149294084], [0.23722610530270283, 41.155148635571344], [0.23710706033021203, 41.155145778078996], [0.23698801537485253, 41.15514292046377], [0.23699179632685585, 41.155052945452745], [0.23699557726172715, 41.15496297044002], [0.23687653264829514, 41.15496011271992], [0.23675748805199562, 41.15495725487696], [0.2366384434728313, 41.15495439691112], [0.23651939891080184, 41.154951538822424], [0.2365156173263432, 41.15504151379917], [0.23651183572474976, 41.155131488774195], [0.23639279085506287, 41.15512863054464], [0.2362737460025108, 41.15512577219221], [0.23615470116709755, 41.155122913716916], [0.23615091906117347, 41.15521288866325], [0.23614713693811257, 41.1553028636079], [0.2360280917950399, 41.155300004991744], [0.23590904666910684, 41.155297146252714], [0.2357900015603126, 41.155294287390824], [0.23567095646865835, 41.15529142840606], [0.23555191139414652, 41.15528856929843], [0.23543286633677588, 41.15528571006793], [0.23531382129654804, 41.15528285071457], [0.23519477627346377, 41.15527999123834], [0.2350757312675227, 41.15527713163924], [0.234956686278728, 41.155274271917264], [0.2348376413070777, 41.15527141207244], [0.23471859635257375, 41.155268552104744], [0.23459955141521657, 41.15526569201417], [0.23448050649500618, 41.155262831800734], [0.23436146159194493, 41.15525997146444], [0.23424241670603402, 41.15525711100527], [0.23412337183727067, 41.15525425042323], [0.2341195869362974, 41.155344225213135], [0.23411580201817217, 41.15543420000134], [0.2341120170828966, 41.15552417478785], [0.23423106243885375, 41.155527035396894], [0.2342272776488274, 41.15561701019072], [0.23434632318433518, 41.1556198706859], [0.2344653687369921, 41.15562273105822], [0.23458441430679863, 41.155625591307675], [0.23458062998682444, 41.155715566126815], [0.2346996757361796, 41.1557184262624], [0.23481872150268235, 41.155721286275124], [0.23493776728633145, 41.15572414616498], [0.2349339834364146, 41.15581412100943], [0.2350530293996124, 41.15581698078541], [0.23517207537995455, 41.155819840438525], [0.23529112137744188, 41.15582269996877], [0.23541016739207282, 41.155825559376154], [0.23552921342384733, 41.155828418660654], [0.23564825947276305, 41.1558312778223], [0.23576730553882194, 41.155834136861074], [0.23588635162202165, 41.15583699577696], [0.23600539772236018, 41.15583985457], [0.23612444383983952, 41.15584271324016], [0.23624348997445685, 41.15584557178745], [0.23636253612621103, 41.15584843021186], [0.23648158229510444, 41.15585128851342], [0.23660062848113306, 41.15585414669209], [0.23671967468429733, 41.15585700474791], [0.23683872090459804, 41.15585986268084], [0.23695776714203237, 41.155862720490916], [0.23707681339659997, 41.15586557817812], [0.23719585966829962, 41.15586843574245], [0.23731490595713253, 41.15587129318391], [0.2374339522630963, 41.1558741505025], [0.23743773270255009, 41.15578417546906], [0.23755677886324003, 41.15578703265578], [0.23767582504106083, 41.155789889719635], [0.23779487123601092, 41.155792746660616], [0.2379139174480891, 41.15579560347872], [0.23791769722079922, 41.1557056284076], [0.23803674328760197, 41.15570848509385], [0.23815578937152962, 41.15571134165723], [0.23827483547258418, 41.15571419809774], [0.23839388159076483, 41.155717054415376], [0.23851292772606877, 41.15571991061015], [0.23863197387849683, 41.15572276668205], [0.23862819508020927, 41.155812741807125], [0.23874724141216494, 41.15581559776514], [0.23874346275915875, 41.15590557289751], [0.23886250927064243, 41.15590842874165], [0.23898155579924701, 41.15591128446292], [0.2391006023449729, 41.155914140061306], [0.23921964890781935, 41.15591699553684], [0.23933869548778514, 41.1559198508895], [0.23945774208486906, 41.155922706119284], [0.2395767886990731, 41.1559255612262], [0.2396958353303929, 41.155928416210244], [0.23981488197883044, 41.15593127107141], [0.23993392864438257, 41.15593412580971], [0.24005297532705083, 41.15593698042513], [0.24017202202683327, 41.15593983491769], [0.24029106874372988, 41.15594268928737], [0.24041011547773866, 41.155945543534195], [0.24052916222886003, 41.155948397658136], [0.24053293844578316, 41.15585842239094], [0.2405367146455945, 41.15576844712204], [0.2406557610890151, 41.15577130110515], [0.24077480754954747, 41.15577415496538], [0.24089385402718924, 41.155777008702735], [0.24101290052194038, 41.15577986231722], [0.2410166760550196, 41.155689887010695], [0.2411357224044747, 41.15569274049332], [0.24125476877103677, 41.15569559385308], [0.24125854396219962, 41.1556056185269], [0.24137759018346325, 41.15560847175481], [0.24149663642183425, 41.15561132485985], [0.2416156826773099, 41.15561417784201], [0.24173472894988937, 41.1556170307013], [0.24185377523957427, 41.15561988343774], [0.24197282154636102, 41.15562273605128], [0.2420918678702504, 41.155625588541966], [0.2422109142112416, 41.15562844090977], [0.24221468808606472, 41.15553846551003], [0.24233373428175348, 41.15554131774599], [0.24233750797707085, 41.15545134233558], [0.242456554027454, 41.15545419443969], [0.2424603275432688, 41.15536421901861], [0.24246410104198535, 41.15527424359582], [0.24258314678466214, 41.155277095559114], [0.2427021925444372, 41.15527994739953], [0.2427059657012497, 41.1551899719571], [0.2427097388409655, 41.15509999651297], [0.2428287842930358, 41.15510284821256], [0.24283255725325306, 41.15501287275775], [0.2428363301963736, 41.15492289730126], [0.24295537534073958, 41.15492574886003], [0.24295914810436434, 41.15483577339286], [0.24307819310342746, 41.15483862481978], [0.24319723811958485, 41.15484147612383], [0.24320101054131749, 41.15475150063701], [0.24332005541217164, 41.15475435180921], [0.2434391003001177, 41.15475720285856], [0.24355814520515767, 41.154760053785026], [0.24367719012728914, 41.15476290458863], [0.2437962350665121, 41.154765755269366], [0.24391528002282498, 41.154768605827236], [0.2439115085754863, 41.1548585813679], [0.2439077371110573, 41.154948556906874], [0.2439039656295384, 41.15503853244415], [0.24402301109014093, 41.155041382906084], [0.244142056567833, 41.15504423324513], [0.24413828539402718, 41.155134208798664], [0.24413451420313226, 41.15522418435051], [0.244130742995149, 41.155314159900634], [0.2442497889771371, 41.15531701014375], [0.24436883497621192, 41.15531986026398], [0.24448788099237428, 41.15532271026135], [0.2446069270256246, 41.15532556013585], [0.2447259730759596, 41.155328409887474], [0.2448450191433802, 41.155331259516224], [0.24484124889273237, 41.15542123511851], [0.2448374786250002, 41.1555112107191], [0.24471843223276982, 41.1555083610724], [0.24459938585762542, 41.155505511302835], [0.24448033949956693, 41.15550266141039], [0.2443612931585952, 41.15549981139508], [0.24435752222415633, 41.15558978695808], [0.24435375127262796, 41.155679762519405], [0.24423470462393357, 41.155676912363276], [0.24411565799232635, 41.15567406208429], [0.2439966113778086, 41.15567121168241], [0.24399283992197385, 41.15576118721511], [0.2439890684490488, 41.1558511627461], [0.24387002152680723, 41.15584831220341], [0.24375097462165637, 41.15584546153785], [0.24363192773359824, 41.15584261074941], [0.2435128808626308, 41.155839759838095], [0.24339383400875644, 41.15583690880392], [0.24339006170670172, 41.15592688428836], [0.24338628938755352, 41.156016859771086], [0.243382517051313, 41.15610683525213], [0.24337874469797624, 41.15619681073148], [0.24349779220148562, 41.15619966180158], [0.24361683972208814, 41.156202512748784], [0.24373588725978254, 41.15620536357312], [0.24385493481456963, 41.156208214274585], [0.24385116309378274, 41.15629818978813], [0.24384739135590436, 41.156388165299994], [0.24396643925260508, 41.15639101589653], [0.24408548716639608, 41.15639386637019], [0.2442045350972774, 41.15639671672098], [0.24432358304524746, 41.15639956694889], [0.24431981193992813, 41.15648954249495], [0.24443886006739954, 41.15649239260897], [0.24455790821195927, 41.15649524260011], [0.2445541374143781, 41.156585218162434], [0.2446731857384376, 41.15658806803966], [0.24479223407958386, 41.15659091779403], [0.2447884635897444, 41.156680893372574], [0.2447846930828198, 41.156770868949444], [0.24490374176588123, 41.15677371859887], [0.24502279046602862, 41.156776568125416], [0.24514183918326074, 41.156779417529094], [0.24526088791757564, 41.156782266809884], [0.24537993666897287, 41.1567851159678], [0.24549898543745247, 41.15678796500284], [0.24549521588793924, 41.15687794063185], [0.24549144632134523, 41.15696791625914], [0.24561049543174082, 41.15697076518924], [0.2457295445592172, 41.15697361399648], [0.24584859370377274, 41.156976462680824], [0.24596764286540868, 41.15697931124229], [0.24596387393140512, 41.15706928690377], [0.24596010498032278, 41.15715926256357], [0.24584105549384966, 41.15715641398416], [0.2457220060244565, 41.15715356528188], [0.2457182367314554, 41.15724354092203], [0.24571446742137432, 41.15733351656049], [0.24571069809421286, 41.157423492197275], [0.24570692874997144, 41.15751346783233], [0.24570315938864803, 41.157603443465725], [0.24569939001024427, 41.15769341909741], [0.24581844045416734, 41.15769626785351], [0.24593749091516917, 41.15769911648673], [0.2460565413932514, 41.15770196499707], [0.2461755918884124, 41.15770481338451], [0.24617182314262454, 41.15779478905038], [0.24616805437975905, 41.157884764714545], [0.24628710521684757, 41.15788761299705], [0.2464061560710129, 41.157890461156676], [0.24640238761592176, 41.157980436837086], [0.24639861914375266, 41.15807041251581], [0.24651767033984867, 41.15807326057048], [0.2466367215530195, 41.158076108502286], [0.2467557727832667, 41.15807895631119], [0.24687482403058794, 41.15808180399723], [0.2469938752949828, 41.158084651560365], [0.24711292657645084, 41.15808749900063], [0.24723197787499174, 41.158090346318005], [0.24735102919060345, 41.1580931935125], [0.2474700805232864, 41.15809604058411], [0.24758913187303938, 41.158098887532844], [0.2477081832398624, 41.15810173435869], [0.24782723462375467, 41.15810458106164], [0.24794628602471458, 41.158107427641724], [0.24806533744274015, 41.15811027409894], [0.2480691036409256, 41.158020298294716], [0.24807286982204457, 41.157930322488795], [0.2480766359860959, 41.1578403466812], [0.24795758505535076, 41.1578375002509], [0.24796135136476258, 41.157747524450556], [0.24784230061351006, 41.15774467790634], [0.24772324987932523, 41.157741831239214], [0.2477270164965197, 41.157651855455114], [0.24760796594182827, 41.15764900867408], [0.24761173270437847, 41.15755903289723], [0.24749268232917965, 41.15755618600229], [0.24737363197105086, 41.157553338984464], [0.2472545816299925, 41.15755049184374], [0.24725081438017057, 41.15764046759369], [0.24724704711327702, 41.15773044334195], [0.24712799646444197, 41.157727596060425], [0.24700894583267893, 41.15772474865603], [0.24688989521798752, 41.157721901128724], [0.24677084462037052, 41.15771905347857], [0.24665179403982712, 41.15771620570551], [0.24665556211884074, 41.157626230002094], [0.2466593301807815, 41.157536254296964], [0.2466630982256447, 41.15744627859015], [0.24666686625343506, 41.15735630288165], [0.24678591618428733, 41.15735915061884], [0.24690496613221163, 41.15736199823314], [0.2469087338180848, 41.157272022505005], [0.2469125014868844, 41.15718204677518], [0.24691626913861153, 41.157092071043664], [0.2469200367732655, 41.15700209531044], [0.24680098747502116, 41.156999247731996], [0.24668193819384926, 41.15699640003067], [0.24656288892975256, 41.156993552206465], [0.24644383968273065, 41.15699070425939], [0.2464476079499842, 41.156900728560345], [0.24645137620016253, 41.15681075285961], [0.24633232729505145, 41.156807904807586], [0.2463360956905708, 41.156717929114116], [0.24633986406901373, 41.15662795341895], [0.24634363243038068, 41.15653797772209], [0.24634740077467082, 41.156448002023545], [0.2464664490301206, 41.1564508500397], [0.2464626808482447, 41.156540825747214], [0.24645891264929198, 41.15663080145305], [0.2465779612466466, 41.15663364936426], [0.24669700986107487, 41.156636497152604], [0.24669324196987977, 41.15672647287466], [0.24668947406160988, 41.15681644859502], [0.24680852301794617, 41.156819296278414], [0.24692757199135487, 41.15682214383893], [0.2470466209818364, 41.15682499127657], [0.24716566998938996, 41.15682783859132], [0.2471694372479914, 41.1567378628351], [0.247173204489522, 41.156647887077185], [0.24729225318931278, 41.156650734251144], [0.24741130190617397, 41.156653581302216], [0.2475303506401044, 41.15665642823041], [0.2476493993911037, 41.156659275035736], [0.24765316596590178, 41.15656929924026], [0.24765693252363025, 41.15647932344311], [0.2477759809668667, 41.15648217010763], [0.24789502942717045, 41.15648501664927], [0.24801407790453986, 41.156487863068044], [0.24801031183405728, 41.15657783889208], [0.24800654574650824, 41.156667814714446], [0.24812559456577454, 41.156670661028265], [0.2482446434021073, 41.1566735072192], [0.24836369225550453, 41.15667635328726], [0.24835992663814166, 41.15676632913479], [0.24835616100371394, 41.15685630498065], [0.24847521019900887, 41.156859150943745], [0.24859425941136867, 41.15686199678397], [0.2487133086407894, 41.156864842501314], [0.24883235788727176, 41.15686768809579], [0.24882859288545595, 41.156957663975774], [0.24894764231141903, 41.156960509456326], [0.24894387745496213, 41.15705048534358], [0.2490629270604051, 41.157053330710205], [0.24918197668290737, 41.157056175953954], [0.24930102632246776, 41.15705902107483], [0.24929726193621252, 41.157148996987274], [0.24941631175525278, 41.15715184199421], [0.2495353615913496, 41.15715468687828], [0.24965441144450448, 41.157157531639456], [0.2496506475284561, 41.15724750757708], [0.24976969756108852, 41.15725035222434], [0.24988874761077545, 41.15725319674873], [0.25000779767751774, 41.157256041150234], [0.25001156110630035, 41.15716606518574], [0.25001532451802927, 41.157076089219565], [0.25013437427698093, 41.157078933480285], [0.2501381375092351, 41.156988957503465], [0.2502571871228195, 41.156991801632344], [0.25026095017560096, 41.156901825644866], [0.25026471321132987, 41.15681184965571], [0.250268476230007, 41.156721873664864], [0.2502722392316328, 41.156631897672305], [0.2503912882125933, 41.156634741642485], [0.2505103372106056, 41.15663758548979], [0.25051409987034484, 41.15654760947765], [0.25051786251303315, 41.156457633463816], [0.25052162513867204, 41.15636765744828], [0.25064067366648424, 41.15637050114586], [0.2506444361126576, 41.15628052511966], [0.25076348449510416, 41.1562833686854], [0.2507672467618135, 41.156193392648575], [0.25088629499889437, 41.15619623608249], [0.2510053432530222, 41.156199079393524], [0.25112439152419663, 41.15620192258167], [0.25124343981241887, 41.15620476564696], [0.2512472014124243, 41.156114789572634], [0.25125096299538396, 41.15602481349661], [0.25125472456129827, 41.155934837418904], [0.25125848611016793, 41.1558448613395], [0.2513775337657818, 41.1558477042461], [0.25149658143843984, 41.155850547029836], [0.2516156291281425, 41.155853389690684], [0.25173467683488815, 41.15585623222867], [0.2518537245586752, 41.15585907464377], [0.2519727722995041, 41.155861916936004], [0.2519765328568597, 41.155771940801195], [0.25209558045231817, 41.15577478296159], [0.2522146280648152, 41.15577762499914], [0.2523336756943533, 41.1557804669138], [0.25245272334092844, 41.15578330870558], [0.2524564832315988, 41.155693332533296], [0.2525755307327999, 41.15569617419326], [0.25257929044402105, 41.15560619801035], [0.25269833779984857, 41.15560903953848], [0.25270209733162396, 41.15551906334492], [0.2527058568463624, 41.15542908714968], [0.2527096163440653, 41.155339110952724], [0.252590569475465, 41.15533626945143], [0.2524715226239017, 41.15533342782725], [0.25247528242938494, 41.15524345164651], [0.2524790422178299, 41.155153475464076], [0.25259808874457784, 41.15515631707035], [0.2527171352883628, 41.155159158553765], [0.25283618184918405, 41.15516199991429], [0.2529552284270391, 41.155164841151965], [0.25307427502192886, 41.15516768226676], [0.25319332163385205, 41.155170523258676], [0.2533123682628075, 41.15517336412773], [0.2534314149087956, 41.1551762048739], [0.25355046157181443, 41.155179045497206], [0.2536695082518639, 41.155181885997635], [0.2537885549489437, 41.15518472637519], [0.2537847969469793, 41.15527470265602], [0.253903843823496, 41.15527754291964], [0.2540228907170402, 41.15528038306039], [0.2541419376276131, 41.15528322307828], [0.2541456951423527, 41.15519324677063], [0.25426474190754283, 41.155196086656694], [0.2543837886897601, 41.155198926419885], [0.2543875458626565, 41.15510895009267], [0.25450659249949176, 41.155111789724046], [0.25451034949295676, 41.155021813386185], [0.25462939598440887, 41.15502465288576], [0.25474844249288453, 41.15502749226244], [0.2548674890183837, 41.15503033151627], [0.2549865355609048, 41.155033170647215], [0.25510558212044704, 41.155036009655305], [0.2552246286970104, 41.1550388485405], [0.2553436752905937, 41.15504168730284], [0.25546272190119657, 41.155044525942294], [0.2555817685288174, 41.15504736445888], [0.2557008151734566, 41.15505020285261], [0.2558198618351133, 41.155053041123445], [0.2559389085137864, 41.155055879271416], [0.25605795520947466, 41.15505871729651], [0.25606171007462575, 41.15496874084077], [0.25618075662492173, 41.15497157873406], [0.2562998031922305, 41.15497441650448], [0.25630355771555424, 41.154884440029186], [0.2564226041374703, 41.15488727766779], [0.2564263584813734, 41.15479730118187], [0.25643011280826494, 41.15470732469424], [0.25643386711814364, 41.15461734820494], [0.25643762141100956, 41.15452737171394], [0.25644137568686515, 41.15443739522124], [0.2564451299457063, 41.15434741872685], [0.25632608449821676, 41.15434458114185], [0.2562070390677396, 41.15434174343397], [0.2562107936343734, 41.15425176695577], [0.25609174838331056, 41.15424892913395], [0.2559727031492625, 41.15424609118927], [0.2559764580236853, 41.15415611472723], [0.2558574129690519, 41.15415327666862], [0.25586116798885866, 41.154063300213835], [0.2557421231136412, 41.15406046204128], [0.2556230782554393, 41.154057623745864], [0.2555040334142553, 41.15405478532759], [0.25550778890424425, 41.1539648088979], [0.2556268335830295, 41.15396764730726], [0.25563058889360335, 41.15387767086695], [0.25563434418715925, 41.153787694424956], [0.2556380994636992, 41.153697717981274], [0.25551905527210655, 41.15369487959874], [0.25552281069402566, 41.15360490316229], [0.2554037666818457, 41.15360206466582], [0.2552847226866842, 41.15359922604648], [0.2551656787085409, 41.153596387304276], [0.2551694346006283, 41.15350641089296], [0.2552884784163768, 41.15350924962622], [0.25540752224914365, 41.15351208823662], [0.25552656609892804, 41.15351492672415], [0.25553032148681243, 41.15342495028433], [0.25564936519122083, 41.153427788640066], [0.2556531203996945, 41.1533378121896], [0.2557721639587245, 41.15334065041353], [0.2557684089126444, 41.153430626872925], [0.25588745265108315, 41.153433464982925], [0.25600649640653705, 41.153436302970064], [0.2561255401790045, 41.15343914083433], [0.2562445839684856, 41.15344197857573], [0.25636362777497945, 41.153444816194266], [0.2564826715984853, 41.15344765368993], [0.25648642567020014, 41.153357677176935], [0.25660546934832285, 41.15336051454079], [0.2566092232406321, 41.15327053801718], [0.25661297711593256, 41.153180561491865], [0.2566167309742226, 41.15309058496486], [0.2564976877832794, 41.15308774762778], [0.25637864460934734, 41.15308491016784], [0.25625960145242693, 41.15308207258505], [0.2561405583125185, 41.153079234879385], [0.25602151518962324, 41.15307639705086], [0.25590247208374073, 41.15307355909947], [0.25578342899487344, 41.15307072102521], [0.25566438592302093, 41.153067882828076], [0.25554534286818475, 41.1530650445081], [0.25554158754836703, 41.15315502095469], [0.25542254434815564, 41.153152182502915], [0.25542629983036536, 41.15306220606525], [0.25530725680956273, 41.15305936749954], [0.25518821380577883, 41.15305652881095], [0.2550691708190129, 41.15305368999952], [0.25495012784926735, 41.1530508510652], [0.2548310848965425, 41.15304801200804], [0.25482732860237695, 41.15313798840101], [0.25470828550428165, 41.153135149212034], [0.2547045290307034, 41.15322512559437], [0.2545854857872369, 41.153222286273596], [0.2545892424232079, 41.1531323099002], [0.2544701993591565, 41.153129470465494], [0.25447395614049395, 41.15303949409934], [0.25435491325585724, 41.15303665455072], [0.2542358703882444, 41.15303381487922], [0.25423962747734036, 41.152943838529254], [0.2542433845494099, 41.15285386217761], [0.25412434202360024, 41.15285102240113], [0.254005299514816, 41.1528481825018], [0.25388625702305767, 41.1528453424796], [0.2538824994638209, 41.15293531880444], [0.25376345682670093, 41.152932478650435], [0.25376721454832685, 41.152842502334536], [0.2536481720906231, 41.152839662066626], [0.2536519299576096, 41.15274968575798], [0.25365568780756853, 41.15265970944765], [0.25377472994049705, 41.15266254969767], [0.25389377209045266, 41.152665389824854], [0.2538975295986101, 41.15257541349494], [0.25390128708974125, 41.152485437163335], [0.2540203289319508, 41.15248827714977], [0.25402408624367, 41.15239830080753], [0.25402784353836333, 41.1523083244636], [0.25403160081603193, 41.15221834811798], [0.25403535807667504, 41.15212837177066], [0.25391631688400196, 41.15212553181998], [0.2537972757083544, 41.15212269174647], [0.2536782345497347, 41.15211985155008], [0.25355919340814137, 41.152117011230835], [0.25344015228357586, 41.15211417078873], [0.2533211111760403, 41.152111330223775], [0.25331735294110025, 41.15220130651745], [0.25319831168821255, 41.15219846582069], [0.25319455327385937, 41.15228844210371], [0.25307551187561755, 41.15228560127513], [0.2529564704944087, 41.1522827603237], [0.2529527117382573, 41.15237273658714], [0.25283367021169634, 41.1523698955039], [0.2528299112761282, 41.15245987175672], [0.25282615232352745, 41.15254984800784], [0.2527071104892291, 41.15254700678384], [0.2525880686719655, 41.152544165437], [0.2525843093775592, 41.15263414166854], [0.25246526741494424, 41.152631300189874], [0.2524615079411177, 41.15272127641077], [0.25245774845025654, 41.15281125262997], [0.2524539889423584, 41.152901228847476], [0.2524502294174259, 41.15299120506328], [0.252331186822296, 41.15298836342598], [0.2523274271179373, 41.15307833963116], [0.25232366739654316, 41.15316831583464], [0.2523199076581124, 41.15325829203643], [0.25231614790264423, 41.15334826823652], [0.25231238813013934, 41.153438244434916], [0.2523086283405983, 41.15352822063162], [0.25218958478815917, 41.15352537881779], [0.2520705412527579, 41.15352253688108], [0.2520743013670849, 41.153432560702264], [0.25207806146437367, 41.15334258452174], [0.2520818215446246, 41.15325260833955], [0.25208558160783656, 41.15316263215566], [0.2520893416540102, 41.15307265597007], [0.25209310168314647, 41.1529826797828], [0.2520968616952445, 41.152892703593814], [0.25210062169030467, 41.152802727403156], [0.2521043816683266, 41.15271275121081], [0.25210814162931233, 41.152622775016745], [0.2519890997348431, 41.15261993304665], [0.2519928598411762, 41.15252995685985], [0.25199661993047023, 41.15243998067137], [0.25187757837780844, 41.15243713859631], [0.2518813386124487, 41.15234716241507], [0.25176229723920995, 41.15234432022609], [0.25176605761919363, 41.152254344052125], [0.2516470164253779, 41.15225150174923], [0.25165077695070415, 41.152161525582514], [0.2515317359363099, 41.15215868316572], [0.2514126949389563, 41.152155840626065], [0.2512936539586433, 41.152152997963555], [0.25117461299537286, 41.15215015517818], [0.2510555720491467, 41.152147312269946], [0.25105933336933883, 41.15205733614627], [0.2511783741531858, 41.15206017904555], [0.25129741495407376, 41.15206302182197], [0.2513011759324625, 41.151973045678716], [0.2514202165880142, 41.15197588832333], [0.25142397738697986, 41.15188591216943], [0.2514277381689057, 41.151795936013826], [0.25143149893378974, 41.15170595985655], [0.2513124587653745, 41.151703117238775], [0.25119341861400274, 41.151700274498154], [0.25107437847967273, 41.15169743163467], [0.25095533836238615, 41.15169458864835], [0.25095909975973857, 41.15160461252516], [0.25084005982187346, 41.151601769424914], [0.2508438213645589, 41.15151179330899], [0.25072478160611444, 41.15150895009484], [0.25060574186471496, 41.15150610675784], [0.25048670214036206, 41.15150326329798], [0.25049046415312876, 41.15141328720723], [0.2503714246081969, 41.151410443633466], [0.25037518676629106, 41.151320467549965], [0.2502561474007823, 41.1513176238623], [0.2501371080523208, 41.151314780051784], [0.2500180687209083, 41.15131193611841], [0.2498990294065464, 41.15130909206218], [0.24977999010923307, 41.151306247883106], [0.24966095082897147, 41.151303403581174], [0.249541911565762, 41.151300559156375], [0.24954567484342338, 41.15121058313385], [0.24942663575963855, 41.15120773859517], [0.24930759669290786, 41.15120489393362], [0.24931136027826084, 41.15111491792733], [0.2491923213909556, 41.151112073151886], [0.24907328252070524, 41.15110922825358], [0.24895424366750946, 41.15110638323244], [0.24883520483137014, 41.151103538088435], [0.2488314405965296, 41.1511935140589], [0.24871240161507435, 41.15119066878309], [0.2485933626506768, 41.15118782338442], [0.24858959807403397, 41.15127779933527], [0.24847055896432285, 41.151274953804794], [0.24835151987167065, 41.15127210815146], [0.24835528477305846, 41.151182132218516], [0.24835904965738656, 41.15109215628389], [0.2482400109065386, 41.15108931052561], [0.24812097217275036, 41.15108646464449], [0.24800193345602303, 41.15108361864051], [0.24788289475635697, 41.15108077251368], [0.2477638560737546, 41.151077926263994], [0.2476448174082151, 41.15107507989147], [0.24752577875974047, 41.151072233396064], [0.24752954476360195, 41.15098225752247], [0.2474105062945615, 41.15097941091319], [0.2474142724437282, 41.15088943504686], [0.24729523415412233, 41.15088658832369], [0.2471761958815821, 41.15088374147767], [0.24705715762610914, 41.15088089450879], [0.2469381193877034, 41.15087804741705], [0.24681908116636653, 41.15087520020248], [0.24682284811030936, 41.15078522437927], [0.2468266150371837, 41.15069524855437], [0.2467075771576507, 41.15069240123486], [0.24658853929518734, 41.15068955379252], [0.2464695014497952, 41.15068670622731], [0.24635046362147314, 41.15068385853926], [0.24623142581022345, 41.150681010728356], [0.2461123880160466, 41.15067816279459], [0.2459933502389414, 41.15067531473799], [0.24587431247891137, 41.15067246655853], [0.24575527473595538, 41.150669618256224], [0.24575150634777793, 41.15075959400042], [0.24574773794252372, 41.150849569742945], [0.24574396952019548, 41.15093954548375], [0.24574020108079164, 41.15102952122289], [0.24573643262431139, 41.15111949696031], [0.24573266415075556, 41.15120947269605], [0.24585170286792302, 41.151212321052164], [0.24597074160216528, 41.15121516928543], [0.24608978035348117, 41.15121801739585], [0.24620881912187145, 41.1512208653834], [0.24632785790733497, 41.15122371324811], [0.2464468967098697, 41.151226560989954], [0.24656593552947725, 41.15122940860894], [0.24668497436615486, 41.15123225610509], [0.24668120717449413, 41.15132223191086], [0.24667743996576338, 41.15141220771494], [0.2466736727399622, 41.15150218351732], [0.246669905497091, 41.15159215931802], [0.24678894500033016, 41.15159500672716], [0.24690798452063856, 41.15159785401347], [0.24690421758544664, 41.15168782983039], [0.2469004506331855, 41.15177780564562], [0.24701949049531566, 41.15178065282699], [0.2471385303745119, 41.151783499885504], [0.24725757027077658, 41.151786346821154], [0.2473766101841089, 41.15178919363395], [0.2474956501145069, 41.15179204032389], [0.24761469006197015, 41.15179488689098], [0.2476109240668989, 41.1518848627583], [0.24760715805476322, 41.151974838623914], [0.24772619834404586, 41.151977685086074], [0.24784523865039296, 41.151980531425366], [0.24784147294594808, 41.152070507307236], [0.24783770722444154, 41.15216048318738], [0.2478339414858701, 41.152250459065854], [0.24795298229641782, 41.152253305309166], [0.24794921670316317, 41.15234328119491], [0.24806825769315657, 41.15234612732434], [0.24806449224522067, 41.15243610321733], [0.24806072678022306, 41.15252607910865], [0.24817976811204065, 41.152528925133126], [0.24829880946092148, 41.15253177103476], [0.24841785082686163, 41.152534616813526], [0.24841408583195082, 41.15262459273003], [0.2485331273773355, 41.152627438394894], [0.24865216893978065, 41.152630283936894], [0.24864840425257775, 41.15272025986961], [0.24876744599446543, 41.152723105297724], [0.2488864877534112, 41.152725950602964], [0.24900552952941551, 41.15272879578535], [0.24912457132247592, 41.15273164084488], [0.24924361313259288, 41.152734485781544], [0.24936265495976356, 41.15273733059535], [0.24948169680399074, 41.15274017528629], [0.2494779332364254, 41.15283015128001], [0.2494741696518059, 41.15292012727205], [0.24935512748280791, 41.15291728256319], [0.24923608533086442, 41.152914437731475], [0.249232321404418, 41.1530044137039], [0.24922855746091546, 41.153094389674635], [0.24910951500125253, 41.153091544702136], [0.2489904725586465, 41.15308869960679], [0.2488714301330978, 41.15308585438857], [0.2487523877246068, 41.153083009047485], [0.24863334533317433, 41.15308016358354], [0.24851430295880114, 41.15307731799674], [0.24839526060148884, 41.153074472287074], [0.24827621826123705, 41.15307162645455], [0.24815717593804615, 41.15306878049917], [0.24803813363191854, 41.15306593442091], [0.2479190913428534, 41.1530630882198], [0.24780004907085193, 41.15306024189582], [0.2478038149629988, 41.15297026603261], [0.24780758083808282, 41.152880290167694], [0.24768853890791903, 41.152877443738774], [0.2476923049283226, 41.152787467881126], [0.24757326317760808, 41.15278462133832], [0.24757702934333117, 41.15269464548794], [0.2475807954919894, 41.15260466963587], [0.24758456162358078, 41.152514693782095], [0.24746552037708278, 41.15251184714331], [0.24734647914765084, 41.15250900038168], [0.2473502455869418, 41.15241902454412], [0.24723120453695754, 41.15241617766859], [0.24711216350404175, 41.15241333067019], [0.24699312248819438, 41.152410483548934], [0.24687408148941467, 41.15240763630482], [0.2468703144005968, 41.1524976121065], [0.24675127325650711, 41.15249476473057], [0.24663223212948704, 41.15249191723177], [0.24651319101953859, 41.152489069610105], [0.24651695859550016, 41.15239909383533], [0.24639791766500418, 41.15239624609978], [0.24640168538627455, 41.15230627033226], [0.24628264463523183, 41.152303422482824], [0.24616360390126313, 41.15230057451052], [0.24604456318436843, 41.15229772641537], [0.24592552248454813, 41.152294878197345], [0.245921754113758, 41.15238485392899], [0.24591798572589188, 41.152474829658956], [0.24591421732095053, 41.15256480538721], [0.2459104488989332, 41.152654781113775], [0.2457914075666648, 41.15265193273702], [0.24567236625147237, 41.152649084237424], [0.2456685974876122, 41.15273905994436], [0.24566482870667603, 41.152829035649596], [0.24554578708379435, 41.152826187009204], [0.24542674547799226, 41.15282333824594], [0.24530770388926856, 41.15282048935982], [0.24518866231762484, 41.15281764035084], [0.24518489287007383, 41.152907616018524], [0.24518112340544362, 41.15299759168449], [0.24506208152611147, 41.15299474253471], [0.24494303966386086, 41.15299189326206], [0.2448239978186922, 41.152989043866576], [0.24482022784982524, 41.15307901950394], [0.24470118585935532, 41.1530761699766], [0.2446974157110188, 41.1531661456033], [0.24457837357524645, 41.15316329594414], [0.24445933145655765, 41.153160446162126], [0.244340289354954, 41.15315759625724], [0.2442212472704375, 41.15315474622949], [0.24410220520300732, 41.153151896078874], [0.24398316315266388, 41.15314904580541], [0.24386412111940955, 41.153146195409086], [0.24374507910324436, 41.153143344889884], [0.24374885055066375, 41.15305336933497], [0.2436298087139725, 41.15305051870189], [0.24351076689437073, 41.153047667945955], [0.24339172509186127, 41.15304481706716], [0.24327268330644253, 41.15304196606551], [0.2432689112094839, 41.153131941584526], [0.24326513909543337, 41.15322191710184], [0.24326136696428896, 41.153311892617474], [0.2431423247088081, 41.153309041466024], [0.24302328247041952, 41.15330619019172], [0.24290424024912524, 41.153303338794544], [0.24278519804492643, 41.15330048727452], [0.24266615585782272, 41.153297635631624], [0.24254711368781567, 41.153294783865874], [0.24255088679327533, 41.15320480840411], [0.24243184480275018, 41.15320195652448], [0.24231280282932366, 41.15319910452198], [0.24219376087299585, 41.15319625239662], [0.2421899872803802, 41.15328622783145], [0.2420709451787666, 41.15328337557426], [0.24195190309425207, 41.153280523194205], [0.24194812915976613, 41.15337049860937], [0.24194435520817836, 41.15346047402285], [0.24182531281599248, 41.153457621501964], [0.24170627044090845, 41.153454768858225], [0.24158722808292743, 41.15345191609162], [0.24146818574204867, 41.15344906320216], [0.24134914341827415, 41.15344621018984], [0.24123010111160423, 41.153443357054655], [0.24123387603751, 41.15335338169508], [0.2413529181817943, 41.15335623482128], [0.24147196034318244, 41.15335908782462], [0.241475734927212, 41.153269112445365], [0.24159477694331916, 41.15327196531687], [0.24159855134785965, 41.15318198992694], [0.24160232573529752, 41.15309201453533], [0.2417213674437377, 41.153094867266006], [0.2418404091692797, 41.15309771987382], [0.2418441832148485, 41.15300774446255], [0.24184795724331465, 41.15291776904959], [0.2419669986611921, 41.15292062151658], [0.24208604009616896, 41.152923473860696], [0.24208981378277, 41.15283349842809], [0.242093587452272, 41.15274352299376], [0.2422126285795851, 41.15274637519708], [0.2423316697239976, 41.15274922727754], [0.2423278963792589, 41.15283920272982], [0.2424469377031517, 41.15284205469639], [0.2425659790441404, 41.15284490654011], [0.24256220600706904, 41.15293488200865], [0.24268124752753803, 41.1529377337385], [0.24280028906510331, 41.15294058534548], [0.24291933061976367, 41.152943436829595], [0.2430383721915183, 41.152946288190854], [0.24304214457905798, 41.1528563126864], [0.24304591694950337, 41.15276633718025], [0.24304968930285645, 41.15267636167241], [0.24305346163911445, 41.152586386162874], [0.2429344207168883, 41.15258353483752], [0.24281537981175486, 41.15258068338932], [0.24281915245568025, 41.152490707896035], [0.24282292508251055, 41.15240073240107], [0.24270388451923186, 41.15239788084795], [0.24258484397304828, 41.15239502917198], [0.24246580344396176, 41.15239217737316], [0.2423467629319703, 41.15238932545147], [0.24222772243707713, 41.152386473406935], [0.2421086819592838, 41.15238362123954], [0.24198964149858918, 41.15238076894928], [0.24187060105499397, 41.152377916536174], [0.2417515606285002, 41.15237506400021], [0.2416325202191075, 41.15237221134138], [0.24163629445262322, 41.1522822359345], [0.2416400686690371, 41.152192260525936], [0.24152102860150035, 41.15218940776222], [0.24140198855106662, 41.15218655487565], [0.24140576307513, 41.15209657948334], [0.24140953758209072, 41.15200660408935], [0.24129049787351017, 41.15200375109789], [0.24117145818203625, 41.15200089798357], [0.2411752329966413, 41.15191092260585], [0.24105619348464527, 41.15190806937767], [0.24093715398975468, 41.15190521602661], [0.2408181145119695, 41.15190236255271], [0.24069907505129132, 41.151899508955964], [0.24070285049828685, 41.15180953361246], [0.24058381121708897, 41.15180667990184], [0.2404647719530001, 41.15180382606836], [0.24034573270601942, 41.15180097211203], [0.24022669347614853, 41.15179811803284], [0.240230469555525, 41.1517081427236], [0.24011143050513759, 41.15170528853055], [0.23999239147186077, 41.15170243421464], [0.23987335245569572, 41.15169957977588], [0.23975431345664205, 41.151696725214265], [0.23963527447470298, 41.1516938705298], [0.23963149758346686, 41.15178384579411], [0.23951245845626984, 41.1517809909778], [0.23939341934618738, 41.15177813603863], [0.2392743802532211, 41.151775280976615], [0.23927060285775376, 41.151865256212275], [0.23903252439842546, 41.1518595457017], [0.239028746661097, 41.15194952091767], [0.23890970729473698, 41.15194666546911], [0.2387906679454951, 41.1519438098977], [0.23867162861337257, 41.15194095420344], [0.23855258929837098, 41.15193809838632], [0.2384335500004895, 41.15193524244634], [0.23831451071973014, 41.15193238638353], [0.2383182894312931, 41.1518424112215], [0.23832206812573395, 41.15175243605777], [0.2382030291868405, 41.15174957989008], [0.23808399026506954, 41.15174672359954], [0.23808776926712968, 41.15165674845211], [0.23809154825206608, 41.151566773302996], [0.23797250967215786, 41.15156391690757], [0.23785347110937533, 41.1515610603893], [0.23785725040192543, 41.15147108525647], [0.23786102967735145, 41.15138111012194], [0.23774199145643005, 41.15137825349881], [0.23762295325263552, 41.151375396752826], [0.2375039150659651, 41.151372539884], [0.23738487689642276, 41.151369682892316], [0.2373810969715251, 41.15145965799086], [0.23726205865674274, 41.15145680086734], [0.23725827855234807, 41.1515467759552], [0.2371392400923253, 41.15154391869983], [0.23702020164943216, 41.15154106132159], [0.23702398207856265, 41.15145108625172], [0.23702776249056387, 41.15136111118016], [0.23690872438953545, 41.15135825369707], [0.23678968630563868, 41.151355396091134], [0.2366706482388736, 41.151352538362346], [0.23655161018923976, 41.151349680510705], [0.23643257215673918, 41.15134682253622], [0.23631353414137143, 41.15134396443887], [0.23619449614313817, 41.15134110621868], [0.23619827767457496, 41.151251131208404], [0.2362020591888765, 41.15116115619642], [0.2360830215325095, 41.151158297871376], [0.23596398389327855, 41.15115543942349], [0.23584494627118363, 41.15115258085274], [0.23584116426978607, 41.151242555837726], [0.23583738225125173, 41.15133253082101], [0.23571834432156374, 41.15132967210942], [0.23572212650246346, 41.15123969713513], [0.23572590866622553, 41.151149722159154], [0.23560687107840625, 41.15114686334271], [0.23561065338739523, 41.15105688837404], [0.2356144356792446, 41.15096691340368], [0.2354953984332912, 41.150964054482394], [0.2354991808703667, 41.150874079519326], [0.23538014380391428, 41.15087122048418], [0.23526110675460227, 41.1508683613262], [0.23526488949926164, 41.15077838637945], [0.23514585262945178, 41.15077552710762], [0.23502681577678272, 41.150772667712936], [0.23490777894125525, 41.15076980819541], [0.23490399570951023, 41.15085978311516], [0.23478495872876423, 41.150856923465774], [0.2346659217651606, 41.15085406369355], [0.23454688481870176, 41.15085120379848], [0.2345431010827279, 41.15094117868953], [0.2344240639910521, 41.150938318662604], [0.23430502691652147, 41.150935458512826], [0.23430124283867734, 41.15102543338416], [0.23429745874368801, 41.151115408253794], [0.23429367463155076, 41.15120538312175], [0.23428989050226673, 41.15129535798799], [0.2342861063558371, 41.151385332852534], [0.23428232219226072, 41.1514753077154], [0.23440136024097696, 41.15147816791921], [0.23452039830684038, 41.15148102800015], [0.23451661445085067, 41.151571002879315], [0.234512830577715, 41.15166097775678], [0.23450904668743414, 41.15175095263257], [0.23450526278000772, 41.15184092750664], [0.23462430151248873, 41.15184378750075], [0.23474334026211574, 41.151846647372025], [0.23486237902888635, 41.15184950712044], [0.2349814178128009, 41.151852366746006], [0.23510045661385828, 41.15185522624871], [0.235104239709437, 41.15176525132962], [0.23522327836526707, 41.15176811070048], [0.23522706128133528, 41.15167813577067], [0.23534609979193763, 41.15168099500967], [0.23546513831967922, 41.151683854125835], [0.23546135572834961, 41.15177382907363], [0.23545757311988078, 41.15186380401972], [0.23557661198950217, 41.151866663031036], [0.23569565087626196, 41.15186952191948], [0.23581468978016099, 41.15187238068507], [0.2358184719015203, 41.15178240571197], [0.2358222540057424, 41.15169243073716], [0.23594129260203883, 41.1516952893619], [0.2360603312154729, 41.15169814786379], [0.23617936984604299, 41.15170100624283], [0.2361755882289308, 41.151790981244645], [0.23617180659468298, 41.15188095624474], [0.2362908455671285, 41.151883814518925], [0.2364098845567089, 41.15188667267025], [0.2365289235634233, 41.15188953069873], [0.23664796258727097, 41.15189238860436], [0.2367670016282515, 41.151895246387134], [0.23688604068636449, 41.15189810404705], [0.23688226000921037, 41.151988079099446], [0.23687847931492578, 41.15207805415014], [0.2369975187149134, 41.1520809117052], [0.2371165581320327, 41.152083769137406], [0.2371127777453626, 41.152173744204404], [0.23723181734198406, 41.15217660152275], [0.23735085695573516, 41.15217945871824], [0.23746989658661474, 41.15218231579088], [0.2374736764861634, 41.152092340696896], [0.2375927159717966, 41.152095197637685], [0.23758893623462243, 41.152185172740666], [0.23758515648031978, 41.15227514784194], [0.2377041963078288, 41.15227800467787], [0.23782323615246276, 41.15228086139094], [0.23781945670578453, 41.15237083650851], [0.2378156772419818, 41.15246081162439], [0.23769663707259495, 41.152457954893336], [0.2375775969203346, 41.15245509803942], [0.2374585567852023, 41.152452241062655], [0.23745477681714172, 41.15254221614985], [0.23745099683195384, 41.15263219123535], [0.23733195638919474, 41.15262933411774], [0.2372129159635641, 41.152626476877266], [0.23709387555506353, 41.152623619513946], [0.23709009506561424, 41.152713594570756], [0.23708631455903326, 41.152803569625874], [0.23696727384290708, 41.1528007121217], [0.23684823314391173, 41.15279785449466], [0.23684445229544182, 41.1528878295301], [0.23684067142983944, 41.15297780456384], [0.23672163042321767, 41.15297494679595], [0.2366025894337284, 41.15297208890521], [0.2364835484613735, 41.152969230891614], [0.2363645075061519, 41.15296637275515], [0.23624546656806633, 41.15296351449583], [0.2361264256471164, 41.152960656113656], [0.23600738474330246, 41.15295779760863], [0.23588834385662538, 41.15295493898075], [0.23588456167484945, 41.153044913940796], [0.23576552064293116, 41.15304205518105], [0.23564647962815208, 41.15303919629845], [0.23564269710447683, 41.1531291712388], [0.23552365594445654, 41.15312631222434], [0.23540461480157623, 41.15312345308703], [0.23528557367583872, 41.15312059382685], [0.23516653256724201, 41.15311773444381], [0.2350474914757885, 41.15311487493792], [0.23492845040147817, 41.15311201530917], [0.23480940934431224, 41.15310915555756], [0.23469036830429027, 41.153106295683095], [0.2345713272814147, 41.153103435685765], [0.23445228627568468, 41.15310057556559], [0.23433324528710184, 41.15309771532254], [0.23421420431566695, 41.15309485495665], [0.23409516336138042, 41.15309199446789], [0.23397612242424343, 41.15308913385629], [0.2338570815042564, 41.153086273121815], [0.23373804060141973, 41.15308341226449], [0.23361899971573538, 41.153080551284305], [0.23349995884720176, 41.15307769018126], [0.23338091799582208, 41.153074828955376], [0.23326187716159594, 41.153071967606614], [0.23325809137317396, 41.15316194236517], [0.23313905039372326, 41.153159080884556], [0.23313526442576693, 41.153249055632415], [0.23301622330109092, 41.15324619401993], [0.23289718219357006, 41.15324333228458], [0.23277814110320746, 41.15324047042638], [0.23265910003000198, 41.15323760844531], [0.23254005897395402, 41.153234746341404], [0.23242101793506553, 41.15323188411463], [0.23230197691333612, 41.15322902176499], [0.23218293590876743, 41.1532261592925], [0.2320638949213606, 41.153223296697156], [0.23194485395111522, 41.15322043397895], [0.23182581299803254, 41.15321757113789], [0.23170677206211251, 41.15321470817398], [0.23158773114335715, 41.1532118450872], [0.23146869024176644, 41.15320898187756], [0.2313496493573412, 41.15320611854507], [0.23134586093652798, 41.15329609315605], [0.23134207249854732, 41.153386067765325], [0.23122303130652863, 41.153383204291956], [0.2311039901316778, 41.15338034069572], [0.2311002013517692, 41.15347031528528], [0.23109641255469318, 41.15356028987313], [0.23097737107224772, 41.153557426136004], [0.2308583296069717, 41.15355456227603], [0.2307392881588643, 41.15355169829319], [0.2306202467279279, 41.15354883418748], [0.23050120531416216, 41.15354596995893], [0.2303821639175678, 41.153543105607504], [0.2303783741290314, 41.15363308013957], [0.23037458432332314, 41.15372305466994], [0.23025554261913778, 41.153720190177616], [0.2301365009321246, 41.15371732556245], [0.2301327107844781, 41.15380730007306], [0.23012892061965504, 41.15389727458201], [0.23000987862505082, 41.15389440982594], [0.22989083664762197, 41.153891544947], [0.22977179468736775, 41.153888679945226], [0.2296527527442909, 41.15388581482058], [0.22953371081839183, 41.153882949573074], [0.22941466890967094, 41.15388008420271], [0.22929562701812822, 41.15387721870948], [0.22917658514376446, 41.15387435309341], [0.2290575432865813, 41.15387148735446], [0.22893850144657787, 41.15386862149267], [0.22894229323523274, 41.15377864707395], [0.22882325157479547, 41.15377578109831], [0.2288270435086514, 41.15368580668693], [0.22870800202777716, 41.153682940597456], [0.22858896056408623, 41.15368007438512], [0.22846991911757983, 41.15367720804994], [0.22835087768825799, 41.15367434159189], [0.22823183627612068, 41.15367147501099], [0.2281127948811699, 41.15366860830722], [0.22799375350340403, 41.15366574148061], [0.22798996043287748, 41.15375571582882], [0.22798616734516164, 41.15384569017535], [0.22798237424025924, 41.15393566452018], [0.22797858111816877, 41.1540256388633], [0.2280976231454643, 41.15402850572602]], [[0.2524276719100748, 41.15353106232261], [0.25242391226588945, 41.15362103852657], [0.2523048685340202, 41.15361819682664], [0.2523086283405983, 41.15352822063162], [0.2524276719100748, 41.15353106232261]], [[0.24815572148901963, 41.15595085433032], [0.2481594872776351, 41.155860878485456], [0.24816325304918568, 41.1557709026389], [0.24828230026138767, 41.15577374874024], [0.24840134749065335, 41.15577659471869], [0.24840511292032216, 41.1556866188525], [0.24840887833292727, 41.15559664298465], [0.24841264372846952, 41.15550666711509], [0.24829359698642944, 41.155503821163514], [0.24817455026145224, 41.15550097508906], [0.24817831596474693, 41.15541099923573], [0.24818208165097716, 41.1553210233807], [0.24818584732014332, 41.155231047523976], [0.2483048935579025, 41.15523389357155], [0.24842393981272493, 41.155236739496246], [0.24842017446836856, 41.15532671537089], [0.24841640910695087, 41.155416691243836], [0.24853545570364677, 41.15541953706358], [0.24865450231740552, 41.15542238276045], [0.24865073726373832, 41.15551235864963], [0.24864697219301143, 41.15560233453711], [0.24876601914864485, 41.15560518012902], [0.24888506612133834, 41.15560802559807], [0.24900411311109313, 41.155610870944244], [0.24912316011790567, 41.155613716167544], [0.2491269245390007, 41.15552374024423], [0.2491306889430388, 41.15543376431922], [0.2491344533300188, 41.15534378839253], [0.2491382176999403, 41.15525381246414], [0.24901917134275528, 41.15525096727666], [0.24902293585802496, 41.15516099135553], [0.24902670035623492, 41.15507101543271], [0.24890765434091858, 41.15506817014029], [0.24878860834266076, 41.15506532472498], [0.24866956236146304, 41.15506247918683], [0.24867332732982617, 41.15497250328918], [0.248677092281128, 41.154882527389844], [0.24868085721536975, 41.15479255148882], [0.2486846221325514, 41.1547025755861], [0.24856557681802377, 41.15469972996089], [0.24844653152055665, 41.154696884212825], [0.2483274862401516, 41.15469403834189], [0.24832372083576623, 41.15478401421774], [0.24831995541431875, 41.154873990091886], [0.24820090982617438, 41.154871144080154], [0.24808186425509168, 41.154868297945555], [0.24796281870107384, 41.154865451688096], [0.2478437731641201, 41.154862605307756], [0.24784000707600173, 41.15495258114437], [0.24783624097081652, 41.15504255697929], [0.24771719512612422, 41.15503971045816], [0.24759814929849838, 41.15503686381417], [0.24747910348794058, 41.155034017047285], [0.24736005769444966, 41.15503117015756], [0.24724101191802716, 41.15502832314495], [0.2472372449837612, 41.15511829893335], [0.24711819906200486, 41.155115451788916], [0.24699915315731893, 41.1551126045216], [0.2470029204163919, 41.15502262875111], [0.2468838746911803, 41.1550197813699], [0.24676482898303878, 41.1550169338658], [0.24664578329197084, 41.15501408623884], [0.24652673761797614, 41.15501123848902], [0.24640769196105503, 41.15500839061633], [0.24640392388996857, 41.15509836634198], [0.2464001558018081, 41.15518834206595], [0.246281109837156, 41.155185494052446], [0.24616206388957912, 41.15518264591607], [0.24604301795907943, 41.15517979765683], [0.24592397204565497, 41.155176949274725], [0.24580492614930885, 41.15517410076974], [0.24580869504948483, 41.1550841250906], [0.2456896493326206, 41.155081276471726], [0.24557060363283398, 41.15507842772997], [0.24545155795012774, 41.15507557886536], [0.24544778856274446, 41.15516555451758], [0.2453287427347155, 41.155162705521114], [0.24533251228450187, 41.155072729877865], [0.24521346663595756, 41.1550698807675], [0.24521723633106385, 41.154979905131526], [0.24533628181720665, 41.154982754232925], [0.24545532732043102, 41.154985603211436], [0.24557437284073497, 41.15498845206709], [0.24557814203155717, 41.154898476402515], [0.245581911205299, 41.15480850073625], [0.24558568036196168, 41.154718525068276], [0.24570472541214544, 41.15472137377415], [0.2457084943893298, 41.154631398095525], [0.24571226334943577, 41.154541422415214], [0.24571603229246294, 41.154451446733184], [0.24559698772947455, 41.15444859805421], [0.24560075681782048, 41.15435862237947], [0.24560452588908682, 41.15426864670303], [0.24572357012728255, 41.15427149536406], [0.24572733901907537, 41.15418151967697], [0.24584638311195273, 41.15418436820617], [0.24585015182427242, 41.1540943925084], [0.24596919577183302, 41.15409724090576], [0.24608823973646962, 41.154100089180275], [0.24620728371818343, 41.1541029373319], [0.24632632771697163, 41.15410578536067], [0.24633009576263712, 41.154015809625356], [0.2464491396161062, 41.15401865752228], [0.24644537173283387, 41.15410863326657], [0.2465644157657705, 41.15411148104961], [0.2465606480278213, 41.15420145680118], [0.2465568802727973, 41.15429143255105], [0.24667592464759824, 41.15429428022915], [0.2467949690394708, 41.15429712778439], [0.2469140134484158, 41.15429997521676], [0.24703305787443122, 41.15430282252626], [0.24703682497987026, 41.15421284674052], [0.2470405920682373, 41.1541228709531], [0.24715963618653086, 41.15412571812181], [0.2472786803218937, 41.15412856516765], [0.24739772447432537, 41.15413141209063], [0.24751676864382388, 41.15413425889075], [0.24752053506554147, 41.15404428306578], [0.2476395790897121, 41.15404712973406], [0.2477586231309496, 41.154049976279474], [0.24787766718925194, 41.15405282270203], [0.24788143310671923, 41.153962846848465], [0.2480004770196925, 41.153965693139185], [0.24811952094972867, 41.153968539307044], [0.24823856489682808, 41.153971385352044], [0.2483576088609896, 41.15397423127417], [0.2483613741118162, 41.15388425538308], [0.24848041793064465, 41.15388710117339], [0.24848418300201602, 41.15379712527164], [0.2486032266755126, 41.153799970930116], [0.24872227036606928, 41.153802816465735], [0.24884131407368568, 41.15380566187847], [0.24896035779835937, 41.15380850716835], [0.2489641222030968, 41.15371853122908], [0.24908316578243625, 41.15372137638714], [0.249086930007724, 41.15363140043722], [0.2492059734417272, 41.15363424546345], [0.24932501689278694, 41.15363709036683], [0.24944406036090158, 41.15363993514733], [0.24944782408195534, 41.15354995916885], [0.24945158778595378, 41.153459983188675], [0.2495706309463406, 41.1534628278284], [0.2496896741237804, 41.15346567234528], [0.2498087173182735, 41.15346851673927], [0.24992776052981877, 41.1534713610104], [0.24992399747538624, 41.15356133702641], [0.24992023440390113, 41.15365131304072], [0.25003927795728326, 41.153654157206894], [0.2501583215277168, 41.15365700125021], [0.2502773651151996, 41.153659845170665], [0.25039640871973223, 41.153662688968254], [0.2504001711416451, 41.15357271291814], [0.2504039335465094, 41.15348273686632], [0.25052297684330627, 41.153485580523125], [0.2506420201571505, 41.15348842405708], [0.2507610634880425, 41.15349126746817], [0.2508801068359803, 41.1534941107564], [0.25088386857422934, 41.15340413466707], [0.25100291177682216, 41.15340697782349], [0.2510066733356334, 41.15331700172353], [0.25112571639288006, 41.15331984474812], [0.25112195499645834, 41.15340982085702], [0.2511181935829932, 41.15349979696424], [0.25123723698206635, 41.153502639883875], [0.25135628039818375, 41.15350548268064], [0.2514753238313437, 41.153508325354544], [0.2514715628880111, 41.15359830148693], [0.25146780192763785, 41.153688277617604], [0.2514640409502228, 41.153778253746594], [0.2514602799557639, 41.15386822987389], [0.25134123587302853, 41.153865387164196], [0.25133747469913154, 41.15395536328086], [0.2512184304710425, 41.15395252043933], [0.25122219180733457, 41.15386254433163], [0.2511031477586864, 41.1538597013762], [0.25098410372708285, 41.15385685829791], [0.25086505971252343, 41.15385401509674], [0.2507460157150118, 41.1538511717727], [0.2506269717345468, 41.1538483283258], [0.2506232095862757, 41.15393830438875], [0.2506194474209581, 41.154028280450014], [0.25050040313274896, 41.15402543686234], [0.25038135886158874, 41.1540225931518], [0.2502623146074764, 41.15401974931841], [0.2501432703704161, 41.154016905362134], [0.2500242261504048, 41.154014061283], [0.24990518194744565, 41.154011217081], [0.24978613776153827, 41.15400837275613], [0.2496670935926838, 41.1540055283084], [0.24966333011114727, 41.154095504296336], [0.24965956661255703, 41.154185480282564], [0.24965580309691343, 41.1542754562671], [0.24965203956421492, 41.15436543224995], [0.2497710843826579, 41.15436827673351], [0.24989012921815346, 41.1543711210942], [0.25000917407070233, 41.15437396533201], [0.2500054110081478, 41.15446394134004], [0.2500016479285412, 41.15455391734636], [0.25012069312294166, 41.15455676147922], [0.25023973833439306, 41.15455960548921], [0.25035878356289426, 41.154562449376336], [0.25036254615530074, 41.154472473343155], [0.2504815912384514, 41.15447531709845], [0.25060063633865176, 41.154478160730875], [0.2507196814558999, 41.154481004240445], [0.25072344354405846, 41.1543910281787], [0.2508424885159541, 41.154393871556444], [0.2509615335048967, 41.15439671481131], [0.2509577717415387, 41.15448669089097], [0.25107681690992745, 41.15448953403192], [0.25107305529192364, 41.15457951011882], [0.2510692936568748, 41.154669486204035], [0.2510655320047818, 41.154759462287544], [0.2509464863491882, 41.15475661911973], [0.25094272451764593, 41.154846595192595], [0.2509389626690563, 41.15493657126378], [0.25093520080342124, 41.15502654733327], [0.25081615467766416, 41.15502370401573], [0.25081239263257704, 41.15511368007457], [0.25080863057044334, 41.15520365613171], [0.2508048684912607, 41.155293632187174], [0.2506858218953341, 41.15529078871991], [0.2505667753164549, 41.15528794512977], [0.2505630128954107, 41.15537792116563], [0.2505592504573184, 41.155467897199784], [0.2504402035706732, 41.15546505346887], [0.25032115670107896, 41.15546220961509], [0.25031739392112035, 41.15555218562965], [0.25031363112411115, 41.155642161642525], [0.2501945839467497, 41.155639317647946], [0.25019082097027934, 41.15572929365017], [0.25018705797675717, 41.155819269650706], [0.2500680104916278, 41.155816425515354], [0.25006424731864324, 41.155906401505234], [0.25006048412860615, 41.155996377493416], [0.24994143633570567, 41.155993533217284], [0.24982238855985928, 41.15599068881827], [0.24981862502794358, 41.15608066478687], [0.24969957710673948, 41.15607782025602], [0.24958052920258952, 41.15607497560231], [0.2495767653287944, 41.156164951551276], [0.24945771727928712, 41.156162106765734], [0.24933866924683679, 41.15615926185732], [0.24921962123144253, 41.156156416826015], [0.24910057323310722, 41.15615357167186], [0.2489815252518308, 41.1561507263948], [0.24886247728761288, 41.15614788099487], [0.24886624213588343, 41.15605790509965], [0.24874719435113826, 41.15605505958581], [0.24862814658345478, 41.156052213949096], [0.24850909883283137, 41.15604936818951], [0.2485053334973241, 41.15613934405786], [0.24838628560135173, 41.15613649816644], [0.24826723772244305, 41.15613365215214], [0.24827100338277444, 41.15604367630171], [0.24827476902604292, 41.155953700449565], [0.24815572148901963, 41.15595085433032]], [[0.24189151809030654, 41.15472012963351], [0.24189529228131693, 41.15463015424376], [0.24189906645522427, 41.15454017885233], [0.24201811081320804, 41.15454303135811], [0.24201433680169743, 41.15463300675853], [0.24201056277308455, 41.15472298215725], [0.24189151809030654, 41.15472012963351]], [[0.2424016581812487, 41.153921760099294], [0.24252070147087856, 41.15392461205076], [0.24251692822864038, 41.154014587498956], [0.24239788477661853, 41.15401173553852], [0.2424016581812487, 41.153921760099294]], [[0.24565572715455733, 41.155891057442155], [0.24565949635377105, 41.155801081785555], [0.24577854336987873, 41.15580393047618], [0.2457747743330733, 41.15589390614176], [0.24565572715455733, 41.155891057442155]], [[0.24529481601797046, 41.15597248623413], [0.24529858572149174, 41.15588251060612], [0.24541763284876536, 41.15588535967434], [0.24553667999312095, 41.15588820861969], [0.24553291061441823, 41.15597818426563], [0.2455291412186347, 41.15606815990988], [0.2454100937494606, 41.15606531094659], [0.24540632417418487, 41.15615528658017], [0.24528727655968205, 41.15615243748504], [0.24529104629736725, 41.15606246186042], [0.24529481601797046, 41.15597248623413]], [[0.2463549374120239, 41.156268050621364], [0.2462358894984778, 41.15626520250026], [0.24623965795395258, 41.156175226805594], [0.24635870570508767, 41.156178074917726], [0.2463549374120239, 41.156268050621364]], [[0.2487937973099773, 41.15209327367043], [0.2487975617153906, 41.15200329771688], [0.2488013261037462, 41.15191332176167], [0.24892036640125892, 41.1519161669863], [0.24903940671582936, 41.15191901208805], [0.24915844704745552, 41.15192185706696], [0.24915468314623526, 41.15201183304905], [0.24927372365729558, 41.15201467791407], [0.24926995990139966, 41.152104653903436], [0.2492661961284484, 41.152194629891106], [0.24914715529262957, 41.15219178500818], [0.24914339134024374, 41.1522817609852], [0.24902435035909862, 41.152278915970456], [0.24902058622727463, 41.152368891936824], [0.24890154510080442, 41.15236604679027], [0.2487825039913919, 41.152363201520856], [0.2486634628990363, 41.15236035612858], [0.24866722751800396, 41.15227038018909], [0.2485481866050889, 41.15226753468292], [0.2485519513693789, 41.152177558750694], [0.24867099211991353, 41.15218040424791], [0.2486747567047638, 41.15209042830503], [0.2487937973099773, 41.15209327367043]], [[0.2500844317410367, 41.15257444481601], [0.25008066901950127, 41.1526644208579], [0.24996162725239854, 41.15266157679021], [0.2498425855023456, 41.15265873259967], [0.24984634854865062, 41.15256875657568], [0.249965390136318, 41.152571600757284], [0.2500844317410367, 41.15257444481601]], [[0.2533950542889533, 41.153193886308294], [0.2533912960120415, 41.15328386259058], [0.25327225279347515, 41.15328102190935], [0.2532760112327774, 41.153191045636014], [0.2533950542889533, 41.153193886308294]], [[0.25339881254883484, 41.153103910024306], [0.25351785545964955, 41.15310675056479], [0.2535140973621588, 41.15319672685771], [0.2533950542889533, 41.153193886308294], [0.25339881254883484, 41.153103910024306]], [[0.25277352519860463, 41.153809515345685], [0.25276976599049916, 41.15389949157141], [0.2526507217203361, 41.15389665021324], [0.25265448109083793, 41.153806673996456], [0.25277352519860463, 41.153809515345685]], [[0.2538111026031157, 41.15464486865469], [0.2539301483427916, 41.154647708855734], [0.25404919409949545, 41.15465054893389], [0.25404543652451217, 41.15474052524275], [0.25392639060540445, 41.15473768515566], [0.25392263285099015, 41.15482766145388], [0.2538035867865072, 41.15482482123496], [0.2538073447033258, 41.15473484494567], [0.2538111026031157, 41.15464486865469]]]}, "properties": {"area_ha": 63.92, "dnbr_threshold": 0.35, "part": 35, "fire_id": "2024430993", "burn_year": 2024, "source": "sentinel", "aoi_source": "official", "buffer_m": 500.0, "fire_date": "2024-05-11"}}, {"type": "Feature", "geometry": {"type": "Polygon", "coordinates": [[[0.22927886364006378, 41.16558534813298], [0.2293979267164221, 41.16558821430757], [0.2295169898099681, 41.16559108035924], [0.22963605292070105, 41.165593946288006], [0.22975511604861973, 41.16559681209387], [0.22987417919372333, 41.165599677776804], [0.22999324235601148, 41.165602543336846], [0.23011230553548295, 41.16560540877398], [0.2301085137699857, 41.1656953830966], [0.23022757712912037, 41.16569824841984], [0.2303466405054376, 41.16570111362016], [0.23046570389893614, 41.16570397869758], [0.23046191260369941, 41.165793953045565], [0.23058097617686035, 41.165796818009085], [0.23070003976720146, 41.1657996828497], [0.23081910337472156, 41.165802547567395], [0.2309381669994214, 41.16580541216219], [0.23105723064129824, 41.16580827663408], [0.23117629430035364, 41.165811140983045], [0.23129535797658404, 41.1658140052091], [0.23141442166999182, 41.16581686931225], [0.2315334853805734, 41.16581973329249], [0.23153727521347578, 41.16572975886335], [0.23165633877875014, 41.16573262271165], [0.2316601284319973, 41.16564264827179], [0.23177919185196325, 41.165645511988174], [0.231898255289103, 41.165648375581654], [0.23201731874341455, 41.16565123905221], [0.23201352957761126, 41.16574121351911], [0.23200974039463773, 41.16583118798432], [0.23212880419108475, 41.16583405134999], [0.2322478680047016, 41.16583691459277], [0.23224407912952227, 41.16592688907432], [0.23224029023717355, 41.16601686355416], [0.23223650132765455, 41.166106838032306], [0.23235556564589385, 41.16610970117921], [0.23235177688168965, 41.16619967566468], [0.23247084137958415, 41.16620253869767], [0.23258990589464687, 41.166205401607755], [0.23270897042687824, 41.16620826439492], [0.23282803497627744, 41.166211127059185], [0.2329470995428417, 41.16621398960053], [0.2330661641265734, 41.16621685201895], [0.23318522872746938, 41.166219714314465], [0.23330429334553002, 41.16622257648708], [0.2334233579807541, 41.16622543853676], [0.23354242263314126, 41.166228300463544], [0.23354620977248514, 41.16613832588796], [0.2336652742795472, 41.16614118768281], [0.23366148730269068, 41.1662311622674], [0.2337805519894016, 41.166234023948356], [0.2338996166932732, 41.16623688550638], [0.23389583002422995, 41.16632686010729], [0.23389204333802646, 41.166416834706496], [0.23388825663466226, 41.166506809304025], [0.23388446991413897, 41.16659678389985], [0.23388068317645502, 41.16668675849396], [0.23387689642161036, 41.16677673308639], [0.23399596211757806, 41.16677959457556], [0.23411502783070526, 41.166782455941814], [0.23423409356099195, 41.166785317185145], [0.23435315930843773, 41.16678817830557], [0.234472225073039, 41.16679103930308], [0.23459129085479938, 41.166793900177666], [0.2347103566537141, 41.16679676092934], [0.2348294224697851, 41.1667996215581], [0.23494848830301124, 41.166802482063936], [0.23495227359543167, 41.16671250739044], [0.23495605887069856, 41.16662253271526], [0.23495984412881196, 41.16653255803838], [0.23496362936977142, 41.16644258335981], [0.23484456418650873, 41.16643972288998], [0.23472549902040077, 41.166436862297246], [0.23472928456918465, 41.16634688763499], [0.2347330701008134, 41.166256912971036], [0.23461400527683693, 41.166254052273395], [0.23461779095379834, 41.16616407761675], [0.23462157661360425, 41.1660741029584], [0.23450251213175724, 41.166071242155866], [0.23438344766706695, 41.16606838123042], [0.2343872336346889, 41.16597840658837], [0.2343910195851534, 41.165888431944644], [0.23439480551846237, 41.165798457299225], [0.23439859143461303, 41.16570848265212], [0.23427952763701745, 41.16570562163977], [0.23416046385657935, 41.16570276050452], [0.23404140009329835, 41.16569989924637], [0.23392233634717646, 41.16569703786529], [0.23392612289610168, 41.1656070632525], [0.23380705932962187, 41.165604201757525], [0.23368799578030117, 41.165601340139645], [0.23356893224814235, 41.16559847839885], [0.233449868733145, 41.165595616535136], [0.23344608153429094, 41.16568559111189], [0.23332701787397325, 41.16568272911627], [0.23320795423082025, 41.16567986699772], [0.23308889060482987, 41.16567700475627], [0.2330926782911294, 41.165587030206545], [0.23309646596026504, 41.16549705565512], [0.23297740267640138, 41.16549419330878], [0.2329811904908522, 41.16540421876468], [0.23298497828813794, 41.16531424421888], [0.232865915346399, 41.16531138176765], [0.23274685242182672, 41.16530851919351], [0.23262778951442026, 41.16530565649647], [0.23250872662418207, 41.16530279367651], [0.2323896637511117, 41.165299930733646], [0.23227060089520954, 41.16529706766787], [0.23215153805647684, 41.16529420447918], [0.23203247523491358, 41.16529134116759], [0.2319134124305209, 41.165288477733085], [0.23179434964330048, 41.16528561417568], [0.23167528687325264, 41.16528275049535], [0.23155622412037744, 41.165279886692126], [0.23143716138467682, 41.16527702276599], [0.23131809866615038, 41.16527415871693], [0.23119903596479935, 41.16527129454497], [0.23107997328062413, 41.165268430250116], [0.23096091061362548, 41.165265565832335], [0.23084184796380341, 41.16526270129165], [0.2307227853311611, 41.16525983662806], [0.23060372271569737, 41.16525697184156], [0.230484660117413, 41.16525410693216], [0.2303655975363096, 41.16525124189983], [0.23036938889093922, 41.16516126755069], [0.23025032648949345, 41.16515840240447], [0.230131264105229, 41.16515553713536], [0.23013505576763016, 41.165065562802546], [0.23001599356302413, 41.16506269741954], [0.22989693137560105, 41.16505983191364], [0.22977786920536208, 41.16505696628482], [0.2296588070523073, 41.1650541005331], [0.229539744916439, 41.16505123465846], [0.22942068279775565, 41.16504836866093], [0.22941689016050135, 41.1651383429396], [0.22941309750605973, 41.16522831721659], [0.22929403507961318, 41.16522545107809], [0.22917497267035358, 41.165222584816696], [0.22905591027828287, 41.16521971843238], [0.22893684790340185, 41.16521685192517], [0.22893305458186633, 41.16530682616437], [0.2289292612431411, 41.165396800401865], [0.22892546788722618, 41.165486774637664], [0.22892167451412035, 41.16557674887177], [0.2290407375389123, 41.16557961541508], [0.229159800580894, 41.165582481835486], [0.22927886364006378, 41.16558534813298]], [[0.23284697537591495, 41.165761254434635], [0.2328431873303209, 41.16585122896293], [0.23272412343086127, 41.16584836633473], [0.23272791163893874, 41.165758391815444], [0.23284697537591495, 41.165761254434635]]]}, "properties": {"area_ha": 3.41, "dnbr_threshold": 0.35, "part": 39, "fire_id": "2024430993", "burn_year": 2024, "source": "sentinel", "aoi_source": "official", "buffer_m": 500.0, "fire_date": "2024-05-11"}}, {"type": "Feature", "geometry": {"type": "Polygon", "coordinates": [[[0.2326867642788255, 41.16107398980381], [0.2326829766384198, 41.161163964393324], [0.23267918898084985, 41.16125393898113], [0.23267540130611525, 41.161343913567265], [0.23267161361421676, 41.16143388815169], [0.23266782590515522, 41.16152386273441], [0.23278688197193398, 41.161526725175854], [0.23290593805587623, 41.16152958749441], [0.2330249941569811, 41.161532449690085], [0.2331440502752471, 41.16153531176285], [0.23326310641067616, 41.16153817371272], [0.2333821625632647, 41.161541035539706], [0.2333859492976397, 41.16145106090292], [0.233389736014856, 41.161361086264435], [0.23350879185970919, 41.1613639479505], [0.23362784772172066, 41.16136680951368], [0.23374690360089004, 41.16136967095396], [0.2338659594972181, 41.16137253227135], [0.233869745547488, 41.16128255759513], [0.23387353158059956, 41.16119258291721], [0.23387731759655564, 41.161102608237606], [0.2338811035953554, 41.16101263355629], [0.23400015885905684, 41.16101549471476], [0.234119214139913, 41.161018355750336], [0.23423826943792386, 41.16102121666303], [0.23435732475308946, 41.16102407745282], [0.23435353940406947, 41.161114052170156], [0.23434975403789554, 41.1612040268858], [0.23434596865456928, 41.161294001599735], [0.23446502447422493, 41.16129686229367], [0.23458408031103367, 41.16129972286469], [0.23470313616499477, 41.161302583312825], [0.23470692106098173, 41.16121260857186], [0.23482597676964753, 41.161215468888095], [0.2349450324954637, 41.16121832908145], [0.23506408823843059, 41.161221189151895], [0.2350678726299271, 41.16113121438222], [0.23507165700427526, 41.16104123961086], [0.23507544136147426, 41.16095126483779], [0.2351944966342526, 41.160954124758334], [0.2353135519241801, 41.160956984555995], [0.23531733593934065, 41.16086700976322], [0.23543639108397127, 41.16086986942899], [0.23555544624574745, 41.16087272897187], [0.23555166255547458, 41.160962703782644], [0.23554787884805614, 41.16105267859171], [0.2356669343518672, 41.16105553802969], [0.23578598987282579, 41.16105839734479], [0.2359050454109276, 41.16106125653699], [0.23602410096617338, 41.1610641156063], [0.23614315653856155, 41.16106697455271], [0.23626221212809292, 41.161069833376224], [0.23626599486083955, 41.160979858513144], [0.23626977757644296, 41.160889883648366], [0.23627356027490637, 41.1607999087819], [0.23627734295622696, 41.160709933913715], [0.23615828801647457, 41.1607070751262], [0.23616207084309684, 41.160617100265334], [0.23628112562040718, 41.16061995904385], [0.23628490826744658, 41.16052998417228], [0.236288690897344, 41.160440009299016], [0.236407745366911, 41.160442867936645], [0.23641152781722755, 41.1603528930527], [0.23653058214149492, 41.16035575155844], [0.23664963648290108, 41.1603586099413], [0.23676869084144725, 41.16036146820126], [0.23677247278730237, 41.1602714932886], [0.2368915270005453, 41.160274351416675], [0.23701058123092547, 41.160277209421864], [0.23701436283476363, 41.16018723448953], [0.23713341691984055, 41.160190092362825], [0.2372524710220535, 41.16019295011324], [0.2373715251414009, 41.160195807740756], [0.23749057927788156, 41.160198665245396], [0.2374867983238033, 41.160288640213714], [0.23748301735259061, 41.160378615180356], [0.23747923636424464, 41.16046859014529], [0.23747545535876427, 41.16055856510853], [0.23759451016214522, 41.16056142252625], [0.23771356498265783, 41.160564279821095], [0.23770978428493028, 41.16065425480064], [0.2377060035700703, 41.16074422977849], [0.23758694842466999, 41.16074137246566], [0.23746789329640414, 41.16073851502994], [0.2374641122395224, 41.160828489988084], [0.2374603311655074, 41.16091846494454], [0.23734127572948552, 41.16091560736794], [0.23722222031059767, 41.16091274966845], [0.23710316490884586, 41.16090989184605], [0.23698410952423127, 41.16090703390078], [0.2369803277832989, 41.16099700881955], [0.23697654602522888, 41.161086983736624], [0.23697276425002206, 41.161176958652014], [0.23709182012197674, 41.16117981662428], [0.23721087601106747, 41.161182674473665], [0.23720709454361866, 41.16127264940534], [0.23732615061229423, 41.16127550714082], [0.23744520669810384, 41.161278364753414], [0.2375642628010483, 41.161281222243105], [0.23768331892112643, 41.16128407960992], [0.23780237505833818, 41.16128693685382], [0.23792143121268197, 41.161289793974824], [0.23792521170544065, 41.161199818989175], [0.23792899218106847, 41.16110984400182], [0.2380480480276467, 41.16111270098195], [0.2381671038913566, 41.1611155578392], [0.23828615977219536, 41.16111841457354], [0.2382899397433506, 41.16102843955751], [0.23840899547887143, 41.16103129615996], [0.23852805123152035, 41.16103415263953], [0.23864710700129732, 41.1610370089962], [0.2387661627882016, 41.16103986522998], [0.23888521859223155, 41.16104272134087], [0.23888899773402417, 41.16095274627819], [0.2390080533927322, 41.16095560225719], [0.23912710906856516, 41.16095845811329], [0.23913088786833922, 41.16086848303093], [0.23913466665098998, 41.16077850794687], [0.23925372201905415, 41.1607813636621], [0.23937277740424204, 41.16078421925445], [0.23949183280655165, 41.1607870747239], [0.2396108882259826, 41.16078993007045], [0.23960711009311556, 41.16087990519048], [0.23972616569211347, 41.16088276042313], [0.23984522130823188, 41.1608856155329], [0.23996427694146924, 41.160888470519765], [0.24008333259182593, 41.160891325383744], [0.2400871100749076, 41.16080135022777], [0.2402061655799352, 41.16080420495986], [0.24032522110207938, 41.160807059569066], [0.2404442766413397, 41.160809914055385], [0.24056333219771697, 41.1608127684188], [0.240682387771208, 41.16081562265933], [0.2408014433618136, 41.16081847677696], [0.2409204989695322, 41.1608213307717], [0.24103955459436452, 41.160824184643545], [0.2410433307607598, 41.160734209413995], [0.2411623862402563, 41.16073706315397], [0.24128144173686455, 41.16073991677104], [0.24140049725058382, 41.16074277026523], [0.2415195527814121, 41.16074562363652], [0.24163860832934858, 41.160748476884926], [0.24175766389439327, 41.160751330010434], [0.2417614390690029, 41.16066135472527], [0.24188049448870894, 41.1606642077189], [0.2419995499255216, 41.160667060589645], [0.2421186053794417, 41.16066991333749], [0.2422376608504652, 41.160672765962445], [0.24223388632564166, 41.16076274128353], [0.24235294197621585, 41.16076559379458], [0.24247199764389463, 41.16076844618273], [0.24259105332867645, 41.160771298447976], [0.2427101090305605, 41.16077415059035], [0.24271388290559712, 41.16068417523334], [0.24271765676353185, 41.16059419987466], [0.24272143060436557, 41.16050422451426], [0.24284048583601256, 41.160507076506796], [0.24295954108475942, 41.160509928376435], [0.24307859635060775, 41.16051278012319], [0.24308236968700586, 41.160422804734175], [0.24308614300630335, 41.16033282934347], [0.24320519796436144, 41.16033568094937], [0.2432014248075068, 41.160425656349055], [0.24319765163355353, 41.16051563174705], [0.24331670693359955, 41.16051848324802], [0.24343576225074146, 41.16052133462608], [0.24343198938458238, 41.160611310040345], [0.24342821650132662, 41.1607012854529], [0.2434244436009726, 41.160791260863775], [0.24354349942255088, 41.16079411214589], [0.24366255526122782, 41.160796963305096], [0.24365878266867316, 41.16088693873222], [0.2437778386868936, 41.16088978977752], [0.24377406623969228, 41.16097976521193], [0.2437702937753963, 41.16106974064463], [0.24388935013561064, 41.16107259158499], [0.24400840651291889, 41.16107544240245], [0.24412746290732143, 41.16107829309702], [0.24413123488426738, 41.16098831763738], [0.24425029113331262, 41.16099116820008], [0.24436934739945015, 41.16099401863987], [0.2443731190344034, 41.160904043160606], [0.2444921751551832, 41.160906893468535], [0.24461123129305293, 41.16090974365357], [0.24473028744801298, 41.16091259371572], [0.24484934362006175, 41.16091544365497], [0.24496839980919885, 41.160918293471326], [0.24508745601542425, 41.160921143164785], [0.2450912266585919, 41.16083116762999], [0.24509499728467318, 41.160741192093475], [0.24509876789366658, 41.16065121655528], [0.2451025384855744, 41.160561241015394], [0.24498348292914265, 41.160558391357824], [0.2449872536664102, 41.1604684158252], [0.2449910243865902, 41.1603784402909], [0.24487196917213727, 41.16037559052837], [0.24487574003767498, 41.16028561500134], [0.24475668500275402, 41.1602827651249], [0.24463762998492258, 41.160279915125564], [0.24464140115826166, 41.160189939614774], [0.24452234631996259, 41.16018708950152], [0.24440329149875425, 41.16018423926537], [0.2442842366946366, 41.160181388906324], [0.24416518190760966, 41.160178538424404], [0.24404612713767504, 41.16017568781959], [0.2439270723848335, 41.16017283709188], [0.24380801764908624, 41.160169986241264], [0.24380424533864284, 41.16025996168924], [0.24368519045754544, 41.16025711070678], [0.2436889629304321, 41.16016713526778], [0.2436927353862237, 41.1600771598271], [0.24369650782491942, 41.15998718438472], [0.24370028024652124, 41.159897208940656], [0.24370405265102757, 41.15980723349489], [0.24358499859923397, 41.1598043824344], [0.24346594456453663, 41.15980153125104], [0.24334689054693479, 41.15979867994478], [0.2432278365464308, 41.15979582851563], [0.2431087825630231, 41.159792976963594], [0.24298972859671364, 41.15979012528867], [0.24287067464750445, 41.159787273490856], [0.24275162071539472, 41.15978442157015], [0.24274784701136898, 41.159874396944105], [0.24262879293392023, 41.15987154489152], [0.2425097388735729, 41.15986869271606], [0.242513512902478, 41.15977871736007], [0.2423944590216722, 41.15977586507069], [0.24227540515796941, 41.15977301265844], [0.2421563513113697, 41.159770160123294], [0.2420372974818738, 41.15976730746526], [0.2420335228032128, 41.15985728278533], [0.24191446882838266, 41.15985442999542], [0.2419182436694845, 41.15976445468433], [0.24179918987419985, 41.15976160178051], [0.2416801360960214, 41.1597587487538], [0.24156108233495077, 41.15975589560422], [0.24144202859098754, 41.15975304233174], [0.24132297486413332, 41.159750188936364], [0.24131919921083944, 41.15984016420255], [0.2413154235404362, 41.159930139467015], [0.2411963695058136, 41.1599272859308], [0.2410773154883012, 41.15992443227167], [0.24095826148789978, 41.15992157848967], [0.24083920750461016, 41.15991872458479], [0.2407201535384335, 41.159915870557015], [0.24060109958936943, 41.15991301640635], [0.24059732292721872, 41.16000299161522], [0.24047826883282994, 41.160000137332666], [0.24035921475555572, 41.159997282927236], [0.2403554377514103, 41.16008725811644], [0.24023638352881216, 41.16008440357913], [0.24011732932332977, 41.16008154891893], [0.24011355197718726, 41.16017152408848], [0.23999449762638175, 41.160168669296404], [0.2398754432926932, 41.16016581438144], [0.23987166560455242, 41.1602557895313], [0.23975261112554194, 41.16025293448446], [0.23963355666365077, 41.16025007931473], [0.23951450221888096, 41.16024722402209], [0.23939544779123165, 41.16024436860659], [0.23927639338070247, 41.160241513068186], [0.2391573389872974, 41.16023865740689], [0.23903828461101487, 41.16023580162271], [0.23891923025185682, 41.160232945715634], [0.2388001759098213, 41.160230089685676], [0.2388039550599291, 41.16014011461672], [0.23868490089746092, 41.16013725847286], [0.23856584675211806, 41.16013440220612], [0.23844679262390328, 41.160131545816476], [0.23844301298647447, 41.16022152085846], [0.2383239587129473, 41.16021866433694], [0.23832773851281538, 41.160128689303946], [0.23820868441885518, 41.16012583266853], [0.23821246436403484, 41.16003585764283], [0.23809341044964277, 41.16003300089352], [0.23797435655237958, 41.16003014402133], [0.23785530267224808, 41.16002728702623], [0.23773624880924663, 41.160024429908255], [0.23774002938705016, 41.15993445491685], [0.23774380994772162, 41.15984447992375], [0.2376247564267264, 41.15984162270088], [0.23750570292286444, 41.15983876535511], [0.23738664943613494, 41.15983590788647], [0.23726759596654068, 41.15983305029493], [0.23714854251408043, 41.15983019258051], [0.23702948907875507, 41.15982733474319], [0.23702570754346225, 41.15991730968231], [0.236906653962836, 41.15991445171312], [0.23678760039934618, 41.15991159362104], [0.2367913822595136, 41.1598216186999], [0.2366723288755983, 41.159818760493934], [0.2365532755088214, 41.15981590216507], [0.23643422215918336, 41.15981304371332], [0.2364304398117069, 41.15990301860745], [0.2364266574470916, 41.15999299349989], [0.23630760378971977, 41.159990134907254], [0.23618855014948834, 41.159987276191735], [0.2360694965263993, 41.15998441735333], [0.23595044292045148, 41.15998155839204], [0.23583138933164643, 41.15997869930785], [0.2357123357599858, 41.15997584010077], [0.2355932822054687, 41.15997298077082], [0.23559706570714145, 41.159883005941374], [0.2356008491916694, 41.159793031110254], [0.23548179597916852, 41.15979017167541], [0.2353627427838144, 41.15978731211768], [0.23524368960560585, 41.15978445243707], [0.23512463644454445, 41.15978159263357], [0.23500558330063143, 41.15977873270718], [0.23488653017386638, 41.15977587265791], [0.23476747706425086, 41.159773012485736], [0.2346484239717845, 41.159770152190696], [0.2345293708964697, 41.15976729177275], [0.2344103178383056, 41.15976443123194], [0.23429126479729345, 41.159761570568236], [0.234287479525978, 41.15985154530032], [0.23416842633968488, 41.159848684504716], [0.2340493731705449, 41.159845823586224], [0.23404558755720528, 41.159935798298605], [0.23404180192671217, 41.16002577300929], [0.23403801627906312, 41.160115747718265], [0.23391896263977036, 41.16011288664987], [0.23391517681252932, 41.160202861348154], [0.23391139096813315, 41.16029283604473], [0.23379233702112054, 41.160289974835436], [0.23378855099712958, 41.16037994952131], [0.2336694969048336, 41.16037708818012], [0.23366571070124745, 41.16046706285528], [0.23366192448050382, 41.160557037528775], [0.23365813824260268, 41.16064701220054], [0.23377719282221926, 41.160649873568765], [0.23377340672960267, 41.16073984824784], [0.23365435198754483, 41.16073698687062], [0.23365056571532866, 41.16082696153901], [0.23353151082798626, 41.16082410002988], [0.23341245595780172, 41.160821238397865], [0.2334162425549024, 41.1607312637475], [0.23342002913484358, 41.16064128909544], [0.23330097460670185, 41.16063842735855], [0.23318192009571925, 41.16063556549877], [0.23306286560189812, 41.1606327035161], [0.23294381112523727, 41.160629841410554], [0.23282475666573907, 41.160626979182105], [0.23270570222340278, 41.16062411683077], [0.232701914668814, 41.160714091428765], [0.23269812709706258, 41.16080406602507], [0.23269433950814727, 41.16089404061968], [0.23269055190206853, 41.16098401521259], [0.2326867642788255, 41.16107398980381]]]}, "properties": {"area_ha": 10.14, "dnbr_threshold": 0.35, "part": 51, "fire_id": "2024430993", "burn_year": 2024, "source": "sentinel", "aoi_source": "official", "buffer_m": 500.0, "fire_date": "2024-05-11"}}, {"type": "Feature", "geometry": {"type": "Polygon", "coordinates": [[[0.23373343692845738, 41.16452164487003], [0.23385249852804837, 41.16452450637982], [0.23384871202255642, 41.16461448100396], [0.23396777380177958, 41.16461734239984], [0.23408683559816063, 41.164620203672825], [0.23420589741170075, 41.16462306482288], [0.23432495924239682, 41.164625925850046], [0.23444402109024956, 41.16462878675431], [0.23456308295525705, 41.16463164753565], [0.23468214483741925, 41.164634508194105], [0.23480120673673657, 41.16463736872963], [0.2349202686532062, 41.16464022914226], [0.23491648359282633, 41.16473020384577], [0.2349126985152937, 41.16482017854758], [0.2350317607738666, 41.1648230388553], [0.23502797584165788, 41.16491301356442], [0.23502419089229684, 41.16500298827184], [0.23514325349297577, 41.165005848474664], [0.2352623161108066, 41.16500870855458], [0.23525853146924972, 41.1650986832783], [0.23537759426670957, 41.16510154324434], [0.23537380977048017, 41.16519151797537], [0.23537002525710202, 41.165281492704715], [0.2353662407265739, 41.16537146743235], [0.23548530402862197, 41.16537432730247], [0.23548151964342415, 41.16546430203743], [0.23547773524107676, 41.16555427677067], [0.23559679888523924, 41.16555713653589], [0.23571586254654925, 41.16555999617819], [0.23583492622500843, 41.16556285569757], [0.23583871013990915, 41.165472880937315], [0.23584249403766272, 41.16538290617535], [0.23584627791826954, 41.1652929314117], [0.23572721472725502, 41.165290071919316], [0.23573099875319367, 41.16520009716297], [0.23573478276198478, 41.165110122404926], [0.23585384562804046, 41.1651129818793], [0.23597290851124286, 41.165115841230765], [0.23609197141159086, 41.165118700459324], [0.2360957549157989, 41.16502872567257], [0.23621481767081345, 41.16503158476922], [0.23633388044297396, 41.16503444374296], [0.23633766360507874, 41.16494446893651], [0.23634144675004035, 41.16485449412837], [0.23646050921438916, 41.1648573529612], [0.23657957169588117, 41.16486021167111], [0.23658335449874468, 41.16477023684328], [0.23658713728446623, 41.16468026201374], [0.23659092005304574, 41.164590287182506], [0.23659470280448328, 41.164500312349574], [0.23647564097289428, 41.16449745367566], [0.2363565791584485, 41.16449459487884], [0.23623751736114668, 41.16449173595911], [0.23611845558098923, 41.16448887691646], [0.23599939381797658, 41.164486017750896], [0.23600317736464024, 41.16439604296129], [0.23600696089415873, 41.16430606816997], [0.2358878994732378, 41.164303208899526], [0.23576883806946403, 41.16430034950616], [0.23564977668283701, 41.16429748998989], [0.23565356068262558, 41.16420751522388], [0.23565734466526617, 41.164117540456175], [0.23553828362072968, 41.16411468083501], [0.235542067748693, 41.16402470607461], [0.23542300688377515, 41.164021846339544], [0.23542679115706, 41.16393187158645], [0.2353077304717604, 41.16392901173747], [0.23518866980361075, 41.16392615176561], [0.23506960915261027, 41.16392329167083], [0.2349505485187617, 41.16392043145315], [0.2349467635955993, 41.16401040617022], [0.23482770281643398, 41.164007545820624], [0.23482391771364974, 41.164097520527], [0.23470485678916728, 41.1640946600455], [0.23458579588183792, 41.164091799441096], [0.2344667349916625, 41.16408893871378], [0.2343476741186422, 41.164086077863566], [0.23422861326277822, 41.16408321689045], [0.23410955242406895, 41.16408035579441], [0.23411333850166932, 41.163990381142085], [0.2342323991779091, 41.16399324222911], [0.2342361850758845, 41.16390326756606], [0.2343552456068111, 41.16390612852118], [0.2344743061548932, 41.16390898935337], [0.23459336672012965, 41.16391185006267], [0.23471242730252082, 41.16391471064907], [0.23471621253346747, 41.16382473594831], [0.23471999774726143, 41.163734761245834], [0.23472378294390264, 41.16364478654168], [0.23472756812338955, 41.16355481183584], [0.2346085081908672, 41.163551951285456], [0.2344894482754992, 41.16354909061217], [0.23437038837728352, 41.163546229816], [0.23425132849622454, 41.16354336889691], [0.2341322686323199, 41.163540507854925], [0.23401320878557275, 41.16353764669005], [0.2338941489559835, 41.16353478540226], [0.23377508914355136, 41.16353192399158], [0.23377130266433796, 41.163621898625365], [0.23376751616796707, 41.16371187325747], [0.23376372965443587, 41.16380184788788], [0.23375994312374598, 41.1638918225166], [0.2337561565758978, 41.163981797143606], [0.2337523700108905, 41.16407177176891], [0.23363330924081402, 41.16406891018127], [0.233514248487899, 41.16406604847072], [0.2333951877521447, 41.164063186637264], [0.23327612703355224, 41.16406032468092], [0.23327233980150633, 41.16415029926849], [0.23326855255229811, 41.164240273854375], [0.23326476528592843, 41.16433024843856], [0.23338382649193176, 41.16433311042195], [0.23350288771509653, 41.16433597228242], [0.23349910075650673, 41.164425946882936], [0.23361816215930528, 41.16442880862952], [0.2337372235792633, 41.1644316702532], [0.23373343692845738, 41.16452164487003]]]}, "properties": {"area_ha": 2.53, "dnbr_threshold": 0.35, "part": 52, "fire_id": "2024430993", "burn_year": 2024, "source": "sentinel", "aoi_source": "official", "buffer_m": 500.0, "fire_date": "2024-05-11"}}, {"type": "Feature", "geometry": {"type": "Polygon", "coordinates": [[[0.2365303936986573, 41.16602988427866], [0.23652661065579228, 41.16611985908275], [0.2365228275957821, 41.16620983388514], [0.23651904451862873, 41.16629980868584], [0.23651526142433138, 41.166389783484846], [0.23651147831289004, 41.166479758282144], [0.23663054373623613, 41.16648261703115], [0.23674960917672458, 41.16648547565723], [0.23686867463435582, 41.1664883341604], [0.23687245725832587, 41.1663983593361], [0.23687623986515471, 41.1663083845101], [0.23688002245484155, 41.1662184096824], [0.2368838050273872, 41.16612843485301], [0.23700286985220256, 41.166131293197274], [0.23700665224511883, 41.16604131835719], [0.23712571692458723, 41.166044176569535], [0.23724478162119642, 41.16604703465897], [0.2372485636719975, 41.16595705979918], [0.2373676282232589, 41.16595991775671], [0.23748669279165877, 41.16596277559132], [0.23749047450034866, 41.165872800711846], [0.23760953892339914, 41.16587565841455], [0.2376133204524656, 41.16578568352439], [0.23761710196439487, 41.16569570863252], [0.2376208834591881, 41.16560573373897], [0.23773994741192042, 41.165608591291765], [0.2377437287270934, 41.16551861638752], [0.23774751002513037, 41.16542864148158], [0.23775129130603168, 41.165338666573945], [0.23775507256979816, 41.165248691664615], [0.2377588538164282, 41.16515871675358], [0.2377626350459242, 41.165068741840855], [0.23776641625828457, 41.16497876692643], [0.2377701974535093, 41.164888792010316], [0.2378892601235271, 41.164891649368236], [0.2378854790907802, 41.16498162429335], [0.23788169804090006, 41.16507159921676], [0.23800076105301077, 41.16507445646975], [0.2381198240822551, 41.16507731359985], [0.23823888712863153, 41.16508017060703], [0.2383579501921408, 41.165083027491306], [0.23836173059210358, 41.16499305253191], [0.23836551097493436, 41.16490307757082], [0.23836929134063345, 41.16481310260803], [0.23848835393383805, 41.16481595934241], [0.2384845737306164, 41.16490593431419], [0.2384807935102655, 41.16499590928427], [0.2384770132727825, 41.16508588425266], [0.2385960763705547, 41.16508874089111], [0.23871513948545653, 41.165091597406644], [0.23883420261748806, 41.16509445379927], [0.23895326576664888, 41.16509731006899], [0.23895704535421056, 41.16500733506464], [0.23896082492464574, 41.16491736005859], [0.23896460447795245, 41.16482738505083], [0.23908366715680224, 41.16483024117066], [0.23920272985277893, 41.16483309716758], [0.23920650906400268, 41.16474312214015], [0.23921028825809912, 41.16465314711102], [0.2392140674350703, 41.1645631720802], [0.23933312966074075, 41.16456602792724], [0.2394521919035361, 41.16456888365137], [0.23945597073842903, 41.164478908600884], [0.2394597495561975, 41.164388933548686], [0.23957881149116605, 41.164391789131926], [0.2396978734432571, 41.16439464459226], [0.23981693541247187, 41.1643974999297], [0.23993599739880878, 41.1644003551442], [0.2400550594022666, 41.164403210235825], [0.24017412142284494, 41.164406065204524], [0.24017789924864053, 41.16431609009669], [0.2401816770573152, 41.16422611498718], [0.24030073877006394, 41.164228969815], [0.24041980049993164, 41.16423182451991], [0.2405388622469171, 41.16423467910191], [0.24065792401101987, 41.16423753356102], [0.24066170115267976, 41.16414755841386], [0.24078076277142563, 41.164150412741066], [0.2407769857922404, 41.1642403878972], [0.2408960475905767, 41.164243242110494], [0.24101510940602877, 41.16424609620087], [0.24113417123859418, 41.164248950168336], [0.2411379477303574, 41.16415897498524], [0.24114172420500604, 41.164068999800435], [0.24114550066254092, 41.163979024613944], [0.24126456202479932, 41.16398187843155], [0.24126833830274816, 41.16389190323438], [0.24138739951964724, 41.16389475692009], [0.24150646075365811, 41.1638976104829], [0.24162552200478038, 41.1639004639228], [0.24174458327301282, 41.1639033172398], [0.24174835888396237, 41.163813342005], [0.24186742000683314, 41.16381619519011], [0.24186364455835507, 41.1639061704339], [0.24198270586080792, 41.16390902350508], [0.24210176718036736, 41.16391187645336], [0.242220828517035, 41.16391472927874], [0.24233988987080926, 41.163917581981195], [0.24234366466939783, 41.16382760670148], [0.24246272587780604, 41.163830459272056], [0.2424665004968165, 41.163740483981684], [0.24258556155985747, 41.163743336420374], [0.24258933599929144, 41.16365336111932], [0.24270839691696672, 41.16365621342612], [0.2427121711768262, 41.163566238114385], [0.2428312319491346, 41.163569090289315], [0.24283500602942035, 41.16347911496689], [0.24295406665636235, 41.16348196700993], [0.24295784055707714, 41.163391991676846], [0.2430769010386503, 41.163394843588], [0.24308067475979456, 41.163304868244246], [0.24308444846383737, 41.163214892898786], [0.24320350863757614, 41.16321774466908], [0.24332256882841516, 41.163220596316464], [0.24332634219042235, 41.16313062095138], [0.24333011553533082, 41.16304064558458], [0.2434491754183351, 41.1630434970911], [0.24356823531843844, 41.16304634847474], [0.24368729523563964, 41.16304919973547], [0.2438063551699375, 41.16305205087328], [0.2438101278478821, 41.16296207546888], [0.24392918763681154, 41.162964926474814], [0.24393296013519394, 41.162874951059756], [0.24405201977875254, 41.16287780193382], [0.24405579209757594, 41.16278782650807], [0.24405956439930424, 41.162697851080644], [0.24406333668393748, 41.16260787565152], [0.2440671089514768, 41.162517900220685], [0.24418616796227519, 41.162520750935954], [0.24430522699016785, 41.16252360152831], [0.24430899891568783, 41.16243362607785], [0.2443127708241159, 41.16234365062569], [0.2444318295441774, 41.16234650107719], [0.2445508882813316, 41.1623493514058], [0.2445471166978258, 41.16243932687592], [0.2445433450972297, 41.162529302344325], [0.24466240417639767, 41.16253215256799], [0.24478146327265757, 41.16253500266874], [0.24477769197989582, 41.16262497815342], [0.24477392067004416, 41.162714953636396], [0.24489298010831984, 41.16271780363219], [0.2450120395636858, 41.16272065350508], [0.2451310990361401, 41.16272350325508], [0.24525015852568313, 41.162726352882174], [0.24536921803231368, 41.162729202386366], [0.2453729885298449, 41.16263922685853], [0.2453767590102906, 41.16254925132901], [0.24538052947364838, 41.16245927579778], [0.245384299919921, 41.16236930026488], [0.24550335879378415, 41.16237214961029], [0.24562241768473328, 41.16237499883279], [0.24574147659276635, 41.1623778479324], [0.245745246534568, 41.162287872370875], [0.2457490164592865, 41.16219789680766], [0.24575278636692027, 41.16210792124275], [0.24587184480465385, 41.16211077019254], [0.24587561453274412, 41.162020794616986], [0.2458793842437528, 41.1619308190397], [0.24588315393767754, 41.16184084346076], [0.24576409598731902, 41.16183799453787], [0.24576786582661855, 41.16174801896618], [0.24577163564883533, 41.1616580433928], [0.24577540545396775, 41.16156806781772], [0.24577917524201823, 41.161478092240955], [0.24566011795856718, 41.16147524323105], [0.24554106069220086, 41.16147239409825], [0.2454220034429185, 41.16146954484255], [0.24530294621072127, 41.161466695463936], [0.24529917577285248, 41.16155667100482], [0.24518011839528722, 41.16155382149435], [0.2450610610348091, 41.16155097186099], [0.2450572902549424, 41.161640947382246], [0.24493823274909662, 41.16163809761701], [0.24481917526033878, 41.16163524772888], [0.24470011778866965, 41.16163239771784], [0.24458106033409083, 41.16162954758393], [0.2444620028966031, 41.161626697327094], [0.24434294547620572, 41.16162384694737], [0.24433917370451724, 41.1617138224131], [0.24433540191573808, 41.16180379787711], [0.2442163441875218, 41.16180094735655], [0.24409728647639828, 41.16179809671308], [0.24409351434561166, 41.16188807215745], [0.24408974219773155, 41.16197804760016], [0.24397068417878795, 41.16197519681584], [0.24385162617693865, 41.16197234590863], [0.2437325681921856, 41.161969494878505], [0.24361351022452768, 41.1619666437255], [0.2434944522739664, 41.1619637924496], [0.24337539434050418, 41.16196094105078], [0.24337162120078282, 41.16205091643792], [0.2433678480439624, 41.16214089182336], [0.2432487898026813, 41.1621380402837], [0.2431297315784989, 41.16213518862114], [0.2431259580796623, 41.16222516398693], [0.24300689971012138, 41.162222312192505], [0.24300312603172497, 41.16231228754762], [0.24288406751682515, 41.1623094356213], [0.24288029365886774, 41.16239941096574], [0.24276123499860983, 41.16239655890756], [0.24264217635545454, 41.162393706726455], [0.2426384021554726, 41.16248368205125], [0.24251934336695963, 41.16248082973827], [0.24240028459555005, 41.16247797730241], [0.2423965100535424, 41.16256795260755], [0.24239273549443052, 41.16265792791098], [0.2422736764152025, 41.16265507533425], [0.24226990167652246, 41.16274505062702], [0.2422661269207378, 41.162835025918085], [0.24214706753368895, 41.162832173200485], [0.24214329259833373, 41.16292214848089], [0.24213951764587113, 41.16301212375959], [0.24202045795099944, 41.16300927090112], [0.24190139827323595, 41.16300641791976], [0.24190517355062802, 41.16291644265901], [0.24178611405243705, 41.16291358956372], [0.2416670545713551, 41.16291073634554], [0.24154799510738295, 41.16290788300445], [0.24154421934259712, 41.16299785823825], [0.24154044356070112, 41.163087833470335], [0.24153666776169572, 41.16317780870074], [0.2414176078274376, 41.16317495520979], [0.24129854791029126, 41.16317210159595], [0.24129477176924183, 41.16326207680668], [0.24117571170674096, 41.163259223060955], [0.24117193538611228, 41.163349198261], [0.2411681590483694, 41.16343917345937], [0.24116438269351395, 41.16352914865604], [0.24104532216072275, 41.16352629476045], [0.24092626164504494, 41.163523440741955], [0.24080720114648207, 41.163520586600555], [0.24068814066503497, 41.16351773233625], [0.2406919176697636, 41.163427757175526], [0.2408109779887424, 41.16343061143084], [0.24081475481388778, 41.163340636259434], [0.24093381498751526, 41.163343490382864], [0.24093759163307857, 41.16325351520077], [0.2409413682615269, 41.163163540016996], [0.2409451448728619, 41.163073564831514], [0.24082608518663334, 41.16307071073504], [0.2407070255175198, 41.16306785651567], [0.2405879658655212, 41.16306500217339], [0.24058418876679125, 41.163154977331914], [0.24046512896944489, 41.16315212285773], [0.24034606918921428, 41.16314926826067], [0.24034229174843635, 41.163239243399524], [0.24022323182285915, 41.16323638867056], [0.2402194542024952, 41.16332636379874], [0.2402156765650135, 41.1634163389252], [0.24021189891041284, 41.16350631404999], [0.2400928385145525, 41.16350345917117], [0.23997377813581303, 41.163500604169435], [0.23985471777419293, 41.1634977490448], [0.23985093961506807, 41.163587724140925], [0.23973187910810057, 41.16358486888439], [0.23961281861825562, 41.163582013504964], [0.23949375814553356, 41.16357915800263], [0.2393746976899344, 41.16357630237739], [0.23925563725146098, 41.163573446629236], [0.23913657683011044, 41.16357059075819], [0.23901751642588762, 41.16356773476425], [0.23889845603878967, 41.16356487864739], [0.238779395668819, 41.16356202240763], [0.23878317529015539, 41.16347204739243], [0.23866411509977994, 41.163469191038764], [0.23854505492653413, 41.16346633456218], [0.23854883485567704, 41.163376359563266], [0.23842977486202604, 41.16337350297278], [0.23831071488550593, 41.16337064625939], [0.23819165492611546, 41.1633677894231], [0.23807259498385783, 41.16336493246391], [0.23806881440484967, 41.16345490742684], [0.23794975431725662, 41.163452050335756], [0.23783069424679643, 41.163449193121764], [0.23782691332572237, 41.163539168065014], [0.2378231323875147, 41.16362914300656], [0.23770407200925472, 41.16362628565169], [0.2377002908914443, 41.16371626058255], [0.23769650975649903, 41.163806235511714], [0.2375774490704373, 41.16380337801593], [0.2375736677558877, 41.163893352934416], [0.23756988642420288, 41.163983327851206], [0.23756610507538278, 41.16407330276628], [0.2375623237094271, 41.16416327767968], [0.23744326239061586, 41.164160420025], [0.23743948084505184, 41.1642503949277], [0.23732041938090556, 41.16424753714112], [0.23731663765573086, 41.16433751203313], [0.23731285591341933, 41.16442748692344], [0.23730907415396976, 41.16451746181205], [0.23730529237738257, 41.16460743669897], [0.23730151058365895, 41.16469741158419], [0.23729772877279612, 41.164787386467715], [0.23729394694479528, 41.16487736134954], [0.23717488436046003, 41.164874503377085], [0.237055821793264, 41.16487164528171], [0.23705203962316904, 41.16496162014385], [0.23704825743593447, 41.16505159500428], [0.2370444752315603, 41.16514156986304], [0.23704069301004652, 41.165231544720086], [0.23692162981007356, 41.1652286864658], [0.23680256662724022, 41.16522582808862], [0.23679878406362517, 41.16531580292597], [0.23679500148286853, 41.16540577776162], [0.23667593799221515, 41.16540291924353], [0.23655687451870339, 41.16540006060252], [0.2365530915958415, 41.16549003541849], [0.23654930865583484, 41.16558001023276], [0.2365455256986862, 41.165669985045334], [0.23654174272439435, 41.16575995985621], [0.2365379597329589, 41.16584993466539], [0.23653417672438068, 41.16593990947287], [0.2365303936986573, 41.16602988427866]], [[0.24526524106314335, 41.16236645079657], [0.24514618222345286, 41.162363601205364], [0.2450271234008499, 41.16236075149125], [0.24490806459533682, 41.16235790165423], [0.2449118356743669, 41.16226792615552], [0.24503089431742078, 41.16227077598355], [0.24503466521690176, 41.16218080047416], [0.24503843609929524, 41.16209082496308], [0.24504220696460116, 41.1620008494503], [0.24516126513736314, 41.162003699128526], [0.24528032332721303, 41.16200654868385], [0.24539938153414928, 41.16200939811627], [0.2453956111562216, 41.16209937365596], [0.24539184076120682, 41.162189349193966], [0.24538807034910726, 41.162279324730264], [0.245384299919921, 41.16236930026488], [0.24526524106314335, 41.16236645079657]], [[0.24068436364319015, 41.16360770749528], [0.24068058660423, 41.16369768265261], [0.24056152581495968, 41.163694828247436], [0.24044246504280628, 41.163691973719345], [0.240438687661789, 41.16378194885701], [0.2404349102636528, 41.163871923992986], [0.24031584918367618, 41.16386906932402], [0.2401967881208193, 41.163866214532135], [0.2402005658438961, 41.16377623941415], [0.24031962674428348, 41.163779094197025], [0.24032340428777105, 41.16368911906835], [0.24032718181414048, 41.16359914393799], [0.24044624240670662, 41.163601998579985], [0.24056530301638931, 41.16360485309909], [0.2405690802007036, 41.16351487794905], [0.24068814066503497, 41.16351773233625], [0.24068436364319015, 41.16360770749528]], [[0.23873403887677844, 41.16464172245782], [0.2387302590327722, 41.16473169745097], [0.2386111965677853, 41.16472884097141], [0.23849213411992884, 41.16472598436892], [0.23849591428888836, 41.16463600939376], [0.23849969444071822, 41.16454603441689], [0.23861875656362216, 41.164548891001374], [0.23861497657426817, 41.16463886598724], [0.23873403887677844, 41.16464172245782]], [[0.23864521600947208, 41.163919066052856], [0.23876427701219263, 41.163921922451486], [0.23888333803204045, 41.163924778727214], [0.23887955848753434, 41.16401475374293], [0.23876049730521623, 41.16401189745822], [0.23864143614002462, 41.16400904105059], [0.23864521600947208, 41.163919066052856]], [[0.23803478842281653, 41.164264682016984], [0.2380385691560176, 41.16417470706931], [0.23815763056049902, 41.16417756410946], [0.23815384998977143, 41.164267539066124], [0.23815006940191022, 41.164357514021106], [0.2381462887969177, 41.16444748897438], [0.23814250817479277, 41.16453746392597], [0.23802344612041465, 41.16453460684984], [0.23802722690501388, 41.16444463190726], [0.23803100767248223, 41.16435465696296], [0.23803478842281653, 41.164264682016984]], [[0.23912146012311797, 41.16393049090996], [0.23912523932555543, 41.163840515874554], [0.23924430023431326, 41.16384337177257], [0.23924052119434686, 41.16393334681697], [0.23912146012311797, 41.16393049090996]]]}, "properties": {"area_ha": 9.24, "dnbr_threshold": 0.35, "part": 62, "fire_id": "2024430993", "burn_year": 2024, "source": "sentinel", "aoi_source": "official", "buffer_m": 500.0, "fire_date": "2024-05-11"}}, {"type": "Feature", "geometry": {"type": "Polygon", "coordinates": [[[0.24216905725151655, 41.15094401395143], [0.24205001938877965, 41.15094116180486], [0.24193098154314105, 41.15093830953542], [0.24181194371460227, 41.15093545714315], [0.24180816989997433, 41.151025432584426], [0.24180439606824658, 41.15111540802401], [0.24180062221941895, 41.15120538346189], [0.24191966053505964, 41.15120823588111], [0.24203869886780063, 41.151211088177476], [0.24215773721764025, 41.15121394035099], [0.2421539638388191, 41.151303915814125], [0.24215019044290007, 41.15139389127557], [0.242146417029882, 41.151483866735326], [0.24226545588392936, 41.15148671881292], [0.24238449475507423, 41.151489570767666], [0.2425035336433166, 41.15149242259956], [0.2426225725486544, 41.1514952743086], [0.2427416114710877, 41.1514981258948], [0.2428606504106149, 41.151500977358126], [0.24285687795472907, 41.151590952870045], [0.24285310548174857, 41.15168092838028], [0.24297214476311463, 41.15168377973871], [0.24309118406157418, 41.1516866309743], [0.243210223377126, 41.15168948208703], [0.24332926270977095, 41.1516923330769], [0.24332549086919047, 41.15178230862133], [0.2433217190115189, 41.151872284164064], [0.2433179471367554, 41.15196225970512], [0.24343698697361407, 41.15196511059907], [0.24343321524413594, 41.15205508614739], [0.24355225526046098, 41.15205793692746], [0.24367129529387674, 41.152060787584674], [0.24379033534438202, 41.15206363811903], [0.24378656408494334, 41.15215361369258], [0.24378279280841555, 41.15224358926445], [0.24390183320076367, 41.1522464396939], [0.2440208736101993, 41.15224929000048], [0.2441399140367225, 41.152252140184224], [0.2442589544803332, 41.1522549902451], [0.24437799494102824, 41.15225784018311], [0.24449703541880924, 41.15226068999828], [0.24461607591367418, 41.15226353969058], [0.24473511642562348, 41.15226638926003], [0.24485415695465435, 41.15226923870662], [0.24497319750076796, 41.15227208803036], [0.24509223806396316, 41.15227493723123], [0.24521127864423953, 41.15227778630925], [0.24520750929917115, 41.15236776198707], [0.24532655005890633, 41.15237061095121], [0.24544559083572068, 41.152373459792486], [0.24556463162961423, 41.1523763085109], [0.24568367244058495, 41.15237915710645], [0.24568744113613517, 41.15228918139274], [0.24580648180180384, 41.15229202985648], [0.24592552248454813, 41.152294878197345], [0.24592929083826306, 41.15220490246401], [0.24593305917490238, 41.15211492672896], [0.2459368274944665, 41.15202495099224], [0.24594059579695463, 41.15193497525381], [0.24582155576372333, 41.151932126948815], [0.24582532421151349, 41.15184215121766], [0.24570628435773229, 41.15183930279877], [0.24558724452102906, 41.15183645425703], [0.24546820470140382, 41.15183360559242], [0.2454719736192434, 41.15174362988648], [0.24547574252000537, 41.151653654178844], [0.24547951140369018, 41.15156367846952], [0.24536047208826633, 41.15156082970898], [0.2452414327899197, 41.151557980825565], [0.24524520198127267, 41.151468005132486], [0.24524897115554564, 41.1513780294377], [0.24512993219902357, 41.151375180449385], [0.24501089325958186, 41.1513723313382], [0.2448918543372201, 41.15136948210417], [0.24477281543194035, 41.1513666327473], [0.24465377654374135, 41.15136378326757], [0.2445347376726259, 41.15136093366499], [0.24453850780404746, 41.15127095802234], [0.24454227791838506, 41.151180982377994], [0.24442323938909416, 41.1511781326705], [0.2443042008768868, 41.15117528284015], [0.2441851623817654, 41.151172432886945], [0.24406612390372795, 41.151169582810894], [0.24394708544277763, 41.151166732612], [0.24382804699891364, 41.151163882290234], [0.24370900857213798, 41.151161031845625], [0.24358997016245026, 41.15115818127816], [0.24359374155865754, 41.15106820570391], [0.24359751293777532, 41.15097823012796], [0.24347847486991372, 41.15097537945561], [0.24348224639431051, 41.15088540388694], [0.24336320850590415, 41.1508825531007], [0.24336698017557754, 41.15079257753931], [0.2432479424666296, 41.15078972663919], [0.2432517142815776, 41.15069975108509], [0.24325548607943448, 41.1506097755293], [0.2431364487123079, 41.15060692452428], [0.2430174113622721, 41.15060407339643], [0.24289837402932932, 41.15060122214572], [0.24277933671347887, 41.15059837077215], [0.24266029941472234, 41.15059551927575], [0.24254126213306124, 41.150592667656475], [0.24242222486849407, 41.150589815914365], [0.24230318762102276, 41.15058696404942], [0.24218415039064892, 41.15058411206161], [0.24218037713151125, 41.1506740875366], [0.24217660385527728, 41.15076406300991], [0.24217283056194544, 41.15085403848151], [0.24216905725151655, 41.15094401395143]], [[0.2425223981018848, 41.151042545149195], [0.24251862524436213, 41.151132520642676], [0.2423995870055998, 41.151129668846686], [0.24239581396861273, 41.15121964432948], [0.24227677558457816, 41.15121679240166], [0.24228054878393293, 41.15112681692786], [0.24228432196619026, 41.151036841452346], [0.2424033600254886, 41.15103969336221], [0.2425223981018848, 41.151042545149195]]]}, "properties": {"area_ha": 3.27, "dnbr_threshold": 0.35, "part": 67, "fire_id": "2024430993", "burn_year": 2024, "source": "sentinel", "aoi_source": "official", "buffer_m": 500.0, "fire_date": "2024-05-11"}}, {"type": "Feature", "geometry": {"type": "Polygon", "coordinates": [[[0.24236598451791275, 41.15761360403724], [0.2424850344832943, 41.157616456233974], [0.24260408446577653, 41.15761930830784], [0.2426003108472966, 41.157709283704506], [0.24259653721171762, 41.15779925909948], [0.24271558753614406, 41.15780211106841], [0.24283463787766954, 41.157804962914476], [0.24283086454983627, 41.15789493832572], [0.2428270912049039, 41.15798491373526], [0.24282331784287328, 41.1580748891431], [0.2428195444637436, 41.158164864549256], [0.24281577106751448, 41.15825483995371], [0.24281199765418707, 41.158344815356465], [0.24280822422375942, 41.15843479075754], [0.2429272757193639, 41.15843764254356], [0.24292350243426614, 41.15852761795192], [0.2429197291320697, 41.15861759335858], [0.242915955812775, 41.158707568763525], [0.24303500781276577, 41.1587104204536], [0.24315405982985439, 41.158713272020805], [0.24315028681832287, 41.15880324744202], [0.24326933901493988, 41.158806098895305], [0.24338839122865397, 41.15880895022571], [0.24350744345946393, 41.15881180143323], [0.24350367091812933, 41.1589017768797], [0.24349989835970084, 41.158991752324454], [0.2434961257841761, 41.15908172776752], [0.24361517851937947, 41.15908457887908], [0.24373423127167795, 41.15908742986775], [0.24373045900392673, 41.15917740532708], [0.2437266867190812, 41.1592673807847], [0.24384573981334298, 41.15927023166844], [0.24396479292469786, 41.159273082429294], [0.24396102094762903, 41.159363057903185], [0.2439572489534687, 41.15945303337537], [0.24407630240678968, 41.15945588403128], [0.24419535587720295, 41.1594587345643], [0.24431440936470772, 41.15946158497444], [0.24431063784076615, 41.15955156047187], [0.24442969150779972, 41.15955441076809], [0.24442592012920714, 41.15964438627278], [0.2445449739757683, 41.15964723645508], [0.2446640278394186, 41.15965008651451], [0.24478308172015759, 41.15965293645104], [0.24490213561798613, 41.15965578626468], [0.2449059063468232, 41.15956581072409], [0.24490967705857392, 41.15947583518181], [0.24491344775323753, 41.15938585963784], [0.2449172184308144, 41.15929588409216], [0.2447981651827382, 41.15929303431441], [0.24467911195174916, 41.159290184413756], [0.24468288293711069, 41.15920020888434], [0.24468665390538466, 41.159110233353225], [0.24456760101635533, 41.15910738334765], [0.24444854814441433, 41.15910453321918], [0.2444523194204686, 41.15901455770431], [0.244456090679433, 41.15892458218776], [0.2443370381494489, 41.15892173195435], [0.24421798563655595, 41.158918881598055], [0.24422175720329584, 41.158828906097746], [0.24422552875294543, 41.15873893059574], [0.24410647658200701, 41.15873608013451], [0.24398742442815932, 41.15873322955039], [0.24399119628558003, 41.15864325406466], [0.24399496812590926, 41.158553278577216], [0.2438759163140153, 41.15855042788816], [0.24375686451921447, 41.15854757707623], [0.24376063666730965, 41.15845760160503], [0.24376440879831215, 41.15836762613215], [0.24388346026825472, 41.15837047692613], [0.24400251175528997, 41.15837332759724], [0.24400628354434348, 41.15828335210471], [0.2440100553163051, 41.158193376610484], [0.2440138270711736, 41.158103401114566], [0.244017598808951, 41.15801342561697], [0.24402137052963768, 41.15792345011766], [0.24402514223323327, 41.15783347461665], [0.24402891391973655, 41.15774349911397], [0.24403268558914873, 41.15765352360958], [0.24391363540151556, 41.15765067301028], [0.24379458523097508, 41.1576478222881], [0.2436755350775265, 41.15764497144303], [0.24367176292084622, 41.15773494692049], [0.2436679907470724, 41.15782492239626], [0.24354894028587137, 41.15782207141036], [0.24355271262206815, 41.157732095943565], [0.24355648494117063, 41.15764212047508], [0.24343743482190985, 41.157639269384255], [0.24331838471974337, 41.15763641817055], [0.24319933463467275, 41.15763356683396], [0.2432031074239459, 41.15754359139071], [0.24308405751839215, 41.157540739940224], [0.2430878304529912, 41.15745076450424], [0.24296878072695552, 41.15744791293986], [0.2428497310180173, 41.15744506125259], [0.24285350426035807, 41.15735508583288], [0.2427344547309379, 41.15735223403171], [0.2427382281186002, 41.15726225861928], [0.24261917876869774, 41.157259406704206], [0.2425001294358947, 41.15725655466626], [0.2423810801201923, 41.157253702505436], [0.24226203082159095, 41.157250850221736], [0.24214298154009145, 41.15724799781515], [0.24213920734033653, 41.157337973182685], [0.24213543312347857, 41.157427948548516], [0.24213165888951757, 41.15751792391266], [0.24225070865827567, 41.15752077634618], [0.242246934569633, 41.157610751717606], [0.24236598451791275, 41.15761360403724]]]}, "properties": {"area_ha": 2.14, "dnbr_threshold": 0.35, "part": 68, "fire_id": "2024430993", "burn_year": 2024, "source": "sentinel", "aoi_source": "official", "buffer_m": 500.0, "fire_date": "2024-05-11"}}, {"type": "Feature", "geometry": {"type": "Polygon", "coordinates": [[[0.2427282034658937, 41.14897595978949], [0.24272443116390022, 41.1490659353309], [0.24272065884481442, 41.14915591087064], [0.24283969354584062, 41.1491587622234], [0.24283592137201393, 41.14924873777041], [0.24295495625248584, 41.14925158900931], [0.24295118422392026, 41.14934156456359], [0.24307021928383707, 41.149344415688645], [0.24318925436084418, 41.14934726669083], [0.243308289454942, 41.14935011757018], [0.24342732456612937, 41.14935296832668], [0.24354635969440624, 41.14935581896035], [0.24366539483977062, 41.14935866947116], [0.2436691658942126, 41.14926869386303], [0.24378820089431114, 41.14927154424202], [0.2439072359114956, 41.14927439449817], [0.24402627094576443, 41.149277244631485], [0.24403004149605986, 41.14918726899473], [0.24403381202927016, 41.14909729335628], [0.2440375825453957, 41.149007317716126], [0.24391854799818313, 41.14900446760973], [0.24392231865957453, 41.14891449197687], [0.24392608930388082, 41.14882451634231], [0.24404512352639057, 41.148827366430744], [0.2440413530444353, 41.148917342074284], [0.24416038744638044, 41.148920192048855], [0.24415661710969144, 41.149010167699664], [0.2441528467559185, 41.1491001433488], [0.2441490763850608, 41.14919011899623], [0.2442681112911473, 41.14919296887487], [0.24438714621431656, 41.149195818630666], [0.24450618115456899, 41.14919866826364], [0.24462521611190255, 41.14920151777375], [0.24462898583334744, 41.14911154209043], [0.24463275553771116, 41.14902156640542], [0.24475179018742108, 41.149024415774754], [0.24487082485421138, 41.14902726502124], [0.2449898595380809, 41.14903011414489], [0.24510889423902954, 41.14903296314568], [0.24510512518407707, 41.149122938866576], [0.24522416006445671, 41.149125787753505], [0.24522039115477925, 41.14921576348167], [0.24533942621459148, 41.14921861225473], [0.24545846129147933, 41.14922146090493], [0.245577496385444, 41.1492243094323], [0.24569653149648424, 41.14922715783681], [0.2458155666245985, 41.14923000611849], [0.24593460176978757, 41.14923285427733], [0.24605363693204985, 41.14923570231331], [0.24617267211138374, 41.14923855022645], [0.24617643972222805, 41.14914857442653], [0.24629547475628058, 41.14915142220786], [0.24629924218769947, 41.14906144639729], [0.2463030096020475, 41.14897147058503], [0.2463067769993247, 41.14888149477108], [0.24631054437953148, 41.14879151895542], [0.24631431174266782, 41.14870154313807], [0.24631807908873332, 41.14861156731904], [0.2463218464177284, 41.148521591498294], [0.24620281252013734, 41.14851874377973], [0.24608377863961714, 41.14851589593832], [0.24608754627623902, 41.148425920133825], [0.2460913138957893, 41.14833594432764], [0.2459722803570372, 41.14833309638132], [0.2458532468353567, 41.14833024831216], [0.245734213330751, 41.148327400120166], [0.24561517984321893, 41.148324551805324], [0.24549614637276088, 41.14832170336764], [0.2453771129193776, 41.14831885480712], [0.24525807948307077, 41.148316006123764], [0.2451390460638411, 41.14831315731756], [0.24502001266168824, 41.148310308388524], [0.24490097927661533, 41.148307459336635], [0.24478194590861924, 41.148304610161915], [0.24466291255770353, 41.148301760864356], [0.24454387922386858, 41.14829891144395], [0.2444248459071148, 41.14829606190071], [0.24442861578244326, 41.14820608621839], [0.24443238564068898, 41.148116110534374], [0.24431335266570806, 41.148113260886234], [0.2441943197078099, 41.14811041111526], [0.2440752867669945, 41.14810756122144], [0.24395625384326344, 41.14810471120479], [0.24395248333563754, 41.148194686852904], [0.24394871281092725, 41.148284662499336], [0.24394494226913224, 41.14837463814406], [0.2439411717102521, 41.14846461378709], [0.2439374011342876, 41.14855458942844], [0.24393363054123676, 41.14864456506809], [0.2438145966605122, 41.14864171487475], [0.24369556279687157, 41.14863886455857], [0.24369933371461847, 41.14854888893687], [0.24370310461527825, 41.148458913313476], [0.24358407109342045, 41.14845606289241], [0.24358784213934054, 41.148366087276294], [0.2435916131681735, 41.14827611165849], [0.2434725799880961, 41.14827326113252], [0.24335354682510582, 41.148270410483725], [0.2432345136792043, 41.14826755971208], [0.24311548055039306, 41.1482647088176], [0.24299644743867016, 41.14826185780028], [0.24299267559810916, 41.14835183337321], [0.24298890374045745, 41.14844180894444], [0.24298513186571344, 41.14853178451399], [0.24298135997387912, 41.14862176008184], [0.24286232622986234, 41.14861890890577], [0.24274329250293708, 41.14861605760686], [0.24273952026931478, 41.148706033155065], [0.2427357480185998, 41.14879600870157], [0.2427319757507933, 41.14888598424638], [0.2427282034658937, 41.14897595978949]]]}, "properties": {"area_ha": 2.87, "dnbr_threshold": 0.35, "part": 70, "fire_id": "2024430993", "burn_year": 2024, "source": "sentinel", "aoi_source": "official", "buffer_m": 500.0, "fire_date": "2024-05-11"}}, {"type": "Feature", "geometry": {"type": "Polygon", "coordinates": [[[0.24555488549116306, 41.14976416392715], [0.24555111694901655, 41.14985413967037], [0.24554734838979564, 41.149944115411884], [0.24566638479969372, 41.14994696388815], [0.2457854212266674, 41.14994981224156], [0.24590445767071667, 41.149952660472124], [0.24602349413183916, 41.14995550857986], [0.2461425306100357, 41.14995835656473], [0.2462615671053038, 41.14996120442675], [0.24638060361764397, 41.149964052165934], [0.24649964014705497, 41.14996689978226], [0.24649587286964453, 41.150056875593826], [0.24649210557516363, 41.1501468514037], [0.24648833826361233, 41.15023682721186], [0.24648457093499057, 41.15032680301834], [0.24648080358929797, 41.150416778823114], [0.24647703622653455, 41.15050675462621], [0.24647326884670032, 41.15059673042761], [0.2465923065297263, 41.150599577983854], [0.24671134422982274, 41.15060242541724], [0.24683038194698884, 41.15060527272778], [0.24694941968122336, 41.15060811991547], [0.2469531864115947, 41.1505181440782], [0.24707222400053155, 41.15052099113407], [0.24719126160653604, 41.150523838067095], [0.24731029922960662, 41.150526684877256], [0.24742933686974125, 41.15052953156459], [0.24754837452694273, 41.15053237812906], [0.24766741220120791, 41.150535224570675], [0.24778644989253634, 41.15053807088944], [0.24790548760092807, 41.150540917085365], [0.2479017221694885, 41.15063089299432], [0.24789795672098686, 41.15072086890158], [0.2480169947711741, 41.150723714992566], [0.24813603283842423, 41.15072656096069], [0.24825507092273447, 41.15072940680598], [0.24837410902410398, 41.15073225252843], [0.2484931471425332, 41.15073509812801], [0.2484969117791963, 41.15064512217594], [0.24861594975231632, 41.150647967643714], [0.24873498774249367, 41.15065081298864], [0.2488540257497283, 41.1506536582107], [0.2489730637740191, 41.15065650330992], [0.24897682774415442, 41.150566527320315], [0.2490958656231332, 41.15056937228773], [0.2492149035191673, 41.15057221713228], [0.24933394143225515, 41.150575061853985], [0.2493301779492226, 41.15066503787045], [0.2494492160417307, 41.15066788247825], [0.24956825415129216, 41.15067072696321], [0.24968729227790495, 41.15067357132532], [0.24968352926492537, 41.15076354736695], [0.2498025675709588, 41.15076639161516], [0.24992160589404203, 41.15076923574052], [0.250040644234175, 41.150772079743014], [0.25015968259135696, 41.15077492362266], [0.25027872096558784, 41.150777767379466], [0.25039775935686615, 41.1507806110134], [0.2505167977651906, 41.15078345452449], [0.25063583619056123, 41.15078629791274], [0.2507548746329781, 41.15078914117812], [0.2507511130642772, 41.150879117298636], [0.25074735147853183, 41.15096909341746], [0.25086639026273344, 41.1509719365779], [0.2508626288223151, 41.15106191270397], [0.2508588673648526, 41.15115188882837], [0.2509779064908434, 41.15115473188386], [0.25097414517870953, 41.151244708015504], [0.2510931844841174, 41.15124755095709], [0.25121222380656866, 41.15125039377581], [0.25120846280214, 41.151340369923666], [0.25132750230400713, 41.15134321262848], [0.2514465418229157, 41.15134605521046], [0.2514427811261965, 41.151436031374516], [0.25143902041243515, 41.15152600753688], [0.25155806027313565, 41.1515288500139], [0.25167710015087674, 41.151531692368046], [0.2517961400456577, 41.151534534599335], [0.2517999002722901, 41.15144455841013], [0.2519189400217332, 41.15144740050962], [0.2519227000689509, 41.151357424309765], [0.2519264600991324, 41.15126744810821], [0.25193022011227484, 41.15117747190497], [0.25204925939163036, 41.15118031385477], [0.2521682986880233, 41.15118315568171], [0.25217205835938217, 41.15109317945888], [0.25217581801370437, 41.15100320323435], [0.2521795776509911, 41.15091322700814], [0.2522986164773005, 41.150916068685376], [0.2523023759351797, 41.150826092448526], [0.25242141461615325, 41.150828933993964], [0.2524251738946269, 41.150738957746476], [0.2524289331560655, 41.150648981497284], [0.2525479715293343, 41.15065182290198], [0.25266700991963414, 41.150654664183826], [0.2526707688393003, 41.15056468791506], [0.2527898070842643, 41.1505675290651], [0.2527935658245281, 41.150477552785695], [0.25279732454776077, 41.150387576504585], [0.2528010832539616, 41.15029760022179], [0.2528048419431306, 41.1502076239373], [0.25280860061526844, 41.15011764765112], [0.2526895631821422, 41.1501148065458], [0.2525705257660478, 41.15011196531763], [0.25245148836698533, 41.15010912396661], [0.2523324509849575, 41.15010628249273], [0.2522134136199639, 41.150103440896004], [0.25209437627200537, 41.15010059917644], [0.2519753389410819, 41.15009775733402], [0.2518563016271966, 41.15009491536874], [0.251737264330348, 41.15009207328062], [0.25161822705053677, 41.150089231069636], [0.25149918978776503, 41.15008638873582], [0.2513801525420323, 41.15008354627914], [0.2512611153133394, 41.15008070369962], [0.25114207810168826, 41.15007786099725], [0.25102304090707855, 41.150075018172025], [0.2509040037295107, 41.150072175223954], [0.2507849665689878, 41.15006933215303], [0.25066592942550714, 41.150066488959254], [0.2505468922990714, 41.15006364564263], [0.25042785518968114, 41.15006080220316], [0.25030881809733657, 41.15005795864084], [0.25018978102203904, 41.15005511495567], [0.2500707439637897, 41.15005227114765], [0.2500745063532724, 41.14996229506561], [0.24995546947443534, 41.1499594511437], [0.24995923200923284, 41.14986947506892], [0.24984019530980608, 41.149866631033106], [0.2497211586274283, 41.14986378687445], [0.24960212196210188, 41.149860942592944], [0.2494830853138256, 41.14985809818859], [0.24936404868260148, 41.14985525366138], [0.2492450120684295, 41.14985240901133], [0.24912597547131085, 41.14984956423842], [0.24900693889124637, 41.149846719342676], [0.24888790232823638, 41.149843874324084], [0.24876886578228213, 41.149841029182625], [0.2487726299236434, 41.14975105319571], [0.24865359355710623, 41.14974820794038], [0.24865735784377155, 41.14965823196072], [0.24853832165665066, 41.14965538659149], [0.24841928548658787, 41.14965254109942], [0.2483002493335836, 41.149649695484506], [0.24818121319763703, 41.149646849746745], [0.24818497811668208, 41.14955687380123], [0.2480659421601538, 41.14955402794958], [0.24794690622068719, 41.14955118197508], [0.2479506714473877, 41.1494612060458], [0.24783163568733937, 41.14945835995741], [0.24771259994435313, 41.14945551374618], [0.24771636547870748, 41.14936553783313], [0.2475973299151403, 41.14936269150801], [0.2474782943686368, 41.14935984506005], [0.24748206021064106, 41.149269869163234], [0.24736302484355702, 41.14926702260139], [0.24724398949353665, 41.1492641759167], [0.2472477556431892, 41.1491742000361], [0.24725152177577492, 41.14908422415381], [0.24713248676752977, 41.149081377364205], [0.24701345177635073, 41.149078530451746], [0.24689441680223814, 41.14907568341645], [0.24689065018258904, 41.149165659271844], [0.24688688354587193, 41.14925563512555], [0.24676784826411818, 41.149252787949486], [0.2467716150631895, 41.14916281210474], [0.24665257996085843, 41.149159964814785], [0.24653354487559617, 41.14915711740199], [0.24641450980740318, 41.14915426986635], [0.24641074252126727, 41.149244245684194], [0.24640697521806093, 41.14933422150034], [0.24640320789778494, 41.14942419731479], [0.2462841723595966, 41.14942134962941], [0.2462804048598932, 41.1495113254332], [0.24627663734311858, 41.1496013012353], [0.24615760149728633, 41.14959845340913], [0.24603856566852766, 41.149595605460135], [0.24591952985684185, 41.14959275738827], [0.24580049406222843, 41.14958990919359], [0.24568145828468943, 41.14958706087603], [0.24556242252422644, 41.14958421243564], [0.24555865401623272, 41.149674188182246], [0.24555488549116306, 41.14976416392715]], [[0.25158062332584663, 41.1509889929606], [0.25146158443939176, 41.15098615053728], [0.25134254556997554, 41.15098330799112], [0.25122350671760146, 41.15098046532209], [0.25122726765386255, 41.15089048916746], [0.2512310285730814, 41.15080051301114], [0.25123478947525846, 41.15071053685313], [0.2513538278405198, 41.15071337949531], [0.2513575885632865, 41.15062340332664], [0.25147662678322036, 41.15062624583701], [0.25159566502019365, 41.15062908822453], [0.2517147032742063, 41.1506319304892], [0.25183374154525806, 41.150634772630994], [0.25182998147196894, 41.15072474883547], [0.2519490199224274, 41.150727590863376], [0.25194525999447176, 41.15081756707508], [0.2518262213816424, 41.15081472503822], [0.25182246127427843, 41.150904701239284], [0.2518187011498758, 41.15099467743866], [0.2516996622293421, 41.15099183526105], [0.25158062332584663, 41.1509889929606]]]}, "properties": {"area_ha": 6.19, "dnbr_threshold": 0.35, "part": 72, "fire_id": "2024430993", "burn_year": 2024, "source": "sentinel", "aoi_source": "official", "buffer_m": 500.0, "fire_date": "2024-05-11"}}, {"type": "Feature", "geometry": {"type": "Polygon", "coordinates": [[[0.25806877333426353, 41.14970267455061], [0.25794973612665134, 41.149699838904326], [0.2579459845383291, 41.14978981558493], [0.25794223293300844, 41.14987979226384], [0.2579384813106877, 41.14996976894107], [0.25793472967136766, 41.1500597456166], [0.25781569183128944, 41.15005690981176], [0.2576966540082117, 41.150054073884064], [0.25769290202715617, 41.150144050540035], [0.2576891500290982, 41.15023402719432], [0.257685398014039, 41.150324003846926], [0.2576816459819789, 41.150413980497824], [0.2576778939329168, 41.150503957147045], [0.2576741418668526, 41.150593933794575], [0.2576703897837879, 41.150683910440385], [0.2575513508411196, 41.15068107432734], [0.2575475985786796, 41.15077105096255], [0.25754384629923677, 41.15086102759607], [0.25742480704882387, 41.1508581913423], [0.2574210545900037, 41.1509481679652], [0.2573020151942196, 41.15094533157964], [0.2571829758154395, 41.150942495071234], [0.25706393645366504, 41.15093965843998], [0.25694489710889623, 41.15093682168586], [0.25694865021721347, 41.15084684509869], [0.25682961105182434, 41.150844008230656], [0.2567105719034425, 41.150841171239755], [0.25671432531950145, 41.15075119466874], [0.2565952863505012, 41.15074835756392], [0.25647624739850905, 41.15074552033625], [0.2563572084635269, 41.15074268298574], [0.2562381695455539, 41.15073984551235], [0.25611913064459174, 41.150737007916106], [0.25600009176064115, 41.15073417019702], [0.25588105289370217, 41.15073133235507], [0.2557620140437768, 41.15072849439027], [0.255642975210865, 41.15072565630262], [0.25552393639496673, 41.15072281809211], [0.2555201813551801, 41.15081279457379], [0.25551642629837873, 41.150902771053744], [0.2555126712245626, 41.15099274753201], [0.2556317105275799, 41.15099558576933], [0.2556279555991222, 41.15108556225485], [0.255746995081528, 41.15108840037825], [0.25586603458094925, 41.15109123837878], [0.25598507409738336, 41.15109407625647], [0.2561041136308294, 41.1510969140113], [0.2562231531812875, 41.15109975164327], [0.2563421927487568, 41.151102589152394], [0.25646123233323564, 41.15110542653864], [0.25658027193472493, 41.151108263802044], [0.25669931155322223, 41.15111110094261], [0.25681835118872715, 41.1511139379603], [0.25681459786701494, 41.151203914533454], [0.25693363768190397, 41.15120675143723], [0.256929884505561, 41.15129672801763], [0.25692613131221004, 41.15138670459635], [0.2570451714688616, 41.15138954139512], [0.2570414184208818, 41.15147951798107], [0.2571604587569178, 41.15148235466592], [0.25727949910996023, 41.151485191227906], [0.2573985394800063, 41.15148802766703], [0.2575175798670576, 41.15149086398331], [0.25763662027111095, 41.15149370017673], [0.2576328680180242, 41.151583676805636], [0.25775190860146, 41.151586512885125], [0.2577481564937508, 41.15167648952127], [0.25786719725657, 41.15167932548684], [0.25798623803639076, 41.151682161329525], [0.2581052788332124, 41.151684997049365], [0.2582243196470325, 41.151687832646346], [0.2583433604778519, 41.15169066812047], [0.2584624013256697, 41.15169350347173], [0.2585814421904857, 41.15169633870014], [0.2587004830722981, 41.151699173805675], [0.2588195239711062, 41.15170200878837], [0.2588232746173863, 41.15161203207188], [0.2589423153708081, 41.15161486692277], [0.2589385648869104, 41.15170484364819], [0.2590576058197087, 41.15170767838516], [0.2591766467695023, 41.151710512999266], [0.259295687736288, 41.151713347490514], [0.25941472872006666, 41.1517161818589], [0.25953376972083697, 41.15171901610443], [0.2595375193928253, 41.151629039334395], [0.25965656024820455, 41.15163187344813], [0.2597756011205743, 41.151634707439015], [0.25977935045081, 41.15154473064944], [0.2598983911777867, 41.15154756450855], [0.2600174319217531, 41.15155039824479], [0.2601364726827068, 41.15155323185818], [0.26025551346064785, 41.15155606534871], [0.2603745542555755, 41.15155889871638], [0.2604935950674884, 41.15156173196119], [0.26049734340644864, 41.15147175511638], [0.2605010917284235, 41.151381778269915], [0.2605048400334142, 41.15129180142171], [0.26050858832141993, 41.15120182457185], [0.2603895481590275, 41.15119899136272], [0.26027050801362006, 41.151196158030736], [0.2601514678851987, 41.1511933245759], [0.26003242777376356, 41.1511904909982], [0.25991338767931654, 41.15118765729764], [0.25979434760185766, 41.151184823474225], [0.2597980968471471, 41.15109484667619], [0.2598018460754481, 41.15100486987646], [0.25980559528675967, 41.15091489307505], [0.25980934448108317, 41.15082491627193], [0.2598130936584169, 41.150734939467135], [0.2598168428187625, 41.15064496266064], [0.2598205919621192, 41.15055498585246], [0.2598243410884885, 41.15046500904259], [0.2599433798669449, 41.150467842794626], [0.2599471288139536, 41.150377865974136], [0.2600661674470256, 41.1503806995944], [0.2601852060970841, 41.150383533091805], [0.26030424476413, 41.150386366466364], [0.26030049630423757, 41.15047634331362], [0.2604195351506401, 41.15047917657423], [0.2605385740140276, 41.15048200971201], [0.26065761289439887, 41.15048484272692], [0.2607766517917531, 41.150487675618976], [0.2608956907060899, 41.150490508388174], [0.26089943835411955, 41.150400531496324], [0.2610184771230652, 41.15040336413375], [0.2610222245917418, 41.15031338723129], [0.26114126321529557, 41.15031621973695], [0.26126030185583116, 41.150319052119755], [0.2612640489827833, 41.150229075197764], [0.2613830874779266, 41.1502319074488], [0.2615021259900469, 41.15023473957698], [0.2615058727752787, 41.15014476263547], [0.2616249111420075, 41.15014759463188], [0.2616286577478914, 41.15005761767976], [0.2617476959692255, 41.15006044954439], [0.26175144239576226, 41.149970472581664], [0.2617551888053229, 41.149880495617246], [0.2617589351979088, 41.149790518651145], [0.26176268157351823, 41.149700541683345], [0.2618817191623541, 41.14970337338947], [0.26200075676816537, 41.149706204972745], [0.26211979439095084, 41.149709036433165], [0.26211604850244385, 41.1497990134277], [0.2622350863045709, 41.14980184477418], [0.26223134056145936, 41.14989182177595], [0.2622275948013748, 41.14998179877602], [0.26234663294521227, 41.14998463001748], [0.2624656711060228, 41.14998746113609], [0.26258470928380395, 41.14999029213184], [0.26270374747855657, 41.14999312300473], [0.26282278569027984, 41.14999595375478], [0.26294182391897214, 41.14999878438197], [0.2630608621646331, 41.15000161488631], [0.26317990042726147, 41.1500044452678], [0.2632989387068578, 41.15000727552642], [0.2634179770034215, 41.1500101056622], [0.2634217211398091, 41.149920128573015], [0.26342546525923116, 41.149830151482114], [0.2635445032480198, 41.14983298147721], [0.26366354125377467, 41.14983581134946], [0.2637825792764923, 41.14983864109887], [0.2639016173161738, 41.149841470725406], [0.26390536076915433, 41.14975149359719], [0.2639091042051726, 41.14966151646728], [0.2639128476242298, 41.14957153933568], [0.26379381007165303, 41.14956870973586], [0.26379755363611324, 41.149478732611485], [0.2639165910263231, 41.14948156220239], [0.26392033441145485, 41.14939158506741], [0.26392407777962396, 41.14930160793074], [0.2640431148620642, 41.149304437380984], [0.2641621519614664, 41.14930726670838], [0.2641658949879441, 41.1492172895522], [0.2642849319419417, 41.14922011874782], [0.2644039689128992, 41.1492229478206], [0.26440771159768833, 41.149132970644914], [0.26441145426551793, 41.149042993467546], [0.26453049092870706, 41.14904582239967], [0.2646495276088537, 41.14904865120893], [0.2646532699349995, 41.14895867401205], [0.2646570122441874, 41.14886869681348], [0.2646607545364178, 41.14877871961323], [0.26466449681169146, 41.148688742411274], [0.264783532859349, 41.148691571062066], [0.26490256892396247, 41.148694399590006], [0.2649063108575579, 41.148604422368564], [0.26491005277419855, 41.14851444514542], [0.2649137946738841, 41.14842446792059], [0.2650328302683746, 41.14842729629897], [0.26503657198874564, 41.14833731906355], [0.26504031369216274, 41.14824734182644], [0.26515934897889243, 41.14825017006415], [0.2651630905029986, 41.148160192816434], [0.2651668320101508, 41.148070215567046], [0.2652858669891221, 41.14807304366411], [0.26528960831696535, 41.147983066404116], [0.2652933496278559, 41.14789308914242], [0.26541238429906916, 41.14789591709885], [0.26553141898723515, 41.14789874493241], [0.26553515995646493, 41.14780876765123], [0.2655389009087447, 41.14771879036835], [0.26565793528915393, 41.14772161806127], [0.2657769696865139, 41.14772444563134], [0.26589600410082337, 41.14772727307857], [0.26589974454909343, 41.1476372957673], [0.26590348498041466, 41.14754731845434], [0.26602251908696734, 41.14755014576092], [0.2661415532104684, 41.14755297294466], [0.26614529330013803, 41.1474629956122], [0.2661490333728601, 41.14737301827806], [0.26615277342863575, 41.14728304094221], [0.266156513467465, 41.147193063604696], [0.2661602534893459, 41.14710308626549], [0.26616399349428155, 41.14701310892457], [0.2661677334822701, 41.146923131581985], [0.26617147345331216, 41.14683315423768], [0.26617521340740746, 41.14674317689171], [0.2662942460867184, 41.146746003872494], [0.26629798586152154, 41.146656026515934], [0.2663017256193806, 41.14656604915768], [0.26630546536029365, 41.14647607179773], [0.2663092050842611, 41.146386094436096], [0.26631294479128376, 41.146296117072765], [0.2663166844813608, 41.14620613970775], [0.26619765277610863, 41.146203312780365], [0.2660786210878032, 41.14620048573015], [0.2659595894164442, 41.14619765855709], [0.2659558492393431, 41.1462876358954], [0.2658368174225894, 41.14628480859061], [0.2657177856227845, 41.14628198116297], [0.2657140451040529, 41.14637195848179], [0.26571030456837247, 41.146461935798925], [0.2657065640157429, 41.146551913114365], [0.26570282344616414, 41.146641890428114], [0.2655837910139369, 41.146639062842034], [0.2654647585986601, 41.14663623513311], [0.2654610176874436, 41.14672621242735], [0.265457276759276, 41.14681618971992], [0.2653382440362606, 41.14681336187035], [0.2653345029287956, 41.146903339152324], [0.26521547006038554, 41.146900511171005], [0.2652117287736231, 41.14699048844237], [0.26509269575981953, 41.146987660329316], [0.26497366276296913, 41.146984832093416], [0.26496992113455947, 41.1470748093453], [0.26496617948919665, 41.14716478659547], [0.2648471461846057, 41.14716195821892], [0.2647281128969691, 41.147159129719526], [0.2647243709099559, 41.147249106950206], [0.26472062890598475, 41.1473390841792], [0.26460159531060723, 41.147336255539166], [0.2644825617321868, 41.147333426776264], [0.2643635281707228, 41.14733059789054], [0.2642444946262174, 41.147327768881965], [0.2641254610986692, 41.14732493975055], [0.2640064275880817, 41.1473221104963], [0.26388739409445483, 41.14731928111919], [0.26376836061778874, 41.14731645161924], [0.26364932715808337, 41.14731362199646], [0.26353029371534104, 41.14731079225083], [0.263411260289561, 41.147307962382364], [0.2632922268807461, 41.14730513239105], [0.2632959708328984, 41.14721515526895], [0.2632997147680849, 41.14712517814516], [0.2631806817009295, 41.147122348048825], [0.2630616486507384, 41.14711951782965], [0.26294261561751436, 41.14711668748764], [0.2628235826012566, 41.147113857022774], [0.26270454960196593, 41.14711102643509], [0.26258551661964313, 41.14710819572455], [0.2624664836542893, 41.14710536489117], [0.262462738582674, 41.14719534195258], [0.2623437054719434, 41.147192510987445], [0.2623399602210108, 41.14728248803825], [0.26222092696490346, 41.14727965694136], [0.26210189372576753, 41.147276825721626], [0.26198286050360303, 41.14727399437906], [0.26186382729841157, 41.147271162913654], [0.26186008138111777, 41.1473611399271], [0.2618563354468501, 41.14745111693886], [0.26185258949560863, 41.14754109394893], [0.2618488435273949, 41.1476310709573], [0.26172980968978116, 41.14762823933339], [0.26172606354224265, 41.147718216331164], [0.2616070295592529, 41.1477153845755], [0.2616032832323879, 41.147805361562675], [0.2615995368885483, 41.14789533854814], [0.2615957905277325, 41.147985315531926], [0.26147675607466353, 41.14798248362667], [0.2614730095345189, 41.148072460599835], [0.26135397493607276, 41.14806962856281], [0.2613502282165973, 41.148159605525386], [0.2612311934727752, 41.1481567733566], [0.26122744657396774, 41.14824675030857], [0.2612236996581841, 41.14833672725883], [0.2611046646066294, 41.14833389494937], [0.260985629572054, 41.148331062517045], [0.26098188231457903, 41.1484210394478], [0.260978135040125, 41.14851101637685], [0.2608590996978171, 41.14850818380385], [0.26085535224402556, 41.14859816072229], [0.26073631675634085, 41.148595328017535], [0.2606172812856379, 41.14859249518993], [0.2606135334901502, 41.14868247208885], [0.26060978567767995, 41.14877244898607], [0.2606060378482283, 41.14886242588162], [0.2604870019074314, 41.148859592904394], [0.26036796598361794, 41.14885675980434], [0.2603642178124634, 41.14894673668034], [0.26036046962432585, 41.14903671355464], [0.26024143339277583, 41.1490338803139], [0.26012239717821073, 41.149031046950306], [0.2600033609806306, 41.14902821346386], [0.2598843248000366, 41.14902537985457], [0.2598805759454711, 41.14911535669151], [0.25976153961950227, 41.149112522950446], [0.2597577905855869, 41.14920249977677], [0.2596387541142457, 41.14919966590394], [0.2595197176598934, 41.14919683190826], [0.25940068122252924, 41.14919399778973], [0.25928164480215643, 41.149191163548345], [0.2591626083987729, 41.14918832918413], [0.25904357201238115, 41.14918549469705], [0.2589245356429826, 41.14918266008712], [0.25880549929057667, 41.14917982535435], [0.2586864629551644, 41.14917699049873], [0.25856742663674664, 41.14917415552026], [0.2584483903353238, 41.149171320418944], [0.2583293540508966, 41.14916848519477], [0.2582103177834667, 41.14916564984775], [0.25820656662186164, 41.14925562655637], [0.25808753020906766, 41.14925279107757], [0.2580837788681035, 41.14934276777556], [0.2579647423099451, 41.149339932165], [0.25796099078962, 41.14942990885237], [0.25795723925229597, 41.149519885538055], [0.2579534876979731, 41.14960986222203], [0.25807252474322157, 41.14961269785938], [0.25806877333426353, 41.14970267455061]]]}, "properties": {"area_ha": 17.61, "dnbr_threshold": 0.35, "part": 76, "fire_id": "2024430993", "burn_year": 2024, "source": "sentinel", "aoi_source": "official", "buffer_m": 500.0, "fire_date": "2024-05-11"}}, {"type": "Feature", "geometry": {"type": "Polygon", "coordinates": [[[1.1318707482617878, 41.530273118735806], [1.1318681574123448, 41.530363144826666], [1.1319879634788994, 41.53036509161552], [1.1319853727835962, 41.53045511771095], [1.1319827820765131, 41.530545143804844], [1.131980191357651, 41.53063516989718], [1.1319776006270093, 41.53072519598797], [1.1319750098845875, 41.53081522207722], [1.1319724191303864, 41.53090524816493], [1.1318526120682986, 41.530903301339336], [1.1318500211363929, 41.53099332741938], [1.1318474301927057, 41.53108335349786], [1.1318448392372389, 41.531173379574795], [1.1319646467971032, 41.53117532641875], [1.1319620559957824, 41.53126535250026], [1.1319594651826814, 41.53135537858023], [1.1319568743578, 41.53144540465866], [1.132076682427227, 41.53144735139623], [1.1321964905084339, 41.53144929800908], [1.1323162986014197, 41.53145124449718], [1.1324361067061828, 41.53145319086053], [1.1324386968673494, 41.53136316475762], [1.132441287016739, 41.53127313865316], [1.132561094801422, 41.53127508487954], [1.132680902597882, 41.53127703098117], [1.1326834924036397, 41.531187004862936], [1.1326860821976217, 41.53109697874315], [1.1326886719798288, 41.531006952621816], [1.1326912617502602, 41.53091692649894], [1.1326938515089164, 41.53082690037451], [1.1326964412557976, 41.53073687424853], [1.1326990309909033, 41.530646848121016], [1.1327016207142335, 41.53055682199196], [1.1325818142451718, 41.53055487593927], [1.1325844041226492, 41.53046484981478], [1.1325869939883502, 41.530374823688746], [1.1327068001255705, 41.53037676972918], [1.1328266062745656, 41.53037871564488], [1.1328291957966514, 41.530288689505056], [1.1329490017915012, 41.530290635289894], [1.1330688077981232, 41.530292580950004], [1.1331886138165188, 41.53029452648537], [1.1331860247921932, 41.53038455264355], [1.1333058309882802, 41.530386498060295], [1.1334256371961384, 41.530388443352315], [1.133423048491883, 41.53047846952117], [1.1334204597758564, 41.53056849568851], [1.1334178710480591, 41.53065852185429], [1.1335376777654533, 41.530660467039915], [1.1336574844946168, 41.5306624121008], [1.1337772912355497, 41.530664357036954], [1.1338970979882514, 41.53066630184836], [1.1338996860523576, 41.530576275658134], [1.1339022741046967, 41.530486249466335], [1.1339048621452683, 41.530396223273], [1.1339074501740725, 41.530306197078126], [1.1339100381911094, 41.53021617088169], [1.1339126261963788, 41.53012614468372], [1.1337928204392023, 41.530124199909], [1.1336730146937941, 41.530122255009545], [1.1335532089601543, 41.53012030998536], [1.1334334032382838, 41.530118364836426], [1.1333135975281838, 41.530116419562766], [1.1333161863512768, 41.530026393393825], [1.1331963808188652, 41.53002444800155], [1.1330765752982264, 41.53002250248453], [1.132956769789359, 41.53002055684278], [1.1329593590984322, 41.52993053069065], [1.1329619483957323, 41.52984050453697], [1.1329645376812587, 41.52975047838176], [1.1329671269550128, 41.52966045222498], [1.1330869318002164, 41.52966239784226], [1.1330895208962835, 41.529572371677816], [1.133209325587345, 41.52957431716425], [1.1332119145057264, 41.52948429099215], [1.1332145034123364, 41.52939426481851], [1.1332170923071758, 41.52930423864332], [1.133219681190244, 41.529214212466584], [1.1332222700615406, 41.52912418628829], [1.1333420739348143, 41.5291261316194], [1.1334618778198589, 41.529128076825764], [1.133581681716672, 41.5291300219074], [1.1335842700784688, 41.52903999570922], [1.1335868584284967, 41.5289499695095], [1.1335894467667567, 41.52885994330823], [1.1334696433676699, 41.52885799824493], [1.1333498399803525, 41.52885605305692], [1.1332300366048051, 41.528854107744166], [1.1332274477688218, 41.52894413392708], [1.133107644239137, 41.5289421884835], [1.132987840721224, 41.528940242915155], [1.1328680372150834, 41.5289382972221], [1.1328654478696027, 41.52902832338512], [1.132862858512348, 41.5291183495466], [1.1327430546861628, 41.529116403716564], [1.1327404651512247, 41.52920642987038], [1.132620661170904, 41.52920448390951], [1.132500857202358, 41.52920253782389], [1.1324982673238246, 41.52929256396392], [1.1323784632011435, 41.529290617747456], [1.1322586590902384, 41.52928867140626], [1.132256068868107, 41.52937869753251], [1.1322534786341978, 41.52946872365718], [1.1322508883885116, 41.52955874978032], [1.1321310837916478, 41.52955680329604], [1.1321284933682711, 41.52964682941151], [1.1321259029331154, 41.52973685552544], [1.1321233124861816, 41.52982688163784], [1.1320035074033532, 41.52982493501044], [1.1318837023323038, 41.52982298825832], [1.1317638972730344, 41.52982104138146], [1.1316440922255449, 41.529819094379874], [1.1316415011031709, 41.529909120466215], [1.1316389099690143, 41.52999914655102], [1.1316363188230767, 41.53008917263428], [1.1317561243683154, 41.53009111965424], [1.1317535333765145, 41.53018114574205], [1.1317509423729326, 41.530271171828346], [1.1318707482617878, 41.530273118735806]]]}, "properties": {"area_ha": 2.38, "dnbr_threshold": 0.35, "part": 1, "fire_id": "2024250994", "burn_year": 2024, "source": "sentinel", "aoi_source": "official", "buffer_m": 500.0, "fire_date": "2024-07-31"}}, {"type": "Feature", "geometry": {"type": "Polygon", "coordinates": [[[1.1311317514028223, 41.53512478799074], [1.1310119366121698, 41.53512284012883], [1.1310093441307485, 41.535212866099435], [1.1308895291859242, 41.53521091810664], [1.130886936526755, 41.53530094406957], [1.130767121427759, 41.5352989959459], [1.1306473063405524, 41.53529704769748], [1.130644713337672, 41.5353870736466], [1.130524898096295, 41.535385125267304], [1.1305223049156623, 41.53547515120875], [1.1304024895201146, 41.535473202698554], [1.130282674136359, 41.5354712540636], [1.1302800806120104, 41.535561279991235], [1.130160265074085, 41.5355593312254], [1.1301576713719799, 41.53564935714539], [1.1301550776580813, 41.5357393830638], [1.130152483932389, 41.535829408980675], [1.1301498901949034, 41.535919434896], [1.1302697063966853, 41.53592138368635], [1.1303895226102603, 41.53592333235193], [1.130509338835628, 41.53592528089276], [1.1306291550727874, 41.535927229308825], [1.1306317481464114, 41.535837203368985], [1.1307515642293955, 41.535839151654166], [1.130754157125264, 41.535749125706666], [1.1308739730540733, 41.53575107386095], [1.1309937889946717, 41.53575302189048], [1.1309963815468218, 41.53566299592918], [1.1311161973332446, 41.535664943827825], [1.1311187897076431, 41.53557491785883], [1.1312386053398897, 41.5355768656266], [1.1313584209839227, 41.5355788132696], [1.1314782366397422, 41.535580760787845], [1.1315980523073466, 41.53558270818134], [1.131595460596803, 41.53567273417482], [1.1315928688744752, 41.535762760166755], [1.1315902771403625, 41.53585278615713], [1.131587685394465, 41.53594281214597], [1.1315850936367828, 41.536032838133266], [1.131704910145999, 41.536034785432605], [1.131702318542499, 41.53612481142448], [1.131699726927216, 41.53621483741481], [1.1316971353001484, 41.53630486340358], [1.1316945436612968, 41.53639488939081], [1.131574726488206, 41.53639294206697], [1.1315721346715992, 41.53648296804652], [1.1315695428432069, 41.536572994024546], [1.1314497253499591, 41.536571046563694], [1.1314471333438096, 41.53666107253403], [1.1314445413258747, 41.53675109850283], [1.1314419492961534, 41.536841124470065], [1.1314393572546455, 41.53693115043577], [1.1314367652013524, 41.537021176399925], [1.1314341731362723, 41.53711120236254], [1.1315539916253643, 41.53711314986013], [1.1315513997144748, 41.5372031758273], [1.1315488077917994, 41.53729320179295], [1.1315462158573388, 41.53738322775704], [1.1315436239110919, 41.537473253719575], [1.1315410319530594, 41.53756327968058], [1.1315384399832409, 41.53765330564003], [1.1316582594799895, 41.53765525304961], [1.1317780789885235, 41.53765720033441], [1.1318978985088415, 41.537659147494445], [1.1320177180409432, 41.53766109452972], [1.1320203093468395, 41.537571068545766], [1.1321401287247435, 41.537573015450135], [1.1322599481144295, 41.537574962229755], [1.1322625390765826, 41.537484936232026], [1.13238235831207, 41.53748688288074], [1.132502177559338, 41.53748882940469], [1.1325047681777514, 41.53739880339317], [1.1326245872708196, 41.53740074978623], [1.1326271777114747, 41.53731072376704], [1.132629768140351, 41.5372206977463], [1.132749586913242, 41.53722264400235], [1.1327521771643618, 41.53713261797395], [1.132754767403704, 41.537042591943994], [1.1327573576312677, 41.5369525659125], [1.132759947847054, 41.53686253987946], [1.1327625380510622, 41.536772513844866], [1.13264272010805, 41.53677056761941], [1.1326453104662544, 41.53668054158939], [1.1325254927009945, 41.53667859524529], [1.1324056749475135, 41.536676648776435], [1.1322858572058128, 41.536674702182815], [1.1322884480501563, 41.53658467616962], [1.1321686304862089, 41.53658272945734], [1.1321712214847426, 41.53649270344871], [1.1321738124714962, 41.53640267743854], [1.1321764034464676, 41.53631265142682], [1.132178994409658, 41.53622262541355], [1.1321815853610677, 41.53613259939874], [1.1321841763006961, 41.536042573382375], [1.1323039928688245, 41.53604452005792], [1.132306583630704, 41.53595449403389], [1.132426400044646, 41.53595644057855], [1.132428990628779, 41.53586641454685], [1.1324315812011325, 41.53577638851361], [1.1324341717617075, 41.53568636247883], [1.1324367623105023, 41.535596336442474], [1.132439352847518, 41.5355063104046], [1.1325591684434142, 41.53550825679388], [1.132561758802688, 41.53541823074835], [1.1325643491501838, 41.53532820470125], [1.1326841644259336, 41.53533015095354], [1.1328039797134606, 41.53533209708107], [1.1329237950127644, 41.53533404308384], [1.1330436103238442, 41.53533598896186], [1.1330461999957155, 41.535245962888744], [1.133048789655812, 41.53515593681407], [1.1330513793041335, 41.535065910737856], [1.1329315644909355, 41.5350639648782], [1.132934154293441, 41.53497393880655], [1.1329367440841704, 41.53488391273337], [1.1328169296146666, 41.53488196676118], [1.1328195195595778, 41.53479194069258], [1.132699705267808, 41.53478999460176], [1.1327022953669006, 41.534699968537716], [1.1325824812528642, 41.53469802232825], [1.132462667150606, 41.53469607599406], [1.1323428530601267, 41.5346941295351], [1.1322230389814263, 41.53469218295139], [1.1321032249145064, 41.53469023624291], [1.1319834108593676, 41.53468828940969], [1.1319808197645354, 41.53477831543701], [1.1318610055552212, 41.534776368472905], [1.1317411913576896, 41.53477442138404], [1.1317385999191618, 41.53486444739757], [1.1316187855674567, 41.53486250017783], [1.131498971227535, 41.53486055283333], [1.1314963794453083, 41.534950578833055], [1.131376564951214, 41.534948631357686], [1.1313739729912442, 41.53503865734974], [1.131254158342977, 41.53503670974347], [1.1311343437064967, 41.535034762012465], [1.1311317514028223, 41.53512478799074]]]}, "properties": {"area_ha": 3.33, "dnbr_threshold": 0.35, "part": 2, "fire_id": "2024250994", "burn_year": 2024, "source": "sentinel", "aoi_source": "official", "buffer_m": 500.0, "fire_date": "2024-07-31"}}, {"type": "Feature", "geometry": {"type": "Polygon", "coordinates": [[[1.1350167430135494, 41.52924337942803], [1.1348969388096497, 41.529241435837065], [1.1347771346175095, 41.529239492121356], [1.1346573304371306, 41.52923754828092], [1.134654743545, 41.52932757453104], [1.1346521566411072, 41.52941760077962], [1.1346495697254522, 41.52950762702665], [1.1347693744035683, 41.52950957088542], [1.1347667876420653, 41.52959959713702], [1.1347642008688008, 41.529689623387064], [1.1347616140837748, 41.52977964963558], [1.1347590272869867, 41.529869675882544], [1.1347564404784372, 41.529959702127954], [1.1348762459978932, 41.52996164589255], [1.1349960515291104, 41.52996358953242], [1.1349934650406346, 41.53005361578851], [1.13511327074953, 41.530055559309766], [1.135233076470185, 41.53005750270628], [1.1353528822025991, 41.53005944597804], [1.1354726879467707, 41.53006138912509], [1.1355924937027007, 41.53006333214739], [1.1357122994703865, 41.53006527504495], [1.1358321052498281, 41.53006721781779], [1.1358346905768764, 41.52997719151891], [1.1359544962021546, 41.529979134160904], [1.1359519110410252, 41.530069160465885], [1.1360717168439762, 41.53007110298924], [1.136069131837012, 41.53016112929878], [1.1360665468182938, 41.53025115560677], [1.136186352964838, 41.53025309801762], [1.1363061591231354, 41.530255040303715], [1.136425965293184, 41.530256982465076], [1.1365457714749854, 41.5302589245017], [1.1365431871081966, 41.53034895083259], [1.1366629934676693, 41.53035089275058], [1.1367827998388922, 41.530352834543855], [1.1369026062218637, 41.53035477621237], [1.137022412616584, 41.530356717756156], [1.1370249963196872, 41.530266691400854], [1.1371448025602338, 41.530268632813794], [1.1372646088125273, 41.530270574102], [1.1372671921720414, 41.53018054773294], [1.1372697755198096, 41.53009052136234], [1.1372723588558318, 41.53000049499018], [1.1371525531012978, 41.52999855372029], [1.1371551365914927, 41.5299085273527], [1.1371577200699405, 41.529818500983566], [1.1370379146589895, 41.52981655960115], [1.1369181092597855, 41.529814618094], [1.1367983038723302, 41.52981267646211], [1.136800887836782, 41.52972265010974], [1.136803471789485, 41.52963262375581], [1.1366836667456106, 41.529630682011415], [1.1366862508524798, 41.52954065566207], [1.136806055730439, 41.529542597400365], [1.1368086396596444, 41.52945257104336], [1.1369284443834373, 41.52945451265083], [1.1370482491189784, 41.52945645413355], [1.1370508327046078, 41.52936642776279], [1.1370534162784902, 41.52927640139048], [1.1370559998406258, 41.529186375016636], [1.1370585833910145, 41.529096348641225], [1.1370611669296555, 41.52900632226429], [1.1370637504565502, 41.52891629588579], [1.1369439467164801, 41.5289143544397], [1.1368241429881583, 41.52891241286886], [1.1367043392715837, 41.528910471173305], [1.1365845355667583, 41.52890852935302], [1.1365871197455433, 41.5288185029974], [1.1364673162183763, 41.5288165610585], [1.1363475127029605, 41.52881461899484], [1.1362277091992952, 41.52881267680647], [1.1361079057073826, 41.528810734493355], [1.1359881022272225, 41.52880879205552], [1.135985517218894, 41.5288988183806], [1.1358657135845782, 41.528896875811924], [1.1358631283985867, 41.52898690212934], [1.1357433246101163, 41.52898495942982], [1.1356235208334007, 41.52898301660557], [1.1355037170684408, 41.528981073656595], [1.135501131372965, 41.529071099954145], [1.1353813274538516, 41.529069156874314], [1.1352615235464965, 41.52906721366976], [1.1351417196508993, 41.52906527034048], [1.135139133445934, 41.52915529661815], [1.1350193293961848, 41.529153353158016], [1.1350167430135494, 41.52924337942803]], [[1.1364543943774028, 41.529266692790564], [1.136456978769099, 41.52917666644724], [1.136576782959906, 41.529178608410575], [1.1365741987341216, 41.52926863476002], [1.1364543943774028, 41.529266692790564]]]}, "properties": {"area_ha": 2.5, "dnbr_threshold": 0.35, "part": 6, "fire_id": "2024250994", "burn_year": 2024, "source": "sentinel", "aoi_source": "official", "buffer_m": 500.0, "fire_date": "2024-07-31"}}, {"type": "Feature", "geometry": {"type": "Polygon", "coordinates": [[[1.1364863280658148, 41.53232952972076], [1.1366061380757422, 41.53233147177312], [1.1367259480974217, 41.53233341370071], [1.136845758130851, 41.53233535550358], [1.136848342258356, 41.53224532918839], [1.1368509263741116, 41.53215530287166], [1.1368535104781172, 41.53206527655339], [1.1368560945703736, 41.53197525023355], [1.1367362852006908, 41.53197330845512], [1.136738869447132, 41.53188328213986], [1.1367414536818232, 41.53179325582306], [1.1367440379047637, 41.531703229504686], [1.1368638467766445, 41.53170517126481], [1.1369836556602742, 41.53170711290018], [1.1369810717692002, 41.531797139230754], [1.1371008808305123, 41.53179908074748], [1.1372206899035722, 41.53180102213948], [1.1373404989883795, 41.53180296340673], [1.137460308084933, 41.53180490454924], [1.1375801171932327, 41.531806845566976], [1.1376999263132765, 41.53180878646], [1.1378197354450654, 41.531810727228276], [1.137939544588597, 41.531812667871804], [1.1380593537438712, 41.53181460839058], [1.138179162910888, 41.53181654878462], [1.1382989720896461, 41.53181848905391], [1.1384187812801443, 41.53182042919847], [1.138416199368535, 41.53191045560073], [1.1385360087367076, 41.531912395626634], [1.1386558181166195, 41.5319143355278], [1.1387756275082692, 41.53191627530421], [1.1388954369116564, 41.53191821495588], [1.1388980181595256, 41.53182818852923], [1.1389005993956578, 41.53173816210101], [1.1389031806200534, 41.53164813567127], [1.138905761832712, 41.53155810923996], [1.1390255705841004, 41.53156004874249], [1.139145379347224, 41.53156198812029], [1.1391427984664309, 41.53165201456378], [1.139262607407223, 41.53165395382292], [1.1393824163597486, 41.531655892957325], [1.1395022253240077, 41.53165783196698], [1.1396220343000003, 41.53165977085189], [1.1396194540712075, 41.531749797318234], [1.1397392632248653, 41.531751736084495], [1.1397366831502749, 41.531841762555395], [1.1398564924815995, 41.53184370120301], [1.1398539125612135, 41.53193372767846], [1.1399737220702038, 41.531935666207424], [1.140093531590925, 41.53193760461164], [1.140090951990681, 41.53202763109774], [1.140210761689067, 41.53202956938331], [1.1403305713991823, 41.53203150754413], [1.1404503811210243, 41.53203344558022], [1.1405701908545935, 41.532035383491554], [1.140572769791091, 41.53194535698108], [1.1406925793704499, 41.531947294761586], [1.140695158129285, 41.53185726824348], [1.1408149675544335, 41.531859205893134], [1.1408175461356078, 41.53176917936738], [1.1409373554065452, 41.531771116886205], [1.141057164689207, 41.53177305428028], [1.1410597429267877, 41.5316830277408], [1.141062321152645, 41.53159300119977], [1.141182130115161, 41.53159493845692], [1.1413019390893984, 41.53159687558932], [1.141304516971667, 41.53150684903457], [1.1413070948422142, 41.53141682247827], [1.1414269034963076, 41.53141875947374], [1.1415467121621203, 41.531420696344476], [1.1416665208396537, 41.53142263309046], [1.1416690982006836, 41.53133260651434], [1.141671675549995, 41.531242579936674], [1.1416742528875874, 41.531152553357465], [1.1415544447078478, 41.531150616629745], [1.1415570221996505, 41.53106059005508], [1.1414372141975606, 41.53105865320871], [1.1413174062071905, 41.53105671623759], [1.1411975982285416, 41.53105477914174], [1.1410777902616138, 41.53105284192115], [1.1409579823064087, 41.531050904575814], [1.1408381743629268, 41.53104896710574], [1.1407183664311695, 41.53104702951092], [1.14071578777786, 41.531137056042944], [1.1405959796918976, 41.531135118317295], [1.140593400860934, 41.53122514484168], [1.1404735926207674, 41.53122320698519], [1.1403537843923282, 41.53122126900395], [1.140233976175615, 41.531219330897976], [1.1401141679706306, 41.53121739266727], [1.139994359777374, 41.531215454311806], [1.1398745515958475, 41.53121351583161], [1.1398719717575747, 41.531303542317865], [1.1397521634218477, 41.53130160370683], [1.1397547434260509, 41.53121157722667], [1.1396349352679858, 41.53120963849698], [1.139515127121652, 41.531207699642565], [1.1393953189870505, 41.5312057606634], [1.1392755108641828, 41.53120382155948], [1.139155702753048, 41.53120188233084], [1.1390358946536487, 41.53119994297744], [1.1390384756416974, 41.5311099165323], [1.1390410566180105, 41.531019890085624], [1.1389212488622038, 41.531017950619685], [1.1389238299927087, 41.530927924177576], [1.1388040224145664, 41.530925984593], [1.1388066036992615, 41.53083595815543], [1.1386867962987826, 41.530834018452204], [1.1385669889100412, 41.53083207862425], [1.1384471815330377, 41.53083013867156], [1.1383273741677724, 41.530828198594115], [1.1382075668142475, 41.53082625839195], [1.1380877594724637, 41.53082431806502], [1.1379679521424204, 41.53082237761336], [1.1378481448241196, 41.53082043703697], [1.1377283375175609, 41.53081849633584], [1.1376085302227459, 41.53081655550996], [1.1376059472787854, 41.530906581886505], [1.1374861398297886, 41.53090464092979], [1.1374835567081574, 41.53099466729868], [1.1373637491049793, 41.53099272621112], [1.1372439415135456, 41.530990784998814], [1.1371241339338602, 41.53098884366177], [1.1370043263659215, 41.53098690219999], [1.1368845188097314, 41.53098496061346], [1.1367647112652899, 41.5309830189022], [1.1367621271363486, 41.53107304523292], [1.1367595429956576, 41.531163071562105], [1.1367569588432171, 41.53125309788973], [1.136637150812741, 41.5312511560354], [1.136634566482621, 41.53134118235538], [1.1366319821407498, 41.531431208673816], [1.1366293977871287, 41.5315212349907], [1.1366268134217565, 41.53161126130604], [1.1366242290446333, 41.53170128761984], [1.1365044201962542, 41.531699345610235], [1.1363846113596257, 41.53169740347589], [1.1363820266388853, 41.531787429775925], [1.1363794419063928, 41.531877456074405], [1.1363768571621478, 41.53196748237135], [1.1363742724061499, 41.532057508666746], [1.136371687638399, 41.53214753496059], [1.1364914973047002, 41.53214947712548], [1.1364889126911335, 41.53223950342389], [1.1364863280658148, 41.53232952972076]]]}, "properties": {"area_ha": 3.65, "dnbr_threshold": 0.35, "part": 9, "fire_id": "2024250994", "burn_year": 2024, "source": "sentinel", "aoi_source": "official", "buffer_m": 500.0, "fire_date": "2024-07-31"}}, {"type": "Feature", "geometry": {"type": "Polygon", "coordinates": [[[1.1420504338200037, 41.5263850148837], [1.1420478574352066, 41.52647504155699], [1.1419280578593811, 41.526473105395404], [1.1419254812969786, 41.52656313206106], [1.1418056815669777, 41.52656119576866], [1.141685881848693, 41.52655925935153], [1.141683304942791, 41.52664928600347], [1.1415635050703303, 41.52664734945554], [1.1415609279868189, 41.526737376099824], [1.141558350891591, 41.52682740274257], [1.141555773784645, 41.52691742938377], [1.1416755741547853, 41.526919365949986], [1.1417953745366431, 41.52692130239146], [1.1419151749302165, 41.526923238708214], [1.1420349753355055, 41.52692517490025], [1.1421547757525086, 41.52692711096757], [1.142274576181226, 41.526929046910155], [1.1423943766216553, 41.52693098272801], [1.142514177073798, 41.526932918421146], [1.1426339775376513, 41.526934853989566], [1.142753778013215, 41.52693678943326], [1.1427512025535043, 41.527026816133805], [1.1427486270820832, 41.52711684283281], [1.1428684279011494, 41.527118778163945], [1.1428658525839155, 41.527208804867485], [1.142985653580589, 41.52721074007999], [1.1431054545889694, 41.52721267516776], [1.1432252556090585, 41.52721461013081], [1.1432278304286005, 41.52712458340901], [1.1432304052364353, 41.527034556685685], [1.143232980032564, 41.526944529960794], [1.14335278056667, 41.526946464780856], [1.1434725811124822, 41.52694839947621], [1.1435923816700007, 41.52695033404682], [1.1435949559567362, 41.52686030730215], [1.1437147563600631, 41.526862241741966], [1.1438345567750938, 41.52686417605706], [1.1439543572018283, 41.52686611024743], [1.1440741576402649, 41.52686804431307], [1.1441939580904026, 41.526869978253984], [1.1443137585522412, 41.5268719120702], [1.1444335590257806, 41.52687384576166], [1.144553359511018, 41.52687577932841], [1.1446731600079552, 41.526877712770435], [1.144675732789933, 41.52678768596947], [1.1446783055602137, 41.526697659166956], [1.1446808783187963, 41.5266076323629], [1.1445610783195421, 41.52660569893912], [1.14456365123232, 41.5265156721396], [1.1444438514106572, 41.526513738597174], [1.144446424477629, 41.52642371180218], [1.1443266248335568, 41.52642177814112], [1.1443291980547206, 41.526331751350675], [1.144209398588239, 41.52632981757097], [1.1442119719635937, 41.52623979078506], [1.1440921726747035, 41.52623785688671], [1.1439723733975136, 41.52623592286364], [1.1439749470929466, 41.52614589608835], [1.1439775207766776, 41.52605586931151], [1.143857721842968, 41.52605393517588], [1.1437379229209617, 41.526052000915534], [1.143618124010658, 41.526050066530466], [1.1436155498292608, 41.52614009328907], [1.1436129756361602, 41.52623012004611], [1.1434931764057827, 41.52622818552416], [1.1433733771871109, 41.52622625087748], [1.1433759517119897, 41.526136224132614], [1.1433785262251637, 41.52604619738619], [1.143258727349975, 41.52604426262695], [1.1432613020173301, 41.525954235885074], [1.1431415033197343, 41.525952301007216], [1.1430217046338462, 41.525950366004636], [1.1430242796212688, 41.52586033927338], [1.1429044811129747, 41.52585840415217], [1.142784682616389, 41.525856468906234], [1.1426648841315123, 41.52585453353558], [1.1425450856583463, 41.5258525980402], [1.1424252871968903, 41.52585066242011], [1.1423054887471458, 41.52584872667531], [1.142185690309114, 41.52584679080577], [1.1420658918827948, 41.525844854811524], [1.1420633155682811, 41.52593488149408], [1.1420607392420539, 41.52602490817509], [1.1420581629041116, 41.52611493485457], [1.1420555865544564, 41.526204961532486], [1.1420530101930868, 41.52629498820886], [1.1420504338200037, 41.5263850148837]]]}, "properties": {"area_ha": 2.3, "dnbr_threshold": 0.35, "part": 25, "fire_id": "2024250994", "burn_year": 2024, "source": "sentinel", "aoi_source": "official", "buffer_m": 500.0, "fire_date": "2024-07-31"}}, {"type": "Feature", "geometry": {"type": "Polygon", "coordinates": [[[1.1424420623560798, 41.537830008981075], [1.142561882922193, 41.53783194503659], [1.1426817035000225, 41.53783388096735], [1.1428015240895677, 41.537835816773324], [1.1427989477104648, 41.53792584330515], [1.1426791269549321, 41.537923907493095], [1.1426765503981267, 41.53801393401729], [1.1426739738296048, 41.538103960539964], [1.142671397249367, 41.53819398706108], [1.1426688206574132, 41.53828401358064], [1.1426662440537425, 41.538374040098674], [1.1427860656392208, 41.53837597594118], [1.142783489189826, 41.53846600246374], [1.142903310953011, 41.53846793818756], [1.1430231327279106, 41.53846987378661], [1.1431429545145242, 41.53847180926087], [1.1432627763128513, 41.538473744610364], [1.1433825981228907, 41.53847567983509], [1.1433851737423273, 41.5383856532821], [1.1433877493500522, 41.538295626727546], [1.1435075708398206, 41.538297561815334], [1.1435101462698438, 41.53820753525315], [1.1435127216881564, 41.538117508689425], [1.143515297094758, 41.538027482124164], [1.1435178724896489, 41.53793745555735], [1.1435204478728291, 41.537847428989004], [1.1435230232442992, 41.537757402419096], [1.1435255986040584, 41.537667375847654], [1.1435281739521077, 41.53757734927468], [1.1435307492884461, 41.53748732270012], [1.1434109292925632, 41.53748538766712], [1.1434135047831748, 41.53739536109713], [1.1434160802620752, 41.537305334525584], [1.1434186557292656, 41.5372153079525], [1.1435384752272002, 41.537217242967245], [1.1436582947368448, 41.537219177857246], [1.1437781142581989, 41.53722111262246], [1.143780689215734, 41.53713108602957], [1.1439005085828151, 41.53713302066394], [1.144020327961604, 41.537134955173535], [1.144017753336032, 41.537224981778586], [1.1441375728925096, 41.537226916169494], [1.1442573924606938, 41.53722885043563], [1.1443772120405833, 41.537230784577005], [1.1443797861682103, 41.537140757953715], [1.144382360284133, 41.53705073132887], [1.1445021795437649, 41.537052665333306], [1.1445047534820023, 41.536962638700835], [1.1445073274085356, 41.536872612066816], [1.1445099013233655, 41.53678258543126], [1.1445124752264917, 41.53669255879416], [1.1445150491179135, 41.53660253215549], [1.1443952306881755, 41.536600598181465], [1.14439780473387, 41.536510571547346], [1.1445176229976324, 41.5365125055153], [1.1446374412730975, 41.536514439358484], [1.1447572595602649, 41.5365163730769], [1.1447598330963287, 41.536426346423], [1.144879651229223, 41.536428280010576], [1.1448822245876094, 41.53633825334904], [1.1448847979342942, 41.53624822668596], [1.144887371269278, 41.53615820002134], [1.144767553634307, 41.53615626645201], [1.1446477360110376, 41.536154332757924], [1.1445279183994708, 41.536152398939066], [1.1445253445665666, 41.53624242558544], [1.1444055268007298, 41.53624049163573], [1.1444029527901471, 41.53633051827449], [1.1442831348700404, 41.536328584193946], [1.1441633169616385, 41.53632664998862], [1.144043499064943, 41.536324715658544], [1.1439236811799534, 41.536322781203694], [1.1438038633066712, 41.53632084662407], [1.1436840454450967, 41.53631891191971], [1.1435642275952314, 41.53631697709057], [1.143444409757075, 41.53631504213666], [1.1434418344069912, 41.536405068725195], [1.143322016414571, 41.53640313364044], [1.1433194408868017, 41.53649316022135], [1.1433168653473216, 41.53658318680071], [1.14331428979613, 41.53667321337852], [1.1431944713174933, 41.536671278150735], [1.1430746528505689, 41.5366693427982], [1.1430720769557112, 41.53675936936231], [1.1429522583345224, 41.536757433878904], [1.1429496822619738, 41.53684746043536], [1.1428298634865204, 41.53684552482111], [1.14282728723628, 41.53693555136995], [1.1428247109743246, 41.53702557791724], [1.142822134700655, 41.53711560446299], [1.1428195584152707, 41.53720563100719], [1.1428169821181717, 41.53729565754985], [1.1428144058093586, 41.53738568409096], [1.1428118294888303, 41.53747571063052], [1.142692009563225, 41.537473774848884], [1.142572189649335, 41.53747183894248], [1.142452369747162, 41.53746990291131], [1.1423325498567058, 41.53746796675537], [1.1423299728605272, 41.53755799326905], [1.1422101528158055, 41.53755605698225], [1.1420903327828018, 41.537554120570675], [1.1420877554429365, 41.53764414707062], [1.1420851780913526, 41.537734173569014], [1.1420826007280478, 41.53782420006588], [1.1422024212590067, 41.53782613649572], [1.1423222418016843, 41.53782807280078], [1.1424420623560798, 41.537830008981075]]]}, "properties": {"area_ha": 2.33, "dnbr_threshold": 0.35, "part": 28, "fire_id": "2024250994", "burn_year": 2024, "source": "sentinel", "aoi_source": "official", "buffer_m": 500.0, "fire_date": "2024-07-31"}}, {"type": "Feature", "geometry": {"type": "Polygon", "coordinates": [[[0.7379217757194374, 41.239663685059156], [0.7379186706331097, 41.23975369334385], [0.7379155655326969, 41.23984370162694], [0.7380348098880158, 41.2398460453693], [0.7380317049368624, 41.239936053658155], [0.7379124604181994, 41.2399337099084], [0.7379093552896184, 41.240023718188276], [0.7379062501469523, 41.240113726466554], [0.7379031449902016, 41.24020373474322], [0.7380223899989002, 41.240206078515115], [0.7381416350216833, 41.24020842216362], [0.738138530177542, 41.240298430453436], [0.738257775377755, 41.24030077398594], [0.7382546706828776, 41.24039078228154], [0.738135425319317, 41.240388438741654], [0.7380161799698397, 41.240386095078385], [0.7380192849914126, 41.24029608679754], [0.7379000398193666, 41.24029374301828], [0.7377807946614056, 41.24029139911563], [0.7376615495175302, 41.240289055089605], [0.7376646550150586, 41.2401990468293], [0.7376677604985009, 41.24010903856738], [0.7375485156954044, 41.24010669443272], [0.737429270906395, 41.24010435017469], [0.7374323767024408, 41.240014341925935], [0.7374354824843999, 41.23992433367559], [0.7375547269467211, 41.23992667791885], [0.7375578325512491, 41.239836669659525], [0.7375609381416903, 41.23974666139857], [0.7375640437180448, 41.239656653136024], [0.737567149280314, 41.23956664487188], [0.7374479054713631, 41.23956430065812], [0.7373286616764996, 41.23956195632099], [0.737209417895724, 41.23955961186048], [0.7372063118434317, 41.23964962010248], [0.7372032057770506, 41.23973962834289], [0.7372000996965808, 41.239829636581696], [0.7371969936020221, 41.2399196448189], [0.7370777491819658, 41.23991730020548], [0.7370746429099742, 41.24000730843368], [0.7370715366238927, 41.2400973166603], [0.7370684303237223, 41.240187324885305], [0.7370653240094615, 41.2402773331087], [0.737184569082898, 41.24027967775165], [0.7371814629178943, 41.24036968598083], [0.7373007081687676, 41.24037203050777], [0.7372976021530225, 41.24046203874273], [0.7372944961231896, 41.24055204697606], [0.737413741714847, 41.24055439139439], [0.7374106358342744, 41.24064439963353], [0.7374075299396134, 41.240734407871045], [0.7375267758720593, 41.240736752180744], [0.7375236701266619, 41.24082676042404], [0.7376429162365457, 41.240829104617745], [0.7376398106404121, 41.24091911286681], [0.737759056927735, 41.240921456944506], [0.7377559514808676, 41.24101146519935], [0.737875197945629, 41.24101380916103], [0.7378720926480286, 41.24110381742167], [0.7378689873363427, 41.24119382568069], [0.7379882341418973, 41.241196169533744], [0.7381074809615362, 41.241198513263406], [0.7381043759624749, 41.241288521535594], [0.7381012709493299, 41.24137852980616], [0.7380981659221004, 41.24146853807513], [0.7380950608807862, 41.241558546342496], [0.7382143083679342, 41.241560889978295], [0.7383335558691656, 41.24156323349071], [0.7383304511404845, 41.24165324177122], [0.7384496988191567, 41.24165558516762], [0.7385689465119107, 41.24165792844063], [0.7385658420958646, 41.2417479367343], [0.7386850899660594, 41.2417502798913], [0.7388043378503358, 41.24175262292491], [0.7389235857486917, 41.24175496583514], [0.7389266896746604, 41.241664957519355], [0.7389297935865504, 41.241574949201954], [0.7389328974843613, 41.24148494088295], [0.7390521449067209, 41.24148728364766], [0.7390552486270958, 41.24139727531966], [0.739058352333392, 41.24130726699009], [0.7390614560256102, 41.2412172586589], [0.7390645597037508, 41.2411272503261], [0.7390676633678133, 41.2410372419917], [0.7390707670177977, 41.240947233655696], [0.7390738706537042, 41.240857225318095], [0.7390769742755332, 41.24076721697888], [0.7390800778832843, 41.24067720863808], [0.7390831814769582, 41.24058720029564], [0.7390862850565542, 41.24049719195164], [0.738967039431082, 41.24049484926805], [0.738847793819688, 41.24049250646109], [0.7388508977119043, 41.240402498130216], [0.7388540015900419, 41.24031248979774], [0.7388571054541007, 41.24022248146366], [0.7388602093040805, 41.24013247312797], [0.7387409643601566, 41.24013013022712], [0.7387440683594032, 41.2400401218972], [0.7387471723445712, 41.23995011356568], [0.7386279277414172, 41.23994777055622], [0.7386310318758498, 41.23985776223048], [0.7386341359962029, 41.23976775390313], [0.7386372401024757, 41.23967774557418], [0.738640344194669, 41.23958773724362], [0.73875958814445, 41.239590080223586], [0.7388788321083103, 41.239592423080175], [0.7389980760862485, 41.23959476581338], [0.7390011796743381, 41.23950475745909], [0.7390042832483494, 41.239414749103204], [0.739007386808284, 41.239324740745715], [0.7390104903541415, 41.23923473238661], [0.7388912470295648, 41.239232389682904], [0.7387720037190656, 41.239230046855816], [0.7386527604226452, 41.239227703905364], [0.7386496563867704, 41.23931771224233], [0.7385304129410905, 41.23931536916112], [0.7385273087277964, 41.2394053774891], [0.7385242045004224, 41.23949538581549], [0.7385211002589673, 41.23958539414028], [0.738401856337346, 41.23958305091355], [0.7384049607421426, 41.23949304259614], [0.7384080651328571, 41.23940303427713], [0.7384111695094909, 41.23931302595653], [0.7382919260919725, 41.23931068262855], [0.7381726826885351, 41.2393083391772], [0.7380534392991809, 41.23930599560248], [0.7379341959239097, 41.23930365190437], [0.7379310908939176, 41.23939366019548], [0.7379279858498415, 41.239483668484965], [0.7379248807916821, 41.239573676772864], [0.7379217757194374, 41.239663685059156]], [[0.7385937813333606, 41.24093786203356], [0.7385906770299631, 41.241027870340055], [0.7384714304807006, 41.24102552711868], [0.7383521839455203, 41.241023183773926], [0.738355288575624, 41.240933175482176], [0.7383583931916455, 41.240843167188835], [0.7384776394001206, 41.24084551051883], [0.7384745349474512, 41.24093551881956], [0.7385937813333606, 41.24093786203356]]]}, "properties": {"area_ha": 2.66, "dnbr_threshold": 0.35, "part": 1, "fire_id": "2024430998", "burn_year": 2024, "source": "sentinel", "aoi_source": "official", "buffer_m": 500.0, "fire_date": "2024-09-12"}}, {"type": "Feature", "geometry": {"type": "Polygon", "coordinates": [[[0.7392538574515948, 41.23563673899285], [0.7392507546320781, 41.23572674742348], [0.7391315176630815, 41.23572440513076], [0.7390122807081595, 41.235722062714686], [0.7390091775479487, 41.23581207112895], [0.7388899404437911, 41.235809728582126], [0.7388868371061932, 41.23589973698741], [0.7388837337545197, 41.235989745391116], [0.7388806303887703, 41.2360797537932], [0.7387613928087532, 41.236077411100894], [0.7387582892656147, 41.236167419494], [0.7387551857083987, 41.236257427885505], [0.7387520821371064, 41.236347436275395], [0.738748978551736, 41.23643744466371], [0.7387458749522895, 41.23652745305039], [0.7387427713387656, 41.23661746143548], [0.7388620098986731, 41.23661980417204], [0.7388589064343897, 41.2367098125629], [0.738739667711164, 41.23670746981897], [0.7387365640694856, 41.23679747820084], [0.7387334604137292, 41.23688748658111], [0.7387303567438949, 41.236977494959795], [0.7388495959570779, 41.236979837725855], [0.7389688351843376, 41.23698218036856], [0.7390880744256733, 41.23698452288789], [0.7390911776055475, 41.236894514487076], [0.7390942807713458, 41.236804506084674], [0.7392135197001172, 41.236806848465896], [0.739210416697638, 41.23689685687565], [0.7393296558038033, 41.23689919914088], [0.7394488949240425, 41.23690154128273], [0.7394457922341292, 41.236991549705664], [0.7393265529505697, 41.236989207556434], [0.739207313681084, 41.236986865283846], [0.7392042106504558, 41.23707687369041], [0.7392011076057532, 41.237166882095366], [0.739198004546975, 41.23725689049873], [0.7393172443064259, 41.23725923279344], [0.7393141413968956, 41.23734924120259], [0.7394333813337438, 41.2373515833813], [0.7394302785734639, 41.237441591796205], [0.7395495186877091, 41.23744393385893], [0.7396687588160276, 41.23744627579828], [0.739787998958418, 41.23744861761426], [0.7397911012287255, 41.23735860917724], [0.7399103412218628, 41.23736095086248], [0.7399072391148791, 41.23745095930688], [0.7399041369938263, 41.23754096774966], [0.7397848966740397, 41.23753862604968], [0.7396656563683238, 41.23753628422632], [0.7396625539065481, 41.23762629265276], [0.7395433134515795, 41.23762395069867], [0.7395402108124052, 41.23771395911613], [0.7395371081591581, 41.23780396753199], [0.7395340054918373, 41.23789397594625], [0.7395309028104443, 41.2379839843589], [0.7396501439187226, 41.237986326342494], [0.7396470413865848, 41.23807633476092], [0.7396439388403744, 41.238166343177745], [0.7395246974054372, 41.2381640011794], [0.7395215946818239, 41.23825400958724], [0.739518491944137, 41.23834401799348], [0.7395153891923766, 41.238434026398124], [0.7396346311173084, 41.238436368418576], [0.739631528514808, 41.23852637682897], [0.7396284258982337, 41.238616385237776], [0.7395091836466351, 41.23861404320256], [0.7395122864265427, 41.23852403480114], [0.7393930443523513, 41.23852169264993], [0.7392738022922344, 41.238519350375356], [0.7391545602461922, 41.23851700797741], [0.7391514569762844, 41.23860701635671], [0.7391483536922999, 41.23869702473441], [0.7391452503942394, 41.23878703311051], [0.7391421470821035, 41.238877041485004], [0.7391390437558907, 41.23896704985789], [0.7392582866186072, 41.238969392292724], [0.7393775294953995, 41.23897173460416], [0.7393744264817852, 41.2390617429902], [0.7393713234540962, 41.239151751374635], [0.739368220412332, 41.23924175975746], [0.7394874637932136, 41.23924410196765], [0.7394843609007137, 41.23933411035626], [0.7394812579941401, 41.23942411874325], [0.7394781550734922, 41.23951412712863], [0.7395973989584688, 41.23951646923758], [0.7395942961870879, 41.23960647762873], [0.7397135402494801, 41.23960881962167], [0.7398327843259455, 41.23961116149122], [0.7398296818671762, 41.239701169895525], [0.7398265793943349, 41.23979117829822], [0.7399458238115582, 41.239793520059145], [0.7400650682428538, 41.239795861696685], [0.7401843126882209, 41.23979820321084], [0.7403035571476577, 41.239800544601614], [0.7404228016211637, 41.23980288586901], [0.7404196999509716, 41.23989289430697], [0.740416598266711, 41.239982902743314], [0.7404134965683817, 41.24007291117805], [0.7405327415459932, 41.24007525234418], [0.7406519865376732, 41.24007759338692], [0.7406488851519678, 41.24016760183481], [0.7405296399969418, 41.24016526078469], [0.740526538433821, 41.24025526922361], [0.7405234368566327, 41.240345277660914], [0.740520335265376, 41.24043528609662], [0.7404010896343723, 41.240432944901], [0.7402818440174387, 41.24043060358201], [0.7402787420854137, 41.24052061200136], [0.7402756401393188, 41.24061062041911], [0.7401563942097549, 41.24060827896199], [0.7400371482942618, 41.24060593738149], [0.7400402505670577, 41.240515928978475], [0.7399210048289867, 41.240513587281974], [0.7399241072510604, 41.24042357888474], [0.7399272096590624, 41.24033357048588], [0.7398079642617612, 41.24033122868073], [0.7396887188785332, 41.240328886752195], [0.7396918215991584, 41.2402388783665], [0.7395725763933523, 41.240236536321945], [0.7394533312016198, 41.24023419415402], [0.7393340860239626, 41.24023185186272], [0.7393309828132946, 41.24032186022629], [0.73932787958855, 41.240411868588275], [0.7393247763497297, 41.24050187694864], [0.7393216730968332, 41.24059188530742], [0.7393185698298607, 41.240681893664586], [0.7394378158242637, 41.24068423599277], [0.7394347127065666, 41.24077424435569], [0.7395539588783957, 41.24077658656787], [0.7395508559099755, 41.240866594936584], [0.7395477529274805, 41.24095660330367], [0.7395446499309104, 41.241046611669184], [0.7396638966068737, 41.24104895378008], [0.7396607937595826, 41.241138962151354], [0.7396576908982182, 41.24122897052102], [0.7396545880227787, 41.241318978889076], [0.7397738352028823, 41.24132132089872], [0.7397707324767253, 41.24141132927255], [0.7398899798342596, 41.241413671166185], [0.7400092272058668, 41.24141601293642], [0.7401284745915462, 41.24141835458326], [0.7401315768276322, 41.24132834618732], [0.7402508240640263, 41.24133068770341], [0.7402477219912968, 41.24142069610672], [0.740366969405119, 41.2414230375068], [0.7404862168330109, 41.2414253787835], [0.7406054642749722, 41.241427719936794], [0.7406023626782462, 41.24151772836062], [0.7405992610674513, 41.24160773678285], [0.7407185088501983, 41.24161007782751], [0.740837756647013, 41.24161241874877], [0.7409570044578949, 41.24161475954665], [0.740953903323111, 41.241704767989376], [0.740834655348869, 41.24170242718413], [0.7407154073886943, 41.2417000862555], [0.740596159442588, 41.241697745203474], [0.7404769115105501, 41.241695404028064], [0.7404738097082576, 41.2417854124397], [0.7403545616269296, 41.24178307113353], [0.7402353135596715, 41.24178072970397], [0.7402384156886845, 41.241690721307066], [0.740241517803626, 41.241600712908564], [0.7401222700771588, 41.24159837137036], [0.7401253723413883, 41.241508362977605], [0.7400061247923512, 41.24150602132339], [0.7398868772573864, 41.24150367954577], [0.7397676297364945, 41.24150133764477], [0.7397645269821895, 41.24159134601541], [0.7397614242138111, 41.24168135438443], [0.7397583214313591, 41.24177136275184], [0.7396390734344641, 41.241769020705334], [0.7395198254516435, 41.24176667853544], [0.7394005774828991, 41.24176433624216], [0.7393974741962915, 41.24185434458585], [0.7393943708956071, 41.24194435292794], [0.7393912675808464, 41.24203436126842], [0.7393881642520093, 41.2421243696073], [0.7393850609090955, 41.24221437794458], [0.7395043096946492, 41.24221672027473], [0.7396235584942792, 41.242219062481496], [0.7397428073079836, 41.242221404564866], [0.7398620561357627, 41.24222374652485], [0.7398589534322294, 41.24231375489001], [0.7399782024374462, 41.24231609673397], [0.740097451456736, 41.24231843845454], [0.740216700490099, 41.24232078005173], [0.7403359495375329, 41.242323121525516], [0.7404551985990379, 41.24232546287591], [0.740458300485749, 41.24223545447389], [0.7405775493979596, 41.24223779569352], [0.7406967983242388, 41.24224013678977], [0.7408160472645866, 41.24224247776262], [0.7409352962190031, 41.242244818612086], [0.7409383974381878, 41.242154810178974], [0.7410576462433063, 41.242157150897675], [0.7411768950624912, 41.24215949149299], [0.7411737941700342, 41.24224949994083], [0.7411706932635127, 41.242339508387076], [0.741289942423492, 41.24234184887374], [0.7414091915975365, 41.242344189236995], [0.7415284407856458, 41.242346529476876], [0.7415315412020721, 41.24225652100853], [0.7415346416044355, 41.24216651253859], [0.7416538904798776, 41.242168852640326], [0.741650790240879, 41.24225886111764], [0.741647689987818, 41.242348869593364], [0.7416445897206942, 41.24243887806747], [0.7416414894395071, 41.24252888653998], [0.7416383891442577, 41.24261889501088], [0.7417576388505931, 41.24262123502608], [0.7418768885709909, 41.24262357491787], [0.7418737885884155, 41.2427135834019], [0.7419930384862433, 41.24271592317767], [0.7419899386529754, 41.242805931667476], [0.7421091887282328, 41.24280827132722], [0.7421060890442749, 41.242898279822775], [0.7422253392969623, 41.242900619366495], [0.7423445895637103, 41.2429029587868], [0.7423414901924335, 41.2429929672955], [0.7423383908070977, 41.24308297580258], [0.7424576414146464, 41.243085315114236], [0.7425768920362537, 41.2430876543025], [0.7425737929636043, 41.24317766282271], [0.7426930437626414, 41.24318000189494], [0.7426899448393084, 41.24327001042089], [0.7428091958157752, 41.243272349377094], [0.7429284468062982, 41.243274688209894], [0.7430476978108763, 41.243277026919294], [0.7430445993636091, 41.24336703546576], [0.7430415009022873, 41.24345704401061], [0.7431607522476703, 41.24345938261134], [0.7432800036071069, 41.24346172108868], [0.7432769054584818, 41.24355172964666], [0.7432738072958046, 41.24364173820302], [0.7433930589960468, 41.243644076571684], [0.743389960982693, 41.24373408513381], [0.7435092128603653, 41.24373642338644], [0.7435061149963382, 41.24382643195432], [0.7435030171182582, 41.24391644052061], [0.74362226933674, 41.24391877866456], [0.7436191716079878, 41.244008787236595], [0.7437384240039017, 41.24401112526451], [0.7437353264244794, 41.2441011338423], [0.743732228831005, 41.24419114241851], [0.7438514815677318, 41.244193480337735], [0.7438483841235897, 41.244283488919685], [0.7439676370377483, 41.24428582672287], [0.7439645397429394, 41.24437583531058], [0.7440837928345316, 41.24437817299773], [0.7442030459401715, 41.24438051056148], [0.7443222990598599, 41.24438284800182], [0.7443192022411528, 41.24447285661001], [0.744316105408399, 41.244562865216594], [0.7444353588689033, 41.244565202548266], [0.7445546123434541, 41.24456753975652], [0.7446738658320511, 41.244569876841375], [0.744670769475407, 41.244659885468415], [0.744667673104717, 41.24474989409386], [0.7447869269341315, 41.244752231070045], [0.744906180777591, 41.2447545679228], [0.7449030847196303, 41.24484457656137], [0.7448999886476259, 41.24493458519832], [0.7450192428319039, 41.24493692194241], [0.7451384970302262, 41.24493925856308], [0.7451354012709562, 41.245029267213134], [0.7451323054976429, 41.24511927586161], [0.7452515600367862, 41.24512161237359], [0.7453708145899712, 41.24512394876216], [0.745367719129397, 41.24521395742373], [0.7453646236547815, 41.245303966083696], [0.7454838785487897, 41.24530630236358], [0.7454807832235243, 41.2453963110293], [0.7456000382949656, 41.24539864719314], [0.745596943119053, 41.24548865586461], [0.7457161983679268, 41.24549099191238], [0.7458354536308411, 41.24549332783676], [0.7459547089077933, 41.24549566363772], [0.7459578035935263, 41.245405654944186], [0.7460770587211231, 41.2454079906144], [0.746080153229426, 41.2453179819119], [0.7461994082076672, 41.24532031745135], [0.7461963138627565, 41.24541032616119], [0.7463155690184257, 41.245412661584595], [0.7463124748228726, 41.24550267030018], [0.7463093806132841, 41.245592679014166], [0.7464286361097772, 41.245595014328856], [0.7465478916203052, 41.245597349520146], [0.7466671471448671, 41.24559968458802], [0.7466640534114275, 41.24568969332247], [0.746660959663955, 41.2457797020553], [0.7466578659024482, 41.24586971078654], [0.7467771219312314, 41.24587204575307], [0.746896377974048, 41.24587438059618], [0.7470156340308959, 41.24587671531589], [0.7470125407455483, 41.245966724067564], [0.7470094474461695, 41.24605673281765], [0.7470063541327587, 41.24614674156613], [0.7470032608053165, 41.24623675031301], [0.7470001674638418, 41.246326759058284], [0.7471194243517174, 41.24632909369134], [0.7472386812536232, 41.246331428200975], [0.7473579381695598, 41.2463337625872], [0.7473548453042581, 41.246423771352916], [0.7472355882249203, 41.24642143695933], [0.7471163311596126, 41.24641910244236], [0.7469970741083365, 41.24641676780195], [0.7468778170710917, 41.246414433038154], [0.7468809105899988, 41.24632442430183], [0.7467616537301877, 41.24632208942197], [0.7466423968844098, 41.246319754418685], [0.7465231400526666, 41.246317419292], [0.7465200460435565, 41.246407428006265], [0.7465169520204109, 41.246497436718926], [0.7465138579832312, 41.24658744543], [0.7466331153051802, 41.24658978057873], [0.746630021417368, 41.24667978929555], [0.7466269275155225, 41.24676979801075], [0.7467461851783128, 41.24677213305078], [0.7467430914258372, 41.24686214177175], [0.7467399976593279, 41.246952150491104], [0.7467369038787851, 41.24704215920885], [0.7467338100842081, 41.247132167925], [0.746853068414656, 41.247134502871035], [0.7469723267591375, 41.247136837693645], [0.7469692332773427, 41.24722684642288], [0.7469661397815144, 41.24731685515054], [0.7470853984668454, 41.24731918986443], [0.7470823051203943, 41.24740919859782], [0.7470792117599118, 41.24749920732961], [0.7471984707860938, 41.247501541934795], [0.7473177298263068, 41.24750387641656], [0.7474369888805517, 41.2475062107749], [0.7475562479488247, 41.24750854500984], [0.7476755070311272, 41.24751087912136], [0.7476785995745574, 41.24742087035282], [0.7476816921039603, 41.24733086158267], [0.7476847846193341, 41.24724085281094], [0.7476878771206807, 41.24715084403759], [0.7476909696079985, 41.247060835262644], [0.7476940620812887, 41.246970826486105], [0.7475748039794383, 41.24696849241868], [0.7475778966021066, 41.24687848364788], [0.747458638677691, 41.24687614946438], [0.7474617314497367, 41.246786140699314], [0.7474648242077526, 41.24669613193266], [0.7473455666241756, 41.246693797640454], [0.7473486595315663, 41.24660378887954], [0.7473517524249271, 41.24651378011702], [0.7474710096816973, 41.24651611439453], [0.7474679169517391, 41.246606123164405], [0.747587174385941, 41.246608457325856], [0.7477064318341715, 41.24661079136389], [0.7477033394169925, 41.24670080014685], [0.7477002469857857, 41.246790808928196], [0.747819504774852, 41.24679314285751], [0.7479387625779454, 41.24679547666343], [0.7480580203950654, 41.24679781034591], [0.7481772782262105, 41.246800143905], [0.7482965360713801, 41.24680247734067], [0.7484157939305741, 41.24680481065293], [0.7484188853813514, 41.2467148018275], [0.7484219768181053, 41.246624793000464], [0.7484250682408373, 41.24653478417182], [0.7485443256238405, 41.24653711733863], [0.7485474168691465, 41.24644710850105], [0.7486666741027691, 41.246449441537095], [0.7486697651706502, 41.24635943269057], [0.7487890222548921, 41.24636176559587], [0.7487859313504139, 41.246451774449746], [0.7489051886120794, 41.24645410723897], [0.7490244458877648, 41.24645643990479], [0.7491437031774698, 41.24645877244719], [0.749262960481193, 41.246461104866185], [0.7493822177989341, 41.24646343716177], [0.7495014751306919, 41.246465769333945], [0.7496207324764668, 41.24646810138271], [0.7496238222371268, 41.24637809247743], [0.7497430794335138, 41.24638042439544], [0.7497461690167565, 41.24629041548122], [0.7497492585859836, 41.24620040656539], [0.7497523481411965, 41.24611039764796], [0.7496330914350132, 41.24610806575198], [0.7495138347428459, 41.24610573373259], [0.7495169246108444, 41.24601572482825], [0.7493976680960924, 41.246013392692774], [0.7492784115953575, 41.24601106043391], [0.7491591551086397, 41.24600872805164], [0.7490398986359406, 41.24600639554594], [0.7489206421772597, 41.24600406291684], [0.7488013857325992, 41.24600173016433], [0.7486821293019585, 41.245999397288415], [0.7485628728853397, 41.245997064289085], [0.7484436164827416, 41.24599473116635], [0.748440525144148, 41.24608474000459], [0.7484374337915318, 41.24617474884124], [0.748318177076158, 41.246172415580396], [0.7483150855461173, 41.24626242440811], [0.748195828681367, 41.246260091016524], [0.7480765718306402, 41.24625775750151], [0.7480796636874815, 41.24616774868849], [0.74796040701418, 41.246165415057426], [0.7478411503549047, 41.246163081302946], [0.74784424252452, 41.24607307250303], [0.747847334680109, 41.245983063701516], [0.7478504268216718, 41.24589305489838], [0.7478535189492084, 41.24580304609366], [0.7478566110627187, 41.24571303728733], [0.7478597031622032, 41.24562302847939], [0.747862795247661, 41.245533019669864], [0.7477435397461931, 41.24553068584341], [0.7477466319810201, 41.24544067703962], [0.7477497242018204, 41.245350668234224], [0.7476304690411669, 41.24534833429905], [0.7475112138945408, 41.245346000240474], [0.7475143064280998, 41.24525599144819], [0.7476335614113333, 41.24525832549941], [0.7476366537674721, 41.245168316698155], [0.7476397461095841, 41.245078307895305], [0.7476428384376689, 41.244988299090856], [0.7477620929447554, 41.24499063299663], [0.7478813474658678, 41.24499296677901], [0.7478782554645647, 41.24508297559815], [0.7479975101630935, 41.24508530926447], [0.747994418311156, 41.245175318089366], [0.748113673187101, 41.24517765163962], [0.7482329280770706, 41.24517998506647], [0.748229836537893, 41.24526999390445], [0.7482267449846914, 41.24536000274083], [0.7483460002154694, 41.24536233605897], [0.7484652554602709, 41.2453646692537], [0.7485845107190946, 41.245367002325025], [0.7487037659919394, 41.24536933527294], [0.748823021278805, 41.245371668097455], [0.7488261120150396, 41.24528165922434], [0.7489453671525316, 41.24528399191811], [0.7489484577113538, 41.24519398303605], [0.7490677126994717, 41.24519631559906], [0.7491869677016083, 41.24519864803867], [0.7491900579196269, 41.24510863914033], [0.7491931481236288, 41.24501863024039], [0.7491962383136131, 41.244928621338836], [0.74919932848958, 41.24483861243569], [0.7490800741410081, 41.24483628002545], [0.7489608198064539, 41.244833947491834], [0.7488415654859188, 41.24483161483478], [0.7488384748197824, 41.2449216237159], [0.7487192203498769, 41.24491929092811], [0.7487223111794029, 41.24482928205433], [0.7486030568869076, 41.244826949150486], [0.748483802608433, 41.24482461612323], [0.7484868937507168, 41.24473460726255], [0.7483676396496524, 41.24473227411924], [0.7483707309413029, 41.2446422652643], [0.7482514770176494, 41.24463993200492], [0.7481322231080186, 41.244637598622155], [0.7480129692124108, 41.244635265115974], [0.7478937153308288, 41.24463293148639], [0.7477744614632712, 41.2446305977334], [0.7476552076097394, 41.24462826385702], [0.7475359537702346, 41.24462592985723], [0.7475390461915717, 41.24453592105211], [0.7476582998676898, 41.24453825504455], [0.7477775535578346, 41.244540588913594], [0.7477806456383732, 41.24445058009216], [0.7477837377048848, 41.244360571269155], [0.7477868297573714, 41.24427056244454], [0.7476675765573828, 41.24426822859754], [0.7475483233714212, 41.24426589462715], [0.7475514157366493, 41.24417588581561], [0.7475545080878508, 41.244085877002476], [0.7475576004250248, 41.24399586818774], [0.7474383477432393, 41.24399353411599], [0.7473190950754814, 41.24399119992082], [0.7471998424217514, 41.24398886560227], [0.7470805897820516, 41.2439865311603], [0.7470836827587252, 41.24389652237336], [0.7472029352350438, 41.243898856807974], [0.7473221877253918, 41.24390119111919], [0.7474414402297686, 41.24390352530699], [0.747560692748173, 41.2439058593714], [0.7476799452806039, 41.243908193312414], [0.747799197827061, 41.24391052713002], [0.7479184503875435, 41.243912860824224], [0.7479215422065209, 41.243822851984255], [0.7480407946176473, 41.24382518554771], [0.7480377029620505, 41.243915194395036], [0.7481569555505816, 41.24391752784245], [0.7482762081531356, 41.243919861166454], [0.7483954607697115, 41.243922194367066], [0.7485147134003097, 41.24392452744428], [0.7486339660449303, 41.24392686039808], [0.748753218703569, 41.24392919322849], [0.7487563093788774, 41.243839184337084], [0.748759400040166, 41.2437491754441], [0.7487624906874362, 41.24365916654949], [0.7486432385189391, 41.24365683374111], [0.7486463293155694, 41.24356682485225], [0.7486494200981786, 41.2434768159618], [0.7486525108667691, 41.243386807069726], [0.748533259202427, 41.243384474159996], [0.7484140075521063, 41.24338214112685], [0.7482947559158067, 41.24337980797031], [0.748297847160508, 41.24328979909868], [0.7483009383911874, 41.24319979022545], [0.7483040296078448, 41.24310978135062], [0.7483071208104805, 41.24301977247417], [0.7483102119990942, 41.24292976359613], [0.7483133031736868, 41.242839754716485], [0.7481940525316589, 41.24283742148062], [0.7481971438556024, 41.24274741260672], [0.7482002351655234, 41.24265740373122], [0.748203326461422, 41.24256739485412], [0.7482064177432991, 41.2424773859754], [0.7480871677687786, 41.24247505264553], [0.7480902592000026, 41.24238504377257], [0.747971009402874, 41.24238271032665], [0.7479741009834437, 41.24229270145943], [0.7478548513637072, 41.24229036789746], [0.7478579430936216, 41.24220035903599], [0.7477386936512762, 41.24219802535798], [0.7477417855305343, 41.242108016502236], [0.7476225362655804, 41.24210568270818], [0.7475032870146523, 41.24210334879073], [0.7473840377777504, 41.242101014749885], [0.7472647885548749, 41.242098680585656], [0.7471455393460279, 41.24209634629802], [0.7470262901512084, 41.242094011887], [0.7469070409704183, 41.24209167735259], [0.7469039479475945, 41.242181686156876], [0.7469008549107405, 41.24227169495958], [0.7468977618598568, 41.24236170376065], [0.7467785122029957, 41.2423593690808], [0.7467754189747133, 41.24244937787294], [0.7467723257323999, 41.242539386663466], [0.7467692324760555, 41.242629395452404], [0.7466499823431179, 41.24262706062709], [0.7466530757628315, 41.24253705184552], [0.7465338258072949, 41.242534716904174], [0.7464145758657909, 41.24253238183943], [0.7462953259383194, 41.24253004665131], [0.7462984198341096, 41.24244003789018], [0.7463015137158652, 41.24235002912745], [0.7463046075835873, 41.24226002036312], [0.7463077014372757, 41.24217001159718], [0.7463107952769307, 41.24208000282963], [0.7463138891025518, 41.241989994060496], [0.746194640169317, 41.241987658793086], [0.7460753912501165, 41.24198532340228], [0.7460784853884335, 41.24189531464624], [0.7461977341442696, 41.241897650029685], [0.7463169829141392, 41.24189998528975], [0.746436231698043, 41.241902320426426], [0.7465554804959798, 41.2419046554397], [0.7465585739668061, 41.24181464665265], [0.7465616674236006, 41.24172463786401], [0.7465647608663637, 41.241634629073744], [0.7465678542950954, 41.24154462028189], [0.7466871024536119, 41.24154695514237], [0.7466901957049501, 41.241456946341565], [0.7468094437141367, 41.241459281071315], [0.7468063506261594, 41.24154928987947], [0.7469255988127371, 41.24155162449318], [0.7470448470133451, 41.24155395898349], [0.74716409522798, 41.24155629335043], [0.7472833434566445, 41.241558627593946], [0.7474025916993351, 41.2415609617141], [0.7474056839705056, 41.241470952869186], [0.7474087762276509, 41.24138094402268], [0.7475280241576453, 41.24138327800475], [0.7476472721016664, 41.241385611863414], [0.7477665200597121, 41.24138794559869], [0.7477634282926493, 41.24147795446726], [0.74788267642808, 41.24148028808649], [0.7478795848103559, 41.24157029696079], [0.7478764931786077, 41.24166030583348], [0.7478734015328358, 41.24175031470458], [0.7479926501723769, 41.24175264822246], [0.7481118988259412, 41.241754981616964], [0.7481088074928746, 41.241844990501136], [0.7481057161457849, 41.24193499938371], [0.7481026247846735, 41.24202500826469], [0.7480995334095396, 41.24211501714406], [0.7480964420203832, 41.24220502602182], [0.7482156915047982, 41.24220735932967], [0.7483349410032346, 41.242209692514116], [0.7484541905156922, 41.24221202557517], [0.748457281414747, 41.24212201667536], [0.7484603722997816, 41.24203200777396], [0.7485796214995254, 41.24203434069692], [0.7486988707132891, 41.24203667349649], [0.7488181199410711, 41.242039006172675], [0.7488212103219881, 41.241948997247626], [0.7488243006888865, 41.241858988320985], [0.7488273910417674, 41.24176897939274], [0.7488304813806311, 41.24167897046288], [0.748833571705477, 41.24158896153142], [0.7487143232945175, 41.241586628891966], [0.7487174137687079, 41.241496619966256], [0.7485981655351279, 41.24149428721074], [0.7484789173155687, 41.24149195433184], [0.7483596691100285, 41.241489621329556], [0.7483627600602851, 41.24139961242427], [0.748365850996521, 41.241309603517394], [0.748368941918737, 41.24121959460889], [0.7482496942172989, 41.241217261505255], [0.7481304465298818, 41.241214928278225], [0.7481335377647956, 41.24112491938283], [0.7481366289856877, 41.24103491048583], [0.7480173816390093, 41.2410325771501], [0.7478981343063538, 41.24103024369098], [0.7479012258399388, 41.24094023480707], [0.7479043173595011, 41.24085022592156], [0.7477850703675819, 41.24084789235375], [0.7477881620364774, 41.24075788347398], [0.7479074088650405, 41.240760217034435], [0.7480266557076263, 41.24076255047152], [0.7481459025642349, 41.240764883785204], [0.7481489937290405, 41.240674874881805], [0.7481520848798255, 41.2405848659768], [0.7481551760165895, 41.240494857070175], [0.7481582671393315, 41.24040484816197], [0.7481613582480534, 41.24031483925215], [0.748042112208214, 41.24031250597518], [0.7479228661823962, 41.24031017257484], [0.7478036201706011, 41.240307839051106], [0.7476843741728295, 41.24030550540399], [0.7475651281890808, 41.24030317163348], [0.747445882219358, 41.240300837739596], [0.7473266362636604, 41.24029850372232], [0.7472073903219886, 41.24029616958167], [0.7470881443943437, 41.24029383531763], [0.7470912369592053, 41.240203826472325], [0.7469719912089392, 41.240201492092254], [0.746852745472701, 41.24019915758879], [0.7467334997504917, 41.24019682296195], [0.7466142540423124, 41.24019448821172], [0.7464950083481641, 41.24019215333811], [0.7463757626680467, 41.240189818341115], [0.7463788561989804, 41.240099809538336], [0.7462596106962449, 41.240097474425305], [0.7461403652075417, 41.24009513918889], [0.7460211197328719, 41.2400928038291], [0.7460180257118895, 41.24018281260984], [0.7460149316768729, 41.24027282138897], [0.746011837627821, 41.24036283016651], [0.7460087435647356, 41.240452838942446], [0.7461279896928078, 41.240455174331636], [0.7462472358349138, 41.24045750959746], [0.7462441420844989, 41.24054751838649], [0.7462410483200506, 41.24063752717393], [0.7462379545415699, 41.24072753595975], [0.7462348607490551, 41.24081754474399], [0.7462317669425078, 41.240907553526604], [0.746228673121927, 41.24099756230763], [0.7462255792873128, 41.24108757108704], [0.7462224854386648, 41.24117757986487], [0.7462193915759838, 41.24126758864108], [0.7461001439636779, 41.24126525330909], [0.7460970499236035, 41.241355262076354], [0.7460939558694948, 41.24144527084201], [0.746090861801352, 41.24153527960606], [0.7459716137130009, 41.24153294412862], [0.7459685194674618, 41.241622952883716], [0.7459654252078873, 41.24171296163722], [0.7458461768068472, 41.24171062602169], [0.7457269284198444, 41.24170829028278], [0.7457238338195089, 41.24179829901996], [0.7456045852831807, 41.241795963150295], [0.7456014905054446, 41.24188597187853], [0.7455983957136711, 41.24197598060514], [0.7455953009078594, 41.24206598933017], [0.7457145499342805, 41.242068325221894], [0.7457114552777967, 41.24215833395267], [0.7457083606072751, 41.242248342681854], [0.7457052659227169, 41.242338351409416], [0.7455860164061966, 41.24233601549563], [0.7454667669037148, 41.242333679458454], [0.7453475174152717, 41.242331343297884], [0.7452282679408678, 41.24232900701392], [0.7452313632788945, 41.24223899831577], [0.7452344586028805, 41.24214898961601], [0.7452375539128264, 41.242058980914656], [0.745118304942562, 41.24205664452937], [0.7449990559863378, 41.242054308020684], [0.7448798070441552, 41.24205197138861], [0.7447605581160153, 41.242049634633155], [0.7446413092019187, 41.2420472977543], [0.7445220603018666, 41.24204496075205], [0.7444028114158587, 41.2420426236264], [0.7444059078553141, 41.241952614974956], [0.7444090042807251, 41.24186260632188], [0.7442897557354902, 41.24186026908757], [0.7441705072043001, 41.24185793172986], [0.744051258687157, 41.24185559424878], [0.744048161771656, 41.241945602879774], [0.7439289131051982, 41.24194326526793], [0.7439258160122858, 41.24203327388996], [0.7438065671965121, 41.242030936147366], [0.7438034699261876, 41.24212094476042], [0.7436842209610979, 41.24211860688708], [0.7436811235133585, 41.242208615491194], [0.7435618743989537, 41.24220627748709], [0.743558776773799, 41.24229628608223], [0.743555679134593, 41.24238629467577], [0.7434364297075075, 41.24238395653355], [0.7433171802944725, 41.242381618267956], [0.7431979308954908, 41.24237927987896], [0.7431948327521326, 41.24246928844881], [0.7431917345947209, 41.24255929701707], [0.7430724848830564, 41.24255695848995], [0.7430755832038358, 41.24246694992906], [0.7430786815105608, 41.24237694136658], [0.7430817798032316, 41.242286932802486], [0.7430848780818496, 41.2421969242368], [0.7430879763464139, 41.24210691566949], [0.7429687274656352, 41.242104577055805], [0.7428494785989102, 41.24210223831872], [0.7428525771761488, 41.24201222976455], [0.7427333284868435, 41.24200989091143], [0.7427364272133897, 41.24191988236303], [0.7428556757393319, 41.241922221208775], [0.7428587742884608, 41.24183221265139], [0.7429780226650957, 41.24183455136639], [0.7429749242793297, 41.241924559931135], [0.7429718258795098, 41.24201456849427], [0.7430910745969246, 41.2420169071006], [0.7432103233283933, 41.242019245583535], [0.7432072252412467, 41.24210925415979], [0.7433264741501324, 41.2421115925267], [0.7434457230730698, 41.242113930770216], [0.7435649720100583, 41.24211626889035], [0.7435680696071125, 41.242026260292], [0.743571167190115, 41.24193625169206], [0.7435742647590681, 41.24184624309049], [0.74357736231397, 41.241756234487355], [0.7435804598548221, 41.24166622588259], [0.7434612117346472, 41.24166388779928], [0.7433419636285232, 41.24166154959256], [0.7432227155364517, 41.24165921126245], [0.7432258135533351, 41.24156920267818], [0.7433450614820465, 41.241571541000916], [0.7434643094248101, 41.24157387920026], [0.7434674071009209, 41.24148387059966], [0.7435866548943753, 41.24148620866826], [0.7435897523930763, 41.2413962000587], [0.7435928498777281, 41.24130619144753], [0.7437120973585148, 41.24130852937802], [0.743831344853351, 41.24131086718512], [0.7439505923622356, 41.24131320486884], [0.7439536893427634, 41.24122319623398], [0.7439567863092436, 41.24113318759753], [0.7439598832616764, 41.241043178959465], [0.7439629802000619, 41.2409531703198], [0.7440822270695668, 41.24095550785069], [0.7442014739531182, 41.24095784525821], [0.7442045705507458, 41.24086783660223], [0.7443238172849889, 41.24087017387898], [0.7444430640332764, 41.24087251103236], [0.7445623107956081, 41.24087484806234], [0.744565406889127, 41.24078483938269], [0.744684653502148, 41.240787176281934], [0.7448039001292118, 41.24078951305779], [0.7449231467703179, 41.24079184971027], [0.7450423934254657, 41.24079418623935], [0.7450454888515253, 41.240704177528656], [0.7451647353573592, 41.24070651392701], [0.7452839818772332, 41.24070885020196], [0.7452870769625445, 41.24061884147496], [0.7454063233331037, 41.240621177619175], [0.7455255697177021, 41.240623513640024], [0.7455286644622686, 41.24053350489671], [0.7455317591927981, 41.240443496151784], [0.7455348539092903, 41.240353487405265], [0.7455379486117446, 41.24026347865715], [0.7455410433001625, 41.24017346990741], [0.7455441379745424, 41.24008346115609], [0.7455472326348855, 41.23999345240316], [0.745550327281192, 41.23990344364862], [0.7454310822033962, 41.23990110768663], [0.7454341769990122, 41.23981109893786], [0.7453149320986014, 41.23980876285983], [0.7451956872122293, 41.23980642665842], [0.7450764423398957, 41.23980409033362], [0.7450733470542392, 41.239894099060336], [0.7450702517545427, 41.23998410778545], [0.7450671564408063, 41.24007411650896], [0.7449479110924714, 41.24007178003872], [0.7449510065695554, 41.23998177132256], [0.7449541020325993, 41.239891762604806], [0.7448348570250003, 41.2398894260259], [0.7448379526373498, 41.23979941731389], [0.7447187078071386, 41.23979708061897], [0.7447218035687925, 41.239707071912704], [0.7446025589159692, 41.23970473510174], [0.7444833142771885, 41.239702398167395], [0.7444864103514904, 41.23961238947426], [0.7443671658900977, 41.23961005242389], [0.7443702621137008, 41.23952004373651], [0.7443733583232595, 41.23943003504752], [0.7442541142025982, 41.239427697888495], [0.7441348700959816, 41.239425360606084], [0.7441379666181812, 41.23933535193021], [0.7440187226889529, 41.23933301453178], [0.743899478773771, 41.23933067700997], [0.7437802348726349, 41.23932833936477], [0.743777137860408, 41.239418348018575], [0.7436578938099778, 41.23941601024265], [0.7436547966203607, 41.23950601888747], [0.7435355524206362, 41.23950368098081], [0.7434163082349609, 41.23950134295075], [0.7434194057512639, 41.23941133432064], [0.7434225032535172, 41.23932132568893], [0.7434256007417205, 41.23923131705561], [0.7433063570601217, 41.23922897892425], [0.7433094546976154, 41.2391389702967], [0.7431902111934061, 41.23913663204934], [0.743070967703249, 41.239134293678596], [0.7429517242271435, 41.239131955184476], [0.7429486260996285, 41.23922196378995], [0.7429455279580607, 41.23931197239382], [0.7429424298024399, 41.23940198099611], [0.7430616737685682, 41.23940431951231], [0.7430585757622371, 41.23949432812033], [0.7431778199057606, 41.239496666520516], [0.7432970640633353, 41.23949900479734], [0.7432939663696392, 41.239589013418474], [0.7431747220487207, 41.23958667513431], [0.7430554777418543, 41.23958433672675], [0.7429362334490401, 41.239581998195824], [0.7428169891702792, 41.23957965954152], [0.7426977449055718, 41.239577320763814], [0.7427008434159846, 41.239487312179484], [0.742703941912343, 41.23939730359354], [0.7427070403946465, 41.239307295006], [0.7427101388628967, 41.239217286416846], [0.7427132373170916, 41.2391272778261], [0.7427163357572328, 41.23903726923375], [0.7427194341833196, 41.23894726063979], [0.7426001910760524, 41.23894492179027], [0.7424809479828396, 41.23894258281736], [0.7423617049036825, 41.23894024372108], [0.7422424618385818, 41.23893790450143], [0.7421232187875372, 41.238935565158386], [0.742003975750551, 41.23893322569197], [0.74200707514261, 41.238843217140584], [0.7418878322830197, 41.23884087755817], [0.7417685894374881, 41.23883853785237], [0.7416493466060163, 41.238836198023186], [0.7416462467239452, 41.23892620655247], [0.741643146827814, 41.23901621508014], [0.741523903683727, 41.239013875112846], [0.7415270037431971, 41.238923866592536], [0.741530103788605, 41.238833858070635], [0.7414108609852551, 41.238831517994704], [0.7414139611799383, 41.23874150947855], [0.7415332038199522, 41.23874384954712], [0.7416524464740271, 41.2387461894923], [0.7417716891421623, 41.238748529314115], [0.7417747888327764, 41.238658520774266], [0.7417778885093312, 41.23856851223281], [0.7417809881718257, 41.238478503689755], [0.7417840878202616, 41.238388495145095], [0.7416648458054652, 41.23838615535275], [0.741545603804728, 41.23838381543703], [0.74154870376577, 41.23829380690549], [0.7415518037127506, 41.23820379837236], [0.7415549036456706, 41.23811378983762], [0.7416741451564107, 41.23811612973124], [0.7417933866812113, 41.238118469501494], [0.7417964862734091, 41.238028460950424], [0.7417995858515477, 41.237938452397756], [0.741918827063747, 41.237940792029896], [0.7420380682900041, 41.23794313153866], [0.7420411675274261, 41.23785312296964], [0.7421604086044117, 41.23785546234767], [0.7422796496954542, 41.23785780160234], [0.7423988908005524, 41.237860140733616], [0.7425181319197066, 41.23786247974154], [0.7425212304897553, 41.23777247114147], [0.7425243290457498, 41.23768246253979], [0.7425274275876903, 41.23759245393651], [0.7424081869585204, 41.23759011495069], [0.7424112856497327, 41.237500106353174], [0.74241438432689, 41.23741009775405], [0.7425336246294071, 41.23741243672514], [0.7425367231291845, 41.23732242811705], [0.7425398216149071, 41.237232419507365], [0.742542920086576, 41.23714241089607], [0.7425460185441912, 41.237052402283176], [0.7425491169877524, 41.23696239366867], [0.7424298775018531, 41.23696005473439], [0.7423106380300087, 41.236957715676745], [0.7421913985722196, 41.23695537649573], [0.7421882996386916, 41.237045385088145], [0.7421852006911088, 41.23713539367894], [0.7421821017294691, 41.237225402268145], [0.7421790027537732, 41.23731541085574], [0.7421759037640207, 41.23740541944175], [0.742056663503671, 41.237403080100535], [0.7420535643365365, 41.23749308867757], [0.7420504651553451, 41.23758309725299], [0.7419312245824002, 41.23758075777367], [0.7418119840235134, 41.237578418171], [0.7416927434786859, 41.23757607844495], [0.7415735029479171, 41.237573738595536], [0.7415766027824136, 41.23748373004957], [0.74157970260285, 41.237393721501995], [0.7416989428069666, 41.23739606133669], [0.7417020424500183, 41.23730605278015], [0.7418212825048698, 41.2373083924841], [0.7419405225737798, 41.23731073206469], [0.7419436218761242, 41.23722072349183], [0.7419467211644104, 41.23713071491734], [0.741949820438639, 41.237040706341276], [0.7419529196988107, 41.23695069776358], [0.7418336802831919, 41.23694835821247], [0.7417144408816317, 41.23694601853798], [0.7417175404543869, 41.23685600997344], [0.7417206400130835, 41.23676600140728], [0.7418398790880025, 41.23676834106704], [0.7419591181769801, 41.23677068060343], [0.7419622173949785, 41.23668067202094], [0.7419653165989196, 41.23659066343685], [0.7419684157888031, 41.23650065485116], [0.7420876544018818, 41.23650299424207], [0.7420907534143909, 41.23641298564741], [0.7422099918782081, 41.2364153249076], [0.7422068930290158, 41.23650533350965], [0.7423261316702058, 41.236507672653836], [0.7424453703254515, 41.23651001167467], [0.742564608994751, 41.23651235057213], [0.7425677073539904, 41.23642234194799], [0.7426869458740247, 41.23642468071473], [0.7426838476781032, 41.23651468934622], [0.7428030863755095, 41.23651702799694], [0.7427999883288542, 41.23660703663418], [0.7427968902681471, 41.236697045269814], [0.7429161293062422, 41.2366993838119], [0.7430353683583893, 41.23670172223061], [0.7431546074245874, 41.236704060525966], [0.7432738465048351, 41.23670639869795], [0.7433930855991325, 41.236708736746564], [0.7433961828432417, 41.23661872807411], [0.7435154217882669, 41.236621065992004], [0.7435185188550093, 41.236531057310586], [0.7435216159077044, 41.236441048627576], [0.7435247129463513, 41.23635103994295], [0.7435278099709509, 41.23626103125673], [0.7435309069815031, 41.236171022568904], [0.7434116688530654, 41.236168684687826], [0.7434147660128856, 41.23607867600577], [0.7432955280618111, 41.23607633800867], [0.7431762901247855, 41.23607399988822], [0.7430570522018088, 41.2360716616444], [0.743060149837525, 41.235981652982815], [0.7429409120919132, 41.235979314622995], [0.7428216743603522, 41.2359769761398], [0.7428247723086445, 41.23588696749134], [0.742827870242886, 41.23579695884128], [0.7427086328520022, 41.23579462024946], [0.7427117309355039, 41.235704611605144], [0.7427148290049539, 41.23561460295923], [0.7427179270603518, 41.23552459431171], [0.7425986901734539, 41.23552225561862], [0.7424794533006086, 41.235519916802154], [0.7424825516685735, 41.23542990816776], [0.7424856500224848, 41.235339899531766], [0.7423664134903117, 41.23533756060667], [0.7422471769721917, 41.23533522155821], [0.7421279404681272, 41.2353328823864], [0.7420087039781185, 41.23533054309121], [0.7418894675021653, 41.235328203672665], [0.7417702310402695, 41.23532586413077], [0.7416509945924318, 41.235323524465485], [0.7416540940754447, 41.23523351587945], [0.7415348578049721, 41.23523117609819], [0.7415379574372334, 41.2351411675179], [0.7414187213441268, 41.235138827620645], [0.7412994852650803, 41.23513648760003], [0.7411802492000946, 41.23513414745606], [0.7410610131491697, 41.235131807188715], [0.7409417771123066, 41.23512946679802], [0.7409448775470389, 41.23503945825297], [0.7408256416875436, 41.23503711774627], [0.7407064058421129, 41.235034777116226], [0.740587170010746, 41.23503243636282], [0.7405840690860974, 41.23512244488576], [0.7404648331054903, 41.23512010400163], [0.7403455971389488, 41.235117762994115], [0.7403424958736237, 41.23520777150071], [0.7402232597578422, 41.23520543036249], [0.7402201583151437, 41.23529543886011], [0.7401009220501237, 41.235293097591146], [0.7401040236561287, 41.2352030891009], [0.7401071252480657, 41.23511308060905], [0.7399878893237253, 41.235110739231466], [0.7398686534134541, 41.23510839773053], [0.7397494175172517, 41.235106056106225], [0.7396301816351201, 41.23510371435856], [0.7395109457670584, 41.23510137248755], [0.7395140481614529, 41.235011364030946], [0.7393948124707681, 41.23500902204394], [0.7392755767941559, 41.23500667993357], [0.7392786795010865, 41.234916671490105], [0.7391594440018511, 41.23491432926376], [0.7390402085166893, 41.23491198691405], [0.7389209730456018, 41.234909644440975], [0.7389178698487602, 41.234999652862314], [0.738914766637843, 41.235089661282046], [0.738911663412851, 41.23517966970017], [0.738908560173783, 41.235269678116694], [0.73902779629809, 41.235272020619256], [0.7391470324364714, 41.23527436299847], [0.7392662685889263, 41.235276705254314], [0.7392631658257035, 41.235366713691356], [0.739260063048408, 41.235456722126784], [0.7392569602570381, 41.23554673056062], [0.7392538574515948, 41.23563673899285]], [[0.7470187273022124, 41.24578670656259], [0.7470218205594971, 41.2456966978077], [0.7471410763035836, 41.245699032389304], [0.7472603320617003, 41.2457013668475], [0.7473795878338473, 41.24570370118228], [0.7473764950667513, 41.24579370995921], [0.7472572391312081, 41.24579137561709], [0.7471379832096952, 41.245789041151546], [0.7471348901017753, 41.24587904991218], [0.7470156340308959, 41.24587671531589], [0.7470187273022124, 41.24578670656259]], [[0.7428711683444266, 41.24147217840583], [0.742751920635289, 41.241469839596895], [0.7426326729402061, 41.241467500664584], [0.7426357717457783, 41.24137749211391], [0.7426388705372946, 41.24128748356165], [0.7425196231829841, 41.24128514452065], [0.7425227221238015, 41.241195135974145], [0.7425258210505625, 41.24110512742603], [0.7424065740370218, 41.24110278827639], [0.7422873270375384, 41.24110044900337], [0.7422904262769535, 41.24101044046837], [0.7422935255023116, 41.24092043193177], [0.7421742788435961, 41.24091809255009], [0.7421773782182495, 41.24082808401927], [0.7421804775788444, 41.24073807548684], [0.7420612312608943, 41.2407357359965], [0.7420643307707837, 41.24064572746982], [0.7419450846302449, 41.240643387863464], [0.7419481842894268, 41.24055337934254], [0.7419512839345482, 41.24046337082003], [0.7419543835656108, 41.24037336229591], [0.7419574831826129, 41.2402833537702], [0.7419605827855559, 41.24019334524287], [0.7420798281093445, 41.2401956848124], [0.7421990734471917, 41.24019802425855], [0.7422021727093798, 41.24010801571488], [0.7422052719575101, 41.24001800716962], [0.7422083711915821, 41.239927998622754], [0.7422114704115966, 41.239837990074285], [0.7420922257271368, 41.2398356506576], [0.7420953250964382, 41.2397456421149], [0.7420984244516818, 41.23965563357058], [0.7419791801079684, 41.239653294045254], [0.7418599357783149, 41.23965095439653], [0.7417406914627215, 41.23964861462443], [0.7417437912939364, 41.239558606100616], [0.7417468911110905, 41.2394685975752], [0.7417499909141849, 41.23937858904817], [0.7417530907032193, 41.23928858051955], [0.7418723343654444, 41.239290920262185], [0.7418692347397519, 41.23938092879818], [0.7418661350999988, 41.239470937332555], [0.7418630354461868, 41.23956094586535], [0.7419822796124973, 41.2395632855067], [0.7421015237928666, 41.23956562502467], [0.7422207679872944, 41.23956796441926], [0.7422176688094526, 41.239657972972545], [0.7422145696175534, 41.23974798152422], [0.7423338141527259, 41.23975032081016], [0.7423307151101145, 41.239840329367595], [0.7424499598226892, 41.23984266853752], [0.7424468609293662, 41.23993267710071], [0.7424437620219871, 41.24002268566232], [0.742440663100552, 41.2401126942223], [0.7424375641650597, 41.240202702780685], [0.7424344652155108, 41.240292711337474], [0.7424313662519063, 41.24038271989265], [0.7425506119586243, 41.24038505898338], [0.7426698576793966, 41.24038739795073], [0.7427891034142251, 41.24038973679469], [0.7427860049266145, 41.240479745370344], [0.7427829064249498, 41.24056975394441], [0.742779807909231, 41.24065976251687], [0.7428990541481674, 41.24066210125954], [0.7428959557817458, 41.240752109837764], [0.7428928574012706, 41.240842118414385], [0.7428897590067417, 41.2409321269894], [0.7428866605981579, 41.241022135562815], [0.7428835621755204, 41.24111214413462], [0.7428804637388284, 41.24120215270484], [0.7428773652880825, 41.241292161273435], [0.7429966126845583, 41.24129449994425], [0.7431158600950879, 41.24129683849168], [0.7431127619570035, 41.24138684707341], [0.7431096638048658, 41.24147685565353], [0.7429904160676197, 41.24147451709138], [0.7428711683444266, 41.24147217840583]], [[0.7411289666450581, 41.2400869563241], [0.7412482117070681, 41.24008929674993], [0.7412451111380989, 41.24017930523466], [0.7412420105550657, 41.24026931371779], [0.7412389099579696, 41.24035932219931], [0.7411196644059154, 41.240356981751376], [0.7410004188679267, 41.24035464118004], [0.7410035197917209, 41.240264632713256], [0.74100662070145, 41.24017462424487], [0.741009721597113, 41.24008461577488], [0.7411289666450581, 41.2400869563241]], [[0.7398004079552211, 41.237088583856554], [0.7396811684661225, 41.23708624207006], [0.7396842708434669, 41.23699623363401], [0.7398035101692435, 41.23699857541313], [0.7398004079552211, 41.237088583856554]], [[0.7397370091054126, 41.23546608997556], [0.739733906967277, 41.23555609843889], [0.7396146702686096, 41.23555375665436], [0.7396177725700539, 41.23546374819841], [0.7397370091054126, 41.23546608997556]], [[0.7401798382799099, 41.236465549183286], [0.7401767366402626, 41.23655555765846], [0.740295975205722, 41.23655789890726], [0.7402928737153238, 41.23664790738819], [0.7402897722108577, 41.23673791586753], [0.7402866706923243, 41.236827924345256], [0.7404059097618068, 41.236830265492806], [0.740402808392526, 41.23692027397629], [0.7405220476393959, 41.236922615007835], [0.7406412869003329, 41.236924955916], [0.7406381858436257, 41.23701496441265], [0.7406350847728532, 41.23710497290768], [0.7406319836880151, 41.23719498140111], [0.7405127439371129, 41.23719264047083], [0.7403935042002778, 41.237190299417186], [0.7402742644775099, 41.237187958240156], [0.7401550247688105, 41.23718561693977], [0.740158126506938, 41.237095608475826], [0.7401612282309968, 41.23700560001027], [0.7401643299409872, 41.23691559154312], [0.7401674316369088, 41.23682558307436], [0.7400481925955621, 41.236823241680085], [0.7400512944407348, 41.236733233217095], [0.7399320555767763, 41.23673089170682], [0.7399351575711978, 41.2366408832496], [0.7399382595515488, 41.23655087479077], [0.7400574980888707, 41.2365532162863], [0.7400605998918355, 41.23646320781851], [0.7400637016807323, 41.23637319934909], [0.7401829399054899, 41.23637554070651], [0.7401798382799099, 41.236465549183286]], [[0.740549957986665, 41.23611253853227], [0.7405530590660317, 41.23602253002698], [0.7406722966937992, 41.23602487086145], [0.7406691957777465, 41.23611487937412], [0.740549957986665, 41.23611253853227]], [[0.7403176852446208, 41.235927839495766], [0.7401984478223653, 41.23592549829858], [0.740201549363537, 41.23583548981217], [0.7403207866224802, 41.235837831001994], [0.7404400238954907, 41.23584017206846], [0.7404369226809436, 41.235930180569596], [0.7403176852446208, 41.235927839495766]], [[0.7402077524036761, 41.23565547283458], [0.7402046508906404, 41.235745481324166], [0.7400854138090754, 41.23574314001835], [0.7400885154854215, 41.235653131536125], [0.7402077524036761, 41.23565547283458]], [[0.7402401462261375, 41.238178051318826], [0.7403593877454994, 41.23818039257692], [0.7403562861652028, 41.23827040103637], [0.7402370444825096, 41.2382680597709], [0.7402401462261375, 41.238178051318826]], [[0.7401240066137335, 41.238085701491045], [0.7401271084925529, 41.23799569304313], [0.7402463496711863, 41.23799803440986], [0.7402432479556963, 41.238088042865144], [0.7401240066137335, 41.238085701491045]], [[0.7400078673279895, 41.23799335155304], [0.7400109693560679, 41.237903343110894], [0.7401302103573028, 41.23790568459362], [0.7401271084925529, 41.23799569304313], [0.7400078673279895, 41.23799335155304]], [[0.741877070736004, 41.23568823805974], [0.7419963078651949, 41.235690577507754], [0.7419994069145106, 41.23560056890601], [0.7421186438944476, 41.23560290822329], [0.7422378808884403, 41.235605247417205], [0.7422347821657461, 41.23569525603366], [0.7421155450084427, 41.235692916832384], [0.7421124461083825, 41.23578292543987], [0.7421093471942662, 41.23587293404575], [0.7419901097243946, 41.23587059470639], [0.7419932088018235, 41.23578058610786], [0.7418739715093211, 41.235778246652494], [0.741877070736004, 41.23568823805974]], [[0.7412808853009217, 41.235676538969265], [0.7414001223598188, 41.23567887903409], [0.7415193594327764, 41.23568121897555], [0.7415162597161596, 41.2357712275462], [0.7415131599854828, 41.235861236115255], [0.7416323973991231, 41.23586357594808], [0.741629297817699, 41.2359535845229], [0.7415100602407456, 41.23595124468272], [0.7413908226778531, 41.23594890471916], [0.7413939225859019, 41.235858896159066], [0.7412746852003816, 41.23585655607952], [0.741277785257682, 41.23576654752519], [0.7411585480495345, 41.235764207329645], [0.7411616482560847, 41.23567419878108], [0.7412808853009217, 41.235676538969265]], [[0.7417561904781932, 41.23919857198931], [0.7416369469933682, 41.23919623213067], [0.7416400469176211, 41.23910622360621], [0.7417592902391067, 41.23910856345749], [0.7417561904781932, 41.23919857198931]], [[0.7423848801109959, 41.24173284802798], [0.7423879792854576, 41.24164283949686], [0.7425072272791466, 41.24164517869069], [0.7425041282680453, 41.24173518722918], [0.7423848801109959, 41.24173284802798]], [[0.7464719514793594, 41.24433489208424], [0.7465912047024346, 41.2443372271726], [0.7467104579395423, 41.24433956213757], [0.746829711190683, 41.24434189697912], [0.7468328045502451, 41.244251888213306], [0.7468358978957751, 41.24416187944586], [0.7468389912272733, 41.244071870676834], [0.7469582440022957, 41.24407420537294], [0.7470774967913484, 41.24407653994565], [0.7470744037866152, 41.24416654872938], [0.7470713107678518, 41.24425655751151], [0.7470682177350583, 41.24434656629205], [0.7470651246882349, 41.24443657507097], [0.7470620316273813, 41.244526583848305], [0.747058938552497, 41.244616592624034], [0.7469396847831374, 41.24461425800722], [0.7469427780214075, 41.24452424923886], [0.7468235244294644, 41.244521914505995], [0.7467042708515534, 41.244519579649726], [0.7465850172876751, 41.244517244670064], [0.7464657637378302, 41.24451490956699], [0.7463465102020191, 41.24451257434052], [0.7463496042431861, 41.244422565607294], [0.7464688576156118, 41.244424900826424], [0.7464719514793594, 41.24433489208424]], [[0.7471781923358877, 41.24461892711743], [0.7472974461333077, 41.24462126148744], [0.7474166999447569, 41.24462359573403], [0.7474136073460048, 41.24471360453019], [0.7474105147332242, 41.244803613324756], [0.7474074221064153, 41.24489362211772], [0.7472881678048013, 41.244891287849086], [0.7472850750005744, 41.24498129663309], [0.7471658205496005, 41.24497896223369], [0.7471689135172168, 41.244888953457036], [0.7471720064708038, 41.24479894467876], [0.7470527523606383, 41.24479661017065], [0.747055845463583, 41.24470660139814], [0.747058938552497, 41.244616592624034], [0.7471781923358877, 41.24461892711743]], [[0.7461544172177987, 41.24315777257134], [0.746151323046361, 41.24324778131229], [0.7461482288608883, 41.24333779005164], [0.7460289774911324, 41.243335454550554], [0.7459097261354134, 41.24333311892606], [0.7459128206476368, 41.24324311020142], [0.7459159151458244, 41.24315310147517], [0.7457966641308911, 41.243150765741994], [0.7457997587784153, 41.243060757021496], [0.7458028534119026, 41.2429707482994], [0.7456836027377546, 41.242968412457515], [0.7456866975205768, 41.24287840374117], [0.7458059480313524, 41.24288073957568], [0.7459251985561666, 41.2428830752868], [0.7460444490950162, 41.24288541087453], [0.7460475433736851, 41.24279540213452], [0.7461667937631988, 41.24279773759149], [0.7462860441667476, 41.242800072925064], [0.7462829502148218, 41.24289008167979], [0.7462798562488615, 41.24298009043291], [0.7463991069931885, 41.24298242565779], [0.7463960131765682, 41.24307243441666], [0.7462767622688673, 41.243070099184415], [0.746273668274839, 41.24316010793432], [0.7461544172177987, 41.24315777257134]], [[0.7445700947329174, 41.244117496634004], [0.7446893474045972, 41.24411983368207], [0.7446924436769714, 41.24402982504541], [0.7448116961993142, 41.244032161962714], [0.7449309487357012, 41.244034498756626], [0.7450502012861312, 41.244036835427146], [0.7451694538506041, 41.24403917197426], [0.7451663582317559, 41.24412918064036], [0.7451632625988653, 41.24421918930485], [0.7452825155041438, 41.24422152574327], [0.7452794200205944, 41.24431153441351], [0.7452763245230042, 41.24440154308215], [0.7451570712909588, 41.24439920662902], [0.7450378180729554, 41.24439687005249], [0.7450409138973134, 41.244306861398556], [0.7450440097076286, 41.24421685274302], [0.7449247568304348, 41.244214516057795], [0.7448055039672844, 41.24421217924917], [0.7446862511181777, 41.24420984231714], [0.7445669982831163, 41.24420750526171], [0.7445639018192696, 41.244297513887815], [0.7444446488348713, 41.24429517670163], [0.7444477454621004, 41.244205168082885], [0.7444508420752837, 41.24411515946253], [0.7445700947329174, 41.244117496634004]], [[0.7453955777690914, 41.244403879411884], [0.7453924824208441, 41.24449388808629], [0.7452732290113722, 41.2444915517492], [0.7452763245230042, 41.24440154308215], [0.7453955777690914, 41.244403879411884]], [[0.7442247244214665, 41.24375045031083], [0.7442278212911755, 41.24366044169717], [0.7442309181468367, 41.24357043308192], [0.7443501697961022, 41.24357277045604], [0.7444694214594134, 41.24357510770677], [0.7445886731367708, 41.24357744483409], [0.7445855767712417, 41.24366745347142], [0.7445824803916677, 41.24375746210714], [0.7445793839980485, 41.24384747074126], [0.7444601318305561, 41.243845133591854], [0.7443408796771099, 41.243842796319065], [0.7442216275377106, 41.24384045892287], [0.7442247244214665, 41.24375045031083]], [[0.7445917694882549, 41.24348743619516], [0.7447110210162808, 41.243489773191726], [0.7447079248281738, 41.24357978183802], [0.7445886731367708, 41.24357744483409], [0.7445917694882549, 41.24348743619516]], [[0.7443904255175787, 41.24240265821624], [0.7445096750570511, 41.2424049953713], [0.744506578710735, 41.24249500402212], [0.7443873290078946, 41.24249266685968], [0.7443904255175787, 41.24240265821624]]]}, "properties": {"area_ha": 42.53, "dnbr_threshold": 0.35, "part": 3, "fire_id": "2024430998", "burn_year": 2024, "source": "sentinel", "aoi_source": "official", "buffer_m": 500.0, "fire_date": "2024-09-12"}}, {"type": "Feature", "geometry": {"type": "Polygon", "coordinates": [[[1.0698479207695948, 41.949581304314705], [1.0698452042736895, 41.94967132057817], [1.0698424877653938, 41.94976133684005], [1.069721903973327, 41.94975930888843], [1.069601320193653, 41.94975728081025], [1.0695986033340574, 41.94984729705784], [1.0694780193973228, 41.94984526884674], [1.069475302355879, 41.94993528508641], [1.069354718262085, 41.949933256742376], [1.0693520010387922, 41.950023272974114], [1.0693492838031036, 41.9501132892043], [1.0692286993827935, 41.95011126072097], [1.0692259819652539, 41.950201276943226], [1.0692232645353172, 41.95029129316392], [1.0692205470929852, 41.950381309383054], [1.0692178296382564, 41.95047132560063], [1.0692151121711315, 41.95056134181665], [1.0693356974387322, 41.95056337033182], [1.069332980128672, 41.95065338655265], [1.0693302628062158, 41.95074340277191], [1.0693275454713635, 41.95083341898962], [1.0693248281241161, 41.950923435205766], [1.0693221107644726, 41.951013451420344], [1.0694426968917796, 41.95101547984079], [1.0695632830314816, 41.95101750813466], [1.069683869183578, 41.95101953630198], [1.0696811523199319, 41.9511095525341], [1.069678435443892, 41.95119956876467], [1.0697990219473124, 41.95120159681814], [1.0699196084631255, 41.95120362474504], [1.0700401949913303, 41.95120565254537], [1.0701607815319265, 41.95120768021914], [1.0702813680849135, 41.95120970776634], [1.0704019546502908, 41.95121173518696], [1.0705225412280566, 41.95121376248102], [1.0705198255258874, 41.95130377875458], [1.0705171098113302, 41.95139379502658], [1.0706376967404185, 41.9513958222068], [1.0707582836818943, 41.951397849260445], [1.0707555682938845, 41.95148786554362], [1.0707528528934889, 41.95157788182522], [1.0706322656130756, 41.95157585475885], [1.0705116783450506, 41.95157382756591], [1.0705089625933277, 41.95166384383323], [1.070506246829217, 41.95175386009899], [1.0703856592346401, 41.95175183276675], [1.070382943288669, 41.95184184902458], [1.070380227330308, 41.951931865280876], [1.0702596394091781, 41.95192983780933], [1.0702569232689547, 41.95201985405768], [1.0701363351907427, 41.95201782645321], [1.0700157471249214, 41.95201579872215], [1.0700130306333613, 41.95210581495621], [1.0700103141294093, 41.95219583118871], [1.0700075976130652, 41.95228584741966], [1.0701281861873089, 41.952287875169816], [1.070125469828048, 41.95237789140556], [1.070122753456396, 41.95246790763976], [1.0702433423819833, 41.95246993527605], [1.0702406261674164, 41.95255995151505], [1.0702379099404595, 41.95264996775249], [1.0702351937011114, 41.95273998398835], [1.0702324774493723, 41.95283000022267], [1.070229761185242, 41.95292001645544], [1.0702270449087212, 41.95301003268663], [1.070224328619809, 41.95310004891627], [1.0702216123185053, 41.95319006514434], [1.0702188960048111, 41.953280081370856], [1.0702161796787244, 41.95337009759582], [1.0702134633402474, 41.95346011381922], [1.0702107469893778, 41.95355013004106], [1.0702080306261172, 41.953640146261336], [1.0702053142504657, 41.95373016248005], [1.0702025978624221, 41.953820178697214], [1.070199881461986, 41.95391019491281], [1.0701971650491588, 41.95400021112684], [1.07019444862394, 41.95409022733932], [1.070191732186329, 41.95418024355024], [1.0701890157363256, 41.9542702597596], [1.0700684234210474, 41.954268231996004], [1.0700657067891592, 41.95435824819744], [1.069945114316782, 41.95435622030089], [1.0699423975030078, 41.954446236494384], [1.0699396806768402, 41.95453625268634], [1.069936963838278, 41.95462626887673], [1.0699342469873223, 41.95471628506555], [1.0700548401376786, 41.954718312987566], [1.0700521234438254, 41.95480832918121], [1.069931530123973, 41.95480630125283], [1.0699288132482296, 41.95489631743854], [1.0699260963600925, 41.954986333622685], [1.0699233794595608, 41.95507634980528], [1.0699206625466349, 41.95516636598631], [1.0700412565444806, 41.95516839394015], [1.0701618505547201, 41.95517042176741], [1.0702824445773522, 41.95517244946808], [1.0702797281605332, 41.95526246566664], [1.0704003223650576, 41.955264493247086], [1.0703976061053477, 41.955354509450466], [1.0705182004917648, 41.95535653691068], [1.0705154843891662, 41.955446553118854], [1.0706360789574754, 41.95544858045885], [1.070633363011989, 41.955538596671836], [1.0707539577621927, 41.9555406238916], [1.070874552524784, 41.95554265098479], [1.0708718369059151, 41.955632667208945], [1.0708691212746577, 41.95572268343154], [1.0709897163886464, 41.955724710410855], [1.071110311515023, 41.95572673726359], [1.0711075962103884, 41.95581675349734], [1.0712281915186577, 41.95581878022984], [1.0712254763711424, 41.9559087964684], [1.071346071861304, 41.95591082308068], [1.0714666673638513, 41.95591284956637], [1.071587262878783, 41.95591487592548], [1.0717078584060988, 41.95591690215797], [1.0718284539457983, 41.95591892826389], [1.0718257396334334, 41.9560089445327], [1.0718230253086862, 41.95609896079993], [1.0719436211997833, 41.95610098679198], [1.0720642171032626, 41.95610301265744], [1.0720615031051506, 41.956193028935836], [1.0721820991905198, 41.95619505468106], [1.07230269528827, 41.95619708029969], [1.072299981616797, 41.95628709658925], [1.0724205778964364, 41.95628912208765], [1.0725411741884543, 41.95629114745945], [1.072538460843624, 41.95638116376017], [1.0726590573175312, 41.956383189011746], [1.0727796538038157, 41.956385214136716], [1.0727769407856313, 41.95647523044858], [1.0728975374538046, 41.95647725545333], [1.0730181341343532, 41.95647928033148], [1.0731387308272773, 41.95648130508303], [1.0732593275325757, 41.956483329708], [1.0732620398727124, 41.95639331337072], [1.0733826364208718, 41.95639533786274], [1.0735032329814045, 41.95639736222816], [1.0736238295543092, 41.95639938646699], [1.073744426139585, 41.956401410579225], [1.073747137789302, 41.95631139421496], [1.0738677342174365, 41.956313418194256], [1.0739883306579399, 41.95631544204696], [1.0739910419562655, 41.95622542566842], [1.0739937532422212, 41.956135409288336], [1.0739964645158095, 41.95604539290668], [1.0739991757770282, 41.95595537652347], [1.0740018870258785, 41.95586536013871], [1.0740045982623607, 41.95577534375238], [1.0740073094864742, 41.9556853273645], [1.0740100206982202, 41.95559531097503], [1.0740127318975972, 41.95550529458404], [1.0740154430846056, 41.95541527819147], [1.0740181542592462, 41.95532526179734], [1.074020865421519, 41.95523524540167], [1.0739002710150962, 41.9552332216252], [1.0737796766210417, 41.95523119772215], [1.0737823881099497, 41.9551411813376], [1.073785099586488, 41.955051164951506], [1.073664505543806, 41.95504914093457], [1.0735439115134933, 41.95504711679106], [1.0734233174955516, 41.95504509252093], [1.0733027234899821, 41.95504306812425], [1.0733054356321508, 41.954953051762004], [1.073308147761947, 41.95486303539822], [1.0731875541077487, 41.95486101088764], [1.0730669604659238, 41.95485898625048], [1.0730696729223443, 41.954768969897835], [1.0731902663946713, 41.95477099452863], [1.073310859879371, 41.95477301903286], [1.0733135719844227, 41.95468300266593], [1.0733162840771022, 41.954592986297456], [1.0733189961574094, 41.954502969927425], [1.0733217082253448, 41.954412953555824], [1.0733244202809078, 41.954322937182674], [1.0733271323240987, 41.954232920807954], [1.0733298443549177, 41.95414290443168], [1.0734504366655238, 41.954144928764826], [1.0734531485144791, 41.95405491238064], [1.073573740667964, 41.954056936580855], [1.0735764523350568, 41.95396692018875], [1.0735791639897796, 41.9538769037951], [1.0735818756321325, 41.95378688739987], [1.0735845872621146, 41.9536968710031], [1.073587298879727, 41.95360685460475], [1.0737078901981332, 41.95360887864661], [1.0737106016338873, 41.953518862240365], [1.0737133130572734, 41.95342884583256], [1.0738339040490734, 41.95343086973513], [1.0739544950532416, 41.953432893511135], [1.0740750860697776, 41.95343491716055], [1.0740777969723359, 41.95334490073211], [1.074080507862528, 41.953254884302126], [1.0742010985524584, 41.95325690781227], [1.074321689254755, 41.95325893119581], [1.0743243997936098, 41.95316891475158], [1.0743271103201009, 41.953078898305755], [1.0743298208342258, 41.952988881858396], [1.0743325313359868, 41.952898865409466], [1.0742119413116253, 41.95289684205132], [1.074214651970503, 41.952806825607176], [1.0743352418253826, 41.95280884895897], [1.0744558316926276, 41.952810872184195], [1.0745764215722367, 41.95281289528283], [1.0746970114642085, 41.9528149182549], [1.074699721432796, 41.95272490178382], [1.0748203111676489, 41.952726924622944], [1.0749409009148632, 41.95272894733551], [1.0750614906744385, 41.95273096992148], [1.0750642001222221, 41.95264095342979], [1.0750669095576466, 41.95255093693652], [1.0750696189807105, 41.9524609204417], [1.0749490297295752, 41.95245889787476], [1.0748284404908002, 41.95245687518124], [1.0747078512643862, 41.952454852361164], [1.0747105611835253, 41.95236483588383], [1.0748311502404606, 41.95236685869756], [1.0748338599777607, 41.952276842212314], [1.074836569702699, 41.95218682572551], [1.074957158433041, 41.952188848399985], [1.0750777471757447, 41.952190870947874], [1.0750804565493701, 41.95210085444682], [1.0750831659106355, 41.95201083794421], [1.0752037543267472, 41.952012860352816], [1.0753243427552177, 41.95201488263486], [1.0753216337329021, 41.952104899150186], [1.0754422223432059, 41.952106921312], [1.0754395134780086, 41.9521969378321], [1.075560102270146, 41.95219895987369], [1.0755573935620686, 41.952288976398584], [1.0755546848416344, 41.95237899292192], [1.075551976108844, 41.952469009443696], [1.0755492673636968, 41.95255902596391], [1.0756698568461032, 41.95256104790431], [1.0757904463408654, 41.95256306971814], [1.0759110358479829, 41.9525650914054], [1.0760316253674553, 41.952567112966065], [1.0760343334346842, 41.95247709642048], [1.0760370414895604, 41.95238707987331], [1.0761576306824274, 41.95238910129472], [1.076278219887647, 41.95239112258956], [1.076280927591213, 41.952301106028145], [1.0762836352824272, 41.95221108946518], [1.0764042241610436, 41.95221311062075], [1.0765248130520113, 41.95221513164974], [1.0765275203919198, 41.95212511507253], [1.0766481091257607, 41.9521271359686], [1.0766508162838426, 41.95203711938349], [1.0767714048605568, 41.95203914014665], [1.07689199344962, 41.952041160783224], [1.0770125820510312, 41.952043181293234], [1.077015288688338, 41.95195316468752], [1.0770179953132974, 41.95186314808026], [1.0770207019259097, 41.95177313147144], [1.0770234085261752, 41.95168311486105], [1.077026115114094, 41.95159309824912], [1.0770288216896657, 41.95150308163562], [1.0769082341050962, 41.95150106116366], [1.0767876465328743, 41.95149904056513], [1.076790353435041, 41.95140902396276], [1.0767930603248599, 41.95131900735883], [1.076672473103926, 41.951316986646425], [1.0766751801508658, 41.95122697004728], [1.0765545931117506, 41.95122494921464], [1.0765573003158098, 41.95113493262028], [1.0764367134585122, 41.95113291166741], [1.076316126613565, 41.951130890587976], [1.0761955397809693, 41.95112886938197], [1.0760749529607254, 41.95112684804939], [1.0759543661528346, 41.951124826590245], [1.0758337793572965, 41.95112280500453], [1.0757131925741121, 41.95112078329225], [1.0757104841837766, 41.9512107998422], [1.075707775781086, 41.951300816390585], [1.0757050673660407, 41.9513908329374], [1.0755844800868064, 41.9513888110795], [1.0755817714899352, 41.95147882761844], [1.075579062880708, 41.9515688441558], [1.0755763542591255, 41.951658860691595], [1.0754557664838336, 41.951656838688095], [1.0753351787208996, 41.95165481655801], [1.0753378876814261, 41.9515648000349], [1.0752173001003205, 41.9515627777846], [1.0750967125315738, 41.951560755407726], [1.0749761249751866, 41.951558732904275], [1.0749734155062463, 41.951648749408335], [1.0749707060249452, 41.95173876591085], [1.0748501181419747, 41.95173674326812], [1.0748474084788413, 41.95182675976272], [1.0748446988033475, 41.95191677625576], [1.074724110593791, 41.95191475347377], [1.074603522396596, 41.9519127305652], [1.0744829342117639, 41.95191070753006], [1.0743623460392953, 41.951908684368355], [1.0742417578791903, 41.95190666108006], [1.0742444684020511, 41.95181664461879], [1.074247178912548, 41.95172662815594], [1.0743677667337073, 41.95172865143152], [1.0743704770623672, 41.95163863496076], [1.0744910647264179, 41.95164065810342], [1.0746116524028322, 41.9516426811195], [1.0747322400916093, 41.95164470400903], [1.074734949899492, 41.951554687517664], [1.0747376596950138, 41.95146467102472], [1.074740369478174, 41.95137465453024], [1.0748609566709002, 41.95137667727414], [1.0748636662722302, 41.95128666077175], [1.0749842533078484, 41.95128868338272], [1.0749869627273494, 41.95119866687242], [1.0749896721344911, 41.95110865036055], [1.0751102588435335, 41.951110672832264], [1.075112968068849, 41.951020656312494], [1.0751156772818051, 41.95093063979117], [1.0751183864824028, 41.950840623268284], [1.075121095670642, 41.95075060674384], [1.0750005096394621, 41.95074858429752], [1.0748799236206412, 41.95074656172464], [1.0748826331354489, 41.950656545211345], [1.0747620472984516, 41.95065452251824], [1.0747647569703622, 41.95056450600972], [1.0747674666299114, 41.95047448949965], [1.0747701762771005, 41.95038447298801], [1.0746495909608496, 41.95038245018739], [1.0746523007651378, 41.95029243368055], [1.074772885911929, 41.95029445647482], [1.074775595534397, 41.95020443996007], [1.0748961805240884, 41.95020646262142], [1.0748988899647365, 41.950116446098754], [1.0749015993930255, 41.95002642957453], [1.074904308808955, 41.94993641304875], [1.0749070182125244, 41.949846396521416], [1.0750276025367445, 41.94984841903081], [1.0751481868733228, 41.94985044141363], [1.075150895925621, 41.94976042487204], [1.0751536049655623, 41.94967040832888], [1.075156313993145, 41.94958039178417], [1.0751590230083703, 41.94949037523789], [1.0750384393496102, 41.949488352880465], [1.074917855703209, 41.94948633039647], [1.074797272069167, 41.94948430778591], [1.0746766884474845, 41.94948228504879], [1.074679398128163, 41.94939226852635], [1.0745588146882943, 41.94939024566902], [1.0745615245260638, 41.94930022915138], [1.0744409412680078, 41.949298206173836], [1.074320358022315, 41.949296183069734], [1.0741997747889835, 41.94929415983907], [1.0741970644428593, 41.949384176337645], [1.0741943540843708, 41.94947419283469], [1.0740737705245003, 41.94947216946476], [1.0739531869769943, 41.949470145968256], [1.0739558976743873, 41.94938012948393], [1.073958608359415, 41.94929011299804], [1.0738380251631776, 41.9492880893877], [1.073717441979306, 41.949286065650774], [1.0735968588078013, 41.9492840417873], [1.0734762756486647, 41.949282017797266], [1.0734789869991288, 41.949192001335234], [1.0734816983372246, 41.94910198487163], [1.0733611155293563, 41.94909996076773], [1.0732405327338568, 41.94909793653729], [1.073119949950727, 41.949095912180276], [1.073122661784801, 41.94900589573418], [1.0731253736065047, 41.94891587928654], [1.0731280854158378, 41.94882586283732], [1.073130797212801, 41.94873584638655], [1.0732513793181404, 41.94873787071815], [1.0732540909332877, 41.948647854259455], [1.0732568025360651, 41.948557837799214], [1.073259514126474, 41.94846782133742], [1.0731389325294685, 41.94846579702488], [1.0731416442769508, 41.94837578056788], [1.073144356012063, 41.948285764109315], [1.073147067734806, 41.94819574764917], [1.0731497794451785, 41.94810573118749], [1.0731524911431811, 41.94801571472426], [1.0731552028288143, 41.947925698259446], [1.0730346222608265, 41.94792367385849], [1.0730373341035284, 41.947833657398476], [1.07304004593386, 41.94774364093691], [1.0730427577518216, 41.94765362447377], [1.0729221777045175, 41.94765159996533], [1.0728015976695842, 41.94764957533033], [1.0726810176470236, 41.947647550568774], [1.0726783053207511, 41.94773756701284], [1.0726755929821066, 41.94782758345535], [1.0726728806310892, 41.947917599896286], [1.0725523001125876, 41.9479155749891], [1.0725495875797586, 41.94800559142213], [1.0725468750345557, 41.948095607853595], [1.0724262941895493, 41.948093582807154], [1.0724235814625322, 41.9481835992307], [1.0723030004604597, 41.94818157405135], [1.072300287551626, 41.94827159046698], [1.0722975746304189, 41.94836160688106], [1.0721769933018381, 41.94835958156243], [1.072174280198812, 41.948449597968576], [1.072053698713165, 41.94844757251703], [1.0720564119856335, 41.94835755611724], [1.0719358306818054, 41.94835553054549], [1.071815249390356, 41.948353504847184], [1.0718179629893312, 41.948263488458544], [1.0716973818797015, 41.948261462640055], [1.071576800782451, 41.94825943669499], [1.0714562196975803, 41.948257410623384], [1.0713356386250907, 41.94825538442522], [1.0712150575649826, 41.948253358100494], [1.0710944765172568, 41.94825133164921], [1.0710971911204992, 41.948161315297156], [1.0709766102545961, 41.948159288725684], [1.0708560294010772, 41.94815726202764], [1.0707354485599432, 41.94815523520307], [1.0707327334483796, 41.94824525153602], [1.070730018324431, 41.948335267867414], [1.0707273031880964, 41.94842528419725], [1.070724588039377, 41.94851530052552], [1.070721872878272, 41.94860531685223], [1.070719157704781, 41.94869533317739], [1.0705985758593783, 41.948693306188076], [1.0705958605040566, 41.9487833225053], [1.0705931451363486, 41.948873338820974], [1.0704725629644418, 41.94887131169238], [1.0704698474149013, 41.948961328000124], [1.0704671318529728, 41.94905134430631], [1.0703465493545596, 41.949049317038416], [1.0703438336107949, 41.9491393333367], [1.0702232509553224, 41.949137305935885], [1.0702205350297214, 41.94922732222623], [1.0700999522171897, 41.94922529469248], [1.0700972361097498, 41.949315310974896], [1.0699766531401587, 41.94931328330823], [1.0699739368508787, 41.94940329958273], [1.0698533537242283, 41.94940127178313], [1.0698506372531071, 41.94949128804971], [1.0698479207695948, 41.949581304314705]], [[1.0740141357814506, 41.95145253186528], [1.0740114249691084, 41.9515425483201], [1.0738908375239877, 41.95154052467751], [1.0738935485058005, 41.95145050822904], [1.0740141357814506, 41.95145253186528]], [[1.070445406911589, 41.94977147469969], [1.0704481225726195, 41.94968145840598], [1.0704508382212619, 41.949591442110695], [1.0705714217487625, 41.94959346929021], [1.0705687062695721, 41.94968348559186], [1.0705659907779952, 41.94977350189193], [1.070445406911589, 41.94977147469969]], [[1.071867990920536, 41.95060593991367], [1.0718652771691601, 41.95069595626812], [1.071744691471953, 41.95069393040449], [1.071624105787126, 41.95069190441428], [1.071626819877425, 41.95060188807254], [1.0716295339553437, 41.95051187172923], [1.0717501193012473, 41.95051389770672], [1.071870704659532, 41.950515923557646], [1.0719912900301958, 41.950517949282], [1.0719885764606607, 41.95060796564438], [1.071867990920536, 41.95060593991367]]]}, "properties": {"area_ha": 31.38, "dnbr_threshold": 0.35, "part": 0, "fire_id": "2024250998", "burn_year": 2024, "source": "sentinel", "aoi_source": "official", "buffer_m": 500.0, "fire_date": "2024-08-09"}}, {"type": "Feature", "geometry": {"type": "Polygon", "coordinates": [[[1.072736244027624, 41.95782547493944], [1.072733530811405, 41.95791549122635], [1.0727308175828079, 41.95800550751171], [1.0727281043418333, 41.95809552379551], [1.0727253910884806, 41.95818554007774], [1.0727226778227508, 41.958275556358416], [1.0727199645446428, 41.95836557263753], [1.0727172512541558, 41.95845558891509], [1.0727145379512923, 41.95854560519109], [1.0728351385184525, 41.95854763034204], [1.07295573909799, 41.95854965536639], [1.0729530261218088, 41.958639671653536], [1.0730736268832537, 41.95864169655764], [1.073070914064227, 41.958731712849584], [1.0731915150075795, 41.95873373763343], [1.073188802345709, 41.95882375393018], [1.073309403470969, 41.95882577859378], [1.0734300046086032, 41.95882780313079], [1.0734272922734238, 41.958917819438675], [1.0735478935929648, 41.95891984385543], [1.0735451814149453, 41.95900986016812], [1.0736657829163934, 41.95901188446463], [1.0737863844302142, 41.95901390863453], [1.073783672578891, 41.95910392495836], [1.0739042742746179, 41.95910594900801], [1.073901562580459, 41.95919596533665], [1.0738988508739298, 41.95928598166372], [1.0740194529210998, 41.95928800559947], [1.0740167413717363, 41.959378021931336], [1.074137343600814, 41.95938004574683], [1.074134632208618, 41.9594700620835], [1.0741319208040534, 41.95956007841859], [1.0742525233845772, 41.959562102120195], [1.0743731259774705, 41.959564125695174], [1.074493728582732, 41.95956614914356], [1.0746143312003602, 41.95956817246534], [1.0746170419267687, 41.95947815610483], [1.0746197526408114, 41.95938813974276], [1.0746224633424875, 41.959298123379135], [1.074625174031797, 41.95920810701394], [1.07462788470874, 41.95911809064721], [1.0747484864910462, 41.95912011381061], [1.0748690882857184, 41.95912213684743], [1.074989690092755, 41.95912415975763], [1.0751102919121558, 41.95912618254122], [1.075113001898591, 41.95903616614752], [1.0752336035608185, 41.95903818879816], [1.0752363133653566, 41.95894817239654], [1.0753569148704119, 41.95895019491422], [1.0754775163878285, 41.95895221730531], [1.0755981179176055, 41.95895423956979], [1.0755954086216735, 41.959044255990456], [1.0755926993133802, 41.959134272409564], [1.0757133011945887, 41.95913629456013], [1.0758339030881563, 41.959138316584095], [1.0759545049940822, 41.959140338481454], [1.0759517961820397, 41.95923035491804], [1.0758311941065775, 41.95922833301433], [1.07582848511264, 41.959318349443], [1.0757078828799984, 41.95931632740634], [1.0755872806597155, 41.959314305243076], [1.0754666784517934, 41.9593122829532], [1.0753460762562328, 41.959310260536725], [1.075225474073033, 41.95930823799364], [1.075104871902196, 41.95930621532395], [1.0749842697437217, 41.959304192527654], [1.074863667597612, 41.95930216960475], [1.0748609572350105, 41.95939218598109], [1.0748582468600456, 41.95948220235586], [1.0747376443872247, 41.95948017929364], [1.074734933830355, 41.9595701956605], [1.0747322232611196, 41.959660212025796], [1.0747295126795184, 41.959750228389545], [1.07485011566096, 41.9597522514708], [1.074847405236535, 41.95984226783933], [1.074968008399883, 41.95984429080033], [1.075088611575596, 41.95984631363473], [1.0752092147636723, 41.95984833634252], [1.0752119246794725, 41.959758319954936], [1.0753325277103698, 41.95976034252976], [1.075453130753629, 41.95976236497798], [1.0755737338092493, 41.9597643872996], [1.075576443204064, 41.959674370891406], [1.0756970461025037, 41.95967639308006], [1.0756943368772314, 41.9597664094946], [1.075691627639599, 41.959856425907574], [1.0756889183896068, 41.95994644231899], [1.0758095218090327, 41.95994846440008], [1.075930125240817, 41.959950486354565], [1.07605072868496, 41.95995250818243], [1.076171332141461, 41.959954529883696], [1.076174040713281, 41.959864513446895], [1.0761767492727443, 41.95977449700853], [1.076179457819851, 41.95968448056861], [1.076058854871977, 41.95968245888639], [1.0759382519364609, 41.95968043707755], [1.0759409608102928, 41.959590420648766], [1.0759436696717661, 41.959500404218424], [1.0760642722682012, 41.95950242601457], [1.0761848748769949, 41.9595044476841], [1.0761821663546012, 41.959594464127136], [1.0763027691452909, 41.959596485676414], [1.076423371948336, 41.95959850709907], [1.0765439747637353, 41.95960052839513], [1.07666457759149, 41.95960254956458], [1.0766618697349033, 41.95969256603143], [1.076782472744552, 41.95969458708062], [1.076779765045154, 41.95978460355227], [1.076900368236697, 41.95978662448118], [1.0770209714405923, 41.959788645283496], [1.0771415746568391, 41.959790665959204], [1.0772621778854357, 41.959792686508294], [1.0772648849066657, 41.959702670011275], [1.0772675919155454, 41.959612653512714], [1.0773881948174084, 41.95961467392251], [1.07750879773162, 41.9596166942057], [1.0776294006581795, 41.95961871436229], [1.077750003597086, 41.959620734392274], [1.0777472972663724, 41.95971075091621], [1.0777445909233114, 41.959800767438594], [1.0776239876453213, 41.95979874739593], [1.0775033843796775, 41.95979672722667], [1.077500677685184, 41.959886743734806], [1.0773800742623458, 41.95988472343259], [1.0772594708518566, 41.95988270300375], [1.0772567638059272, 41.95997271949765], [1.0772540567476483, 41.96006273598999], [1.07725134967702, 41.96015275248077], [1.0773719535961428, 41.96015477292863], [1.07736924668271, 41.96024478942419], [1.0773665397569283, 41.96033480591819], [1.0774871440274936, 41.96033682625212], [1.0774844372589099, 41.96042684275091], [1.077481730477978, 41.96051685924814], [1.077602335099988, 41.96051887946815], [1.077722939734346, 41.96052089956152], [1.0778435443810508, 41.96052291952831], [1.0778408380964186, 41.960612936043], [1.077961442925019, 41.960614955889504], [1.0779587367975911, 41.96070497240896], [1.0780793418080878, 41.9607069921352], [1.0781999468309291, 41.96070901173482], [1.0783205518661145, 41.96071103120783], [1.078323257484892, 41.96062101466934], [1.078325963091326, 41.960530998129286], [1.0783286686854172, 41.96044098158767], [1.0783313742671647, 41.960350965044505], [1.0784519786364968, 41.96035298436554], [1.078449273224297, 41.960443000915056], [1.0784465677997552, 41.96053301746299], [1.0785671725205266, 41.9605350366701], [1.078564467253192, 41.96062505322283], [1.0785617619735153, 41.960715069774], [1.0785590566814978, 41.96080508632361], [1.0786796619232626, 41.960807105423115], [1.078800267177368, 41.960809124396], [1.0787975622121126, 41.960899140956734], [1.0789181676481112, 41.96090115980935], [1.0790387730964497, 41.96090317853536], [1.0791593785571267, 41.960905197134736], [1.0792799840301421, 41.960907215607506], [1.0794005895154943, 41.96090923395367], [1.0795211950131833, 41.96091125217322], [1.0796418005232085, 41.96091327026615], [1.0797624060455686, 41.960915288232464], [1.0797597024243986, 41.96100530484232], [1.0798803081286468, 41.96100732268835], [1.0800009138452278, 41.96100934040778], [1.079998210550833, 41.96109935702873], [1.080118816449302, 41.961101374627866], [1.0802394223601022, 41.9611033921004], [1.0803600282832337, 41.961105409446304], [1.0803573254851722, 41.96119542608472], [1.0803546226747804, 41.96128544272156], [1.080351919852058, 41.961375459356844], [1.0804725262961885, 41.96137747659513], [1.0805931327526497, 41.961379493706815], [1.0805904302567122, 41.96146951035321], [1.08071103689506, 41.96147152734459], [1.0808316435457368, 41.96147354420936], [1.0809522502087408, 41.96147556094751], [1.0810728568840715, 41.96147757755905], [1.0810755587017769, 41.961387560887346], [1.0810782605071563, 41.96129754421407], [1.0810809623002096, 41.961207527539244], [1.0810836640809374, 41.96111751086285], [1.0812042700903663, 41.96111952732245], [1.0812069716892125, 41.96102951063818], [1.0813275775414113, 41.96103152696484], [1.0813302789583783, 41.96094151027267], [1.081450884653347, 41.96094352646638], [1.0815714903606386, 41.96094554253349], [1.0815741914261745, 41.9608555258271], [1.0815768924793874, 41.96076550911916], [1.0815795935202777, 41.96067549240967], [1.0815822945488456, 41.960585475698615], [1.0817028995902493, 41.96058749161379], [1.081823504643975, 41.96058950740235], [1.0818262053211192, 41.96049949067708], [1.081828905985942, 41.96040947395026], [1.0818316066384452, 41.960319457221864], [1.0818343072786265, 41.96022944049192], [1.0818370079064878, 41.96013942376043], [1.081839708522029, 41.96004940702736], [1.0818424091252494, 41.95995939029275], [1.0817218052583628, 41.95995737454847], [1.081724506018808, 41.95986735781863], [1.081603902333789, 41.95986534195408], [1.0814832986610914, 41.95986332596292], [1.0814859997483048, 41.95977330924417], [1.081488700823196, 41.95968329252387], [1.081491401885764, 41.95959327580199], [1.0813707987340195, 41.95959125970322], [1.081250195594599, 41.959589243477815], [1.0811295924675024, 41.959587227125816], [1.081126890896305, 41.95967724382869], [1.0811241893127836, 41.95976726053001], [1.081121487716937, 41.95985727722978], [1.081242091352665, 41.95985929360077], [1.0813626950007162, 41.959861309845145], [1.0813599937316347, 41.959951326556], [1.0813572924502302, 41.96004134326532], [1.0813545911565021, 41.96013135997306], [1.0814751953255148, 41.96013337610982], [1.0814724941890108, 41.960223392822336], [1.0814697930401838, 41.96031340953329], [1.0813491885320745, 41.96031139338388], [1.0813464872013754, 41.96040141008695], [1.0812258825360412, 41.96039939380461], [1.0812231810234685, 41.96048941049979], [1.081102576200909, 41.960487394084495], [1.080981971390675, 41.96048537754259], [1.0809846732423476, 41.960395360860055], [1.0809873750816936, 41.960305344175964], [1.0809900769087137, 41.96021532749034], [1.0808694726194525, 41.9602133108408], [1.0808721746036933, 41.96012329415993], [1.0808748765756082, 41.9600332774775], [1.0807542726377666, 41.96003126071402], [1.0806336687122533, 41.960029243823925], [1.0806363710109332, 41.9599392271526], [1.0806390732972841, 41.95984921047971], [1.0806417755713071, 41.959759193805276], [1.080644477833002, 41.95966917712927], [1.080523874597994, 41.9596671601379], [1.0804032713753147, 41.959665143019905], [1.080282668164965, 41.959663125775315], [1.0802853709229592, 41.95957310911676], [1.0802880736686236, 41.95948309245664], [1.0801674708096878, 41.9594810750981], [1.0801701737125629, 41.95939105844273], [1.0801728766031067, 41.959301041785835], [1.0801755794813201, 41.959211025127374], [1.0800549771433343, 41.95920900766123], [1.080057680178755, 41.95911899100754], [1.0800603832018445, 41.95902897435227], [1.0799397812152665, 41.9590269567722], [1.07981917924102, 41.9590249390655], [1.0798218825908517, 41.95893492242136], [1.079701280798475, 41.95893290459439], [1.0797039843055092, 41.95884288795503], [1.0797066878002106, 41.958752871314104], [1.0795860863592375, 41.958750853373196], [1.0795887900111398, 41.95866083673705], [1.0795914936507076, 41.95857082009935], [1.0794708925611363, 41.95856880204451], [1.0794735963579027, 41.95847878541158], [1.0794763001423344, 41.95838876877709], [1.0794790039144309, 41.95829875214104], [1.0794817076741932, 41.95820873550344], [1.0793611072750822, 41.95820671734733], [1.079240506888307, 41.95820469906464], [1.0792432109747936, 41.95811468243815], [1.0792459150489442, 41.95802466581007], [1.0792486191107582, 41.95793464918047], [1.0792513231602365, 41.95784463254931], [1.0791307234639096, 41.957842614165344], [1.0791334276705784, 41.95775259753895], [1.0790128281561147, 41.957750579034716], [1.079015532519972, 41.9576605624131], [1.0790182368714925, 41.957570545789935], [1.079020941210675, 41.9574805291652], [1.0790236455375213, 41.95739051253891], [1.0789030467134912, 41.95738849393342], [1.0789057511975222, 41.95729847731192], [1.078785152555352, 41.95729645858617], [1.0786645539255206, 41.95729443973383], [1.0785439553080283, 41.9572924207549], [1.078423356702876, 41.95729040164936], [1.078302758110065, 41.957288382417225], [1.078182159529595, 41.957286363058486], [1.078061560961468, 41.957284343573164], [1.0780642666198093, 41.95719432699446], [1.0780669722658083, 41.95710431041418], [1.0780696778994636, 41.95701429383236], [1.0780723835207755, 41.95692427724898], [1.0781929814108238, 41.95692629670896], [1.0783135793132135, 41.95692831604233], [1.0783162845831473, 41.95683829944471], [1.0783189898407393, 41.95674828284554], [1.0783216950859904, 41.9566582662448], [1.0783244003189003, 41.956568249642494], [1.0782038030945778, 41.956566230334474], [1.0780832058825964, 41.956564210899856], [1.077962608682958, 41.95656219133865], [1.0779599029415012, 41.956652207921934], [1.0779571971877013, 41.95674222450365], [1.0778365996613746, 41.95674020480316], [1.0777160021473926, 41.956738184976075], [1.0777132960422149, 41.956828201543566], [1.0775926983710609, 41.956826181583544], [1.0775954046457554, 41.95673616502241], [1.0774748071564646, 41.95673414494213], [1.0774775135883286, 41.956644128385776], [1.0773569162809007, 41.95664210818525], [1.0773596228699334, 41.95655209163367], [1.0773623294466192, 41.95646207508054], [1.0773650360109572, 41.95637205852586], [1.0773677425629489, 41.9562820419696], [1.0772471459459234, 41.95628002166785], [1.0771265493412459, 41.956278001239504], [1.077129256219914, 41.95618798469437], [1.0771319630862337, 41.95609796814769], [1.0770113668329282, 41.956095947605434], [1.0768907705919717, 41.95609392693658], [1.076770174363365, 41.95609190614114], [1.0767674669885123, 41.9561819226688], [1.0767647596013081, 41.956271939194906], [1.0766441630460302, 41.95626991826018], [1.0765235665031039, 41.95626789719887], [1.076520858764524, 41.956357913710725], [1.0765181510135922, 41.95644793022101], [1.0763975541439923, 41.95644590902042], [1.0762769572867457, 41.95644388769323], [1.076156360441854, 41.956441866239444], [1.0761590687013256, 41.956351849748195], [1.0761617769484417, 41.956261833255375], [1.0760411804549301, 41.956259811687694], [1.0760438888592032, 41.95616979519966], [1.0759232925475581, 41.95616777351174], [1.0758026962482699, 41.95616575169721], [1.0756820999613381, 41.9561637297561], [1.0756793910485312, 41.956253746225094], [1.0756766821233665, 41.95634376269252], [1.0755560855097699, 41.95634174061212], [1.075435488908532, 41.95633971840513], [1.0754327796319847, 41.95642973485829], [1.0754300703430768, 41.95651975130992], [1.0753094734151727, 41.956517728963625], [1.075188876499629, 41.956515706490755], [1.0751861668593339, 41.95660572292812], [1.0751834572066767, 41.95669573936392], [1.0751807475416597, 41.95678575579816], [1.0751780378642801, 41.956875772230845], [1.075057440283037, 41.95687374960598], [1.0750547304237792, 41.95696376603075], [1.0749341326853816, 41.95696174327294], [1.0749314226442437, 41.957051759689804], [1.0748108247486918, 41.95704973679905], [1.074813534959347, 41.95695972038853], [1.0746929372456764, 41.95695769737753], [1.0745723395443698, 41.956955674239936], [1.0745750500816955, 41.95686565784056], [1.074577760606655, 41.95677564143963], [1.0744571632567466, 41.95677361818813], [1.0743365659192043, 41.95677159481005], [1.074215968594029, 41.956769571305365], [1.0742132575605217, 41.95685958768725], [1.074092660078198, 41.95685756404963], [1.0739720626082427, 41.956855540285396], [1.0739747739807821, 41.95676552391621], [1.0738541766927114, 41.956763500031755], [1.073733579417011, 41.956761476020695], [1.0736129821536817, 41.95675945188304], [1.073492384902723, 41.9567574276188], [1.073489672852122, 41.956847443962566], [1.073486960789149, 41.95693746030476], [1.0734842487138037, 41.9570274766454], [1.0736048464733108, 41.95702950092871], [1.0737254442451891, 41.957031525085426], [1.0738460420294385, 41.957033549115536], [1.0739666398260581, 41.95703557301906], [1.0739639284164109, 41.95712558938357], [1.0739612169943948, 41.95721560574651], [1.073840618858739, 41.957213581830274], [1.0738379072548343, 41.9573035981853], [1.0737173089620293, 41.957301574136125], [1.0737145971762339, 41.95739159048324], [1.0735939987262795, 41.95738956630111], [1.0735912867585928, 41.9574795826403], [1.0734706881514893, 41.95747755832522], [1.0734679760019084, 41.957567574656515], [1.0734652638399547, 41.95765759098624], [1.0734625516656278, 41.9577476073144], [1.0733419525623304, 41.95774558285367], [1.0733392402061075, 41.95783559917391], [1.0732186409456606, 41.95783357458021], [1.0730980416975873, 41.95783154985992], [1.07297744246189, 41.957829525013025], [1.0728568432385686, 41.95782750003953], [1.0728595562728866, 41.9577374837447], [1.072862269294827, 41.95764746744831], [1.072864982304392, 41.957557451150365], [1.0729855810191447, 41.9575594761048], [1.0729882938468112, 41.95746945979893], [1.072991006662102, 41.957379443491504], [1.0731116050501888, 41.95738146830662], [1.0732322034506512, 41.957383492995135], [1.0732349159145265, 41.95729347667344], [1.0732376283660277, 41.957203460350186], [1.0732403408051547, 41.95711344402537], [1.073243053231908, 41.95702342769899], [1.073122455509521, 41.957021403035895], [1.073001857799508, 41.9570193782462], [1.072881260101871, 41.95701735332992], [1.07276066241661, 41.957015328287035], [1.0727579493117867, 41.957105344587994], [1.0727552361945871, 41.957195360887376], [1.0726346381826677, 41.957193335705185], [1.0725140401831272, 41.95719131039639], [1.072511326714512, 41.95728132668151], [1.0725086132335184, 41.957371342965075], [1.0725058997401469, 41.95746135924707], [1.0725031862343952, 41.95755137552751], [1.0725004727162653, 41.95764139180638], [1.0724977591857563, 41.957731408083696], [1.072495045642868, 41.95782142435945], [1.0726156448290565, 41.95782344971274], [1.072736244027624, 41.95782547493944]], [[1.0762065426113194, 41.95878431608367], [1.0760859413588186, 41.95878229446492], [1.0760886499395401, 41.95869227801418], [1.0762092510225079, 41.958694299626615], [1.0762065426113194, 41.95878431608367]], [[1.0757241376754605, 41.95877622884899], [1.0757214285737808, 41.95886624527912], [1.0756008272011781, 41.95886422314758], [1.075603536472391, 41.9587742067238], [1.0757241376754605, 41.95877622884899]], [[1.078227004158733, 41.959808846343144], [1.0783476074984486, 41.95981086575276], [1.0784682108505075, 41.95981288503577], [1.0785888142149083, 41.95981490419217], [1.0785861090463054, 41.95990492075736], [1.0787067125925907, 41.959906939793484], [1.0787040075811907, 41.95999695636346], [1.078824611309361, 41.95999897527932], [1.0788219064551658, 41.96008899185408], [1.0789425103652217, 41.96009101064966], [1.0789398056682333, 41.9601810272292], [1.0790604097601744, 41.96018304590449], [1.0790577052203942, 41.9602730624888], [1.0790550006682742, 41.96036307907156], [1.0789343962372386, 41.960361060383576], [1.0788137918185425, 41.960359041568985], [1.0788164967097569, 41.9602690249989], [1.0786958924729484, 41.96026700606403], [1.0785752882484805, 41.96026498700257], [1.0785779934664488, 41.96017497044361], [1.0785806986720754, 41.96008495388308], [1.078460094799042, 41.96008293470767], [1.0784628001618726, 41.95999291815192], [1.0783421964707256, 41.95999089885624], [1.0782215927919223, 41.95998887943395], [1.0781009891254616, 41.959986859885056], [1.0781036949845837, 41.959896843346755], [1.0781064008313608, 41.95980682680692], [1.078227004158733, 41.959808846343144]], [[1.0769382725306815, 41.95852639364751], [1.076935565161395, 41.958616410145765], [1.0770561661613043, 41.95861843086561], [1.0770534589491996, 41.95870844736865], [1.077174060130992, 41.95871046796824], [1.0772946613251344, 41.95871248844122], [1.077415262531625, 41.958714508787615], [1.0774179692351313, 41.95862449226555], [1.0775385702844373, 41.958626512478986], [1.0776591713460901, 41.958628532565825], [1.0776564649816505, 41.958718549100574], [1.077653758604864, 41.958808565633746], [1.0776510522157308, 41.958898582165375], [1.0776483458142514, 41.95898859869545], [1.077768947566388, 41.95899061868104], [1.0777662413220976, 41.9590806352159], [1.077886843256117, 41.95908265508122], [1.0778841371690175, 41.95917267162086], [1.0778814310695728, 41.95926268815893], [1.0780020333550124, 41.959264707910336], [1.077999327412761, 41.959354724453185], [1.0779966214581647, 41.95944474099448], [1.077876018833647, 41.9594427212304], [1.0778787249577828, 41.95935270469544], [1.0777581225151502, 41.959350684811085], [1.0776375200848636, 41.95934866480014], [1.0775169176669241, 41.959346644662574], [1.0773963152613326, 41.959344624398405], [1.0773990220512766, 41.95925460788725], [1.0772784198275716, 41.959252587502824], [1.077281126774705, 41.959162570996455], [1.0772838337094888, 41.95907255448853], [1.0771632318372073, 41.959070533990165], [1.0771659389291783, 41.95898051748702], [1.0771686460087992, 41.95889050098232], [1.0770480444879391, 41.95888848037004], [1.0769274429794293, 41.95888645963117], [1.0769301503857693, 41.95879644313759], [1.0768095490591452, 41.958794422278444], [1.0768122566226672, 41.95870440578965], [1.0768149641738372, 41.9586143892993], [1.076694363198631, 41.95861236832624], [1.0766970709069812, 41.95852235184068], [1.0766997786029786, 41.95843233535355], [1.0768203792391218, 41.95843435631393], [1.0768176717126559, 41.958524372807396], [1.0769382725306815, 41.95852639364751]], [[1.07719842306956, 41.957900319327706], [1.077201130000988, 41.9578103028043], [1.077080530514489, 41.95780828226813], [1.0769599310403404, 41.95780626160537], [1.0768393315785412, 41.95780424081601], [1.0768366241385359, 41.957894257320376], [1.0767160245195628, 41.95789223639807], [1.0765954249129415, 41.95789021534916], [1.0764748253186736, 41.95788819417365], [1.0764721173577376, 41.95797821065744], [1.0763515176062972, 41.95797618934899], [1.0763542257367595, 41.95788617287154], [1.0763569338548669, 41.95779615639254], [1.0763596419606207, 41.95770613991198], [1.0763623500540191, 41.95761612342987], [1.0764829491273593, 41.95761814471294], [1.0766035482130534, 41.957620165869415], [1.0766062559550518, 41.957530149373035], [1.0767268548835751, 41.95753217039657], [1.0767295624436979, 41.9574421538923], [1.0768501612150503, 41.9574441747829], [1.0769707599987541, 41.95744619554688], [1.0770913587948077, 41.95744821618428], [1.0772119576032113, 41.957450236695074], [1.0773325564239635, 41.957452257079275], [1.0774531552570632, 41.95745427733688], [1.077455861787703, 41.95736426079298], [1.0775764604636278, 41.95736628091764], [1.0775791668123988, 41.957276264365866], [1.0776997653311482, 41.95727828435758], [1.077697059151899, 41.957368300915704], [1.0778176578525156, 41.95737032078716], [1.077814951830443, 41.957460337350085], [1.077694352960304, 41.95745831747228], [1.0776916467563633, 41.95754833402728], [1.077688940540077, 41.95763835058074], [1.0775683413432362, 41.95763633056366], [1.0775656349450797, 41.957726347109194], [1.0775629285345762, 41.9578163636532], [1.077560222111726, 41.95790638019563], [1.0775575156765296, 41.9579963967365], [1.0776781155514725, 41.95799841677895], [1.0776754092734566, 41.95808843332462], [1.0777960093302739, 41.958090453246804], [1.0777933032094402, 41.95818046979724], [1.0777905970762613, 41.95827048634611], [1.0776699966803864, 41.95826846641124], [1.0776727029830944, 41.95817844986871], [1.077552102769095, 41.95817642981359], [1.0774315025674424, 41.958174409631845], [1.0774342091968614, 41.95808439310043], [1.077436915813933, 41.95799437656745], [1.0773163159636836, 41.9579923562718], [1.0773190227379341, 41.95790233974361], [1.07719842306956, 41.957900319327706]]]}, "properties": {"area_ha": 20.19, "dnbr_threshold": 0.35, "part": 1, "fire_id": "2024250998", "burn_year": 2024, "source": "sentinel", "aoi_source": "official", "buffer_m": 500.0, "fire_date": "2024-08-09"}}, {"type": "Feature", "geometry": {"type": "Polygon", "coordinates": [[[0.5861280928318581, 40.82342546074271], [0.5861248276747151, 40.823515465788134], [0.5861215625028052, 40.823605470831936], [0.5861182973161312, 40.82369547587412], [0.5861150321146911, 40.82378548091467], [0.5859965489559373, 40.823783000457226], [0.585878065811951, 40.823780519878234], [0.5858748002759651, 40.823870524901515], [0.5858715347252109, 40.82396052992318], [0.5858682691596907, 40.82405053494319], [0.5858650035794023, 40.824140539961604], [0.5857465198106174, 40.82413805922975], [0.5856280360566015, 40.82413557837635], [0.5856247701417594, 40.82422558337748], [0.5856215042121495, 40.82431558837699], [0.5855030201531148, 40.824313107386374], [0.5853845361088498, 40.82431062627421], [0.585381269844681, 40.824400631256445], [0.5853780035657417, 40.82449063623705], [0.5853747372720326, 40.82458064121602], [0.5853714709635531, 40.824670646193375], [0.5853682046403023, 40.82476065116911], [0.5852497198113297, 40.82475816989625], [0.58524645331341, 40.82484817486253], [0.5851279683393109, 40.82484569346028], [0.5851247016667211, 40.82493569841711], [0.5851214349793596, 40.825025703372305], [0.5851181682772256, 40.825115708325875], [0.585114901560318, 40.82520571327783], [0.5852333871740162, 40.82520819471138], [0.585230120602238, 40.82529819966954], [0.5853486063906094, 40.82530068098935], [0.5853453399639615, 40.825390685953714], [0.5853420735225416, 40.82548069091645], [0.585338807066352, 40.825570695877545], [0.5853355405953898, 40.825660700837034], [0.5853322741096568, 40.82575070579489], [0.5854507607123186, 40.825753187032284], [0.5855692473297498, 40.82575566814812], [0.585565981149057, 40.825845673120014], [0.5855627149535929, 40.82593567809027], [0.585681201905608, 40.8259381591002], [0.585799688872393, 40.82594063998856], [0.5859181758539467, 40.82594312075537], [0.5859149101234352, 40.82603312574748], [0.585911644378156, 40.82612313073797], [0.5859083786181086, 40.826213135726846], [0.5860268660941556, 40.826215616395565], [0.5860236004792496, 40.826305621390624], [0.5861420881299746, 40.8263081019456], [0.5862605757954658, 40.826310582379016], [0.5862573104856136, 40.82640058738811], [0.5862540451609949, 40.82649059239558], [0.5862507798216101, 40.82658059740141], [0.5862475144674584, 40.826670602405635], [0.5863660027873642, 40.82667308274879], [0.5864844911220356, 40.82667556297037], [0.5864812260729448, 40.826765567988616], [0.5864779610090887, 40.82685557300523], [0.5865964496783541, 40.826858053120894], [0.5865931847596477, 40.826948058143714], [0.5867116736035924, 40.826950538145624], [0.586708408830039, 40.82704054317464], [0.5867051440417196, 40.82713054820204], [0.5868236332202621, 40.82713302809805], [0.5868203685770972, 40.82722303313164], [0.5869388579303202, 40.82722551291389], [0.5870573472983062, 40.82722799257457], [0.5871758366810547, 40.8272304721137], [0.587179100844466, 40.827140467056644], [0.587297590082058, 40.827142946466374], [0.5874160793344101, 40.82714542575453], [0.5874193431632262, 40.827055420680196], [0.5874226069772818, 40.826965415604256], [0.5874258707765779, 40.82687541052668], [0.5874291345611152, 40.82678540544749], [0.5874323983308923, 40.82669540036667], [0.5874356620859104, 40.82660539528422], [0.5875541503935289, 40.826607874403884], [0.5875508867984246, 40.82669787949416], [0.5876693752807152, 40.82670035850008], [0.5877878637777635, 40.826702837384445], [0.5877846004877302, 40.82679284248872], [0.5879030891594502, 40.82679532125933], [0.5878998260145741, 40.82688532636982], [0.588018314860967, 40.82688780502668], [0.5880150518612511, 40.82697781014335], [0.5881335408823154, 40.826980288686464], [0.5881302780277604, 40.82707029380933], [0.5881270151584492, 40.82716029893058], [0.5880085258175505, 40.82715782037182], [0.5878900364914075, 40.827155341691494], [0.5878867732875039, 40.82724534679548], [0.5878835100688442, 40.82733535189782], [0.5878802468354272, 40.82742535699856], [0.5879987366413282, 40.827427835702345], [0.5879954735530752, 40.82751784080927], [0.5881139635336523, 40.82752031939929], [0.5881107005905646, 40.827610324512406], [0.5882291907458197, 40.82761280298869], [0.5882259279478977, 40.827702808108015], [0.5883444182778301, 40.82770528647054], [0.5883411556250754, 40.82779529159605], [0.5884596461296855, 40.82779776984482], [0.5885781366490485, 40.82780024797202], [0.5886966271831654, 40.827802725977655], [0.5888151177320344, 40.82780520386172], [0.5888118557042209, 40.82789520901687], [0.5888085936616552, 40.8279852141704], [0.5889270845451253, 40.82798769194852], [0.5890455754433458, 40.82799016960507], [0.5890423137058803, 40.82808017477261], [0.5890390519536642, 40.828170179938525], [0.5891575431864865, 40.828172657489134], [0.5892760344340598, 40.82817513491817], [0.5893945256963822, 40.82817761222564], [0.5895130169734516, 40.82818008941153], [0.5895097558461938, 40.828270094607085], [0.5895064947041878, 40.828360099800996], [0.5896249863158616, 40.828362576880956], [0.5897434779422811, 40.82836505383933], [0.5897402171053857, 40.82845505904725], [0.5897369562537441, 40.828545064253554], [0.5898554482147687, 40.82854754110598], [0.5899739401905395, 40.82855001783683], [0.5899706796440117, 40.82864002305715], [0.5899674190827401, 40.82873002827582], [0.590085911393118, 40.82873250490073], [0.5902044037182398, 40.82873498140405], [0.5902011434620859, 40.82882498663674], [0.5903196359618845, 40.8288274630263], [0.5904381284764254, 40.82882993929429], [0.5904348685253936, 40.82891994454098], [0.5905533612146106, 40.82892242069519], [0.5906718539185682, 40.82892489672784], [0.590668594272663, 40.82901490198852], [0.5907870871512964, 40.829017377907405], [0.5909055800446695, 40.82901985370471], [0.591024072952783, 40.82902232938043], [0.5911425658756356, 40.82902480493459], [0.5912610588132257, 40.829027280367164], [0.5913795517655532, 40.82902975567816], [0.591376293064514, 40.82911976098408], [0.5913730343487397, 40.829209766288365], [0.5913697756182276, 40.82929977159103], [0.5914882690651003, 40.82930224680387], [0.5914850104797887, 40.82939225211272], [0.5916035041013337, 40.8293947272118], [0.5916002456612236, 40.829484732526836], [0.5917187394574422, 40.829487207512145], [0.5918372332683974, 40.829489682375865], [0.5918339751334286, 40.82957968770489], [0.591952469119056, 40.82958216245484], [0.5919492111292938, 40.829672167790044], [0.5920677052895944, 40.82967464242623], [0.5921861994646282, 40.82967711694083], [0.5923046936543943, 40.82967959133384], [0.5924231878588916, 40.82968206560529], [0.5925416820781207, 40.82968453975514], [0.592660176312079, 40.82968701378343], [0.5927786705607669, 40.82968948769012], [0.5927754136758558, 40.82977949307835], [0.5927721567762169, 40.829869498464944], [0.5928906513595161, 40.82987197226567], [0.5928873946050901, 40.829961977658435], [0.5930058893630599, 40.82996445134539], [0.5930026327538492, 40.83005445674436], [0.5931211276864892, 40.830056930317525], [0.5932396226338562, 40.83005940376912], [0.5932363663298071, 40.830149409182056], [0.5932331100110312, 40.830239414593365], [0.5933516052930132, 40.83024188793897], [0.5934701005897209, 40.830244361163], [0.5935885959011545, 40.83024683426545], [0.5937070912273114, 40.83024930724631], [0.593825586568191, 40.830251780105584], [0.5939440819237934, 40.83025425284329], [0.5939408265499666, 40.83034425829979], [0.5939375711614183, 40.83043426375467], [0.5939343157581471, 40.83052426920792], [0.5939310603401552, 40.83061427465955], [0.5939278049074397, 40.830704280109565], [0.593924549460003, 40.83079428555794], [0.5940430457900144, 40.830796758220856], [0.594161542134749, 40.83079923076218], [0.5942800384942029, 40.83080170318193], [0.5943985348683779, 40.830804175480075], [0.5945170312572722, 40.83080664765666], [0.5946355276608848, 40.830809119711645], [0.5947540240792155, 40.83081159164505], [0.5948725205122626, 40.83081406345687], [0.5949910169600278, 40.83081653514709], [0.5951095134225073, 40.83081900671575], [0.5951062595598571, 40.83090901224048], [0.5952247561970031, 40.83091148369533], [0.5952215024795878, 40.83100148922625], [0.5953399992914011, 40.83100396056733], [0.5954584961179278, 40.8310064317868], [0.5955769929591673, 40.831008902884705], [0.59569548981512, 40.831011373861], [0.5958139866857844, 40.83101384471573], [0.5959324835711589, 40.83101631544886], [0.596050980471243, 40.831018786060405], [0.596047727858785, 40.83110879164427], [0.5961662249335332, 40.831111262142024], [0.5962847220229895, 40.83111373251819], [0.5962814697157304, 40.831203738115995], [0.5963999669798492, 40.83120620837837], [0.5965184642586746, 40.83120867851917], [0.5965152122566167, 40.83129868413094], [0.5965119602398523, 40.831388689741104], [0.5965087082083814, 40.831478695349624], [0.5965054561622029, 40.83156870095655], [0.5966239540955597, 40.83157117100692], [0.5967424520436231, 40.83157364093569], [0.5968609500063925, 40.83157611074287], [0.5969794479838662, 40.83157858042847], [0.5970979459760442, 40.83158104999247], [0.5971011972224365, 40.83149104434659], [0.5972196950693595, 40.831493513781226], [0.597222946141092, 40.831403508125945], [0.5972261971981204, 40.83131350246905], [0.5972294482404475, 40.831223496810516], [0.5973479456222048, 40.83122596610019], [0.5974664430186643, 40.83122843526827], [0.5974696937263787, 40.83113842959255], [0.5974729444193927, 40.8310484239152], [0.5974761950977053, 40.83095841823622], [0.5974794457613174, 40.83086841255563], [0.5974826964102287, 40.83077840687343], [0.5974859470444394, 40.830688401189576], [0.5976044434958816, 40.830690870189336], [0.5977229399620227, 40.83069333906752], [0.5977261902616315, 40.83060333336649], [0.5977294405465425, 40.83051332766382], [0.5978479367074825, 40.83051579640484], [0.5979664328831213, 40.830518265024274], [0.597969682833434, 40.83042825930441], [0.5979729327690494, 40.83033825358294], [0.597976182689967, 40.830248247859835], [0.5979794325961881, 40.83015824213511], [0.5979826824877115, 40.830068236408756], [0.5978641871118127, 40.83006576782826], [0.597745691750611, 40.830063299126174], [0.5976271964041089, 40.83006083030253], [0.5975087010723066, 40.830058361357274], [0.5975054505409968, 40.83014836705249], [0.5973869550639477, 40.83014589797787], [0.5972684596015996, 40.83014342878167], [0.5971499641539527, 40.83014095946388], [0.597031468721008, 40.83013849002452], [0.5969129733027662, 40.83013602046357], [0.5969162246338049, 40.830046014807316], [0.5970347198921014, 40.83004848436046], [0.5970379710484917, 40.829958478694806], [0.5970412221901793, 40.82986847302753], [0.597044473317164, 40.82977846735862], [0.5971629681103294, 40.82978093676683], [0.5972814629181966, 40.82978340605345], [0.597284713710593, 40.82969340036735], [0.597287964488288, 40.82960339467961], [0.5972912152512829, 40.82951338899025], [0.5972944659995749, 40.829423383299286], [0.597412960182376, 40.82942585243317], [0.5975314543798753, 40.82942832144548], [0.5975347047935868, 40.8293383157373], [0.5975379551925987, 40.8292483100275], [0.5975412055769111, 40.82915830431608], [0.5975444559465256, 40.829068298603026], [0.5975477063014398, 40.82897829288836], [0.5975509566416551, 40.828888287172084], [0.5976694498942223, 40.82889075601608], [0.5977879431614884, 40.82889322473849], [0.597791193167132, 40.82880321900501], [0.5977944431580791, 40.82871321326989], [0.5979129361201702, 40.828715681855165], [0.5980314290969589, 40.828718150318856], [0.5980346787533392, 40.828628144566544], [0.5980379283950228, 40.828538138812625], [0.5980411780220098, 40.828448133057066], [0.5980444276343027, 40.82835812729989], [0.5980476772318991, 40.82826812154109], [0.5980509268147997, 40.82817811578068], [0.5980541763830057, 40.82808811001863], [0.598057425936516, 40.82799810425498], [0.5981759176485397, 40.8280005725348], [0.598294409375258, 40.82800304069304], [0.5984129011166709, 40.82800550872972], [0.5985313928727768, 40.82800797664481], [0.598534641771874, 40.8279179708484], [0.598537890656279, 40.82782796505033], [0.598541139525992, 40.82773795925066], [0.5985443883810119, 40.82764795344937], [0.5985476372213404, 40.82755794764645], [0.5985508860469773, 40.82746794184191], [0.5985541348579202, 40.82737793603575], [0.5985573836541739, 40.82728793022795], [0.598675874145556, 40.8272903979592], [0.5986791227671924, 40.82720039214202], [0.5986823713741382, 40.8271103863232], [0.5986856199663926, 40.827020380502766], [0.5986888685439564, 40.82693037468071], [0.5985703786922649, 40.8269279069806], [0.5985736274150588, 40.826837901164694], [0.5985768761231615, 40.826747895347175], [0.5984583866060015, 40.82674542754108], [0.5983398971035349, 40.8267429596134], [0.5983431461167846, 40.82665295380981], [0.5982246567889293, 40.82665048576836], [0.5981061674757674, 40.82664801760532], [0.5981094167941611, 40.82655801181571], [0.597990927655612, 40.82655554353889], [0.5979941771192286, 40.82646553775543], [0.5981126660978606, 40.82646800602447], [0.5982311550911856, 40.82647047417193], [0.5982279059474047, 40.82656047997096], [0.5983463951153414, 40.82656294800462], [0.5984648842979702, 40.82656541591674], [0.5985833734952916, 40.82656788370728], [0.5985866221593196, 40.8264778778849], [0.5985898708086574, 40.82638787206088], [0.5985931194433031, 40.826297866235244], [0.5985963680632581, 40.826207860408005], [0.5985996166685226, 40.826117854579124], [0.5986028652590957, 40.82602784874862], [0.5986061138349782, 40.82593784291651], [0.5986093623961701, 40.825847837082755], [0.5984908744781716, 40.825845369354504], [0.598494123184585, 40.82575536352692], [0.5984973718763076, 40.82566535769772], [0.5983788842928235, 40.825662889863466], [0.5983821331297656, 40.82557288404042], [0.5983853819520151, 40.82548287821576], [0.5983886307595724, 40.82539287238947], [0.5982701436705111, 40.82539040445701], [0.5981516565961408, 40.82538793640298], [0.5981549057088233, 40.825297930590644], [0.5980364188090548, 40.82529546242283], [0.5979179319239796, 40.82529299413347], [0.5979211813417844, 40.825202988335086], [0.5979244307448941, 40.82511298253508], [0.5978059441943282, 40.82511051413973], [0.5978091937426502, 40.82502050834587], [0.5978124432762765, 40.824930502550416], [0.5976939570602166, 40.82492803404905], [0.597697206739053, 40.82483802825976], [0.5977004564031934, 40.824748022468846], [0.5975819705216369, 40.824745553861504], [0.5975852203309854, 40.82465554807674], [0.5974667346240278, 40.82465307935565], [0.5974699845785821, 40.824563073577046], [0.5974732345184384, 40.82447306779684], [0.5973547491459821, 40.82447059896975], [0.5972362637882224, 40.824468130021096], [0.5972395140331836, 40.82437812425483], [0.5971210288500224, 40.82437565519241], [0.5970025436815589, 40.824373186008444], [0.5968840585277964, 40.82437071670291], [0.5967655733887344, 40.824368247275814], [0.5967623225041715, 40.82445825301092], [0.5967590716049082, 40.8245482587444], [0.596755820690943, 40.82463826447627], [0.5966373350868787, 40.824635794904246], [0.5966405861607454, 40.82454578918017], [0.5965221007312856, 40.82454331949437], [0.5965253519503503, 40.82445331377647], [0.5965286031547123, 40.824363308056945], [0.5964101180597551, 40.82436083826518], [0.5962916329795007, 40.82435836835185], [0.59617314791395, 40.82435589831697], [0.596054662863105, 40.82435342816053], [0.5960579146923611, 40.82426342247055], [0.5960611665069122, 40.82417341677896], [0.5959426817905685, 40.82417094651653], [0.5958241970889306, 40.82416847613257], [0.5957057124019999, 40.824166005627035], [0.5955872277297769, 40.82416353499993], [0.5954687430722613, 40.8241610642513], [0.595350258429454, 40.8241585933811], [0.5952317738013565, 40.82415612238933], [0.5951132891879698, 40.82415365127602], [0.5951165422669941, 40.82406364564514], [0.5949980578282147, 40.82406117441806], [0.5950013110524246, 40.82397116879336], [0.5948828267882529, 40.823968697452514], [0.5947643425387936, 40.82396622599012], [0.5946458583040464, 40.82396375440618], [0.5945273740840131, 40.823961282700665], [0.5944088898786944, 40.8239588108736], [0.5944056358550059, 40.824048816459324], [0.5944023818166014, 40.82413882204342], [0.5943991277634818, 40.82422882762588], [0.5943958736956476, 40.82431883320672], [0.5945143585405537, 40.82432130506498], [0.5946328434001741, 40.82432377680168], [0.594629589637422, 40.8244137823965], [0.5946263358599554, 40.824503787989684], [0.5947448210540874, 40.82450625962042], [0.594863306262934, 40.82450873112959], [0.5949817914864934, 40.824511202517215], [0.5951002767247637, 40.824513673783265], [0.5950970235721839, 40.824603679406025], [0.5950937704048936, 40.82469368502717], [0.5952122559776784, 40.82469615618725], [0.595209002955578, 40.82478616181456], [0.5952057499187667, 40.82487616744024], [0.5953242358260663, 40.82487863849437], [0.5954427217480763, 40.82488110942692], [0.5955612076847948, 40.82488358023792], [0.5955644602418969, 40.82479357458886], [0.5955677127842901, 40.82470356893817], [0.5956861984159135, 40.824706039612025], [0.595804684062243, 40.824708510164314], [0.5959231697232797, 40.82471098059504], [0.5960416553990238, 40.82471345090422], [0.5960384034962402, 40.82480345658608], [0.5960351515787503, 40.82489346226632], [0.5960318996465553, 40.82498346794494], [0.5960286476996541, 40.82507347362194], [0.5961471340297174, 40.82507594384073], [0.5962656203744872, 40.825078413937945], [0.5962623687326907, 40.82516841962891], [0.5962591170761901, 40.82525842531823], [0.5963776037554767, 40.825260895309476], [0.5964960904494657, 40.82526336517916], [0.5964928390980746, 40.82535337088246], [0.5964895877319801, 40.825443376584126], [0.5964863363511823, 40.825533382284185], [0.5964830849556813, 40.82562338798261], [0.5964798335454772, 40.825713393679415], [0.5965983210537137, 40.82571586346649], [0.5965950697887163, 40.82580586916946], [0.5964765821205699, 40.825803399374585], [0.5963580944671263, 40.82580092945816], [0.5962396068283876, 40.82579845942016], [0.5962363550689528, 40.825888465098146], [0.596233103294813, 40.82597847077451], [0.5961146153509554, 40.82597600059936], [0.5959961274218046, 40.825973530302655], [0.5958776395073584, 40.82597105988437], [0.5957591516076218, 40.82596858934454], [0.5956406637225926, 40.82596611868313], [0.5956439162962924, 40.82587611304574], [0.5955254285858835, 40.825873642270565], [0.5955286813047852, 40.82578363663935], [0.5954101937689971, 40.825781165750406], [0.5952917062479187, 40.825778694739896], [0.5951732187415523, 40.82577622360782], [0.595054731249896, 40.82577375235418], [0.5950579845937282, 40.825683746752524], [0.5950612379228487, 40.82559374114925], [0.5949427507657243, 40.82559126978963], [0.5948242636233128, 40.825588798308466], [0.5948275172575376, 40.825498792719145], [0.594830770877049, 40.825408787128204], [0.5947122840691659, 40.825406315541066], [0.594593797275998, 40.82540384383236], [0.5944753104975445, 40.82540137200209], [0.594356823733807, 40.82539890005027], [0.5943600779782315, 40.8253088944889], [0.5943633322079405, 40.82521888892591], [0.594366586422932, 40.8251288833613], [0.5942481001536289, 40.825126411311295], [0.5941296138990414, 40.82512393913974], [0.5941328684191263, 40.825033933589104], [0.594251354513809, 40.82503640575286], [0.5943698406232089, 40.82503887779505], [0.5943730948087685, 40.82494887222719], [0.5943763489796129, 40.8248588666577], [0.5943796031357408, 40.8247688610866], [0.5943828572771536, 40.82467885551388], [0.5942643718073651, 40.82467638350287], [0.5941458863522923, 40.82467391137031], [0.5940274009119363, 40.82467143911618], [0.5939089154862988, 40.82466896674051], [0.5937904300753797, 40.82466649424326], [0.593787175134461, 40.82475649977699], [0.5937839201788228, 40.824846505309104], [0.5936654344628192, 40.8248440326747], [0.5935469487615372, 40.82484155991874], [0.5935502040369788, 40.82475155440224], [0.5934317185103188, 40.82474908153251], [0.5934349739309411, 40.824659076022186], [0.5933164885789035, 40.82465660303871], [0.5931980032415884, 40.82465412993367], [0.5932012589672895, 40.82456412443731], [0.5932045146782677, 40.82447411893933], [0.5933229996957837, 40.82447659202876], [0.5934414847280216, 40.82447906499664], [0.5935599697749812, 40.824481537842956], [0.5936784548366603, 40.824484010567716], [0.5937969399130606, 40.824486483170915], [0.5938001948098216, 40.824396477632305], [0.5938034496918643, 40.82430647209208], [0.5939219344631858, 40.82430894455812], [0.5939251891706112, 40.824218939008475], [0.5939284438633193, 40.82412893345721], [0.5939316985413087, 40.824038927904304], [0.5939349532045797, 40.823948922349786], [0.5938164690728439, 40.82394644991494], [0.593819723881292, 40.8238564443666], [0.5938229786750214, 40.82376643881663], [0.5937044948777929, 40.82376396627583], [0.5937077498166966, 40.823673960732044], [0.5935892661940801, 40.82367148807749], [0.5935925212781572, 40.82358148253987], [0.593474037830154, 40.82357900977157], [0.5934772930594027, 40.82348900424013], [0.5934805482739313, 40.82339899870706], [0.5933620651604306, 40.8233965258328], [0.5933653205201277, 40.82330652030593], [0.5932468375812383, 40.82330404731791], [0.5932500930861042, 40.823214041797215], [0.5932533485762491, 40.82312403627488], [0.5932566040516719, 40.82303403075093], [0.5933750865108959, 40.823036503715535], [0.5933783418117099, 40.822946498182176], [0.5933815970978034, 40.82285649264717], [0.5933848523691754, 40.82276648711055], [0.5935033343634607, 40.822768959930215], [0.5935065894602282, 40.82267895438417], [0.5935098445422761, 40.82258894883649], [0.5935130996096026, 40.822498943287215], [0.5935163546622109, 40.8224089377363], [0.5935196097000988, 40.822318932183755], [0.5934011285052314, 40.82231645940311], [0.5934043836882813, 40.82222645385675], [0.5934076388566109, 40.822136448308775], [0.5934108940102208, 40.82204644275916], [0.5934141491491107, 40.82195643720793], [0.5932956686084835, 40.821953964336934], [0.5931771880825779, 40.821951491344386], [0.5930587075713927, 40.8219490182303], [0.5930619631751979, 40.82185901270086], [0.5931804435265049, 40.82186148580714], [0.5931836989557091, 40.82177148026827], [0.5931869543701933, 40.82168147472777], [0.5931902097699563, 40.821591469185655], [0.5930717298982808, 40.821588996102776], [0.5929532500413269, 40.82158652289834], [0.5928347701990947, 40.82158404957237], [0.5927162903715852, 40.82158157612484], [0.5925978105588013, 40.82157910255578], [0.5924793307607419, 40.82157662886517], [0.5924760744017228, 40.82166663436046], [0.5924728180279789, 40.82175663985415], [0.5924695616395095, 40.821846645346206], [0.5923510813765459, 40.82184417151064], [0.5923478248134736, 40.82193417699326], [0.5923445682356733, 40.82202418247426], [0.5923413116431478, 40.82211418795365], [0.5923380550358949, 40.82220419343142], [0.5923347984139159, 40.82229419890754], [0.5922163173662832, 40.8222917249114], [0.5920978363333778, 40.822289250793716], [0.5921010932751177, 40.822199245333195], [0.5921043502021303, 40.82210923987105], [0.5921076071144147, 40.82201923440727], [0.5921108640119701, 40.82192922894188], [0.5919923836333111, 40.821926754733866], [0.5918739032693799, 40.8219242804043], [0.591755422920178, 40.821921805953195], [0.5916369425857056, 40.82191933138054], [0.5916402001080436, 40.82182932594474], [0.5916434576156516, 40.82173932050733], [0.5916467151085288, 40.821649315068285], [0.5916499725866754, 40.82155930962762], [0.591768452281642, 40.82156178416905], [0.5918869319913386, 40.82156425858893], [0.5920054117157639, 40.821566732887256], [0.5920086686995564, 40.821476727421555], [0.5920119256686202, 40.82138672195423], [0.5921304050880251, 40.82138919611541], [0.5921336618824884, 40.821299190638655], [0.5922521411567475, 40.821301664670486], [0.592370620445733, 40.82130413858078], [0.5924890997494452, 40.82130661236952], [0.5926075790678811, 40.82130908603672], [0.5927260584010429, 40.821311559582384], [0.5928445377489286, 40.82131403300649], [0.592841281913708, 40.82140403853006], [0.5929597614361891, 40.82140651184045], [0.5930782409733931, 40.821408985029265], [0.593196720525319, 40.82141145809655], [0.5933152000919657, 40.821413931042294], [0.5933119448815201, 40.82150393659545], [0.5934304246227622, 40.821506409427435], [0.5934271695574711, 40.82159641498679], [0.5934239144774608, 40.82168642054451], [0.5934206593827301, 40.82177642610061], [0.5935391396183206, 40.821778898834445], [0.5936576198686304, 40.82178137144676], [0.5937761001336578, 40.82178384393752], [0.5938945804134044, 40.821786316306714], [0.5938913259434654, 40.8218763218924], [0.5938880714588107, 40.821966327476446], [0.5938848169594382, 40.82205633305887], [0.5940032977335372, 40.822058805329924], [0.5941217785223518, 40.82206127747944], [0.5942402593258824, 40.82206374950741], [0.5942435133456163, 40.82197374390158], [0.5942467673506349, 40.82188373829413], [0.5942500213409386, 40.821793732685066], [0.5941315410170448, 40.82179126068049], [0.5940130607078661, 40.821788788554386], [0.5940163150032105, 40.82169878295928], [0.5941347951525122, 40.8217012550776], [0.5941380492732629, 40.82161124947308], [0.5941413033792986, 40.82152124386694], [0.5941445574706196, 40.82143123825917], [0.5941478115472248, 40.8213412326498], [0.5940293320374262, 40.82133876056268], [0.593910852542344, 40.821336288354], [0.5939141069239819, 40.821246282758594], [0.5937956276034883, 40.82124381043618], [0.5936771482977139, 40.82124133799223], [0.5935586690066554, 40.82123886542673], [0.5935619238531963, 40.82114885985308], [0.5934434447367308, 40.821146387173826], [0.5933249656349834, 40.821143914373046], [0.5932064865479568, 40.82114144145072], [0.5930880074756502, 40.821138968406835], [0.5930912629469594, 40.82104896286279], [0.5929727840492468, 40.82104648970516], [0.5928543051662548, 40.82104401642601], [0.5928575609425855, 40.82095401089593], [0.5927390822341868, 40.82095153750303], [0.5926206035405133, 40.820949063988586], [0.5925021248615637, 40.82094659035259], [0.592383646197339, 40.820944116595065], [0.5923869025984261, 40.820854111094576], [0.5922684241087967, 40.8208516372233], [0.5921499456338936, 40.8208491632305], [0.5921532023399931, 40.82075915774401], [0.5921564590313666, 40.820669152255874], [0.5920379808909271, 40.820666678157124], [0.5919195027652155, 40.82066420393684], [0.5918010246542323, 40.82066172959502], [0.5916825465579776, 40.82065925513166], [0.5915640684764523, 40.820656780546756], [0.5914455904096585, 40.82065430584029], [0.5913271123575955, 40.820651831012306], [0.5913303701533129, 40.82056182557721], [0.5913336279342979, 40.820471820140476], [0.5913368857005514, 40.82038181470212], [0.591340143452073, 40.82029180926214], [0.5912216660542056, 40.82028933434384], [0.5912249239508602, 40.82019932891005], [0.5912281818327821, 40.82010932347464], [0.5911097047693739, 40.820106848450415], [0.5911129627964273, 40.82001684302118], [0.591116220808746, 40.81992683759034], [0.5909977440797949, 40.819924362460185], [0.5908792673655774, 40.8199218872085], [0.5907607906660945, 40.81991941183527], [0.5906423139813465, 40.819916936340505], [0.5905238373113326, 40.81991446072421], [0.5905270961082242, 40.81982445533078], [0.5905303548903795, 40.819734449935716], [0.5905336136577989, 40.81964444453904], [0.5905368724104827, 40.81955443914073], [0.5905401311484291, 40.81946443374081], [0.5905433898716399, 40.81937442833926], [0.5904249141755171, 40.81937195264829], [0.5903064384941302, 40.819369476835774], [0.5901879628274809, 40.819367000901714], [0.5900694871755697, 40.81936452484614], [0.5900662278129303, 40.81945453021645], [0.5899477520159012, 40.819452054031515], [0.5899444924786659, 40.81954205939239], [0.5898260165365184, 40.81953958307811], [0.5898227568246854, 40.81962958842955], [0.5898194970981122, 40.81971959377936], [0.589701020850989, 40.81971711732792], [0.5895825446186059, 40.819714640754945], [0.5894640684009652, 40.81971216406043], [0.589460808180073, 40.8198021693852], [0.5893423318173154, 40.81979969256133], [0.5893390714218202, 40.819889697876654], [0.589335811011582, 40.81997970319033], [0.5893325505866002, 40.82006970850241], [0.5893292901468746, 40.82015971381285], [0.5893260296924051, 40.82024971912166], [0.5893227692231918, 40.82033972442886], [0.5892042919160075, 40.820337247436576], [0.5890858146235671, 40.82033477032275], [0.5890825538198824, 40.82042477561269], [0.5889640763823236, 40.82042229836952], [0.5889608154040279, 40.82051230365003], [0.5889575544109864, 40.8206023089289], [0.5889542934031975, 40.82069231420616], [0.5889510323806634, 40.82078231948179], [0.5890695104576846, 40.82078479675623], [0.5891879885494521, 40.82078727390912], [0.589306466655965, 40.82078975094048], [0.5894249447772222, 40.82079222785029], [0.5895434229132228, 40.82079470463855], [0.5895401626752808, 40.820884709951635], [0.5894216843794128, 40.82088223315555], [0.5893032060982878, 40.82087975623792], [0.5892999455258651, 40.82096976153375], [0.5892966849386992, 40.82105976682795], [0.5891782063525798, 40.82105728977316], [0.5891749455907987, 40.82114729505794], [0.5890564668595561, 40.82114481787379], [0.5890532059231587, 40.821234823149105], [0.589049944972015, 40.82132482842281], [0.5890466840061264, 40.82141483369489], [0.5890434230254905, 40.821504838965346], [0.5891619023962207, 40.82150731618075], [0.5892803817816966, 40.82150979327462], [0.5893988611819173, 40.82151227024695], [0.5895173405968825, 40.82151474709772], [0.5895140802409948, 40.82160475239781], [0.5893956006661554, 40.82160227553921], [0.5892771211060618, 40.82159979855908], [0.5892738604156822, 40.82168980384192], [0.5891553807104579, 40.82168732673242], [0.5890369010199799, 40.82168484950138], [0.5889184213442484, 40.8216823721488], [0.5887999416832649, 40.82167989467467], [0.5886814620370288, 40.82167741707899], [0.5885629824055408, 40.82167493936178], [0.5885662440551662, 40.82158493412582], [0.5885695056900416, 40.82149492888826], [0.5884510263930502, 40.821492451065126], [0.5883325471108095, 40.82148997312046], [0.5882140678433186, 40.821487495054235], [0.58809558859058, 40.821485016866475], [0.5880923263162122, 40.821575022072764], [0.5880890640270923, 40.82166502727745], [0.587970584469359, 40.82166254895251], [0.5878521049263784, 40.82166007050602], [0.5878488423027576, 40.82175007569343], [0.5878455796643837, 40.82184008087922], [0.5877270998164078, 40.82183760229555], [0.587608619983186, 40.82183512359033], [0.5876053570103077, 40.82192512875886], [0.5876020940226723, 40.82201513392577], [0.5874836138844549, 40.82201265508338], [0.5873651337609932, 40.822010176119434], [0.5873618704388494, 40.822100181269064], [0.5873586071019478, 40.82219018641709], [0.5872401266734892, 40.822187707315955], [0.5871216462597876, 40.82218522809327], [0.5871183825883743, 40.822275233224026], [0.5871151189022014, 40.82236523835315], [0.5869966381835028, 40.82236275899328], [0.5868781574795625, 40.82236027951187], [0.5868748934588727, 40.82245028462372], [0.5868716294234219, 40.82254028973396], [0.5867531484144822, 40.822537810115364], [0.5866346674203043, 40.8225353303752], [0.5866314030503323, 40.82262533546817], [0.5866281386655986, 40.822715340559505], [0.5866248742661035, 40.82280534564922], [0.5866216098518455, 40.82289535073731], [0.5865031282329021, 40.82289287084432], [0.5863846466287221, 40.82289039082977], [0.5862661650393046, 40.82288791069367], [0.5861476834646521, 40.82288543043603], [0.5861444183960987, 40.82297543549121], [0.5861411533127807, 40.82306544054476], [0.5861378882146983, 40.82315544559668], [0.58613462310185, 40.823245450646986], [0.586131357974237, 40.823335455695656], [0.5861280928318581, 40.82342546074271]], [[0.5916804995179309, 40.82399193070799], [0.5916837572192021, 40.823901925301726], [0.5918022410858903, 40.82390439992456], [0.5919207249673097, 40.82390687442586], [0.5919174675858262, 40.82399687984773], [0.5917989835445135, 40.82399440533864], [0.5916804995179309, 40.82399193070799]], [[0.5916772418019282, 40.824081936112634], [0.5915587576301822, 40.82407946135261], [0.5915620155060797, 40.82398945595578], [0.5916804995179309, 40.82399193070799], [0.5916772418019282, 40.824081936112634]], [[0.5917065607156154, 40.823271887412425], [0.5917098182990356, 40.82318188199318], [0.5915913357262045, 40.82317940731124], [0.5914728531681049, 40.823176932507735], [0.5913543706247385, 40.823174457582695], [0.5913576286730889, 40.82308445218523], [0.5913608867067066, 40.822994446786154], [0.5913641447255908, 40.822904441385454], [0.5913674027297431, 40.822814435983126], [0.5913706607191602, 40.82272443057918], [0.591252178989957, 40.822721955571616], [0.5911336972754856, 40.82271948044251], [0.5911369555699382, 40.82262947505256], [0.5911402138496564, 40.82253946966097], [0.5910217324696865, 40.82253699442593], [0.590903251104452, 40.82253451906932], [0.5909065096891998, 40.82244451369175], [0.5909097682592116, 40.82235450831254], [0.5909130268144895, 40.82226450293171], [0.5909162853550316, 40.822174497549256], [0.5909195438808378, 40.822084492165175], [0.5909228023919092, 40.82199448677946], [0.5909260608882451, 40.821904481392146], [0.5910445411343223, 40.821906956694065], [0.5910412827978642, 40.821996962089194], [0.5910380244466712, 40.822086967482726], [0.5911565050272378, 40.82208944267872], [0.5911532468211887, 40.82217944807842], [0.5912717275763698, 40.822181923160684], [0.5912684695154673, 40.822271928566565], [0.5912652114398326, 40.82236193397082], [0.5912619533494639, 40.82245193937345], [0.5912586952443608, 40.82254194477447], [0.5913771766537991, 40.822544419766416], [0.5914956580779692, 40.82254689463681], [0.5914924002778993, 40.82263690005182], [0.5916108818766851, 40.822639374808475], [0.5917293634902024, 40.82264184944357], [0.5918478451184492, 40.82264432395714], [0.5919663267614269, 40.82264679834914], [0.5920848084191337, 40.82264927261959], [0.5920815514037515, 40.82273927807201], [0.5920782943736406, 40.822829283522786], [0.5921967763658454, 40.822831757687304], [0.5923152583727771, 40.82283423173027], [0.5923120016477085, 40.822924237195046], [0.5923087449079142, 40.82301424265819], [0.5921902625812099, 40.82301176859961], [0.592071780269234, 40.823009294419485], [0.5920685231949364, 40.823099299865405], [0.5920652661059117, 40.823189305309704], [0.5919467834888895, 40.82318683099241], [0.5919435262252464, 40.82327683642726], [0.5918250434630665, 40.82327436198062], [0.591821786024805, 40.82336436740605], [0.591703303117465, 40.82336189283005], [0.5917065607156154, 40.823271887412425]], [[0.5867573788831771, 40.82569046756884], [0.58676064343528, 40.825600462515446], [0.5867639079726203, 40.825510457460446], [0.5866454216872351, 40.8255079775837], [0.5866486863697169, 40.82541797253489], [0.5865302002589986, 40.8254154925444], [0.5865334650866194, 40.82532548750179], [0.5865367298994772, 40.825235482457565], [0.5865399946975707, 40.825145477411695], [0.5865432594809007, 40.825055472364205], [0.586661744952011, 40.825057952323405], [0.5866584803285818, 40.82514795737872], [0.5867769659743558, 40.825150437224174], [0.5867737014960657, 40.82524044228568], [0.586770437003013, 40.825330447345564], [0.5867671724951982, 40.825420452403826], [0.5868856586354415, 40.825422932151184], [0.5870041447904483, 40.82542541177699], [0.587000880587678, 40.82551541684927], [0.5869976163701472, 40.825605421919924], [0.5871161028597233, 40.82560790143981], [0.5872345893640603, 40.825610380838135], [0.5872313254515784, 40.825700385922815], [0.5872280615243373, 40.82579039100587], [0.5872247975823363, 40.82588039608728], [0.5872215336255748, 40.82597040116708], [0.5871030464816108, 40.82596792173746], [0.5869845593524073, 40.82596544218629], [0.5869878236289855, 40.82587543712213], [0.5869910878908, 40.825785432056364], [0.5868726010961746, 40.82578295239926], [0.5867541143163105, 40.82578047262059], [0.5867573788831771, 40.82569046756884]], [[0.5860823792881682, 40.82468553123085], [0.5859638945304781, 40.824683050695164], [0.5859671600394751, 40.82459304567868], [0.5860856446372672, 40.824595526206544], [0.5860889099716009, 40.82450552118062], [0.5862073944242631, 40.8245080015791], [0.5863258788916905, 40.824510481856024], [0.5863226138771509, 40.8246004868976], [0.5863193488478446, 40.82469049193757], [0.5864378336498312, 40.82469297210858], [0.586434568765658, 40.82478297715474], [0.5865530537423067, 40.82478545721202], [0.5865497890032675, 40.82487546226438], [0.5864313038667213, 40.824872982199274], [0.586312818744938, 40.824870502012615], [0.5861943336379213, 40.82486802170438], [0.5860758485456694, 40.8248655412746], [0.5860791139243011, 40.82477553625354], [0.5860823792881682, 40.82468553123085]], [[0.5907109685196684, 40.82784483347302], [0.5907077090506493, 40.82793483875318], [0.5907044495668892, 40.82802484403173], [0.59058595846223, 40.828022368077185], [0.5904674673723117, 40.82801989200107], [0.5904707271759227, 40.82792988673815], [0.5904739869647928, 40.82783988147361], [0.5905924777348599, 40.8278423575341], [0.5907109685196684, 40.82784483347302]], [[0.5912945335901613, 40.821551885274054], [0.5912912756323898, 40.82164189069129], [0.5912880176598845, 40.82173189610693], [0.5911695377040942, 40.821729421063694], [0.59116627955698, 40.821819426469894], [0.5910477994560458, 40.82181695129732], [0.5910510577630365, 40.821726945898924], [0.5910543160552914, 40.82163694049892], [0.591172795836474, 40.82163941565588], [0.5911760539541195, 40.82154941024645], [0.5912945335901613, 40.821551885274054]], [[0.5945625949855301, 40.829546570685636], [0.594681089149907, 40.829549042631456], [0.5946778348534959, 40.82963904814773], [0.5946745805423689, 40.82972905366239], [0.5945560860581096, 40.82972658170098], [0.594437591588568, 40.82972410961799], [0.594440846219579, 40.82963410411893], [0.5945593405291788, 40.829636576194126], [0.5945625949855301, 40.829546570685636]], [[0.5946179184917696, 40.82801647679315], [0.5947364099372645, 40.82801894860641], [0.5947396639687819, 40.82792894306093], [0.5947429179855844, 40.82783893751382], [0.5947461719876713, 40.82774893196506], [0.5948646629680999, 40.82775140363336], [0.5949831539632425, 40.827753875180086], [0.5949864076307626, 40.82766386961413], [0.5949896612835689, 40.82757386404655], [0.5949929149216612, 40.82748385847735], [0.5949961685450399, 40.82739385290653], [0.594877678189595, 40.827391381390996], [0.5947591878488655, 40.82738890975389], [0.5947624417773758, 40.82729890419704], [0.5947656956911725, 40.82720889863855], [0.5948841857120571, 40.827211370260066], [0.5950026757476566, 40.82721384176001], [0.5951211657979703, 40.827216313138386], [0.595239655862995, 40.827218784395185], [0.5953581459427327, 40.827221255530425], [0.5954766360371824, 40.82722372654407], [0.5955951261463421, 40.82722619743616], [0.5957136162702116, 40.827228668206686], [0.5958321064087895, 40.827231138855645], [0.5959505965620775, 40.827233609383015], [0.5960690867300723, 40.82723607978883], [0.596065834575423, 40.82732608543306], [0.5960625824060675, 40.82741609107565], [0.5961810729086153, 40.827418561375474], [0.5961778208844771, 40.827508567024246], [0.596296311561657, 40.82751103721027], [0.5962930596827366, 40.82760104286522], [0.5961745688456321, 40.827598572671384], [0.5961713167920802, 40.8276885783169], [0.5961680647238211, 40.8277785839608], [0.5961648126408554, 40.827868589603085], [0.5960463213386787, 40.8278661192643], [0.5960430690810787, 40.82795612489716], [0.5959245776336816, 40.82795365442901], [0.5959213252014453, 40.828043660052444], [0.5959180727545005, 40.82813366567427], [0.5957995810019533, 40.828131195068956], [0.5956810892641153, 40.828128724342065], [0.5955625975409875, 40.82812625349361], [0.5954441058325697, 40.82812378252356], [0.5953256141388639, 40.82812131143196], [0.5952071224598702, 40.828118840218764], [0.5950886307955898, 40.828116368884], [0.5949701391460218, 40.82811389742768], [0.5949668854049316, 40.82820390298551], [0.5949636316491266, 40.828293908541724], [0.594845139694413, 40.828291436948234], [0.5947266477544157, 40.828288965233156], [0.5946081558291334, 40.82828649339651], [0.5944896639185687, 40.82828402143827], [0.5944929183140938, 40.828194015913255], [0.594496172694901, 40.828104010386596], [0.5944994270609916, 40.828014004858325], [0.5946179184917696, 40.82801647679315]], [[0.5929317275390136, 40.82545923261262], [0.5928132408067381, 40.82545675907269], [0.5926947540891891, 40.82545428541119], [0.5926980105870239, 40.82536427996065], [0.5927012670701335, 40.825274274508494], [0.5927045235385163, 40.82518426905471], [0.5928230097763495, 40.82518674269279], [0.5929414960289082, 40.825189216209324], [0.5930599822961908, 40.825191689604296], [0.5931784685781988, 40.8251941628777], [0.593175212749435, 40.82528416836269], [0.5930567263075227, 40.825281695081486], [0.5930534703041307, 40.82537170055705], [0.5929349837170368, 40.825369227146474], [0.5929317275390136, 40.82545923261262]], [[0.5922305787344531, 40.82517437328674], [0.5922338358277258, 40.82508436786256], [0.5923523218467447, 40.825086841979086], [0.5924708078804928, 40.82508931597405], [0.5924675511070292, 40.82517932141385], [0.5923490649133767, 40.82517684741107], [0.5922305787344531, 40.82517437328674]], [[0.5931328856356538, 40.826454239519876], [0.593136141655827, 40.82636423405599], [0.5931393976612769, 40.82627422859047], [0.5932578858769164, 40.82627670183594], [0.5932546300313812, 40.82636670730926], [0.5932513741711213, 40.826456712780946], [0.5931328856356538, 40.826454239519876]], [[0.5961922441417306, 40.830391217363385], [0.5961889917921854, 40.83048122296639], [0.5963074877619836, 40.83048369328801], [0.596304235557679, 40.83057369889719], [0.596185739427932, 40.83057122856778], [0.5960672433128922, 40.83056875811678], [0.5960704958370954, 40.83047875252319], [0.596073748346589, 40.83038874692797], [0.5961922441417306, 40.830391217363385]], [[0.5957280199291669, 40.830111318167006], [0.5956095246727043, 40.830108847268654], [0.5954910294309543, 40.8301063762487], [0.5954942826813385, 40.83001637068596], [0.5953757876142455, 40.83001389955223], [0.595379041009861, 40.82992389399566], [0.5954975359170092, 40.82992636512161], [0.595616030838871, 40.82992883612596], [0.5956192838998866, 40.829838830552184], [0.5956225369461906, 40.829748824976775], [0.5957410315628766, 40.829751295843955], [0.5958595261942738, 40.82975376658957], [0.5958562734678562, 40.82984377218055], [0.5958530207267276, 40.82993377776992], [0.5959715156927204, 40.829936248409524], [0.5960900106734233, 40.82993871892756], [0.596208505668835, 40.829941189324], [0.5963270006789541, 40.82994365959886], [0.5964454957037804, 40.829946129752145], [0.5965639907433123, 40.82994859978384], [0.5965607389471416, 40.83003860541834], [0.5965574871362649, 40.83012861105123], [0.5964389917768422, 40.830126141003944], [0.596320496432126, 40.830123670835086], [0.5962020011021172, 40.830121200544625], [0.5960835057868156, 40.83011873013259], [0.5959650104862233, 40.83011625959898], [0.5958465152003403, 40.83011378894379], [0.5957280199291669, 40.830111318167006]], [[0.5948920452985387, 40.83027403036788], [0.5948952993780777, 40.83018402484738], [0.5950137947062049, 40.83018649648303], [0.5950105407866112, 40.83027650201134], [0.5948920452985387, 40.83027403036788]], [[0.5970170086034238, 40.82725583865875], [0.5970137577281601, 40.82734584436531], [0.5971322481884157, 40.82734831368478], [0.5971289974583746, 40.8274383193975], [0.5972474880932546, 40.82744078860318], [0.5972442375084387, 40.82753079432206], [0.5973627283179442, 40.827533263413955], [0.5974812191421484, 40.82753573238428], [0.5974779688624836, 40.82762573811712], [0.5975964598613134, 40.827628206973664], [0.5975932097268768, 40.82771821271267], [0.597589959577742, 40.827808218450045], [0.5975867094139087, 40.82789822418581], [0.5975834592353789, 40.827988229919946], [0.5974649675968374, 40.82798576103225], [0.5973464759729966, 40.827983292022985], [0.5973497264713856, 40.827893286304416], [0.5973529769550742, 40.82780328058423], [0.5972344856657898, 40.82780081146897], [0.5971159943912049, 40.827798342232136], [0.5971192451800486, 40.82770833652591], [0.5971224959541913, 40.827618330818055], [0.5970040050141614, 40.82761586147523], [0.596885514088832, 40.827613392010825], [0.5967670231782062, 40.827610922424846], [0.5967702744174247, 40.82752091673874], [0.5968887651681251, 40.82752338631693], [0.5968920162327165, 40.82743338062142], [0.5968952672826058, 40.82734337492428], [0.5968985183177926, 40.82725336922551], [0.5970170086034238, 40.82725583865875]], [[0.596774968644524, 40.83067358463771], [0.5968934650077523, 40.830676054366975], [0.5970119613856848, 40.83067852397467], [0.5970087101116689, 40.830768529627356], [0.5968902135737856, 40.83076606001187], [0.5967717170506067, 40.830763590274806], [0.5966532205421328, 40.830761120416156], [0.596656472296, 40.83067111478684], [0.596774968644524, 40.83067358463771]], [[0.5969617417245133, 40.828785935449446], [0.5969649928350073, 40.828695929768855], [0.5970834856942014, 40.828698399205166], [0.5970802347436432, 40.828788404893544], [0.5969617417245133, 40.828785935449446]], [[0.5970867366300584, 40.82860839351516], [0.5972052293440209, 40.82861086282211], [0.5972019785680978, 40.828700868519896], [0.5970834856942014, 40.828698399205166], [0.5970867366300584, 40.82860839351516]], [[0.5963595210306775, 40.82904360332046], [0.5963627729849647, 40.8289535976837], [0.5963660249245442, 40.8288635920453], [0.596484518030089, 40.828866062105085], [0.5964812662504453, 40.82895606775126], [0.5965997595306316, 40.82895853769726], [0.5965965078962191, 40.82904854334961], [0.5964780144560954, 40.82904607339583], [0.5964747626470411, 40.829136079038754], [0.5964715108232803, 40.829226084680066], [0.596353017077986, 40.82922361458912], [0.5963562690616854, 40.8291336089556], [0.5963595210306775, 40.82904360332046]], [[0.5968660073043224, 40.828153426140105], [0.5968627561221113, 40.82824343182264], [0.5969812481669399, 40.82824590134157], [0.5969779971299572, 40.82833590703028], [0.5968595049251972, 40.82833343750356], [0.5967410127351412, 40.82833096785526], [0.5966225205597883, 40.828328498085384], [0.5966257720765643, 40.82823849242004], [0.5966290235786358, 40.82814848675309], [0.596632275066004, 40.82805848108452], [0.5967507667615652, 40.82806095083102], [0.5968692584718298, 40.82806342045595], [0.5968660073043224, 40.828153426140105]]]}, "properties": {"area_ha": 75.1, "dnbr_threshold": 0.35, "part": 0, "fire_id": "2024430994", "burn_year": 2024, "source": "sentinel", "aoi_source": "official", "buffer_m": 500.0, "fire_date": "2024-05-28"}}, {"type": "Feature", "geometry": {"type": "Polygon", "coordinates": [[[0.27364344954988856, 40.96336302854392], [0.27363974379060657, 40.963453009320645], [0.27375844727238074, 40.96345581834211], [0.27387715077092434, 40.963458627241536], [0.2739958542862359, 40.963461436018896], [0.2739921489927608, 40.9635514168205], [0.27398844368251907, 40.96364139762041], [0.27410714753631793, 40.96364420629342], [0.27422585140688427, 40.96364701484436], [0.274344555294217, 40.963649823273265], [0.2744632591983151, 40.963652631580096], [0.27445955451474835, 40.963742612413725], [0.27457825859647295, 40.963745420607346], [0.27469696269496185, 40.96374822867892], [0.2748156668102151, 40.96375103662844], [0.27493437094223017, 40.96375384445589], [0.2749306668853472, 40.96384382532323], [0.27481196259246876, 40.96384101748693], [0.27469325831635427, 40.96383820952857], [0.2745745540570032, 40.963835401448144], [0.27445584981441695, 40.96383259324567], [0.27433714558859534, 40.96382978492114], [0.27421844137954, 40.963826976474536], [0.2740997371872514, 40.96382416790588], [0.27398103301173027, 40.96382135921517], [0.27386232885297623, 40.96381855040241], [0.27374362471099206, 40.963815741467585], [0.2737399190287212, 40.96390572224473], [0.2737362133296813, 40.9639957030202], [0.27361750888274156, 40.96399289394561], [0.2736138030060684, 40.964082874710535], [0.2734950984150353, 40.964080065505044], [0.2734913923607278, 40.964170046259426], [0.2734876862896484, 40.96426002701213], [0.273483980201798, 40.96435000776314], [0.27348027409717574, 40.96443998851248], [0.27347656797578235, 40.96452996926013], [0.2735952733711424, 40.96453277850989], [0.27371397878327436, 40.9645355876376], [0.27383268421217616, 40.96453839664324], [0.2739513896578462, 40.96454120552683], [0.27394768416315257, 40.96463118630821], [0.27394397865168985, 40.96472116708789], [0.273825272884282, 40.9647183581866], [0.27370656713364483, 40.964715549163245], [0.27358786139977676, 40.96471274001784], [0.2734691556826805, 40.96470993075036], [0.27335044998235536, 40.964707121360824], [0.2732317442988028, 40.96470431184923], [0.2732280378053569, 40.964794292574105], [0.2732243312951356, 40.96488427329732], [0.27322062476814246, 40.96497425401883], [0.2732169182243758, 40.96506423473865], [0.2733356245514078, 40.96506704428566], [0.27345433089521365, 40.96506985371062], [0.27357303725579135, 40.965072663013494], [0.27369174363313975, 40.965075472194314], [0.2736880377160875, 40.96516545294787], [0.2736843317822642, 40.96525543369974], [0.2736806258316698, 40.96534541444993], [0.27367691986430515, 40.965435395198426], [0.27367321388016785, 40.96552537594524], [0.2736695078792611, 40.96561535669036], [0.2737882152386252, 40.96561816580224], [0.2739069226147588, 40.96562097479205], [0.27402563000766345, 40.96562378365979], [0.2740293355259433, 40.96553380288812], [0.2741480427747402, 40.96553661162494], [0.27414433741733674, 40.96562659240548], [0.27426304484377795, 40.96562940102909], [0.27438175228698747, 40.96563220953064], [0.2745004597469641, 40.965635017910124], [0.27449675485542324, 40.96572499871552], [0.2744930499471161, 40.965814979519244], [0.2746117577456134, 40.965817787794364], [0.27473046556087666, 40.96582059594741], [0.2748491733929046, 40.9658234039784], [0.274967881241696, 40.96582621188732], [0.275086589107251, 40.96582901967417], [0.2752052969895694, 40.96583182733895], [0.27532400488864905, 40.965834634881666], [0.2754427128044901, 40.965837442302316], [0.275561420737092, 40.9658402496009], [0.27568012868645336, 40.96584305677742], [0.2757988366525739, 40.965845863831866], [0.27580253979121916, 40.96575588293082], [0.2758062429131065, 40.965665902028086], [0.2758099460182348, 40.96557592112367], [0.27581364910660544, 40.96548594021757], [0.27569494178399623, 40.965483133198504], [0.27557623447814455, 40.965480326057374], [0.2754575271890532, 40.965477518794174], [0.27533881991672177, 40.965474711408916], [0.2752201126611511, 40.96547190390159], [0.27510140542234274, 40.965469096272194], [0.2751051094592089, 40.9653791154175], [0.2751088134793127, 40.965289134561104], [0.2752275203963718, 40.9652919421728], [0.27523122423884044, 40.96520196130587], [0.2753499310117866, 40.96520476878665], [0.2753536346766197, 40.965114787909194], [0.27547234130545256, 40.96511759525907], [0.2755910479510461, 40.965120402486875], [0.27570975461339886, 40.965123209592626], [0.2758284612925095, 40.9651260165763], [0.2759471679883773, 40.96512882343792], [0.27606587470100263, 40.965131630177474], [0.2760695773838371, 40.96504164924526], [0.27607328004991677, 40.96495166831136], [0.2760769826992409, 40.96486168737575], [0.2760806853318071, 40.96477170643848], [0.2760843879476193, 40.96468172549953], [0.2760880905466744, 40.964591744558874], [0.2759693847992778, 40.9645889378724], [0.27597308754244615, 40.964498956938925], [0.27597679026885935, 40.964408976003746], [0.27585808485995533, 40.96440616921289], [0.275739379467808, 40.96440336229998], [0.27562067409241825, 40.964400555265016], [0.2756243772846766, 40.96431057435469], [0.2756280804601754, 40.96422059344269], [0.275631783618917, 40.964130612529004], [0.2756354867608995, 40.964040631613635], [0.2757541914928265, 40.964043438613224], [0.275872896241509, 40.96404624549075], [0.27587659904500533, 40.96395626455601], [0.27588030183174533, 40.96386628361956], [0.2759990062754568, 40.96386909035735], [0.2761177107359246, 40.96387189697306], [0.27612141318418165, 40.96378191601725], [0.27624011750054095, 40.96378472250207], [0.27624381977118184, 40.96369474153574], [0.2763625239434322, 40.963697547889645], [0.2763662260364566, 40.96360756691278], [0.27636992811272826, 40.96351758593422], [0.27637363017224753, 40.96342760495398], [0.2763773322150125, 40.96333762397206], [0.2762586286862039, 40.963334817653525], [0.2761399251741496, 40.96333201121293], [0.27602122167884974, 40.963329204650286], [0.27590251820030465, 40.963326397965574], [0.2759062208697513, 40.96323641701734], [0.27590992352244326, 40.96314643606743], [0.27591362615837844, 40.96305645511583], [0.2757949231791621, 40.96305364833561], [0.2756762202167022, 40.96305084143332], [0.27555751727100014, 40.96304803440899], [0.2754388143420561, 40.96304522726259], [0.27543511106269347, 40.96313520817881], [0.2754314077665714, 40.96322518909334], [0.2754277044536913, 40.96331517000619], [0.27554640786520823, 40.96331797717911], [0.27566511129348265, 40.96332078423], [0.27578381473851626, 40.963323591158805], [0.27578011189145385, 40.96341357209651], [0.2757764090276355, 40.963503553032524], [0.27577270614705884, 40.96359353396686], [0.2757690032497266, 40.9636835148995], [0.2756502991612533, 40.96368070793529], [0.27565400221944686, 40.9635907270115], [0.2755352983085928, 40.96358791993409], [0.2754165944144967, 40.96358511273461], [0.27542029777765414, 40.96349513182682], [0.2753015940611777, 40.963492324514135], [0.27530529756843536, 40.9634023436135], [0.2753090010589339, 40.9633123627112], [0.2751902976809345, 40.96330955529415], [0.2750715943196966, 40.963306747755055], [0.2750752981151503, 40.963216766868754], [0.27495659493153085, 40.963213959216446], [0.274960298871082, 40.963123978337315], [0.2749640027938708, 40.963033997456485], [0.27496770669989845, 40.96294401657398], [0.2750864094009482, 40.96294682419973], [0.2750901131293598, 40.962856843306696], [0.2752088156863157, 40.96285965080155], [0.2753275182600316, 40.96286245817436], [0.27533122164997376, 40.962772477261936], [0.2754499240795938, 40.962775284503834], [0.2754536272919234, 40.962685303580884], [0.2754573304874939, 40.96259532265625], [0.2755760326121655, 40.962598129758405], [0.2756947347535955, 40.962600936738504], [0.27569103187972976, 40.96269091768085], [0.2756873289891085, 40.96278089862149], [0.2758060314690024, 40.96278370549723], [0.27592473396565104, 40.96278651225092], [0.27592103137998253, 40.96287649320757], [0.2760397340542421, 40.96287929984805], [0.27615843674525603, 40.96288210636648], [0.27627713945302435, 40.96288491276285], [0.2763958421775462, 40.96288771903717], [0.27639954411979406, 40.96279773804513], [0.2764032460452903, 40.96270775705142], [0.27652194846485506, 40.96271056318599], [0.27664065090117135, 40.96271336919851], [0.2766443524882073, 40.962623388185435], [0.27664805405849247, 40.962533407170646], [0.2766517556120269, 40.96244342615419], [0.27665545714881046, 40.962353445136046], [0.2766591586688433, 40.96226346411621], [0.27654045703678903, 40.96226065814791], [0.2764217554214864, 40.96225785205755], [0.27630305382293613, 40.96225504584514], [0.27629935182035037, 40.962345026838435], [0.27629564980101184, 40.96243500783006], [0.2762919477649197, 40.962524988819986], [0.27628824571207605, 40.96261496980823], [0.27616954348687023, 40.96261216343839], [0.2761732457005681, 40.96252218245899], [0.27605454365296966, 40.962519375975944], [0.27605824601076495, 40.9624293950037], [0.27606194835180703, 40.96233941402978], [0.2759432466426661, 40.96233660744237], [0.27594694912780365, 40.962246626475604], [0.2760656506760932, 40.962249433054176], [0.2761843522411383, 40.96225223951068], [0.27618805438782107, 40.96216225852455], [0.27619175651775185, 40.96207227753671], [0.27631045777784974, 40.962075083853485], [0.2764291590547012, 40.9620778900482], [0.27643286084617963, 40.961987909041014], [0.27643656262090727, 40.96189792803214], [0.27644026437888375, 40.96180794702157], [0.27655896518994255, 40.9618107530677], [0.2766776660177538, 40.9618135589918], [0.27679636686231257, 40.96181636479384], [0.27680006812099683, 40.96172638375507], [0.2769187688214602, 40.96172918942621], [0.2770374695386712, 40.96173199497531], [0.2771561702726294, 40.96173480040235], [0.2771598710320266, 40.96164481933537], [0.2771635717746762, 40.961554838266686], [0.27728227220368995, 40.96155764355401], [0.2774009726494506, 40.96156044871927], [0.2774046730536637, 40.96147046763122], [0.2774083734411312, 40.961380486541515], [0.27741207381185345, 40.9612905054501], [0.27753077379182617, 40.96129331046679], [0.2775344739849602, 40.96120332936485], [0.2776531738208343, 40.961206134250666], [0.2777718736734517, 40.961208939014426], [0.2777755735281572, 40.96111895789313], [0.277779273366119, 40.961028976770145], [0.27778297318733847, 40.96093899564547], [0.27766427381724584, 40.96093619090823], [0.27754557446389605, 40.960933386048936], [0.2774268751272907, 40.96093058106761], [0.27742317482354933, 40.96102056216575], [0.27730447534284774, 40.96101775705353], [0.27718577587889215, 40.96101495181926], [0.27718207523672306, 40.96110493289804], [0.27717837457780675, 40.961194913975135], [0.27705967480891514, 40.96119210860114], [0.2770559739724094, 40.96128208966771], [0.27693727405942187, 40.961279284162835], [0.27681857416318284, 40.96127647853589], [0.2766998742836922, 40.961273672786895], [0.2766961729479097, 40.96136365382526], [0.2765774729243256, 40.961360847945386], [0.2764587729174919, 40.961358041943456], [0.27645507124327295, 40.96144802296245], [0.2763363710923474, 40.961445216829624], [0.27634007292741014, 40.96135523581948], [0.2762213729540792, 40.96135242957346], [0.2762250749332326, 40.96126244857048], [0.27622877689563446, 40.9611724675658], [0.27611007726074077, 40.96116966121542], [0.27599137764260107, 40.96116685474299], [0.27587267804121457, 40.96116404814852], [0.27575397845658156, 40.961161241431995], [0.2757502758508132, 40.961251222401295], [0.2757465732282904, 40.9613412033689], [0.2756278733387297, 40.961338396512645], [0.2756241705386071, 40.961428377469716], [0.27562046772172777, 40.96151835842512], [0.27550176752723776, 40.96151555142911], [0.27549806453275827, 40.96160553237398], [0.275494361521522, 40.96169551331715], [0.2754906584935278, 40.96178549425864], [0.2753719578332591, 40.96178268711406], [0.2752532571897487, 40.96177987984741], [0.2752495538233045, 40.961869860769525], [0.2752458504401016, 40.96195984168995], [0.2752421470401403, 40.9620498226087], [0.2751234459308468, 40.96204701519347], [0.2751197423532774, 40.962136996101684], [0.2751160387589477, 40.96222697700821], [0.2749973373447173, 40.96222416945323], [0.27487863594724693, 40.962221361776194], [0.27475993456653725, 40.96221855397711], [0.2747562304728994, 40.96230853485541], [0.2746375289481026, 40.96230572692543], [0.27451882744006856, 40.9623029188734], [0.27451512300796677, 40.96239289973231], [0.27439642135584724, 40.96239009154938], [0.2743927167461314, 40.96248007239775], [0.2742740149499256, 40.96247726408391], [0.27427031016259285, 40.96256724492175], [0.2742666053584958, 40.96265722575791], [0.2741479032573511, 40.96265441730432], [0.2741441982756356, 40.962744398129935], [0.2740254960304042, 40.962741589545445], [0.27402179087106904, 40.96283157036052], [0.27401808569496555, 40.96292155117392], [0.2740143805020958, 40.963011531985636], [0.27401067529245937, 40.96310151279565], [0.27389197242057683, 40.9630987040537], [0.27377326956546255, 40.96309589518969], [0.2736545667271178, 40.96309308620362], [0.2736508610181438, 40.963183066985415], [0.27364715529240113, 40.963273047765504], [0.27364344954988856, 40.96336302854392]], [[0.2741293781811086, 40.96310432141555], [0.2741256731155604, 40.96319430223274], [0.274006970066055, 40.96319149360399], [0.27401067529245937, 40.96310151279565], [0.2741293781811086, 40.96310432141555]]]}, "properties": {"area_ha": 8.09, "dnbr_threshold": 0.35, "part": 0, "fire_id": "2024430992", "burn_year": 2024, "source": "sentinel", "aoi_source": "official", "buffer_m": 500.0, "fire_date": "2024-05-07"}}, {"type": "Feature", "geometry": {"type": "Polygon", "coordinates": [[[0.27791307969386936, 40.96355405719792], [0.27779437562560605, 40.96355125244844], [0.27767567157408723, 40.963548447576905], [0.27755696753931475, 40.96354564258331], [0.27755326707165756, 40.9636356236503], [0.2775495665872551, 40.96372560471558], [0.2774308622475024, 40.96372279958226], [0.2774271615854911, 40.96381278063701], [0.27742346090673126, 40.96390276169008], [0.27741976021122466, 40.963992742741496], [0.27753846503356844, 40.96399554790134], [0.2775347644821811, 40.964085528959885], [0.2775310639140462, 40.96417551001676], [0.27752736332916483, 40.964265491071934], [0.2776460686508541, 40.96426829613624], [0.27764236821009486, 40.96435827719858], [0.2777610737093966, 40.96436108214967], [0.2777573734127602, 40.96445106321916], [0.2778760790896765, 40.96445386805703], [0.277994784783338, 40.96445667277284], [0.2779910847916933, 40.96454665385832], [0.2779873847833058, 40.96463663494213], [0.27798368475817425, 40.964726616024244], [0.27797998471629826, 40.96481659710467], [0.2780986910701861, 40.96481940173376], [0.2782173974408159, 40.964822206240804], [0.2782136977039412, 40.96491218733722], [0.27820999795032286, 40.96500216843198], [0.27820629817996173, 40.96509214952502], [0.27832500504995655, 40.965094953936514], [0.2784437119366922, 40.96509775822594], [0.2785624188401699, 40.96510056239328], [0.27868112576038767, 40.96510336643859], [0.27868482488725227, 40.965013385310186], [0.27880353166333643, 40.96501618922458], [0.2789222384561595, 40.96501899301691], [0.2789185396510442, 40.96510897416297], [0.27891484082919005, 40.965198955307365], [0.2790335479605028, 40.96520175899529], [0.279152255108552, 40.96520456256117], [0.27914855659171267, 40.96529454372155], [0.27914485805813366, 40.96538452488024], [0.27926356554467463, 40.96538732834171], [0.27938227304795127, 40.96539013168111], [0.27937857481939105, 40.96548011285581], [0.2793748765740951, 40.9655700940288], [0.2793711783120627, 40.965660075200105], [0.2793674800332938, 40.96575005636973], [0.2794861881968226, 40.965752859622405], [0.2796048963770871, 40.965755662753025], [0.27960119840334413, 40.96584564393863], [0.2795975004128647, 40.96593562512257], [0.2797162089316261, 40.965938428148775], [0.2797125110852953, 40.96602840933984], [0.2797088132222297, 40.966118390529225], [0.27982752207949235, 40.96612119345104], [0.279823824360575, 40.966211174647576], [0.27982012662492484, 40.96630115584243], [0.2799388358206891, 40.966303958659836], [0.2800575450331879, 40.96630676135516], [0.2801762542624188, 40.96630956392842], [0.28017995151541425, 40.966219582707076], [0.28018364875167806, 40.966129601484035], [0.2803023576758707, 40.96613240391756], [0.28030605473451914, 40.96604242268402], [0.2803097517764375, 40.965952441448785], [0.2804284603955951, 40.96595524374258], [0.2804321572599005, 40.96586526249682], [0.2805508657349054, 40.96586806465971], [0.2805471690314816, 40.965958045914306], [0.28066587768409856, 40.96596084796396], [0.2807845863534429, 40.965963649891556], [0.2807808899550569, 40.966053631162104], [0.28089959880201293, 40.966056432976465], [0.28101830766569635, 40.96605923466875], [0.2811370165461067, 40.966062036238945], [0.2811333206136445, 40.96615201753432], [0.2812520296716641, 40.966154818991285], [0.2813707387464087, 40.966157620326186], [0.2814894478378779, 40.96616042153901], [0.2816081569460708, 40.96616322262978], [0.2817268660709858, 40.966166023598454], [0.2817231709262238, 40.96625600493628], [0.2817194757647396, 40.966345986272415], [0.2818381852281488, 40.96634878713668], [0.2819568947082797, 40.96635158787888], [0.2820756042051316, 40.96635438849902], [0.2821943137187045, 40.96635718899707], [0.2821980082366444, 40.96626720762563], [0.2822017027378641, 40.966177226252505], [0.2822053972223649, 40.966087244877706], [0.282209091690147, 40.96599726350122], [0.2823278005768974, 40.9660000638419], [0.2823314948670769, 40.96591008245488], [0.2824502036096615, 40.965912882664675], [0.28256891236896386, 40.9659156827524], [0.2825652184005518, 40.96600566415706], [0.2826839273374552, 40.966008464131534], [0.28268023351321053, 40.966098445543324], [0.2825615244154228, 40.966095645560024], [0.28255783041357724, 40.966185626961305], [0.28255413639501387, 40.96627560836091], [0.28255044235973387, 40.96636558975882], [0.2826691519401803, 40.96636838976859], [0.2827878615373417, 40.96637118965629], [0.28290657115121937, 40.96637398942193], [0.28290287758188426, 40.96646397084463], [0.2828991839958342, 40.966553952265656], [0.28301789394820276, 40.96655675192686], [0.2831366039172863, 40.96655955146599], [0.28313291063629953, 40.96664953290297], [0.2831292173385985, 40.96673951433826], [0.2832479276461754, 40.966742313772976], [0.2833666379704661, 40.96674511308559], [0.28336294497783276, 40.966835094536854], [0.28335925196848644, 40.96692507598643], [0.283477962631272, 40.966927875194635], [0.28359667331076827, 40.96693067428076], [0.2835929806064951, 40.967020655746296], [0.283589287885509, 40.96711063721014], [0.2837079989035045, 40.96711343619183], [0.2838267099382091, 40.96711623505145], [0.2839454209896239, 40.967119033789], [0.2840641320577477, 40.96712183240447], [0.28418284314258024, 40.96712463089785], [0.28430155424412096, 40.967127429269176], [0.28442026536236875, 40.96713022751842], [0.2845389764973228, 40.96713302564559], [0.2845352850467806, 40.96722300717831], [0.28453159357953295, 40.96731298870934], [0.28452790209557827, 40.9674029702387], [0.2845242105949189, 40.96749295176638], [0.28452051907755244, 40.96758293329236], [0.2845168275434809, 40.96767291481667], [0.2846355396605207, 40.96767571287466], [0.2846318482706412, 40.96776569440611], [0.2846281568640567, 40.967855675935866], [0.2847468693195997, 40.967858473889414], [0.28474317805721, 40.96794845542631], [0.28486189069035833, 40.9679512532666], [0.28485819957216546, 40.968041234810634], [0.28497691238291956, 40.96804403253766], [0.28497322140892506, 40.96813401408882], [0.28496953041822626, 40.96822399563828], [0.2850882435674888, 40.968226793260875], [0.28520695673345486, 40.96822959076139], [0.2852032660478603, 40.96831957232681], [0.2850845527209904, 40.968316774817495], [0.28508086185778775, 40.96840675637242], [0.28507717097788315, 40.96849673792566], [0.28507348008127514, 40.96858671947722], [0.28506978916796283, 40.96867670102709], [0.2851885031384549, 40.96867949857168], [0.2851848123693478, 40.968769480128685], [0.2853035265174504, 40.968772277560014], [0.2854222406822565, 40.96877507486925], [0.2855409548637629, 40.9687778720564], [0.28565966906197, 40.96878066912147], [0.2857783832768766, 40.968783466064465], [0.2858970975084823, 40.96878626288537], [0.2860158117567863, 40.96878905958419], [0.286134526021789, 40.968791856160934], [0.2862532403034877, 40.9687946526156], [0.2862569296244243, 40.96870467097926], [0.28626061892866494, 40.96861468934124], [0.2862643082162093, 40.96852470770154], [0.2862679974870578, 40.96843472606015], [0.2861492838489869, 40.968431929640744], [0.28615297326404526, 40.96834194800648], [0.28627168674121106, 40.968344744417074], [0.28627537597866726, 40.968254762772325], [0.28639408931162313, 40.968257559052034], [0.28651280266127455, 40.968260355209644], [0.2866315160276215, 40.96826315124519], [0.2866278272728789, 40.968353132916384], [0.28650911374562726, 40.96835033687202], [0.2863904002350712, 40.96834754070559], [0.28638671114182496, 40.968437522357476], [0.286383022031882, 40.968527504007675], [0.28637933290524464, 40.96861748565619], [0.28637564376191144, 40.96870746730302], [0.28649435791609446, 40.968710263504704], [0.28649066891697433, 40.96880024515867], [0.28660938324876034, 40.96880304124707], [0.2866056943938545, 40.96889302290817], [0.2866020055222548, 40.968983004567576], [0.2867207201925544, 40.96898580055152], [0.2868394348795471, 40.96898859641339], [0.2868357463130739, 40.96907857808874], [0.2869544611776712, 40.96908137383732], [0.286950772755417, 40.9691713555198], [0.2870694877976181, 40.9691741511551], [0.2871882028565107, 40.96917694666834], [0.2873069179320941, 40.969179742059495], [0.28742563302436663, 40.96918253732856], [0.2874293208029724, 40.96909255561084], [0.28743300856488935, 40.969002573891444], [0.2874366963101163, 40.968912592170376], [0.2874403840386561, 40.9688226104476], [0.2873216695900261, 40.96881981521378], [0.28732535746278537, 40.96872983349815], [0.2873290453188547, 40.968639851780836], [0.2874477594456667, 40.96864264699703], [0.28756647358916665, 40.96864544209116], [0.28757016110673156, 40.96855546035454], [0.28757384860760765, 40.968465478616245], [0.2875775360917954, 40.968375496876256], [0.287581223559296, 40.96828551513458], [0.2875849110101082, 40.968195533391246], [0.2875885984442332, 40.96810555164621], [0.28759228586167024, 40.9680155698995], [0.2875959732624205, 40.96792558815109], [0.287599660646482, 40.96783560640102], [0.28748094795112517, 40.96783281138617], [0.28736223527245547, 40.96783001624923], [0.287243522610475, 40.96782722099022], [0.2871248099651844, 40.967824425609145], [0.2871284979761631, 40.96773444389261], [0.28700978550846395, 40.96773164839825], [0.28689107305745526, 40.96772885278182], [0.28677236062313727, 40.96772605704331], [0.2867686721294558, 40.9678160387334], [0.2867649836190823, 40.967906020421815], [0.28664627087965533, 40.9679032245436], [0.28664995955093064, 40.967813242864004], [0.2866536482055124, 40.96772326118271], [0.28665733684340144, 40.96763327949974], [0.2866610254645973, 40.9675432978151], [0.28666471406910043, 40.96745331612876], [0.28666840265691085, 40.96736333444073], [0.2866720912280281, 40.96727335275104], [0.2866757797824534, 40.967183371059654], [0.2865570683469083, 40.96718057512985], [0.2864383569280576, 40.96717777907798], [0.28644204578758115, 40.96708779740252], [0.28644573463041, 40.9669978157254], [0.286327023550043, 40.96699501956907], [0.28620831248637035, 40.966992223290674], [0.28608960143939327, 40.966989426890194], [0.28609329074820994, 40.96689944523781], [0.28609698004033113, 40.96680946358374], [0.2859782693318358, 40.96680666707882], [0.2859819587681526, 40.96671668543189], [0.28586324823724585, 40.96671388881371], [0.2857445377230379, 40.96671109207343], [0.2856258272255258, 40.966708295211106], [0.2855071167447137, 40.96670549822668], [0.2855034266648299, 40.966795479838346], [0.2854997365682463, 40.966885461448335], [0.28549604645496235, 40.96697544305665], [0.2854923563249793, 40.96706542466327], [0.2854886661782964, 40.96715540626821], [0.2854849760149135, 40.96724538787146], [0.28560368746108766, 40.967248184908755], [0.2855999974419016, 40.96733816651914], [0.28571870906567115, 40.96734096344318], [0.28571501919068193, 40.9674309450607], [0.2857113292989948, 40.967520926676535], [0.2858300412612576, 40.967523723496136], [0.2859487532402172, 40.967526520193644], [0.2860674652358747, 40.967529316769074], [0.28618617724822926, 40.96753211322243], [0.2861824879834374, 40.967622094871835], [0.286301200173387, 40.96762489121193], [0.2862975110527983, 40.967714872868456], [0.2862938219155153, 40.967804854523315], [0.2862901327615363, 40.96789483617648], [0.2861714200888871, 40.967892039809946], [0.2860527074329341, 40.967889243321345], [0.2859339947936775, 40.96788644671065], [0.28581528217111835, 40.967883649977885], [0.28581897196870004, 40.96779366835997], [0.2857002595237403, 40.96779087151395], [0.28558154709547967, 40.96778807454582], [0.2854628346839182, 40.96778527745563], [0.28546652494750163, 40.967695295862484], [0.2853478127135395, 40.96769249865902], [0.28522910049627886, 40.9676897013335], [0.2852327910649598, 40.96759971975628], [0.28523648161693843, 40.9675097381774], [0.28511776973817665, 40.96750694074742], [0.2851214604343521, 40.96741695917566], [0.28500274873319015, 40.967414161632426], [0.2850064395735588, 40.9673241800678], [0.2850101303972244, 40.967234198501494], [0.2850138212041877, 40.9671442169335], [0.28501751199444797, 40.96705423536382], [0.28502120276800513, 40.96696425379247], [0.28513991366469227, 40.966967051291626], [0.2851436042606548, 40.96687706970977], [0.28526231501315114, 40.96687986707803], [0.2852660054315195, 40.96678988548567], [0.2852696958331867, 40.96669990389164], [0.2852733862181536, 40.966609922295916], [0.28539209650467523, 40.96661271951565], [0.28551080680789753, 40.96661551661334], [0.2855144968543846, 40.9665255349983], [0.28551818688416986, 40.96643555338157], [0.285521876897258, 40.96634557176316], [0.28540316707670277, 40.96634277469195], [0.2854068572339789, 40.96625279308068], [0.2855255668936462, 40.96625559014308], [0.2855292568733349, 40.96616560852132], [0.28553294683632535, 40.96607562689787], [0.28553663678261704, 40.96598564527272], [0.28541792760561047, 40.96598284823675], [0.2854216176960882, 40.965892866618745], [0.2853029086966667, 40.96589006946952], [0.2851841997139451, 40.96588727219824], [0.285065490747925, 40.965884474804874], [0.28494678179860555, 40.96588167728943], [0.2849504725159206, 40.96579169570501], [0.2848317637441882, 40.965788898076326], [0.28483545460568493, 40.965698916499036], [0.28471674601153807, 40.96569611875709], [0.2845980374340943, 40.96569332089308], [0.28447932887335553, 40.965690522906996], [0.28448302020079597, 40.965600541354476], [0.2844867115115317, 40.96551055980027], [0.2843680032892608, 40.96550776170976], [0.2843716947441723, 40.96541778016269], [0.28437538618237873, 40.965327798613934], [0.2842566782985749, 40.96532500041899], [0.2841379704314766, 40.96532220210197], [0.2841416621747348, 40.965232220569185], [0.28414535390128753, 40.965142239034705], [0.28402664637265307, 40.965139440613264], [0.2839079388607265, 40.96513664206976], [0.283789231365507, 40.96513384340418], [0.28379292355798635, 40.96504386189446], [0.2836742162403531, 40.96504106311564], [0.2836779085769986, 40.96495108161308], [0.2835592014369516, 40.96494828272101], [0.2834404943136149, 40.96494548370688], [0.28344418695530305, 40.964855502220274], [0.28344787958028017, 40.96476552073196], [0.28345157218854705, 40.964675539241995], [0.2834552647801037, 40.964585557750326], [0.28333655831697496, 40.964582758649414], [0.28321785187055887, 40.96457995942644], [0.2830991454408538, 40.96457716008139], [0.28298043902786213, 40.96457436061429], [0.28298413224619756, 40.96448437915623], [0.28298782544782075, 40.964394397696495], [0.28299151863272975, 40.964304416235066], [0.2828728127190665, 40.96430161667236], [0.28287650604813214, 40.96421163521807], [0.2827578003120524, 40.96420883554214], [0.28276149378527426, 40.964118854094984], [0.28276518724178196, 40.96402887264615], [0.2826464818441542, 40.96402607286579], [0.2825277764632418, 40.96402327296338], [0.2824090710990448, 40.96402047293891], [0.2822903657515648, 40.96401767279237], [0.2822866716515836, 40.96410765420591], [0.2821679661599513, 40.96410485392848], [0.28204926068503805, 40.964102053529], [0.2820455662466025, 40.9641920349232], [0.28204187179144713, 40.96428201631573], [0.28192316601151385, 40.964279215776514], [0.28191947137876944, 40.964369197158526], [0.28191577672930607, 40.964459178538846], [0.28179707064435167, 40.96445637785993], [0.2818007654546863, 40.964366396488444], [0.2816820595473237, 40.96436359569629], [0.2815633536566821, 40.96436079478207], [0.2814446477827627, 40.9643579937458], [0.2813259419255654, 40.96435519258747], [0.2812072360850919, 40.96435239130706], [0.2810885302613421, 40.9643495899046], [0.2809698244543181, 40.96434678838008], [0.2809735203740203, 40.964256807068686], [0.28085481474459084, 40.96425400543093], [0.2808585108084366, 40.96416402412669], [0.2807398053566022, 40.9641612223757], [0.2806210999214939, 40.964158420502635], [0.2805023945031142, 40.964155618507526], [0.280383689101461, 40.96415281639035], [0.28037999239414096, 40.964242797659274], [0.2802612868483506, 40.964239995411205], [0.2802575899634324, 40.96432997666961], [0.2801388842735013, 40.96432717429065], [0.2801425813192888, 40.96423719304108], [0.2801462783483446, 40.964147211789815], [0.28014997536067027, 40.96405723053688], [0.28015367235626626, 40.963967249282256], [0.2801573693351313, 40.96387726802594], [0.28003866446626713, 40.96387446556908], [0.280042361589267, 40.96378448431991], [0.279923656898001, 40.96378168174982], [0.27992735416513403, 40.96369170050781], [0.2798086496514627, 40.9636888978245], [0.2798123470627281, 40.96359891658962], [0.2796936427266534, 40.96359611379309], [0.2795749384073108, 40.96359331087448], [0.27945623410470183, 40.963590507833814], [0.2794599319818235, 40.96350052662376], [0.2794636298422107, 40.96341054541203], [0.2793449258780601, 40.96340774226699], [0.27934862388257453, 40.9633177610624], [0.2792299200960201, 40.96331495780413], [0.2792336182446598, 40.96322497660669], [0.2792373163765642, 40.96313499540758], [0.2792410144917325, 40.96304501420676], [0.2792447125901671, 40.96295503300428], [0.2792484106718656, 40.9628650518001], [0.2792521087368293, 40.962775070594255], [0.27925580678505807, 40.9626850893867], [0.27925950481655154, 40.962595108177474], [0.27926320283131095, 40.96250512696657], [0.27914450050920636, 40.962502323665746], [0.27902579820383744, 40.96249952024288], [0.27890709591520424, 40.96249671669795], [0.2787883936433091, 40.962493913030976], [0.2787846949851338, 40.96258389420654], [0.2787809963102205, 40.96267387538042], [0.2787772976185683, 40.962763856552634], [0.2787735989101792, 40.962853837723145], [0.2787699001850525, 40.962943818891965], [0.2787662014431873, 40.96303380005912], [0.2786474982228953, 40.96303099621707], [0.2785287950193413, 40.963028192252956], [0.27852509593902136, 40.96311817340076], [0.27840639259134853, 40.963115369305754], [0.278410091832527, 40.96302538816679], [0.27841379105696507, 40.96293540702615], [0.2782950880477478, 40.962932602826776], [0.2781763850552721, 40.962929798505336], [0.2780576820795389, 40.962926994061846], [0.2780539823725288, 40.96301697517597], [0.2780502826487767, 40.963106956288414], [0.2780465829082817, 40.96319693739916], [0.2779278794667173, 40.963194132807104], [0.277924179548621, 40.963284113907335], [0.2779204796137802, 40.96337409500588], [0.277916779662197, 40.96346407610274], [0.2780354835863414, 40.96346688072132], [0.2780317837788755, 40.96355686182533], [0.27791307969386936, 40.96355405719792]], [[0.2794118582739428, 40.96467028222305], [0.27941555635188076, 40.96458030103321], [0.27941925441308535, 40.96449031984169], [0.2795379603243596, 40.964493122970694], [0.2795416582079581, 40.96440314176865], [0.2795453560748229, 40.96431316056492], [0.27954905392495283, 40.964223179359514], [0.2795527517583486, 40.964133198152425], [0.27967145704288227, 40.96413600112401], [0.2796677593703537, 40.96422598233995], [0.27978646483248837, 40.96422878519834], [0.2797827673040958, 40.9643187664214], [0.2796640616810931, 40.96431596355419], [0.2796603639750976, 40.964405944766746], [0.2796566662523688, 40.96449592597762], [0.2796529685129063, 40.964585907186816], [0.27977167461852, 40.96458871008053], [0.27976797702319506, 40.96467869129686], [0.2798866833064133, 40.96468149407734], [0.27988298585522753, 40.964771475300836], [0.27987928838730886, 40.964861456522634], [0.2798755909026593, 40.96495143774275], [0.2798718934012752, 40.9650414189612], [0.27986819588315864, 40.96513140017794], [0.279986902987478, 40.96513420288052], [0.27998320561350537, 40.965224184104414], [0.2801019128954345, 40.96522698669375], [0.2802206201940934, 40.965229789161036], [0.2802169231251423, 40.96531977040091], [0.2803356306014097, 40.96532257275496], [0.28033193367660453, 40.96541255400198], [0.2802132260394599, 40.965409751639115], [0.2802095289370458, 40.96549973287563], [0.2800908211557537, 40.96549693038185], [0.28008712387573026, 40.96558691160784], [0.27996841595028943, 40.965584108983165], [0.2798497080415827, 40.96558130623643], [0.27985340564336414, 40.9654913250281], [0.2797346979122695, 40.96548852216813], [0.2797383956581953, 40.965398540966945], [0.27961968810471244, 40.96539573799373], [0.27962338599478215, 40.9653057567997], [0.2796270838681178, 40.96521577560399], [0.2796307817247189, 40.96512579440659], [0.27963447956458437, 40.965035813207514], [0.2795157726713413, 40.96503301014757], [0.27951947065534827, 40.964943028955624], [0.2794007639397125, 40.964940225782456], [0.2794044620678579, 40.96485024459768], [0.2794081601792676, 40.964760263411215], [0.2794118582739428, 40.96467028222305]], [[0.27848070566946287, 40.96419794704283], [0.27836200039143544, 40.96419514284179], [0.2782432951301493, 40.96419233851868], [0.27823959551047206, 40.96428231962689], [0.2782358958740524, 40.96437230073342], [0.2782321962208907, 40.964462281838266], [0.2781134904937415, 40.96445947736658], [0.2781171903077737, 40.96436949627057], [0.27812089010506147, 40.96427951517288], [0.27812458988560673, 40.96418953407351], [0.27800588465780585, 40.96418672950628], [0.27800958458247443, 40.96409674841406], [0.27812828964940806, 40.96409955297244], [0.27813198939646766, 40.9640095718697], [0.2782506943192788, 40.96401237629719], [0.2782469947330857, 40.96410235740877], [0.27836569983350373, 40.964105161723054], [0.2784844049506647, 40.964107965915254], [0.27848070566946287, 40.96419794704283]], [[0.2782617929774068, 40.96374243295233], [0.2782654924966321, 40.963652451834], [0.27838419679272847, 40.9636552561041], [0.2783878961343505, 40.963565274975245], [0.27839159545923203, 40.96347529384471], [0.2783952947673719, 40.963385312712504], [0.27851399859762316, 40.96338811683401], [0.2785102994503442, 40.963478097975056], [0.2785066002863252, 40.96356807911443], [0.2785029011055657, 40.963658060252115], [0.27849920190806615, 40.96374804138811], [0.27838049743436644, 40.963745237231244], [0.2782617929774068, 40.96374243295233]], [[0.28094395254807847, 40.96497665751262], [0.28094764858486204, 40.964886676213034], [0.28095134460491905, 40.964796694911755], [0.28095504060824994, 40.964706713608784], [0.28107374705876065, 40.96470951516862], [0.2810774428844933, 40.96461953385515], [0.2811961491908565, 40.96462233528409], [0.2813148555139434, 40.96462513659098], [0.2813111600099552, 40.96471511792211], [0.28142986651063917, 40.964717919115756], [0.2814261711508005, 40.964807900454055], [0.28142247577423923, 40.96489788179065], [0.28130376895180803, 40.96489508057933], [0.28130007339764934, 40.96498506190542], [0.28129637782676536, 40.965075043229824], [0.28129268223915804, 40.96516502455255], [0.28128898663482693, 40.96525500587356], [0.2812852910137717, 40.965344987192914], [0.2811665834036832, 40.9653421858154], [0.2811628876050246, 40.96543216712425], [0.2810441798507831, 40.96542936561584], [0.28104787581032015, 40.965339384315826], [0.2810515717531299, 40.965249403014134], [0.2810552676792154, 40.965159421710766], [0.28105896358857524, 40.965069440405706], [0.2810626594812101, 40.964979459098956], [0.28094395254807847, 40.96497665751262]]]}, "properties": {"area_ha": 16.77, "dnbr_threshold": 0.35, "part": 2, "fire_id": "2024430992", "burn_year": 2024, "source": "sentinel", "aoi_source": "official", "buffer_m": 500.0, "fire_date": "2024-05-07"}}, {"type": "Feature", "geometry": {"type": "Polygon", "coordinates": [[[0.2809878625062115, 40.96101467741726], [0.2809841670277274, 40.96110465878045], [0.28098047153252115, 40.96119464014194], [0.2809767760205915, 40.961284621501754], [0.28097308049193775, 40.96137460285989], [0.2810917809739296, 40.961377404215135], [0.2810880855893995, 40.9614673855804], [0.28120678624896017, 40.9614701868224], [0.2812030910085537, 40.96156016819482], [0.28119939575142505, 40.96165014956556], [0.2813180967494027, 40.96165295070318], [0.2814367977641017, 40.96165575171875], [0.2814331028119481, 40.96174573310545], [0.28142940784307396, 40.96183571449047], [0.28154810919619233, 40.961838515401645], [0.28154441437144656, 40.96192849679381], [0.28154071952998105, 40.9620184781843], [0.2816594212215212, 40.96202127899106], [0.2816557265241869, 40.962111260388696], [0.2816520318101328, 40.96220124178462], [0.28164833707935855, 40.9622912231789], [0.28164464233186487, 40.96238120457147], [0.28164094756765107, 40.96247118596235], [0.2816372527867171, 40.96256116735157], [0.281755955460098, 40.96256396808924], [0.2818746581501979, 40.96256676870487], [0.28187096367425607, 40.962656750110035], [0.28186726918159605, 40.96274673151353], [0.28198597221012806, 40.96274953202475], [0.282104675255379, 40.96275233241391], [0.2822233783173466, 40.96275513268102], [0.2823420813960316, 40.96275793282607], [0.2824607844914328, 40.96276073284906], [0.28257948760354895, 40.96276353275], [0.2825757940593172, 40.96285351420476], [0.28257210049837045, 40.96294349565783], [0.2826908039489191, 40.96294629545436], [0.28280950741618005, 40.96294909512883], [0.2828058141602389, 40.96303907659787], [0.28292451780507455, 40.96304187615911], [0.2830432214666224, 40.96304467559829], [0.2831619251448813, 40.96304747491542], [0.28328062883985167, 40.96305027411049], [0.2832843214523538, 40.96296029260616], [0.2832880140481442, 40.96287031110016], [0.2832917066272247, 40.96278032959246], [0.2832953991895954, 40.96269034808308], [0.2832990917352558, 40.96260036657202], [0.283302784264206, 40.962510385059275], [0.28318408153438457, 40.962507585917145], [0.2831877742074807, 40.96241760441154], [0.2830690716552272, 40.96241480515617], [0.28307276447246726, 40.9623248236577], [0.2830764572729967, 40.96223484215755], [0.2829577550591634, 40.962232042797766], [0.28283905286204064, 40.96222924331593], [0.2828427459675658, 40.962139261831744], [0.2828464390563783, 40.96204928034587], [0.2828501321284782, 40.96195929885832], [0.28285382518386587, 40.96186931736908], [0.2829725267375786, 40.96187211681562], [0.2830912283080028, 40.96187491614011], [0.28308753557431793, 40.961964897646986], [0.28308384282392124, 40.962054879152205], [0.28320254473276085, 40.962057678372275], [0.2833212466583095, 40.96206047747031], [0.28343994860056715, 40.96206327644629], [0.2835586505595355, 40.9620660753002], [0.2836773525352105, 40.962068874032084], [0.2836810444813447, 40.96197889248277], [0.28379974631287574, 40.96198169108377], [0.28380343808145075, 40.96189170952396], [0.2838071298333203, 40.96180172796247], [0.28392583135985483, 40.96180452642376], [0.2839295229341671, 40.96171454485178], [0.28404822431655574, 40.96171734318221], [0.28405191571331273, 40.96162736159971], [0.2840556070933647, 40.96153738001553], [0.2840592984567128, 40.96144739842967], [0.2840629898033566, 40.9613574168421], [0.283944289064362, 40.96135461854695], [0.28382558834207283, 40.961351820129735], [0.2838292799937056, 40.961261838558144], [0.28394798055514814, 40.96126463696654], [0.2839516720292284, 40.96117465538444], [0.284070372446529, 40.96117745366196], [0.28407406374305877, 40.961087472069366], [0.2840777550228847, 40.96099749047508], [0.28408144628600673, 40.96090750887912], [0.28408513753242415, 40.960817527281456], [0.2840888287621372, 40.960727545682126], [0.2840925199751476, 40.96063756408111], [0.28397382052290804, 40.96063476585652], [0.2838551210873731, 40.960631967509855], [0.28385881260536133, 40.96054198592479], [0.2837401133473729, 40.96053918746491], [0.2837438050094956, 40.960449205886995], [0.2836251059290529, 40.96044640731388], [0.28350640686531725, 40.960443608618725], [0.28338770781828787, 40.96044080980153], [0.2833913999462238, 40.96035082824837], [0.28339509205745067, 40.96026084669354], [0.2833987841519709, 40.960170865137016], [0.2834024762297817, 40.96008088357883], [0.2832837778428132, 40.96007808467487], [0.28316507947255304, 40.96007528564886], [0.2831687718553293, 40.95998530410661], [0.28317246422139697, 40.959895322562694], [0.28305376618951716, 40.95989252343227], [0.28293506817434716, 40.959889724179824], [0.28293876084537434, 40.95979974265186], [0.28294245349969166, 40.95970976112223], [0.28282375582290054, 40.95970696176536], [0.2827050581628192, 40.95970416228647], [0.28258636051945013, 40.959701362685536], [0.2824676628927936, 40.95969856296255], [0.2823489652828494, 40.95969576311752], [0.2822302676896194, 40.95969296315045], [0.28211157011310317, 40.95969016306135], [0.28199287255330313, 40.9596873628502], [0.2819891786123194, 40.959777344309245], [0.28198548465461915, 40.95986732576662], [0.28186678678986793, 40.95986452541577], [0.28174808894183373, 40.95986172494288], [0.2817443946457487, 40.95995170638093], [0.281740700332945, 40.96004168781728], [0.28162200217995964, 40.9600388872047], [0.2815033040436924, 40.96003608647006], [0.281384605924145, 40.96003328561339], [0.2813809111121167, 40.96012326702158], [0.28137721628336904, 40.96021324842809], [0.28125851785886924, 40.960210447431706], [0.2812548228525635, 40.96030042882771], [0.2812511278295376, 40.960390410222026], [0.2811324291000846, 40.96038760908595], [0.281013730387353, 40.96038480782782], [0.2810100350259304, 40.9604747892028], [0.28100633964778365, 40.960564770576084], [0.28100264425291516, 40.960654751947686], [0.2809989488413237, 40.960744733317604], [0.28099525341300885, 40.960834714685845], [0.2809915579679715, 40.960924696052395], [0.2809878625062115, 40.96101467741726]], [[0.2835734188872364, 40.96170614912816], [0.2834547175716736, 40.96170335030953], [0.2834584097726792, 40.96161336877112], [0.2833397086346749, 40.961610569839245], [0.28334340097982086, 40.961520588308], [0.2834621019569762, 40.96152338723105], [0.28358080295084015, 40.96152618603204], [0.28357711092739224, 40.96161616758094], [0.2835734188872364, 40.96170614912816]], [[0.2835844949575811, 40.96143620448145], [0.2837031958073047, 40.96143900315158], [0.28369950396141164, 40.96152898471099], [0.28358080295084015, 40.96152618603204], [0.2835844949575811, 40.96143620448145]]]}, "properties": {"area_ha": 6.42, "dnbr_threshold": 0.35, "part": 6, "fire_id": "2024430992", "burn_year": 2024, "source": "sentinel", "aoi_source": "official", "buffer_m": 500.0, "fire_date": "2024-05-07"}}, {"type": "Feature", "geometry": {"type": "Polygon", "coordinates": [[[0.2849689258519673, 40.965341787757644], [0.2850876338359927, 40.96534458522018], [0.2850839433630676, 40.96543456682183], [0.28508025287344174, 40.96552454842181], [0.28519896119593025, 40.965527345779904], [0.2853176695351187, 40.96553014301594], [0.28531397935055575, 40.965620124631876], [0.28531028914929213, 40.9657101062461], [0.28542899782694686, 40.96571290337769], [0.28542530776986647, 40.965802884999064], [0.2855440166251039, 40.965805682017404], [0.2855403267122104, 40.96589566364591], [0.2856590357450293, 40.96589846055099], [0.2856553459763219, 40.96598844218662], [0.2856516561909162, 40.96607842382058], [0.2857703655622046, 40.96608122062122], [0.2857666759209877, 40.9661712022623], [0.28588538546986075, 40.96617399894968], [0.2860040950354302, 40.96617679551499], [0.28600040569929047, 40.96626677717202], [0.2859967163464561, 40.96635675882736], [0.28611542625049696, 40.96635955528822], [0.286111737041855, 40.9664495369507], [0.2862304471234821, 40.9664523332983], [0.28622675805903375, 40.9665423149679], [0.2862230689778907, 40.96663229663583], [0.2863417793979928, 40.96663509287899], [0.2864604898347893, 40.96663788900006], [0.2865792002882789, 40.96664068499908], [0.2866979107584616, 40.96664348087601], [0.2866942223041912, 40.96673346257749], [0.28669053383322884, 40.96682344427729], [0.286809244641887, 40.96682624004977], [0.2869279554672375, 40.96682903570018], [0.2870466663092784, 40.96683183122852], [0.2870429783043034, 40.96692181295306], [0.2870392902826389, 40.96701179467592], [0.2871580014631576, 40.96701459009981], [0.2871543135856979, 40.96710457182979], [0.287273024943802, 40.96710736714041], [0.28739173631859455, 40.96711016232894], [0.28738804874623547, 40.96720014407487], [0.28750676029861344, 40.96720293915014], [0.28762547186767706, 40.967205734103345], [0.2876217846004242, 40.96729571586519], [0.2877404963470729, 40.967298510705106], [0.28773680922403116, 40.9673884924741], [0.2878555211482625, 40.967391287200755], [0.28797423308918024, 40.96739408180532], [0.288092945046782, 40.967396876287815], [0.2880966316871308, 40.967306894492424], [0.28810031831079447, 40.96721691269533], [0.28810400491777566, 40.967126930896555], [0.28798529344286483, 40.96712413644048], [0.28798898019405755, 40.967034154648836], [0.28787026889672707, 40.96703136007949], [0.28787395579213054, 40.96694137829496], [0.2877552446723795, 40.96693858361235], [0.2877589317119925, 40.96684860183495], [0.2877626187349183, 40.96675862005586], [0.28788132953288187, 40.966761414720864], [0.28787764267084837, 40.96685139650875], [0.28799635364639026, 40.96685419106048], [0.28811506463861536, 40.966856985490146], [0.2882337756475244, 40.96685977979772], [0.2883524866731151, 40.966862573983235], [0.28847119771538937, 40.96686536804667], [0.28847488377295444, 40.96677538621474], [0.28847856981383785, 40.966685404381145], [0.28848225583804127, 40.96659542254586], [0.2884859418455623, 40.966505440708886], [0.28860465226094567, 40.96650823461503], [0.2886083380908951, 40.96641825276757], [0.2886120239041645, 40.96632827091843], [0.28861570970075356, 40.96623828906761], [0.2886193954806629, 40.966148307215114], [0.2885006857088385, 40.966145513344195], [0.28838197595369536, 40.96614271935121], [0.2883856620387015, 40.96605273751463], [0.28826695246112666, 40.966049943408365], [0.2882706386903383, 40.96595996157892], [0.2881519292903323, 40.965957167359406], [0.2881556156637487, 40.96586718553707], [0.2881593020204819, 40.96577720371305], [0.28816298836053267, 40.965687221887364], [0.28816667468390106, 40.965597240059985], [0.28828538344036514, 40.96560003424428], [0.28828906958616834, 40.965510052406415], [0.28840777819843005, 40.96551284645984], [0.288411464166668, 40.96542286461149], [0.2884151501182256, 40.96533288276146], [0.2884188360531023, 40.96524290090974], [0.28853754419939887, 40.96524569481468], [0.28865625236237585, 40.96524848859754], [0.28865993795881095, 40.96515850672653], [0.28866362353856684, 40.96506852485384], [0.28878233139646065, 40.96507131849703], [0.2889010392710333, 40.96507411201816], [0.2889047245123515, 40.96498413012618], [0.2889084097369929, 40.96489414823251], [0.2890271173064843, 40.96489694161396], [0.2890308023535688, 40.96480695970981], [0.2890344873839785, 40.964716977803974], [0.28915319464839034, 40.96471977104575], [0.2892719019294778, 40.96472256416546], [0.2892755866214574, 40.96463258224034], [0.28927927129676134, 40.964542600313536], [0.2893979782727704, 40.96454539329358], [0.28951668526545354, 40.96454818615155], [0.28963539227480994, 40.96455097888746], [0.2897540993008384, 40.9645537715013], [0.2898728063435401, 40.96455656399308], [0.2898764901977902, 40.96446658202059], [0.28988017403537025, 40.964376600046414], [0.2898838578562794, 40.96428661807055], [0.28988754166051767, 40.96419663609301], [0.2897688352613161, 40.96419384363644], [0.28965012887878583, 40.964191051057796], [0.28953142251292757, 40.96418825835709], [0.28941271616374264, 40.96418546553433], [0.2892940098312313, 40.96418267258949], [0.2891753035153945, 40.9641798795226], [0.2890565972162317, 40.96417708633363], [0.2889378909337458, 40.964174293022616], [0.2888191846679355, 40.96417149958952], [0.2887004784188044, 40.96416870603437], [0.288581772186349, 40.96416591235716], [0.2884630659705748, 40.96416311855787], [0.2883443597714782, 40.964160324636524], [0.2882256535890625, 40.96415753059312], [0.28810694742332715, 40.96415473642765], [0.28798824127427464, 40.964151942140106], [0.2878695351419029, 40.96414914773052], [0.2877508290262152, 40.96414635319884], [0.28763212292721185, 40.96414355854512], [0.28751341684489173, 40.96414076376932], [0.287509729823196, 40.96423074557079], [0.2875060427848155, 40.96432072737055], [0.28750235572974897, 40.964410709168654], [0.2874986686579973, 40.96450069096506], [0.28737996194887017, 40.964497896031986], [0.2872612552564302, 40.964495100976826], [0.2871425485806766, 40.9644923057996], [0.2871388610096156, 40.9645822875679], [0.2871351734218654, 40.96467226933453], [0.2870164664410501, 40.964669474017626], [0.28702015418967514, 40.964579492259816], [0.28702384192161257, 40.96448951050032], [0.2870275296368597, 40.96439952873915], [0.28703121733542, 40.96430954697629], [0.28691251101479004, 40.96430675157257], [0.28691619885753367, 40.96421676981684], [0.28691988668358887, 40.964126788059424], [0.2868011807013918, 40.96412399255126], [0.2866824747358843, 40.96412119692102], [0.2865637687870672, 40.96411840116871], [0.28644506285494165, 40.96411560529436], [0.28644137438540096, 40.96420558701653], [0.28643768589916874, 40.964295568737015], [0.28631897966199177, 40.96429277272298], [0.28620027344150756, 40.964289976586855], [0.2860815672377161, 40.96428718032869], [0.2859628610506206, 40.96428438394844], [0.2858441548802186, 40.964281587446145], [0.2858404655729313, 40.964371569120885], [0.2857217592583532, 40.96436877248771], [0.28571806977349756, 40.964458754151956], [0.28571438027194557, 40.964548735814525], [0.2857106907536977, 40.964638717475395], [0.285829397550898, 40.96464151413502], [0.285825708176827, 40.96473149580303], [0.2859444151515981, 40.9647342923494], [0.2859407259217076, 40.96482427402453], [0.28605943307404985, 40.96482707045765], [0.28617814024308635, 40.9648298667687], [0.28617445131825486, 40.96491984845979], [0.286170762376729, 40.965009830149185], [0.28628946988421394, 40.965012626355794], [0.2862857810868726, 40.96510260805233], [0.28628209227283724, 40.965192589747176], [0.28640080011877334, 40.96519538584934], [0.2865195079814018, 40.965198181829436], [0.28651581947243376, 40.965288163540215], [0.286512130946773, 40.96537814524931], [0.2866308391478546, 40.96538094112496], [0.28674954736562897, 40.96538373687855], [0.28674585914503903, 40.96547371860359], [0.28686456754038536, 40.96547651424392], [0.2869832759524216, 40.96547930976218], [0.28697958803690454, 40.96556929150316], [0.2869759001046991, 40.96565927324245], [0.2869722121558049, 40.96574925498007], [0.28709092106717987, 40.965752050402685], [0.28720962999524485, 40.96575484570323], [0.28720594235142904, 40.965844827456785], [0.2872022546909261, 40.96593480920865], [0.2871985670137339, 40.96602479095883], [0.287194879319853, 40.96611477270734], [0.2871911916092837, 40.96620475445416], [0.28718750388202563, 40.96629473619929], [0.28730621379210036, 40.96629753143062], [0.28730252620904273, 40.96638751318288], [0.2874212362966938, 40.96639030830095], [0.2874175488578385, 40.96648029006034], [0.2875362591230667, 40.966483085065136], [0.28765496940498286, 40.96648587994787], [0.2876512822712219, 40.96657586172319], [0.2876475951207741, 40.966665843496834], [0.28764390795364114, 40.966755825268784], [0.28752519718904995, 40.966753030359634], [0.28740648644114636, 40.96675023532841], [0.28741017393006396, 40.96666025357408], [0.28729146335974026, 40.96665745842959], [0.28729515099286307, 40.96656747668236], [0.2871764406001185, 40.96656468142461], [0.2871801283774432, 40.96647469968452], [0.28706141816227937, 40.966471904313494], [0.28706510608380487, 40.96638192258054], [0.28694639604622013, 40.966379127096246], [0.28695008411194567, 40.96628914537042], [0.28695377216098045, 40.966199163642905], [0.28683506246186313, 40.96619636805417], [0.2868387506550959, 40.96610638633378], [0.2867200411335569, 40.96610359063178], [0.2866013316287099, 40.96610079480771], [0.2864826221405552, 40.966097998861564], [0.2864863107997567, 40.96600801716592], [0.2864899994422651, 40.965918035468604], [0.28649368806808195, 40.9658280537696], [0.28649737667720526, 40.96573807206891], [0.28637866784928523, 40.96573527603594], [0.28638235660259936, 40.96564529434238], [0.28638604533921996, 40.96555531264713], [0.28626733684975986, 40.96555251650973], [0.28627102573056973, 40.965462534821604], [0.28627471459468606, 40.965372553131814], [0.28615600644368305, 40.96536975688996], [0.28615969545198544, 40.965279775207286], [0.2861633844435943, 40.965189793522946], [0.28604467663104566, 40.965186997176644], [0.28592596883519256, 40.96518420070828], [0.285807261056035, 40.96518140411784], [0.28581095051358596, 40.965091422458244], [0.28569224291200396, 40.96508862575455], [0.28557353532711904, 40.9650858289288], [0.28557722508972894, 40.96499584728515], [0.28545851768241876, 40.96499305034614], [0.28533981029180766, 40.964990253285066], [0.28534350035947453, 40.96490027165736], [0.2852247931464398, 40.964897474483045], [0.28522848335828394, 40.96480749286246], [0.28510977632282514, 40.96480469557489], [0.2849910693040666, 40.96480189816525], [0.2848723623020096, 40.96479910063354], [0.2847536553166541, 40.96479630297977], [0.28463494834800124, 40.964793505203936], [0.2846312573317773, 40.96488348678042], [0.2846275662988503, 40.96497346835523], [0.2846238752492194, 40.965063449928344], [0.2847425827005011, 40.96506624773063], [0.2847388917950432, 40.96515622931091], [0.28485759942390765, 40.965159026999935], [0.28485390866262583, 40.965249008587335], [0.28497261646907057, 40.96525180616311], [0.2849689258519673, 40.965341787757644]]]}, "properties": {"area_ha": 7.05, "dnbr_threshold": 0.35, "part": 7, "fire_id": "2024430992", "burn_year": 2024, "source": "sentinel", "aoi_source": "official", "buffer_m": 500.0, "fire_date": "2024-05-07"}}, {"type": "Feature", "geometry": {"type": "Polygon", "coordinates": [[[2.8732706531833645, 42.39660384410259], [2.8731491488254064, 42.39660370972622], [2.8731489674448127, 42.39669376993268], [2.873148786063388, 42.39678383013772], [2.873027281358791, 42.396783695631754], [2.8730270998027994, 42.396873755834946], [2.8729055949252973, 42.39687362119977], [2.872905413194737, 42.396963681401125], [2.872905231463344, 42.39705374160107], [2.872905049731118, 42.39714380179958], [2.87290486799806, 42.39723386199667], [2.872904686264169, 42.39732392219234], [2.8730261920103644, 42.397324056829625], [2.8731476977573913, 42.397324191338136], [2.873269203505249, 42.397324325717854], [2.873390709253937, 42.397324459968814], [2.8733908902928675, 42.397234399771456], [2.873512395868645, 42.39723453389321], [2.8736339014452503, 42.397234667886195], [2.873633720753801, 42.397324728084385], [2.873633540061524, 42.39741478828117], [2.8735120341374367, 42.397414654287346], [2.8733905282141783, 42.39741452016475], [2.8733903471735895, 42.397504580359275], [2.8733901661321712, 42.39759464055237], [2.873389985089924, 42.39768470074405], [2.87351149153441, 42.3976848348679], [2.8736329979797253, 42.39768496886299], [2.873754504425868, 42.397685102729284], [2.873754323904024, 42.3977751629208], [2.873875830524738, 42.39777529665874], [2.8739973371462786, 42.397775430267906], [2.8741188437686445, 42.39777556374829], [2.8742403503918346, 42.39777569709989], [2.874361857015849, 42.397775830322715], [2.874362036668972, 42.397685770129115], [2.8744835431200655, 42.39768590322273], [2.874483722598622, 42.39759584302729], [2.874605228876794, 42.39759597599172], [2.874605049571981, 42.39768603618758], [2.8747265560247173, 42.39768616902366], [2.874848062478275, 42.39768630173095], [2.8749695689326527, 42.39768643430947], [2.8749697477162353, 42.397596374112354], [2.874969926498999, 42.39750631391382], [2.8749701052809433, 42.397416253713864], [2.874970284062069, 42.397326193512484], [2.8748487783026606, 42.39732606093564], [2.8747272725440722, 42.39732592823], [2.874727451671859, 42.39723586802805], [2.8746059460878315, 42.39723573519406], [2.8746061253885378, 42.39714567499109], [2.874606304688422, 42.39705561478671], [2.874606483987485, 42.39696555458089], [2.8747279890502964, 42.39696568741363], [2.874728168174801, 42.39687562720599], [2.874849673064696, 42.396875759909534], [2.8748498520146435, 42.396785699700054], [2.8748500309637715, 42.39669563948916], [2.8749715355070142, 42.39669577206309], [2.8749717142815876, 42.396605711850356], [2.8749718930553416, 42.3965156516362], [2.8749720718282767, 42.396425591420616], [2.8748505678062353, 42.39642545884792], [2.874729063785014, 42.39642532614645], [2.8746075597646135, 42.396425193316205], [2.874607739057926, 42.39633513310045], [2.874607918350418, 42.39624507288329], [2.8744864146783025, 42.39624493992511], [2.874364911007009, 42.39624480683816], [2.8742434073365386, 42.396244673622434], [2.8741219036668917, 42.39624454027794], [2.874122083653485, 42.396154480061014], [2.8741222636392534, 42.39606441984267], [2.8741224436241977, 42.395974359622905], [2.8740009404765656, 42.3959742261509], [2.8740011206344134, 42.39588416593012], [2.8738796176613346, 42.39588403232976], [2.873758114689082, 42.39588389860063], [2.8736366117176564, 42.39588376474271], [2.8735151087470587, 42.395883630756046], [2.8735149278942975, 42.39597369097514], [2.873514747040708, 42.396063751192806], [2.8733932437234815, 42.396063617076514], [2.8733930626953335, 42.39615367729234], [2.8733928816663563, 42.396243737506744], [2.8733927006365496, 42.396333797719734], [2.8733925196059134, 42.396423857931296], [2.873392338574448, 42.39651391814145], [2.8733921575421535, 42.39660397835018], [2.8732706531833645, 42.39660384410259]]]}, "properties": {"area_ha": 2.35, "dnbr_threshold": 0.35, "part": 0, "fire_id": "2024170999", "burn_year": 2024, "source": "sentinel", "aoi_source": "official", "buffer_m": 500.0, "fire_date": "2024-09-14"}}, {"type": "Feature", "geometry": {"type": "Polygon", "coordinates": [[[2.874114343485331, 42.400027068105935], [2.8742358544523863, 42.400027201468], [2.874357365420265, 42.40002733470126], [2.874478876388968, 42.40002746780575], [2.8746003873584924, 42.400027600781435], [2.8746002080314983, 42.400117660938946], [2.8747217191756094, 42.40011779378626], [2.8747215400215596, 42.40020785394276], [2.8747213608666886, 42.400297914097855], [2.874842872359153, 42.40029804681721], [2.8748426933772286, 42.40038810697129], [2.8749642050442805, 42.400388239562275], [2.8750857167121513, 42.400388372024466], [2.8750855380769433, 42.40047843217796], [2.875085359440917, 42.40056849233003], [2.8752068714571433, 42.40056862466426], [2.8752066929940683, 42.400658684815326], [2.8752065145301757, 42.400748744964986], [2.875206336065465, 42.4008388051132], [2.875327848603821, 42.40083893731989], [2.8754493611429934, 42.400839069397776], [2.875570873682982, 42.400839201346884], [2.875571051626378, 42.40074914119741], [2.8755712295689593, 42.40065908104651], [2.8756927417622213, 42.40065921286601], [2.875692919530217, 42.40056915271328], [2.875814431550524, 42.400569284403566], [2.8758146091439367, 42.40047922424902], [2.8758147867365356, 42.400389164093035], [2.875814964328321, 42.400299103935644], [2.8759364758281367, 42.4002992354959], [2.8759366532453416, 42.40020917533666], [2.8760581645722034, 42.4002093067677], [2.87605834181483, 42.400119246606636], [2.876058519056645, 42.400029186444165], [2.876058696297647, 42.39993912628026], [2.8760588735378376, 42.399849066114946], [2.876180384170453, 42.39984919741554], [2.8763018948038797, 42.399849328587365], [2.876302071695733, 42.39975926841981], [2.8763022485867755, 42.39966920825081], [2.8763024254770078, 42.399579148080406], [2.87630260236643, 42.39948908790858], [2.8764241123056213, 42.39948921894997], [2.8765456222456223, 42.399489349862556], [2.8765457987867147, 42.3993992896885], [2.8765459753269984, 42.399309229513], [2.876546151866474, 42.3992191693361], [2.87654632840514, 42.39912910915776], [2.8766678376509165, 42.399129239939946], [2.8766680140150176, 42.39903917975978], [2.8767895230878464, 42.39903931041277], [2.876789699277384, 42.398949250230764], [2.8767898754661143, 42.398859190047354], [2.8767900516540377, 42.39876912986252], [2.8767902278411537, 42.39867906967626], [2.8767904040274628, 42.398589009488596], [2.876790580212964, 42.39849894929951], [2.876790756397659, 42.39840888910899], [2.8769122642550227, 42.39840901963031], [2.8769124402651602, 42.39831895943797], [2.877033947949581, 42.39831908983011], [2.8770341237851627, 42.39822902963593], [2.877034299619939, 42.39813896944033], [2.87703447545391, 42.39804890924332], [2.8769129682907346, 42.39804877885241], [2.8769131442976468, 42.39795871865439], [2.876913320303752, 42.397868658454925], [2.8770348271194353, 42.397868788845024], [2.877035002950989, 42.39777872864375], [2.8770351787817376, 42.397688668441056], [2.8770353546116807, 42.39759860823694], [2.877035530440818, 42.39750854803139], [2.877157036562331, 42.39750867829108], [2.8772785426846483, 42.39750880842198], [2.8772787181654964, 42.3974187482142], [2.8772788936455407, 42.397328688005004], [2.877400399421179, 42.39732881800631], [2.877400574726679, 42.39723875779529], [2.8774007500313754, 42.39714869758284], [2.877522255460337, 42.397148827454565], [2.8775224305904916, 42.397058767240296], [2.877522605719844, 42.39696870702459], [2.877522780848394, 42.39687864680749], [2.8775229559761417, 42.39678858658895], [2.877523131103087, 42.39669852636899], [2.8775233062292305, 42.39660846614762], [2.8775234813545714, 42.39651840592483], [2.87752365647911, 42.3964283457006], [2.8776451605189854, 42.39642847544029], [2.8777666645596627, 42.396428605051206], [2.8777668393359344, 42.39633854482475], [2.877767014111405, 42.39624848459688], [2.8777671888860747, 42.396158424367584], [2.8777673636599443, 42.39606836413688], [2.877767538433013, 42.39597830390474], [2.87776771320528, 42.39588824367119], [2.8777678879767477, 42.39579818343622], [2.877768062747414, 42.39570812319983], [2.8776465600965744, 42.39570799359217], [2.877646735040166, 42.39561793335476], [2.877525232563854, 42.395617803618734], [2.8775254076803694, 42.395527743380306], [2.8774039053785843, 42.395527613515924], [2.877282403077602, 42.39552748352277], [2.877160900777424, 42.39552735340084], [2.8770393984780505, 42.39552722315014], [2.8769178961794823, 42.39552709277068], [2.8767963938817207, 42.395526962262444], [2.876674891584766, 42.395526831625446], [2.876553389288619, 42.39552670085968], [2.8764318869932803, 42.395526569965135], [2.8764317103132377, 42.39561663019988], [2.8763102078449836, 42.395616499176164], [2.876310030990405, 42.39570655940908], [2.876309854135017, 42.39579661964057], [2.87618835132012, 42.39579648848725], [2.876188174290194, 42.395886548716916], [2.8760666713023806, 42.39588641743441], [2.876066494097915, 42.395976477662245], [2.8760663168926373, 42.39606653788865], [2.875944813558178, 42.39606640647657], [2.8758233102245314, 42.396066274935706], [2.875823132670982, 42.39615633515986], [2.875701629164419, 42.39615620348983], [2.8757014514363255, 42.39624626371214], [2.875579947756846, 42.39624613191292], [2.8755797698542067, 42.39633619213341], [2.8755795919507525, 42.39642625235248], [2.875458087924624, 42.39642612042365], [2.8754579098466215, 42.396516180640894], [2.8754577317678027, 42.39660624085673], [2.875336227395023, 42.39660610879829], [2.875336049141654, 42.39669616901227], [2.8753358708874686, 42.39678622922483], [2.8753356926324667, 42.396876289435966], [2.8752141877392967, 42.396876157247526], [2.875214009309741, 42.39696621745682], [2.8752138308793675, 42.39705627766473], [2.87509232563954, 42.39705614534668], [2.8750921470346107, 42.397146205552716], [2.8750919684288627, 42.39723626575736], [2.8750917898222967, 42.397326325960556], [2.875091611214912, 42.39741638616235], [2.8750914326067094, 42.39750644636271], [2.875212938715238, 42.397506578682844], [2.875334444824584, 42.397506710874204], [2.8754559509347466, 42.39750684293676], [2.8755774570457255, 42.39750697487055], [2.8756989631575194, 42.397507106675576], [2.8758204692701272, 42.3975072383518], [2.8759419753835487, 42.39750736989927], [2.876063481497783, 42.39750750131796], [2.8760636587160504, 42.39741744111427], [2.8760638359335062, 42.39732738090917], [2.87606401315015, 42.39723732070266], [2.876185518743972, 42.39723745199133], [2.8761856957860648, 42.39714739178298], [2.876307201206959, 42.39714752294246], [2.8764287066286633, 42.397147653973164], [2.876550212051178, 42.39714778487509], [2.8765503885712427, 42.3970577246641], [2.876550565090499, 42.39696766445166], [2.876672070166345, 42.396967795223986], [2.8767935752429987, 42.39696792586754], [2.87691508032046, 42.39696805638233], [2.877036585398727, 42.396968186768326], [2.8770364095744227, 42.397058246982404], [2.877036233749313, 42.39714830719504], [2.8770360579233976, 42.39723836740625], [2.876914552323914, 42.397238237019025], [2.876914376323453, 42.39732829722841], [2.876914200322185, 42.39741835743638], [2.876792694376026, 42.397418226919555], [2.8766711884306746, 42.39741809627395], [2.8766710120811165, 42.397508156479695], [2.876549505962831, 42.397508025704894], [2.8764279998453537, 42.39750789480132], [2.8763064937286864, 42.397507763768985], [2.876184987612829, 42.39750763260786], [2.8761848105674925, 42.397597692810514], [2.8761846335213446, 42.39768775301177], [2.876063127058812, 42.39768762172104], [2.8759416205970916, 42.397687490301536], [2.8759414432026444, 42.39777755050054], [2.8759412658073837, 42.39786761069812], [2.875819758998987, 42.397867479149006], [2.875819581429168, 42.397957539344766], [2.8758194038585354, 42.3980475995391], [2.87581922628709, 42.398137659731994], [2.8758190487148303, 42.39822771992348], [2.8756975412122583, 42.39822758824396], [2.8756973634654366, 42.3983176484336], [2.8756971857178, 42.39840770862184], [2.8755756778685435, 42.39840757681269], [2.875575499946342, 42.398497636999096], [2.8755753220233258, 42.39858769718407], [2.875575144099494, 42.39867775736763], [2.8755749661748475, 42.39876781754977], [2.8754534576313984, 42.39876768561018], [2.875453279532183, 42.398857745790494], [2.875453101432151, 42.39894780596937], [2.8753315925420098, 42.398947673900174], [2.8753314142674067, 42.399037734077226], [2.8753312359919865, 42.399127794252855], [2.8753310577157505, 42.39921785442705], [2.8752095483051567, 42.39921772222783], [2.8752093698543457, 42.3993077824002], [2.8750878602708125, 42.39930765007178], [2.875087681645425, 42.399397710242326], [2.874966171888951, 42.3993975777847], [2.8749659930889857, 42.3994876379534], [2.874844483159572, 42.399487505366565], [2.8747229732309783, 42.39948737265095], [2.8747227940826736, 42.399577432817395], [2.8746012839811397, 42.39957729997258], [2.8744797738804277, 42.399577166998974], [2.8744795943837804, 42.39966722716318], [2.87435808411013, 42.39966709406036], [2.874236573837303, 42.39966696082876], [2.8742367536814717, 42.3995769006654], [2.87411524358323, 42.39957676730543], [2.8739937334858117, 42.39957663381668], [2.87387222338922, 42.39957650019914], [2.873872043023767, 42.399666560361254], [2.8738718626574893, 42.39975662052193], [2.8738716822903845, 42.399846680681186], [2.873993192908262, 42.39984681429999], [2.8739930127140942, 42.399936874458255], [2.8741145235065604, 42.39993700794868], [2.874114343485331, 42.400027068105935]]]}, "properties": {"area_ha": 7.17, "dnbr_threshold": 0.35, "part": 3, "fire_id": "2024170999", "burn_year": 2024, "source": "sentinel", "aoi_source": "official", "buffer_m": 500.0, "fire_date": "2024-09-14"}}, {"type": "Feature", "geometry": {"type": "Polygon", "coordinates": [[[1.182245214981061, 41.37048651315384], [1.1823647306569636, 41.37048840153789], [1.1824842463442506, 41.37049028979789], [1.182481739769952, 41.370580320961146], [1.1824792331842704, 41.37067035212285], [1.182476726587205, 41.37076038328303], [1.1825962427796937, 41.37076227143681], [1.1825937363358525, 41.37085230260138], [1.1827132527043318, 41.37085419063703], [1.1827107464137154, 41.37094422180603], [1.1827082401117173, 41.371034252973466], [1.182705733798336, 41.37112428413937], [1.1827032274735725, 41.371214315303746], [1.1827007211374265, 41.37130434646657], [1.1826982147898983, 41.37139437762786], [1.1828177321574227, 41.37139626557512], [1.182937249536329, 41.371398153398324], [1.1829347435066442, 41.37148818456996], [1.182932237465578, 41.37157821574005], [1.1830517551850923, 41.37158010345108], [1.183049249297259, 41.37167013462559], [1.1830467433980458, 41.371760165798555], [1.1829272253493015, 41.371758278075646], [1.1829247192740906, 41.37184830924114], [1.182805201072111, 41.37184642138822], [1.1828026948209032, 41.37193645254622], [1.1826831764656893, 41.37193456456331], [1.1826806700384804, 41.372024595713846], [1.1826781635998893, 41.37211462686283], [1.1825586449268228, 41.37211273874398], [1.1824391262651406, 41.37211085050106], [1.1823196076148428, 41.3721089621341], [1.1823171006710118, 41.372198993263716], [1.182314593715795, 41.372289024391804], [1.182195074747644, 41.37228713588889], [1.1820755557908795, 41.37228524726192], [1.1820730484950368, 41.37237527837657], [1.1820705411878076, 41.372465309489684], [1.1819510219131888, 41.372463420726774], [1.1818315026499584, 41.372461531839775], [1.181711983398116, 41.37245964282873], [1.181714491199208, 41.37236961173345], [1.1815949721233763, 41.37236772260429], [1.1814754530589344, 41.372365833351076], [1.181355934005883, 41.37236394397379], [1.181236414964224, 41.37236205447245], [1.181233906504649, 41.37245208554395], [1.181114387309761, 41.372450195912606], [1.1809948681262663, 41.372448306157196], [1.1809923593260572, 41.37253833721526], [1.1809898505144538, 41.372628368271805], [1.18087033101311, 41.37262647838043], [1.1807508115231613, 41.37262458836501], [1.1807483023709189, 41.372714619408114], [1.180745793207281, 41.372804650449666], [1.1806262733994815, 41.372802760298285], [1.1805067536030784, 41.372800870022836], [1.1805042440987965, 41.37289090105097], [1.180501734583119, 41.37298093207755], [1.1804992250560438, 41.3730709631026], [1.1804967155175707, 41.37316099412611], [1.1806162359724741, 41.37316288442535], [1.180735756438774, 41.37316477460053], [1.1808552769164695, 41.373166664651635], [1.1809747974055596, 41.37316855457869], [1.1810943179060447, 41.37317044438168], [1.1812138384179236, 41.3731723340606], [1.1812113298558156, 41.373262365118265], [1.1813308505437141, 41.37326425467907], [1.1814503712430044, 41.37326614411581], [1.1814478629987597, 41.373356175183815], [1.1814453547431236, 41.37344620625031], [1.1814428464760969, 41.373536237315236], [1.1814403381976775, 41.373626268378636], [1.1814378299078663, 41.373716299440495], [1.1815573514416964, 41.37371818878292], [1.1816768729869171, 41.37372007800125], [1.181796394543529, 41.37372196709553], [1.1819159161115296, 41.37372385606573], [1.1819184237428157, 41.37363382498008], [1.181920931362713, 41.3735437938929], [1.1820404526128399, 41.37354568272716], [1.1821599738743551, 41.37354757143735], [1.182162481153604, 41.37345754033674], [1.1821649884214662, 41.3733675092346], [1.182167495677941, 41.37327747813092], [1.182170002923029, 41.373187447025686], [1.1821725101567304, 41.37309741591893], [1.1821750173790453, 41.373007384810634], [1.1822945376641787, 41.373009273361106], [1.182414057960698, 41.373011161787495], [1.1825335782686033, 41.373013050089824], [1.1826530985878922, 41.373014938268106], [1.1826556051403174, 41.372924907134504], [1.1827751253063645, 41.372926795182764], [1.1828946454837959, 41.372928683106984], [1.183014165672608, 41.37293057090713], [1.1830166717197748, 41.37284053975415], [1.1831361917553433, 41.37284242742429], [1.1831386976265044, 41.37275239626385], [1.1831412034862845, 41.372662365101846], [1.1832607232039853, 41.37266425263605], [1.1833802429330664, 41.37266614004619], [1.1833827484522206, 41.37257610887078], [1.1833852539599954, 41.37248607769383], [1.1835047733712099, 41.37248796496803], [1.1835072787029843, 41.37239793378361], [1.1835097840233808, 41.37230790259766], [1.1836293031167306, 41.372309789735915], [1.183631808261129, 41.37221975854248], [1.1836343133941498, 41.3721297273475], [1.1837538321696377, 41.37213161434982], [1.1837563371266622, 41.37204158314737], [1.1837588420723113, 41.37195155194337], [1.1838783605299388, 41.37195343880976], [1.1838808652995938, 41.371863407598305], [1.1840003836039792, 41.37186529433468], [1.1840028881976423, 41.37177526311575], [1.184005392779931, 41.37168523189527], [1.1841249107664586, 41.371687118495714], [1.1841274151727572, 41.371597087267766], [1.1841299195676818, 41.37150705603828], [1.1841324239512327, 41.37141702480726], [1.1841349283234104, 41.37132699357468], [1.1841374326842136, 41.37123696234059], [1.1842569498590465, 41.37123884878729], [1.1843764670452521, 41.37124073510994], [1.184378971065459, 41.37115070386242], [1.1843814750742936, 41.371060672613375], [1.184383979071757, 41.370970641362796], [1.1843864830578483, 41.37088061011065], [1.1845059995969838, 41.3708824962855], [1.1846255161474908, 41.37088438233631], [1.1846280197929928, 41.37079435107077], [1.1846305234271248, 41.3707043198037], [1.184633027049886, 41.37061428853509], [1.1846355306612772, 41.37052425726493], [1.1847550465647239, 41.370526143167936], [1.1848745624795403, 41.370528028946886], [1.1848770657503496, 41.37043799766333], [1.1848795690097906, 41.37034796637823], [1.1848820722578632, 41.3702579350916], [1.184884575494567, 41.370167903803434], [1.1848870787199024, 41.370077872513725], [1.1848895819338694, 41.36998784122247], [1.1850090968724305, 41.369989726841766], [1.1851286118223583, 41.36999161233701], [1.1851311146957546, 41.36990158103235], [1.1851336175577838, 41.369811549726165], [1.185136120408447, 41.36972151841844], [1.185138623247743, 41.36963148710917], [1.1852581375506361, 41.36963337245664], [1.1853776518648955, 41.36963525768003], [1.1853801543636275, 41.36954522635737], [1.1853826568509958, 41.36945519503315], [1.185385159326998, 41.369365163707414], [1.185387661791636, 41.36927513238013], [1.1852681481357663, 41.36927324718046], [1.185270650753635, 41.36918321585757], [1.185151137273727, 41.369181330539774], [1.1851536400448246, 41.36909129922129], [1.185156142804556, 41.36900126790127], [1.1851586455529213, 41.36891123657969], [1.185161148289921, 41.36882120525659], [1.185163651015554, 41.36873117393195], [1.1850441383699786, 41.36872928851978], [1.18492462573577, 41.36872740298356], [1.184805113112928, 41.36872551732331], [1.1846856005014548, 41.36872363153901], [1.1846881038740857, 41.36863360023658], [1.184690607235348, 41.36854356893258], [1.1845710949644244, 41.3685416830361], [1.1844515827048705, 41.36853979701558], [1.1843320704566866, 41.36853791087102], [1.184212558219874, 41.36853602460241], [1.1842100542002516, 41.36862605588266], [1.1842075501692584, 41.36871608716135], [1.1840880376146368, 41.36871420075683], [1.1839685250713878, 41.36871231422826], [1.1839710294315628, 41.36862228296144], [1.1839735337803645, 41.36853225169307], [1.183854021577669, 41.36853036505232], [1.1837345093863483, 41.368528478287544], [1.183614997206402, 41.36852659139871], [1.1836124923638318, 41.36861662264927], [1.1834929800306715, 41.36861473563045], [1.1833734677088872, 41.3686128484876], [1.1832539553984809, 41.368610961220696], [1.1832514500507643, 41.36870099245189], [1.1831319375871456, 41.36869910505501], [1.1830124251349052, 41.36869721753408], [1.1828929126940442, 41.3686953298891], [1.1827734002645631, 41.36869344212009], [1.182770894247106, 41.36878347332598], [1.182768388218268, 41.368873504530335], [1.182765882178049, 41.36896353573316], [1.1827633761264489, 41.36905356693443], [1.182643863049982, 41.36905167901761], [1.1825243499848974, 41.369049790976725], [1.1825218435927292, 41.36913982216459], [1.1825193371891782, 41.3692298533509], [1.1823998238062885, 41.369227965174105], [1.1823973172267597, 41.36931799635295], [1.1823948106358477, 41.369408027530234], [1.1823923040335516, 41.369498058706014], [1.1823897974198723, 41.36958808988023], [1.1823872907948092, 41.36967812105292], [1.1823847841583621, 41.36976815222407], [1.1825042985288328, 41.369770040436535], [1.1825017920456011, 41.36986007161209], [1.1824992855509868, 41.36995010278609], [1.182496779044989, 41.370040133958575], [1.182494272527608, 41.370130165129524], [1.1823747574987356, 41.37012827689328], [1.1822552424812467, 41.370126388533], [1.1821357274751434, 41.370124500048675], [1.1820162124804248, 41.3701226114403], [1.1820137052932511, 41.370212642585926], [1.1820111980946915, 41.37030267373002], [1.1818916827821544, 41.370300784985695], [1.1817721674810047, 41.370298896117326], [1.1817696599418508, 41.37038892724799], [1.1817671523913091, 41.37047895837712], [1.1817646448293795, 41.37056898950471], [1.1818841606243427, 41.37057087839091], [1.1820036764306932, 41.37057276715305], [1.1821231922484297, 41.37057465579116], [1.182242708077552, 41.370576544305216], [1.182245214981061, 41.37048651315384]], [[1.184902097833183, 41.369537684743186], [1.185021611948744, 41.369539570332805], [1.1850191089562159, 41.369629601637676], [1.1848995946760568, 41.36962771604212], [1.184902097833183, 41.369537684743186]]]}, "properties": {"area_ha": 9.3, "dnbr_threshold": 0.35, "part": 4, "fire_id": "2024430996", "burn_year": 2024, "source": "sentinel", "aoi_source": "official", "buffer_m": 500.0, "fire_date": "2024-06-27"}}]}
