{"type": "FeatureCollection", "features": [{"type": "Feature", "geometry": {"type": "MultiPolygon", "coordinates": [[[[3.2457968058936553, 42.30130587059005], [3.2457964808453745, 42.301222298184896], [3.2457749207426874, 42.301305917486175], [3.2457968058936553, 42.30130587059005]]], [[[3.2459177755785262, 42.3012155493933], [3.246039095547345, 42.30121528916914], [3.24603874491762, 42.301125228068415], [3.246160064711945, 42.30112496771673], [3.246281384504664, 42.30112470723672], [3.2462817354801654, 42.30121476833581], [3.246160415514558, 42.30121502881665], [3.2461607663187775, 42.30130508991515], [3.2461611171246023, 42.301395151012215], [3.2460397968116093, 42.30139541136635], [3.2459184764970117, 42.30139567159213], [3.2459188269586607, 42.30148573268941], [3.2457975064695677, 42.301485992787654], [3.2457978567599293, 42.30157605388435], [3.2457982070518945, 42.30166611497959], [3.2459195278867714, 42.30166585487971], [3.2460408487200443, 42.30166559465148], [3.2460411993594, 42.30175565574369], [3.2460415500003603, 42.30184571683446], [3.2461628711778157, 42.30184545647626], [3.246162520363961, 42.30175539538629], [3.246162169551712, 42.3016653342949], [3.2462834903817743, 42.30166507380997], [3.24640481121023, 42.30166481319671], [3.2464044600538022, 42.30157475210554], [3.246525780707758, 42.30157449136474], [3.246647101360105, 42.301574230495596], [3.246768422010843, 42.3015739694981], [3.2468897426599717, 42.301573708372274], [3.2468893908135845, 42.30148364728296], [3.2468890389688085, 42.301393586192205], [3.246888687125643, 42.30130352510005], [3.247010007254488, 42.301303263848325], [3.247131327381722, 42.301303002468266], [3.2471309751943886, 42.301212941376306], [3.247252295147121, 42.30121267986871], [3.2473736150982404, 42.30121241823278], [3.247494935047746, 42.3012121564685], [3.2474945823433594, 42.30112209537759], [3.247615902118362, 42.30112183348579], [3.247615549242702, 42.30103177239429], [3.247736868843202, 42.30103151037497], [3.2477365157962708, 42.30094144928286], [3.247736162750955, 42.30085138818933], [3.2478574820040658, 42.30085112604331], [3.24797880125556, 42.30085086376894], [3.2479784478660902, 42.300760802675626], [3.248099766943081, 42.30076054027376], [3.2482210860184537, 42.30076027774353], [3.2482207322848327, 42.30067021665044], [3.248220378552831, 42.30058015555594], [3.248341697280816, 42.300579892899016], [3.2483413433775508, 42.300489831803915], [3.2482200248224484, 42.300490094460024], [3.248219671093685, 42.30040003336267], [3.2483409894759054, 42.30039977070739], [3.248462307856506, 42.300399507923785], [3.2484626619310335, 42.30048956901948], [3.248583980482895, 42.300489306106705], [3.2487052990331353, 42.30048904306559], [3.248705653455049, 42.30057910415821], [3.2487060078785857, 42.30066916524942], [3.248827326772969, 42.30066890207831], [3.2488276813710124, 42.30075896316726], [3.248949000436658, 42.30075869986698], [3.24894864566573, 42.30066863877885], [3.2489482908964264, 42.3005785776893], [3.248947936128747, 42.30048851659833], [3.2490692546741182, 42.30048825317219], [3.249190573217864, 42.30048798961771], [3.249311891759984, 42.30048772593489], [3.2493115364752825, 42.300397664844965], [3.2494328548428943, 42.30039740103463], [3.2495541732088795, 42.300397137095956], [3.249553817580042, 42.30030707600627], [3.249553461952832, 42.30021701491517], [3.2495531063272507, 42.30012695382264], [3.2496744241729663, 42.30012668975811], [3.2497957420170533, 42.30012642556524], [3.249917059859511, 42.30012616124402], [3.2500383777003385, 42.300125896794476], [3.250038734017439, 42.30021595788369], [3.250160052029514, 42.30021569330498], [3.2502813700399584, 42.300215428597916], [3.250281013377099, 42.30012536751037], [3.2504023312130315, 42.30012510267579], [3.25052364904733, 42.3001248377129], [3.250524006055948, 42.300214898798785], [3.2505243630662006, 42.30030495988324], [3.2504030448861423, 42.300305224847804], [3.2504034017251477, 42.300395285931685], [3.250282083370575, 42.30039555076875], [3.250282440038332, 42.30048561185205], [3.2501611215092443, 42.30048587656159], [3.2501614780057513, 42.30057593764428], [3.2501618345038903, 42.300665998725556], [3.250283153378744, 42.30066573401434], [3.250283510051399, 42.300755795093366], [3.250283866725687, 42.30084585617096], [3.250405185944677, 42.300845591329754], [3.250526505162034, 42.3008453263602], [3.2506478243777566, 42.300845061262294], [3.250769143591844, 42.30084479603607], [3.2508904628042954, 42.30084453068148], [3.2510117820151105, 42.30084426519856], [3.2510121397283465, 42.30093432626974], [3.2511334591104095, 42.30093406065764], [3.2512547784908348, 42.3009337949172], [3.251376097869621, 42.300933529048415], [3.2513764561031535, 42.30102359011569], [3.251255136551481, 42.3010238559853], [3.251255494613766, 42.30111391705197], [3.2511341748875666, 42.30111418279409], [3.251133816998169, 42.301024121726584], [3.251012497443219, 42.30102438733951], [3.250891177886632, 42.3010246528241], [3.2507698583284075, 42.30102491818034], [3.2506485387685475, 42.30102518340825], [3.2505272192070525, 42.30102544850781], [3.250527576232013, 42.30111550957948], [3.250527933258608, 42.30120557064972], [3.2505282902868378, 42.30129563171855], [3.2504069702050438, 42.30129589669226], [3.2502856501216164, 42.301296161537635], [3.2501643300365557, 42.30129642625465], [3.250043009949864, 42.30129669084333], [3.2499216898615404, 42.30129695530366], [3.2498003697715863, 42.30129721963564], [3.249800725764111, 42.30138728070803], [3.249801081758265, 42.301477341778984], [3.2499224021939996, 42.30147707744534], [3.249922758362675, 42.30156713851406], [3.2500440789696707, 42.30156687405123], [3.2500444353128684, 42.30165693511769], [3.250165756091125, 42.3016566705257], [3.250166112608847, 42.30174673158991], [3.2500447916576976, 42.30174699618273], [3.250045148004158, 42.30183705724635], [3.2500455043522494, 42.30192711830855], [3.250045860701972, 42.30201717936931], [3.249924539230508, 42.302017443836284], [3.249803217757413, 42.3020177081749], [3.2498035737629745, 42.30210776923592], [3.249682252115354, 42.30210803344702], [3.2496826079496484, 42.30219809450744], [3.2498039297701657, 42.30219783029551], [3.249804285778987, 42.30228789135367], [3.2498046417894373, 42.30237795241042], [3.2499259639541216, 42.30237768806848], [3.2500472861171756, 42.30237742359819], [3.2500476424750544, 42.30246748465185], [3.250168964809377, 42.30246722005239], [3.2501693213417866, 42.302557281103795], [3.250290643847377, 42.302557016375154], [3.25029100055432, 42.30264707742431], [3.2502913572628964, 42.302737138472054], [3.2502917139731053, 42.30282719951836], [3.2502920706849476, 42.30291726056325], [3.2502924273984224, 42.30300732160673], [3.2504137507668918, 42.30300705674557], [3.2504141076549047, 42.30309711778679], [3.250535431194645, 42.30309685279645], [3.2505357882571975, 42.30318691383543], [3.2506571119682093, 42.303186648715915], [3.2507784356775855, 42.303186383468045], [3.2507787930875853, 42.30327644450392], [3.2507791504992203, 42.30336650553838], [3.2509004745527745, 42.303366240160486], [3.251021798604692, 42.303365974654255], [3.251143122654971, 42.30336570901965], [3.251142764724614, 42.3032756479877], [3.251264088600348, 42.303275382225586], [3.251264446703612, 42.30336544325671], [3.2513857707506135, 42.3033651773654], [3.251507094795975, 42.30336491134575], [3.2516284188396956, 42.30336464519774], [3.25162806021771, 42.303274584169124], [3.251627701597366, 42.30318452313907], [3.2517490252936314, 42.30318425686438], [3.2518703489882546, 42.30318399046135], [3.2518699900237413, 42.30309392943154], [3.251869631060871, 42.30300386840033], [3.251869272099644, 42.30291380736768], [3.2519905952739094, 42.30291354083879], [3.252111918446531, 42.30291327418156], [3.2521122777535663, 42.30300333521253], [3.252112637062246, 42.30309339624207], [3.2521129963725706, 42.303183457270194], [3.2522343200622617, 42.303183190482095], [3.2522346795471377, 42.30327325150795], [3.2523560034080896, 42.30327298459066], [3.2523563630675176, 42.30336304561426], [3.2523567227285923, 42.303453106636454], [3.252478046933713, 42.30345283958913], [3.252599371137186, 42.30345257241345], [3.2527206953390113, 42.303452305109424], [3.2527210555204586, 42.30354236612767], [3.2528423798935435, 42.30354209869445], [3.252963704264979, 42.303541831132875], [3.253085028634764, 42.30354156344294], [3.2532063530028985, 42.30354129562467], [3.25332767736938, 42.30354102767803], [3.2533273163233902, 42.303450966663966], [3.2534486405153107, 42.30345069858982], [3.2534482792980652, 42.303360637575196], [3.2535696033154244, 42.30336036937353], [3.2536909273311294, 42.30336010104351], [3.2536905657697237, 42.30327004002915], [3.2535692419269258, 42.30327030835832], [3.253447918082474, 42.30327057655914], [3.2533265942363676, 42.30327084463162], [3.253205270388609, 42.30327111257573], [3.253205631258387, 42.303361173593466], [3.2530843072360693, 42.30336144141007], [3.2530839465391987, 42.30327138039149], [3.2529626226881367, 42.30327164807891], [3.252841298835425, 42.30327191563797], [3.2527199749810634, 42.303272183068664], [3.2525986511250533, 42.303272450371026], [3.2525982911214584, 42.30318238934767], [3.2524769674367064, 42.30318265652083], [3.252476607607665, 42.30309259549521], [3.252355284094172, 42.30309286253919], [3.2523549244396825, 42.30300280151131], [3.2522336010974473, 42.3030030684261], [3.252233241617508, 42.30291300739596], [3.252232882139215, 42.302822946364415], [3.252111559141141, 42.302823213149175], [3.2521111998373957, 42.30273315211537], [3.2519898770105797, 42.30273341877094], [3.25198951788138, 42.30264335773486], [3.251989158753825, 42.30255329669736], [3.2521104812348387, 42.30255303004347], [3.252231803714208, 42.302552763261225], [3.2522321631875646, 42.30264282429703], [3.252353485838189, 42.30264255738561], [3.252353126191932, 42.30255249635063], [3.2523527665473204, 42.302462435314226], [3.2523524069043557, 42.30237237427641], [3.252473729034634, 42.30237210723913], [3.252595051163265, 42.30237184007352], [3.2527163732902484, 42.30237157277955], [3.252716013130234, 42.30228151174281], [3.2528373350826705, 42.302281244321335], [3.2529586570334574, 42.30228097677152], [3.2530799789825937, 42.30228070909334], [3.2532013009300793, 42.30228044128682], [3.253322622875913, 42.302280173351946], [3.2533229839004183, 42.30237023438448], [3.2534443060174976, 42.30236996632042], [3.253565628132923, 42.302369698128004], [3.2535652667626214, 42.30227963709716], [3.2535649053939735, 42.30218957606489], [3.2535645440269803, 42.30209951503117], [3.253443222430247, 42.30209978322106], [3.2534428612378035, 42.302009722185105], [3.2534425000470133, 42.30191966114773], [3.2533211787944176, 42.301919929207585], [3.2533208177781754, 42.30182986816795], [3.2531994966968214, 42.30183013609861], [3.253078175613816, 42.301830403900944], [3.252956854529159, 42.30183067157491], [3.2529572150267185, 42.30192073261708], [3.2529575755259277, 42.302010793657814], [3.2529579360267875, 42.30210085469712], [3.252958296529297, 42.302190915735046], [3.2528369747514083, 42.30219118328402], [3.2527156529718693, 42.30219145070467], [3.2527152928151533, 42.30210138966508], [3.2525939712068626, 42.30210165695653], [3.2524726495969243, 42.30210192411963], [3.252351327985339, 42.30210219115439], [3.2522300063721072, 42.3021024580608], [3.2521086847572303, 42.30210272483886], [3.2521083254666423, 42.30201266379368], [3.2519870040230163, 42.30201293044255], [3.2519866449069688, 42.30192286939511], [3.2518653236345942, 42.30192313591481], [3.251864964693085, 42.3018330748651], [3.2517436435919618, 42.30183334125562], [3.2516223224891965, 42.30183360751778], [3.2515010013847894, 42.3018338736516], [3.251379680278742, 42.30183413965707], [3.2513793220304503, 42.3017440786026], [3.2513789637837984, 42.30165401754671], [3.251378605538787, 42.301563956489396], [3.2514999261261557, 42.30156369048643], [3.251499567709893, 42.30147362942854], [3.25149920929527, 42.301383568369225], [3.2516205295352165, 42.30138330223957], [3.251620170949345, 42.30129324117967], [3.25174149101476, 42.301292974922525], [3.251862811078533, 42.30129270853702], [3.2518624521485244, 42.30120264747735], [3.2519837720377653, 42.301202380964355], [3.2519834129365126, 42.30111231990411], [3.2521047326512216, 42.3011120532636], [3.252226052364286, 42.301111786494744], [3.2522256929189024, 42.30102172543475], [3.252347012457434, 42.30102145853839], [3.2524683319943195, 42.301021191513684], [3.2525896515295583, 42.30102092436064], [3.252710971063149, 42.301020657079256], [3.252711331200082, 42.30111071813588], [3.252832650904912, 42.30111045072531], [3.252953970608092, 42.301110183186395], [3.253075290309622, 42.30110991551914], [3.2531966100095016, 42.30110964772353], [3.253317929707729, 42.301109379799584], [3.253439249404304, 42.301109111747294], [3.2535605690992258, 42.30110884356666], [3.253560207752082, 42.301018782515904], [3.2536815272724624, 42.30101851420777], [3.2538028467911877, 42.301018245771296], [3.253802485099925, 42.30092818472079], [3.253923804444109, 42.300927916156816], [3.254045123786636, 42.30092764746449], [3.2540447617512576, 42.30083758641426], [3.254044399717537, 42.300747525362596], [3.254165718712636, 42.30074725654363], [3.2541653565076882, 42.30065719549138], [3.254286675328246, 42.300656926544896], [3.2544079941471447, 42.300656657470086], [3.2545293129643835, 42.30065638826692], [3.2545289502424444, 42.3005663272158], [3.2546502688851393, 42.30056605788514], [3.254771587526174, 42.300565788426155], [3.254892906165546, 42.300565518838816], [3.25489254292662, 42.30047545778881], [3.2550138613914474, 42.300475188073975], [3.2550142248032556, 42.300565249123146], [3.2551355434393017, 42.30056497927912], [3.255135907025657, 42.30065504032602], [3.2552572258329215, 42.300654770352814], [3.2553785446385213, 42.30065450025127], [3.2553781807064, 42.300564439206056], [3.2553778167759444, 42.300474378159436], [3.2554991352341127, 42.300474107931244], [3.2554987711324417, 42.300384046884034], [3.2554984070324373, 42.30029398583541], [3.255619725143177, 42.30029371548058], [3.255620089416062, 42.300383776528356], [3.2557414076980145, 42.300383506044334], [3.2558627259782993, 42.30038323543196], [3.2559840442569143, 42.30038296469126], [3.2559836794653867, 42.300292903646024], [3.2561049975694516, 42.300292632777825], [3.256226315671846, 42.300292361781295], [3.2562259505362285, 42.300202300736345], [3.256225585402283, 42.300112239689966], [3.2563469031572465, 42.300111968566796], [3.2564682209105382, 42.30011169731529], [3.2565895386621566, 42.30011142593543], [3.2567108564121012, 42.30011115442724], [3.256832174160372, 42.30011088279072], [3.2569534919069665, 42.30011061102584], [3.256953858078187, 42.300200672067106], [3.257075175995985, 42.30020040017305], [3.2570755423417608, 42.300290461212036], [3.2570759086892145, 42.3003805222496], [3.257197226951096, 42.3003802502255], [3.2571975934731072, 42.30047031126079], [3.2570762750383446, 42.30047058328575], [3.256954956601905, 42.300470855182375], [3.25695532277983, 42.30056091621795], [3.2569556889594313, 42.3006509772521], [3.257077007741636, 42.30065070535377], [3.257198326522164, 42.3006504333271], [3.257198693049209, 42.30074049435814], [3.2570773740957972, 42.30074076638565], [3.257077740451636, 42.300830827416114], [3.2570781068091508, 42.30092088844514], [3.257078473168343, 42.30101094947277], [3.2570788395292123, 42.301101010498954], [3.256957519882581, 42.30110128240153], [3.256957886072239, 42.30119134342715], [3.2569582522635745, 42.30128140445136], [3.256958618456585, 42.30137146547414], [3.2570799386218825, 42.30137119356899], [3.25708030498946, 42.30146125458949], [3.257201625325971, 42.30146098255515], [3.257322945660803, 42.301460710392455], [3.257444265993957, 42.30146043810143], [3.2574446328818842, 42.30155049911794], [3.2574449997714914, 42.30164056013304], [3.2574453666627776, 42.30173062114671], [3.2575666875129268, 42.30173034872477], [3.257688008361396, 42.30173007617448], [3.257809329208184, 42.30172980349585], [3.2578096966198298, 42.30181986450553], [3.257931017637829, 42.301819591697694], [3.25793138522405, 42.301909652705106], [3.258052706413261, 42.301909379768055], [3.25805307417406, 42.3019994407732], [3.2580534419365423, 42.3020895017769], [3.258053809700708, 42.3021795627792], [3.2581751314069223, 42.30217928971124], [3.258296453111452, 42.302179016514934], [3.2582968212230954, 42.30226907751408], [3.2582971893364245, 42.30235913851181], [3.258175867286099, 42.30235941170984], [3.25805454523409, 42.30235968477951], [3.257933223180397, 42.302359957720824], [3.2578119011250215, 42.30236023053379], [3.257690579067964, 42.30236050321842], [3.2576909463184838, 42.302450564219], [3.257569624086847, 42.30245083677614], [3.2575699911661484, 42.302540897776154], [3.257448668759931, 42.30254117020579], [3.2573273463520342, 42.30254144250707], [3.2572060239424583, 42.302541714680004], [3.2572063905047393, 42.30263177568117], [3.257206757068698, 42.302721836680924], [3.2572071236343345, 42.302811897679234], [3.2573284465626138, 42.302811625503736], [3.2573288133028306, 42.30290168649978], [3.257207490201649, 42.302901958676124], [3.257086167098789, 42.30290223072412], [3.257086533494878, 42.30299229172046], [3.2570868998926445, 42.30308235271536], [3.2570872662920882, 42.30317241370884], [3.257208589913661, 42.30317214165829], [3.257208956487688, 42.30326220264949], [3.2572093230633925, 42.303352263639276], [3.257209689640775, 42.30344232462764], [3.2570883655004823, 42.30344259668075], [3.2569670413585117, 42.30344286860552], [3.256967407591756, 42.30353292959416], [3.2569677738266765, 42.3036229905814], [3.2568464493372122, 42.30362326237952], [3.2568460832752004, 42.30353320139144], [3.2567247589569694, 42.30353347306034], [3.256724393069542, 42.30344341206999], [3.2568457172148646, 42.303443140401924], [3.2568453511562043, 42.303353079411], [3.25684498509922, 42.30326301841867], [3.256844619043911, 42.303172957424906], [3.256723295417309, 42.3031732290904], [3.2567229295365805, 42.30308316809435], [3.2568442529902777, 42.30308289642971], [3.2568438869383205, 42.3029928354331], [3.2568435208880384, 42.30290277443506], [3.256964843994252, 42.30290250264377], [3.2569644777727427, 42.302812441645166], [3.25696411155291, 42.30272238064515], [3.256963745334754, 42.3026323196437], [3.2569633791182744, 42.302542258640834], [3.256963012903471, 42.30245219763654], [3.2569626466903436, 42.30236213663083], [3.257083968757476, 42.302361864716296], [3.2572052908229314, 42.30236159267342], [3.2572049242656846, 42.302271531668], [3.2572045577101156, 42.302181470661154], [3.257083235990456, 42.302181742702324], [3.256961914269119, 42.30218201461514], [3.256961548061021, 42.30209195360515], [3.2569611818545994, 42.30200189259376], [3.2569608156498537, 42.30191183158094], [3.2569604494467854, 42.30182177056669], [3.256839128415353, 42.30182204234776], [3.2568387623868538, 42.30173198133124], [3.2567174415266393, 42.301732252983115], [3.256717075672708, 42.301642191964305], [3.2565957549837115, 42.30164246348698], [3.2565953893043464, 42.301552402465916], [3.2564740687865674, 42.30155267385939], [3.2563527482671155, 42.30155294512451], [3.256231427745991, 42.3015532162613], [3.2561101072231953, 42.301553487269736], [3.2559887866987287, 42.30155375814983], [3.255989151513635, 42.30164381917514], [3.2558678308146067, 42.301644089927734], [3.255746510113909, 42.30164436055199], [3.255625189411543, 42.30164463104789], [3.2555038687075095, 42.30164490141545], [3.255382548001809, 42.30164517165466], [3.255382911953922, 42.30173523268281], [3.255261591073663, 42.30173550279452], [3.255140270191739, 42.301735772777896], [3.255140633799731, 42.301825833806305], [3.255140997409388, 42.30191589483329], [3.2551413610207085, 42.30200595585886], [3.2551417246336944, 42.302096016883006], [3.255142088248344, 42.30218607790574], [3.2550207665002806, 42.302186347764994], [3.254899444750553, 42.30218661749589], [3.254899081481696, 42.30209655647146], [3.254898718214502, 42.30200649544563], [3.254777396808904, 42.3020067650465], [3.2547770337162687, 42.301916704018396], [3.2547766706252945, 42.30182664298887], [3.2546553495638237, 42.3018269124597], [3.2545340285006916, 42.30182718180218], [3.254533665757167, 42.30173712076954], [3.2544123448652678, 42.301737389982826], [3.2544127074358995, 42.30182745101631], [3.2542913863694474, 42.301827720102104], [3.2542910239717093, 42.30173765906778], [3.25429066157563, 42.30164759803202], [3.2541693408533052, 42.301647866987786], [3.2540480201293223, 42.30164813581519], [3.2540483821796156, 42.30173819685263], [3.253927061281083, 42.30173846555253], [3.2538057403808933, 42.3017387341241], [3.253806102087057, 42.301828795161796], [3.2538064637948767, 42.30191885619808], [3.2536851425472437, 42.30191912464297], [3.253685504083824, 42.30200918567867], [3.2538068255043524, 42.30200891723293], [3.253928146923225, 42.30200864865884], [3.2540494683404404, 42.3020083799564], [3.2540498303973635, 42.30209844098815], [3.254050192455944, 42.30218850201849], [3.2539288706929352, 42.30218877072261], [3.2539292325802758, 42.30227883175235], [3.2539295944692723, 42.30236889278067], [3.2538082723588118, 42.302369161358136], [3.253686950246695, 42.30236942980724], [3.25368731179155, 42.302459490835844], [3.2535659895048794, 42.302459759157436], [3.25356635087849, 42.30254982018543], [3.2535667122537544, 42.30263988121203], [3.253688034886226, 42.30263961288875], [3.2538093575170417, 42.30263934443712], [3.253930680146202, 42.30263907585713], [3.2539303182522357, 42.30254901483306], [3.2540516407068387, 42.302548746125574], [3.2540512786416294, 42.302458685100945], [3.2541726009216747, 42.30245841626593], [3.2541729631597844, 42.30254847728973], [3.2541733253995524, 42.30263853831211], [3.254173687640978, 42.302728599333065], [3.254174049884063, 42.3028186603526], [3.2542953728540547, 42.30281839138587], [3.2542957352717, 42.30290845240313], [3.2544170584129355, 42.30290818330722], [3.254538381552512, 42.30290791408294], [3.2545387443176237, 42.30299797509709], [3.2545391070843963, 42.30308803610983], [3.25466043056812, 42.303087766755525], [3.254781754050182, 42.30308749727285], [3.254782117164426, 42.30317755828248], [3.2549034408177313, 42.30317728867061], [3.2549038041065437, 42.30326734967797], [3.255025127931092, 42.303267079936916], [3.2551464517539768, 42.3032668100675], [3.255267775575197, 42.303266540069735], [3.2552674117676665, 42.30317647906492], [3.2552670479618016, 42.303086418058676], [3.2552666841576015, 42.30299635705103], [3.2553880074584405, 42.30299608692744], [3.2553876434830022, 42.302906025919214], [3.255508966609271, 42.30290575566814], [3.2555086024625965, 42.302815694659344], [3.255508238317588, 42.30272563364911], [3.2555078741742474, 42.30263557263746], [3.255507510032573, 42.30254551162439], [3.2555071458925657, 42.302455450609884], [3.255506781754226, 42.30236538959397], [3.2555064176175517, 42.30227532857664], [3.2553850957015866, 42.30227559882178], [3.2553847317394777, 42.30218553780218], [3.2555060534825455, 42.30218526755788], [3.2556273752239466, 42.30218499718523], [3.2556277395318505, 42.30227505820314], [3.255628103841422, 42.30236511921963], [3.255749425926951, 42.30236484871695], [3.2558707480108113, 42.30236457808589], [3.2559920700930025, 42.3023643073265], [3.256113392173524, 42.30236403643876], [3.2562347142523738, 42.302363765422676], [3.2562343490783117, 42.302273704410446], [3.256233983905921, 42.30218364339677], [3.2563553056373045, 42.30218337225404], [3.256476627367015, 42.30218310098295], [3.2564769928852004, 42.302273161994925], [3.256477358405059, 42.30236322300546], [3.2563560363295525, 42.30236349427824], [3.256356401678185, 42.30245355528822], [3.256235079428108, 42.302453826433506], [3.2562354446055135, 42.30254388744291], [3.2563567670284908, 42.30254361629676], [3.2563571323804683, 42.302633677303895], [3.2562358097845903, 42.302633948450875], [3.2562361749653395, 42.30272400945744], [3.2562365401477598, 42.30281407046257], [3.256236905331852, 42.30290413146628], [3.2561155822155965, 42.302904402487464], [3.2561159472284564, 42.302994463490606], [3.2559946239376263, 42.3029947343843], [3.255994988779253, 42.303084795386866], [3.25599535362255, 42.30317485638801], [3.25587402998424, 42.30317512715503], [3.2557527063442606, 42.30317539779372], [3.2557530708434155, 42.303265458795146], [3.2557534353442388, 42.30335551979514], [3.255874759330031, 42.30335524915476], [3.2558751240054304, 42.30344531015248], [3.2558754886824994, 42.30353537114879], [3.255996813012438, 42.30353510037837], [3.2559971778640855, 42.3036251613724], [3.2558758533612377, 42.30362543214368], [3.2558762180416454, 42.30371549313715], [3.2557548933642178, 42.303715763780914], [3.255633568685122, 42.303716034296336], [3.2555122440043585, 42.30371630468339], [3.255512608167703, 42.30380636567798], [3.255391283312361, 42.30380663593754], [3.2552699584553535, 42.303806906068736], [3.255270322274542, 42.3038969670636], [3.2551489972429573, 42.30389723706729], [3.2551493608908983, 42.30398729806157], [3.255270686095396, 42.30398702805703], [3.255271049917915, 42.304077089049045], [3.2552714137420997, 42.304167150039646], [3.25527177756795, 42.304257211028805], [3.2552721413954657, 42.30434727201655], [3.2553934672899554, 42.304347001880274], [3.2553938312920527, 42.304437062865745], [3.255515157357792, 42.304436792600264], [3.2555155215344733, 42.304526853583475], [3.2555158857128212, 42.304616914565244], [3.2555162498928363, 42.30470697554562], [3.2553949233083435, 42.30470724581365], [3.2553952757938327, 42.304794455770576], [3.2554072480911436, 42.304794945730414], [3.2554676077971307, 42.30479704294889], [3.2554709437139877, 42.304797138260376], [3.255516614074519, 42.304797036524555], [3.2555166197630934, 42.30479844328453], [3.2556379616413627, 42.30480191017989], [3.255637940830265, 42.30479676612732], [3.255637576475663, 42.30470670514922], [3.255637212122729, 42.304616644169705], [3.255636847771463, 42.30452658318876], [3.2556364834218643, 42.304436522206394], [3.2556361190739342, 42.30434646122262], [3.2557574449634226, 42.30434619070127], [3.255757809484269, 42.3044362516842], [3.2557581740067842, 42.30452631266571], [3.255758538530968, 42.3046163736458], [3.255758903056821, 42.30470643462447], [3.255759267584342, 42.304796495601714], [3.2558805943367513, 42.30479622494776], [3.2558806300649983, 42.30480504782171], [3.2559240567776713, 42.304805208537246], [3.2562283107724053, 42.30479609380961], [3.256244591068909, 42.30479947729187], [3.2562445745839588, 42.304795412215704], [3.2562442093647594, 42.304705351241864], [3.2561228827902804, 42.30470562228005], [3.2561225177456716, 42.304615561303926], [3.256122152702734, 42.3045255003264], [3.256000826472421, 42.30452577123452], [3.256000461604071, 42.304435710254715], [3.256000096737392, 42.30434564927347], [3.255999731872383, 42.304255588290815], [3.255999367009044, 42.304165527306736], [3.2561206925476935, 42.30416525640201], [3.256121057583947, 42.304255317385234], [3.2562423832938405, 42.30425504635129], [3.2563637090020623, 42.304254775188994], [3.2563640743858175, 42.3043448361691], [3.256485400265282, 42.30434456487759], [3.2564850347086107, 42.30425450389835], [3.256484669153613, 42.30416444291767], [3.256363343619979, 42.30416471420747], [3.2562420180846723, 42.304164985368914], [3.256241652877176, 42.304074924385105], [3.256241287671351, 42.30398486339989], [3.2561199624801995, 42.30398513443127], [3.255998637287377, 42.30398540533431], [3.2558773120928843, 42.30398567610899], [3.2558776767799698, 42.30407573709676], [3.2557563514108945, 42.30407600774394], [3.2556350260401508, 42.30407627826275], [3.2556346616988914, 42.30398621727328], [3.255513336499393, 42.30398648766288], [3.2555129723327143, 42.303896426671145], [3.255634297359301, 42.303896156282384], [3.2556339330213775, 42.303806095290064], [3.255755257873384, 42.303805824773804], [3.255876582723722, 42.30380555412917], [3.255997907572391, 42.3038052833562], [3.2561192324193895, 42.30380501245485], [3.256119597448959, 42.30389507344378], [3.256240922467198, 42.30389480241324], [3.2563622474837657, 42.30389453125435], [3.2564835724986603, 42.3038942599671], [3.2566048975118815, 42.30389398855149], [3.256604531790666, 42.30380392756597], [3.2567258566293016, 42.30380365602286], [3.256726222523429, 42.303893717007526], [3.256726588419231, 42.303983777990766], [3.2567269543167083, 42.30407383897259], [3.2568482796724063, 42.30407356729856], [3.256848645744472, 42.30416362827811], [3.256969971271408, 42.30416335647489], [3.257091296796667, 42.30416308454329], [3.257212622320249, 42.30416281248335], [3.257212988912735, 42.3042528734589], [3.2572133555068987, 42.304342934433045], [3.2573346813746324, 42.30434266224303], [3.257335048143391, 42.30443272321491], [3.257456374182362, 42.30443245089569], [3.2574567411257163, 42.30452251186527], [3.257578067335925, 42.30452223941683], [3.2575784344538765, 42.30461230038415], [3.257699760835322, 42.3046120278065], [3.257700128127873, 42.30470208877154], [3.2578214546805557, 42.30470181606468], [3.2579427812315562, 42.304701543229456], [3.2579431488716275, 42.30479160419136], [3.2580644755938644, 42.304791331226916], [3.258185802314418, 42.304791058134114], [3.258186170302012, 42.30488111909289], [3.258307497193801, 42.30488084587087], [3.258307865356001, 42.30497090682737], [3.258186538291291, 42.30497118005024], [3.2580652112248965, 42.30497145314475], [3.2580654357200114, 42.30502642120662], [3.258335987778694, 42.30500510054272], [3.2583861898431232, 42.304999200290666], [3.258572265131241, 42.30497031095734], [3.2585505194803637, 42.304970359996545], [3.2585501509723223, 42.30488029904176], [3.258549782465968, 42.30479023808557], [3.2585494139613, 42.304700177127955], [3.258670740502191, 42.30469990352258], [3.258671109179778, 42.30478996447934], [3.258792435891901, 42.30478969074474], [3.2587928047440955, 42.30487975169922], [3.2586714778590524, 42.30488002543467], [3.2586717842080466, 42.30495486000836], [3.258736280834952, 42.30494484651021], [3.2590774941943392, 42.30486524870555], [3.259406534822323, 42.30476117556249], [3.2594731367711867, 42.304737174644195], [3.2595644304607516, 42.304697884178395], [3.25952002624113, 42.30469798469088], [3.259398699712069, 42.30469825919478], [3.259398329998659, 42.30460819824175], [3.2592770036408245, 42.304608472616415], [3.259155677281298, 42.30460874686273], [3.2591553079154156, 42.30451868590657], [3.259033981727116, 42.304518960023664], [3.2590336125358417, 42.30442889906521], [3.258912286518769, 42.304429173053094], [3.2589119175021004, 42.30433911209236], [3.2589115484871214, 42.304249051130206], [3.258790222814191, 42.30424932498801], [3.258668897139572, 42.30424959871745], [3.258668528472111, 42.30415953775216], [3.2585472029687192, 42.3041598113524], [3.2584258774636403, 42.304160084824254], [3.258304551956875, 42.30416035816777], [3.258183226448425, 42.304160631382935], [3.258183594424228, 42.30425069235166], [3.2580622687411784, 42.304250965439316], [3.2580619009382903, 42.30416090446973], [3.258061533137086, 42.304070843498735], [3.258182858474307, 42.30407057041278], [3.2581824905018735, 42.303980509441224], [3.2583038156644966, 42.30398023622777], [3.2583034475208352, 42.30389017525564], [3.258303079378859, 42.30380011428208], [3.258181754562059, 42.303800387493816], [3.2581813865946785, 42.30371032651798], [3.258060061949105, 42.3037105996005], [3.2580596941563194, 42.3036205386224], [3.2579383696819715, 42.3036208115757], [3.257938737301848, 42.30371087255466], [3.257817412652908, 42.30371114538048], [3.257817780101556, 42.30380120635888], [3.2576964552780234, 42.303801479057185], [3.2576960880022856, 42.303711418077924], [3.257695720728229, 42.30362135709725], [3.2575743962488355, 42.3036216296655], [3.257574029149369, 42.303531568682544], [3.2574527048412043, 42.303531841121575], [3.257452337916327, 42.30344178013634], [3.257573662051583, 42.30344150769815], [3.2576949861851596, 42.30344123513162], [3.257695353455854, 42.303531296115146], [3.257816677760657, 42.3035310234194], [3.2579380020637783, 42.303530750595314], [3.2579376344472672, 42.303440689613495], [3.258058958575798, 42.3034404166619], [3.258058590788062, 42.30335035567953], [3.2581799147420014, 42.30335008260043], [3.2581795467830434, 42.30326002161749], [3.2580582230020108, 42.30326029469573], [3.2579368992192945, 42.303260567645616], [3.257936531607833, 42.30317050665953], [3.2579361639980533, 42.30308044567202], [3.2579357963899565, 42.302990384683106], [3.2580571196539574, 42.302990111735795], [3.2580567518746397, 42.302900050746295], [3.258056384097006, 42.30280998975538], [3.258056016321056, 42.302719928763054], [3.258055648546789, 42.3026298677693], [3.2581769711174973, 42.302629594697066], [3.2582982936865204, 42.30262932149647], [3.2582979255681366, 42.302539260503], [3.258419247962575, 42.30253898717493], [3.2585405703553274, 42.30253871371849], [3.2585402018928296, 42.30244865272532], [3.2586615241109955, 42.302448379141396], [3.2586611554772857, 42.30235831814766], [3.2587824775208656, 42.302358044436254], [3.258903799562757, 42.30235777059648], [3.25902512160296, 42.30235749662838], [3.2590254907553655, 42.302447557619544], [3.2590258599094617, 42.30253761860927], [3.2591471822937725, 42.302537344511094], [3.2592685046763927, 42.30253707028456], [3.259389827057322, 42.30253679592968], [3.2593894573845277, 42.302446734942535], [3.2595107795908644, 42.30244646046017], [3.259511149436558, 42.30253652144646], [3.2596324718141023, 42.30253624683488], [3.2596328418343887, 42.30262630781889], [3.25963321185637, 42.30271636880149], [3.2596335818800437, 42.30280642978264], [3.2596339519054123, 42.302896490762386], [3.259512628836263, 42.30289676537742], [3.2593913057654205, 42.30289703986408], [3.259269982692886, 42.3028973142224], [3.25914865961866, 42.302897588452375], [3.259027336542743, 42.302897862554], [3.2589060134651366, 42.30289813652726], [3.258784690385841, 42.30289841037218], [3.258663367304857, 42.302898684088746], [3.2586637359486916, 42.30298874507395], [3.258785059202579, 42.30298847135652], [3.258906382454778, 42.30298819751075], [3.258906751446109, 42.30307825849281], [3.258907120439129, 42.30316831947345], [3.2589074894338377, 42.303258380452675], [3.2590288132030634, 42.30325810647597], [3.2590284440354482, 42.3031680454976], [3.2591497676300776, 42.30316777139341], [3.259149398291248, 42.30307771041449], [3.2592707217112813, 42.30307743618279], [3.2593920451296237, 42.30307716182275], [3.2595133685462736, 42.303076887334356], [3.259512998690422, 42.3029868263566], [3.2596343219324746, 42.302986551740716], [3.2596346919612302, 42.30307661271761], [3.259756015374493, 42.30307633797251], [3.259877338786062, 42.30307606309906], [3.2598777091623217, 42.303166124072824], [3.259878079540277, 42.30325618504516], [3.2599994032959603, 42.30325591004162], [3.260120727049948, 42.303255634909746], [3.2602420508022383, 42.30325535964952], [3.260363374552831, 42.30325508426093], [3.2603637456241072, 42.303345145228384], [3.260242421700608, 42.30334542061784], [3.2601210977754116, 42.30334569587893], [3.260121468502572, 42.30343575684668], [3.2600001444027713, 42.3034360319803], [3.2598788203012736, 42.30343630698555], [3.259757496198081, 42.30343658186244], [3.259757866408214, 42.30352664283137], [3.2597582366200424, 42.30361670379889], [3.2597586068335653, 42.30370676476497], [3.259879931455485, 42.303706489885485], [3.260001256075709, 42.30370621487764], [3.260122580694237, 42.30370593974144], [3.260122209961985, 42.30361587877795], [3.260243534405906, 42.30361560351427], [3.2603648588481295, 42.303615328122234], [3.260365229926201, 42.303705389083994], [3.260486554539635, 42.30370511356273], [3.2606078791513697, 42.30370483791311], [3.2606082505769605, 42.30379489887173], [3.2607295753599055, 42.30379462309289], [3.2607292037614046, 42.30370456213514], [3.260728832164604, 42.30361450117597], [3.260607507727479, 42.303614776953076], [3.260486183288654, 42.30361505260183], [3.2604858120393723, 42.3035249916395], [3.2604854407917907, 42.30343493067574], [3.2606067648847983, 42.30343465502873], [3.2607280889761063, 42.30343437925335], [3.2607277173844094, 42.303344318289916], [3.2606063934660083, 42.30334459406442], [3.260606022048919, 42.3032545330987], [3.2607273457944133, 42.30325425732506], [3.2608486695382064, 42.30325398142306], [3.260849041301109, 42.30334404238705], [3.2608494130657135, 42.30343410334962], [3.2609707371536185, 42.30343382731755], [3.261092061239821, 42.30343355115712], [3.26121338532432, 42.303433274868325], [3.261213757609351, 42.30352333582689], [3.261214129896085, 42.303613396784016], [3.26125167967307, 42.30361331123268], [3.2614233799168755, 42.30343628811551], [3.2614558946172316, 42.30339915809768], [3.2614556608590646, 42.30334266094745], [3.2613343369508816, 42.30334293749207], [3.261333964496353, 42.303252876531545], [3.2612126407593722, 42.30325315294696], [3.2610913170206866, 42.30325342923401], [3.2610909449136747, 42.30316336827032], [3.260969621346191, 42.30316364442815], [3.260848297777005, 42.303163920457635], [3.260726974206118, 42.30316419635877], [3.2607266026195236, 42.30307413539106], [3.26060527921984, 42.30307441116296], [3.260604907807851, 42.302984350192986], [3.2604835845793714, 42.30298462583567], [3.2604832133419857, 42.302894564863394], [3.260604536397562, 42.30289428922156], [3.260604164988973, 42.302804228248725], [3.2606037935820846, 42.302714167274466], [3.2607251162901565, 42.30271389150601], [3.2608464389965275, 42.30271361560921], [3.260846067245537, 42.302623554635254], [3.260724744712067, 42.302623830531196], [3.260603422176896, 42.30262410629878], [3.2604820996400248, 42.302624381938024], [3.260360777101454, 42.30262465744891], [3.260239454561185, 42.30262493283145], [3.2602390836763973, 42.30253487185174], [3.2602387127933072, 42.302444810870625], [3.260360034987777, 42.30244453548982], [3.2604813571805478, 42.30244425998065], [3.2604809859533583, 42.30235419899984], [3.2606023079715314, 42.3023539233632], [3.2607236299880045, 42.3023536475982], [3.2607232584167187, 42.3022635866177], [3.2608445802585933, 42.30226331072522], [3.260844208516111, 42.30217324974416], [3.2607228868471343, 42.30217352563577], [3.2606015651764557, 42.30217380139904], [3.260480243504077, 42.302174077033946], [3.26035892183, 42.302174352540526], [3.2603585507808046, 42.30208429155457], [3.260479872281986, 42.30208401604886], [3.2604795010615937, 42.301993955062365], [3.2603581797333074, 42.301994230567196], [3.260236858403323, 42.301994505943696], [3.260115537071641, 42.301994781191844], [3.2599942157382618, 42.30199505631164], [3.259993845211147, 42.30190499532026], [3.2601151663716315, 42.30190472020132], [3.2601147956733194, 42.301814659209384], [3.2602361166592133, 42.30181438396297], [3.2603574376434095, 42.30181410858821], [3.260357066601008, 42.301724047596565], [3.2602357457897053, 42.30172432297047], [3.2602353749218946, 42.30163426197655], [3.2602350040557817, 42.30154420098122], [3.260356324521301, 42.30154392560903], [3.260355953483995, 42.30145386461314], [3.2604772737749252, 42.30145358911347], [3.2605985940641564, 42.30145331348548], [3.2605989654472434, 42.30154337447966], [3.2605993368320307, 42.301633435472404], [3.2607206574653436, 42.30163315971432], [3.260841978096956, 42.30163288382789], [3.2608416063663856, 42.30154282283689], [3.260841234637517, 42.301452761844445], [3.2609625549216457, 42.30145248583141], [3.2610838752040716, 42.301452209690034], [3.2612051954847945, 42.30145193342032], [3.261326515763814, 42.30145165702224], [3.2613268881842443, 42.301541718011215], [3.26132726060638, 42.301631778998775], [3.2614485812294767, 42.30163150247063], [3.261569901850867, 42.301631225814134], [3.261691222470551, 42.30163094902929], [3.261812543088528, 42.30163067211611], [3.2619338637047974, 42.30163039507459], [3.2620551843193573, 42.301630117904715], [3.2620548108598735, 42.30154005692237], [3.2619334904182042, 42.30154033409138], [3.2619331171333203, 42.30145027310674], [3.262054437402099, 42.301449995938604], [3.2620540639460343, 42.30135993495342], [3.2620536904916784, 42.30126987396681], [3.2621750104129688, 42.30126959667207], [3.2621746367874347, 42.301179535684895], [3.2622959565341265, 42.301179258262685], [3.2624172762791073, 42.30117898071213], [3.262416902309509, 42.30108891972529], [3.2624165283416224, 42.30099885873702], [3.2624161543754475, 42.30090879774733], [3.262294835149126, 42.30090907529528], [3.2621735159210945, 42.30090935271488], [3.2621738895414976, 42.30099941370631], [3.2620525701388696, 42.30099969099844], [3.261931250734532, 42.30099996816223], [3.2619308774599003, 42.30090990716907], [3.26180955822674, 42.30091018420364], [3.261809931328486, 42.301000245197685], [3.261688611920732, 42.301000522104786], [3.261688238991872, 42.30091046110988], [3.261566919755296, 42.30091073788777], [3.26156729251127, 42.30100079888355], [3.261445973100103, 42.30100107553396], [3.26132465368723, 42.30100135205603], [3.2613242812770276, 42.300911291058526], [3.2612029620353353, 42.300911567451394], [3.2612025897997228, 42.3008215064516], [3.2613239088685293, 42.3008212300596], [3.2613235364617363, 42.30073116905925], [3.2613231640566482, 42.300641108057455], [3.2614444827779825, 42.30064083153886], [3.2615658014976114, 42.300640554891906], [3.2615654287484626, 42.30055049389045], [3.2615650560010194, 42.30046043288756], [3.2615646832552834, 42.30037037188327], [3.261564310511253, 42.30028031087753], [3.26144299248315, 42.30028058752101], [3.261442619913706, 42.300190526512985], [3.2613213020567766, 42.30019080302725], [3.261199984198143, 42.30019107941318], [3.2610786663378057, 42.300191355670776], [3.261078294288703, 42.30010129465873], [3.261077922241303, 42.30001123364527], [3.261077550195606, 42.29992117263039], [3.2610771781516124, 42.299831111614075], [3.2611984953204396, 42.29983083535994], [3.2613198124875633, 42.29983055897749], [3.261441129652982, 42.29983028246669], [3.2615624468166957, 42.29983000582755], [3.2615620740829026, 42.29973994481328], [3.2615617013508156, 42.299649883797606], [3.261683018167073, 42.29964960703187], [3.2618043349816226, 42.2996493301378], [3.261804708059459, 42.29973939115173], [3.261805081139003, 42.29982945216427], [3.2619263982975957, 42.29982917514012], [3.2619260250451756, 42.299739114128464], [3.262047342029184, 42.29973883697684], [3.2620469686055986, 42.299648775964634], [3.2621682854150227, 42.29964849868555], [3.262167911820273, 42.299558437672786], [3.262046595183722, 42.299558714951], [3.2620462217635553, 42.29946865393595], [3.2621675382272324, 42.2994683766586], [3.2621671646359025, 42.299378315643004], [3.2621667910462824, 42.29928825462597], [3.262166417458373, 42.29919819360752], [3.2622877334017253, 42.29919791620444], [3.262409049343367, 42.29919763867304], [3.262409423277018, 42.299287699689756], [3.2625307393898186, 42.299287422029145], [3.2625311134980537, 42.29937748304356], [3.262652429782013, 42.29937720525375], [3.262652055500907, 42.2992871442402], [3.2626516812215143, 42.29919708322522], [3.262772997158019, 42.299196805308824], [3.262772622707469, 42.299106744293304], [3.26289393846939, 42.29910646624943], [3.2630152542295954, 42.299106188077225], [3.2630156290258845, 42.299196249091004], [3.2631369449572443, 42.29919597078958], [3.26313731992812, 42.29928603180107], [3.2631376949007116, 42.29937609281112], [3.263137962773396, 42.29944043024344], [3.263149750856907, 42.299428383899475], [3.263217948851642, 42.29935288212724], [3.2632586962879344, 42.29930021931453], [3.263258636030634, 42.299285753370455], [3.2632699092263624, 42.2992857274856], [3.263469001382042, 42.29902841674757], [3.263500000081114, 42.29898102927116], [3.263499766282872, 42.29892495208024], [3.263534922285285, 42.29892487128325], [3.263697622121124, 42.29863069777131], [3.2637413174951253, 42.29853509648536], [3.2638358302753985, 42.29829122076515], [3.263899104958411, 42.298041837864936], [3.263930583710404, 42.29778914782728], [3.263929989212781, 42.29753537984397], [3.2639115734231647, 42.297392953008384], [3.2638573207087753, 42.29739307786278], [3.263736008244972, 42.2973933569167], [3.2636146957794487, 42.29739363584228], [3.2636150714074175, 42.2974836968787], [3.2636154470371053, 42.297573757913725], [3.263615822668512, 42.2976638189473], [3.263616198301638, 42.297753879979446], [3.2636165739364844, 42.2978439410102], [3.2634952606049596, 42.29784421981183], [3.2633739472717163, 42.297844498485134], [3.2633735719825863, 42.29775443745264], [3.2633731966951744, 42.29766437641873], [3.2633728214094804, 42.29757431538341], [3.263372446125504, 42.29748425434665], [3.263372070843245, 42.29739419330848], [3.2633716955627046, 42.29730413226888], [3.2632503832648796, 42.29730441080861], [3.2632500081589098, 42.29721434976672], [3.2632496330546568, 42.297124288723396], [3.2632492579521215, 42.29703422767866], [3.263370569731389, 42.29703394914155], [3.2633701944577194, 42.296943888096266], [3.2634915060624183, 42.2969436094317], [3.2634911306176164, 42.29685354838587], [3.263612442047747, 42.29685326959386], [3.263612817665399, 42.29694333063882], [3.2636131932847703, 42.297033391682355], [3.2636135689058605, 42.29712345272447], [3.2637348808528244, 42.29712317380151], [3.2638559870308494, 42.297122895223545], [3.2638328858723553, 42.297033554473046], [3.263807581773185, 42.29695565525639], [3.2636998983645067, 42.29668641562058], [3.263611082113004, 42.296527197426215], [3.263611315205107, 42.29658308645045], [3.263611690817601, 42.296673147499675], [3.2634903797331685, 42.29667342628993], [3.2633690686470174, 42.29667370495188], [3.263368693380219, 42.2965836439009], [3.263490004293522, 42.29658336523985], [3.263489628855594, 42.29649330418831], [3.2633683181151376, 42.29649358284851], [3.263247007372964, 42.29649386138036], [3.263246632282447, 42.296403800325685], [3.263367942851775, 42.29640352179469], [3.2633675675901292, 42.29631346073945], [3.263472146565797, 42.296313220514236], [3.263406514726573, 42.29622330935665], [3.263367192330202, 42.29622339968278], [3.2632458821065637, 42.29622367821203], [3.2631245718812085, 42.296223956612955], [3.2630032616541373, 42.296224234885564], [3.2628819514253506, 42.29622451302985], [3.2627606411948498, 42.29622479104581], [3.262639330962635, 42.296225068933445], [3.2626389567414877, 42.29613500787013], [3.262760266800859, 42.29613472998337], [3.262759892408581, 42.29604466891948], [3.2628812022933955, 42.29604439090526], [3.263002512176495, 42.29604411276272], [3.2630021374402474, 42.29595405169918], [3.2630017627057146, 42.295863990634196], [3.263064387359289, 42.29586384698097], [3.262961518708922, 42.29577402098065], [3.2628800786083216, 42.29577420770772], [3.2627587692420312, 42.29577448571933], [3.262758394856609, 42.29568442464977], [3.2628453698968602, 42.29568422532444], [3.2627187034408345, 42.29559445364198], [3.2626367114505754, 42.29559464146033], [3.262515402426538, 42.295594919213556], [3.262394093400788, 42.29559519683845], [3.2623937195373074, 42.29550513576343], [3.262515028390219, 42.2955048581394], [3.262514845734901, 42.29546087789239], [3.2622806927407426, 42.29532497215391], [3.261994952262858, 42.29518892777494], [3.2616933823569907, 42.295073239914345], [3.261378606495517, 42.29497891495709], [3.2613335082411834, 42.294967185042196], [3.261299705972366, 42.29496726207852], [3.261178398139391, 42.29496753841417], [3.2610570903047127, 42.29496781462151], [3.2610568165364193, 42.2949015265463], [3.260949993292393, 42.294877996417306], [3.2609354106908235, 42.29487802960513], [3.2608141030255737, 42.29487830555497], [3.2608139101871396, 42.2948315695429], [3.260811414840535, 42.29483002864257], [3.260730495715287, 42.29478843371294], [3.2606924239284814, 42.294788520277955], [3.2605711164326623, 42.29478879597029], [3.260571487689972, 42.294878857069705], [3.260692795358623, 42.29487858137649], [3.260693166790465, 42.29496864247362], [3.260571858948981, 42.29496891816769], [3.2604505511057975, 42.29496919373344], [3.260329243260916, 42.29496946917089], [3.2603296141759572, 42.29505953026919], [3.2603299850926954, 42.29514959136605], [3.260451293283246, 42.295149315926885], [3.260451664374518, 42.29523937702147], [3.2605729727362043, 42.29523910145313], [3.2605726014720973, 42.2951490403594], [3.2606939096592495, 42.295148764663594], [3.260815217844701, 42.29514848883947], [3.260936526028452, 42.29514821288704], [3.261057834210501, 42.295147936806295], [3.261179142390848, 42.295147660597216], [3.2613004505694914, 42.295147384259835], [3.26130082287061, 42.29523744534837], [3.261301195173433, 42.29532750643548], [3.2613015674779593, 42.295417567521156], [3.2611802587808087, 42.295417843861145], [3.261058950081954, 42.29541812007281], [3.26105932204251, 42.2955081811588], [3.2610596940047683, 42.29559824224338], [3.2610600659687297, 42.29568830332653], [3.2610604379343933, 42.29577836440826], [3.2610608099017595, 42.29586842548857], [3.260939500337006, 42.29586870157624], [3.2608181907705514, 42.295868977535605], [3.260818562393937, 42.29595903861621], [3.2608189340190243, 42.2960490996954], [3.2606976241051844, 42.29604937552818], [3.260576314189644, 42.29604965123263], [3.260455004272404, 42.29604992680875], [3.2604546331658444, 42.29595986572698], [3.2604542620609833, 42.295869804643765], [3.260453890957821, 42.29577974355913], [3.260453519856357, 42.29568968247308], [3.260453148756592, 42.295599621385605], [3.2604527776585255, 42.2955095602967], [3.2603314687766294, 42.295509835739324], [3.2603310978530997, 42.295419774648146], [3.260209789142343, 42.295420049961585], [3.26008848042989, 42.295420325146715], [3.260088851007745, 42.29551038623962], [3.2599675421207577, 42.29551066129729], [3.259846233232075, 42.29551093622664], [3.2598466034659492, 42.29560099731986], [3.2598469737015185, 42.29569105841165], [3.2598473439387816, 42.29578111950202], [3.25984771417774, 42.29587118059097], [3.2597264045960044, 42.295871455395464], [3.259726774663816, 42.295961516483835], [3.259727144733321, 42.2960515775708], [3.2596058348042067, 42.296051852248695], [3.2594845248734, 42.29605212679826], [3.2594841551495795, 42.29596206570957], [3.2594837854274514, 42.295872004619476], [3.259362475840636, 42.29587227903899], [3.2592411662521292, 42.295872553330184], [3.2592415356285738, 42.29596261442202], [3.259120225865534, 42.29596288858576], [3.258998916100805, 42.29596316262119], [3.258998547070044, 42.29587310152763], [3.258877237476467, 42.29587337543388], [3.258876868620236, 42.295783314338045], [3.258998178040972, 42.29578304043265], [3.2591194874600182, 42.29578276639896], [3.2592407968773753, 42.29578249223693], [3.2593621062930414, 42.29578221794659], [3.259361736747138, 42.29569215685278], [3.259240427504312, 42.29569243114226], [3.25924005813294, 42.29560237004616], [3.2591187490612623, 42.29560264420646], [3.2591191182597954, 42.29569270530342], [3.258997809013589, 42.295692979336266], [3.258876499765693, 42.2956932532408], [3.258755190516109, 42.29569352701699], [3.258633881264837, 42.295693800664885], [3.2586335127576613, 42.29560373956449], [3.2586331442521725, 42.29551367846267], [3.258511835344892, 42.295513951980524], [3.2585114670139275, 42.295423890876435], [3.2583901582777988, 42.29542416426511], [3.2583897901213574, 42.29533410315874], [3.2582684815563807, 42.29533437641824], [3.2581471729897196, 42.29533464954942], [3.2581468051806355, 42.29524458843991], [3.2581464373732354, 42.29515452732897], [3.258025129150562, 42.29515480033012], [3.2579038209262063, 42.295155073202956], [3.2577825127001683, 42.29515534594748], [3.2577828799890622, 42.29524540706099], [3.257783247279637, 42.295335468173064], [3.257661938706246, 42.29533574079098], [3.2576623058256655, 42.29542580190249], [3.2576626729467653, 42.295515863012575], [3.2577839818658307, 42.29551559039296], [3.2577836145718937, 42.295425529283726], [3.25790492331644, 42.295425256536646], [3.2579052907832153, 42.29551531764501], [3.2579056582516728, 42.29560537875197], [3.2577843491614495, 42.295605651500765], [3.2577847164587497, 42.29569571260717], [3.257906025721812, 42.29569543985751], [3.2579063931936334, 42.29578550096162], [3.2580277026278543, 42.29578522808279], [3.258149012060392, 42.295784955075646], [3.258149379879578, 42.29587501617663], [3.258028070274199, 42.29587528918463], [3.257906760667137, 42.29587556206432], [3.257785451058393, 42.29587583481568], [3.257664141447968, 42.29587610743873], [3.25766450857747, 42.2959661685417], [3.2576648757086524, 42.29605622964326], [3.257665242841515, 42.29614629074341], [3.257665609976059, 42.29623635184212], [3.2576659771122825, 42.29632641293941], [3.257666344250187, 42.29641647403528], [3.2575450336010183, 42.29641674653514], [3.2574237229501706, 42.29641701890666], [3.2574240897440623, 42.29650708000282], [3.257302778918689, 42.29650735224688], [3.2571814680916367, 42.296507624362626], [3.257181834541513, 42.296597685459076], [3.257303145541412, 42.296597413342475], [3.257424456539633, 42.29659714109756], [3.2574248233368825, 42.29668720219087], [3.257546134506273, 42.29668692981677], [3.2575465014780507, 42.29677699090781], [3.2574251901358116, 42.296777263282756], [3.257425556936419, 42.296867324373224], [3.257425923738706, 42.296957385462264], [3.2575472354266455, 42.29695711308561], [3.257546868451508, 42.29686705199742], [3.2576681799649174, 42.296866779493286], [3.257668547112905, 42.296956840580634], [3.2577898587974836, 42.29695656794731], [3.2577894914766454, 42.29686650686085], [3.2579108029866926, 42.29686623410007], [3.2580321144950575, 42.29686596121096], [3.2580317468302016, 42.29677590012477], [3.2581530581640337, 42.2967756271082], [3.2581526903280116, 42.29668556602144], [3.258274001487311, 42.296685292877406], [3.2582736334801248, 42.296595231790086], [3.2582732654746227, 42.29650517070134], [3.258272897470805, 42.29641510961117], [3.2583942081098782, 42.29641483634139], [3.2583938399348993, 42.296324775250646], [3.2585151503994414, 42.296324501853405], [3.2586364608622977, 42.296324228327826], [3.2586360923433144, 42.29623416723738], [3.258757402631639, 42.29623389358436], [3.2588787129182752, 42.29623361980299], [3.259000023203224, 42.29623334589331], [3.259000392240742, 42.296323406981166], [3.259121702696846, 42.296323132942305], [3.2591220719088994, 42.29641319402789], [3.259122441122642, 42.29650325511204], [3.259243751922748, 42.296502980943146], [3.259244121311028, 42.29659304202502], [3.2592444907009996, 42.29668310310547], [3.2592448600926613, 42.29677316418451], [3.259245229486014, 42.296863225262115], [3.259123917994514, 42.29686349943446], [3.2591242872167077, 42.296953560511504], [3.259002975550667, 42.29695383455639], [3.2588816638829377, 42.29695410847294], [3.2588820327611185, 42.29704416955028], [3.258760720918849, 42.297044443339374], [3.2586394090748922, 42.297044717000134], [3.2585180972292482, 42.297044990532584], [3.258517728869621, 42.29695492945265], [3.2583964171951423, 42.29695520285591], [3.2582751055189783, 42.29695547613084], [3.25815379384113, 42.29695574927745], [3.258154161682203, 42.29704581035995], [3.258275473532903, 42.29704553721248], [3.258275841548512, 42.29713559829269], [3.25815452952496, 42.29713587144102], [3.2580332174997246, 42.297136144461014], [3.2580335851713125, 42.29722620554151], [3.2579122729715406, 42.29722647843404], [3.2579126404719583, 42.29731653951398], [3.2577913280976505, 42.29731681227903], [3.257670015721662, 42.297317084915754], [3.2575487033439923, 42.29731735742416], [3.257548336362136, 42.29722729634165], [3.2575479693819593, 42.297137235257736], [3.257426657348317, 42.2971375076361], [3.2574262905426714, 42.2970474465499], [3.257304978680202, 42.29704771879908], [3.2573046120490874, 42.29695765771061], [3.257183300357791, 42.296957929830604], [3.257183666816054, 42.29704799091994], [3.2571840332759945, 42.29713805200786], [3.2571843997376124, 42.297228113094334], [3.2571847662009077, 42.29731817417941], [3.2570634538165235, 42.2973184461745], [3.2570638201086424, 42.29740850725899], [3.2569425075497267, 42.29740877912661], [3.2569428736706665, 42.29749884021055], [3.25682156093722, 42.29749911195069], [3.256700248202099, 42.29749938356252], [3.2566998824268696, 42.29740932247688], [3.256578569862929, 42.29740959395954], [3.2564572572973147, 42.297409865313846], [3.2564568918694694, 42.2973198042251], [3.2564565264432965, 42.29722974313491], [3.256456161018796, 42.297139682043316], [3.256455795595968, 42.2970496209503], [3.256334483720095, 42.29704989217288], [3.2563341184717913, 42.29695983107758], [3.25633375322516, 42.296869769980866], [3.256455064755331, 42.29686949875998], [3.256454699337522, 42.29677943766269], [3.2565760106931707, 42.29677916631434], [3.2566973220471462, 42.29677889483765], [3.256818633399447, 42.296778623232655], [3.256818267464763, 42.29668856213649], [3.256696956285311, 42.29668883374064], [3.2566965905251504, 42.29659877264221], [3.256696224766664, 42.296508711542366], [3.2565749139312334, 42.29650898301648], [3.256575279516872, 42.296599044117194], [3.256453968506921, 42.29659931546386], [3.256454333921385, 42.29668937656398], [3.2563330227369125, 42.29668964778317], [3.2562117115507685, 42.29668991887402], [3.256090400362953, 42.29669018983656], [3.255969089173467, 42.296690460670774], [3.2559694538982082, 42.29678052177288], [3.255969818624618, 42.296870582873574], [3.255848507087764, 42.29687085358116], [3.255727195549241, 42.296871124160425], [3.2557275599316196, 42.296961185261395], [3.2556062482185784, 42.29696145571317], [3.25548493650387, 42.29696172603663], [3.2554853005422135, 42.297051787137875], [3.2554856645822237, 42.2971418482377], [3.2553643525201448, 42.297142118434536], [3.2552430404564006, 42.29714238850304], [3.255243404152371, 42.29723244960313], [3.2552437678500055, 42.2973225107018], [3.255244131549305, 42.297412571799036], [3.2552444952502695, 42.29750263289486], [3.255244858952899, 42.297592693989266], [3.2552452226571926, 42.29768275508224], [3.2551239095546536, 42.2976830250275], [3.2551242730877545, 42.29777308611991], [3.2552455863631518, 42.297772816173804], [3.2552459500707753, 42.297862877263945], [3.2553672635173663, 42.29786260718866], [3.255366899636884, 42.297772546099374], [3.25548821290895, 42.297772275896605], [3.2554885769622914, 42.29786233698504], [3.25560989040555, 42.2978620666531], [3.2556102546334165, 42.29795212773927], [3.2556106188629506, 42.29804218882403], [3.2554893050739726, 42.298042459157664], [3.255489669132313, 42.298132520241836], [3.2556109830941518, 42.298132249907354], [3.255732297054324, 42.29813197944454], [3.255732661460054, 42.29822204052559], [3.2558539755914198, 42.298221769933605], [3.2558543401716804, 42.29831183101238], [3.2557330258674524, 42.29831210160522], [3.2557333902765184, 42.29840216268343], [3.25585470475361, 42.29840189208974], [3.2558550693372084, 42.29849195316569], [3.2559763839854954, 42.29849168244282], [3.256097698632112, 42.29849141159161], [3.2560980635631087, 42.29858147266444], [3.255976748743627, 42.29858174351648], [3.255977113503429, 42.29867180458872], [3.255855798509412, 42.2986720753133], [3.255856163098017, 42.29876213638498], [3.2557348479294648, 42.298762406982064], [3.2556135327592437, 42.298762677450824], [3.255492217587356, 42.298762947791246], [3.2553709024138016, 42.29876321800333], [3.2552495872385814, 42.29876348808708], [3.255249950964519, 42.29885354916158], [3.2552503146921214, 42.298943610234645], [3.255250678421389, 42.299033671306304], [3.2553719941152135, 42.29903340122001], [3.255493309807372, 42.29903313100537], [3.255493673884044, 42.2991231920739], [3.2553723580190153, 42.29912346228938], [3.2552510421523215, 42.29912373237653], [3.2551297262839625, 42.29912400233534], [3.255008410413939, 42.29912427216581], [3.2550087738007956, 42.29921433323632], [3.254887457756238, 42.299214602939294], [3.254887820971887, 42.29930466400922], [3.254888184189198, 42.299394725077725], [3.2550095005794986, 42.29939445537304], [3.255009863971345, 42.29948451643928], [3.2548885474081715, 42.2994847861448], [3.2547672308433353, 42.29948505572199], [3.254766867797235, 42.299394994654065], [3.2547665047527956, 42.29930493358473], [3.254645188532043, 42.29930520303188], [3.2546448256621363, 42.299215141960275], [3.2546444627938915, 42.29912508088724], [3.254644099927308, 42.299035019812784], [3.2545227842235054, 42.29903528912908], [3.2545231469172196, 42.29912535020438], [3.2544018310388867, 42.29912561939317], [3.254280515158895, 42.299125888453645], [3.254280877508529, 42.29921594952921], [3.2542812398598207, 42.29930601060336], [3.2542816022127714, 42.299396071676085], [3.254281964567381, 42.29948613274739], [3.2541606479942433, 42.2994864016829], [3.254039331419448, 42.29948667049007], [3.253918014842996, 42.299486939168915], [3.2537966982648867, 42.2994872077194], [3.2537963366017695, 42.299397146644736], [3.2537959749403074, 42.299307085568636], [3.253917291172671, 42.29930681701982], [3.2539169293399928, 42.29921675594314], [3.253916567508971, 42.299126694865045], [3.2540378833939365, 42.299126426189574], [3.254037521391701, 42.29903636511091], [3.2540371593911233, 42.29894630403081], [3.254036797392202, 42.298856242949284], [3.2539154820258434, 42.29885651162222], [3.2539151202014467, 42.29876645053843], [3.2537938050062998, 42.2987667190822], [3.2537934433564257, 42.29867665799615], [3.2536721283324894, 42.29867692641072], [3.253671766857137, 42.29858686532242], [3.2536714053834395, 42.29849680423269], [3.2537927200616443, 42.29849653581978], [3.2537930817082077, 42.29858659690867], [3.2539143965576223, 42.298586328366596], [3.254035711405381, 42.29858605969619], [3.2541570262514825, 42.29858579089744], [3.2541573884182986, 42.29867585198239], [3.2542787034356078, 42.298675583054475], [3.254279065776948, 42.298765644137156], [3.2544003809654654, 42.298765375080066], [3.2544000184512587, 42.29867531399822], [3.2545213334652505, 42.29867504481364], [3.2545209707798373, 42.29858498373124], [3.2545206080960845, 42.2984949226474], [3.2546419227626853, 42.29849465333618], [3.2546415599077276, 42.29840459225176], [3.254641197054432, 42.29831453116592], [3.2546408342027964, 42.29822447007867], [3.254519520054786, 42.29822473938736], [3.2545191573776737, 42.29813467829784], [3.254397843400865, 42.298134947477365], [3.2543982059051157, 42.29822500856772], [3.2542768917537854, 42.29822527761976], [3.2542765294223965, 42.29813521652855], [3.25415521544227, 42.298135485451404], [3.2540339014604855, 42.29813575424592], [3.253912587477044, 42.298136022912125], [3.253912225665897, 42.29804596181695], [3.2537909118536605, 42.29804623035398], [3.2537912734919465, 42.298136291449985], [3.2536699595051934, 42.298136559859515], [3.253548645516786, 42.29813682814072], [3.253427331526725, 42.2981370962936], [3.2534276926480805, 42.29822715739071], [3.253306378483504, 42.29822742541609], [3.2531850643172757, 42.29822769331315], [3.253063750149396, 42.29822796108187], [3.2530641107538165, 42.29831802218008], [3.253185425094559, 42.29831775441051], [3.25330673943365, 42.29831748651262], [3.2533071003854483, 42.29840754760772], [3.253185785873494, 42.29840781550645], [3.2530644713598877, 42.298408083276854], [3.2529431568446308, 42.298408350918926], [3.2528218423277244, 42.29840861843267], [3.2528222025897175, 42.29849867952972], [3.25282256285336, 42.298588740625334], [3.2527012479890747, 42.29858900801242], [3.2525799331231413, 42.298589275271176], [3.25245861825556, 42.2985895424016], [3.2523373033863323, 42.298589809403694], [3.2523369438141505, 42.29849974830473], [3.2523365842436145, 42.29840968720433], [3.2523362246747247, 42.29831962610251], [3.2523358651074807, 42.298229564999275], [3.2523355055418826, 42.29813950389462], [3.2522141915353266, 42.298139770764195], [3.252214550928062, 42.29822983186968], [3.2520932367469997, 42.29823009861177], [3.252092877527126, 42.29814003750544], [3.2520925183088956, 42.29804997639768], [3.2520921590923098, 42.2979599152885], [3.2522134727547893, 42.29795964854893], [3.2523347864156236, 42.29795938168103], [3.2523344268549628, 42.29786932057211], [3.252213113366988, 42.29786958743917], [3.2520917998773684, 42.2978698541779], [3.2520914406640715, 42.29777979306588], [3.2520911544707443, 42.29770803901914], [3.252019521433396, 42.297739182386465], [3.251982322116909, 42.297758181722834], [3.2518490744837654, 42.29783336260199], [3.251849025416266, 42.29783337658052], [3.251849172893197, 42.297870387270386], [3.251849531762419, 42.297960448382646], [3.251849890633284, 42.29805050949351], [3.2518502495057917, 42.29814057060293], [3.2517289354926597, 42.29814083695919], [3.2517285767930137, 42.29805077584892], [3.2516072629511017, 42.29805104207602], [3.2514859491075483, 42.29805130817477], [3.251364635262355, 42.2980515741452], [3.2512433214155214, 42.29805183998729], [3.251122697507502, 42.298052104189885], [3.250925189940656, 42.29811919716091], [3.2508797109531993, 42.29813604659379], [3.25087973735481, 42.29814269785972], [3.250880094846064, 42.29823275897439], [3.250758780646957, 42.298233024304835], [3.2507585739481377, 42.298180926437226], [3.2506506977878304, 42.29822089329279], [3.250259836428744, 42.29838895680279], [3.2500786399923873, 42.29847845364298], [3.2498042082600533, 42.29862821124295], [3.2496565079092528, 42.29872584463477], [3.249382554903456, 42.29876182929309], [3.2492350606428397, 42.2987888281696], [3.2489082014561323, 42.298860870864154], [3.2487382074674875, 42.298904869091714], [3.248507545072083, 42.29897117748903], [3.248315051238926, 42.29903217510077], [3.248265748783841, 42.29904900548917], [3.248335681145619, 42.29904885408893], [3.248456996933084, 42.299048591317685], [3.248457350983301, 42.2991386524347], [3.2484577050351375, 42.299228713550306], [3.2483363889019317, 42.2992289763232], [3.248215072767106, 42.29922923896777], [3.248215426474821, 42.2993193000836], [3.2483367427825183, 42.29931903743821], [3.248337096664724, 42.299409098551806], [3.2484584131436742, 42.299408835777264], [3.2484587672003733, 42.29949889688859], [3.2484591212586937, 42.29958895799851], [3.2485804380817704, 42.29958869509399], [3.248580792314586, 42.29967875620165], [3.248459475318634, 42.29967901910701], [3.2484598293801956, 42.29976908021408], [3.2484601834433775, 42.29985914131973], [3.248338866100053, 42.29985940409839], [3.2482175487551084, 42.29985966674874], [3.248096231408544, 42.299859929270724], [3.247974914060362, 42.29986019166437], [3.247974560688686, 42.29977013055542], [3.2479742073186277, 42.29968006944505], [3.247973853950187, 42.299590008333276], [3.2479735005833636, 42.299499947220056], [3.247973147218157, 42.299409886105416], [3.247851830732732, 42.299410148366626], [3.247852183925065, 42.299500209482076], [3.2477308672651497, 42.29950047161577], [3.247609550603619, 42.299500733621116], [3.2476099034518198, 42.2995907947368], [3.247488586615799, 42.29959105661464], [3.2474882339404725, 42.299500995498136], [3.2474878812667605, 42.29941093438022], [3.247609197757033, 42.29941067250402], [3.2476088449120626, 42.2993206113855], [3.24760878646703, 42.29930569364652], [3.247590085698938, 42.299314117154424], [3.2473533552299165, 42.29943035866905], [3.2472455663704776, 42.2994927668225], [3.2472456006093378, 42.29950151886716], [3.2472303935771465, 42.29950155164516], [3.247129545656312, 42.29955994109794], [3.247124523674329, 42.29956309005465], [3.247124636098055, 42.29959184147814], [3.247245952938916, 42.29959157998531], [3.2472463052701075, 42.29968164110202], [3.2471249882563713, 42.29968190259567], [3.247003671241023, 42.29968216396099], [3.247004023228075, 42.299772225077916], [3.24688270603824, 42.29977248631571], [3.2468176914417577, 42.299772626245804], [3.2467710875999978, 42.29980519586115], [3.2467615478501664, 42.299813470615874], [3.246761740489705, 42.299862808542315], [3.246704525537227, 42.29986293162502], [3.2465163451289314, 42.300026158832324], [3.246295070799354, 42.30026616835825], [3.2462615695222174, 42.300307067463166], [3.246256375994202, 42.300314204192794], [3.2462782257974427, 42.30031415728083], [3.2462785767584856, 42.30040421839274], [3.246278927721135, 42.30049427950321], [3.2462792786853907, 42.30058434061226], [3.2461579599299863, 42.30058460108738], [3.246158310722965, 42.300674662195824], [3.246279629651253, 42.30067440171989], [3.246279980618722, 42.30076446282611], [3.2461586615175495, 42.300764723302855], [3.246037342414771, 42.300764983651256], [3.245964625495834, 42.30076513962341], [3.24594280293204, 42.30080418970223], [3.245836205077742, 42.3010682306184], [3.2457981548068475, 42.30121580584621], [3.2459177755785262, 42.3012155493933]], [[3.2522310847724314, 42.30237264118532], [3.252230725304011, 42.30228258014524], [3.252352047263037, 42.302282313237164], [3.2523524069043557, 42.30237237427641], [3.2522310847724314, 42.30237264118532]], [[3.2582960850014935, 42.30208895551435], [3.25829571689322, 42.30199889451236], [3.2584170382502733, 42.301998621189426], [3.258417406531442, 42.30208868219056], [3.2585387280597047, 42.30208840873841], [3.258539096515456, 42.302178469737285], [3.2585394649728934, 42.30226853073472], [3.2584181430988375, 42.302268804188586], [3.2584177748142973, 42.30217874319028], [3.258296453111452, 42.302179016514934], [3.2582960850014935, 42.30208895551435]], [[3.2570890983144647, 42.30362271865493], [3.257089464723972, 42.30371277963987], [3.256968140063274, 42.3037130515672], [3.2569677738266765, 42.3036229905814], [3.2570890983144647, 42.30362271865493]], [[3.254903077530582, 42.303087227661834], [3.2550244010093192, 42.303086957922474], [3.255145724486393, 42.303086688054755], [3.255146088119352, 42.30317674906184], [3.2550247644693737, 42.3031770189304], [3.2549034408177313, 42.30317728867061], [3.254903077530582, 42.303087227661834]], [[3.255145360855097, 42.30299662704625], [3.2550240375509283, 42.30299689691313], [3.2550236740942013, 42.30290683590235], [3.2551449972254667, 42.30290656603633], [3.255266320355067, 42.302906296041954], [3.2552666841576015, 42.30299635705103], [3.255145360855097, 42.30299662704625]], [[3.2579343259743974, 42.30263014071319], [3.2579339583747147, 42.30254007971715], [3.257933590776714, 42.3024500187197], [3.258054913003306, 42.30244974577753], [3.2580552807742063, 42.30253980677412], [3.258055648546789, 42.3026298677693], [3.2579343259743974, 42.30263014071319]], [[3.2610916891294024, 42.30334349019627], [3.2609703652161066, 42.30334376635584], [3.260969993280298, 42.303253705392706], [3.2610913170206866, 42.30325342923401], [3.2610916891294024, 42.30334349019627]], [[3.259994586267072, 42.302085117301594], [3.2598732647591016, 42.302085392293904], [3.2598728944031863, 42.30199533130308], [3.2599942157382618, 42.30199505631164], [3.259994586267072, 42.302085117301594]], [[3.2614433650543, 42.30037064852761], [3.2614437376271557, 42.30046070953278], [3.2613224192515853, 42.30046098604965], [3.261201100874311, 42.300461262438176], [3.2610797824953326, 42.30046153869837], [3.2610794104411207, 42.30037147769059], [3.261200728647218, 42.30037120143127], [3.261200356421828, 42.300281140422925], [3.2613216744533413, 42.30028086403614], [3.26144299248315, 42.30028058752101], [3.2614433650543, 42.30037064852761]], [[3.2620451015133103, 42.29919847088225], [3.2620447280999807, 42.29910840986152], [3.26204435468836, 42.29901834883936], [3.2621656702876836, 42.29901807156636], [3.262166043872173, 42.29910813258765], [3.262166417458373, 42.29919819360752], [3.2620451015133103, 42.29919847088225]], [[3.2623944672659793, 42.295685257912055], [3.2622731580656796, 42.295685535409504], [3.262272784373327, 42.29559547433504], [3.262394093400788, 42.29559519683845], [3.2623944672659793, 42.295685257912055]], [[3.2537970599296604, 42.29957726879266], [3.253675743177022, 42.29957753721566], [3.2535544264227294, 42.29957780551033], [3.253554065103704, 42.299487744435396], [3.2536753816851225, 42.29948747614157], [3.2537966982648867, 42.2994872077194], [3.2537970599296604, 42.29957726879266]], [[3.2519715635172806, 42.29814030411835], [3.2519719225642927, 42.29823036522552], [3.2518506083799417, 42.29823063171093], [3.2518502495057917, 42.29814057060293], [3.2519715635172806, 42.29814030411835]], [[3.248579021166723, 42.29922845064908], [3.2485793753930525, 42.29931851176244], [3.2484580590885956, 42.29931877466449], [3.2484577050351375, 42.299228713550306], [3.248579021166723, 42.29922845064908]], [[3.250887245014797, 42.30003398096933], [3.251008562669675, 42.300033715493896], [3.251008920368174, 42.300123776577884], [3.250887602540417, 42.300124042054144], [3.250887245014797, 42.30003398096933]], [[3.2473711474116405, 42.30058199056083], [3.2474924661509434, 42.3005817288023], [3.247613784888632, 42.30058146691542], [3.2476134320226637, 42.300491405815386], [3.2476130791583113, 42.30040134471392], [3.247612726295573, 42.30031128361104], [3.2477340445130007, 42.30031102159829], [3.2477343975486197, 42.300401082700354], [3.247855715937312, 42.300400820558444], [3.2479770343243874, 42.30040055828819], [3.2479773877073868, 42.30049061938719], [3.2479777410920034, 42.30058068048476], [3.247856422359163, 42.300580942756646], [3.2477351036247053, 42.30058120490021], [3.247735456665173, 42.300671265998005], [3.2476141377562158, 42.300671528014036], [3.2476144906254145, 42.30076158911124], [3.2474931715419575, 42.300761850999756], [3.247492818845643, 42.30067178990173], [3.247371499933456, 42.30067205166108], [3.2473711474116405, 42.30058199056083]], [[3.2465233214475475, 42.30094406369245], [3.2466446408896696, 42.30094380282903], [3.246765960330183, 42.30094354183727], [3.2468872797690866, 42.30094328071717], [3.2470085992063793, 42.30094301946872], [3.2470089512159896, 42.30103308056576], [3.247130270824558, 42.301032819188144], [3.247130623008667, 42.30112288028293], [3.2470093032272107, 42.301123141661364], [3.2468879834441435, 42.30112340291144], [3.2467666636594656, 42.30112366403319], [3.2466453438731775, 42.30112392502659], [3.2465240240852813, 42.30112418589163], [3.246402704295776, 42.30112444662834], [3.2464023531489934, 42.30103438552864], [3.24652367276561, 42.30103412479276], [3.2465233214475475, 42.30094406369245]], [[3.247369032314631, 42.300041623929424], [3.2474903500166485, 42.30004136217581], [3.2474907027016617, 42.30013142328379], [3.2474910553882887, 42.30022148439033], [3.2473697373405126, 42.30022174614557], [3.247370089855874, 42.300311807251525], [3.2472487716336036, 42.30031206887924], [3.24712745340972, 42.30031233037864], [3.24712710124012, 42.30022226927105], [3.247005783187505, 42.30022253064128], [3.2470054311923966, 42.30013246953146], [3.2468841133110504, 42.300132730772525], [3.246883761490432, 42.300042669660456], [3.2468834096714243, 42.29995260854696], [3.2470047272070133, 42.29995234730753], [3.247126044740991, 42.29995208593976], [3.2471263969057556, 42.30004214705161], [3.2472477146109995, 42.300041885554684], [3.247369032314631, 42.300041623929424]], [[3.2497907585893704, 42.29886557014375], [3.249669443165514, 42.298865834325], [3.2495481277400295, 42.29886609837794], [3.249547772138865, 42.29877603726408], [3.2496690873914824, 42.298775773211986], [3.2497904026424704, 42.29877550903154], [3.2497907585893704, 42.29886557014375]], [[3.2499167037169205, 42.30003610015257], [3.249916347575961, 42.29994603905967], [3.2500376650710314, 42.29994577461179], [3.2500380213848694, 42.30003583570384], [3.2499167037169205, 42.30003610015257]], [[3.2507594952886474, 42.29841314653158], [3.250759852611946, 42.29850320764284], [3.2506385378926126, 42.29850347284744], [3.2506381807421785, 42.29841341173535], [3.2507594952886474, 42.29841314653158]], [[3.2504098251065745, 42.30201638519833], [3.2504094682381655, 42.30192632414005], [3.250530789530205, 42.30192605916052], [3.2505304324905353, 42.30183599810165], [3.2506517536080457, 42.301835732994604], [3.2506513963971164, 42.30174567193514], [3.250772717340098, 42.30174540670058], [3.250773074723921, 42.30183546775922], [3.25077343210938, 42.30192552881642], [3.2507737894964746, 42.302015589872205], [3.2507741468852056, 42.30210565092657], [3.2506528252506444, 42.30210591616446], [3.250653182468114, 42.30219597721823], [3.250531860659021, 42.302196242328606], [3.250531503614448, 42.30210618127399], [3.250410181976617, 42.30210644625517], [3.2502888603371525, 42.30210671110802], [3.250167538696055, 42.302106975832515], [3.2501671821718054, 42.30201691477399], [3.2502885036400064, 42.30201665005034], [3.2504098251065745, 42.30201638519833]], [[3.250772359957911, 42.30165534564052], [3.2508936807263633, 42.30165508027845], [3.2508940382814435, 42.30174514133768], [3.250772717340098, 42.30174540670058], [3.250772359957911, 42.30165534564052]], [[3.2595100399045562, 42.302266338483314], [3.2593887180440158, 42.30226661296395], [3.2593883483762984, 42.302176551972536], [3.2595096700639417, 42.30217627749276], [3.2595100399045562, 42.302266338483314]], [[3.259144597040309, 42.3019069175591], [3.2590232758662774, 42.30190719165125], [3.25902290672401, 42.30181713065157], [3.2590225375834327, 42.301727069650454], [3.2590221684445457, 42.30163700864793], [3.259143489099897, 42.301636734558336], [3.2592648097535584, 42.30163646034041], [3.2592644402705777, 42.30154639933817], [3.2591431197898078, 42.301546673555244], [3.2591427504814092, 42.301456612550716], [3.2590214301718397, 42.301456886638576], [3.259021061038021, 42.301366825631774], [3.259142381174701, 42.301366551544774], [3.2592637013096897, 42.301366277329436], [3.259264070789288, 42.30145633833451], [3.2593853910954755, 42.30145606398996], [3.259385021442988, 42.301366002985745], [3.2595063415745935, 42.3013657285137], [3.259627661704506, 42.301365453913334], [3.259628031702774, 42.30145551491582], [3.2595067113999714, 42.301455789517064], [3.2595070812270426, 42.301545850519005], [3.259628401702736, 42.301545575916904], [3.2596287717043912, 42.30163563691655], [3.2596291417077405, 42.30172569791479], [3.2595078208862636, 42.301725972518604], [3.259508190718413, 42.30181603351629], [3.25938686972235, 42.30181630799263], [3.2593872393832988, 42.301906368989734], [3.2593876090459397, 42.30199642998542], [3.2592662877023955, 42.30199670433514], [3.25914496635716, 42.30199697855651], [3.259144597040309, 42.3019069175591]], [[3.259262962355567, 42.301186155314994], [3.2591416425663557, 42.301186429528634], [3.259020322775454, 42.30118670361391], [3.258899002982862, 42.30118697757084], [3.2588986340270005, 42.301096916558926], [3.2590199536467046, 42.30109664260284], [3.2591412732647194, 42.301096368518415], [3.259140903964773, 42.301006307506796], [3.25926222340821, 42.30100603329488], [3.259261853937068, 42.300915972282695], [3.2591405346665168, 42.300916246493735], [3.259019215394275, 42.300916520576436], [3.2588978961203443, 42.3009167945308], [3.2588975271695495, 42.30082673351462], [3.2588971582204436, 42.30073667249699], [3.259018477148605, 42.300736398544345], [3.2591397960750768, 42.30073612446337], [3.2591394267818927, 42.30064606344604], [3.259139057490399, 42.30055600242731], [3.2592603760694137, 42.30055572821969], [3.2593816946467378, 42.300555453883746], [3.25938132501117, 42.30046539286532], [3.25950264341392, 42.30046511840189], [3.2596239618149765, 42.30046484381012], [3.2596243317963083, 42.30055490482683], [3.2596247017793334, 42.30064496584213], [3.2597460205244615, 42.3006446911203], [3.2597456503685533, 42.300554630105864], [3.2598669689391047, 42.30055435525656], [3.2598673392678954, 42.30064441627013], [3.2598677095983812, 42.30073447728228], [3.2598680799305626, 42.30082453829303], [3.259989399018069, 42.30082426331278], [3.2599890285130035, 42.30073420230291], [3.2601103474259294, 42.30073392719519], [3.260231666337159, 42.300733651959135], [3.2602320371879934, 42.30082371296728], [3.2601107181038795, 42.30082398820421], [3.260111088783526, 42.30091404921178], [3.2602324080405247, 42.30091377397399], [3.2603537272958265, 42.30091349860786], [3.260475046549429, 42.30091322311339], [3.26047541774943, 42.30100328411697], [3.26059673717422, 42.30100300849329], [3.260597108548807, 42.30109306949456], [3.260475788951131, 42.30109334511912], [3.2603544693517557, 42.30109362061531], [3.2602331497506816, 42.30109389598316], [3.26011183014791, 42.30109417122268], [3.259990510543442, 42.30109444633384], [3.2598691909372777, 42.30109472131667], [3.259747871329418, 42.301094996171145], [3.2597482414954926, 42.30118505717705], [3.259626921713051, 42.30118533190405], [3.2596272917079316, 42.3012753929094], [3.259505971750908, 42.30127566750892], [3.2593846517921916, 42.3012759419801], [3.2593842821430874, 42.30118588097303], [3.259262962355567, 42.301186155314994]], [[3.259859192426072, 42.29866307364298], [3.2598588221345732, 42.29857301259812], [3.2597375073672437, 42.29857328742846], [3.2597371372503043, 42.298483226381315], [3.2598584518447695, 42.29848295155183], [3.259979766437539, 42.29848267659403], [3.259979395976567, 42.298392615547165], [3.2601007103947772, 42.298392340461895], [3.2601003397626376, 42.298302279414486], [3.260099969132195, 42.29821221836566], [3.2600995985034475, 42.298122157315426], [3.2600992278763976, 42.298032096263746], [3.260220541601464, 42.29803182105359], [3.2603418553248336, 42.298031545715105], [3.26034148435376, 42.29794148466374], [3.260341113384385, 42.29785142361096], [3.2604624267603377, 42.29785114814586], [3.2604620556198025, 42.29776108709251], [3.2604616844809655, 42.29767102603775], [3.2605829975095038, 42.297670750446066], [3.260704310536342, 42.29767047472604], [3.2608256235614803, 42.29767019887769], [3.2608252519057728, 42.297580137824106], [3.2607039390534913, 42.29758041367159], [3.2605826261995094, 42.29758068939074], [3.260461313343828, 42.29758096498157], [3.2604609422083897, 42.29749090392394], [3.260460571074649, 42.29740084286492], [3.26033925856298, 42.29740111832569], [3.260217946049613, 42.29740139365813], [3.2600966335345483, 42.29740166886224], [3.259975321017787, 42.297401943938034], [3.259975691460107, 42.29749200500053], [3.259976061904122, 42.297582066061594], [3.259976432349833, 42.29767212712123], [3.25997680279724, 42.297762188179455], [3.259855489587358, 42.29776246313036], [3.259734176375781, 42.29776273795295], [3.2597338062740895, 42.29767267689301], [3.2596124932336763, 42.297672951586414], [3.2596128631625105, 42.29776301264721], [3.2596132330930376, 42.29785307370659], [3.2594919197052152, 42.297853348273385], [3.2594915499475463, 42.29776328721314], [3.2594911801915694, 42.29767322615147], [3.259490810437285, 42.29758316508838], [3.2594904406846936, 42.297493104023864], [3.2596117533810873, 42.29749282946051], [3.259611383457333, 42.29740276839545], [3.259611013535272, 42.297312707328956], [3.259610643614904, 42.297222646261034], [3.2596102736962296, 42.2971325851917], [3.2597315856995146, 42.29713231050347], [3.259731215609681, 42.29704224943357], [3.2598525274384205, 42.297041974617876], [3.2599738392654647, 42.29704169967387], [3.2600951510908134, 42.297041424601524], [3.2602164629144657, 42.29704114940087], [3.260216092134922, 42.29695108833299], [3.260337403784026, 42.29695081300486], [3.2604587154314317, 42.29695053754841], [3.2604583443078847, 42.29686047648085], [3.260579655780741, 42.296860200896944], [3.260700967251899, 42.296859925184705], [3.2607013387211468, 42.29694998625054], [3.260580027077139, 42.296950261963644], [3.260580398375236, 42.297040323028924], [3.260459086556678, 42.29704059861456], [3.2604594576836226, 42.29713065967928], [3.260459828812266, 42.29722072074258], [3.260460199942608, 42.29731078180446], [3.2605815122797246, 42.297310506216235], [3.260581140976529, 42.29722044515521], [3.260702453139092, 42.29722016943953], [3.260702824615141, 42.29731023049967], [3.2607031960928907, 42.29740029155839], [3.260824508599461, 42.29740001571265], [3.2609458211043307, 42.29739973973857], [3.2610671336074977, 42.29739946363617], [3.2610667616111857, 42.29730940258004], [3.261188073939796, 42.29730912635018], [3.2613093862667024, 42.29730884999199], [3.261430698591905, 42.29730857350548], [3.2615520109154024, 42.297308296890634], [3.2615516382293785, 42.297218235836546], [3.2615512655450614, 42.297128174781044], [3.2614299535672706, 42.29712845139416], [3.261308641587774, 42.297128727878935], [3.261308269250866, 42.29703866682027], [3.261307896915663, 42.29694860576018], [3.2614292085494565, 42.296948329277136], [3.2615505201815447, 42.29694805266576], [3.2615501475023456, 42.29685799160599], [3.2616714589598774, 42.296857714867166], [3.261792770415703, 42.29685743800002], [3.2617923973925107, 42.29676737694056], [3.261792024371026, 42.29667731587968], [3.261913335479446, 42.296677038885946], [3.262034646586158, 42.29667676176388], [3.2620350199533403, 42.296766822823024], [3.2620353933222312, 42.29685688388074], [3.262156704772932, 42.296856606628616], [3.2622780162219227, 42.296856329248165], [3.2622783899382233, 42.29694639030272], [3.2623997015583543, 42.29694611279308], [3.262521013176773, 42.29694583515511], [3.2626423247934797, 42.296945557388824], [3.2627636364084736, 42.2969452794942], [3.2627640108178886, 42.29703534054387], [3.262764385229018, 42.2971254015921], [3.2627647596418603, 42.297215462638896], [3.262765134056417, 42.29730552368428], [3.262765508472687, 42.297395584728235], [3.26288682095023, 42.29739530670094], [3.2630081334260574, 42.29739502854532], [3.2630085081897517, 42.297485089586104], [3.2631298208367188, 42.29748481130129], [3.263130195774984, 42.29757487233979], [3.263130570714965, 42.297664933376865], [3.263009257722286, 42.29766521166344], [3.2630096324911264, 42.29775527269996], [3.2630100072616823, 42.297845333735076], [3.262888693921572, 42.29784561189506], [3.2627673805797475, 42.29784588992673], [3.2627670061549074, 42.29775582888987], [3.262766631731782, 42.2976657678516], [3.26276625731037, 42.297575706811905], [3.2627658828906716, 42.29748564577078], [3.2626445702385602, 42.29748592367062], [3.262523257584736, 42.29748620144215], [3.2625228835124616, 42.29739614039787], [3.26240157102978, 42.29739641804019], [3.2622802585453865, 42.29739669555418], [3.2622806322719518, 42.2974867566002], [3.262159319612993, 42.29748703398675], [3.2621596931684125, 42.29757709503222], [3.262281006000227, 42.29757681764482], [3.2622813797302133, 42.29766687868799], [3.2624026927331733, 42.297666601171386], [3.2624030666377273, 42.29775666221227], [3.26228175346191, 42.297756939729744], [3.2622821271953177, 42.29784700077008], [3.2622825009304357, 42.297937061808994], [3.2622828746672647, 42.29802712284649], [3.26216156097116, 42.29802740023824], [3.262040247273345, 42.29802767750168], [3.262040620666164, 42.29811773853949], [3.2619193067937795, 42.298118015675456], [3.261797992919687, 42.29811829268309], [3.2617983659684926, 42.298208353721215], [3.2616770519198304, 42.298208630601394], [3.2616774247974814, 42.298298691638955], [3.2615561105742508, 42.298298968391684], [3.261434796349314, 42.298299245016075], [3.2614351688829464, 42.29838930605395], [3.2613138544834412, 42.298389582550875], [3.261313482122672, 42.298299521512114], [3.2613131097636074, 42.29820946047195], [3.2611917957081227, 42.29820973683881], [3.261070481650935, 42.29821001307733], [3.260949167592044, 42.29821028918753], [3.260827853531451, 42.29821056516939], [3.2608282251990675, 42.298300626213035], [3.260828596868385, 42.29839068725525], [3.2609499112747034, 42.298390411271654], [3.261071225679319, 42.298390135159714], [3.2610715976960654, 42.29848019619879], [3.261192912271842, 42.29847991995767], [3.2611932844631557, 42.298569980994436], [3.2610719697145143, 42.29857025723643], [3.2609506549641702, 42.29857053335009], [3.2609502831185857, 42.29848047231159], [3.2608289685394043, 42.29848074829605], [3.2607076539585207, 42.29848102415219], [3.260708025458377, 42.298571085192414], [3.2605867107029285, 42.298571360921095], [3.2604653959457806, 42.29857163652142], [3.260344081186934, 42.29857191199342], [3.260222766426389, 42.29857218733709], [3.260223137236484, 42.29866224837936], [3.2601018223013765, 42.29866252359557], [3.2601021929403022, 42.29875258463729], [3.259980877830632, 42.29875285972602], [3.2598595627192655, 42.29875313468641], [3.259859192426072, 42.29866307364298]], [[3.2598488249047834, 42.29614136384928], [3.259848454660741, 42.296051302764596], [3.2599697645864665, 42.29605102783007], [3.259969394171276, 42.29596096674483], [3.2600907039224634, 42.29596069168286], [3.260091074510496, 42.29605075276723], [3.260091445100225, 42.29614081385019], [3.2602127551954014, 42.29614053865816], [3.260213125959671, 42.29623059973883], [3.2600918156916503, 42.29623087493172], [3.2599705054219332, 42.296231149996295], [3.259970135003352, 42.296141088913906], [3.2598488249047834, 42.29614136384928]], [[3.260090333336127, 42.295870630597044], [3.2602116429127763, 42.29587035540761], [3.2602120136719543, 42.29596041649254], [3.2600907039224634, 42.29596069168286], [3.260090333336127, 42.295870630597044]], [[3.2603344362259943, 42.29623032441761], [3.26045574649062, 42.29623004896808], [3.2604553753806624, 42.29613998788913], [3.260576685470746, 42.29613971231215], [3.260697995559129, 42.29613943660682], [3.2606983670147742, 42.296229497684024], [3.260577056753547, 42.29622977339021], [3.2605774280380473, 42.296319834466864], [3.2604561176022755, 42.29632011004559], [3.2603348071648055, 42.296320385495996], [3.2603351781053145, 42.296410446572956], [3.2602138674933006, 42.2964107218959], [3.260213496725637, 42.29632066081807], [3.260213125959671, 42.29623059973883], [3.2603344362259943, 42.29623032441761]], [[3.2552550433024687, 42.300114404055165], [3.2552554070533812, 42.30020446510834], [3.2553767249945738, 42.30020419501102], [3.255377088920031, 42.30029425606192], [3.255255770805959, 42.30029452616007], [3.255134452690222, 42.30029479612988], [3.2551340891105243, 42.30020473507731], [3.255133725532491, 42.300114674023305], [3.2552550433024687, 42.300114404055165]], [[3.2528286875875994, 42.30011977903328], [3.252828327295921, 42.300029717961834], [3.252827967005892, 42.299939656888974], [3.2529492844615997, 42.299939389360965], [3.2529496449245063, 42.30002945043299], [3.253070962551442, 42.30002918277581], [3.253192280176726, 42.30002891499028], [3.25319264098704, 42.30011897605921], [3.253071323188877, 42.30011924384557], [3.2530716838279634, 42.30020930491391], [3.2529503658552703, 42.300209572572776], [3.2528290478809265, 42.30020984010329], [3.2528286875875994, 42.30011977903328]], [[3.2555140648377514, 42.30416660964211], [3.2555144290094313, 42.30425667062957], [3.255393103289524, 42.30425694089337], [3.2553927392907585, 42.304166879905054], [3.2555140648377514, 42.30416660964211]], [[3.2564627389157303, 42.298760781474556], [3.25634142375553, 42.2987610527133], [3.2562201085936584, 42.29876132382372], [3.2562197434864535, 42.298671262754596], [3.2562193783809206, 42.29858120168405], [3.2562190132770588, 42.29849114061208], [3.2562186481748676, 42.29840107953868], [3.2563399626452787, 42.298400808431666], [3.256339597371896, 42.2983107473577], [3.2562182830743485, 42.29831101846387], [3.2562179179755004, 42.29822095738763], [3.2563392321001854, 42.298220686282306], [3.256460546223199, 42.29822041504867], [3.2564601807802984, 42.29813035397271], [3.2565814947287777, 42.298130082611586], [3.256702808675583, 42.29812981112213], [3.256824122620714, 42.298129539504345], [3.2569454365641697, 42.29812926775823], [3.2569458026985165, 42.29821932883078], [3.25694616883454, 42.2983093899019], [3.256946534972239, 42.29839945097161], [3.257067849432606, 42.2983991790946], [3.257068215744845, 42.298489240162034], [3.2570685820587606, 42.29857930122805], [3.2570689483743536, 42.298669362292635], [3.257069314691623, 42.29875942335581], [3.2569479995397947, 42.298759695236214], [3.2569483656858735, 42.298849756298814], [3.2568270503595027, 42.29885002805175], [3.2568274163343895, 42.298940089113785], [3.2567061008334752, 42.29894036073923], [3.256706466637169, 42.299030421800694], [3.2567068324425366, 42.299120482860715], [3.2565855165942095, 42.29912075435955], [3.2564642007442086, 42.299121025730024], [3.25646383528458, 42.2990309646683], [3.256463469826624, 42.298940903605136], [3.256463104370341, 42.29885084254055], [3.2564627389157303, 42.298760781474556]], [[3.2571953943662035, 42.2999299450277], [3.2571950278542583, 42.29983988398388], [3.2571946613439904, 42.29974982293862], [3.257194294835401, 42.29965976189197], [3.2571939283284888, 42.29956970084387], [3.257193561823254, 42.299479639794356], [3.2573148783546872, 42.29947936765045], [3.257436194884442, 42.2994790953782], [3.2575575114125175, 42.299478822977626], [3.257557878436372, 42.29956888402457], [3.257679195135641, 42.299568611494806], [3.25767956233405, 42.29965867253947], [3.257800879204512, 42.29965839988051], [3.2578012465774773, 42.2997484609229], [3.257801613952124, 42.29983852196388], [3.2578019813284524, 42.299928583003435], [3.2576806639393627, 42.299928855664966], [3.257559346548592, 42.29992912819815], [3.2575597135808474, 42.300019189237986], [3.2574383960155195, 42.30001946164371], [3.257317078448512, 42.300019733921076], [3.2571957608798265, 42.300020006070106], [3.2571961273951273, 42.300110067111085], [3.2570748096518853, 42.30011033913264], [3.2570744433094627, 42.3000202780908], [3.2570740769687174, 42.299930217047546], [3.2571953943662035, 42.2999299450277]], [[3.2570722452901437, 42.29947991180994], [3.2570718789594597, 42.299389850758146], [3.2571931953196973, 42.29938957874342], [3.257193561823254, 42.299479639794356], [3.2570722452901437, 42.29947991180994]], [[3.2566008746705855, 42.302903317632605], [3.2567221977801495, 42.30290304609801], [3.2567225636575277, 42.3029931070969], [3.2566012403750597, 42.302993378632344], [3.2566008746705855, 42.302903317632605]], [[3.257455273362378, 42.30416226797839], [3.2574556403006927, 42.30425232895224], [3.257334314607553, 42.30425260126976], [3.257333947842153, 42.304162540295046], [3.257455273362378, 42.30416226797839]], [[3.257454906425742, 42.3040722070031], [3.2574545394907872, 42.30398214602641], [3.257454172557511, 42.30389208504828], [3.257453805625915, 42.30380202406873], [3.2575751304528096, 42.303801751627134], [3.257575497557317, 42.30389181260583], [3.257575864663505, 42.30398187358309], [3.257697189834543, 42.30398160101144], [3.2576975571153244, 42.30407166198642], [3.2576979243977875, 42.304161722959996], [3.257576598880923, 42.30416199553337], [3.257455273362378, 42.30416226797839], [3.257454906425742, 42.3040722070031]], [[3.2579100680043616, 42.296686111924544], [3.2579104354946864, 42.296776173013015], [3.257789124157489, 42.29677644577294], [3.2576678128186103, 42.29677671840454], [3.257667445673983, 42.29668665731435], [3.257788756840013, 42.29668638468361], [3.2579100680043616, 42.296686111924544]], [[3.257545400567757, 42.296506807630436], [3.257666711389772, 42.29650653512972], [3.2576670785310373, 42.29659659622275], [3.257545767536175, 42.296596868724315], [3.257545400567757, 42.296506807630436]], [[3.258428087418722, 42.304700450604976], [3.2584284557504706, 42.30479051156345], [3.2583071290332866, 42.30479078491296], [3.258306760874458, 42.30470072395364], [3.258428087418722, 42.304700450604976]], [[3.258183962401715, 42.304340753318954], [3.2581843303808866, 42.30443081428484], [3.258063004352006, 42.304431087374205], [3.25806263654575, 42.30434102640747], [3.258183962401715, 42.304340753318954]], [[3.2588824016409883, 42.29713423062622], [3.2590037136544208, 42.297133956707945], [3.259004082708832, 42.29722401778158], [3.259125394893428, 42.29722374373412], [3.259125764122382, 42.29731380480549], [3.2591261333530253, 42.297403865875424], [3.259126502585359, 42.297493926943936], [3.2590051898822, 42.29749420099397], [3.2590055589433677, 42.297584262061925], [3.259005928006225, 42.297674323128454], [3.258884614955664, 42.29767459705188], [3.258884246065663, 42.2975845359845], [3.258883877177351, 42.29749447491568], [3.2588835082907277, 42.29740441384545], [3.2588831394057927, 42.29731435277379], [3.258882770522546, 42.297224291700715], [3.2588824016409883, 42.29713423062622]], [[3.2594852643261176, 42.29623224897138], [3.2593639540479304, 42.296232523394345], [3.259242643768052, 42.29623279768898], [3.2591213334864833, 42.2962330718553], [3.2591209642778103, 42.296143010766876], [3.2592422743865357, 42.296142736601425], [3.25936358449357, 42.296142462307635], [3.2594848945989128, 42.296142187885536], [3.2594852643261176, 42.29623224897138]], [[3.2619249052981685, 42.29946893108497], [3.2619252785454624, 42.299558992100884], [3.261803961905494, 42.29955926912243], [3.2618035888310737, 42.299469208105634], [3.2618032157583605, 42.29937914708743], [3.2619245320525834, 42.29937887006762], [3.2619249052981685, 42.29946893108497]], [[3.2608375174424182, 42.30055215184182], [3.2608378891542715, 42.30064221284847], [3.260838260867826, 42.30073227385372], [3.2607169419650925, 42.300732549731485], [3.260717313507464, 42.30082261073617], [3.2605959944301457, 42.30082288648646], [3.260595623060658, 42.30073282548091], [3.260595251692871, 42.30064276447394], [3.2605948803267837, 42.30055270346555], [3.260716198885451, 42.30055242771785], [3.2608375174424182, 42.30055215184182]], [[3.26011739059714, 42.302445086123086], [3.2601177613073307, 42.30253514710507], [3.2599964389365668, 42.302535422230044], [3.2599960683992757, 42.3024453612472], [3.26011739059714, 42.302445086123086]], [[3.2599968094755543, 42.302625483211486], [3.2598754869301945, 42.30262575820897], [3.259875857297977, 42.302715819189835], [3.2597545345780206, 42.30271609405983], [3.259754164383139, 42.302626033078106], [3.259753794189952, 42.30253597209495], [3.259875116564107, 42.30253569722667], [3.2599964389365668, 42.302535422230044], [3.2599968094755543, 42.302625483211486]], [[3.260831941968803, 42.29920123657121], [3.260953257930923, 42.29920096057982], [3.2610745738913405, 42.29920068446009], [3.2610749459234136, 42.29929074548636], [3.261075317957189, 42.2993808065112], [3.260954001651029, 42.29938108263266], [3.260832685343167, 42.29938135862578], [3.2607113690336025, 42.29938163449057], [3.260710997518442, 42.29929157346312], [3.2607106260049816, 42.299201512434266], [3.26058931003946, 42.299201788168986], [3.26058893870057, 42.299111727137834], [3.260710254493222, 42.29911145140399], [3.2608315702841737, 42.299111175541796], [3.260831941968803, 42.29920123657121]], [[3.2608311986012453, 42.29902111451096], [3.260830826920018, 42.29893105347869], [3.2608304552404928, 42.29884099244501], [3.2608300835626687, 42.2987509314099], [3.260951398660446, 42.298750655422836], [3.2609510268114574, 42.29866059438718], [3.2610723417346663, 42.298660318272645], [3.261072713756522, 42.29875037930744], [3.2610730857800796, 42.29884044034082], [3.2610734578053404, 42.298930501372766], [3.2610738298323043, 42.29902056240331], [3.261074201860971, 42.299110623432405], [3.2609528860734236, 42.299110899551266], [3.2608315702841737, 42.299111175541796], [3.2608311986012453, 42.29902111451096]], [[3.260474304154524, 42.30073310110199], [3.260474675351127, 42.30082316210841], [3.2603533562704095, 42.30082343760201], [3.2603529852466906, 42.30073337659473], [3.260474304154524, 42.30073310110199]], [[3.2609603235468407, 42.30091211985209], [3.2609606954383854, 42.30100218085221], [3.260839376018698, 42.30100245686091], [3.2608390043000393, 42.30091239585993], [3.2609603235468407, 42.30091211985209]], [[3.2610634137209984, 42.296498853010874], [3.2609421029463377, 42.296499129104625], [3.260941731139899, 42.296409068033405], [3.2610630417417132, 42.29640879194053], [3.2610626697641307, 42.29631873086876], [3.2610622977882513, 42.29622866979557], [3.2609409875321274, 42.29622894588671], [3.260940615730794, 42.296138884811235], [3.2610619258140745, 42.29613860872096], [3.2611832358956523, 42.296138332502345], [3.2611828637503346, 42.29604827142717], [3.2613041736573654, 42.29604799508111], [3.2613038013409095, 42.29595793400539], [3.2614251110733936, 42.295957657531886], [3.2614247385858004, 42.2958675964556], [3.261546048143738, 42.29586731985464], [3.2615464208041733, 42.295957380930055], [3.261546793466314, 42.29604744200405], [3.261547166130161, 42.29613750307662], [3.2615475387957136, 42.29622756414778], [3.261547911462972, 42.2963176252175], [3.261548284131936, 42.29640768628581], [3.2615486568026064, 42.29649774735269], [3.2615490294749825, 42.29658780841815], [3.26142771853429, 42.29658808502605], [3.2613064075918925, 42.29658836150562], [3.2611850966477913, 42.29658863785688], [3.2611854688033297, 42.296678698923515], [3.2610641576846766, 42.29667897514731], [3.261063785701986, 42.29658891407981], [3.2610634137209984, 42.296498853010874]], [[3.2615456754850087, 42.295777258777804], [3.2615453028279853, 42.29568719769955], [3.2616666120385367, 42.29568692097201], [3.26166735769997, 42.29586704312536], [3.261546048143738, 42.29586731985464], [3.2615456754850087, 42.295777258777804]], [[3.260578541901747, 42.2965900176883], [3.2605789131930454, 42.29668007875928], [3.2604576020658866, 42.296680354341454], [3.260457230947436, 42.296590293269624], [3.260578541901747, 42.2965900176883]], [[3.2620290462835047, 42.2953258457061], [3.262029419625052, 42.29541590678657], [3.261908110938138, 42.29541618389646], [3.261908484108557, 42.295506244976394], [3.2617871752470964, 42.29550652195883], [3.261786802249515, 42.29541646087804], [3.261786429253641, 42.29532639979583], [3.2619077377694268, 42.29532612281512], [3.2620290462835047, 42.2953258457061]], [[3.261669967568746, 42.296497470617325], [3.261669594725229, 42.29640740955132], [3.2617909053168153, 42.296407132688515], [3.261791278333178, 42.29649719375366], [3.261791651351248, 42.296587254817375], [3.2616703404139686, 42.29658753168193], [3.261669967568746, 42.296497470617325]], [[3.262641950558629, 42.296855496336875], [3.262520639114772, 42.296855774102305], [3.262520265054483, 42.29676571304807], [3.2626415763254903, 42.296765435283525], [3.262641950558629, 42.296855496336875]], [[3.262275773960042, 42.29631596289096], [3.2623970843702383, 42.29631568538741], [3.2623974582491204, 42.296405746449636], [3.262276147666079, 42.29640602395405], [3.262154837081327, 42.29640630133015], [3.2621544635481357, 42.29631624026619], [3.262275773960042, 42.29631596289096]], [[3.2622772687944535, 42.29667620713479], [3.262277642507333, 42.2967662681922], [3.262156331231191, 42.29676654557177], [3.2621559576911605, 42.2966764845135], [3.2622772687944535, 42.29667620713479]], [[3.2627621387879513, 42.29658503528138], [3.2627617643871054, 42.29649497422463], [3.2628830751361426, 42.29649469620605], [3.2628834497098356, 42.29658475726193], [3.2627621387879513, 42.29658503528138]], [[3.262890192329511, 42.29820585602476], [3.2628905669357824, 42.29829591705362], [3.262890941543769, 42.298385978081065], [3.2628913161534694, 42.298476039107086], [3.2627700016016163, 42.29847631714485], [3.262769627164779, 42.298386256117965], [3.2627692527296555, 42.29829619508965], [3.262768878296246, 42.298206134059896], [3.262890192329511, 42.29820585602476]]], [[[3.2478511243529176, 42.29923002613145], [3.2479724404925983, 42.29922976387189], [3.2480937566306616, 42.299229501483985], [3.248215072767106, 42.29922923896777], [3.248214719061011, 42.29913917785051], [3.2482144337173087, 42.29906652292311], [3.2481327390229366, 42.29909441105635], [3.2479799434323073, 42.29915040892168], [3.247851018135075, 42.29920294108935], [3.2478511243529176, 42.29923002613145]]], [[[3.2609673897773055, 42.302623278610966], [3.2609677617011967, 42.30271333958406], [3.261089084404164, 42.302713063430545], [3.2610894565026594, 42.30280312440135], [3.261210779376824, 42.30280284811862], [3.261210407105427, 42.3027127871487], [3.2613317298049864, 42.30271251073849], [3.261332102249285, 42.302802571707545], [3.261332474695289, 42.30289263267519], [3.2614537977389473, 42.3028923561349], [3.2615751207809005, 42.30289207946626], [3.2616964438211467, 42.302891802669265], [3.2618177668596857, 42.30289152574392], [3.261817803312167, 42.30290032392032], [3.261920648098254, 42.302726346773554], [3.2619281679312437, 42.302711149998586], [3.2618170205861667, 42.302711403814165], [3.2618166474519694, 42.302621342847154], [3.2619379699700954, 42.30262106579606], [3.2619710984259505, 42.30262099010915], [3.262010119354854, 42.30253083913984], [3.261937596664706, 42.302531004828495], [3.26181627431948, 42.302531281878714], [3.2618159011886987, 42.302441220908854], [3.2619372233610258, 42.30244094385951], [3.2619368500590538, 42.30235088288908], [3.2620581720567734, 42.30235060571225], [3.262077881648563, 42.30235056066212], [3.262085690149543, 42.3023256496173], [3.262184787448387, 42.302170192651964], [3.2621787467623773, 42.302170206465476], [3.262057425112162, 42.302170483768904], [3.261936103460237, 42.302170760944], [3.261936476758791, 42.30226082191726], [3.2618151549322603, 42.30226109896486], [3.261693833104022, 42.30226137588413], [3.261572511274076, 42.30226165267504], [3.2615721384942127, 42.30217159169918], [3.261450816835457, 42.30217186836089], [3.261329495174996, 42.30217214489423], [3.261329867609066, 42.30226220587183], [3.2612085457740028, 42.3022624822777], [3.261087223937236, 42.30226275855522], [3.261087596027215, 42.30235281953312], [3.260966274015847, 42.302353095683166], [3.2608449520027762, 42.30235337170486], [3.260845323748662, 42.30244343268308], [3.260845695496249, 42.30253349365987], [3.260846067245537, 42.302623554635254], [3.2609673897773055, 42.302623278610966]], [[3.2616953249321354, 42.30262161976989], [3.261695697893432, 42.30271168073777], [3.2615743751989896, 42.30271195753303], [3.261574002410594, 42.302621896564276], [3.2616953249321354, 42.30262161976989]]], [[[3.2615762391665655, 42.30316226235546], [3.261576603675785, 42.30325032075275], [3.2616455497851513, 42.30316210422333], [3.2615762391665655, 42.30316226235546]]]]}, "properties": {"area_ha": 60.557, "dnbr_threshold_core": 0.35, "dnbr_threshold_grow": 0.22, "forest_mask": "esa_worldcover_2021_10_20", "part": 0, "fire_id": "271585", "burn_year": 2025, "source": "sentinel", "aoi_source": "effis", "dnbr_threshold": 0.35, "buffer_m": 1200.0, "post_windows": 3, "post_window_dates": [{"start": "2025-06-21", "end": "2025-07-14"}, {"start": "2025-07-14", "end": "2025-08-13"}, {"start": "2025-08-13", "end": "2025-09-12"}], "pre_window": {"start": "2025-03-31", "end": "2025-06-07"}, "fire_date": "2025-06-14"}}, {"type": "Feature", "geometry": {"type": "MultiPolygon", "coordinates": [[[[3.2536627305110564, 42.296335337652415], [3.2536630919450458, 42.29642539877627], [3.2537844026475735, 42.29642513038274], [3.253784041040738, 42.29633506925972], [3.2539053515687644, 42.2963348007387], [3.2540266620951344, 42.296334532089354], [3.2540263001442638, 42.2962444709666], [3.254147610496132, 42.29624420218978], [3.254268920846343, 42.296243933284636], [3.254269283142904, 42.29633399440571], [3.254269645441124, 42.29642405552536], [3.2542700077410016, 42.29651411664359], [3.254270370042538, 42.29660417776039], [3.2542707323457325, 42.29669423887578], [3.2542710946505857, 42.29678429998974], [3.2541497832632915, 42.29678456889994], [3.2541501453969532, 42.29687463001333], [3.254271456957097, 42.29687436110228], [3.254271819265267, 42.2969644222134], [3.2543931309966037, 42.29696415317318], [3.2545144427262804, 42.29696388400465], [3.2546357544542976, 42.29696361470777], [3.254757066180654, 42.29696334528259], [3.254756703181081, 42.29687328417486], [3.254878014732925, 42.29687301462218], [3.254877651562164, 42.29678295351386], [3.254998962939495, 42.29678268383372], [3.2551202743151637, 42.29678241402526], [3.255241585689168, 42.29678214408846], [3.255241949378479, 42.29687220519423], [3.2552423130694548, 42.29696226629858], [3.255363624787495, 42.29696199623177], [3.25548493650387, 42.29696172603663], [3.255484572467193, 42.29687166493398], [3.2554842084321822, 42.29678160382989], [3.255483844398838, 42.29669154272439], [3.2554834803671597, 42.296601481617465], [3.255483116337148, 42.296511420509106], [3.2554827523088026, 42.29642135939934], [3.2554823882821227, 42.29633129828814], [3.2554820242571103, 42.29624123717553], [3.2556033345890354, 42.29624096685886], [3.255724644919294, 42.296240696413854], [3.255845955247884, 42.29624042584053], [3.2558455907060044, 42.296150364729044], [3.2557242805502584, 42.296150635301515], [3.2556029703928444, 42.29615090574566], [3.2554816602337637, 42.29615117606149], [3.2553603500730164, 42.296151446249006], [3.255359986224179, 42.29606138513269], [3.2552386762346104, 42.29606165519104], [3.255238312560282, 42.295971594072455], [3.255237948887618, 42.295881532952464], [3.2551166392420687, 42.29588180288079], [3.254995329594856, 42.2958820726808], [3.25487401994598, 42.295882342352485], [3.254752710295442, 42.29588261189585], [3.254752347315807, 42.29579255077105], [3.254631037836449, 42.29579282018524], [3.2546314006432424, 42.2958828813109], [3.2545100909893816, 42.295883150597625], [3.25450972835543, 42.295793089471125], [3.2545093657231376, 42.295703028343205], [3.2543880564132994, 42.295703297499934], [3.2542667471018016, 42.29570356652833], [3.254266689405254, 42.295689223629815], [3.254114467720425, 42.29579998601197], [3.25386485081071, 42.29602576667305], [3.2537949492795986, 42.296096464908615], [3.253662374956406, 42.29624674111919], [3.2536627305110564, 42.296335337652415]]], [[[3.2543876939555068, 42.295613236369746], [3.254387645559755, 42.29560121125613], [3.254371068673066, 42.295613273239674], [3.2543876939555068, 42.295613236369746]]]]}, "properties": {"area_ha": 1.377, "dnbr_threshold_core": 0.35, "dnbr_threshold_grow": 0.22, "forest_mask": "esa_worldcover_2021_10_20", "part": 8, "fire_id": "271585", "burn_year": 2025, "source": "sentinel", "aoi_source": "effis", "dnbr_threshold": 0.35, "buffer_m": 1200.0, "post_windows": 3, "post_window_dates": [{"start": "2025-06-21", "end": "2025-07-14"}, {"start": "2025-07-14", "end": "2025-08-13"}, {"start": "2025-08-13", "end": "2025-09-12"}], "pre_window": {"start": "2025-03-31", "end": "2025-06-07"}, "fire_date": "2025-06-14"}}]}
