{"type": "FeatureCollection", "features": [{"type": "Feature", "geometry": {"type": "Polygon", "coordinates": [[[2.9996385059369257, 41.867724522986244], [2.999759003957946, 41.8677245233023], [2.9998795019789686, 41.86772452349193], [2.9999999999999916, 41.86772452355515], [2.9999999999999916, 41.86781459231408], [3.000120498190149, 41.86781459225088], [3.0002409963803065, 41.86781459206124], [3.0003614945704618, 41.86781459174518], [3.000481992760615, 41.867814591302704], [3.0006024909507647, 41.867814590733786], [3.000602490105091, 41.86772452197485], [3.0007229881261024, 41.86772452127952], [3.000843486147109, 41.86772452045778], [3.000843484963171, 41.86763445169742], [3.0009639828150383, 41.867634450749236], [3.0010844806668997, 41.867634449674654], [3.0012049785187536, 41.867634448473645], [3.001204976827421, 41.86754437971187], [3.0013254745101343, 41.86754437838444], [3.0014459721928395, 41.86754437693058], [3.0015664698755344, 41.86754437535031], [3.0015664676768123, 41.867454306587135], [3.0016869651903653, 41.86745430488045], [3.0016869628225216, 41.867364236115854], [3.0016869604546885, 41.86727416734987], [3.001686958086866, 41.86718409858244], [3.0016869557190544, 41.86709402981361], [3.001686953351254, 41.86700396104335], [3.0015664566833515, 41.86700396275002], [3.0014459600154395, 41.867003964330266], [3.0014459579859056, 41.866913895558596], [3.0013254614871117, 41.866913897012424], [3.0012049649883097, 41.86691389833982], [3.0010844684894997, 41.86691389954081], [3.000963971990683, 41.86691390061538], [3.0008434754918603, 41.86691390156352], [3.0007229789930316, 41.86691390238524], [3.000722977978269, 41.86682383361212], [3.0008434743079704, 41.8668238327904], [3.0008434731240863, 41.866733764015876], [3.000843471940208, 41.86664369523992], [3.000843470756334, 41.86655362646255], [3.0007229749340096, 41.86655362728426], [3.000722973919266, 41.86646355850547], [3.0006024782660603, 41.866463559200774], [3.0004819826128513, 41.86646355976965], [3.000481983289347, 41.86655362854844], [3.000361487467011, 41.86655362899089], [3.000361487974385, 41.86664369776829], [3.000361488481762, 41.86673376654424], [3.000240992321173, 41.86673376686028], [3.0002409926594256, 41.86682383563483], [3.0001204963297092, 41.866823835824455], [2.9999999999999916, 41.866823835887665], [2.9999999999999916, 41.866733767113125], [2.9999999999999916, 41.86664369833717], [2.9999999999999916, 41.86655362955979], [2.9999999999999916, 41.866463560780986], [2.9999999999999916, 41.86637349200078], [2.999879504515898, 41.86637349193757], [2.999759009031805, 41.86637349174795], [2.9996385135477137, 41.86637349143191], [2.999638513040344, 41.86646356021211], [2.999518017387132, 41.86646355976965], [2.9995180167106357, 41.86655362854844], [2.999397520888303, 41.86655362797956], [2.9992770250659735, 41.86655362728426], [2.9992770240512248, 41.866643696061644], [2.9992770230364716, 41.8667337648376], [2.999277022021714, 41.86682383361212], [2.9992770210069515, 41.86691390238524], [2.9992770199921845, 41.867003971156954], [2.9992770189774123, 41.86709403992723], [2.999277017962636, 41.8671841086961], [2.9992770169478553, 41.86727417746354], [2.9992770159330693, 41.86736424622958], [2.9991565185885944, 41.867364245407835], [2.999156517404672, 41.86745431417245], [2.9990360198910704, 41.867454313224286], [2.9990360185380105, 41.86754438198747], [2.998915520855283, 41.86754438091289], [2.9989155193330834, 41.867634449674654], [2.9987950214812296, 41.867634448473645], [2.998795019789889, 41.867724517233995], [2.998795018098541, 41.86781458599291], [2.998915516288664, 41.86781458719394], [2.9990360144787944, 41.86781458826854], [2.9991565126689306, 41.867814589216714], [2.999277010859072, 41.86781459003847], [2.9992770118738807, 41.86772452127952], [2.999397509894892, 41.86772452197485], [2.999518007915907, 41.86772452254376], [2.9996385059369257, 41.867724522986244]]]}, "properties": {"area_ha": 2.37, "dnbr_threshold_core": 0.35, "dnbr_threshold_grow": 0.22, "forest_mask": "esa_worldcover_2021_10_20", "part": 0, "fire_id": "550037", "burn_year": 2026, "source": "sentinel", "aoi_source": "effis", "dnbr_threshold": 0.35, "buffer_m": 1800.0, "post_windows": 2, "post_window_dates": [{"start": "2026-07-10", "end": "2026-08-02"}, {"start": "2026-08-02", "end": "2026-09-01"}], "pre_window": {"start": "2026-04-19", "end": "2026-06-26"}, "fire_date": "2026-07-03", "severity": "moderada", "severity_method": "threshold_proxy"}}, {"type": "Feature", "geometry": {"type": "Polygon", "coordinates": [[[2.9990356109863434, 41.894655015278914], [2.998915062359657, 41.89465501420331], [2.9989150608353667, 41.89474508253839], [2.9990356096314184, 41.894745083614], [2.999035608276487, 41.89483515194766], [2.9989150593110687, 41.894835150872055], [2.9987945103456575, 41.894835149669895], [2.9986739613802538, 41.894835148341194], [2.9985534124148585, 41.89483514688596], [2.9985534103824523, 41.894925215218194], [2.998432861247699, 41.894925213636405], [2.998432859045916, 41.89501528196721], [2.998432856844122, 41.89510535029661], [2.9984328546423185, 41.89519541862459], [2.998553404285178, 41.895195420206385], [2.9985534022527345, 41.89528548853294], [2.9986739520649732, 41.895285489988204], [2.9986739539280465, 41.89519542166165], [2.9987945035709234, 41.89519542299036], [2.998794501877221, 41.89528549131693], [2.9987945001835103, 41.89537555964209], [2.998794498489792, 41.89546562796582], [2.998794496796066, 41.89555569628814], [2.9986739464757033, 41.89555569495941], [2.998673944612596, 41.895645763280314], [2.9986739427494804, 41.89573583159979], [2.9987944934085906, 41.89573583292852], [2.9987944917148415, 41.895825901246596], [2.998794490021085, 41.89591596956324], [2.99879448832732, 41.89600603787847], [2.998794486633548, 41.89609610619228], [2.9987944849397676, 41.89618617450468], [2.9987944832459794, 41.89627624281566], [2.998794481552184, 41.89636631112521], [2.9987944798583808, 41.89645637943336], [2.9986739278442496, 41.89645637810458], [2.9986739259810578, 41.89654644641131], [2.9985533737975536, 41.89654644495598], [2.998553371764971, 41.89663651326127], [2.998553369732379, 41.896726581565154], [2.9984328172101202, 41.896726579983266], [2.998432815008136, 41.89681664828573], [2.9983122623165035, 41.89681664657729], [2.9981917096248814, 41.896816644742294], [2.998071156933271, 41.89681664278074], [2.9980711542231244, 41.89690671108176], [2.9979506013621426, 41.89690670899366], [2.997950598482598, 41.89699677729325], [2.997830045452244, 41.8969967750786], [2.9978300485011737, 41.896906706779], [2.997830051550089, 41.896816638478], [2.99783005459899, 41.89672657017557], [2.997709502076803, 41.89672656783437], [2.9975889495546304, 41.89672656536663], [2.9975889461669625, 41.89681663366905], [2.9974683934754216, 41.896816631074735], [2.997347840783897, 41.89681662835389], [2.997347837057445, 41.89690669665486], [2.9973478333309758, 41.89699676495441], [2.997227280300699, 41.896996762107], [2.9972272764048276, 41.89708683040514], [2.997106723205183, 41.897086827431146], [2.997106719139907, 41.89717689572785], [2.997106715074612, 41.897266964023146], [2.9971067110092986, 41.89735703231702], [2.996986157301511, 41.89735702921645], [2.9969861530667905, 41.89744709750889], [2.9969861488320504, 41.89753716579991], [2.9971067028786167, 41.8975371689005], [2.9971066988132473, 41.89762723719012], [2.99710669474786, 41.89771730547833], [2.997106690682454, 41.897807373765104], [2.9971066866170295, 41.89789744205047], [2.996986131892897, 41.89789743894984], [2.9969861361277146, 41.89780737066449], [2.9968655815729943, 41.89780736743731], [2.996745027018294, 41.897807364083576], [2.996745022444691, 41.89789743236892], [2.9966244677206193, 41.89789742888863], [2.996624462977602, 41.89798749717253], [2.996624458234564, 41.89807756545502], [2.9965039031717255, 41.89807756184815], [2.99638334810891, 41.898077558114714], [2.99638334302706, 41.89816762639577], [2.9963833379451863, 41.8982576946754], [2.9963833328632896, 41.898347762953605], [2.99638332778137, 41.8984378312304], [2.9962627720409927, 41.89843782737036], [2.996262766789651, 41.89852789564573], [2.9962627615382864, 41.89861796391968], [2.9963833176174606, 41.89861796777974], [2.996503873696658, 41.89861797151324], [2.9966244297758777, 41.89861797512018], [2.996744985855119, 41.89861797860057], [2.996865541934381, 41.89861798195439], [2.99686553752999, 41.89870805022697], [2.9968655331255794, 41.898798118498156], [2.9968655287211483, 41.89888818676789], [2.9968655243166973, 41.89897825503623], [2.9967449675598314, 41.89897825168236], [2.996624410802987, 41.898978248201935], [2.9966244060597105, 41.89906831646884], [2.9966244013164123, 41.89915838473431], [2.996744958412063, 41.899158388214765], [2.996865515507735, 41.89915839156865], [2.9969860726034265, 41.89915839479596], [2.9971066296991373, 41.89915839789673], [2.997106625633435, 41.89924846616083], [2.9971066215677133, 41.899338534423514], [2.9971066175019736, 41.899428602684765], [2.997106613436215, 41.89951867094463], [2.997106609370438, 41.89960873920305], [2.9971066053046425, 41.89969880746007], [2.997227163416809, 41.89969881043433], [2.9972271595204045, 41.89978887868992], [2.9972271556239813, 41.89987894694411], [2.9973477140749845, 41.89987894979183], [2.997347710347954, 41.899969018044594], [2.9973477066209067, 41.900059086295954], [2.997468265410749, 41.90005908901712], [2.997468261853097, 41.90014915726707], [2.997468258295428, 41.900239225515605], [2.9975888174241114, 41.900239228110216], [2.9975888140358404, 41.900329296357334], [2.997709373333952, 41.90032929882539], [2.997829932632079, 41.90032930116688], [2.9978299356815232, 41.900239232919745], [2.99795049481025, 41.90023923513466], [2.9980710539389905, 41.90023923722301], [2.998071056649595, 41.90014916897445], [2.998191615608935, 41.90014917093622], [2.998191618150115, 41.90005910268622], [2.9983121769400545, 41.900059104521425], [2.9984327357300047, 41.90005910623006], [2.998553294519965, 41.90005910781213], [2.9985532965529003, 41.8999690395607], [2.9986738551734584, 41.899969041016206], [2.9987944137940254, 41.899969042345134], [2.99879441548813, 41.89987897409229], [2.998914973939294, 41.899878975294655], [2.999035532390465, 41.89987897637045], [2.999156090841643, 41.899878977319695], [2.9992766492928253, 41.89987897814236], [2.9992766503092834, 41.89978890988808], [2.999397208591061, 41.899788910584185], [2.9993972094381056, 41.899698842328476], [2.9995177675504783, 41.899698842898026], [2.9995177682281104, 41.899608774640896], [2.999638326171078, 41.89960877508388], [2.9996383266793, 41.899518706825326], [2.999758884452863, 41.89951870714173], [2.999879442226427, 41.89951870733158], [2.9998794423958333, 41.899428639071616], [2.9999999999999916, 41.8994286391349], [2.9999999999999916, 41.899338570873525], [3.000120557434744, 41.89933857081024], [3.0002411148694956, 41.899338570620394], [3.0002411145306853, 41.899248502357594], [3.000241114191877, 41.89915843409339], [3.000361671287817, 41.89915843377698], [3.000482228383756, 41.899158433334016], [3.000482227706142, 41.89906836506839], [3.000482227028531, 41.89897829680134], [3.0006027837856597, 41.8989782962318], [3.0006027829386497, 41.89888822796335], [3.0006027820916437, 41.89879815969347], [3.000723338509966, 41.898798158997394], [3.000723337493563, 41.89870809072609], [3.0007233364771655, 41.89861802245339], [3.0007233354607723, 41.89852795417924], [3.0008438913708906, 41.89852795335661], [3.0009644472810035, 41.89852795240742], [3.0009644459258187, 41.89843788413188], [3.00096444457064, 41.89834781585491], [3.0009644432154676, 41.89825774757654], [3.0009644418603014, 41.89816767929675], [3.0009644405051414, 41.89807761101552], [3.0010849955682652, 41.89807760993978], [3.0012055506313824, 41.8980776087375], [3.00120554893744, 41.897987540454885], [3.0012055472435057, 41.89789747217083], [3.0013261019678272, 41.897897470842], [3.0014466566921403, 41.89789746938661], [3.0014466546594276, 41.897807401101154], [3.0014466526267247, 41.89771733281428], [3.001446650594031, 41.897627264525994], [3.001567204810159, 41.897627262944056], [3.001567202608084, 41.89753719465435], [3.001687756654812, 41.89753719294586], [3.0016877542833575, 41.897447124654754], [3.001687751911914, 41.89735705636224], [3.0016877495404812, 41.89726698806828], [3.0016877471690595, 41.89717691977291], [3.0016877447976484, 41.89708685147613], [3.001808297997425, 41.89708684964112], [3.0018082954566387, 41.89699678134293], [3.0019288484870184, 41.89699677938137], [3.0019288457768587, 41.89690671108176], [3.0020493986378405, 41.89690670899366], [3.002049395758309, 41.89681664069265], [3.002169948449894, 41.896816638478], [3.0021699454009925, 41.89672657017557], [3.002169942352105, 41.89663650187172], [3.002169939303231, 41.89654643356646], [3.0021699362543712, 41.89645636525978], [3.0021699332055256, 41.89636629695168], [3.0021699301566933, 41.89627622864217], [3.0022904818319756, 41.89627622630102], [3.002290485050187, 41.89636629461053], [3.0024110368948334, 41.89636629214281], [3.0024110335072427, 41.896276223833304], [3.002531585182494, 41.89627622123905], [3.0025315816255396, 41.89618615292814], [3.0026521331313965, 41.89618615020734], [3.0026521294050803, 41.896096081895024], [3.002652125678781, 41.89600601358129], [3.0026521219524986, 41.89591594526615], [3.002772672950207, 41.895915942418824], [3.002893223947897, 41.89591593944496], [3.0028932280129323, 41.896006007760086], [3.0028932320779855, 41.8960960760738], [3.003013783414411, 41.89609607297338], [3.003134334750817, 41.896096069746385], [3.003134330347009, 41.896006001432696], [3.0032548815140174, 41.896005998079175], [3.003254886087203, 41.896096066392865], [3.003375437423568, 41.8960960629128], [3.003375442166152, 41.89618613122505], [3.003375446908758, 41.89627619953589], [3.0033754516513853, 41.896366267845316], [3.0033754563940347, 41.89645633615333], [3.003496008407895, 41.89645633254666], [3.0036165604217326, 41.89645632881344], [3.0037371124355468, 41.896456324953675], [3.0037371071847567, 41.8963662566457], [3.003857659029167, 41.89636625265939], [3.003857653609021, 41.89627618435002], [3.003978205284027, 41.89627618023717], [3.004098756959008, 41.896276175997784], [3.0042193086339615, 41.89627617163184], [3.004339860308889, 41.89627616713935], [3.0043398542112527, 41.8961860988286], [3.0043398481136445, 41.89609603051645], [3.004460399449787, 41.89609602589744], [3.0044603931828293, 41.89600595758388], [3.004339842016064, 41.89600596220287], [3.004339835918511, 41.89591589388789], [3.0044603869159, 41.89591588926891], [3.00458093791326, 41.895915884523376], [3.0045809314769842, 41.895825816206994], [3.004580925040737, 41.8957357478892], [3.00458091860452, 41.89564567956998], [3.0045809121683313, 41.89555561124934], [3.0044603618484698, 41.89555561599481], [3.004339811528579, 41.89555562061373], [3.0042192612086605, 41.89555562510611], [3.004098710888715, 41.895555629471936], [3.003978160568743, 41.895555633711226], [3.0038576102487458, 41.89555563782397], [3.0038576048288226, 41.89546556950184], [3.003857599408924, 41.89537550117829], [3.0038575939890504, 41.8952854328533], [3.0038575885692014, 41.89519536452693], [3.003737038926665, 41.895195368513065], [3.0037370336762104, 41.89510530018524], [3.0037370284257796, 41.89501523185601], [3.0036164791219577, 41.89501523571559], [3.0034959298181128, 41.89501523944862], [3.0034959249064417, 41.89492517111794], [3.0033753757719417, 41.89492517472443], [3.0033753805142447, 41.895015243055106], [3.0032548312103557, 41.89501524653505], [3.0031342819064455, 41.89501524988846], [3.0030137326025153, 41.89501525311531], [3.002893183298566, 41.89501525621562], [3.0028931792337348, 41.8949251878849], [3.0028931751689223, 41.89483511955275], [3.002893171104128, 41.89474505121919], [3.0028931670393524, 41.8946549828842], [3.0028931629745954, 41.89456491454781], [3.0028931589098575, 41.89447484620998], [3.0028931548451374, 41.89438477787074], [3.002893150780436, 41.894294709530094], [3.0027726028313904, 41.89429471250378], [3.002772598936069, 41.894204644161704], [3.002652051156367, 41.894204647008856], [3.0026520474304252, 41.89411457866534], [3.002531499820067, 41.89411458138595], [3.002410952209693, 41.89411458398], [3.0024109488224884, 41.89402451563506], [3.0024109454352987, 41.89393444728871], [3.002410942048125, 41.893844378940926], [3.0024109386609665, 41.893754310591746], [3.0022903917280135, 41.89375431305922], [3.0021698447950453, 41.89375431540017], [3.0021698417466167, 41.89366424704955], [3.0020492949829922, 41.893664249263956], [3.001928748219354, 41.89366425135182], [3.0019287455096517, 41.89357418299976], [3.001808198915358, 41.89357418496109], [3.0016876523210527, 41.89357418679588], [3.0015671057267364, 41.893574188504125], [3.00144655913241, 41.893574190085836], [3.0013260125380743, 41.89357419154101], [3.0012054659437304, 41.89357419286966], [3.001084919349378, 41.89357419407176], [3.0009643727550195, 41.893574195147316], [3.000964371400175, 41.89348412679381], [3.0009643700453363, 41.89339405843888], [3.0008438237896815, 41.8933940593879], [3.000843822604203, 41.893303991031544], [3.00084382141873, 41.89321392267378], [3.0008438202332623, 41.893123854314595], [3.000843819047801, 41.89303378595399], [3.0008438178623438, 41.89294371759196], [3.0007232724534463, 41.89294371841443], [3.0007232714373453, 41.892853650050995], [3.0006027261977932, 41.89285365074693], [3.0004821809582376, 41.89285365131634], [3.000361635718679, 41.892853651759204], [3.000241090479118, 41.89285365207553], [3.000120545239555, 41.892853652265345], [2.9999999999999916, 41.892853652328604], [2.9999999999999916, 41.892943720692045], [2.9998794545910776, 41.89294372062878], [2.999879454421727, 41.89303378899081], [2.999758908843463, 41.89303378880102], [2.9996383632652006, 41.89303378848467], [2.9996383627571452, 41.8931238568453], [2.999517817009534, 41.893123856402426], [2.999517816332124, 41.89321392476161], [2.999397270415163, 41.8932139241922], [2.9992767244982055, 41.893213923496255], [2.999276723482086, 41.893303991854026], [2.9992767224659613, 41.89339406021038], [2.999156176210301, 41.8933940593879], [2.999035629954647, 41.89339405843888], [2.999035628599808, 41.89348412679381], [2.9991561750248175, 41.89348412774284], [2.9991561738393284, 41.893574196096345], [2.9992767204336985, 41.89357419691885], [2.9992767194175607, 41.89366426527094], [2.9992767184014175, 41.89375433362163], [2.9992767173852704, 41.89384440197089], [2.999276716369118, 41.89393447031874], [2.9991561690973176, 41.89393446949625], [2.9990356218255223, 41.893934468547194], [2.9990356204706465, 41.89402453689363], [2.9989150730294982, 41.894024535818055], [2.998915071505256, 41.89411460416304], [2.998915069981007, 41.89420467250664], [2.9989150684567507, 41.894294740848814], [2.9990356164059824, 41.89429474192439], [2.999035615051082, 41.89438481026515], [2.9990356136961753, 41.89447487860449], [2.9990356123412627, 41.89456494694241], [2.9990356109863434, 41.894655015278914]], [[3.002531570954774, 41.89591594798691], [3.002411019957033, 41.895915950581134], [3.0024110165695186, 41.89582588226453], [3.0024110131820203, 41.89573581394652], [3.002531563841011, 41.895735811352324], [3.0025315673978845, 41.895825879670326], [3.0026521182262336, 41.89582587694956], [3.0026521219524986, 41.89591594526615], [3.002531570954774, 41.89591594798691]], [[2.9971066500273738, 41.89870805655496], [2.9971066459617637, 41.89879812482615], [2.9969860895436615, 41.898798121725434], [2.996986093778672, 41.89870805345424], [2.9971066500273738, 41.89870805655496]], [[2.999517813622453, 41.89357419818421], [2.999517814299875, 41.893484129830696], [2.9996383607249015, 41.89348413027357], [2.999638361232966, 41.89339406191863], [2.9997589074886397, 41.89339406223496], [2.999879453744315, 41.893394062424775], [2.9999999999999916, 41.89339406248804], [2.9999999999999916, 41.89348413084298], [2.9999999999999916, 41.89357419919651], [2.9998794534056046, 41.89357419913323], [2.9997589068112194, 41.89357419894343], [2.9996383602168346, 41.89357419862709], [2.999517813622453, 41.89357419818421]], [[3.0010849391646164, 41.89474508253839], [3.0010849376403255, 41.89465501420331], [3.001205486267005, 41.894655013001156], [3.0012054879606613, 41.89474508133624], [3.0010849391646164, 41.89474508253839]]]}, "properties": {"area_ha": 25.24, "dnbr_threshold_core": 0.35, "dnbr_threshold_grow": 0.22, "forest_mask": "esa_worldcover_2021_10_20", "part": 1, "fire_id": "550037", "burn_year": 2026, "source": "sentinel", "aoi_source": "effis", "dnbr_threshold": 0.35, "buffer_m": 1800.0, "post_windows": 2, "post_window_dates": [{"start": "2026-07-10", "end": "2026-08-02"}, {"start": "2026-08-02", "end": "2026-09-01"}], "pre_window": {"start": "2026-04-19", "end": "2026-06-26"}, "fire_date": "2026-07-03", "severity": "moderada", "severity_method": "threshold_proxy"}}, {"type": "Feature", "geometry": {"type": "Polygon", "coordinates": [[[3.0006028329188426, 41.90420225337703], [3.000482266335077, 41.904202253946664], [3.0004822670128672, 41.90429232213149], [3.000361700259651, 41.904292322574534], [3.0003617007679964, 41.90438239075794], [3.000241133845329, 41.90438239107439], [3.000241134184227, 41.904472459256375], [3.0002411345231272, 41.90456252743696], [3.0002411348620286, 41.90465259561611], [3.0002411352009313, 41.90474266379385], [3.0002411355398357, 41.90483273197016], [3.000361703309756, 41.9048327316537], [3.000361703818115, 41.9049227998286], [3.0004822717574857, 41.90492279938554], [3.0004822724353013, 41.90501286755903], [3.000482273113119, 41.905102935731094], [3.00048227379094, 41.905193003901736], [3.000361705343206, 41.90519300434479], [3.0003617058515744, 41.905283072514024], [3.0004822744687645, 41.905283072070965], [3.000482275146592, 41.905373140238765], [3.0004822758244227, 41.90546320840516], [3.000482276502256, 41.90555327657014], [3.0004822771800925, 41.9056433447337], [3.0004822778579325, 41.90573341289582], [3.0004822785357756, 41.905823481056544], [3.0006028481697156, 41.90582348048689], [3.0006028490170227, 41.90591354864619], [3.0006028498643342, 41.906003616804085], [3.0007234198371946, 41.90600361610783], [3.0007234208539724, 41.90609368426428], [3.0007234218707555, 41.90618375241933], [3.000723422887543, 41.906273820572956], [3.000723423904335, 41.90636388872517], [3.0008439945550474, 41.90636388790231], [3.0008439957413104, 41.906453956053106], [3.0009645665614832, 41.90645395510364], [3.0009645679172183, 41.90654402325302], [3.0009645692729596, 41.906634091400974], [3.000964570628707, 41.906724159547515], [3.001085141957277, 41.90672415847145], [3.0010851434825003, 41.906814226616554], [3.0012057149805322, 41.9068142254139], [3.001205716675232, 41.9069042935576], [3.0012057183699397, 41.90699436169988], [3.001205720064655, 41.90708442984073], [3.001085148058211, 41.9070844310434], [3.00096457605176, 41.907084432119476], [3.000964577407538, 41.90717450025892], [3.000964578763323, 41.90726456839695], [3.0009645801191134, 41.90735463653356], [3.0009645814749106, 41.90744470466875], [3.000964582830714, 41.90753477280252], [3.0008440099768876, 41.90753477375202], [3.0008440087905592, 41.90744470561824], [3.0007234361062025, 41.90744470644113], [3.0006028634218413, 41.90744470713742], [3.000602864269218, 41.907534775271195], [3.000602865116599, 41.90762484340357], [3.000723438139912, 41.90762484270727], [3.000723439156774, 41.90771491083821], [3.0008440123495594, 41.90771491001532], [3.0008440135359034, 41.907804978144846], [3.000964586898161, 41.90780497719533], [3.0010851602604123, 41.907804976119245], [3.001085158735113, 41.90771490798972], [3.00108515720982, 41.90762483985879], [3.00120573023311, 41.907624838656105], [3.0012057319278798, 41.90771490678703], [3.001205733622657, 41.907804974916544], [3.0013263069848937, 41.90780497358724], [3.001446880347122, 41.907804972131345], [3.0014468823808635, 41.90789504025945], [3.0014468844146154, 41.90798510838611], [3.001567458115792, 41.9079851068036], [3.001688031816959, 41.9079851050945], [3.001808605518115, 41.90798510325879], [3.001929179219259, 41.907985101296475], [3.0019291819309397, 41.9080751694217], [3.001929184642633, 41.90816523754552], [3.0020497586827255, 41.90816523545659], [3.0021703327228053, 41.90816523324107], [3.0021703357734735, 41.90825530136345], [3.0022909099830213, 41.908255299021306], [3.002411484192554, 41.908255296552575], [3.0024114875822008, 41.90834536467352], [3.0025320619612006, 41.90834536207818], [3.002652636340184, 41.908345359356225], [3.00277321071915, 41.908345356507674], [3.0028937850980983, 41.90834535353253], [3.002893781030522, 41.9082552854116], [3.0028937769629636, 41.90816521728927], [3.0030143510029297, 41.90816521418754], [3.0031349250428763, 41.908165210959204], [3.0031349294493976, 41.90825527908151], [3.0032555036588056, 41.90825527572656], [3.0032555082348296, 41.90834534384745], [3.0032555128108744, 41.90843541196691], [3.0031349382625008, 41.90843541532189], [3.0031349426690825, 41.908525483439945], [3.0031349470756843, 41.90861555155658], [3.0031349514823065, 41.90870561967181], [3.003255526539134, 41.9087056163168], [3.0032555311152622, 41.9087956844306], [3.0031349558889486, 41.90879568778562], [3.003134960295611, 41.90888575589801], [3.003134964702293, 41.90897582400898], [3.0031349691089955, 41.90906589211852], [3.003014393374198, 41.90906589534697], [3.003014397611431, 41.90915596345511], [3.0028938217071253, 41.90915596655695], [3.0028938257748874, 41.909246034663695], [3.0027732497010726, 41.90924603763893], [3.0026526736272405, 41.90924604048758], [3.002532097553391, 41.90924604320963], [3.002532101112699, 41.90933611131496], [3.002532104672024, 41.90942617941889], [3.0025321082313647, 41.909516247521395], [3.002652684813689, 41.90951624479934], [3.0026526885425393, 41.909606312900436], [3.0026526922714067, 41.90969638100009], [3.002652696000291, 41.90978644909834], [3.0026526997291922, 41.90987651719517], [3.0026527034581108, 41.90996658529059], [3.0026527071870457, 41.910056653384586], [3.0026527109159984, 41.910146721477155], [3.0027732886847742, 41.91014671862843], [3.0027732925832424, 41.91023678671959], [3.002773296481728, 41.91032685480931], [3.0027733003802317, 41.910416922897646], [3.0026527221029573, 41.9104169257464], [3.002652725831978, 41.910506993833295], [3.002652729561015, 41.910597061918786], [3.002773308177292, 41.910597059070014], [3.002773312075849, 41.91068712715408], [3.0028938908616105, 41.91068712417869], [3.0028938949296884, 41.910777192261314], [3.002893898997785, 41.910867260342535], [3.003014478122535, 41.91086725724051], [3.003014482360155, 41.910957325320304], [3.0030144865977944, 41.91104739339867], [3.0031350660615352, 41.91104739017002], [3.0031350704687, 41.911137458246955], [3.003135074875885, 41.911227526322484], [3.0032556546786195, 41.91122752296718], [3.0033762344813333, 41.911227519485266], [3.0034968142840253, 41.91122751587673], [3.0036173940866946, 41.9112275121416], [3.0036173890014815, 41.91113744406613], [3.0037379686346206, 41.911137440204364], [3.0037379633799244, 41.91104737212748], [3.003858542843533, 41.91104736813914], [3.0039791223071175, 41.91104736402418], [3.004099701770676, 41.91104735978259], [3.004099707533891, 41.911137427859444], [3.0042202871669303, 41.91113742349124], [3.004220293099679, 41.911227491566656], [3.0040997132971334, 41.911227495934874], [3.0040997190604015, 41.91131756400889], [3.004099724823696, 41.91140763208149], [3.0040997305870167, 41.91149770015266], [3.004099736350364, 41.91158776822243], [3.004220316830946, 41.91158776385416], [3.0043408973115007, 41.911587759359264], [3.004340903413896, 41.911677827427575], [3.0043409095163196, 41.91176789549447], [3.00434091561877, 41.91185796355996], [3.004340921721249, 41.91194803162402], [3.004461502879825, 41.91194802700246], [3.004582084038372, 41.91194802225427], [3.0045820904799068, 41.9120380903169], [3.0045820969214714, 41.912128158378096], [3.0047026784190174, 41.912128153503254], [3.004823259916534, 41.912128148501814], [3.0049438414140197, 41.91212814337374], [3.00494384836416, 41.91221821143346], [3.004943855314332, 41.91230827949178], [3.0050644371508177, 41.912308274237056], [3.005064444270539, 41.91239834229395], [3.0051850262765094, 41.91239833691258], [3.0053056082824465, 41.91239833140461], [3.005305615741236, 41.912488399460024], [3.005426197916657, 41.91248839382541], [3.005426205544999, 41.91257846187942], [3.005426213173376, 41.91266852993199], [3.005546795687801, 41.91266852417072], [3.0055468034857333, 41.91275859222186], [3.0056673861696424, 41.91275858633394], [3.005667394137131, 41.91284865438364], [3.0057879769905247, 41.91284864836909], [3.0059085598438813, 41.912848642227914], [3.0060291426972, 41.91284863596012], [3.0061497255504803, 41.912848629565694], [3.006270308403721, 41.91284862304465], [3.006270299588627, 41.91275855499505], [3.0062702907735734, 41.912668486944035], [3.0063908732877325, 41.91266848029641], [3.0063908822723064, 41.91275854834741], [3.006511464955945, 41.91275854157314], [3.0065114558018506, 41.91266847352216], [3.006632038315927, 41.9126684666213], [3.006752620829961, 41.91266845959381], [3.0067526303230956, 41.91275852764475], [3.0068732130066063, 41.912758520490605], [3.0069937956900734, 41.912758513209866], [3.0069938055222933, 41.91284858125933], [3.007114388375236, 41.91284857385194], [3.0072349712281334, 41.91284856631792], [3.007234981399442, 41.91293863436592], [3.007234991570797, 41.913028702412525], [3.007355574762692, 41.91302869475183], [3.00747615795454, 41.913028686964516], [3.00759674114634, 41.91302867905058], [3.007717324338091, 41.913028671010025], [3.007717335187586, 41.9131187390551], [3.0077173460371305, 41.913208807098755], [3.00783792956788, 41.913208798931514], [3.0079585130985786, 41.91320879063767], [3.0079585242872224, 41.91329885867986], [3.007958535475917, 41.91338892672062], [3.0080791193456156, 41.913388918300086], [3.0081997032152623, 41.91338890975293], [3.0081997147430606, 41.913478977792224], [3.008199726270912, 41.91356904583011], [3.0081997377988157, 41.91365911386658], [3.008199749326772, 41.91374918190162], [3.008199760854781, 41.91383924993525], [3.008320345572015, 41.913839241261336], [3.0084409302891957, 41.91383923246078], [3.008440942156318, 41.913929300492946], [3.008561527042975, 41.91392929156574], [3.0086821119295766, 41.913929282511916], [3.0088026968161232, 41.91392927333146], [3.0089232817026126, 41.91392926402438], [3.0089232942479134, 41.914019332055], [3.0089233067932715, 41.914109400084214], [3.009043892018767, 41.914109390650445], [3.0091644772442043, 41.91410938109005], [3.0091644901286845, 41.914199449117774], [3.0092850755235956, 41.914199439430725], [3.009285088577668, 41.914289507457], [3.0094056741420534, 41.91428949764328], [3.00940568736572, 41.91437956566813], [3.0094057005894466, 41.91446963369154], [3.0094057138132335, 41.914559701713536], [3.009405727037081, 41.914649769734105], [3.009285140794555, 41.91464977954794], [3.0092851538489254, 41.914739847567134], [3.0092851669033553, 41.91482991558492], [3.0094057534849568, 41.914829905771015], [3.009526340066498, 41.914829895830486], [3.009646926647979, 41.91482988576332], [3.0096469402110846, 41.91491995377959], [3.0097675269620416, 41.914919943585765], [3.0097675406947495, 41.915010011600586], [3.0098881276151834, 41.915010001280095], [3.0100087145355543, 41.91500999083298], [3.0101293014558608, 41.91500998025922], [3.0102498883761024, 41.915009969558845], [3.010370475296278, 41.91500995873183], [3.01037048987675, 41.915100026745066], [3.0103705044572884, 41.915190094756866], [3.0102499171980313, 41.915190105583946], [3.0101293299387084, 41.9151901162844], [3.0100087426793203, 41.91519012685822], [3.0098881554198678, 41.9151901373054], [3.0098881693223056, 41.91528020531594], [3.0100087567512994, 41.91528019486872], [3.0101293441802293, 41.91528018429487], [3.010129358421816, 41.91537025230391], [3.0101293726634673, 41.915460320311524], [3.010129386905183, 41.91555038831775], [3.010129401146964, 41.91564045632253], [3.0101294153888105, 41.91573052432589], [3.0101294296307213, 41.91582059232786], [3.0101294438726978, 41.91591066032839], [3.0101294581147386, 41.91600072832751], [3.0101294723568452, 41.91609079632521], [3.010250061311622, 41.91609078562442], [3.010370650266333, 41.916090774797006], [3.0103706648476036, 41.91618084279322], [3.010491253971798, 41.916180831839135], [3.0104912687226855, 41.9162708998339], [3.0106118580163628, 41.91627088875313], [3.0107324473099717, 41.91627087754572], [3.0108530366035122, 41.91627086621169], [3.0109736258969835, 41.91627085475101], [3.0110942151903837, 41.91627084316371], [3.011214804483713, 41.91627083144976], [3.0113353937769705, 41.91627081960917], [3.0114559830701544, 41.91627080764194], [3.0114559669628638, 41.91618073964746], [3.0115765560864243, 41.916180727553645], [3.011576539809658, 41.916090659557796], [3.0116971287635943, 41.91609064733738], [3.011697112317353, 41.91600057934014], [3.011697095871187, 41.91591051134149], [3.0116970794250957, 41.915820443341424], [3.011817667870313, 41.91582043099448], [3.0118176844859517, 41.915910498994506], [3.011817701101666, 41.91600056699311], [3.0118177177174563, 41.91609063499031], [3.011938306671242, 41.91609062251661], [3.0120588956249517, 41.91609060991629], [3.0120588786700635, 41.91600054191916], [3.0120588617152526, 41.91591047392063], [3.012179450329788, 41.915910461193754], [3.0123000389442445, 41.91591044834022], [3.0124206275586225, 41.91591043536007], [3.012420645022077, 41.916000503358475], [3.0125412338059236, 41.91600049025164], [3.0125412514390075, 41.916090558248605], [3.012541269072171, 41.91618062624413], [3.0126618581950355, 41.916180613010575], [3.0126618759978303, 41.916270681004654], [3.012782465290164, 41.91627066764442], [3.0129030545824156, 41.91627065415755], [3.0129030727243937, 41.91636072215012], [3.0130236621861135, 41.916360708536565], [3.013023680497727, 41.91645077652768], [3.0131442701289153, 41.91645076278744], [3.013264859760019, 41.916450748920575], [3.0132648784108214, 41.916540816910185], [3.013264897061709, 41.916630884898375], [3.013264915712681, 41.91672095288515], [3.0132649343637388, 41.9168110208705], [3.0132649530148816, 41.916901088854445], [3.013264971666109, 41.916991156836964], [3.013264990317422, 41.91708122481806], [3.01326500896882, 41.91717129279776], [3.013385599956282, 41.91717127880389], [3.0135061909436587, 41.91717126468339], [3.0135062099342593, 41.917261332661575], [3.013506228924947, 41.91735140063833], [3.0135062479157213, 41.917441468613674], [3.013506266906582, 41.917531536587596], [3.0135062858975297, 41.91762160456011], [3.0135063048885637, 41.9177116725312], [3.013506323879685, 41.91780174050087], [3.013506342870892, 41.91789180846912], [3.0135063618621865, 41.91798187643596], [3.013506380853567, 41.91807194440138], [3.0136269735364807, 41.918071930153786], [3.0136269543755345, 41.917981862188405], [3.013747546888795, 41.91798184781422], [3.0137475662193074, 41.91807191577956], [3.0138681589020457, 41.91807190127867], [3.013868178402213, 41.91816196924254], [3.013868197902469, 41.91825203720498], [3.0139887909242526, 41.91825202257737], [3.0139888105941663, 41.918342090538346], [3.0139888302641697, 41.918432158497914], [3.013988849934263, 41.91852222645607], [3.014109443464663, 41.918522211701664], [3.0141094633044165, 41.91861227965835], [3.0142300570042972, 41.918612264777245], [3.0142300770137123, 41.91870233273247], [3.014230097023219, 41.91879240068627], [3.0143506910621514, 41.91879238567843], [3.014350711241322, 41.918882453630765], [3.014471305449735, 41.91888243849624], [3.014471325798572, 41.918972506447105], [3.014591920176466, 41.91897249118587], [3.0145919406949697, 41.919062559135284], [3.0145919612135668, 41.919152627083264], [3.014471366496523, 41.9191526423446], [3.0143507717793865, 41.91915265747927], [3.014230177062158, 41.9191526724873], [3.014109582344838, 41.91915268736867], [3.014109602185225, 41.91924275531544], [3.0142301970721213, 41.91924274043402], [3.0142302170821753, 41.91933280837931], [3.0143508121385567, 41.91933279337119], [3.0143507919589254, 41.91924272542595], [3.014471386845638, 41.919242710291215], [3.0144714071948457, 41.91933277823642], [3.014592002251042, 41.91933276297499], [3.0145920227699206, 41.91942283091872], [3.014592043288892, 41.91951289886105], [3.0145920638079575, 41.91960296680195], [3.0145920843271163, 41.91969303474142], [3.014592104846369, 41.919783102679496], [3.014592125365715, 41.91987317061614], [3.014712721439295, 41.919873155227776], [3.0147127421283164, 41.91996322316296], [3.014712762817433, 41.920053291096714], [3.014712783506644, 41.92014335902906], [3.0147128041959492, 41.92023342695998], [3.0147128248853488, 41.92032349488949], [3.014712845574843, 41.92041356281759], [3.0147128662644316, 41.92050363074427], [3.0147128869541144, 41.92059369866952], [3.0147129076438914, 41.92068376659336], [3.0147129283337635, 41.920773834515764], [3.0147129490237297, 41.92086390243678], [3.0147129697137904, 41.92095397035637], [3.0147129904039454, 41.92104403827454], [3.0148335886820576, 41.921044022758885], [3.0149541869600758, 41.92104400711657], [3.014954207989509, 41.92113407503322], [3.015074806437023, 41.9211340592642], [3.01519540488444, 41.921134043368525], [3.0153160033317596, 41.921134027346184], [3.0153159817935498, 41.92104395942969], [3.015436580071179, 41.92104394328074], [3.015557178348709, 41.92104392700516], [3.015557200226103, 41.92113399492155], [3.015677798673126, 41.92113397851923], [3.0156778207202133, 41.92122404643417], [3.015798419336728, 41.92122402990515], [3.0157984415535095, 41.9213140978186], [3.015919040339517, 41.921314081162876], [3.0159190627259944, 41.92140414907486], [3.016039661681494, 41.921404132292416], [3.0161602606368905, 41.92140411538331], [3.016160283362661, 41.92149418329378], [3.016280882487549, 41.921494166257965], [3.016401481612333, 41.92149414909548], [3.016401504677399, 41.921584217004416], [3.0164015277425706, 41.921674284911944], [3.0165221272064415, 41.9216742676227], [3.0166427266702067, 41.921674250206785], [3.0167633261338653, 41.921674232664216], [3.0167633497079347, 41.92176430057015], [3.016763373282112, 41.92185436847468], [3.0166427734792576, 41.92185438601736], [3.0165221736762966, 41.921854403433386], [3.016401573873229, 41.92185442072274], [3.0162809740700567, 41.921854437885436], [3.016280951174273, 41.9217643699807], [3.016160351540594, 41.92176438701668], [3.016160328814513, 41.92167431911046], [3.0160397293503283, 41.92167433601971], [3.015919129886041, 41.92167435280232], [3.015798530421651, 41.92167436945827], [3.0156779309571595, 41.921674385987544], [3.0156779530048508, 41.92176445389398], [3.0157985526389397, 41.92176443736464], [3.01579857485633, 41.92185450526959], [3.0159191746599157, 41.92185448861355], [3.016039774463399, 41.92185447183084], [3.0160397970200887, 41.92194453973428], [3.016160396993069, 41.92194452282485], [3.0162809969659445, 41.92194450578875], [3.0164015969387163, 41.92194448862602], [3.0165221969113825, 41.921944471336595], [3.0166427968839433, 41.92194445392053], [3.0167633968563967, 41.921944436377785], [3.0168839968287426, 41.92194441870839], [3.0168840205727347, 41.92203448661003], [3.017004620714572, 41.92203446881391], [3.0170046446282734, 41.92212453671407], [3.017125244939603, 41.922124518791236], [3.0171252690230146, 41.92221458668991], [3.017125293106536, 41.92230465458719], [3.017125317190168, 41.92239472248305], [3.0172459180101936, 41.92239470443336], [3.0172459422635387, 41.922484772327735], [3.017245966516995, 41.92257484022069], [3.0172459907705615, 41.92266490811223], [3.0172460150242384, 41.92275497600236], [3.0172460392780267, 41.92284504389106], [3.017246063531925, 41.92293511177836], [3.017125461694265, 41.92293512982836], [3.017125485778666, 41.923025197714296], [3.0170048837712873, 41.923025215637686], [3.0168842817637995, 41.923025233434416], [3.016763679756204, 41.923025251104484], [3.016763656180628, 41.922935183218385], [3.01676363260516, 41.92284511533088], [3.0166430309366725, 41.92284513287416], [3.016643054342533, 41.92293520076173], [3.0166430777485, 41.923025268647876], [3.0166431011545742, 41.9231153365326], [3.0165224989771544, 41.9231153539494], [3.0165225222137253, 41.92320542183277], [3.016522545450402, 41.92329548971471], [3.0166431479670424, 41.923295472297816], [3.016643171373437, 41.92338554017829], [3.016643194779938, 41.92347560805736], [3.016763797635696, 41.923475590513675], [3.016884400491345, 41.92347557284334], [3.017005003346887, 41.92347555504633], [3.017125606202319, 41.92347553712265], [3.0171256302873792, 41.923565605000064], [3.0171256543725495, 41.923655672876066], [3.01712567845783, 41.92374574075065], [3.0171257025432197, 41.92383580862381], [3.0170050990093307, 41.92383582654772], [3.0170051229252146, 41.923925894419526], [3.0170051468412074, 41.9240159622899], [3.01712575071433, 41.924015944365884], [3.0171257748000495, 41.92410601223481], [3.0172463788426795, 41.92410599418407], [3.017246403098128, 41.92419606205149], [3.017367007310266, 41.92419604387402], [3.0173670317354437, 41.92428611173998], [3.0174876361170897, 41.92428609343577], [3.0176082404986233, 41.9242860750049], [3.017608265263153, 41.92437614286933], [3.0177288698141935, 41.92437612431172], [3.0178494743651205, 41.92437610562743], [3.017970078915933, 41.92437608681649], [3.0180906834666295, 41.92437606787886], [3.0180907089097553, 41.924466135741625], [3.0180907343529975, 41.92455620360299], [3.018090759796356, 41.92464627146293], [3.017970154736794, 41.924646290400744], [3.017970180010645, 41.92473635825932], [3.0179702052846116, 41.92482642611648], [3.0180908106834203, 41.92482640717855], [3.018090836127127, 41.92491647503424], [3.018211441695444, 41.92491645596959], [3.0182114160821127, 41.92482638811395], [3.0183320214806884, 41.92482636892268], [3.0183319956978503, 41.9247363010657], [3.0184526009266848, 41.9247362817478], [3.018452574974341, 41.92464621388946], [3.0185731800334334, 41.92464619444496], [3.0185731539115856, 41.924556126585266], [3.0186937588009366, 41.92455610701415], [3.018814363690168, 41.924556087316354], [3.0188143372291965, 41.92446601945536], [3.018934941948685, 41.92446599963096], [3.0189349685792783, 41.9245560674919], [3.019055573468267, 41.924556047540754], [3.0190555466680524, 41.92446597967988], [3.0191761513872972, 41.92446595960214], [3.019296756106419, 41.92446593939772], [3.0194173608254173, 41.92446591906662], [3.0195379655442904, 41.92446589860885], [3.0195379930229915, 41.92455596646946], [3.019538020501818, 41.92464603432865], [3.0195380479807694, 41.92473610218644], [3.0195380754598466, 41.9248261700428], [3.0196586808570856, 41.9248261494581], [3.019779286254199, 41.92482612874672], [3.0197793140726503, 41.92491619660154], [3.019658708505913, 41.924916217312976], [3.019538102939049, 41.92491623789773], [3.0195381304183773, 41.92500630575127], [3.0195381578978306, 41.92509637360337], [3.0195381853774093, 41.92518644145405], [3.0195382128571135, 41.92527650930332], [3.019417606611618, 41.925276529761675], [3.0192970003659982, 41.92527655009335], [3.0192970275065707, 41.92536661794133], [3.019297054647267, 41.925456685787886], [3.019417661232145, 41.92545666545609], [3.0195382678168983, 41.92545664499761], [3.0195382952969783, 41.92554671284264], [3.0195383227771844, 41.92563678068624], [3.019658929701073, 41.92563676010096], [3.019658957351036, 41.925726827943066], [3.01977956444443, 41.92572680723104], [3.0197795922641517, 41.925816875071675], [3.019779620084, 41.92590694291089], [3.0196590126513403, 41.925906963623056], [3.0196590403016814, 41.925997031460916], [3.019779647903975, 41.92599701074868], [3.0199002555061423, 41.92599698990979], [3.0199002275165325, 41.925906922072045], [3.020020834948938, 41.92590690110653], [3.020020863108181, 41.925996968944204], [3.020020891267553, 41.92608703678046], [3.019900283495879, 41.92608705774611], [3.0199003114857437, 41.926177125581], [3.0197797035443066, 41.92617714642004], [3.019779731364663, 41.92626721425357], [3.019779759185146, 41.92635728208571], [3.0196591509043085, 41.926357302798195], [3.0196591785552807, 41.92644737062896], [3.019659206206379, 41.92653743845832], [3.019538597586139, 41.926537459044255], [3.0194179889657735, 41.926537479503494], [3.0192973803452836, 41.92653749983606], [3.0192974074875902, 41.92662756766419], [3.0192974346300208, 41.92671763549091], [3.0192974617725747, 41.9268077033162], [3.0192974889152526, 41.92689777114009], [3.019297516058055, 41.92698783896254], [3.0192975432009805, 41.92707790678358], [3.01929757034403, 41.927167974603215], [3.0192975974872036, 41.92725804242142], [3.019297624630501, 41.927348110238206], [3.0192976517739223, 41.92743817805358], [3.0192976789174675, 41.92752824586753], [3.0192977060611366, 41.927618313680064], [3.019297733204929, 41.92770838149117], [3.019418344030792, 41.92770836115779], [3.0195389548565292, 41.927708340697706], [3.0195389823397454, 41.927798408507286], [3.0196595933350068, 41.92779838792045], [3.019659565682142, 41.92770832011094], [3.019780176507628, 41.92770829939747], [3.019900787332987, 41.92770827855733], [3.0200213981582187, 41.927708257590496], [3.0201420089833215, 41.92770823649696], [3.0201419806519882, 41.92761816868631], [3.020262591307313, 41.92761814746617], [3.020383201962508, 41.92761812611934], [3.020383173292008, 41.9275280583074], [3.020503783777424, 41.92752803683395], [3.0206243942627085, 41.92752801523382], [3.0206243652530453, 41.92743794742058], [3.02074497556855, 41.927437925693816], [3.0208655858839224, 41.927437903840385], [3.02086561523288, 41.92752797165349], [3.020745004747861, 41.92752799350699], [3.0207450339273043, 41.927618061318725], [3.020624423272505, 41.92761808304562], [3.0206244522824326, 41.927708150856006], [3.0205038414578516, 41.927708172456285], [3.0203832306331386, 41.927708193929874], [3.0203832593039004, 41.92779826173899], [3.0202626483094077, 41.92779828308595], [3.0201420373147845, 41.92779830430622], [3.0201420656463767, 41.92788837211405], [3.020142093978098, 41.927978439920466], [3.0202627053120223, 41.92797841870004], [3.0203833166458165, 41.92797839735296], [3.020383287974793, 41.92788832954668], [3.0205038991388053, 41.927888308072966], [3.020624510302686, 41.92788828647255], [3.0207451214664345, 41.927888264745455], [3.0208657326300496, 41.92788824289166], [3.0208657619796773, 41.92797831069766], [3.020865791329438, 41.92806837850226], [3.0207451798265206, 41.928068400356175], [3.0207452090067632, 41.9281584681594], [3.0206245973340593, 41.92815848988672], [3.0205039856612235, 41.928158511487325], [3.0203833739882557, 41.92815853296125], [3.0203834026596716, 41.92824860076326], [3.0203834313312186, 41.928338668563875], [3.0202628193188126, 41.92833868991124], [3.0201422073062765, 41.92833871113192], [3.0201422356386445, 41.928428778931234], [3.0201422639711417, 41.92851884672913], [3.0201422923037677, 41.928608914525626], [3.020142320636524, 41.92869898232069], [3.020262933327684, 41.92869896109974], [3.020383546018714, 41.92869893975211], [3.020504158709613, 41.92869891827778], [3.0205041298678856, 41.928608850482924], [3.0205041010262903, 41.92851878268663], [3.020624713377744, 41.928518761085755], [3.020624742388996, 41.92860882888198], [3.020745354909974, 41.928608807154326], [3.0207453257290657, 41.92851873935817], [3.020865938080254, 41.92851871750391], [3.0209865504313083, 41.92851869552296], [3.0209865799515296, 41.92860876331897], [3.0209866094718856, 41.92869883111356], [3.020865996781518, 41.92869885309465], [3.0208660261323503, 41.92878892088789], [3.020866055483317, 41.92887898867973], [3.0207454424534985, 41.92887901053427], [3.020624829423547, 41.92887903226211], [3.020504216393462, 41.92887905386328], [3.0205042452355846, 41.92896912165388], [3.0203836320357094, 41.928969143128406], [3.020383660708303, 41.92905921091767], [3.0202630473386365, 41.929059232265566], [3.02014243396884, 41.92905925348678], [3.020142462302242, 41.92914932127475], [3.0201424906357737, 41.92923938906132], [3.0201425189694344, 41.92932945684647], [3.0202631328482163, 41.92932943562505], [3.02026316135167, 41.9294195034087], [3.0203837753999854, 41.92941948206053], [3.020383804073233, 41.929509549842706], [3.020383832746612, 41.92959961762346], [3.020504447134125, 41.92959959614845], [3.0205044759773, 41.929689663927725], [3.020625090534348, 41.92968964232596], [3.0206251195473213, 41.92977971010375], [3.020625148560427, 41.92986977788012], [3.020625177573665, 41.929959845655056], [3.020745792639582, 41.92995982392639], [3.0207458218226213, 41.93004989169985], [3.0208664370580736, 41.93004986984442], [3.0208664664109155, 41.9301399376164], [3.0208664957638915, 41.93023000538696], [3.0208665251170013, 41.930320073156096], [3.0209871408613314, 41.930320051173766], [3.0209871703842466, 41.9304101189414], [3.0209871999072977, 41.93050018670763], [3.0209872294304825, 41.93059025447246], [3.0211078456836957, 41.930590232363215], [3.0211078753766896, 41.93068030012656], [3.0211079050698193, 41.930770367888464], [3.0212285216622456, 41.93077034565237], [3.021349138254536, 41.930770323289586], [3.0214697548466893, 41.93077030080009], [3.021469785048982, 41.930860368560374], [3.021590401810673, 41.93086034594411], [3.0215904321827796, 41.93095041370291], [3.021711049114009, 41.93095039095987], [3.0217110796559314, 41.931040458717185], [3.0218316967566983, 41.931040435847386], [3.021952313857325, 41.93104041285086], [3.0219523447387435, 41.9311304806066], [3.0219523756203026, 41.93122054836093], [3.021952406502003, 41.931310616113834], [3.021952437383844, 41.931400683865334], [3.022073055163047, 41.931400660741815], [3.022193672942108, 41.93140063749161], [3.022193704163452, 41.93149070524154], [3.0221937353849393, 41.93158077299005], [3.022314353503221, 41.931580749613], [3.0224349716213594, 41.93158072610924], [3.022435003182354, 41.93167079385617], [3.022435034743493, 41.9317608616017], [3.022555653200854, 41.93176083797108], [3.0226762716580695, 41.93176081421375], [3.022676303558721, 41.931850881957715], [3.0226763354595176, 41.931940949700255], [3.0226763673604604, 41.93203101744139], [3.0226763992615484, 41.93212108518109], [3.0227970183973603, 41.93212106129676], [3.0227970504682813, 41.932211129034975], [3.0229176697736344, 41.93221110502386], [3.0229177020143903, 41.93230117276059], [3.0230383214892838, 41.932301148622685], [3.0231589409640303, 41.932301124358084], [3.0232795604386276, 41.93230109996677], [3.0234001799130756, 41.93230107544875], [3.0235207993873736, 41.93230105080403], [3.023520832476721, 41.93239111853893], [3.023641452120556, 41.93239109376743], [3.02376207176424, 41.932391068869215], [3.0237620383355153, 41.93230100113445], [3.0238826578093576, 41.93230097610959], [3.023882624211097, 41.932210908373484], [3.0238825906129896, 41.93212084063597], [3.0240032097473035, 41.93212081548457], [3.0241238288814625, 41.93212079020646], [3.0241238628189446, 41.932210857943815], [3.024244482122637, 41.932210832538935], [3.0242444480154673, 41.93212076480164], [3.0242444139084537, 41.93203069706294], [3.0241237949441357, 41.93203072246768], [3.024003175979663, 41.93203074774572], [3.0240031422121763, 41.93194068000543], [3.0238825234172353, 41.93194070515668], [3.023882489819588, 41.93185063741491], [3.023882456222094, 41.93176056967172], [3.0237618377663686, 41.931760594696094], [3.0237618043387116, 41.93167052695141], [3.023761770911207, 41.93158045920531], [3.023641152794695, 41.931580484102824], [3.023641119537025, 41.931490416355224], [3.0235205015900437, 41.93149044112596], [3.023520468502207, 41.93140037337685], [3.023399850724755, 41.93140039802081], [3.0233998178067494, 41.93131033027022], [3.023399784888894, 41.93122026251821], [3.023279167450652, 41.9312202870353], [3.023279134702626, 41.93113021928179], [3.0232791019547487, 41.93104015152688], [3.023279069207021, 41.93095008377054], [3.023279036459443, 41.93086001601277], [3.023158419699763, 41.93086004040286], [3.02315838712201, 41.93076997264362], [3.023158354544406, 41.93067990488294], [3.0231583219669496, 41.930589837120856], [3.023158289389643, 41.93049976935734], [3.0232789054706246, 41.930499744967555], [3.023278872723794, 41.93040967720272], [3.023278839977112, 41.93031960943646], [3.02327880723058, 41.93022954166877], [3.0231581916586143, 41.930229566058316], [3.0230375760864994, 41.93022959032117], [3.023037543679457, 41.93013952255192], [3.0230375112725634, 41.93004945478125], [3.0230374788658168, 41.929959387009156], [3.0230374464592185, 41.92986931923565], [3.023037414052768, 41.92977925146072], [3.0231580287765394, 41.92977922719826], [3.0231579962005704, 41.92968915942199], [3.023037381646466, 41.92968918368438], [3.0229167670922132, 41.92968920782008], [3.022916734855724, 41.929599140042235], [3.0229167026193826, 41.92950907226299], [3.0230373168343045, 41.92950904812744], [3.023157931049078, 41.92950902386521], [3.0231578984735554, 41.929418956084675], [3.023157865898181, 41.92932888830274], [3.0231578333229554, 41.92923882051939], [3.0231578007478785, 41.92914875273461], [3.02315776817295, 41.92905868494842], [3.0231577355981702, 41.92896861716081], [3.0231577030235393, 41.92887854937179], [3.0231576704490566, 41.92878848158134], [3.023157637874723, 41.928698413789476], [3.023157605300538, 41.928608345996196], [3.0232782178185564, 41.928608321608024], [3.023398830336426, 41.92860829709316], [3.023398797423077, 41.92851822929862], [3.02351940977114, 41.928518204657145], [3.023640022119052, 41.928518179888975], [3.0236399888665413, 41.92842811209317], [3.023760601044646, 41.928428087198384], [3.023881213222598, 41.92842806217692], [3.0240018254003966, 41.92842803702875], [3.024122437578041, 41.9284280117539], [3.0241224715091737, 41.9285180795494], [3.0242430838563195, 41.928518054147766], [3.024363696203309, 41.92851802861945], [3.024363730473909, 41.92860809641337], [3.024363764744666, 41.92869816420587], [3.024363799015579, 41.92878823199694], [3.0243638332866487, 41.92887829978661], [3.024363867557874, 41.92896836757485], [3.0243639018292567, 41.92905843536167], [3.0243639361007952, 41.92914850314707], [3.0243639703724905, 41.929238570931076], [3.024364004644342, 41.92932863871364], [3.0243640389163495, 41.92941870649479], [3.024364073188514, 41.929508774274524], [3.0243641074608347, 41.92959884205285], [3.024364141733312, 41.92968890982975], [3.024364176005945, 41.92977897760523], [3.024364210278735, 41.9298690453793], [3.0244848251704957, 41.92986901972308], [3.02448485961311, 41.92995908749565], [3.024605474674381, 41.92995906171266], [3.0247260897354944, 41.92995903580296], [3.024726124517603, 41.93004910357395], [3.024726159299871, 41.93013917134353], [3.0248467747001637, 41.93013914530697], [3.0248468096522605, 41.930229213075044], [3.024967425222064, 41.93022918691169], [3.0249674603439916, 41.930319254678274], [3.025088076083306, 41.93031922838814], [3.0250881113750654, 41.93040929615322], [3.025208727283891, 41.93040926973632], [3.0252087627454842, 41.93049933749989], [3.025208798207239, 41.93058940526205], [3.025208833669156, 41.93067947302277], [3.0253294500868395, 41.93067944647892], [3.0254500665043604, 41.93067941980838], [3.025450102305789, 41.930769487567524], [3.0254501381073813, 41.93085955532525], [3.0255707548640896, 41.93085952852783], [3.025570718892822, 41.930769460770186], [3.02569133547969, 41.93076943384615], [3.0256912993389116, 41.930679366087176], [3.0258119157559404, 41.93067933903653], [3.0258119520663938, 41.93076940679542], [3.025811988377013, 41.93085947455289], [3.0259326051332267, 41.93085944737537], [3.025932641613688, 41.93094951513135], [3.0258120246877978, 41.93094954230895], [3.0258120609987484, 41.93103961006359], [3.025932678094316, 41.9310395828859], [3.0260532951897163, 41.931039555581506], [3.026053331840189, 41.93112962333455], [3.0260533684908286, 41.93121969108618], [3.0260534051416355, 41.9313097588364], [3.025932787537198, 41.93130978614105], [3.025932824018492, 41.93139985388993], [3.0260534417926097, 41.931399826585185], [3.0261740595665603, 41.93139979915375], [3.0261740227459057, 41.931309731405044], [3.0261739859254186, 41.931219663654915], [3.0262946033598417, 41.93121963609694], [3.0262946403500073, 41.93130970384698], [3.0264152579539405, 41.93130967616221], [3.026535875557704, 41.93130964835075], [3.0265359128874003, 41.93139971609919], [3.0265359502172657, 41.93148978384623], [3.0265359875473026, 41.931579851591856], [3.026656605659939, 41.93157982365341], [3.0267772237724047, 41.93157979558827], [3.026777261441977, 41.93166986333228], [3.026897879723953, 41.931669835140355], [3.026897917563381, 41.93175990288287], [3.0270185360148676, 41.93175987456414], [3.027139154466181, 41.931759846118716], [3.02713919264515, 41.93184991385963], [3.0272598112659734, 41.9318498852874], [3.0272598496148015, 41.931939953026806], [3.0273804684051355, 41.931939924327786], [3.027380506923824, 41.932029992065694], [3.0275011258836675, 41.93202996323987], [3.0275011645722185, 41.93212003097626], [3.027621783701572, 41.93212000202364], [3.0276218225599876, 41.93221006975852], [3.0276218614185795, 41.93230013749199], [3.0277424808871314, 41.93230010841248], [3.0277425199155896, 41.93239017614444], [3.0278631395536526, 41.93239014693813], [3.0278631787519785, 41.93248021466857], [3.0278632179504834, 41.932570282397606], [3.0278632571491677, 41.932660350125225], [3.0279838772961227, 41.93266032079193], [3.0279839166646774, 41.932750388518016], [3.027983956033412, 41.932840456242715], [3.027983995402326, 41.932930523965986], [3.02798403477142, 41.93302059168783], [3.028104655596968, 41.933020562227455], [3.0281046951359367, 41.93311062994779], [3.028225316130999, 41.93311060036062], [3.0282253558398438, 41.933200668079444], [3.0281047346750856, 41.93320069766673], [3.027984113510147, 41.93320072712728], [3.02798415287978, 41.93329079484487], [3.027863531544965, 41.933290824178805], [3.0277429102099713, 41.93329085338605], [3.027622288874799, 41.93329088246655], [3.027622250014256, 41.93320081474869], [3.0276222111538904, 41.93311074702939], [3.027501590157933, 41.93311077598301], [3.0273809691617997, 41.933110804809914], [3.027380930641002, 41.93302073708903], [3.0272603098143875, 41.93302076578915], [3.027139688987598, 41.93302079436254], [3.027139650806365, 41.93293072664006], [3.0270190301490953, 41.932930755086645], [3.0268984094916527, 41.93293078340653], [3.0268983716499807, 41.93284071568245], [3.026777751162059, 41.93284074387553], [3.0267777134902514, 41.93275067614994], [3.026657093171851, 41.93275070421623], [3.0266570556699075, 41.93266063648914], [3.0265364355210274, 41.93266066442862], [3.0265363981889464, 41.93257059670002], [3.0264157782095875, 41.932570624512714], [3.0262951582300586, 41.93257065219869], [3.026295121237529, 41.9324805844685], [3.0262950842451684, 41.9323905167369], [3.0262950472529764, 41.93230044900386], [3.026174427782348, 41.93230047656288], [3.026174390960013, 41.93221040882835], [3.026053771658904, 41.93221043626056], [3.0260537350064247, 41.93212036852454], [3.0260536983541124, 41.932030300787076], [3.026053661701967, 41.931940233048195], [3.026174280494016, 41.93194020561625], [3.0262948992858973, 41.93194017805757], [3.0262948622945496, 41.931850110317455], [3.02629482530337, 41.931760042575924], [3.02629478831236, 41.93166997483297], [3.0261741700295324, 41.93167000239138], [3.0260535517465357, 41.93167002982308], [3.0260535883981787, 41.931760097566205], [3.025932969945332, 41.93176012487128], [3.025812351492319, 41.93176015204966], [3.0256917330391397, 41.93176017910134], [3.0255711145857958, 41.931760206026304], [3.0255710786128867, 41.93167013828283], [3.025571042640141, 41.93158007053795], [3.02557100666756, 41.93149000279164], [3.0254503887230997, 41.93149002958965], [3.0253297707784763, 41.931490056260955], [3.025329735145422, 41.93139998851307], [3.0252091173703173, 41.93140001505758], [3.0252090819071054, 41.931309947308186], [3.0250884643015192, 41.931309973725924], [3.0249678466957715, 41.93131000001695], [3.0249678818196224, 41.931400067766496], [3.024967916943633, 41.931490135514636], [3.0250885348887424, 41.931490109223446], [3.0252091528336904, 41.93149008280556], [3.0252091882972256, 41.931580150552115], [3.025209223760923, 41.931670218297235], [3.0253298420450734, 41.93167019175248], [3.0253298776786157, 41.931760259496116], [3.0254504961322874, 41.93176023282456], [3.025450531935677, 41.931850300566694], [3.025571150558869, 41.93185027376834], [3.025571186532107, 41.93194034150898], [3.0255712225055085, 41.932030409248206], [3.025571258479075, 41.93212047698599], [3.025571294452805, 41.932210544722366], [3.0255713304266996, 41.93230061245733], [3.0256919498981607, 41.93230058553185], [3.0258125693694566, 41.932300558479675], [3.025812605682893, 41.932390626213035], [3.025812641996495, 41.932480693944996], [3.025933261807004, 41.93248066676595], [3.0259332982904623, 41.93257073449639], [3.025812678310263, 41.93257076167553], [3.0256920583298976, 41.93257078872797], [3.0256920221858206, 41.93248072099734], [3.0255714023749807, 41.93248074792299], [3.0255714383493677, 41.93257081565369], [3.025450818368673, 41.932570842452705], [3.0253301983878154, 41.93257086912502], [3.025209578406795, 41.932570895670615], [3.0252095429414796, 41.93248082793966], [3.025088923129988, 41.932480854358474], [3.0249683033183348, 41.932480880650566], [3.0249683384442694, 41.93257094838169], [3.0249683735703647, 41.93266101611139], [3.0250889937213987, 41.93266098981913], [3.025089029017346, 41.93275105754733], [3.0250890643134545, 41.93284112527411], [3.024968443823035, 41.93284115156655], [3.0249684086966195, 41.93275108383968], [3.024847788375733, 41.93275111000532], [3.0248477534191696, 41.93266104227695], [3.0247271332678154, 41.932661068315795], [3.0246065131163022, 41.932661094227925], [3.0244858929646314, 41.93266112001334], [3.024365272812803, 41.93266114567206], [3.024365238535164, 41.93257107794195], [3.0242446185528706, 41.93257110347387], [3.0242445844450785, 41.93248103574226], [3.02412396463232, 41.9324810611474], [3.024123998570422, 41.932571128879076], [3.0240033785878175, 41.932571154157586], [3.0240033448194064, 41.932481086425824], [3.0238827250063385, 41.932481111577545], [3.023762105193118, 41.932481136602554], [3.0237621386221476, 41.93257120433448], [3.0237621720513306, 41.93266127206498], [3.0236415518985753, 41.932661296963445], [3.0235209317456686, 41.93266132173519], [3.0235209648356194, 41.93275138946443], [3.023520997925722, 41.932841457192254], [3.0236416184180133, 41.93284143242036], [3.0236416516779605, 41.93293150014671], [3.023641684938059, 41.93302156787162], [3.023762305769587, 41.933021542972845], [3.0237623391995325, 41.93311161069626], [3.023882960200603, 41.9331115856707], [3.023882993800397, 41.93320165339263], [3.02400361497101, 41.933201628240276], [3.024124236141469, 41.93320160296122], [3.0242448573117726, 41.933201577555444], [3.024244823202891, 41.93311150983375], [3.024365444203344, 41.93311148430135], [3.024365478481921, 41.93320155202296], [3.024486099651913, 41.93320152636376], [3.024606720821748, 41.933201500577844], [3.0247273419914245, 41.933201474665225], [3.0248479631609424, 41.93320144862589], [3.0248479981184624, 41.93329151634575], [3.0248480330761427, 41.9333815840642], [3.0249686545848955, 41.93338155789798], [3.0250892760934875, 41.933381531605065], [3.0252098976019184, 41.93338150518544], [3.025209862135146, 41.933291437467226], [3.0253304834737182, 41.93329141092096], [3.0253305191101876, 41.933381478639085], [3.0254511406182942, 41.93338145196602], [3.0254511764246246, 41.933471519682634], [3.0255717981022663, 41.933471492882774], [3.025571834078459, 41.93356156059789], [3.025571870054816, 41.93365162831157], [3.0255719060313373, 41.933741696023844], [3.025571942008023, 41.9338317637347], [3.025571977984872, 41.933921831444145], [3.025692600510852, 41.93392180451714], [3.0258132230366668, 41.93392177746344], [3.0259338455623155, 41.93392175028301], [3.026054468087798, 41.93392172297586], [3.0261750906131133, 41.93392169554201], [3.0261750537877536, 41.933831627832994], [3.0262956761431985, 41.93383160027252], [3.0262957131382606, 41.93392166798144], [3.0264163356632388, 41.93392164029416], [3.0265369581880477, 41.93392161248015], [3.0266575807126856, 41.93392158453944], [3.026778203237153, 41.93392155647201], [3.0268988257614486, 41.93392152827786], [3.027019448285571, 41.933921499956995], [3.0270194862990185, 41.93401156766397], [3.0270195243126397, 41.93410163536953], [3.0270195623264344, 41.934191703073665], [3.027019600340403, 41.93428177077641], [3.0271402235431677, 41.93428174232847], [3.0271402617270153, 41.93437181002968], [3.027260885099312, 41.934371781454935], [3.0272609234530403, 41.934461849154644], [3.027140299911037, 41.93446187772948], [3.0271403380952333, 41.93455194542787], [3.0271403762796036, 41.93464201312483], [3.0272610001610225, 41.93464198454981], [3.0273816240422664, 41.934641955848086], [3.02738158551848, 41.9345518881513], [3.027381546994869, 41.9344618204531], [3.027502170536521, 41.93446179162484], [3.0276227940779976, 41.93446176266985], [3.0276227552151482, 41.934371694970416], [3.0277433785867403, 41.93437166588881], [3.027864001958154, 41.934371636680474], [3.027984625329389, 41.934371607345426], [3.0281052487004443, 41.93437157788367], [3.0282258720713187, 41.93437154829518], [3.028225832360118, 41.934281480594805], [3.0282257926490987, 41.93419141289297], [3.02822575293826, 41.934101345189745], [3.0282257132276027, 41.9340112774851], [3.028225673517127, 41.93392120977903], [3.0282256338068323, 41.93383114207155], [3.0283462561593018, 41.93383111235691], [3.0284668785115896, 41.93383108251556], [3.0284669185612887, 41.93392115022285], [3.02846695861117, 41.93401121792874], [3.0284669986612345, 41.9341012856332], [3.0284670387114816, 41.93419135333624], [3.028467078761911, 41.93428142103787], [3.028467118812524, 41.93437148873807], [3.028467158863319, 41.934461556436865], [3.0285877824033545, 41.93446152646815], [3.028708405943206, 41.9344614963727], [3.0287084463335994, 41.93455156406987], [3.028708486724177, 41.93464163176565], [3.0287085271149388, 41.934731699459995], [3.028708567505885, 41.934821767152926], [3.028708607897015, 41.93491183484444], [3.02870864828833, 41.93500190253454], [3.028708688679829, 41.93509197022321], [3.028708729071513, 41.93518203791047], [3.0288293539688613, 41.93518200768755], [3.0288293945304425, 41.9352720753733], [3.02882943509221, 41.93536214305763], [3.028829475654161, 41.93545221074054], [3.028829516216298, 41.935542278422034], [3.02882955677862, 41.9356323461021], [3.028708931032695, 41.9356323763255], [3.0287089714254845, 41.93572244400426], [3.028829597341127, 41.935722413780766], [3.0289502232565844, 41.93572238343055], [3.028950182524359, 41.93563231575198], [3.028950141792321, 41.93554224807201], [3.028950101060468, 41.93545218039062], [3.0289500603288015, 41.9353621127078], [3.029070685565207, 41.935362082231244], [3.0291913108014263, 41.93536205162797], [3.029311936037458, 41.935362020897976], [3.0294325612733015, 41.93536199004126], [3.0294325198629632, 41.93527192235741], [3.029553144928903, 41.935271891374065], [3.02955310334904, 41.93518182368889], [3.029673728245077, 41.93518179257893], [3.0296737699946537, 41.935271860263995], [3.029673811744421, 41.93536192794765], [3.029673853494379, 41.9354519956299], [3.0296738952445277, 41.9355420633107], [3.029673936994867, 41.93563213099011], [3.029553311250254, 41.93563216210055], [3.029553269669632, 41.93554209442106], [3.029432644094546, 41.935542125404695], [3.029432685505452, 41.93563219308429], [3.0294327269165464, 41.935722260762475], [3.02943276832783, 41.93581232843923], [3.029432809739302, 41.93590239611456], [3.029432851150964, 41.93599246378849], [3.0294328925628147, 41.93608253146099], [3.0294329339748542, 41.936172599132085], [3.0294329753870826, 41.936262666801746], [3.0294330167995005, 41.936352734470006], [3.029433058212107, 41.93644280213683], [3.0294330996249026, 41.93653286980224], [3.029433141037887, 41.936622937466254], [3.0293125134259604, 41.93662296832433], [3.029312554669408, 41.936713035987], [3.029433182451061, 41.93671300512883], [3.0294332238644235, 41.936803072789985], [3.0295538518156144, 41.93680304180499], [3.0295538933988935, 41.93689310946465], [3.029433265277975, 41.93689314044973], [3.0294333066917156, 41.93698320810806], [3.0294333481056452, 41.93707327576497], [3.029433389519764, 41.937163343420465], [3.0293127608894688, 41.93716337427912], [3.029192132258986, 41.93716340501105], [3.0291921733338323, 41.9372534726653], [3.0293128021340463, 41.93725344193328], [3.0293128433788112, 41.93734350958603], [3.0293128846237645, 41.93743357723737], [3.0291922554840873, 41.93743360796958], [3.0291922965594957, 41.9375236756196], [3.029192337635092, 41.937613743268194], [3.0291923787108757, 41.93770381091537], [3.029071749061809, 41.93770384152115], [3.029071789968045, 41.937793909167], [3.0290718308744675, 41.93788397681144], [3.029192460863005, 41.93788394620547], [3.029313090851355, 41.937883915472774], [3.0294337208395166, 41.937883884613335], [3.029433679423886, 41.93779381696919], [3.0294336380084443, 41.937703749323624], [3.029554267656946, 41.937703718337666], [3.0296748973052576, 41.93770368722496], [3.0296748555505357, 41.937613619578165], [3.0296748137960043, 41.937523551929964], [3.029795443104657, 41.937523520690725], [3.0299160724131187, 41.93752348932476], [3.0300367017213876, 41.93752345783205], [3.0301573310294647, 41.937523426212614], [3.0302779603373473, 41.93752339446647], [3.0303985896450354, 41.937523362593566], [3.0305192189525285, 41.93752333059395], [3.0306398482598254, 41.93752329846759], [3.030639891372227, 41.937613366114995], [3.030760520849061, 41.937613333861805], [3.030760564131394, 41.93770340150771], [3.0307606074139244, 41.93779346915218], [3.0308812372300307, 41.937793436772054], [3.031001867045939, 41.9377934042652], [3.031001823423938, 41.93770333662094], [3.0308811937777653, 41.93770336912768], [3.030881150325698, 41.937613301481896], [3.030881106873829, 41.93752323383469], [3.0308810634221577, 41.93743316618606], [3.0307604342849883, 41.93743319856578], [3.030760391003248, 41.93734313091563], [3.030760347721705, 41.93725306326408], [3.0308809765194114, 41.937253030884555], [3.031001605316919, 41.93725299837831], [3.0311222341142283, 41.937252965745344], [3.031122277904965, 41.937343033396594], [3.031122321695902, 41.93743310104644], [3.0312429508324747, 41.93743306828653], [3.0312429947933444, 41.937523135934846], [3.0313636240994493, 41.93752310304809], [3.0313636682302536, 41.937613170694895], [3.0313637123612587, 41.93770323834028], [3.0312430827156853, 41.93770327122723], [3.0311224530699117, 41.93770330398745], [3.031122496861648, 41.937793371631614], [3.031243126677157, 41.93779333887129], [3.031363756492466, 41.937793305984236], [3.031484386307573, 41.93779327297046], [3.031605016122478, 41.93779323982994], [3.03172564593718, 41.93779320656268], [3.0317256905777965, 41.937883274204914], [3.0316050605933587, 41.937883307472276], [3.0314844306087174, 41.93788334061289], [3.031484474910064, 41.9379734082539], [3.031363844755484, 41.93797344126791], [3.031243214600702, 41.93797347415515], [3.03112258444572, 41.93797350691568], [3.031122628238056, 41.938063574555606], [3.031243258562776, 41.938063541794975], [3.031363888887295, 41.93806350890762], [3.0313639330193074, 41.9381535765459], [3.0313639771515213, 41.93824364418277], [3.031484607815317, 41.93824361116847], [3.03160523847891, 41.93824357802743], [3.0317258691423, 41.93824354475965], [3.0318464998054866, 41.938243511365144], [3.0319671304684688, 41.938243477843905], [3.0319670854875587, 41.93815341020757], [3.031967040506854, 41.938063342569805], [3.031966995526355, 41.9379732749306], [3.0319669505460607, 41.937883207290014], [3.0319669055659717, 41.937793139648], [3.0319668605860883, 41.93770307200456], [3.03196681560641, 41.937613004359704], [3.031966770626937, 41.93752293671342], [3.032087399931822, 41.93752290306629], [3.0322080292365015, 41.93752286929243], [3.0322079839177674, 41.93743280164497], [3.0320873547828215, 41.937432835418704], [3.032087309634027, 41.93734276776971], [3.0319666806686074, 41.93734280141663], [3.0319666356897503, 41.9372527337661], [3.0319665907110984, 41.937162666114155], [3.031845962084936, 41.93716269963413], [3.031845917276219, 41.93707263198066], [3.0318458724677066, 41.936982564325774], [3.0319665007544105, 41.936982530806006], [3.0319664557763746, 41.93689246314982], [3.032087083893145, 41.93689242950342], [3.032087038745587, 41.93680236184591], [3.0322076666924236, 41.9368023280729], [3.032328294639053, 41.93680229417316], [3.032328249152247, 41.93671222651444], [3.032448876928943, 41.93671219248809], [3.0324488312726183, 41.93662212482806], [3.0325694588793795, 41.93662209067508], [3.0325694130535386, 41.93653202301374], [3.0325693672279064, 41.93644195535097], [3.0325693214024834, 41.93635188768681], [3.03256927557727, 41.936261820021215], [3.032448648649405, 41.936261854173765], [3.0324486029941227, 41.93617178650665], [3.0324485573390487, 41.93608171883812], [3.032327930750419, 41.93608175286373], [3.032207304161582, 41.936081786762614], [3.032207258846157, 41.935991719092456], [3.032086632426834, 41.9359917528645], [3.031966006007304, 41.93599178650984], [3.0318453795875695, 41.93599182002844], [3.0317247531676306, 41.93599185342033], [3.031604126747488, 41.93599188668549], [3.031483500327142, 41.93599191982393], [3.031483456030243, 41.93590185215171], [3.0313628297794146, 41.93590188516331], [3.0312422035283855, 41.935901918048195], [3.031121577277155, 41.935901950806354], [3.0311216210648944, 41.93599201847888], [3.0310009946437444, 41.935992051110425], [3.0308803682223955, 41.93599208361523], [3.0308804116708936, 41.93608215128654], [3.03088045511959, 41.93617221895644], [3.0308804985684845, 41.93626228662491], [3.030759871637773, 41.936262319003305], [3.0306392447068644, 41.93626235125498], [3.030639287816511, 41.93635241892224], [3.0306393309263546, 41.93644248658808], [3.030518703655803, 41.93644251871322], [3.0303980763850547, 41.93644255071163], [3.0303981191556457, 41.93653261837626], [3.0302774917149784, 41.93653265024806], [3.0302775343160397, 41.93662271791137], [3.030156906705452, 41.93662274965653], [3.030036279094671, 41.93662278127498], [3.0300363213564743, 41.93671284893706], [3.0300363636184713, 41.93680291659773], [3.029915735668044, 41.936802948089635], [3.029915777760506, 41.93689301574899], [3.0297951496401594, 41.93689304711427], [3.029795107717425, 41.93680297945481], [3.0297950657948824, 41.93671291179394], [3.0297950238725306, 41.93662284413166], [3.0299156514836967, 41.936622812766686], [3.029915609391811, 41.936532745103065], [3.0299155673001175, 41.936442677438045], [3.030036194571642, 41.936442645946535], [3.0300361523104167, 41.9363525782802], [3.0300361100493847, 41.93626251061243], [3.030036067788545, 41.93617244294325], [3.0300360255278984, 41.936082375272655], [3.03015665212034, 41.93608234365482], [3.0301566096901653, 41.935992275982905], [3.030156567260185, 41.93590220830957], [3.0301565248303977, 41.935812140634816], [3.0301564824008045, 41.935722072958654], [3.0301564399714045, 41.935632005281064], [3.0301563975421986, 41.93554193760206], [3.0301563551131863, 41.93545186992164], [3.0302769805174057, 41.93545183817777], [3.030397605921431, 41.93545180630718], [3.0303975631531817, 41.93536173862553], [3.0305181883872967, 41.93536170662832], [3.0305181454495282, 41.935271638945366], [3.0306387705137325, 41.93527160682154], [3.0307593955777405, 41.93527157457098], [3.0308800206415505, 41.93527154219371], [3.0310006457051624, 41.93527150968971], [3.0310006893217882, 41.935361577372255], [3.0311213145549156, 41.93536154474144], [3.0311213583414562, 41.93545161242247], [3.0312419837440987, 41.935451579664836], [3.0313626091465404, 41.93545154678046], [3.03136256502057, 41.93536147909963], [3.0313625208948007, 41.935271411417396], [3.0313624767692327, 41.935181343733724], [3.031362432643866, 41.93509127604865], [3.0312418079202805, 41.935091308932606], [3.031241763964827, 41.935001241246006], [3.0313623885187013, 41.93500120836215], [3.0313623443937376, 41.93491114067424], [3.0313623002689747, 41.9348210729849], [3.0314829244832255, 41.93482103997454], [3.0316035486972743, 41.93482100683746], [3.031603504233294, 41.934730939146924], [3.0314828801889546, 41.934730972283894], [3.031482835894886, 41.93464090459184], [3.031603459769516, 41.93464087145496], [3.0316034153059417, 41.934550803761574], [3.0316033708425696, 41.934460736066775], [3.0314827473073556, 41.93446076920344], [3.031362123771939, 41.934460802213394], [3.0313620796481837, 41.93437073451698], [3.0312414562822725, 41.934370767400104], [3.0312414123284244, 41.934280699702164], [3.0311207891320184, 41.93428073245846], [3.031000165935413, 41.93428076508806], [3.0310002095498496, 41.93437083278621], [3.031120832916161, 41.934370800156515], [3.0311208767005033, 41.93446086785314], [3.0312415002363213, 41.93446083509662], [3.031241544190571, 41.93455090279173], [3.031120920485045, 41.93455093554835], [3.031120964269787, 41.93464100324214], [3.0310003403943533, 41.93464103587215], [3.0308797165187205, 41.93464106837542], [3.0307590926428896, 41.93464110075199], [3.030638468766861, 41.934641133001826], [3.030638511872967, 41.93473120069461], [3.0305178878270325, 41.93473123281784], [3.0303972637809022, 41.934731264814346], [3.030397306547785, 41.93482133250592], [3.0305179307636254, 41.934821300509306], [3.0305179737004138, 41.93491136819935], [3.0303973493148635, 41.93491140019607], [3.030276724929118, 41.93491143206606], [3.0302766823317504, 41.93482136437581], [3.030276639734577, 41.93473129668414], [3.030156015688057, 41.93473132842721], [3.0300353916413436, 41.93473136004356], [3.030035349383783, 41.93464129235028], [3.0299147255065857, 41.93464132383981], [3.0297941016291965, 41.934641355202636], [3.029794059711245, 41.93455128750773], [3.0296734360033724, 41.93455131874373], [3.02967339425532, 41.93446125104731], [3.0295527707169643, 41.93446128215651], [3.029552729138809, 41.934371214458565], [3.0294321057699705, 41.93437124544095], [3.0294320643617105, 41.93428117774151], [3.0293114411623887, 41.934281208597056], [3.0293113999240227, 41.93419114089609], [3.0291907768942186, 41.93419117162483], [3.029190735825745, 41.93410110392235], [3.0291906947574594, 41.934011036218465], [3.0291906536893607, 41.93392096851316], [3.02919061262145, 41.933830900806434], [3.0291905715537264, 41.93374083309829], [3.0291905304861904, 41.93365076538872], [3.0291904894188417, 41.93356069767775], [3.02919044835168, 41.93347062996535], [3.0291904072847067, 41.93338056225153], [3.0293110287872, 41.93338053152365], [3.029310987550716, 41.93329046380852], [3.02919036621792, 41.933290494536294], [3.029190325151321, 41.933200426819646], [3.029190284084909, 41.93311035910157], [3.0290696630913185, 41.933110389702435], [3.0290697039880343, 41.933200457420604], [3.0290697448849366, 41.93329052513735], [3.0289491235517665, 41.933290555611705], [3.0289490828245604, 41.933200487894865], [3.028949042097541, 41.9331104201766], [3.028828421103577, 41.93311045052405], [3.0288283805464378, 41.93302038280428], [3.0287077597219847, 41.93302041302492], [3.0287078001094287, 41.933110480744794], [3.0285871791150956, 41.93311051083881], [3.0285872193330285, 41.933200578557354], [3.028466598168816, 41.933200608524764], [3.0284665581205794, 41.93311054080613], [3.028466518072525, 41.93302047308607], [3.028587138897347, 41.93302044311884], [3.0285870986797816, 41.932930375397476], [3.0285870584623997, 41.93284030767467], [3.0287076789476495, 41.932840277580915], [3.0287076385607588, 41.9327502098568], [3.0285870182452013, 41.932750239950444], [3.0284663979294604, 41.93275026991738], [3.028466437976966, 41.93284033764169], [3.02834581749135, 41.93284036748201], [3.0282251970055514, 41.93284039719562], [3.0282251572974315, 41.932750329471126], [3.0282251175894923, 41.93266026174521], [3.0282250778817352, 41.93257019401787], [3.0281044579048313, 41.9325702236045], [3.0281044183669454, 41.93248015587565], [3.02810437882924, 41.93239008814538], [3.027983759191536, 41.93239011760511], [3.0279837198236996, 41.93230004987334], [3.027983680456043, 41.932209982140144], [3.027983641088566, 41.93211991440554], [3.0279836017212687, 41.932029846669515], [3.027983562354151, 41.931939778932055], [3.0278629435647044, 41.931939808264616], [3.0278629043674514, 41.93184974052566], [3.0277422857475105, 41.931849769731414], [3.0276216671273914, 41.931849798810475], [3.027621628269686, 41.93175973106992], [3.0276215894121576, 41.93166966332794], [3.027621550554807, 41.93157959558455], [3.027500932443561, 41.931579624536624], [3.027500893756069, 41.931489556791725], [3.0273802758143287, 41.93148958561701], [3.0273802372966947, 41.93139951787058], [3.027259619524459, 41.931399546569075], [3.0272595811766814, 41.931309478821156], [3.0271389635739516, 41.93130950739285], [3.0271389253960286, 41.931219439643435], [3.0270183079628037, 41.93121946808833], [3.0270182699547337, 41.93112940033738], [3.0268976526910145, 41.931129428655495], [3.0267770354271226, 41.9311294568469], [3.026776997758582, 41.93103938909437], [3.026656380664196, 41.93103941715898], [3.0265357635696395, 41.93103944509689], [3.0265357262406254, 41.93094937734277], [3.0265356889117814, 41.93085930958723], [3.0264150721564076, 41.93085933739825], [3.026294455400865, 41.93085936508259], [3.0262944184115432, 41.93076929732546], [3.0262943814223893, 41.93067922956691], [3.0262943444334054, 41.93058916180696], [3.0262943074445894, 41.93049909404556], [3.0261736913675756, 41.93049912160283], [3.0261736545486015, 41.930409053839945], [3.0260530386410927, 41.93040908127045], [3.0260530019919583, 41.93031901350605], [3.0260529653429913, 41.93022894574024], [3.0260529286941913, 41.930138877973015], [3.0259323132955283, 41.93013890527656], [3.0259322768165653, 41.930048837507826], [3.0258116615874053, 41.93004886468457], [3.0258116252782776, 41.929958796914335], [3.0258115889693156, 41.92986872914268], [3.0258115526605187, 41.92977866136961], [3.0258115163518884, 41.929688593595124], [3.025811480043423, 41.92959852581921], [3.0258114437351233, 41.92950845804189], [3.02581140742699, 41.929418390263145], [3.025811371119022, 41.92932832248299], [3.0258113348112197, 41.92923825470141], [3.025690721108885, 41.929238281750706], [3.02569068497091, 41.929148213967615], [3.0256906488331, 41.92905814618312], [3.0256906126954553, 41.928968078397205], [3.025690576557975, 41.92887801060987], [3.0258111895816673, 41.928877983560916], [3.0258111532746934, 41.92878791577225], [3.025811116967885, 41.92869784798216], [3.025931729652095, 41.92869782080669], [3.0260523423361385, 41.92869779350451], [3.0260523056901816, 41.92860772571319], [3.026052269044392, 41.92851765792043], [3.0261728813889546, 41.928517630491754], [3.026293493733349, 41.92851760293638], [3.026293456748416, 41.92842753514238], [3.026293419763651, 41.92833746734698], [3.026293382779055, 41.92824739955014], [3.026293345794628, 41.92815733175188], [3.026172734128851, 41.92815735930692], [3.026052122462906, 41.92815738673526], [3.0260521591080267, 41.928247454533675], [3.025931547272261, 41.92824748183542], [3.0258109354363296, 41.92824750901046], [3.025690323600232, 41.92824753605882], [3.0256902874640716, 41.928157468260146], [3.0256902513280752, 41.92806740046005], [3.0255696398311187, 41.92806742738155], [3.02556960386494, 41.92797735957995], [3.025448992537471, 41.92797738637468], [3.0254489567411067, 41.92788731857158], [3.0254489209449056, 41.927797250767064], [3.025448885148868, 41.92770718296112], [3.025328274330186, 41.927707209628906], [3.025207663511342, 41.92770723617], [3.025207628054765, 41.927617168362474], [3.02520759259835, 41.92752710055355], [3.0250869821186406, 41.927527126967796], [3.025086946832034, 41.92743705915735], [3.0249663365218105, 41.927437085444815], [3.0249663014050117, 41.92734701763289], [3.024966266288373, 41.92725694981953], [3.0249662311718946, 41.927166882004734], [3.0248456213704475, 41.92716690816528], [3.0248455864237735, 41.92707684034901], [3.024724976791811, 41.927076866382784], [3.0247250115688407, 41.92716693419914], [3.02472504634603, 41.92725700201407], [3.024725081123377, 41.92734706982761], [3.024725115900883, 41.927437137639714], [3.0246045055901813, 41.92743716354712], [3.024483895279321, 41.92743718932785], [3.0243632849683038, 41.927437214981886], [3.0242426746571303, 41.92743724050924], [3.0241220643458013, 41.92743726590991], [3.0241220304165264, 41.9273471980974], [3.024121996487407, 41.92725713028348], [3.0240013865152147, 41.92725715555731], [3.0240013527558944, 41.92716708774187], [3.023880742953193, 41.92716711288893], [3.023760133150338, 41.9271671379093], [3.0237601665703693, 41.927257205724885], [3.023639556597717, 41.92725723061865], [3.023639523347331, 41.92716716280298], [3.023639490097097, 41.92707709498592], [3.023518880463582, 41.92707711975283], [3.023398270829916, 41.92707714439308], [3.0232776611961003, 41.927077168906635], [3.0232776284549474, 41.92698710108791], [3.0232775957139437, 41.92689703326777], [3.0231569864192642, 41.92689705765448], [3.0231569538480523, 41.92680698983283], [3.023036344722865, 41.926807014092795], [3.0230363123214423, 41.926716946269664], [3.0230362799201678, 41.92662687844512], [3.0229156711341143, 41.926626902578235], [3.0227950623479134, 41.926626926584674], [3.022795030286065, 41.92653685875855], [3.022794998224363, 41.92644679093102], [3.0227949661628073, 41.92635672310206], [3.022794934101398, 41.92626665527168], [3.0227949020401352, 41.9261765874399], [3.022794869979019, 41.9260865196067], [3.0227948379180485, 41.92599645177207], [3.0227948058572243, 41.925906383936024], [3.0227947737965466, 41.92581631609856], [3.022794741736015, 41.925726248259686], [3.02279470967563, 41.92563618041939], [3.022794677615391, 41.92554611257768], [3.0227946455552983, 41.92545604473454], [3.022794613495352, 41.92536597688999], [3.0229152199066727, 41.92536595288461], [3.022915187677244, 41.92527588503872], [3.0229151554479627, 41.92518581719141], [3.0230357615198793, 41.92518579305951], [3.0230357291211183, 41.92509572521086], [3.0230356967225043, 41.92500565736079], [3.022915090989841, 41.925005681492536], [3.0229150587610008, 41.92491561364098], [3.0229150265323077, 41.924825545787996], [3.022914994303762, 41.924735477933595], [3.022794389079825, 41.92473550193845], [3.022794357021049, 41.92464543408256], [3.0227943249624194, 41.92455536622525], [3.0227942929039364, 41.92446529836651], [3.0226736881887204, 41.92446532224447], [3.022673656300004, 41.92437525438425], [3.0225530517542634, 41.92437527813546], [3.022553020035313, 41.92428521027374], [3.022432415659047, 41.92428523389819], [3.0224323841098606, 41.924195166035], [3.0223117799030703, 41.92419518953271], [3.022191175696137, 41.92419521290375], [3.022191144486331, 41.92410514503898], [3.022191113276668, 41.92401507717278], [3.022070509408828, 41.924015100417], [3.0220704783689243, 41.92392503254933], [3.0220704473291615, 41.92383496468024], [3.0219498438004133, 41.92383498779764], [3.0219498129304077, 41.92374491992704], [3.0219497820605437, 41.92365485205505], [3.02194975119082, 41.923564784181615], [3.021949720321237, 41.92347471630678], [3.021829117470805, 41.92347473929723], [3.021829086770975, 41.92338467142089], [3.0218290560712857, 41.923294603543155], [3.021829025371736, 41.92320453566398], [3.021828994672327, 41.923114467783385], [3.0218289639730576, 41.923024399901394], [3.021828933273928, 41.922934332017974], [3.0218289025749394, 41.92284426413314], [3.02182887187609, 41.922754196246885], [3.0218288411773813, 41.92266412835921], [3.0218288104788127, 41.92257406047012], [3.021828779780384, 41.92248399257961], [3.021828749082095, 41.92239392468769], [3.0218287183839467, 41.922303856794336], [3.021828687685938, 41.922213788899576], [3.0219492881618693, 41.92221376591014], [3.0219492572943993, 41.92212369801405], [3.022069857600588, 41.92212367489802], [3.022190457906635, 41.922123651655326], [3.0223110582125394, 41.92212362828598], [3.022431658518301, 41.922123604789974], [3.0225522588239184, 41.922123581167284], [3.0225522905393953, 41.922213649063025], [3.0226728910144693, 41.92221362531362], [3.0226729228996936, 41.922303693207866], [3.022793523544224, 41.92230366933171], [3.022793555599197, 41.92239373722447], [3.0227935876543155, 41.9224838051158], [3.02279361970958, 41.92257387300571], [3.0227936517649914, 41.922663940894225], [3.022914253087793, 41.92266391689111], [3.0229142853129565, 41.92275398477812], [3.0229143175382673, 41.922844052663706], [3.0230349192001342, 41.922844028533774], [3.0230349515951995, 41.92293409641786], [3.0230349839904127, 41.92302416430054], [3.023155585991348, 41.92302414004379], [3.023155618556318, 41.923114207924975], [3.023276220726714, 41.92311418354148], [3.0232762534614426, 41.923204251421176], [3.0232762861963205, 41.923294319299444], [3.0233968887057876, 41.92329429478913], [3.023396921610427, 41.92338436266591], [3.023517524289355, 41.92338433802884], [3.0235175573637565, 41.92347440590412], [3.0236381602121463, 41.923474381140316], [3.023638193456312, 41.923564449014094], [3.0236382267006285, 41.92365451688647], [3.0237588298880933, 41.92365449199584], [3.023758863302177, 41.92374455986671], [3.023879466659104, 41.92374453484932], [3.023879500242955, 41.9238346027187], [3.0238795338269595, 41.92392467058666], [3.023879567411117, 41.924014738453195], [3.024000171276739, 41.9240147133089], [3.024000205030668, 41.92410478117396], [3.024120809065754, 41.92410475590292], [3.0241208429894546, 41.92419482376646], [3.0241208769133103, 41.92428489162858], [3.0241209108373215, 41.924374959489306], [3.02424151538111, 41.92437493409134], [3.0242415494748967, 41.92446500195056], [3.0243621541881502, 41.924464976425845], [3.0244827589012475, 41.92446495077447], [3.024603363614188, 41.924464924996414], [3.0247239683269704, 41.92446489909168], [3.0248445730395943, 41.92446487306028], [3.024844538097704, 41.924374805201474], [3.0249651426405477, 41.92437477904348], [3.025085747183231, 41.924374752758816], [3.0252063517257533, 41.92437472634748], [3.025206316275163, 41.9242846584875], [3.025326920647903, 41.924284631949575], [3.0253269562681138, 41.92437469980947], [3.025326991888487, 41.92446476766794], [3.025327027509023, 41.92455483552501], [3.02520642262742, 41.92455486206319], [3.025206458078496, 41.92464492991892], [3.025327063129721, 41.92464490338065], [3.0253270987505823, 41.92473497123488], [3.0253271343716053, 41.924825039087686], [3.0253271699927913, 41.92491510693907], [3.0254477755527254, 41.924915080273884], [3.0254478113436996, 41.925005148123766], [3.0254478471348367, 41.92509521597225], [3.025327241235651, 41.92509524263759], [3.0253272768573245, 41.92518531048473], [3.0254478829261373, 41.925185283819296], [3.0255684889947867, 41.92518525702719], [3.025568524955878, 41.925275324872736], [3.025689131193991, 41.92527529795385], [3.0258097374319397, 41.9252752709083], [3.025809773732452, 41.92536533875226], [3.0259303801398634, 41.925365311579945], [3.025930416610171, 41.92545537942241], [3.026051023187045, 41.925455352123315], [3.026051059827149, 41.92554541996429], [3.0261716665734855, 41.925545392538446], [3.0262922733196542, 41.92554536498592], [3.0262923102991874, 41.925635432825295], [3.026292347278889, 41.925725500663226], [3.0262923842587597, 41.925815568499765], [3.026292421238799, 41.92590563633486], [3.026292458219007, 41.92599570416857], [3.026292495199384, 41.926085772000846], [3.026292532179929, 41.92617583983171], [3.0261719242463285, 41.926175867384835], [3.0260513163125595, 41.92617589481129], [3.0260513529540014, 41.92626596264088], [3.0260513895956103, 41.92635603046909], [3.0259307813224012, 41.92635605776903], [3.0258101730490257, 41.926356084942284], [3.0258102093515262, 41.92644615276924], [3.025810245654193, 41.92653622059476], [3.0258102819570247, 41.92662628841887], [3.025930890739316, 41.92662626124537], [3.0259309272119537, 41.926716329067965], [3.0260515361637186, 41.926716301767684], [3.0260515728061637, 41.92680636958879], [3.0260516094487757, 41.92689643740849], [3.0261722187396565, 41.92689640998136], [3.026172255552078, 41.92698647779954], [3.026292865012433, 41.926986450245636], [3.026292901994666, 41.927076518062314], [3.0262929389770683, 41.92716658587758], [3.0262929759596386, 41.92725665369142], [3.026293012942378, 41.92734672150385], [3.026293049925286, 41.92743678931486], [3.0262930869083635, 41.92752685712445], [3.026293123891609, 41.92761692493262], [3.026293160875024, 41.927706992739374], [3.026293197858607, 41.92779706054472], [3.026293234842359, 41.92788712834864], [3.0262932718262796, 41.92797719615113], [3.0264138831525838, 41.92797716846958], [3.0265344944787183, 41.92797714066135], [3.026534531802111, 41.92806720846227], [3.0265345691256744, 41.92815727626176], [3.0266551807909425, 41.92815724832664], [3.0266552182843296, 41.92824731612463], [3.0266552557778876, 41.92833738392121], [3.026775867782292, 41.92833735585924], [3.026775905445676, 41.928427423654306], [3.026775943109232, 41.92851749144795], [3.0268965554527747, 41.928517463259105], [3.0270171677961453, 41.92851743494359], [3.0271377801393418, 41.92851740650137], [3.0272583924823646, 41.92851737793246], [3.027379004825212, 41.92851734923687], [3.027499617167884, 41.928517320414585], [3.0274995784863945, 41.92842725262148], [3.0274995398050817, 41.928337184826944], [3.027620151808267, 41.92833715587815], [3.0277407638112743, 41.92833712680265], [3.02774072479083, 41.928247059006885], [3.0277406857705635, 41.9281569912097], [3.027861297434086, 41.92815696200771], [3.0279819090974294, 41.92815693267903], [3.0279818697380363, 41.92806686488062], [3.0279818303788226, 41.927976797080774], [3.0279817910197884, 41.927886729279535], [3.027981751660934, 41.92779666147687], [3.028102362645493, 41.92779663202187], [3.028222973629871, 41.92779660244017], [3.028222933931897, 41.927706534636265], [3.028222894234105, 41.927616466830955], [3.0282228545364935, 41.92752639902421], [3.0282228148390637, 41.927436331216065], [3.0283434251446675, 41.927436301508045], [3.02846403545009, 41.92743627167335], [3.028463995413549, 41.927346203863976], [3.0284639553771897, 41.92725613605317], [3.0285845653431376, 41.92725610609197], [3.0285845251373162, 41.92716603827984], [3.028705134933436, 41.927166008192046], [3.028705094558155, 41.927075940378614], [3.0288257041844457, 41.927075910164234], [3.028946313810552, 41.92707587982317], [3.0289462730961687, 41.926985812008496], [3.029066882552446, 41.92698578154084], [3.029066841668606, 41.92689571372486], [3.0290668007849524, 41.92680564590742], [3.028946191667959, 41.92680567637489], [3.028946150954133, 41.92671560855596], [3.028946110240493, 41.92662554073562], [3.0290667190182052, 41.926625510268344], [3.029187327795731, 41.9266254796744], [3.0291872867429976, 41.92653541185282], [3.0291872456904523, 41.92644534402983], [3.029187204638094, 41.92635527620543], [3.029187163585923, 41.9262652083796], [3.029187122533939, 41.92617514055235], [3.029187081482142, 41.926085072723694], [3.0291870404305334, 41.92599500489361], [3.0291869993791116, 41.925904937062114], [3.029186958327877, 41.92581486922919], [3.02918691727683, 41.92572480139486], [3.02918687622597, 41.925634733559114], [3.029186835175298, 41.925544665721944], [3.0291867941248127, 41.92545459788335], [3.029186753074515, 41.92536453004335], [3.029186712024405, 41.925274462201926], [3.0291866709744815, 41.92518439435909], [3.029186629924746, 41.925094326514824], [3.029186588875197, 41.925004258669155], [3.0293071945991468, 41.925004227950254], [3.0294278003229076, 41.925004197104684], [3.0294277589342955, 41.92491412925778], [3.0294277175458726, 41.92482406140947], [3.029427676157639, 41.92473399355973], [3.029427634769593, 41.92464392570858], [3.0294275933817367, 41.924553857856], [3.02954819825719, 41.92455382688424], [3.0296688031324535, 41.9245537957858], [3.0296687614055426, 41.92446372793201], [3.029789366110994, 41.924463696706994], [3.0297893242146534, 41.92437362885189], [3.0297892823185038, 41.92428356099535], [3.029789240422545, 41.924193493137395], [3.0296686362259537, 41.92419352436211], [3.0296685944998045, 41.924103456502664], [3.0296685527738463, 41.92401338864176], [3.029668511048078, 41.92392332077947], [3.0295479073601492, 41.923923351877214], [3.0294273036720303, 41.9239233828483], [3.029427262285685, 41.923833314984385], [3.0293066587669935, 41.9238333458287], [3.0291860552481134, 41.92383337654634], [3.0291860142011875, 41.92374330868081], [3.029306617550452, 41.92374327796327], [3.029427220899528, 41.923743247119056], [3.0295478242484153, 41.92374321614817], [3.0296684275971133, 41.92374318505061], [3.0296683858719162, 41.92365311718405], [3.029788989050809, 41.92365308595992], [3.0299095922295107, 41.923653054609126], [3.0300301954080204, 41.92365302313165], [3.0300301531741725, 41.923562955263975], [3.0301507561828758, 41.92356292365994], [3.0301507985863374, 41.92365299152752], [3.0302714017644607, 41.92365295979671], [3.0303920049423896, 41.92365292793922], [3.030512608120124, 41.92365289595507], [3.0306332112976624, 41.923652863844254], [3.0306331682157457, 41.92356279597707], [3.030633125134026, 41.923472728108486], [3.0307537279721406, 41.923472695871205], [3.0308743308100583, 41.92347266350724], [3.0308742873893104, 41.923382595637435], [3.0309948900574177, 41.923382563146916], [3.0311154927253265, 41.923382530529715], [3.031236095393035, 41.92338249778586], [3.0313566980605433, 41.923382464915335], [3.03147730072785, 41.923382431918135], [3.0314772564592434, 41.92329236404743], [3.031597858956737, 41.923292330923665], [3.0317184614540276, 41.923292297673235], [3.031718416846401, 41.92320222980132], [3.031718372238979, 41.92311216192796], [3.0318389743968455, 41.92311212855108], [3.0319595765545078, 41.92311209504753], [3.0319595316080705, 41.92302202717297], [3.032080133595919, 41.92302199354286], [3.0320800884800785, 41.92293192566701], [3.0320800433644437, 41.92284185778972], [3.0322006450128702, 41.92284182403315], [3.03232124666109, 41.92284179014991], [3.032321201206448, 41.92275172227143], [3.032441802684853, 41.922751688261634], [3.0325624041630506, 41.92275165412517], [3.0326830056410388, 41.92275161986204], [3.0326830516045016, 41.922841687740195], [3.0328036532518867, 41.9228416533503], [3.0328036993851666, 41.92293172122694], [3.0329243012019487, 41.92293168671025], [3.0329243475050474, 41.92302175458536], [3.033044949491227, 41.92302171994191], [3.03304490301852, 41.92293165206691], [3.033165504834879, 41.922931617296896], [3.0331654581927765, 41.92284154942059], [3.033286059839315, 41.922841514524016], [3.033286013027819, 41.9227514466464], [3.033406614504537, 41.92275141162328], [3.0334066614856403, 41.92284147950079], [3.033527263131751, 41.92284144435088], [3.033647864777646, 41.92284140907431], [3.033768466423326, 41.92284137367108], [3.0337684189334024, 41.9227513057939], [3.0338890204092586, 41.922751270264115], [3.034009621884897, 41.92275123460767], [3.0340095740559785, 41.92266116672929], [3.034130175361793, 41.92266113094629], [3.034130127363487, 41.922571063066606], [3.0342507284994773, 41.92257102715705], [3.0343713296352477, 41.92257099112082], [3.0344919307707974, 41.922570954957926], [3.0344918822638975, 41.92248088707718], [3.034491833757219, 41.92239081919501], [3.034612434553339, 41.92239078290569], [3.0347330353492374, 41.92239074648969], [3.034732986503574, 41.92230067860633], [3.0347329376581342, 41.92221061072155], [3.034732888812917, 41.92212054283535], [3.0347328399679228, 41.92203047494774], [3.0347327911231514, 41.92194040705871], [3.0347327422786026, 41.92185033916826], [3.0348533420566723, 41.9218503026263], [3.034973941834518, 41.92185026595767], [3.034973892650996, 41.92176019806603], [3.0350944922590193, 41.92176016127085], [3.035094442906124, 41.921670093377905], [3.035215042344325, 41.92167005645618], [3.0352149928220578, 41.92157998856195], [3.0352149433000175, 41.921489920666296], [3.0353355423987995, 41.92148988361814], [3.0354561414973547, 41.921489846443336], [3.0354560916363496, 41.92139977854649], [3.0354560417755723, 41.92130971064823], [3.0355766405347104, 41.921309673347], [3.035576590504567, 41.92121960544743], [3.035697189093883, 41.92121956801965], [3.0356971388943754, 41.92112950011878], [3.0358177373138697, 41.921129462564465], [3.035938335733134, 41.92112942488349], [3.036058934152168, 41.92112938707585], [3.036058984860455, 41.92121945497637], [3.03617958344885, 41.92121941704195], [3.036179532570971, 41.92112934914155], [3.036300130989541, 41.92112931108061], [3.0363000799423023, 41.92103924317892], [3.036300028895296, 41.92094917527582], [3.0364206269744503, 41.92094913708845], [3.0364205757580867, 41.92085906918405], [3.0364205245419567, 41.92076900127822], [3.036541122281697, 41.920768962964424], [3.0366617200212027, 41.92076892452398], [3.0366616684661283, 41.920678856616995], [3.0366616169112897, 41.92058878870857], [3.036782214311383, 41.92058875014172], [3.0369028117112404, 41.9205887114482], [3.036902759817462, 41.92049864353861], [3.0369027079239204, 41.920408575627604], [3.0369026560306156, 41.920318507715166], [3.0369026041375475, 41.92022843980133], [3.0370232008588234, 41.92022840098165], [3.0371437975798616, 41.920228362035296], [3.0371438498120997, 41.9203184299489], [3.0372644467024847, 41.920318390875785], [3.037264394300661, 41.92022832296231], [3.037264341899077, 41.92013825504741], [3.0373849384500535, 41.92013821584789], [3.037384885879125, 41.9200481479317], [3.0373848333084363, 41.91995808001409], [3.037384780737988, 41.919868012095066], [3.037505376779976, 41.919867972769254], [3.037505324040186, 41.91977790484894], [3.0375052713006365, 41.9196878369272], [3.037625867003223, 41.919687797474985], [3.0376258140943344, 41.91959772955197], [3.0376257611856876, 41.91950766162751], [3.037746356548874, 41.9195076220489], [3.0378669519118175, 41.919507582343634], [3.037866898664256, 41.919417514418], [3.0378668454169375, 41.919327446490975], [3.037987440440483, 41.91932740665929], [3.038108035463785, 41.91932736670097], [3.038228630486842, 41.919327326616], [3.038349225509654, 41.919327286404375], [3.0384698205322196, 41.9193272460661], [3.038590415554539, 41.91932720560117], [3.038590361290004, 41.919237137673484], [3.038710956142499, 41.91923709708203], [3.038710901708636, 41.919147029153045], [3.0388314963913063, 41.91914698843507], [3.0388314417881173, 41.9190569205048], [3.0388313871851764, 41.9189668525731], [3.038951981528449, 41.91896681172874], [3.0389519267561846, 41.91887674379576], [3.0389518719841697, 41.91878667586135], [3.038951817212405, 41.91869660792555], [3.0388312233778505, 41.91869664876952], [3.0388311687759066, 41.91860658083215], [3.038831114174212, 41.91851651289337], [3.038831059572766, 41.91842644495317], [3.0388310049715694, 41.91833637701154], [3.0388309503706226, 41.91824630906851], [3.0388308957699244, 41.91815624112406], [3.0388308411694753, 41.91806617317819], [3.038830786569276, 41.91797610523089], [3.0387101940910197, 41.9179761459472], [3.0387101396606337, 41.91788607799837], [3.038830731969325, 41.91788603728218], [3.038830677369624, 41.91779596933206], [3.0388306227701714, 41.91770590138052], [3.0388305681709684, 41.917615833427554], [3.038709976370967, 41.91761587414336], [3.0387099219415745, 41.91752580618884], [3.038830513572014, 41.91752576547317], [3.038830458973309, 41.917435697517384], [3.0388304043748535, 41.91734562956016], [3.0388303497766467, 41.917255561601536], [3.0388302951786894, 41.917165493641484], [3.03895088613064, 41.917165452799686], [3.0390714770823406, 41.91716541183125], [3.0390714221455166, 41.91707534387003], [3.039071367208943, 41.9169852759074], [3.0390713122726196, 41.91689520794335], [3.039071257336548, 41.91680513997789], [3.039191847609771, 41.91680509888333], [3.0391919027153986, 41.91689516684866], [3.039312493157926, 41.91689512562732], [3.0393124378827423, 41.916805057662124], [3.039312382607811, 41.91671498969551], [3.0394329727109755, 41.916714948347796], [3.039553562813887, 41.916714906873445], [3.0395535072001, 41.91662483890565], [3.039553451586566, 41.916534770936444], [3.039432861822762, 41.91653481241054], [3.039312272058705, 41.916534853757994], [3.0393122167845306, 41.91644478578712], [3.0394328063790352, 41.916444744439794], [3.0395533959732868, 41.91644470296584], [3.0395533403602606, 41.916354634993795], [3.039432750935561, 41.916354676467634], [3.0394326954923394, 41.916264608494046], [3.0395532847474884, 41.91626456702035], [3.03955322913497, 41.91617449904548], [3.0396738182203147, 41.916174457445265], [3.039673762438501, 41.91608438946912], [3.0397943513540415, 41.91608434774239], [3.0397942954029333, 41.91599427976495], [3.0397942394520805, 41.91590421178609], [3.0399148280282695, 41.915904169933015], [3.0399147719081245, 41.91581410195286], [3.0400353603145103, 41.91581405997328], [3.0400353040250754, 41.915723991991825], [3.040035247735897, 41.91563392400898], [3.0400351914469756, 41.91554385602471], [3.0400351351583113, 41.915453788039024], [3.040035078869904, 41.915363720051914], [3.040035022581753, 41.915273652063405], [3.0401556099706157, 41.91527360995797], [3.0402761973592205, 41.9152735677259], [3.040276140732243, 41.915183499736216], [3.0402760841055243, 41.91509343174513], [3.040276027479064, 41.915003363752625], [3.0401554405990816, 41.91500340598428], [3.0401554970560016, 41.91509347397692], [3.0400349100062223, 41.91509351608208], [3.0399143229561854, 41.915093558060626], [3.0399143790742817, 41.91518362605212], [3.0397937918544478, 41.915183667904145], [3.039673204634359, 41.91518370962956], [3.0395526174140155, 41.91518375122833], [3.039432030193418, 41.915183792700454], [3.039311442972568, 41.91518383404597], [3.0393113877021762, 41.91509376605383], [3.0393113324320367, 41.91500369806027], [3.0393112771621498, 41.91491363006528], [3.039311221892515, 41.91482356206889], [3.0393111666231323, 41.91473349407107], [3.0393111113540017, 41.914643426071834], [3.0393110560851233, 41.91455335807119], [3.039311000816497, 41.91446329006913], [3.0394315866810415, 41.91446324872465], [3.039552172545333, 41.91446320725356], [3.03955211693789, 41.91437313925033], [3.0395520613306997, 41.914283071245684], [3.0394314758054772, 41.91428311271651], [3.0393108902800017, 41.91428315406072], [3.039310835012132, 41.91419308605441], [3.0391902496559373, 41.91419312727186], [3.039069664299491, 41.91419316836268], [3.0390696093709386, 41.91410310035469], [3.038949024183774, 41.91410314131875], [3.0388284389963602, 41.91410318215618], [3.038828493585848, 41.91419325016443], [3.038707908228652, 41.91419329087537], [3.0387079626488553, 41.91428335888234], [3.0385873771218783, 41.914283399466775], [3.0384667915946535, 41.91428343992458], [3.0384668456760378, 41.91437350793039], [3.0383462599790323, 41.9143735482617], [3.0383462060671818, 41.914283480255754], [3.038346152155578, 41.914193412248416], [3.03834609824422, 41.914103344239656], [3.0384666834326257, 41.914103303908725], [3.0384666293519826, 41.914013235898665], [3.03858721437061, 41.914013195441235], [3.038587160120682, 41.9139231274299], [3.038587105871002, 41.91383305941713], [3.038587051621569, 41.91374299140295], [3.0385869973723842, 41.913652923387346], [3.0385869431234465, 41.91356285537032], [3.0385868888747565, 41.91347278735189], [3.038586834626314, 41.91338271933204], [3.038586780378119, 41.91329265131076], [3.038586726130171, 41.913202583288076], [3.0385866718824714, 41.91311251526398], [3.0385866176350187, 41.913022447238454], [3.038586563387814, 41.912932379211504], [3.0384659804035064, 41.912932419667406], [3.0384659263260705, 41.91284235163892], [3.0383453435110375, 41.91284239196807], [3.0383452896033694, 41.912752323938044], [3.0383452356959473, 41.912662255906596], [3.0383451817887708, 41.91257218787372], [3.0383451278818407, 41.91248211983944], [3.03822454574464, 41.912482160041456], [3.038103963607195, 41.91248220011688], [3.0379833814695045, 41.91248224006566], [3.0378627993315708, 41.91248227988781], [3.0377422171933945, 41.91248231958336], [3.0377422702527324, 41.91257238761828], [3.037621687944795, 41.91257242718733], [3.037621635054976, 41.912482359152285], [3.037501052916316, 41.91248239859459], [3.037501000196256, 41.91239233055801], [3.0375009474764365, 41.912302262520015], [3.0376215292760618, 41.91230222307796], [3.0376214763869664, 41.912212155038674], [3.037742058016834, 41.91221211547011], [3.0378626396464594, 41.91221207577495], [3.037862586418575, 41.9121220077345], [3.0379831678784424, 41.91212196791284], [3.037983114481286, 41.912031899871074], [3.0381036957713947, 41.91203185992292], [3.038103642204968, 41.91194179187987], [3.0381035886387857, 41.91185172383542], [3.0382241695896237, 41.911851683760894], [3.0382241158541734, 41.911761615715136], [3.0383446966352534, 41.91176157551412], [3.0384652774160874, 41.91176153518649], [3.038585858196675, 41.91176149473225], [3.038585803952935, 41.91167142668545], [3.038585749709443, 41.91158135863725], [3.0387063301507604, 41.91158131805664], [3.0387063845637634, 41.911671386104715], [3.038826965174344, 41.91167134539735], [3.0389475457846746, 41.911671304563384], [3.039068126394756, 41.9116712636028], [3.0390680714732206, 41.91158119555511], [3.0391886519135403, 41.91158115446802], [3.039309232353609, 41.91158111325433], [3.039429812793425, 41.91158107191402], [3.0395503932329886, 41.911581030447095], [3.039550448832567, 41.91167109849427], [3.0396710294413873, 41.911671056900595], [3.0397916100499534, 41.911671015180296], [3.039912190658264, 41.91167097333339], [3.040032771266319, 41.911670931359865], [3.040153351874117, 41.91167088925972], [3.0401532954269843, 41.91158082121321], [3.0402738758650143, 41.91158077898658], [3.0403944563027854, 41.91158073663333], [3.0405150367402975, 41.91158069415348], [3.040514979784893, 41.91149062610594], [3.040635560052636, 41.911490583499585], [3.040635502927982, 41.91140051545077], [3.0407560830259546, 41.91140047271794], [3.0408766631236652, 41.91140042985851], [3.0409972432211143, 41.91140038687245], [3.0409971855881954, 41.911310318822615], [3.04099712795554, 41.91122025077136], [3.0409970703231477, 41.91113018271869], [3.0409970126910184, 41.9110401146646], [3.041117592110175, 41.91104007155246], [3.0411175343088033, 41.91095000349709], [3.041117476507695, 41.91085993544031], [3.0412380555875784, 41.91085989220183], [3.041358634667197, 41.91085984883674], [3.04147921374655, 41.910859805345055], [3.0414791554371945, 41.910769737287254], [3.041479097128105, 41.91067966922804], [3.0414790388192814, 41.9105896011674], [3.041478980510724, 41.91049953310535], [3.0414789222024323, 41.91040946504188], [3.0414788638944064, 41.910319396976995], [3.0415994419564827, 41.91031935335949], [3.041599383479224, 41.91022928529332], [3.0415993250022324, 41.91013921722574], [3.0417199027250446, 41.91013917348191], [3.0417198440788216, 41.91004910541304], [3.041719785432867, 41.90995903734276], [3.041840362816417, 41.9099589934726], [3.0418403040012336, 41.909868925401035], [3.041960881215019, 41.909868881404414], [3.0419608222306085, 41.909778813331556], [3.04208139927463, 41.909778769208465], [3.042201976318381, 41.90977872495875], [3.042322553361861, 41.90977868058243], [3.0424431304050708, 41.90977863607951], [3.0424430707429515, 41.9096885680058], [3.0424430110811045, 41.909598499930674], [3.042563587785053, 41.90959845530142], [3.042684164488729, 41.909598410545556], [3.0428047411921306, 41.90959836566308], [3.0429253178952584, 41.909598320654005], [3.0430458945981105, 41.90959827551833], [3.0431664713006863, 41.90959823025603], [3.0432870480029854, 41.90959818486712], [3.0434076247050066, 41.90959813935161], [3.043407563687489, 41.90950807127621], [3.0435281402197387, 41.90950802563423], [3.0436487167517097, 41.909507979865644], [3.0436486553954856, 41.90941791178911], [3.0437692317576843, 41.90941786589407], [3.043889808119603, 41.90941781987242], [3.0440103844812394, 41.909417773724165], [3.0441309608425935, 41.90941772744931], [3.0442515372036647, 41.90941768104783], [3.044372113564452, 41.90941763451975], [3.04437205119156, 41.90932756644266], [3.0442514750002636, 41.9093276129706], [3.0441308988086835, 41.909327659371925], [3.0441308367750572, 41.90923759129313], [3.0442514127971467, 41.909237544891944], [3.044371988818952, 41.909237498364156], [3.0443719264466287, 41.90914743028424], [3.04437186407459, 41.909057362202894], [3.044492439757132, 41.9090573155488], [3.044613015439389, 41.909057268768095], [3.0447335911213593, 41.909057221860785], [3.0448541668030433, 41.90905717482688], [3.044974742484439, 41.909057127666344], [3.0450953181655467, 41.90905708037922], [3.0452158938463647, 41.90905703296549], [3.045336469526893, 41.90905698542517], [3.0454570452071303, 41.909056937758216], [3.045577620887076, 41.909056889964674], [3.04569819656673, 41.909056842044514], [3.0458187722460903, 41.90905679399776], [3.045818707840477, 41.9089667259168], [3.0459392833500556, 41.90896667774358], [3.0460598588593393, 41.908966629443775], [3.0461804343683276, 41.90896658101734], [3.04630100987702, 41.90896653246432], [3.046301074960586, 41.90905660054469], [3.0464216506384694, 41.90905655186489], [3.046542226316055, 41.9090565030585], [3.046542160893512, 41.90896643497845], [3.046542095471268, 41.90887636689697], [3.0466626708095794, 41.90887631796429], [3.0467832461475917, 41.90887626890499], [3.0469038214853037, 41.9088762197191], [3.047024396822715, 41.9088761704066], [3.0471449721598245, 41.90887612096749], [3.047265547496632, 41.908876071401785], [3.047386122833136, 41.90887602170947], [3.0475066981693364, 41.90887597189055], [3.0475067649474803, 41.90896603997079], [3.047386189441793, 41.908966089789864], [3.0472656139358008, 41.90896613948233], [3.0472656803752733, 41.90905620756146], [3.0471451046994904, 41.909056257127475], [3.0470245290234046, 41.909056306566896], [3.046903953347018, 41.9090563558797], [3.046904019278326, 41.90914642395788], [3.0467834434321492, 41.90914647314424], [3.0467835091942685, 41.909236541221155], [3.046783574956688, 41.909326609296656], [3.0467836407194073, 41.909416677370736], [3.046904217074056, 41.909416628183905], [3.0469042830065676, 41.90950669625641], [3.0470248595304077, 41.90950664694282], [3.047024925632713, 41.90959671501378], [3.047145502325744, 41.90959666557341], [3.047145568597845, 41.90968673364278], [3.047266145460067, 41.909686684075666], [3.0472662119019644, 41.90977675214346], [3.047266278344165, 41.90986682020983], [3.047266344786669, 41.909956888274785], [3.0473869221570737, 41.909956838580584], [3.0475074995271747, 41.90995678875979], [3.0476280768969706, 41.9099567388124], [3.0477486542664614, 41.90995668873837], [3.0477487213872556, 41.91004675680127], [3.0477487885083554, 41.91013682486277], [3.0478693662165344, 41.91013677466184], [3.047989943924406, 41.91013672433427], [3.04811052163197, 41.91013667388012], [3.048110454002377, 41.9100466058191], [3.048231031540135, 41.91004655523849], [3.048231099339225, 41.91013662329935], [3.0483516770461705, 41.91013657259196], [3.0484722547528067, 41.91013652175798], [3.0485928324591316, 41.910136470797376], [3.0487134101651443, 41.91013641971017], [3.0488339878708453, 41.910136368496346], [3.0489545655762327, 41.91013631715592], [3.0489544967601576, 41.91004624909602], [3.0490750742957333, 41.910046197629136], [3.049075005310476, 41.909956129567995], [3.04919558267624, 41.90995607797467], [3.0491955135218007, 41.909866009912264], [3.0491954443676774, 41.909775941848444], [3.0491953752138694, 41.9096858737832], [3.0491953060603767, 41.909595805716535], [3.049315882747847, 41.909595753997245], [3.0494364594350003, 41.90959570215135], [3.049436389942837, 41.90950563408361], [3.049556966460181, 41.90950558211125], [3.0496775429772067, 41.90950553001231], [3.049677473146377, 41.90941546194347], [3.0497980494935923, 41.909415409718086], [3.049918625840488, 41.909415357366086], [3.050039202187063, 41.90941530488749], [3.0501597785333177, 41.90941525228227], [3.0501597080248413, 41.90932518421268], [3.050159637516687, 41.90923511614165], [3.0502802135236378, 41.90923506341018], [3.0504007895302663, 41.90923501055209], [3.050400718683454, 41.90914494247997], [3.050280142846315, 41.9091449953379], [3.050280072169315, 41.90905492726421], [3.0502800014926374, 41.908964859189105], [3.0502799308162816, 41.90887479111258], [3.0501593554872852, 41.90887484384339], [3.0501592849807393, 41.90878477576529], [3.050159214474515, 41.908694707685754], [3.050038639484169, 41.908694760289656], [3.0500385691477514, 41.90860469220854], [3.0499179943265697, 41.90860474468565], [3.049917924159957, 41.90851467660296], [3.04979734950794, 41.90851472895332], [3.049797419505068, 41.90860479703617], [3.0496768446832467, 41.90860484926009], [3.0495562698611067, 41.908604901357386], [3.0495562002029475, 41.90851483327421], [3.0495561305451058, 41.90842476518961], [3.0495560608875825, 41.90833469710359], [3.0496766352012714, 41.90833464500676], [3.049676565374584, 41.908244576919486], [3.0496764955482143, 41.90815450883079], [3.049676425722164, 41.90806444074069], [3.0496763558964317, 41.90797437264916], [3.0497969295318788, 41.90797432042639], [3.0499175031670065, 41.90797426807703], [3.0500380768018145, 41.907974215601065], [3.050038006467964, 41.907884147508625], [3.0501585799329716, 41.907884094906215], [3.050158650436301, 41.9079741629985], [3.0502792240704655, 41.907974110269336], [3.0502792947435964, 41.908064178360036], [3.0503998685469185, 41.908064125504104], [3.0503999393898518, 41.908154193593234], [3.0505205133623314, 41.90815414061053], [3.050641087334487, 41.90815408750123], [3.0506410161525923, 41.90806401941243], [3.0507615899549423, 41.908063966176705], [3.050882163756967, 41.90806391281436], [3.0508820922364377, 41.9079738447245], [3.0510026658686566, 41.90797379123573], [3.0511232395005483, 41.90797373762037], [3.0511231676413875, 41.90788366952942], [3.0511230957825553, 41.90779360143704], [3.0511230239240503, 41.90770353334325], [3.0511229520658736, 41.90761346524805], [3.051243525019526, 41.907613411506766], [3.05136409797285, 41.907613357638866], [3.0513640257760493, 41.90752328954258], [3.0514845985595684, 41.907523235548254], [3.0514845261936223, 41.907433167450726], [3.051484453828006, 41.90734309935177], [3.0514843814627204, 41.90725303125141], [3.051604953737486, 41.90725297713099], [3.051604881203058, 41.90716290902938], [3.05160480866896, 41.90707284092635], [3.0517253806044504, 41.907072786679684], [3.0517253079012128, 41.90698271857539], [3.0518458796669004, 41.90698266420232], [3.0518458067945238, 41.90689259609677], [3.051966378390408, 41.90689254159725], [3.051966305348895, 41.90680247349047], [3.052086876774976, 41.90680241886453], [3.052086803564327, 41.90671235075653], [3.052086730354012, 41.90662228264708], [3.0520866571440313, 41.90653221453622], [3.0520865839343845, 41.90644214642395], [3.052086510725071, 41.90635207831025], [3.0520864375160928, 41.906262010195135], [3.0519658671068126, 41.90626206482006], [3.051965794067632, 41.906171996703364], [3.0519657210287847, 41.906081928585245], [3.0519656479902704, 41.90599186046571], [3.0519655749520895, 41.90590179234475], [3.051965501914242, 41.90581172422238], [3.052086071476209, 41.90581166959832], [3.052085998269234, 41.90572160147472], [3.051965428876728, 41.90572165609859], [3.0519653558395463, 41.90563158797339], [3.0519652828026986, 41.90554151984677], [3.051965209766184, 41.90545145171872], [3.0519651367300025, 41.905361383589266], [3.051844568014997, 41.905361438085876], [3.051844495148605, 41.90527136995483], [3.051844422282546, 41.90518130182236], [3.0519649906586395, 41.90518124732609], [3.051964917623458, 41.90509117919238], [3.052085485829764, 41.9050911245697], [3.0522060540357354, 41.90509106982043], [3.0522059806619786, 41.90500100168564], [3.0522059072885566, 41.90491093354943], [3.052326475155286, 41.904910878673924], [3.052326401612746, 41.90482081053648], [3.0523263280705417, 41.90473074239761], [3.0524468955980315, 41.90473068739585], [3.0524469693096874, 41.90482075553454], [3.052567537006292, 41.90482070040603], [3.0525676108877375, 41.90491076854313], [3.0525676847695196, 41.90500083667882], [3.0525677586516387, 41.90509090481309], [3.052688326856267, 41.90509084955748], [3.052808895060557, 41.905090794175266], [3.0528088208395294, 41.90500072604134], [3.0528087466188407, 41.904910657905994], [3.0528086723984904, 41.904820589769244], [3.052808598178479, 41.904730521631066], [3.052808523958806, 41.90464045349148], [3.0528084497394716, 41.90455038535047], [3.0528083755204762, 41.90446031720804], [3.0528083013018192, 41.90437024906419], [3.0528082270835006, 41.90428018091893], [3.052808152865521, 41.90419011277225], [3.052687586355737, 41.90419016815271], [3.052567019845616, 41.90419022340661], [3.0524464533351576, 41.9041902785339], [3.0523258868243626, 41.90419033353462], [3.052205320313232, 41.904190388408765], [3.0522052469428234, 41.90410032025978], [3.052084680600805, 41.90410037500717], [3.052084607400176, 41.904010306856605], [3.051964041227269, 41.90401036147724], [3.051843475054029, 41.90401041597127], [3.051843402192624, 41.90392034781896], [3.0518433293315517, 41.90383027966522], [3.0517227634968678, 41.90383033403234], [3.0516021976618526, 41.90383038827287], [3.051602125139999, 41.90374032011739], [3.0516020526184766, 41.90365025196047], [3.051722618114606, 41.90365019772028], [3.0517225454239725, 41.90356012956212], [3.051601980097285, 41.90356018380215], [3.0516019075764245, 41.9034701156424], [3.0514813424188465, 41.90347016975568], [3.051360777260939, 41.90347022374235], [3.0513607050792895, 41.90338015558087], [3.0513606328979694, 41.90329008741794], [3.0512400680786125, 41.903290141277715], [3.0511195032589264, 41.90329019501091], [3.050998938438913, 41.903290248617516], [3.0508783736185725, 41.903290302097545], [3.0508783021153367, 41.90320023393254], [3.0507577374641084, 41.90320028728581], [3.050757808797906, 41.903290355451], [3.0506372439769134, 41.903290408677876], [3.050516679155596, 41.90329046177816], [3.0503961143339557, 41.90329051475187], [3.0502755495119915, 41.90329056759901], [3.050275478855949, 41.903200499433154], [3.0501549142031017, 41.90320055215354], [3.0501548437168196, 41.90311048398612], [3.050154773230859, 41.90302041581727], [3.0501547027452203, 41.902930347646986], [3.050275266889756, 41.90293029492711], [3.0502751962350034, 41.9028402267556], [3.0503957602097818, 41.9028401739093], [3.0503956893859163, 41.90275010573653], [3.050275125580573, 41.902750158582656], [3.050154561774907, 41.90275021130222], [3.050154491290233, 41.9026601431277], [3.050154420805881, 41.90257007495176], [3.0500338573387604, 41.90257012754441], [3.0500337870241623, 41.90248005936689], [3.0500337167098848, 41.90238999118795], [3.050033646395928, 41.9022999230076], [3.0500335760822916, 41.90220985482583], [3.0499130132925765, 41.902209907291244], [3.0497924505025416, 41.902209959630085], [3.049671887712187, 41.90221001184234], [3.049551324921514, 41.90221006392804], [3.049551394557429, 41.90230013211047], [3.0494308315970082, 41.90230018406975], [3.04943090106381, 41.90239025225092], [3.049310337933641, 41.90239030408379], [3.049189774803156, 41.902390355790075], [3.0490692116723555, 41.902390407369786], [3.04894864854124, 41.90239045882293], [3.0489485797521625, 41.90230039064111], [3.0490691427138463, 41.90230033918814], [3.049189705675216, 41.902300287608576], [3.0493102686362703, 41.90230023590245], [3.0493101993392155, 41.902210167719694], [3.049430762130523, 41.90221011588716], [3.0494306926643553, 41.90212004770314], [3.049430623198504, 41.902029979517714], [3.0495511856506368, 41.90202992755892], [3.0496717481024516, 41.90202987547356], [3.049671678298062, 41.90193980728704], [3.0496716084939908, 41.90184973909911], [3.0497921706066315, 41.901849686887495], [3.049912732718954, 41.901849634549315], [3.050033294830956, 41.90184958208456], [3.050033224518924, 41.90175951389569], [3.050033154207213, 41.901669445705416], [3.0501537159800423, 41.90166939311441], [3.0501536454992273, 41.901579324922885], [3.0501535750187334, 41.90148925672993], [3.050274136452393, 41.9014892040127], [3.0502740658027974, 41.901399135818494], [3.050394627066711, 41.90139908297484], [3.0503945562480155, 41.901309014779386], [3.050394485429643, 41.90121894658251], [3.0503944146115938, 41.90112887838422], [3.0502738538559453, 41.901128931227376], [3.0502737832076394, 41.9010388630275], [3.050153222621089, 41.90103891574392], [3.050153152142525, 41.90094884754246], [3.0501530816642823, 41.90085877933958], [3.050273641911995, 41.90085872662349], [3.050273571264656, 41.90076865841937], [3.050394131342628, 41.9007686055769], [3.050394060526194, 41.90067853737151], [3.050393989710084, 41.90058846916472], [3.0503939188942963, 41.90049840095651], [3.050273359324573, 41.90049845379849], [3.050273288678523, 41.90040838558869], [3.0501527292778925, 41.90040843830394], [3.050152658801579, 41.90031837009256], [3.050152588325587, 41.900228301879764], [3.0500320292634617, 41.90022835446812], [3.050031958957204, 41.900138286253735], [3.050152517849917, 41.90013823366555], [3.0501524473745683, 41.90004816544992], [3.050031888651267, 41.90004821803794], [3.049911329927645, 41.9000482704994], [3.0499112597914393, 41.89995820228201], [3.0499111896555537, 41.899868134063226], [3.050031748040355, 41.89986808160209], [3.0501523064248355, 41.89986802901439], [3.050152235950451, 41.8997779607945], [3.0501521654763883, 41.89968789257319], [3.0502727235217293, 41.89968783985927], [3.0502726528785806, 41.899597771636714], [3.050393210754191, 41.899597718796386], [3.050393281566748, 41.89968778701877], [3.050513839611443, 41.89968773405172], [3.0505137686294788, 41.8995976658295], [3.050513697647838, 41.899507597605854], [3.0503931399419577, 41.89950765057258], [3.050272582235754, 41.89950770341273], [3.0501520245292277, 41.89950775612633], [3.05015195405613, 41.89941768790077], [3.0501518835833537, 41.899327619673805], [3.050031326215318, 41.899327672260505], [3.0499107688469613, 41.89932772472064], [3.0499106987133158, 41.89923765649193], [3.0499106285799904, 41.89914758826179], [3.0499105584469848, 41.899057520030226], [3.049910488314299, 41.89896745179723], [3.049789931623237, 41.898967504130155], [3.04979000158652, 41.89905757236331], [3.0497900715501225, 41.89914764059503], [3.0496695145199353, 41.89914769280172], [3.049669444725736, 41.89905762456982], [3.0495488878646335, 41.89905767664979], [3.0494283310032135, 41.8990577286032], [3.0494282615481376, 41.89896766036956], [3.0493077048558033, 41.898967712196246], [3.049307635570446, 41.89887764396102], [3.049187079047197, 41.89887769566099], [3.0491870099315563, 41.89878762742419], [3.049186940816231, 41.898697559185976], [3.049307497000679, 41.89869750748635], [3.0493074277162697, 41.89860743924688], [3.0494279837310025, 41.89860738742085], [3.049427914277511, 41.89851731918013], [3.0495484701225277, 41.89851726722771], [3.049548400499955, 41.898427198985736], [3.0496689561752572, 41.89842714690691], [3.049789511850241, 41.89842709470154], [3.0497895818116088, 41.89851716294319], [3.049910137655671, 41.89851711061109], [3.0499102077867564, 41.89860717885115], [3.050030763799897, 41.898607126392335], [3.0501513198127164, 41.89860707380695], [3.050151249342834, 41.898517005567214], [3.050271805185934, 41.89851695285543], [3.0502717345469748, 41.898426884614445], [3.0503922902203544, 41.89842683177628], [3.0503922194123207, 41.89833676353405], [3.05051277491598, 41.898336710569474], [3.050633330419316, 41.89833665747836], [3.050633259272813, 41.898246589235036], [3.0506331881266346, 41.8981565209903], [3.0506331169807805, 41.89806645274413], [3.050512561985631, 41.89806650583475], [3.050392006990158, 41.8980665587988], [3.050391936183416, 41.8979764905509], [3.0505124910094956, 41.89797643758701], [3.0506330458352515, 41.89797638449656], [3.0507536006606824, 41.89797633127955], [3.0507536719756057, 41.89806639952696], [3.050753743290854, 41.898156467772964], [3.0508742984547483, 41.89815641442906], [3.0508743699397174, 41.898246482673464], [3.050753814606428, 41.89824653601753], [3.050753885922327, 41.898336604260685], [3.050874441425013, 41.898336550916454], [3.0508745129106347, 41.89842661915802], [3.0509950685823917, 41.89842656568706], [3.0511156242538213, 41.898426512089536], [3.0511155524294056, 41.898336443848315], [3.0512361079311106, 41.8983363901244], [3.0513566634324873, 41.89833633627393], [3.051477218933535, 41.89833628229691], [3.0514771466012585, 41.898246214054765], [3.0515977019325797, 41.898246159951356], [3.051597629431238, 41.89815609170796], [3.051597556930227, 41.898066023463144], [3.051477001937696, 41.89806607756621], [3.0513564469448347, 41.89806613154273], [3.051356374782942, 41.89797606329617], [3.0512358199591456, 41.897976117145966], [3.0511152651350204, 41.897976170869185], [3.050994710310568, 41.897976224465864], [3.050994638657184, 41.89788615621738], [3.050874084001797, 41.89788620968732], [3.0508740125181326, 41.89779614143724], [3.050873941034794, 41.89770607318575], [3.0507533867178656, 41.89770612652882], [3.0507533154042434, 41.89761605827573], [3.05063276125638, 41.89761611149206], [3.050632690112474, 41.897526043237406], [3.050512136133676, 41.89752609632701], [3.050391582154554, 41.89752614929007], [3.050391511349751, 41.89743608103367], [3.0502709575396953, 41.89743613387001], [3.0502708869046034, 41.89734606561201], [3.0503914405452703, 41.897346012775834], [3.0503913697411136, 41.89725594451657], [3.0503912989372792, 41.8971658762559], [3.0502707456353866, 41.89716592909175], [3.0501501923331724, 41.89716598180103], [3.0501502627982324, 41.89725605006204], [3.0501503332636144, 41.89734611832162], [3.0500297796223035, 41.8973461709047], [3.0499092259806724, 41.89734622336121], [3.0499092961075984, 41.89743629161971], [3.0499093662348447, 41.897526359876785], [3.050029920215254, 41.89752630741994], [3.0500298499186185, 41.89743623916303], [3.0501504037293174, 41.897436186579796], [3.0501504741953425, 41.89752625483654], [3.0501505446616886, 41.897616323091874], [3.0501506151283566, 41.897706391345785], [3.0501506855953457, 41.89779645959828], [3.0501507560626564, 41.897886527849366], [3.0502713107199884, 41.897886475138755], [3.0502713813570135, 41.89797654338824], [3.050150826530289, 41.89797659609903], [3.050030271703242, 41.89797664868325], [3.0500303420018025, 41.89806671693165], [3.0499097870050416, 41.89806676938949], [3.0499098571345273, 41.89815683763665], [3.0497893019680515, 41.8981568899681], [3.049668746801257, 41.89815694217298], [3.049548191634144, 41.8981569942513], [3.049427636466713, 41.89815704620307], [3.049427705918937, 41.89824711444946], [3.049307150581794, 41.89824716627484], [3.049186595244335, 41.898247217973655], [3.04906603990656, 41.89824726954592], [3.0490659709625225, 41.89815720129905], [3.0491865261309012, 41.89815714972694], [3.049186457017784, 41.8980670814788], [3.049065902018799, 41.898067133050745], [3.04906583307539, 41.897977064801026], [3.0490657641322962, 41.8978869965499], [3.049186318792494, 41.89788694497828], [3.0491862496803215, 41.8977968767259], [3.049186180568465, 41.897706808472094], [3.0491861114569234, 41.897616740216854], [3.049186042345698, 41.897526671960215], [3.049185973234787, 41.897436603702154], [3.049306527047715, 41.897436552004805], [3.049306457767731, 41.897346483745494], [3.0494270114109545, 41.89734643192174], [3.049426941961899, 41.89725636366117], [3.04942687251316, 41.89716629539918], [3.049306319208711, 41.8971663472226], [3.0493062499296757, 41.89707627895903], [3.049306180650956, 41.89698621069405], [3.0491856276849623, 41.89698626239059], [3.0491855585759438, 41.896896194124025], [3.0491854894672397, 41.89680612585605], [3.0491854203588518, 41.89671605758664], [3.0491853512507787, 41.89662598931583], [3.0491852821430205, 41.896535921043586], [3.049185213035578, 41.89644585276994], [3.049185143928451, 41.89635578449486], [3.0490645921478183, 41.89635583606372], [3.049064523210386, 41.89626576778708], [3.0489439715988182, 41.89626581922922], [3.0489439028310783, 41.89617575095099], [3.0489438340636523, 41.896085682671334], [3.0489437652965403, 41.895995614390266], [3.0489436965297414, 41.895905546107784], [3.048943627763257, 41.895815477823874], [3.048943558997086, 41.89572540953855], [3.0490641095923943, 41.89572535809739], [3.0490640406571634, 41.8956352898108], [3.049063971722247, 41.89554522152281], [3.048943421465685, 41.895545272963666], [3.048943352700455, 41.895455204674086], [3.048943283935539, 41.8953651363831], [3.0489432151709366, 41.89527506809069], [3.0490637649193837, 41.89527501665032], [3.049184314667517, 41.8952749650834], [3.0493048644153347, 41.89527491338994], [3.0493049336880493, 41.89536498168187], [3.0494254836049213, 41.89536492986171], [3.0494254141628363, 41.89527486156994], [3.0494253447210675, 41.89518479327676], [3.049304795142936, 41.89518484509661], [3.0493047258708534, 41.89509477680185], [3.049304656599087, 41.89500470850567], [3.049184107359377, 41.89500476019864], [3.0490635581193515, 41.89500481176508], [3.0490634891866364, 41.89491474346716], [3.0489429401156642, 41.89491479490687], [3.048822391044378, 41.894914846220054], [3.0487018419727794, 41.89491489740669], [3.048581292900868, 41.894914948466784], [3.0485812246459347, 41.8948248801668], [3.048460675743079, 41.89482493110021], [3.0484607438286453, 41.89491499940034], [3.0484608119145227, 41.89500506769906], [3.0484608800007105, 41.89509513599637], [3.0484609480872087, 41.89518520429226], [3.04834039850657, 41.89518525509975], [3.0482198489256223, 41.895185305780686], [3.048219916673691, 41.89527537407547], [3.0482199844220688, 41.895365442368856], [3.0480994345020713, 41.89536549292357], [3.047978884581765, 41.895365543351744], [3.047978951991709, 41.89545561164401], [3.0478584019017236, 41.895455661945796], [3.0477378518114313, 41.89545571212104], [3.0476173017208334, 41.89545576216973], [3.047617234819004, 41.89536569387699], [3.047496684897472, 41.89536574379898], [3.047376134975636, 41.89536579359444], [3.047376068412853, 41.895275725299946], [3.0473760018503735, 41.895185657004056], [3.0474965514334693, 41.89518560720893], [3.047496484701924, 41.89509553891178], [3.047496417970684, 41.89500547061321], [3.047496351239748, 41.894915402313224], [3.047616900314434, 41.894915352392005], [3.0476168334144353, 41.894825284090764], [3.0476167665147424, 41.894735215788096], [3.04773731525039, 41.89473516574066], [3.047737248181637, 41.89464509743673], [3.04773718111319, 41.89455502913138], [3.0478577295098015, 41.894554978957714], [3.0478576622722966, 41.89446491065112], [3.0479782104992377, 41.894464860351064], [3.0479781430926765, 41.8943747920432], [3.047857595035098, 41.89437484234309], [3.047857527798207, 41.89428477403365], [3.0477369799096836, 41.89428482420684], [3.0477369128424607, 41.89419475589583], [3.0477368457755434, 41.894104687583386], [3.0477367787089316, 41.89401461926954], [3.0477367116426266, 41.89392455095427], [3.0478572588537083, 41.89392450078171], [3.04785719161835, 41.89383443246518], [3.0477366445766267, 41.893834482637594], [3.0477365775109333, 41.893744414319485], [3.0478571243832993, 41.89374436414724], [3.047977671255358, 41.89374431384845], [3.0480982181271092, 41.89374426342312], [3.0480982857008754, 41.893834331740756], [3.04809835327495, 41.89392440005698], [3.048218900485109, 41.89392434950479], [3.0483394476949592, 41.89392429882608], [3.0484599949044995, 41.893924248020824], [3.048580542113729, 41.893924197089035], [3.048701089322647, 41.893924146030706], [3.0487011577438254, 41.8940142143447], [3.048821705121791, 41.89401416315968], [3.048942252499443, 41.89401411184811], [3.0489423212596534, 41.89410418016037], [3.049062868806352, 41.894104128722084], [3.0491834163527356, 41.89410407715728], [3.0491833472538055, 41.89401400884535], [3.04918327815519, 41.893923940532005], [3.0491832090568907, 41.89383387221723], [3.049303756094882, 41.89383382052636], [3.04930368682754, 41.89374375221034], [3.0494242336958575, 41.89374370039311], [3.049544780563859, 41.89374364844933], [3.0495447109581186, 41.89365358013222], [3.0495446413526968, 41.89356351181368], [3.049424094823409, 41.89356356375713], [3.049424025387659, 41.89347349543702], [3.04930347902741, 41.89347354725377], [3.0491829326668443, 41.89347359894398], [3.049183001763883, 41.89356366726441], [3.049062455233647, 41.89356371882825], [3.048941908703096, 41.89356377026556], [3.0489418399447676, 41.893473701944785], [3.048941771186753, 41.893383633622605], [3.0489417024290524, 41.893293565299004], [3.0488211564062513, 41.893293616609284], [3.048821087818217, 41.89320354828411], [3.048700541964456, 41.89320359946769], [3.048700473546087, 41.893113531140926], [3.0487004051280304, 41.893023462812764], [3.0485798596126608, 41.89302351386948], [3.04845931409698, 41.89302356479968], [3.0484592460179365, 41.892933496469766], [3.048338700671296, 41.892933547273266], [3.0483386327619124, 41.89284347894178], [3.0483385648528394, 41.892753410608876], [3.0484591098607807, 41.89275335980569], [3.0484590417826687, 41.89266329147152], [3.0483384969440754, 41.892663342274545], [3.048338429035622, 41.892573273938815], [3.048338361127478, 41.89248320560164], [3.0483382932196434, 41.89239313726306], [3.0484588375501964, 41.892393086460515], [3.048458769473327, 41.892303018120685], [3.0483382253121194, 41.89230306892306], [3.048217681150602, 41.89230311959893], [3.048217613412732, 41.89221305125734], [3.0482175456751706, 41.89212298291436], [3.0482174779379188, 41.892032914569945], [3.0482174102009756, 41.891942846224126], [3.0482173424643415, 41.89185277787688], [3.0482172747280165, 41.891762709528216], [3.0482172069920006, 41.89167264117814], [3.048217139256294, 41.891582572826636], [3.048337682063077, 41.891582522152056], [3.048458224869551, 41.89158247135095], [3.0484581567954767, 41.89149240299836], [3.0484580887217128, 41.89140233464435], [3.0484580206482597, 41.89131226628892], [3.048457952575117, 41.89122219793207], [3.0483374104459915, 41.89122224873255], [3.0482168683165565, 41.89122229940648], [3.048096326186812, 41.891222349953885], [3.0479757840567596, 41.89122240037477], [3.0478552419264, 41.89122245066913], [3.047734699795733, 41.89122250083696], [3.0477347668528605, 41.89131256919477], [3.047614224552552, 41.89131261923624], [3.0476142914406483, 41.89140268759277], [3.0474937489706977, 41.89140273750787], [3.047373206500443, 41.89140278729643], [3.0472526640298847, 41.89140283695846], [3.0471321215590232, 41.891402886493985], [3.0470115790878602, 41.89140293590296], [3.0470115130464475, 41.891312867545636], [3.0470114470053367, 41.891222799186906], [3.0468909048725448, 41.891222848469056], [3.0467703627394527, 41.89122289762468], [3.046770297037313, 41.89113282926421], [3.0467702313354734, 41.89104276090234], [3.046770165633933, 41.89095269253903], [3.0467700999326928, 41.89086262417432], [3.046649558476637, 41.89086267320279], [3.0465290170202826, 41.89086272210474], [3.046528951658006, 41.8907726537383], [3.0465288862960276, 41.89068258537043], [3.046528820934348, 41.89059251700115], [3.0465287555729663, 41.890502448630464], [3.0466492963519975, 41.89050239972912], [3.0466492308215845, 41.890412331357155], [3.0465286902118827, 41.89041238025835], [3.046408149601883, 41.890412429033], [3.046408214793637, 41.89050249740527], [3.0462876740140103, 41.89050254605357], [3.046287608991585, 41.890412477681146], [3.0461670683809907, 41.89041252620276], [3.046046527770101, 41.89041257459785], [3.0460464630866286, 41.89032250622371], [3.0461670035281903, 41.89032245782877], [3.046287543969456, 41.89032240930731], [3.046287478947624, 41.89023234093205], [3.0462874139260885, 41.89014227255538], [3.0464079540284037, 41.890142223907695], [3.0465284941304214, 41.8901421751335], [3.0466490342321406, 41.89014212623277], [3.0467695743335614, 41.89014207720552], [3.046769508635019, 41.89005200882806], [3.0468900485668136, 41.89005195967443], [3.0468899826992453, 41.8899618912957], [3.047010522461415, 41.889961842015715], [3.047131062223283, 41.88996179260922], [3.0472516019848483, 41.889961743076206], [3.047251535609608, 41.88987167469651], [3.047372075201546, 41.88987162503711], [3.047372008657285, 41.88978155665617], [3.0474925480795965, 41.88978150687041], [3.047492614793182, 41.889871575251206], [3.0476131543845124, 41.88987152533878], [3.0477336939755384, 41.889871475299834], [3.0477337610280766, 41.88996154367891], [3.0478543007881207, 41.88996149351328], [3.047974840547858, 41.88996144322113], [3.0479749079393526, 41.89005151159846], [3.048095447868108, 41.89005146117963], [3.048095380307288, 41.88996139280247], [3.04821592006641, 41.88996134225728], [3.048215852336574, 41.88987127387884], [3.0483363919260626, 41.88987122320728], [3.048336324027212, 41.889781154827595], [3.048456863447067, 41.88978110402969], [3.0484567953792037, 41.88969103564873], [3.0484567273116507, 41.88960096726636], [3.0485772663925506, 41.88960091634225], [3.048697805473139, 41.88960086529162], [3.048818344553415, 41.889600814114466], [3.048938883633379, 41.8896007628108], [3.048938814888851, 41.88951069442765], [3.04905935379918, 41.88951064299763], [3.0490594227130288, 41.88960071138061], [3.049179961792364, 41.88960065982389], [3.049179892709194, 41.88951059144107], [3.049179823626339, 41.88942052305685], [3.0493003623667176, 41.88942047137394], [3.049300293114858, 41.889330402988456], [3.0493002238633147, 41.88924033460153], [3.049300154612087, 41.88915026621321], [3.049300085361175, 41.88906019782347], [3.049179547298071, 41.88906024950572], [3.049179478216792, 41.88897018111439], [3.0491794091358275, 41.88888011272165], [3.0492999468602995, 41.88888006103972], [3.0492998776103355, 41.88878999264573], [3.0494204151651765, 41.88878994083744], [3.0494203457462143, 41.888699872442174], [3.0492998083606873, 41.88869992425031], [3.0491792709748453, 41.88869997593191], [3.0491792018948267, 41.888609907534914], [3.049058664677983, 41.88860995908984], [3.0489381274608243, 41.88861001051826], [3.048938058719746, 41.888519942119515], [3.0489379899789824, 41.88842987371937], [3.0489379212385312, 41.888339805317784], [3.0489378524983946, 41.8882497369148], [3.048937783758571, 41.88815966851039], [3.048937715019061, 41.88806960010456], [3.048817178817454, 41.8880696514055], [3.048817110247566, 41.8879795829981], [3.0486965742149543, 41.88797963417235], [3.0486965058146867, 41.88788956576336], [3.0486964374147303, 41.887799497352965], [3.048816973108728, 41.88779944617902], [3.048816904539778, 41.88770937776737], [3.048816835971141, 41.88761930935429], [3.0488167674028173, 41.8875292409398], [3.048816698834806, 41.887439172523884], [3.0488166302671074, 41.887349104106555], [3.0489371651142707, 41.88734905280692], [3.048937096377583, 41.88725898438833], [3.0489370276412093, 41.88716891596834], [3.0489369589051485, 41.88707884754692], [3.0488164245658886, 41.88707889884608], [3.048695890226316, 41.88707895001872], [3.0485753558864315, 41.88707900106486], [3.0484548215462355, 41.8870790519845], [3.0484548896050945, 41.887169120406554], [3.0483343550952875, 41.887169171199844], [3.048213820585171, 41.88716922186661], [3.048213888305738, 41.887259290287574], [3.0480933536260113, 41.887259340828], [3.0479728189459765, 41.88725939124191], [3.0479728863282483, 41.887349459661785], [3.0478523514786042, 41.88734950994935], [3.0477318166286533, 41.88734956011041], [3.0476112817783965, 41.88734961014495], [3.047490746927835, 41.88734966005299], [3.0474908136332033, 41.887439728472074], [3.0473702786130343, 41.88743977825375], [3.047249743592562, 41.88743982790893], [3.047129208571787, 41.88743987743759], [3.04700867355071, 41.88743992683975], [3.047008607522552, 41.887349858420045], [3.046888072670477, 41.88734990769554], [3.0467675378181007, 41.88734995684452], [3.046767472128849, 41.88725988842309], [3.046646937445475, 41.88725993744541], [3.046646871925824, 41.887169869022415], [3.0465263374114526, 41.88716991791806], [3.0465262720614006, 41.887079849493496], [3.046405737716032, 41.88707989826249], [3.046285203370365, 41.887079946904976], [3.046164669024402, 41.887079995420955], [3.046164604182547, 41.8869899269945], [3.0461645393409884, 41.886899858566636], [3.0460440053333286, 41.8868999069558], [3.0460439406613635, 41.886809838526375], [3.0460438759896937, 41.886719770095524], [3.0459233423203336, 41.88671981835787], [3.04580280865068, 41.88671986649371], [3.045802744317898, 41.88662979806114], [3.045682210817247, 41.886629846070335], [3.045682146654055, 41.88653977763621], [3.0456820824911555, 41.88644970920064], [3.045802615653215, 41.88644966119175], [3.045802551321314, 41.886359592754935], [3.0456820183285482, 41.886359640763665], [3.04556148533549, 41.8863596886459], [3.0455615493288026, 41.886449757083014], [3.045441016166158, 41.88644980483889], [3.0454410799904674, 41.88653987327476], [3.0453205466582367, 41.886539920904276], [3.0452000133257155, 41.8865399684073], [3.0450794799929044, 41.8865400157838], [3.0450794166764803, 41.88644994734748], [3.045199949839996, 41.88644989997112], [3.045199886354566, 41.886359831533554], [3.045079353360345, 41.88635987890977], [3.045079290044498, 41.88626981047063], [3.04507922672894, 41.886179742030066], [3.045079163413671, 41.88608967358811], [3.0449586309270393, 41.88608972083736], [3.04495856778135, 41.885999652393814], [3.044958504635949, 41.88590958394885], [3.0449584414908366, 41.88581951550248], [3.0448379095117875, 41.88581956262478], [3.0448378465362516, 41.88572949417686], [3.044837783561003, 41.88563942572749], [3.0448377205860417, 41.88554935727671], [3.044958252057226, 41.885549310154836], [3.0449581889132658, 41.885459241702804], [3.0450787202148755, 41.885459194454576], [3.0450786569019175, 41.88536912600126], [3.0450785935892477, 41.885279057546526], [3.045078530276867, 41.88518898909038], [3.0450784669647755, 41.8850989206328], [3.045078403652972, 41.88500885217382], [3.045078340341458, 41.88491878371342], [3.044957810055551, 41.884918830960736], [3.044957746913607, 41.88482876249878], [3.0448372167966937, 41.88482880961946], [3.044837153824318, 41.884738741155914], [3.044837090852229, 41.884648672690965], [3.044837027880428, 41.88455860422459], [3.0448369649089138, 41.8844685357568], [3.0448369019376873, 41.8843784672876], [3.0447163726668807, 41.88437851428103], [3.0447163098652172, 41.88428844581027], [3.044716247063841, 41.88419837733808], [3.0445957181313004, 41.884198424204726], [3.0445956554994855, 41.88410835573097], [3.0445955928679562, 41.884018287255806], [3.0444750642736786, 41.88401833399568], [3.044475001811709, 41.883928265518946], [3.0445955302367125, 41.88392821877922], [3.044595467605755, 41.8838381503012], [3.044595404975083, 41.88374808182178], [3.0445953423446963, 41.88365801334094], [3.0445952797145956, 41.883567944858676], [3.044474751966678, 41.88356799159781], [3.0444746895061323, 41.883477923113986], [3.0443541619271994, 41.88347796972647], [3.0443540996362075, 41.883387901241086], [3.0443540373455003, 41.88329783275427], [3.0443539750550768, 41.88320776426605], [3.0443539127649375, 41.88311769577641], [3.044233385862791, 41.88311774226183], [3.0442333237422017, 41.88302767377063], [3.044233261621896, 41.882937605277995], [3.0441127350579964, 41.882937651636624], [3.044112673107238, 41.88284758314245], [3.0441126111567622, 41.88275751464683], [3.0441125492065693, 41.88266744614982], [3.0442330752626785, 41.882667399791615], [3.044233013143506, 41.88257733129333], [3.0441124872566587, 41.88257737765137], [3.044112425307031, 41.88248730915152], [3.044112363357686, 41.88239724065024], [3.044112301408623, 41.88230717214754], [3.0441122394598428, 41.88221710364344], [3.0441121775113453, 41.882127035137906], [3.0441121155631308, 41.88203696663097], [3.0439915906915553, 41.88203701286166], [3.043871065819699, 41.882037058965864], [3.043750540947561, 41.882037104943585], [3.043750479507398, 41.88194703643479], [3.0437504180675155, 41.88185696792456], [3.0436298935336095, 41.88185701377551], [3.043629832263262, 41.88176694526373], [3.0435093078983315, 41.88176699098805], [3.0435093689994237, 41.88185705949997], [3.0433888444649595, 41.88185710509794], [3.043388783533122, 41.881767036585885], [3.0433887226015623, 41.881676968072405], [3.043388661670281, 41.8815868995575], [3.0432681376433015, 41.88158694502856], [3.0431476136160445, 41.881586990373144], [3.043147553023546, 41.88149692185654], [3.0430270291652657, 41.88149696707449], [3.043026968742295, 41.881406898556314], [3.0430269083196007, 41.88131683003674], [3.0429063847995472, 41.88131687512792], [3.0429063245463785, 41.88122680660679], [3.0429062642934848, 41.88113673808423], [3.0427857411116563, 41.881136783048646], [3.042665217929554, 41.881136827886586], [3.0425446947471784, 41.88113687259804], [3.0424241715645297, 41.88113691718302], [3.042424111988906, 41.88104684865848], [3.042303588975235, 41.881046893116824], [3.0423035295691307, 41.88095682459074], [3.042183006724436, 41.88095686892246], [3.042183065961292, 41.881046937448694], [3.0420625429470793, 41.88104698165408], [3.0420626020149575, 41.88113705017904], [3.0419420788312266, 41.88113709425808], [3.0419420199325975, 41.88104702573299], [3.0419419610342375, 41.88095695720648], [3.041941902136146, 41.880866888678554], [3.041941843238323, 41.8807768201492], [3.041941784340769, 41.880686751618434], [3.0418212620030056, 41.88068679557031], [3.041821203274965, 41.88059672703799], [3.0418211445471925, 41.880506658504245], [3.0417006225476504, 41.88050670232937], [3.041700563989389, 41.88041663379406], [3.041700505431395, 41.880326565257356], [3.0417004468736675, 41.880236496719235], [3.041579925381586, 41.88023654041746], [3.041459403889238, 41.88023658398921], [3.0414593456702606, 41.880146515449375], [3.041459287451548, 41.88005644690815], [3.041338766297416, 41.88005649035315], [3.0413387082482086, 41.879966421810344], [3.0412181872630515, 41.87996646512873], [3.0412181293833473, 41.879876396584386], [3.041097608567165, 41.879876439776154], [3.040977087750719, 41.87987648284144], [3.0408565669340106, 41.879876525780254], [3.0407360461170403, 41.87987656859261], [3.0406155252998093, 41.87987661127847], [3.040495004482318, 41.87987665383785], [3.0403744836645674, 41.87987669627076], [3.0402539628465584, 41.879876738577195], [3.040254019372352, 41.87996680712262], [3.0403745403596, 41.87996676481605], [3.0404950613465895, 41.879966722383], [3.04049511821112, 41.880056790926744], [3.0403745970548908, 41.88005683335992], [3.0402540758984036, 41.880056875666625], [3.0401335547416584, 41.880056917846844], [3.0400130335846556, 41.880056959900585], [3.040012977397083, 41.879966891356325], [3.039892456409064, 41.879966933283455], [3.039892400390986, 41.87987686473764], [3.0397718795719504, 41.879876906538165], [3.0397719354207893, 41.879966975084116], [3.0396514144322593, 41.87996701675829], [3.0395308934434757, 41.879967058306], [3.0395308379331145, 41.879876989759794], [3.0394103171133167, 41.87987703118089], [3.039289796293266, 41.879877072475516], [3.039169275472964, 41.87987711364365], [3.0390487546524105, 41.87987715468532], [3.0390486998192547, 41.87978708613718], [3.039048644986349, 41.879697017587624], [3.039048590153693, 41.879606949036635], [3.038928069840602, 41.87960698995144], [3.038928015177432, 41.87951692139891], [3.0388074950333266, 41.87951696218711], [3.038686974888973, 41.879517002848836], [3.038686920564522, 41.87942693429465], [3.038686866240319, 41.87933686573903], [3.0385663464341865, 41.87933690627402], [3.038445826627807, 41.87933694668254], [3.0384457726423184, 41.87924687812526], [3.0383252530049263, 41.87924691840718], [3.0383251991889164, 41.87915684984835], [3.038325145373152, 41.879066781288095], [3.0384456646720803, 41.879066741006426], [3.038566183970762, 41.87906670059827], [3.0385661298167816, 41.87897663203686], [3.038686648945985, 41.87897659150237], [3.0388071680749413, 41.878976550841415], [3.038807113582747, 41.878886482278844], [3.038927632542224, 41.87888644149154], [3.038927577881049, 41.87879637292767], [3.039048096671047, 41.87879633201402], [3.0391686154607953, 41.878796290973895], [3.0392891342502923, 41.8787962498073], [3.039289189419156, 41.87888631837078], [3.0394097083776312, 41.878886277077605], [3.039409653039538, 41.87879620851424], [3.039530171828531, 41.878796167094706], [3.039650690617271, 41.878796125548696], [3.039771209405757, 41.87879608387622], [3.039891728193988, 41.87879604207727], [3.0398917842089994, 41.878886110640096], [3.0400123031662045, 41.878886068714536], [3.0400123593507016, 41.87897613727582], [3.0401328784768804, 41.87897609522365], [3.0402533976028026, 41.87897605304502], [3.0402534541260176, 41.87906612160462], [3.040253510649491, 41.8791561901628], [3.040374030113618, 41.87915614785744], [3.0404945495774864, 41.879156105425594], [3.0404944927155495, 41.87906603686767], [3.0404944358538724, 41.878975968308346], [3.0404943789924546, 41.8788858997476], [3.0404943221312957, 41.878795831185435], [3.040494265270397, 41.87870576262185], [3.040494208409757, 41.87861569405685], [3.0404941515493764, 41.87852562549043], [3.0404940946892554, 41.87843555692258], [3.040494037829394, 41.87834548835335], [3.0404939809697913, 41.878255419782676], [3.0404939241104483, 41.87816535121058], [3.040493867251365, 41.87807528263707], [3.0406143846842433, 41.878075240080356], [3.0406143276561965, 41.87798517150558], [3.0407348449195926, 41.87798512882253], [3.0407347877225837, 41.87789506024645], [3.040855304816497, 41.877895017437076], [3.040975821910149, 41.87789497450123], [3.0409757643749593, 41.877804905924], [3.041096281299127, 41.87780486286182], [3.0410963390035373, 41.87789493143892], [3.041216856096663, 41.87789488825012], [3.0413373731895246, 41.87789484493487], [3.0413374312326416, 41.877984913510275], [3.0414579484944606, 41.87798487006842], [3.041458006707065, 41.87807493864226], [3.0415785241378406, 41.878074895073794], [3.04169904156835, 41.87807485137886], [3.0416991001196667, 41.87816491995102], [3.041819617719132, 41.878164876129475], [3.0419401353183297, 41.878164832181476], [3.0420606529172587, 41.878164788107], [3.0420605938582725, 41.87807471953526], [3.042060534799555, 41.87798465096212], [3.041940017539072, 41.87798469503631], [3.0419399586498463, 41.8778946264616], [3.041939899760889, 41.87780455788547], [3.0420604166829293, 41.877804513811554], [3.0420603576250205, 41.87771444523414], [3.0420602985673812, 41.87762437665531], [3.0419397819837806, 41.87762442072896], [3.041939723095629, 41.87753435214857], [3.041819206680978, 41.87753439609561], [3.0416986902660597, 41.87753443991618], [3.041698631716612, 41.877444371334114], [3.0416985731674324, 41.87735430275062], [3.0416985146185196, 41.877264234165715], [3.041577998710985, 41.87726427785941], [3.041577940331555, 41.877174209272944], [3.04145742459297, 41.877174252840035], [3.0414573663830207, 41.87708418425201], [3.041336850813385, 41.87708422769251], [3.0412163352434844, 41.877084271006524], [3.0412163931150036, 41.877174339594816], [3.0412164509867874, 41.877264408181695], [3.0412165088588345, 41.87735447676715], [3.0410959927810235, 41.877354519955134], [3.0409754767029487, 41.87735456301663], [3.040975419169334, 41.87726449443091], [3.040975361635982, 41.877174425843755], [3.0410958773756245, 41.87717438278252], [3.0410958196733198, 41.87708431419409], [3.0410957619712784, 41.87699424560425], [3.0410957042695004, 41.87690417701299], [3.0410956465679853, 41.87681410842031], [3.0409751315051974, 41.87681415148101], [3.0409750739731574, 41.87672408288677], [3.04097501644138, 41.87663401429112], [3.0408545017167516, 41.87663405722508], [3.0407339869918624, 41.876634100032575], [3.040733929798767, 41.87654403143524], [3.0407338726059336, 41.876453962836486], [3.0407338154133603, 41.87636389423631], [3.040854329630622, 41.87636385142922], [3.040854272269102, 41.87627378282775], [3.0409747863168937, 41.87627373989434], [3.040974728786428, 41.8761836712916], [3.0408542149078435, 41.87618371422488], [3.040733701028997, 41.876183757031704], [3.0407336438372066, 41.87609368842728], [3.040613130127306, 41.876093731107524], [3.040613073104982, 41.87600366250153], [3.0406130160829186, 41.87591359389414], [3.0404925027111678, 41.87591363644764], [3.040492445858568, 41.8758235678387], [3.0404923890062276, 41.875733499228346], [3.0404923321541464, 41.875643430616556], [3.040492275302325, 41.87555336200336], [3.040492218450763, 41.875463293388734], [3.0404921615994596, 41.8753732247727], [3.0406126739559975, 41.875373182219995], [3.0407331863122757, 41.87537313954084], [3.040733129122833, 41.875283070923665], [3.0407330719336514, 41.87519300230506], [3.0407330147447307, 41.875102933685035], [3.0407329575560706, 41.8750128650636], [3.040853469235295, 41.87501282225852], [3.0408534118776998, 41.8749227536358], [3.040853354520366, 41.87483268501167], [3.0407328431795335, 41.874832727816475], [3.0407327859916564, 41.87474265919079], [3.04073272880404, 41.87465259056367], [3.0406122178013355, 41.87465263324176], [3.0406121607831733, 41.8745625646131], [3.040612103765271, 41.87447249598303], [3.0407326144295896, 41.87447245330521], [3.0407325572427557, 41.87438238467385], [3.040732500056183, 41.87429231604107], [3.0408530103818583, 41.87429227323707], [3.0409735207072726, 41.87429223030662], [3.041094031032424, 41.874292187249715], [3.0410940887265694, 41.87438225588208], [3.0412145992206487, 41.874382212698585], [3.041214541357312, 41.87429214406636], [3.0412144834942394, 41.874202075432706], [3.0410939733385414, 41.87420211861592], [3.04097346318258, 41.87420216167269], [3.0409734056581503, 41.87411209303735], [3.0409733481339827, 41.87402202440059], [3.0409732906100775, 41.8739319557624], [3.040852780961419, 41.87393199869232], [3.0407322713125, 41.87393204149578], [3.0406117616633193, 41.873932084172786], [3.0404912520138785, 41.873932126723346], [3.040370742364179, 41.873932169147466], [3.0402502327142202, 41.87393221144513], [3.0402501762056997, 41.873842142804726], [3.0402501196974367, 41.873752074162915], [3.040250063189432, 41.87366200551968], [3.0402500066816844, 41.87357193687503], [3.040129497708212, 41.87357197904571], [3.040008988734482, 41.87357202108995], [3.0400089325653603, 41.873481952443605], [3.040008876396495, 41.873391883795854], [3.0401293850318574, 41.873391841751875], [3.040129328694066, 41.873301773102845], [3.0402498371599895, 41.87330173093256], [3.040249780653273, 41.873211662282245], [3.0402497241468143, 41.8731215936305], [3.0402496676406137, 41.87303152497734], [3.0402496111346706, 41.872941456322756], [3.040249554628985, 41.87285138766678], [3.0401290470089624, 41.872851429836395], [3.040128990672713, 41.87276136117885], [3.040008483221611, 41.872761403221894], [3.0400084270547953, 41.87267133456281], [3.0398879197726143, 41.872671376479275], [3.039887863775231, 41.87258130781863], [3.039887807778103, 41.87249123915656], [3.039767300834018, 41.87249128094633], [3.0397672450063205, 41.87240121228272], [3.0397671891788773, 41.872311143617694], [3.0396466825728865, 41.87231118528074], [3.0395261759666417, 41.87231122681737], [3.0395262314557367, 41.872401295482646], [3.0395262869450854, 41.872491364146505], [3.039405780000239, 41.87249140555694], [3.03928527305514, 41.872491446840925], [3.0391647661097894, 41.87249148799846], [3.039044259164189, 41.87249152902955], [3.039044204351539, 41.872401460365175], [3.0390441495391394, 41.87231139169938], [3.038923642931637, 41.87231143260376], [3.0389235882886605, 41.87222136393641], [3.0389235336459333, 41.87213129526764], [3.038803027376527, 41.872131336045335], [3.038802972903221, 41.87204126737503], [3.038802918430163, 41.871951198703286], [3.0388028639573537, 41.87186113003013], [3.0388028094847925, 41.871771061355574], [3.03880275501248, 41.87168099267958], [3.038802700540417, 41.871590924002184], [3.03868219528578, 41.87159096465267], [3.0386821409831315, 41.87150089597372], [3.038561635897414, 41.87150093649765], [3.0385615817641796, 41.87141086781715], [3.038561527631192, 41.87132079913524], [3.0385614734984516, 41.871230730451906], [3.0385614193659576, 41.871140661767164], [3.038561365233711, 41.871050593080994], [3.0385613111017107, 41.87096052439342], [3.038561256969958, 41.87087045570442], [3.0384407530681408, 41.87087049610101], [3.0383202491660777, 41.87087053637117], [3.0383201953728936, 41.8707804676805], [3.0381996916397456, 41.870780507824094], [3.038079187906354, 41.87078054784124], [3.0380791344517344, 41.8706904791489], [3.0380790809973592, 41.87060041045515], [3.038079027543228, 41.87051034175997], [3.038199530769142, 41.870510301743195], [3.038320033994812, 41.870510261599975], [3.0383199802026093, 41.87042019290365], [3.0383199264106517, 41.870330124205886], [3.0381994235232965, 41.87033016434884], [3.0380789206356966, 41.87033020436537], [3.0379584177478534, 41.87033024425546], [3.0378379148597667, 41.870330284019126], [3.037717411971438, 41.87033032365635], [3.037596909082868, 41.870330363167135], [3.037596856306093, 41.8702402944672], [3.037596803529558, 41.87015022576586], [3.0375967507532646, 41.87006015706311], [3.0375966979772118, 41.86997008835891], [3.0375966452013996, 41.86988001965333], [3.037596592425828, 41.86978995094632], [3.0375965396504974, 41.86969988223787], [3.0375964868754077, 41.86960981352803], [3.037596434100558, 41.86951974481676], [3.0375963813259497, 41.86942967610409], [3.0375963285515817, 41.86933960738998], [3.037596275777455, 41.86924953867446], [3.0375962230035682, 41.86915946995753], [3.037596170229923, 41.869069401239166], [3.037716670750376, 41.86906936173012], [3.037716617807826, 41.868979293010476], [3.037716564865517, 41.86888922428941], [3.03771651192345, 41.86879915556692], [3.037716458981624, 41.86870908684302], [3.037836958825259, 41.86870904720804], [3.0378369057145322, 41.86861897848285], [3.037836852604048, 41.86852890975624], [3.037836799493806, 41.86843884102821], [3.0378367463838054, 41.86834877229875], [3.037836693274048, 41.8682587035679], [3.0378366401645325, 41.86816863483562], [3.0378365870552595, 41.86807856610193], [3.0378365339462285, 41.8679884973668], [3.03771603545571, 41.86798853700079], [3.0377159825160573, 41.86789846826412], [3.0377159295766463, 41.86780839952605], [3.0377158766374768, 41.86771833078656], [3.0377158236985484, 41.86762826204565], [3.037595325884328, 41.86762830155271], [3.0375952731147744, 41.86753823281027], [3.0375952203454615, 41.86744816406639], [3.0375951675763893, 41.8673580953211], [3.0375951148075577, 41.86726802657439], [3.037474617669625, 41.86726806595455], [3.0374745650701636, 41.867177997206305], [3.037354068101121, 41.867178036459904], [3.037354015671029, 41.86708796771011], [3.037353963241176, 41.8669978989589], [3.0372334666101515, 41.866997938085845], [3.0372334143496658, 41.866907869333104], [3.0371129178875305, 41.866907908333495], [3.0371128657964097, 41.86681783957921], [3.037112813705527, 41.8667277708235], [3.0371127616148814, 41.86663770206638], [3.0371127095244734, 41.866547633307846], [3.0369922137386034, 41.866547672181326], [3.0368717179524967, 41.8665477109284], [3.0368716662005744, 41.8664576421682], [3.036871614448888, 41.86636757340658], [3.0367511190007916, 41.86636761202699], [3.03663062355246, 41.866367650520985], [3.036630572139254, 41.86627758175771], [3.0366305207262827, 41.866187512993015], [3.0365100256159607, 41.86618755136035], [3.0365099743723447, 41.86609748259411], [3.0363894794309094, 41.866097520834906], [3.036389428356647, 41.866007452067144], [3.0362689335840987, 41.8660074901814], [3.036268882679188, 41.8659174214121], [3.03626883177451, 41.86582735264137], [3.0363893262088206, 41.865827314527344], [3.036509820642898, 41.86582727628691], [3.036509769400217, 41.86573720751501], [3.0365097181577694, 41.86564713874168], [3.036389224061926, 41.865647176981874], [3.0363891729888284, 41.86555710820702], [3.0365096669155553, 41.86555706996694], [3.036509615673575, 41.86546700119079], [3.0365095644318285, 41.86537693241321], [3.036509513190316, 41.865286863634225], [3.0363890197709327, 41.86528690187394], [3.0362685263513165, 41.86528693998725], [3.036148032931468, 41.86528697797415], [3.036147982197528, 41.86519690919338], [3.036147931463819, 41.86510684041118], [3.036147880730342, 41.86501677162758], [3.0361478299970965, 41.86492670284257], [3.0362683227404976, 41.86492666485615], [3.0362682718383733, 41.86483659606983], [3.0362682209364813, 41.8647465272821], [3.036388713341431, 41.86474648916951], [3.0363886622706624, 41.86465642038048], [3.0363886112001275, 41.86456635159003], [3.036388560129825, 41.86447628279815], [3.0363885090597553, 41.86438621400487], [3.036388457989919, 41.86429614521017], [3.036388406920315, 41.864206076414035], [3.0363883558509444, 41.86411600761651], [3.0362678646297367, 41.86411604572825], [3.0362678137297023, 41.86402597692918], [3.0362677628298997, 41.86393590812869], [3.036267711930329, 41.86384583932678], [3.03638820264423, 41.86384580121538], [3.0363882537129014, 41.86393587001717], [3.036508744595671, 41.863935831779266], [3.0366292354782063, 41.86393579341494], [3.0366291840713315, 41.86384572461339], [3.036749674784531, 41.863845686122794], [3.036870165497495, 41.86384564750578], [3.036990656210224, 41.863845608762354], [3.037111146922715, 41.86384556989254], [3.037231637634969, 41.863845530896306], [3.037231689887351, 41.86393559969725], [3.037352180768468, 41.86393556057449], [3.037352128346985, 41.86384549177368], [3.0373520759257406, 41.863755422971444], [3.0373520235047353, 41.863665354167786], [3.0373519710839694, 41.863575285362714], [3.037231480879253, 41.86357532448498], [3.0372314286278246, 41.86348525567837], [3.0372313763766345, 41.863395186870335], [3.037110886509876, 41.86339522586595], [3.0371108344280207, 41.863305157056374], [3.037110782346403, 41.8632150882454], [3.037110730265023, 41.863125019432985], [3.036990240905315, 41.86312505830184], [3.0368697515453706, 41.86312509704427], [3.03674926218519, 41.86312513566032], [3.0366287728247743, 41.86312517414995], [3.03662872142001, 41.863035105335655], [3.0366286700154794, 41.86294503651992], [3.0365081809930174, 41.862945074882916], [3.036387691970322, 41.862945113119515], [3.0363876409042123, 41.86285504430212], [3.0363875898383355, 41.862764975483316], [3.0363875387726913, 41.8626749066631], [3.0365080272881104, 41.86267486842687], [3.036507976053609, 41.86258479960536], [3.036628464399704, 41.862584761242836], [3.0367489527455644, 41.86258472275393], [3.036869441091189, 41.862584684138625], [3.036869389349652, 41.86249461531606], [3.0369898775259507, 41.862494576574456], [3.0369898256155605, 41.8624045077506], [3.037110313622534, 41.86240446888272], [3.0371102615432917, 41.862314400057556], [3.037110209464287, 41.86222433123098], [3.0369897217954898, 41.8622243700986], [3.036989669885809, 41.86213430127049], [3.0369896179763654, 41.86204423244095], [3.0371101053069904, 41.86204419357357], [3.0371100532286985, 41.86195412474274], [3.0372305403900004, 41.861954085749076], [3.0373510275510642, 41.86195404662902], [3.0373509751348404, 41.861863977797015], [3.0372304881428613, 41.86186401691695], [3.037110001150644, 41.86186405591047], [3.0369895141581886, 41.86186409477762], [3.0369894622494553, 41.86177402594383], [3.036868975425847, 41.86177406468445], [3.0368689236864332, 41.86168399584911], [3.036748437031672, 41.86168403446321], [3.0366279503766758, 41.861684072950915], [3.036507463721445, 41.86168411131222], [3.03638697706598, 41.86168414954713], [3.036266490410283, 41.861684187655655], [3.0361460037543533, 41.86168422563776], [3.0360255170981922, 41.86168426349348], [3.03602546654259, 41.8615941946559], [3.036025415987218, 41.86150412581689], [3.0360253654320766, 41.861414056976464], [3.035904879282929, 41.86141409470544], [3.035904828897098, 41.86132402586349], [3.0357843429168008, 41.861324063465936], [3.0356638569362744, 41.86132410094199], [3.0355433709555197, 41.86132413829166], [3.0354228849745373, 41.86132417551494], [3.0354228352652526, 41.8612341066711], [3.035422785556195, 41.86114403782583], [3.035422735847363, 41.86105396897914], [3.0354226861387588, 41.860963900131054], [3.0354226364303805, 41.86087383128152], [3.0354225867222295, 41.86078376243059], [3.0355430716887484, 41.86078372520803], [3.0356635566550403, 41.86078368785907], [3.035663506608967, 41.860693619006945], [3.035663456563122, 41.86060355015342], [3.035783941191037, 41.860603512678296], [3.0359044258187238, 41.860603475076786], [3.03602491044618, 41.860603437348885], [3.0360248598933444, 41.86051336849429], [3.0361453443514974, 41.8605133306401], [3.0362658288094195, 41.86051329265955], [3.0363863132671085, 41.86051325455258], [3.0363862622072872, 41.86042318569692], [3.0365067464956716, 41.860423147463706], [3.036627230783823, 41.86042310910407], [3.0366272821817883, 41.8605131779595], [3.036747766638777, 41.860513139473355], [3.0367477150717392, 41.86042307061807], [3.0368681993594207, 41.86042303200568], [3.0368681476235464, 41.860332963149084], [3.0369886317419206, 41.860332924410415], [3.0371091158600576, 41.86033288554535], [3.0371090637862785, 41.86024281668759], [3.037109011712737, 41.8601527478284], [3.0369885279327398, 41.86015278669321], [3.0369884760285046, 41.86006271783249], [3.0371089596394327, 41.86006267896781], [3.037229443250123, 41.86006263997672], [3.037349926860575, 41.860062600859244], [3.037470410470788, 41.860062561615386], [3.037590894080761, 41.86006252224514], [3.037711377690494, 41.860062482748496], [3.037831861299985, 41.86006244312547], [3.037952344909234, 41.86006240337605], [3.0380728285182403, 41.86006236350025], [3.038072775092627, 41.85997229463921], [3.0381932585323215, 41.859972254637135], [3.0381933121270026, 41.86006232349805], [3.0383137957355206, 41.86006228336946], [3.038313741971771, 41.85997221450867], [3.0383136882082673, 41.859882145646495], [3.0383136344450086, 41.85979207678288], [3.0383135806819945, 41.85970200791786], [3.038434063613999, 41.85970196766338], [3.0384340096821654, 41.85961189879706], [3.0384339557505777, 41.859521829929335], [3.0385544383442067, 41.85952178954874], [3.0385543842438016, 41.859431720679694], [3.0385543301436426, 41.85934165180927], [3.03843384788814, 41.8593416921896], [3.0384337939572905, 41.85925162331762], [3.0383133118706045, 41.859251663571456], [3.0383132581090617, 41.85916159469792], [3.0381927761911918, 41.85916163482525], [3.038072294273077, 41.85916167482619], [3.038072347696497, 41.85925174369997], [3.0380724011201603, 41.85934181257233], [3.037951918863679, 41.859341852447145], [3.0378314366069543, 41.85934189219556], [3.037831489692736, 41.859431961066754], [3.037711007266706, 41.85943200068891], [3.037711060183666, 41.859522069558814], [3.037590577588331, 41.859522109054716], [3.037590630336468, 41.85961217792333], [3.037590683084846, 41.85970224679052], [3.037470200151141, 41.859702286160285], [3.0373497172171966, 41.859702325403646], [3.0373497696276828, 41.85979239426967], [3.037229286524433, 41.85979243338679], [3.037229234283013, 41.85970236452062], [3.0371087513485913, 41.85970240351122], [3.0371086992764744, 41.85961233464353], [3.037108647204595, 41.85952226577443], [3.036988164608066, 41.85952230463839], [3.036867682011299, 41.85952234337597], [3.0368676302777846, 41.859432274505195], [3.036747147849846, 41.85943231311626], [3.03674709628563, 41.859342244243955], [3.0366266140265195, 41.85934228272852], [3.036626665421672, 41.859432351600944], [3.036506182993264, 41.85943238995924], [3.036506234219587, 41.85952245883036], [3.036506285446144, 41.859612527700065], [3.036385802679374, 41.85961256593222], [3.0363858537370993, 41.85970263480064], [3.036385904795058, 41.859792703667644], [3.036385955853249, 41.85988277253321], [3.036265472579048, 41.85988281063934], [3.036265523468405, 41.859972879503616], [3.0361450400249046, 41.85997291748347], [3.0361450907454253, 41.86006298634645], [3.0360246071326253, 41.86006302420003], [3.0359041235195945, 41.86006306192722], [3.035783639906334, 41.86006309952802], [3.035663156292845, 41.860063137002435], [3.035542672679127, 41.86006317435046], [3.0354221890651814, 41.86006321157209], [3.035422139359071, 41.8599731427084], [3.035542622803948, 41.85997310548688], [3.035542572928996, 41.8598830366219], [3.0355425230542723, 41.85979296775549], [3.0355424731797753, 41.85970289888766], [3.035421990242099, 41.85970293610882], [3.0354220399475293, 41.859793004976765], [3.03530155684056, 41.85979304207167], [3.0353016063771507, 41.859883110938306], [3.0351811231008887, 41.85988314790693], [3.035181073733365, 41.859793079040166], [3.035181024366066, 41.859703010171984], [3.0350605414277116, 41.859703047014], [3.034940058489133, 41.85970308372961], [3.0349400094601897, 41.85961301485979], [3.0350604922297033, 41.859612978144284], [3.0351809749989926, 41.859612941302395], [3.0351809256321443, 41.85952287243139], [3.0353014082321437, 41.85952283546323], [3.035421890831918, 41.85952279836868], [3.035421841127167, 41.85943272949648], [3.0355423235576504, 41.85943269227567], [3.035542273684064, 41.85934262340218], [3.035662755945257, 41.85934258605509], [3.035662705902835, 41.859252517180295], [3.035662655860642, 41.85916244830407], [3.0356626058186773, 41.85907237942644], [3.0356625557769408, 41.85898231054739], [3.0355420741919916, 41.858982347894006], [3.0354215926068147, 41.85898238511424], [3.0354215429034244, 41.858892316233536], [3.0353010614870803, 41.85889235332727], [3.0353010119529746, 41.858802284445034], [3.0351805307054627, 41.858802321412256], [3.0351804813406407, 41.8587122525285], [3.035180431976044, 41.85862218364331], [3.0351803826116726, 41.8585321147567], [3.0350599018711053, 41.858532151597196], [3.034939421130314, 41.858532188311315], [3.034939372104278, 41.85844211942307], [3.034818891532318, 41.85844215601069], [3.03481884267556, 41.858352087120906], [3.0346983622724317, 41.85835212358202], [3.034698410960136, 41.85844219247193], [3.034577930387731, 41.85844222880678], [3.034457449815105, 41.85844226501525], [3.0344574981649206, 41.85853233390395], [3.0344575465149566, 41.858622402791255], [3.0343370656039985, 41.85862243887356], [3.0342165846928215, 41.85862247482951], [3.0342166327049647, 41.858712543715605], [3.0340961516245115, 41.858712579545276], [3.0339756705438403, 41.85871261524855], [3.0339756228698107, 41.85862254636223], [3.0339755751959987, 41.858532477474476], [3.033975527522404, 41.85844240858532], [3.033855046948683, 41.85844244416188], [3.0338550944532225, 41.858532513051145], [3.03373461371023, 41.858532548501444], [3.0336141329670214, 41.858532583825344], [3.033493652223598, 41.858532619022874], [3.0334936992211863, 41.858622687911065], [3.0333732183084923, 41.85862272298233], [3.033373265137238, 41.858712791869216], [3.033373311966197, 41.85880286075468], [3.0333733587953704, 41.858892929638714], [3.033373405624757, 41.85898299852135], [3.033373452454357, 41.85907306740256], [3.033252970696158, 41.859073102347985], [3.033253017356911, 41.859163171227884], [3.033132535429439, 41.859163206047036], [3.0331325819213437, 41.85925327492562], [3.0331326284134605, 41.8593433438028], [3.0330121461476525, 41.85934337849577], [3.032891663881633, 41.85934341306237], [3.032891617727641, 41.85925334418498], [3.0327711356304734, 41.859253378625084], [3.0327710896457525, 41.85916330974616], [3.0326506077174367, 41.85916334405976], [3.0325301257889117, 41.859163378246976], [3.032409643860179, 41.85916341230781], [3.032289161931238, 41.859163446242256], [3.032289207239713, 41.859253515121615], [3.0322892525483947, 41.85934358399954], [3.032289297857283, 41.859433652876056], [3.0321688154209494, 41.85943368668443], [3.03204833298441, 41.85943372036643], [3.0319278505476652, 41.85943375392205], [3.0319278057459655, 41.85934368504521], [3.03180732347808, 41.85934371847434], [3.0318072788456467, 41.859253649595985], [3.031807234213417, 41.859163580716206], [3.031686752283451, 41.859163614018726], [3.031566270353282, 41.85916364719487], [3.031566226059377, 41.85907357831346], [3.0315661817656747, 41.858983509430644], [3.0315661374721743, 41.858893440546424], [3.0315660931788755, 41.85880337166076], [3.031445611924742, 41.858803404710095], [3.031445656048983, 41.858893473595856], [3.03132517462559, 41.85889350651892], [3.0313252185809727, 41.85898357540335], [3.0312047369883204, 41.85898360820013], [3.031204693201997, 41.858893539315595], [3.031084211778204, 41.858893571985874], [3.0310841681611387, 41.858803503099814], [3.0312046494158733, 41.85880347042963], [3.031204605629949, 41.858713401542246], [3.0312045618442247, 41.85862333265345], [3.031325042760645, 41.858623299857086], [3.0313249988060647, 41.85853323096697], [3.031324954851684, 41.858443162075446], [3.031204474273375, 41.85844319487161], [3.031083993694866, 41.85844322754137], [3.0310839500787954, 41.85835315864823], [3.0309634696691417, 41.85835319119152], [3.0309634262223235, 41.85826312229684], [3.030842945981526, 41.858263154713654], [3.0308429027039585, 41.85817308581746], [3.030722422632016, 41.85817311810778], [3.0307223795236986, 41.85808304921008], [3.0306018996206117, 41.85808308137391], [3.030601856681542, 41.85799301247469], [3.0306018137426682, 41.85790294357403], [3.0304813341774874, 41.857902975611296], [3.0303608546121112, 41.85790300752218], [3.0302403750465414, 41.85790303930669], [3.030240332615013, 41.85781297040433], [3.030240290183678, 41.85772290150054], [3.030119810956013, 41.857722933158456], [3.0299993317281553, 41.85772296469], [3.0298788525001057, 41.85772299609516], [3.0298788105761094, 41.85763292718968], [3.029878768652304, 41.85754285828277], [3.029758289762159, 41.85754288956135], [3.029637810871824, 41.85754292071357], [3.0296377692863032, 41.85745285180503], [3.029637727700972, 41.85736278289509], [3.02951724914854, 41.85736281392074], [3.029517290564825, 41.85745288283076], [3.029396811843158, 41.85745291373013], [3.0293968530905846, 41.857542982638854], [3.0292763741996827, 41.857543013411934], [3.0292763331213024, 41.85745294450311], [3.0292762920431096, 41.85736287559288], [3.0293967705959184, 41.857362844819995], [3.0293967293488677, 41.857272775908434], [3.029517207732444, 41.85727274500927], [3.029637686115831, 41.85727271398372], [3.0296376445308795, 41.857182645070935], [3.029637602946117, 41.857092576156745], [3.029637561361545, 41.857002507241134], [3.0296375197771623, 41.85691243832411], [3.0296374781929694, 41.856822369405656], [3.029757955730952, 41.85682233825422], [3.0298784332687445, 41.85682230697641], [3.02987839134666, 41.85673223805674], [3.029878349424767, 41.85664216913567], [3.029998826624288, 41.85664213773168], [3.029998784533547, 41.856552068809265], [3.029878307503065, 41.85655210021315], [3.029878265581554, 41.85646203128923], [3.029878223660234, 41.85637196236388], [3.0297577469676367, 41.8563719936412], [3.029637270274849, 41.85637202479214], [3.029637311858094, 41.856462093717674], [3.029516834996079, 41.85646212474234], [3.029396358133875, 41.85646215564063], [3.029396399379233, 41.85655222456495], [3.029396440624779, 41.85664229348785], [3.0292759634243094, 41.85664232425995], [3.029276004501004, 41.856732393181524], [3.0292760455778853, 41.856822462101675], [3.029276086654954, 41.85691253102043], [3.029276127732211, 41.85700259993775], [3.0291556498553907, 41.857002630583885], [3.0290351719783835, 41.85700266110362], [3.02891469410119, 41.857002691496994], [3.0289147346715053, 41.85709276041318], [3.028914775242005, 41.857182829327954], [3.028794297026541, 41.85718285959515], [3.028673818810892, 41.85718288973595], [3.02855334059506, 41.85718291975038], [3.0285533005316907, 41.85709285083532], [3.028553260468505, 41.85700278191885], [3.0284327825905764, 41.857002811806716], [3.0284327426966153, 41.85691274288873], [3.0284327028028355, 41.85682267396932], [3.028432662909238, 41.8567326050485], [3.028432623015823, 41.85664253612625], [3.028432583122589, 41.85655246720259], [3.0284325432295374, 41.85646239827752], [3.028312066365668, 41.85646242803845], [3.028312026641836, 41.85637235911186], [3.0281915499468233, 41.856372388746315], [3.028191510392209, 41.85628231981823], [3.028071033866053, 41.856282349326214], [3.0279505573397167, 41.85628237870784], [3.0278300808132017, 41.8562824079631], [3.027830041765876, 41.85619233903331], [3.0277095654082187, 41.8561923681621], [3.0277095265301064, 41.8561022992308], [3.027830002718728, 41.856102270102106], [3.027950478907172, 41.85610224084703], [3.0279504396911676, 41.856012171914486], [3.0280709157103978, 41.85601214253314], [3.0280709550954366, 41.856102211465604], [3.028191431283522, 41.85610218195777], [3.0281913917294485, 41.85601211302542], [3.0281913521755564, 41.855922044091656], [3.0283118280253927, 41.85592201445766], [3.0284323038750482, 41.8559219846973], [3.0284322639832704, 41.85583191576229], [3.028432224091674, 41.855741846825865], [3.02843218420026, 41.855651777888035], [3.0284321443090283, 41.855561708948784], [3.028432104417978, 41.85547164000811], [3.0284320645271094, 41.855381571066026], [3.0285525393623973, 41.85538154117985], [3.028552499302682, 41.855291472236445], [3.0285524592431505, 41.85520140329161], [3.0285524191838014, 41.855111334345374], [3.0285523791246347, 41.85502126539772], [3.0284319049654553, 41.855021295283514], [3.0284318650754964, 41.85493122633432], [3.0284318251857196, 41.854841157383746], [3.02855229900685, 41.854841127498126], [3.028672772827797, 41.854841097486144], [3.028672732600155, 41.85475102853433], [3.0286726923726963, 41.85466095958109], [3.028672652145421, 41.854570890626434], [3.0286726119183296, 41.85448082167036], [3.028552138773472, 41.85448085168196], [3.0284316656284322, 41.8544808815672], [3.02831119248321, 41.85448091132607], [3.028190719337807, 41.85448094095858], [3.0280702461922235, 41.85448097046472], [3.02794977304646, 41.854480999844505], [3.0278292999005183, 41.85448102909792], [3.0277088267543983, 41.85448105822496], [3.02770886562932, 41.854571127181785], [3.0275883923140006, 41.854571156182566], [3.027588431020077, 41.85466122513807], [3.02746795753556, 41.85466125401256], [3.0273474840508667, 41.8546612827607], [3.027347522419074, 41.854751351714945], [3.0272270487651833, 41.85475138033681], [3.027106575111118, 41.85475140883231], [3.027106613141453, 41.85484147778532], [3.0269861393181907, 41.85484150615454], [3.026865665494756, 41.854841534397394], [3.026865703187215, 41.85493160334917], [3.0268657408798463, 41.855021672299536], [3.02674526671819, 41.855021700416195], [3.0267453042419676, 41.85511176936524], [3.0266248299111136, 41.855111797355605], [3.02650435558009, 41.85511182521962], [3.026504392765985, 41.855201894167415], [3.026383918265765, 41.85520192190515], [3.026263443765376, 41.85520194951652], [3.0262634806133852, 41.85529201846306], [3.026263517461563, 41.85538208740818], [3.0261430426229503, 41.85538211489337], [3.02602256778417, 41.85538214225217], [3.026022604294458, 41.85547221119605], [3.0260226408049116, 41.85556228013852], [3.0259021656279064, 41.85556230737112], [3.025781690450735, 41.85556233447736], [3.0257817266232947, 41.85565240341858], [3.025781762796019, 41.85574247235838], [3.025661287280621, 41.855742499338405], [3.0256613232844782, 41.85583256827689], [3.0255408475998835, 41.85583259513064], [3.0255408834348723, 41.855922664067776], [3.0254204075810813, 41.85592269079524], [3.025299931727128, 41.855922717396325], [3.0252999672242122, 41.856012786332215], [3.0253000027214587, 41.856102855266684], [3.0251795265292754, 41.85610288174158], [3.025059050336931, 41.8561029080901], [3.025059085496269, 41.85619297702331], [3.0249386091347286, 41.85619300324554], [3.024938644125191, 41.85628307217742], [3.024818167594455, 41.856283098273344], [3.02481820241604, 41.8563731672039], [3.024697725716109, 41.85637319317355], [3.024697760368815, 41.856463262102764], [3.0245772834996885, 41.85646328794612], [3.024577317983515, 41.856553356873995], [3.024577352467498, 41.856643425800456], [3.0244568752601366, 41.85664345151759], [3.0243363980526183, 41.85664347710836], [3.0243364321986794, 41.85673354603355], [3.0243364663448964, 41.85682361495734], [3.0242159887991416, 41.856823640421894], [3.0240955112532326, 41.856823665760075], [3.024095545061522, 41.8569137346826], [3.0239750673464174, 41.85691375989449], [3.0239751009858193, 41.85700382881568], [3.023854623101519, 41.85700385390127], [3.023854589631159, 41.85691378498], [3.023854556160952, 41.856823716057306], [3.0237340786145825, 41.85682374101637], [3.0236136010680608, 41.85682376584905], [3.0234931235213884, 41.85682379055537], [3.023372645974565, 41.85682381513529], [3.023252168427593, 41.85682383958885], [3.0231316908804717, 41.856823863916034], [3.023011213333202, 41.856823888116836], [3.0228907357857855, 41.85682391219127], [3.0228907036680566, 41.85673384326656], [3.0228906715504733, 41.856643774340434], [3.022890639433037, 41.856553705412885], [3.0230111164733344, 41.85655368133868], [3.023131593513484, 41.856553657138086], [3.0231315610581175, 41.85646358820928], [3.023131528602899, 41.856373519279046], [3.0231314961478284, 41.85628345034739], [3.023251972680718, 41.85628342602066], [3.0232519400567592, 41.85619335708768], [3.0233724164204636, 41.85619333263465], [3.0233723836276187, 41.85610326370033], [3.02325190743295, 41.85610328815327], [3.0232518748092887, 41.85601321921744], [3.023251842185777, 41.8559231502802], [3.0233723180423775, 41.85592312582741], [3.0233722852499816, 41.85583305688883], [3.023372252457735, 41.855742987948815], [3.023372219665638, 41.855652919007404], [3.02337218687369, 41.85556285006457], [3.0232517116932165, 41.855562874517055], [3.0231312365125937, 41.85556289884316], [3.023010761331823, 41.8555629230429], [3.023010793616679, 41.85565299198597], [3.0230108259016815, 41.855743060927615], [3.0230108581868316, 41.85583312986785], [3.0230108904721296, 41.855923198806664], [3.023131366329027, 41.85592317460662], [3.0231313987835056, 41.856013243543934], [3.023010922757574, 41.85601326774407], [3.022890446731495, 41.85601329181781], [3.022890478848053, 41.85610336075387], [3.022770002652793, 41.85610338470132], [3.022649526457388, 41.8561034085224], [3.0226495582360213, 41.85619347745719], [3.0226495900148, 41.85628354639056], [3.0225291134811783, 41.856283570085424], [3.0224086369474126, 41.856283593653906], [3.0224086683882625, 41.856373662586016], [3.0222881916853166, 41.856373686028206], [3.022167714982228, 41.85637370934402], [3.0220472382789976, 41.85637373253346], [3.0220472073452584, 41.85628366360114], [3.0219267308109234, 41.856283686664135], [3.0218062542764486, 41.85628370960076], [3.0218062236809224, 41.85619364066689], [3.021685747315344, 41.856193663477065], [3.0216857168889923, 41.85610359454169], [3.0215652406923104, 41.856103617225436], [3.021565270949627, 41.85619368616088], [3.0214447945837715, 41.856193708718315], [3.0214447644954907, 41.8561036397828], [3.0213242882985334, 41.8561036622138], [3.0213242583794235, 41.856013593276785], [3.021324228460451, 41.85592352433837], [3.0212037526014255, 41.855923546642856], [3.021203722851622, 41.855833477702944], [3.0210832471614935, 41.85583349988099], [3.020962771471231, 41.85583352193265], [3.020842295780833, 41.85583354385796], [3.020842325023538, 41.85592361279809], [3.0207218491639742, 41.855923634597076], [3.0206013733042782, 41.8559236562697], [3.02048089744445, 41.855923677815966], [3.020480868708844, 41.85583360887564], [3.020360393017918, 41.85583363029546], [3.0202399173268617, 41.8558336515889], [3.020119441635676, 41.85583367275598], [3.020119413407297, 41.85574360381404], [3.0199989378850147, 41.85574362485468], [3.0199989659443607, 41.855833693796676], [3.019878490252918, 41.85583371471102], [3.0197580145613485, 41.85583373549899], [3.019758042282757, 41.85592380443971], [3.0196375664220274, 41.855923825101364], [3.019517090561173, 41.85592384563665], [3.0193966147001925, 41.85592386604557], [3.0192761388390887, 41.85592388632812], [3.0191556629778615, 41.8559239064843], [3.0190351871165118, 41.8559239265141], [3.01891471125504, 41.85592394641753], [3.018794235393447, 41.85592396619459], [3.018673759531734, 41.855923985845294], [3.0186737857319654, 41.85601405478516], [3.0185533097010993, 41.85601407430954], [3.0185533357324155, 41.85610414324805], [3.018432859532396, 41.856104162646126], [3.018312383332259, 41.85610418191782], [3.0183124090256235, 41.85619425085503], [3.0181919326563333, 41.85619427000043], [3.0181919071320045, 41.856104201063154], [3.0180714309316334, 41.85610422008211], [3.017950954731147, 41.856104238974694], [3.0179509799174054, 41.856194307912084], [3.017830503547769, 41.856194326678356], [3.0178305285651064, 41.856284395614395], [3.0177100520263194, 41.856284414254354], [3.017589575487419, 41.85628443276794], [3.017589550808154, 41.85619436383179], [3.017469074438177, 41.85619438221894], [3.017348598068089, 41.85619440047973], [3.017348622409282, 41.856284469415996], [3.0172281458700465, 41.85628448755046], [3.0171076693307004, 41.85628450555856], [3.017107693333932, 41.85637457449352], [3.0171077173372716, 41.85646464342708], [3.016987240459742, 41.85646466130891], [3.0169872166254397, 41.8563745923753], [3.0168667399168387, 41.85637461013071], [3.016866716251682, 41.856284541195635], [3.0167462397120093, 41.856284558824605], [3.0167462162159966, 41.856194489888054], [3.0168666925866323, 41.85619447225914], [3.0168666689216908, 41.856104403321226], [3.0168666452568575, 41.85601433438189], [3.016987121289316, 41.856014316626705], [3.0169870974555564, 41.85592424768601], [3.017107573318872, 41.85592422980452], [3.0171075493161887, 41.855834160862464], [3.017107525313615, 41.85574409191899], [3.017228000838756, 41.85574407391124], [3.0172279766672605, 41.855654004966404], [3.0171075013111506, 41.8556540229741], [3.016987025954931, 41.855654040855434], [3.0169870497883644, 41.85574410980038], [3.0168665742630054, 41.85574412755539], [3.016746098737538, 41.85574414518403], [3.0166256232119633, 41.85574416268631], [3.0165051476862823, 41.85574418006222], [3.016384672160496, 41.85574419731175], [3.016264196634605, 41.855744214434914], [3.016264173815361, 41.85565414548964], [3.016143698458397, 41.85565416248639], [3.0161437211086097, 41.85574423143171], [3.0160232455825113, 41.85574424830213], [3.01590277005631, 41.85574426504619], [3.015902792368562, 41.85583433399021], [3.015902814680916, 41.85592440293281], [3.015782338816548, 41.8559244195506], [3.015661862952079, 41.855924436042], [3.015661884926467, 41.856014504983285], [3.0156619069009554, 41.85610457392316], [3.0156619288755437, 41.8561946428616], [3.0156619508502325, 41.85628471179864], [3.0156619728250216, 41.85637478073426], [3.015782449534667, 41.85637476424258], [3.0159029262442116, 41.85637474762453], [3.0159029485571764, 41.85646481655863], [3.0159029708702425, 41.85655488549129], [3.015782493822622, 41.85655490210945], [3.015782515966751, 41.856644971040765], [3.01566203874999, 41.85664498753259], [3.0155415615331296, 41.856645003898045], [3.0155415833392794, 41.856735072828045], [3.0154211059532794, 41.85673508906718], [3.0154211275904883, 41.8568251579958], [3.015300650035349, 41.85682517410861], [3.0153006285671804, 41.856735105179936], [3.0153006070991104, 41.856645036249844], [3.015300585631138, 41.856554967318324], [3.0151801085830208, 41.85655498330461], [3.0150596315348057, 41.856554999164516], [3.0150596526646996, 41.85664506809614], [3.01505967379469, 41.856735137026334], [3.015180151180984, 41.85673512116632], [3.015180172480112, 41.85682519009505], [3.015059694924777, 41.85682520595511], [3.01505971605496, 41.856915274882475], [3.015180193779336, 41.85691525902237], [3.015180215078658, 41.857005327948265], [3.015300692971979, 41.85700531196173], [3.0153007144404405, 41.85709538088616], [3.0153007359090007, 41.85718544980916], [3.015180257677593, 41.85718546579579], [3.0151802789772058, 41.857275534717445], [3.015059800576657, 41.857275550577754], [3.0150598217073217, 41.85736561949803], [3.014939343137631, 41.857365635232], [3.014818864567844, 41.85736565083962], [3.014698385997962, 41.857365666320845], [3.014698406621586, 41.857455735239846], [3.0145779278825637, 41.85745575059474], [3.014457449143449, 41.85745576582326], [3.0144574694290727, 41.857545834740954], [3.014336990520818, 41.85754584984315], [3.014216511612472, 41.85754586481895], [3.014216531560093, 41.8576359337353], [3.0140960524826084, 41.857635948584786], [3.013975573405034, 41.857635963307885], [3.013975593014649, 41.85772603222293], [3.013855113767936, 41.85772604681969], [3.013855133208591, 41.85781611573337], [3.0137346537927407, 41.8578161302038], [3.0137346730644348, 41.857906199116094], [3.0137346923362167, 41.857996268026966], [3.013734711608087, 41.85808633693642], [3.0137347308800444, 41.85817640584446], [3.01373475015209, 41.85826647475109], [3.013734769424224, 41.85835654365629], [3.0137347886964454, 41.85844661256008], [3.0137348079687545, 41.858536681462446], [3.013734827241152, 41.858626750363406], [3.0138553081784796, 41.858626735892564], [3.0138553276200217, 41.85871680479205], [3.0138553470616523, 41.85880687369012], [3.013975828337006, 41.858806859092795], [3.013975847947784, 41.85889692798942], [3.013975867558651, 41.85898699688461], [3.013975887169608, 41.85907706577837], [3.013975906780654, 41.859167134670734], [3.0140963887321557, 41.85916711994685], [3.014216870683568, 41.859167105096574], [3.014216890632827, 41.85925717398742], [3.014216910582176, 41.85934724287685], [3.014216930531617, 41.85943731176486], [3.0142169504811482, 41.85952738065145], [3.0142169704307706, 41.85961744953663], [3.0142169903804845, 41.85970751842039], [3.014096507414692, 41.85970753327094], [3.01409652719543, 41.859797602153336], [3.014096546976259, 41.85988767103431], [3.0140965667571775, 41.85997773991386], [3.014096586538187, 41.86006780879199], [3.013976102896035, 41.86006782351634], [3.013855619253793, 41.8600678381143], [3.0137351356114634, 41.86006785258588], [3.0137351163376596, 41.85997778370759], [3.0137350970639436, 41.85988771482791], [3.013735077790316, 41.859797645946806], [3.013735058516776, 41.85970757706427], [3.0136145755506267, 41.859707591409276], [3.01361455644624, 41.859617522525284], [3.0136145373419403, 41.85952745363989], [3.0134940547138345, 41.859527467858406], [3.0134940736490696, 41.859617536743855], [3.013494092584391, 41.8597076056279], [3.0133736096180685, 41.85970761972012], [3.01337362838441, 41.85979768860278], [3.013373647150837, 41.85988775748403], [3.0133736659173502, 41.859977826363846], [3.0133736846839483, 41.86006789524225], [3.0132532010412714, 41.86006790920827], [3.0131327173985096, 41.86006792304789], [3.0130122337556635, 41.86006793676114], [3.0128917501127344, 41.86006795034798], [3.0127712664697226, 41.86006796380844], [3.012771248548466, 41.85997789492981], [3.0128917320224096, 41.859977881469405], [3.0128917139321674, 41.859887812589406], [3.013012197236961, 41.85988779900264], [3.013012178977734, 41.85979773012127], [3.013132662113377, 41.85979771640816], [3.0131326436851675, 41.85970764752542], [3.0132531266516605, 41.859707633685964], [3.0132531080544696, 41.85961756480184], [3.013253089457364, 41.85952749591631], [3.013253070860343, 41.859437427029334], [3.0132530522634067, 41.85934735814098], [3.0131325699731706, 41.85934737198025], [3.013132551545381, 41.85925730309042], [3.0131325331176764, 41.85916723419916], [3.0132530150697883, 41.85916722035997], [3.013253033666555, 41.85925728925118], [3.0133735157876442, 41.85925727528557], [3.0133735345535575, 41.859347344175305], [3.0134940168436235, 41.85934733008326], [3.0134939979086477, 41.85925726119356], [3.013493978973758, 41.859167192302436], [3.0134939600389545, 41.85907712340989], [3.0133734782560735, 41.859077137501814], [3.0133734594904165, 41.85898706860782], [3.01325297787651, 41.85898708257331], [3.0131324962625183, 41.858987096412406], [3.0130120146484423, 41.85898711012512], [3.013011996390049, 41.85889704122958], [3.0130119781317384, 41.858806972332616], [3.012891496855697, 41.85880698591887], [3.0128914787665275, 41.85871691702045], [3.013011959873511, 41.85871690343424], [3.013011941615367, 41.858626834534434], [3.0131324225532103, 41.85862682082188], [3.0131324409804114, 41.85871688972165], [3.0132529220872275, 41.85871687588267], [3.013373403193959, 41.85871686191732], [3.0133733844286446, 41.85862679301764], [3.01325290349097, 41.858626806982954], [3.013252884894797, 41.85853673808182], [3.013132404126094, 41.8585367519207], [3.0131323856990613, 41.85844668301811], [3.0131323672721124, 41.85835661411411], [3.0131323488452475, 41.858266545208686], [3.013132330418467, 41.858176476301836], [3.0131323119917703, 41.85808640739357], [3.013252791915205, 41.8580863935549], [3.0132527733195413, 41.85799632464526], [3.013252754723962, 41.85790625573422], [3.01313227513863, 41.8579062695728], [3.0130117955532136, 41.85790628328501], [3.013011813810691, 41.85799635219614], [3.0128913340561407, 41.85799636578201], [3.0128913521446505, 41.85808643469177], [3.0128913702332425, 41.85817650360012], [3.012891388321917, 41.858266572507056], [3.012891406410674, 41.85835664141257], [3.0128914244995135, 41.858446710316656], [3.012891442588436, 41.858536779219335], [3.0127709618194825, 41.858536792679075], [3.012770979739431, 41.858626861580376], [3.0127709976594614, 41.85871693048026], [3.0127710155795735, 41.85880699937873], [3.0126505343033676, 41.858807012712205], [3.0126505520545033, 41.858897081609314], [3.012771033499767, 41.85889706827579], [3.0127710514200423, 41.85898713717141], [3.0126505698057193, 41.85898715050499], [3.0126505875570166, 41.85907721939923], [3.0127710693403995, 41.85907720606563], [3.0127710872608384, 41.85916727495843], [3.012771105181359, 41.859257343849805], [3.0127711231019614, 41.859347412739766], [3.012891605392447, 41.85934739927965], [3.0130120876828506, 41.85934738569314], [3.0130121059416606, 41.859437454581595], [3.013012124200554, 41.85952752346864], [3.013012142459531, 41.85961759235427], [3.0130121607185907, 41.859707661238474], [3.012891677751931, 41.85970767482515], [3.0128916958420078, 41.859797743707986], [3.012771212706199, 41.859797757168316], [3.0126507295703084, 41.85979777050227], [3.0126507473223345, 41.85988783938376], [3.0125302640172964, 41.85988785259136], [3.0124097807121775, 41.85988786567257], [3.012409798126149, 41.85997793455273], [3.0122893146518837, 41.85997794750759], [3.0122893318968655, 41.860068016386386], [3.012289349141927, 41.860158085263755], [3.0122893663870665, 41.86024815413971], [3.01240985036854, 41.86024814118472], [3.0124098677828295, 41.86033821005922], [3.012530351933294, 41.8603381969778], [3.012530369516734, 41.86042826585084], [3.01265085383619, 41.86042825264299], [3.012771338155565, 41.86042823930875], [3.01277135607723, 41.86051830818028], [3.0128918405655956, 41.86051829471962], [3.012891858656415, 41.8606083635897], [3.013012343313771, 41.8606083500026], [3.013012361573747, 41.86069841887121], [3.013012379833807, 41.860788487738404], [3.013012398093949, 41.860878556604185], [3.0130124163541754, 41.86096862546855], [3.013012434614484, 41.8610586943315], [3.013012452874877, 41.86114876319303], [3.0128919672030663, 41.86114877678039], [3.0127714815311735, 41.86114879024135], [3.012650995859198, 41.86114880357593], [3.0125305101871422, 41.8611488167841], [3.0125305277713044, 41.86123888564438], [3.0125305453555464, 41.861328954503236], [3.0125305629398684, 41.86141902336069], [3.0125305805242713, 41.86150909221672], [3.012530598108754, 41.86159916107132], [3.012530615693317, 41.86168922992451], [3.0125306332779602, 41.8617792987763], [3.0125306508626837, 41.86186936762664], [3.012530668447487, 41.86195943647559], [3.012410181253617, 41.86195944955774], [3.0122896940596675, 41.86195946251349], [3.0121692068656394, 41.86195947534285], [3.012048719671533, 41.86195948804581], [3.0120487027630682, 41.861869419196715], [3.01192821573797, 41.86186943177324], [3.0118077287127947, 41.86186944422335], [3.0116872416875444, 41.86186945654709], [3.011687225286408, 41.86177938769646], [3.0116872088853466, 41.861689318844405], [3.01180769557243, 41.86168930652075], [3.011807679002361, 41.86159923766731], [3.0118076624323677, 41.861509168812475], [3.01180764586245, 41.861419099956194], [3.0118076292926075, 41.861329031098514], [3.011687143281849, 41.86132904342201], [3.011687126881161, 41.86123897456287], [3.0115666410394066, 41.861238986759936], [3.011566657271015, 41.861329055619116], [3.0115666735026974, 41.86141912447687], [3.0114461873227096, 41.861419136547624], [3.0114462033853853, 41.86150920540402], [3.0113257170362435, 41.8615092173484], [3.0112052306870294, 41.861509229166394], [3.0110847443377433, 41.861509240857984], [3.0110847598932473, 41.86159930971306], [3.0110847754488224, 41.861689378566716], [3.0110847910044685, 41.861779447418954], [3.011084806560185, 41.86186951626978], [3.010964319534498, 41.86186952783512], [3.010964334921201, 41.861959596684564], [3.0109643503079746, 41.862049665532595], [3.0109643656948184, 41.8621397343792], [3.010843878161804, 41.862139745818254], [3.010843893379631, 41.862229814663486], [3.0108439085975274, 41.86231988350729], [3.0108439238154925, 41.862409952349694], [3.01096441185577, 41.862409940910524], [3.011084899895977, 41.862409929344956], [3.0110849154521913, 41.86249999818586], [3.0110849310084755, 41.86259006702534], [3.011084946564831, 41.86268013586341], [3.0110849621212576, 41.86277020470006], [3.0112054508377555, 41.86277019300795], [3.0113259395541814, 41.86277018118943], [3.0113259236595717, 41.86268011235286], [3.011325907765035, 41.86259004351487], [3.011446396143206, 41.86259003157003], [3.011566884521304, 41.86259001949879], [3.0116873728993276, 41.86259000730115], [3.011807861277277, 41.862589994977114], [3.011807877848178, 41.862680063814956], [3.0118078944191535, 41.86277013265138], [3.0119283831352095, 41.862770120200864], [3.012048871851189, 41.86277010762394], [3.0120488887604253, 41.86286017645886], [3.0120489056697384, 41.86295024529238], [3.012048922579129, 41.86304031412447], [3.0120489394885968, 41.86313038295514], [3.011928450096243, 41.86313039553222], [3.01192843335587, 41.86304032670151], [3.011807944132535, 41.86304033915215], [3.0118079607038135, 41.863130407982894], [3.0116874713113075, 41.86313042030716], [3.0115669819187274, 41.86313043250503], [3.0114464925260727, 41.8631304445765], [3.011326003133345, 41.86313045652155], [3.011205513740545, 41.86313046834022], [3.0110850243476732, 41.863130480032474], [3.0109645349547303, 41.86313049159833], [3.010844045561717, 41.86313050303778], [3.0107235561686343, 41.86313051435083], [3.0107235712181293, 41.86322058318051], [3.010723586267693, 41.863310652008764], [3.0106030965363506, 41.86331066319547], [3.01048260680494, 41.86331067425578], [3.010362117073462, 41.8633106851897], [3.0103621316158033, 41.86340075401664], [3.010241641715162, 41.86340076482418], [3.010241656088472, 41.863490833649735], [3.010121166018668, 41.86349084433091], [3.010121180222945, 41.863580913155076], [3.010000689983977, 41.86358092370986], [3.010000704019219, 41.863670992532654], [3.0098802136110887, 41.863671002961084], [3.0097597232028943, 41.863671013263094], [3.0097597369000004, 41.863761082084544], [3.009639246322644, 41.863761092260184], [3.009639259850712, 41.863851161080234], [3.0095187691041922, 41.86385117112952], [3.009398278357612, 41.863851181052375], [3.009277787610972, 41.86385119084884], [3.009157296864272, 41.863851200518894], [3.0090368061175137, 41.86385121006255], [3.0089163153706973, 41.8638512194798], [3.0089163278842177, 41.863941288298605], [3.0087958369682424, 41.86394129758947], [3.008675346052211, 41.86394130675394], [3.0086753582275834, 41.86403137557139], [3.008554867142394, 41.864031384609476], [3.00843437605715, 41.86403139352115], [3.008434387894372, 41.86412146233724], [3.008434399731647, 41.86421153115192], [3.0084344115689765, 41.86430159996518], [3.008313919976367, 41.86430160875053], [3.008313931644645, 41.8643916775624], [3.0081934398828762, 41.86439168622138], [3.0081934513821014, 41.86448175503185], [3.008193462881379, 41.864571823840905], [3.0080729707813445, 41.864571832373535], [3.0080729821115666, 41.864661901181215], [3.0079524898423733, 41.86466190958743], [3.0079525010035386, 41.86475197839372], [3.0078320085651855, 41.86475198667357], [3.0078320195572923, 41.864842055478455], [3.00771152694978, 41.864842063631926], [3.0077115377728263, 41.86493213243542], [3.0075910449961545, 41.86493214046251], [3.007470552219434, 41.86493214836318], [3.0074705627043086, 41.8650222171653], [3.007350069758429, 41.865022224939594], [3.00735008007424, 41.86511229374032], [3.007229586959202, 41.865112301388216], [3.0072295971059466, 41.86520237018758], [3.00710910382175, 41.865202377709075], [3.006988610537508, 41.865202385104176], [3.0069886203460734, 41.86529245390214], [3.006868126892673, 41.86529246117085], [3.0067476334392294, 41.86529246831315], [3.006747642909611, 41.865382537109745], [3.00662714928701, 41.865382544125644], [3.00662715858832, 41.865472612920854], [3.006506664796562, 41.86547261981037], [3.0065066739287993, 41.86556268860418], [3.0065066830610783, 41.86565275739657], [3.006506692193399, 41.86574282618754], [3.0065067013257614, 41.8658328949771], [3.0065067104581655, 41.86592296376524], [3.006506719590611, 41.86601303255196], [3.006506728723098, 41.866103101337266], [3.006506737855627, 41.86619317012115], [3.006506746988198, 41.86628323890363], [3.00650675612081, 41.866373307684675], [3.00638626063782, 41.86637331444799], [3.006386269601351, 41.86646338322763], [3.006265773949197, 41.866463389864556], [3.0062657827436445, 41.86655345864282], [3.0062657915381323, 41.86664352741966], [3.00626580033266, 41.86673359619508], [3.006265809127228, 41.86682366496909], [3.006265817921836, 41.86691373374168], [3.006265826716484, 41.86700380251284], [3.006265835511172, 41.86709387128261], [3.0062658443059007, 41.86718394005094], [3.006145347300693, 41.8671839465616], [3.0061453559263316, 41.86727401532855], [3.0060248587519545, 41.86727402171281], [3.006024867208501, 41.86736409047834], [3.0060248756650867, 41.86745415924247], [3.0059043781524086, 41.867454165500355], [3.005783880639693, 41.86745417163181], [3.0057838887580512, 41.86754424039456], [3.0057838968764474, 41.86763430915589], [3.005663399025429, 41.867634315160956], [3.005542901174374, 41.86763432103961], [3.0055429089545385, 41.86772438979956], [3.0055429167347394, 41.86781445855809], [3.00542241854538, 41.86781446431036], [3.005301920355986, 41.86781446993619], [3.0053019277979507, 41.867904538693345], [3.0053019352399493, 41.86799460744908], [3.005422433767615, 41.867994601823206], [3.005422441378785, 41.8680846705775], [3.0054224489899894, 41.86817473933038], [3.005301950124049, 41.86817474495629], [3.005181451258074, 41.86817475045578], [3.005060952392066, 41.868174755828846], [3.0050609594958893, 41.86826482458036], [3.0049404604607104, 41.868264829827005], [3.0049404673954268, 41.868354898577124], [3.0048199681910766, 41.868354903697366], [3.004819974956684, 41.86844497244608], [3.004699475583163, 41.868444977439914], [3.004578976209612, 41.868444982307324], [3.004578982636968, 41.86853505105465], [3.004458483094247, 41.86853505579565], [3.0043379835514967, 41.86853506041022], [3.004217484008719, 41.86853506489836], [3.0042174899286795, 41.868625133644315], [3.004096990216733, 41.86862513800604], [3.0039764905047606, 41.86862514224134], [3.003976484923083, 41.868535073495366], [3.0038559853802265, 41.868535077604236], [3.0037354858373453, 41.86853508158668], [3.00361498629444, 41.86853508544269], [3.0036149913686923, 41.8686251541887], [3.0036149964429675, 41.8687152229333], [3.003494496561755, 41.8687152266629], [3.00337399668052, 41.86871523026608], [3.0032534967992635, 41.86871523374284], [3.0031329969179863, 41.86871523709316], [3.0031330013157116, 41.86880530583639], [3.003133005713457, 41.868895374578194], [3.003133010111222, 41.868985443318586], [3.0032535104999316, 41.868985439968235], [3.003253515066863, 41.86907550870719], [3.003133014509008, 41.86907551205755], [3.003133018906813, 41.869165580795105], [3.0031330233046387, 41.86925564953125], [3.0031330277024844, 41.869345718265954], [3.0031330321003504, 41.86943578699927], [3.003133036498236, 41.86952585573115], [3.0031330408961416, 41.86961592446161], [3.0031330452940677, 41.869705993190664], [3.0031330496920132, 41.8697960619183], [3.003012547780946, 41.86979606514231], [3.0030125520097593, 41.869886133868555], [3.0028920499295197, 41.869886136966144], [3.0028920539891995, 41.86997620569095], [3.002771551739788, 41.86997620866212], [3.0026510494903587, 41.869976211506874], [3.002651053211749, 41.87006628023029], [3.0026510569331553, 41.87015634895229], [3.0025305543454004, 41.87015635167061], [3.002410051757629, 41.87015635426251], [3.0022895491698427, 41.87015635672796], [3.002169046582041, 41.87015635906699], [3.002169049626843, 41.8702464277876], [3.002169052671658, 41.870336496506795], [3.0020485497455307, 41.87033649871941], [3.0020485526212024, 41.8704265674372], [3.001928049525905, 41.87042656952337], [3.001928052232432, 41.87051663823974], [3.0019280549389715, 41.8706067069547], [3.0019280576455234, 41.870696775668236], [3.0019280603520873, 41.87078684438035], [3.0019280630586636, 41.87087691309107], [3.0019280657652523, 41.87096698180036], [3.0019280684718535, 41.87105705050822], [3.001807564192422, 41.871057052468], [3.001807566729872, 41.87114712117447], [3.001928071178467, 41.87114711921467], [3.001928073885093, 41.87123718791971], [3.001928076591731, 41.87132725662332], [3.0019280792983816, 41.87141732532553], [3.001928082005044, 41.8715073940263], [3.002048587130288, 41.87150739194005], [3.0020485900061304, 41.87159746063941], [3.002048592881986, 41.87168752933734], [3.0020485957578544, 41.87177759803388], [3.002048598633736, 41.871867666728974], [3.002048601509631, 41.871957735422654], [3.002169107480705, 41.87195773320993], [3.0021691105257844, 41.8720478019022], [3.002289616666016, 41.87204779956301], [3.0022896198802806, 41.87213786825385], [3.002410126189669, 41.87213786578822], [3.002410129573121, 41.872227934477635], [3.0024101329565887, 41.87231800316563], [3.0025306396043074, 41.87231800057354], [3.0026511462520107, 41.87231799785502], [3.002771652899696, 41.87231799501004], [3.0028921595473648, 41.87231799203864], [3.0030126661950143, 41.872317988940765], [3.0031331728426447, 41.872317985716464], [3.0031331772411725, 41.87240805440298], [3.00313318163972, 41.872498123088086], [3.003133186038288, 41.872588191771776], [3.003133190436876, 41.87267826045405], [3.0032536977611874, 41.87267825710325], [3.0033742050854784, 41.87267825362603], [3.003494712409747, 41.87267825002234], [3.003615219733994, 41.872678246292224], [3.0037357270582175, 41.87267824243565], [3.003856234382417, 41.87267823845264], [3.0038562289687705, 41.87258816977043], [3.0038562235551485, 41.87249810108681], [3.0038562181415513, 41.87240803240178], [3.003976724958199, 41.87240802829236], [3.0039767193754523, 41.87231795960592], [3.0040972260229006, 41.87231795537007], [3.0042177326703223, 41.87231795100778], [3.004338239317718, 41.87231794651904], [3.004338233227476, 41.872227877831214], [3.00445873970567, 41.87222787321605], [3.0045792461838357, 41.87222786847444], [3.0045792397552766, 41.872137799785236], [3.00469974606424, 41.872137794917194], [3.0048202523731735, 41.87213778992272], [3.0048202456063, 41.87204772123213], [3.004820238839458, 41.871957652540125], [3.004940744810017, 41.87195764741924], [3.0050612507805456, 41.87195764217189], [3.0050612436753936, 41.871867573478504], [3.0050612365702736, 41.871777504783694], [3.0051817422024296, 41.87177749940996], [3.0051817349281738, 41.87168743071374], [3.005302240391128, 41.87168742521357], [3.0053022329477366, 41.87159735651596], [3.00530222550438, 41.87150728781693], [3.0054227306289647, 41.871507282190365], [3.0054227230164754, 41.87141721348994], [3.005543227971859, 41.871417207736954], [3.0055432201902392, 41.87132713903512], [3.0055432124086545, 41.87123707033187], [3.0055432046271053, 41.87114700162721], [3.0055431968455917, 41.87105693292112], [3.0055431890641136, 41.87096686421362], [3.0054226849545507, 41.87096686996652], [3.005302180844953, 41.870966875592984], [3.0053021734018337, 41.87087680688404], [3.0054226773422696, 41.87087680125759], [3.005543181282671, 41.87087679550471], [3.0056636852230367, 41.8708767896254], [3.005784189163366, 41.87087678361964], [3.0059046931036586, 41.87087677748744], [3.0059047013925864, 41.8709668461963], [3.006025205502003, 41.87096683993766], [3.0061457096113804, 41.87096683355257], [3.0062662137207194, 41.870966827041045], [3.006266222517173, 41.871056895748424], [3.0063867267956335, 41.87105688911044], [3.0065072310740533, 41.871056882346025], [3.0066277353524318, 41.87105687545516], [3.0066277446564156, 41.87114694416107], [3.0067482491039144, 41.871146937143756], [3.0067482585771046, 41.87123700584822], [3.0066277539604416, 41.87123701286556], [3.006507249343736, 41.871237019756464], [3.0065072584786394, 41.87132708845955], [3.0065072676135847, 41.87141715716122], [3.0063867626585066, 41.87141716392573], [3.006386771624327, 41.871507232625994], [3.006386780590189, 41.87159730132485], [3.0063867895560907, 41.8716873700223], [3.006507295018671, 41.87168736325772], [3.0065073041537826, 41.87177743195373], [3.006507313288936, 41.871867500648314], [3.0065073224241314, 41.87195756934147], [3.0065073315593684, 41.872047638033216], [3.006507340694647, 41.87213770672356], [3.0066278470030365, 41.87213769983243], [3.0066278563075293, 41.872227768521334], [3.0066278656120646, 41.872317837208804], [3.0066278749166426, 41.87240790589486], [3.006627884221263, 41.872497974579495], [3.0066278935259256, 41.87258804326272], [3.006748400680143, 41.87258803624505], [3.0067484101540245, 41.872678104926834], [3.0067484196279497, 41.87276817360719], [3.0067484291019175, 41.87285824228614], [3.0068689367636234, 41.87285823514196], [3.0069894444252854, 41.87285822787134], [3.0069894346129615, 41.87276815919244], [3.0071099421054006, 41.87276815179539], [3.007109932123944, 41.8726780831151], [3.0072304394471607, 41.87267807559162], [3.0073509467703308, 41.872678067941706], [3.007471454093454, 41.87267806016535], [3.0074714436045134, 41.872587991483705], [3.0075919507584126, 41.87258798358092], [3.0075919401003444, 41.872497914897885], [3.0077124470850185, 41.87249790686868], [3.0077124362578247, 41.872407838184266], [3.0078329430732746, 41.87240783002864], [3.0078329320769552, 41.87231776134282], [3.0079534387231814, 41.87231775306079], [3.007953427557739, 41.87222768437358], [3.0079534163923474, 41.87213761568495], [3.007953405227007, 41.87204754699491], [3.0079533940617176, 41.871957478303436], [3.0080739000312033, 41.871957469895065], [3.008194406000638, 41.87195746136025], [3.0081943944970586, 41.87186739266743], [3.008194382993532, 41.871777323973184], [3.0083148886245743, 41.87177731531199], [3.0083148769519314, 41.87168724661635], [3.0084353824137513, 41.87168723782872], [3.0084353705719935, 41.871597169131704], [3.0085558758645923, 41.87159716021767], [3.0086763811571355, 41.871597151177205], [3.0086763689770972, 41.871507082478814], [3.008676356797115, 41.87141701377902], [3.0087968617512693, 41.87141700461218], [3.0089173667053672, 41.87141699531888], [3.008917354187109, 41.87132692661771], [3.008917341668908, 41.87123685791514], [3.009037846284618, 41.871236848495464], [3.009158350900271, 41.871236838949365], [3.0091583380437985, 41.87114677024542], [3.009158325187385, 41.87105670154006], [3.0091583123310297, 41.870966632833294], [3.0091582994747337, 41.8708765641251], [3.009158286618496, 41.870786495415494], [3.0091582737623166, 41.87069642670446], [3.0091582609061964, 41.870606357992024], [3.0091582480501344, 41.87051628927816], [3.0091582351941315, 41.87042622056289], [3.0092787382872763, 41.87042621089061], [3.0092787252621744, 41.870336142173954], [3.0093992281861026, 41.870336132375265], [3.009519731109971, 41.870336122450155], [3.009640234033778, 41.87033611239861], [3.009760736957523, 41.870336102220634], [3.009760723255855, 41.87024603350267], [3.00976070955425, 41.87015596478328], [3.009881212139621, 41.87015595447894], [3.009881198268923, 41.87006588575818], [3.010001700685076, 41.870065875327434], [3.0101222031011647, 41.87006586477025], [3.010122188892222, 41.86997579604813], [3.010122174683344, 41.8698857273246], [3.0101221604745314, 41.86979565859966], [3.0102426623830953, 41.869795647916135], [3.010363164291594, 41.86979563710618], [3.0103631497445424, 41.86970556837988], [3.010363135197557, 41.86961549965217], [3.0104836367676864, 41.86961548871585], [3.0106041383377486, 41.8696154776531], [3.010724639907743, 41.86961546646393], [3.0108451414776685, 41.86961545514833], [3.0109656430475247, 41.869615443706294], [3.0110861446173107, 41.86961543213781], [3.011086160179201, 41.869705500865315], [3.0110861757411636, 41.8697955695914], [3.0112066776491813, 41.86979555789643], [3.011327179557127, 41.86979554607502], [3.0113271954574654, 41.86988561479962], [3.011327211357876, 41.86997568352278], [3.011447713604055, 41.86997567157486], [3.011568215850161, 41.86997565950052], [3.011688718096193, 41.86997564729974], [3.01180922034215, 41.86997563497253], [3.011809236919249, 41.87006570369413], [3.0118092534964243, 41.87015577241432], [3.0119297560806144, 41.87015575996059], [3.011929772827021, 41.87024582867932], [3.0119297895735033, 41.87033589739664], [3.012050292495929, 41.870335884816406], [3.0120503094116455, 41.870425953532255], [3.0120503263274387, 41.87051602224669], [3.0121708295881024, 41.87051600953994], [3.012170846673132, 41.870606078252926], [3.0122913501028763, 41.87060606541971], [3.0122913673571423, 41.870696134131215], [3.012291384611488, 41.87078620284133], [3.012291401865912, 41.870876271550024], [3.012291419120414, 41.87096634025728], [3.012291436374996, 41.87105640896314], [3.012291453629656, 41.87114647766758], [3.0122914708843944, 41.871236546370596], [3.0122914881392124, 41.8713266150722], [3.012291505394108, 41.87141668377239], [3.0122915226490834, 41.87150675247115], [3.012291539904137, 41.871596821168495], [3.012291557159269, 41.87168688986443], [3.0122915744144803, 41.87177695855895], [3.01229159166977, 41.87186702725203], [3.0122916089251386, 41.87195709594371], [3.012412114892277, 41.87195708298344], [3.0125326208593366, 41.871957069896716], [3.0125326384531252, 41.8720471385869], [3.0125326560469947, 41.872137207275664], [3.0126531623523167, 41.87213719406242], [3.012773668657558, 41.87213718072274], [3.0127736865898527, 41.87222724941], [3.0127737045222296, 41.872317318095845], [3.012894211165734, 41.87231730462964], [3.012894229267367, 41.87240737331401], [3.0130147360799633, 41.872407359721315], [3.0130147543508534, 41.872497428404245], [3.0131352613325415, 41.87249741468506], [3.0132557683141457, 41.87249740083943], [3.013376275295665, 41.87249738686735], [3.013376294074165, 41.87258745554873], [3.013496801224774, 41.87258744145017], [3.0134968201725365, 41.87267751013008], [3.0134968391203856, 41.87276757880858], [3.013376331631423, 41.87276759290722], [3.0132558241423744, 41.87276760687943], [3.013255842751954, 41.8728576755566], [3.0131353350936423, 41.8728576894024], [3.013014827435247, 41.87285770312177], [3.013014809164024, 41.87276763444451], [3.012894301674723, 41.87276764803737], [3.0127737941853394, 41.8727676615038], [3.012773776252554, 41.87267759282504], [3.012653268932266, 41.87267760616498], [3.0125327616118973, 41.87267761937847], [3.012412254291448, 41.87267763246552], [3.0124122717167023, 41.87276770114439], [3.012412289142035, 41.872857769821856], [3.012291781483152, 41.872857782782546], [3.012291798739386, 41.87294785145862], [3.012291815995699, 41.873037920133285], [3.0122918332520903, 41.87312798880654], [3.0122918505085607, 41.873218057478375], [3.0124123588441645, 41.87321804451753], [3.0125328671796883, 41.87321803143024], [3.012532884774601, 41.87330810010057], [3.012532902369594, 41.87339816876948], [3.0126534110434027, 41.87339815555566], [3.0127739197171297, 41.873398142215386], [3.012894428390775, 41.87339812874867], [3.0130149370643378, 41.873398115155496], [3.0131354457378174, 41.87339810143589], [3.0132559544112127, 41.873398087589834], [3.0132559730213866, 41.87348815625707], [3.013255991631645, 41.873578224922895], [3.0131354826198815, 41.873578238769056], [3.013014973608035, 41.87357825248875], [3.0130149918800084, 41.87366832115324], [3.012894482698893, 41.87366833474654], [3.0127739735176955, 41.87366834821339], [3.0127739914513807, 41.87375841687655], [3.0126534821009154, 41.873758430216995], [3.012532972750369, 41.87375844343097], [3.0125329903457634, 41.873848512092806], [3.012533007941238, 41.87393858075321], [3.0124124982522376, 41.87393859384083], [3.0122919885631574, 41.873938606802], [3.012171478873999, 41.873938619636725], [3.0120509691847626, 41.87393863234499], [3.0120509861035654, 41.874028701004164], [3.011930476245064, 41.874028713586014], [3.011809966386486, 41.87402872604143], [3.011809982966988, 41.87411879469924], [3.0116894729391452, 41.87411880702823], [3.011568962911228, 41.87411881923078], [3.011568946669103, 41.87402875057289], [3.0115689304270528, 41.873938681913565], [3.011448420737438, 41.873938693989594], [3.01132791104775, 41.87393870593915], [3.0112074013579893, 41.873938717762265], [3.0112073856235746, 41.87384864910143], [3.0110868761029295, 41.87384866079806], [3.011086891668157, 41.873938729458935], [3.0109663819782537, 41.87393874102915], [3.0109663973743643, 41.87402880968865], [3.0110869072334556, 41.8740287981184], [3.0110869227988255, 41.87411886677645], [3.011086938364266, 41.87420893543307], [3.0109664281667965, 41.87420894700339], [3.010845917969257, 41.87420895844727], [3.0108459331963875, 41.87429902710255], [3.010966443563118, 41.874299015658636], [3.011086953929778, 41.874299004088286], [3.0110869694953606, 41.87438907274207], [3.011207480031141, 41.874389061045214], [3.011327990566849, 41.87438904922192], [3.011448501102485, 41.87438903727216], [3.011448517175714, 41.87447910592442], [3.0115690278804688, 41.87447909384818], [3.0116895385851485, 41.87447908164548], [3.0116895221735356, 41.87438901299329], [3.0118100327089494, 41.87438900066417], [3.01181001612822, 41.87429893201062], [3.0119305264943668, 41.8742989195551], [3.012051036860437, 41.87429890697312], [3.0120510537795484, 41.8743889756266], [3.012051070698737, 41.87447904427867], [3.011930559994284, 41.87447905686073], [3.011930576744357, 41.874569125511414], [3.0118100658706344, 41.87456913796706], [3.011810082451591, 41.87465920661637], [3.011930593494507, 41.874659194160685], [3.0119306102447325, 41.874749262808535], [3.011930626995035, 41.874839331454986], [3.0118101156137302, 41.87483934391074], [3.0118101321949133, 41.8749294125558], [3.011810148776172, 41.875019481199445], [3.0116896370563992, 41.87501949352883], [3.0115691253365515, 41.87501950573175], [3.011569141579491, 41.87510957437405], [3.011569157822505, 41.87519964301494], [3.011448645764188, 41.875199655091485], [3.0113281337057973, 41.87519966704157], [3.0113281496104882, 41.875289735681115], [3.0112076373828263, 41.875289747504794], [3.011087125155093, 41.87528975920201], [3.0110871407214566, 41.87537982784019], [3.01120765311839, 41.875379816142946], [3.011328165515251, 41.87537980431924], [3.01144867791204, 41.87537979236906], [3.0115691903087556, 41.87537978029245], [3.011689702705397, 41.87537976808935], [3.0116897191178333, 41.87546983672596], [3.011689735530345, 41.87555990536113], [3.0118102482653133, 41.87555989303152], [3.0118102648471012, 41.87564996166524], [3.0119307777511954, 41.87564994920912], [3.0119307945022618, 41.87574001784139], [3.0120513075754825, 41.87574000525877], [3.012051324495829, 41.875830073889574], [3.0120513414162526, 41.87592014251897], [3.0121718548278036, 41.87592012980981], [3.0121718719175097, 41.876010198437754], [3.0122923854981876, 41.8760101856021], [3.012292402757177, 41.87610025422857], [3.012171889007293, 41.87610026706426], [3.0121719060971546, 41.87619033568935], [3.0121719231870943, 41.876280404313036], [3.012171940277112, 41.87637047293529], [3.012051426019528, 41.87637048564464], [3.012051442940415, 41.87646055426552], [3.012051459861379, 41.876550622884984], [3.01205147678242, 41.876640691503034], [3.0120514937035376, 41.876730760119656], [3.0120515106247336, 41.87682082873487], [3.0121720257283693, 41.87682081602533], [3.0121720428188543, 41.87691088463908], [3.012292558091625, 41.87691087180303], [3.012292575351402, 41.87700094041532], [3.012413090793307, 41.87700092745277], [3.012413108222377, 41.87709099606361], [3.012533623833417, 41.877090982974536], [3.0125336414317814, 41.87718105158393], [3.0125336590302254, 41.87727112019189], [3.012654174979616, 41.87727110697628], [3.012774690928926, 41.87727109363421], [3.012774708865884, 41.87736116224067], [3.0127747268029235, 41.877451230845715], [3.0127747447400455, 41.87754129944934], [3.012654228283084, 41.877541312791536], [3.0126542460510684, 41.87763138139378], [3.012654263819134, 41.877721449994624], [3.012533747023653, 41.87772146321044], [3.0125337646225794, 41.87781153180989], [3.012533782221585, 41.87790160040793], [3.0125337998206723, 41.87799166900456], [3.0125338174198393, 41.87808173759975], [3.012654334892207, 41.87808172438377], [3.0127748523644935, 41.878081711041325], [3.012774870302188, 41.87817177963502], [3.012774888239964, 41.87826184822731], [3.012895406050616, 41.87826183475831], [3.0130159238611864, 41.87826182116284], [3.0130159421374945, 41.87835188975362], [3.013015960413886, 41.87844195834297], [3.0131364785628234, 41.87844194462095], [3.0132569967116765, 41.87844193077245], [3.0132570153266047, 41.878531999360305], [3.0133775336445994, 41.87853198538531], [3.0133775524288398, 41.8786220539717], [3.0134980709159764, 41.878622039870166], [3.0136185894030265, 41.878622025642166], [3.0137391078899896, 41.878622011287696], [3.013859626376864, 41.87862199680676], [3.0139801448636505, 41.87862198219934], [3.013980164494117, 41.878712050784095], [3.013980184124674, 41.878802119367435], [3.0138596652994303, 41.878802133974936], [3.013739146474099, 41.87880214845597], [3.013739165766285, 41.878892217037986], [3.0136186467716355, 41.8788922313926], [3.0136186658946795, 41.87898229997324], [3.0134981467307123, 41.87898231420141], [3.0134981656846125, 41.87907238278068], [3.0133776463513273, 41.87907239688243], [3.013377665136082, 41.879162465460325], [3.013257145633479, 41.87916247943565], [3.0132571642490866, 41.87925254801217], [3.013257182864779, 41.879342616587266], [3.013257201480556, 41.87943268516095], [3.0132572200964183, 41.87952275373321], [3.0133777402759567, 41.87952273975773], [3.01337775906114, 41.87961280832853], [3.0134982794098284, 41.87961279422652], [3.013498298364334, 41.87970286279587], [3.0136188188821724, 41.879702848567334], [3.0137393393999243, 41.87970283421232], [3.0138598599175874, 41.879702819730824], [3.0139803804351626, 41.87970280512286], [3.0141009009526476, 41.87970279038842], [3.0142214214700425, 41.87970277552751], [3.0143419419873467, 41.87970276054011], [3.0143419621266, 41.879792829107714], [3.0144624828130495, 41.87979281399381], [3.014462503121633, 41.87988288255994], [3.014583023977228, 41.87988286731951], [3.0147035448327295, 41.87988285195259], [3.014824065688137, 41.87988283645919], [3.014944586543449, 41.879882820839335], [3.0149446075290816, 41.87997288940386], [3.0150651285535366, 41.87997287365747], [3.0151856495778957, 41.8799728577846], [3.0153061706021576, 41.879972841785246], [3.0154266916263213, 41.87997282565942], [3.015547212650386, 41.879972809407114], [3.0156677336743516, 41.87997279302834], [3.0156677116732857, 41.87988272446411], [3.0157882325279117, 41.879882707958906], [3.0159087533824365, 41.87988269132722], [3.015908731042995, 41.87979262276169], [3.0160292517281797, 41.87979260600358], [3.0160292742368595, 41.87988267456906], [3.016029296745642, 41.879972743133145], [3.0159087757219805, 41.879972759891345], [3.0159087980616257, 41.88006282845405], [3.0157882768686224, 41.880062845085845], [3.015667755675518, 41.880062861591156], [3.0155472344823124, 41.880062877969976], [3.015426713289008, 41.880062894222334], [3.015426734951794, 41.880152962783825], [3.015426756614678, 41.88024303134391], [3.015426778277661, 41.88033309990256], [3.0154267999407436, 41.880423168459785], [3.015426821603924, 41.88051323701563], [3.015547343643439, 41.880513220763014], [3.015667865682854, 41.88051320438393], [3.0156678876846224, 41.880603272938224], [3.0157884098931818, 41.880603256432615], [3.01590893210164, 41.88060323980051], [3.015908954441999, 41.88069330835329], [3.0159089767824594, 41.880783376904645], [3.0160294993293064, 41.88078336014596], [3.016029521839116, 41.88087342869586], [3.016150044555107, 41.88087341181064], [3.0161500672342667, 41.880963480359064], [3.016270590119402, 41.88096346334731], [3.0163911130044325, 41.88096344620908], [3.016391089986778, 41.88087337766076], [3.016391066969229, 41.880783309111024], [3.0165115895156607, 41.88078329184641], [3.0166321120619863, 41.88078327445533], [3.01663208870605, 41.880693205904294], [3.0167526110830236, 41.88069318838677], [3.01687313345989, 41.88069317074278], [3.0168731571543184, 41.880783239293706], [3.0168731808488545, 41.880873307843224], [3.0167526581334956, 41.88087332548733], [3.016752681658892, 41.88096339403549], [3.0168732045434985, 41.88096337639133], [3.016873228238251, 41.881053444938004], [3.016993751291997, 41.88105342716731], [3.0169937274279968, 41.88096335862068], [3.017114250312386, 41.88096334072356], [3.0171142743456345, 41.88105340927012], [3.017114298378993, 41.881143477815286], [3.0172348216017695, 41.88114345979156], [3.017355344824436, 41.88114344164136], [3.0174758680469913, 41.88114342336468], [3.0174758925882084, 41.88123349190824], [3.0174759171295373, 41.881323560450376], [3.017596440690481, 41.88132354204709], [3.0175964159799014, 41.88123347350501], [3.017596391269435, 41.88114340496151], [3.017716914491765, 41.88114338643187], [3.017837437713982, 41.88114336777573], [3.017957960936085, 41.88114334899313], [3.017957935717984, 41.88105328044838], [3.018078458770723, 41.88105326153934], [3.0180784333834882, 41.88096319299324], [3.01807840799637, 41.88087312444572], [3.0180783826093673, 41.88078305589678], [3.018198905154248, 41.880783036861445], [3.018198879598115, 41.88069296831116], [3.018198854042099, 41.88060289975944], [3.0183193762483724, 41.88060288059774], [3.018439898454528, 41.880602861309576], [3.018560420660566, 41.880602841894905], [3.0186809428664847, 41.88060282235378], [3.0188014650722836, 41.88060280268616], [3.0188014386701623, 41.88051273413333], [3.0189219607065967, 41.880512714339304], [3.0189219341353524, 41.88042264578511], [3.0190424560024223, 41.88042262586466], [3.01904248274291, 41.88051269441879], [3.019163004779101, 41.88051267437179], [3.0191630316889553, 41.880602742924445], [3.019283553894268, 41.8806027227509], [3.019404076099457, 41.88060270245089], [3.019524598304522, 41.88060268202439], [3.019645120509462, 41.88060266147142], [3.0196451480964193, 41.880692730022375], [3.0196451756835025, 41.880782798571914], [3.0195246531400715, 41.880782819125024], [3.019524680558034, 41.88087288767323], [3.019524707976122, 41.88096295622], [3.0195247353943344, 41.88105302476536], [3.0195247628126722, 41.8811430933093], [3.019524790231135, 41.88123316185182], [3.0194042668413377, 41.881233182278756], [3.019283743451417, 41.881233202579224], [3.019163220061372, 41.8812332227532], [3.0191632469722083, 41.8813232912945], [3.0190427234127903, 41.88132331134205], [3.0190427501544983, 41.881413379882005], [3.019042776896328, 41.88150344842054], [3.0190428036382797, 41.881593516957636], [3.0190428303803536, 41.88168358549332], [3.019042857122549, 41.8817736540276], [3.019042883864867, 41.881863722560446], [3.018922359289808, 41.881863742481904], [3.0188018347146275, 41.88186376227687], [3.0188018611185554, 41.88195383080844], [3.0188018875226037, 41.88204389933858], [3.0186813626087905, 41.88204391900719], [3.0186813888437016, 41.88213398753597], [3.0186814150787327, 41.88222405606335], [3.0188019403310618, 41.882224036394625], [3.0189224655832705, 41.8822240165994], [3.019042990835358, 41.88222399667771], [3.0191635160873234, 41.88222397662951], [3.019284041339166, 41.88222395645484], [3.0194045665908855, 41.88222393615367], [3.01952509184248, 41.882223915726016], [3.01964561709395, 41.88222389517189], [3.0196456446831728, 41.882313963697335], [3.019645672272521, 41.882404032221366], [3.019766197862384, 41.88240401154061], [3.019766225621119, 41.882494080063154], [3.0197662533799807, 41.882584148584286], [3.0197662811389683, 41.882674217104], [3.0197663088980837, 41.882764285622294], [3.0197663366573253, 41.88285435413918], [3.019645810221152, 41.882854374820255], [3.0196458378112556, 41.882944443335774], [3.019525311205692, 41.88294446389043], [3.019404784600004, 41.88294448431859], [3.019284257994191, 41.88294450462026], [3.019284285076625, 41.883034573134566], [3.019284312159183, 41.88312464164745], [3.0191637852147153, 41.883124661822755], [3.0190432582701248, 41.883124681871585], [3.0190432850142725, 41.88321475038316], [3.0190433117585425, 41.88330481889334], [3.018922784475296, 41.88330483881579], [3.018802257191928, 41.88330485861175], [3.0188022835977835, 41.88339492712064], [3.018802310003759, 41.883484995628095], [3.018802336409855, 41.88357506413414], [3.0186818086185596, 41.883575083803805], [3.0185612808271447, 41.88357510334695], [3.0185613068948203, 41.88366517185172], [3.0184407789340155, 41.88366519126844], [3.018320250973093, 41.883665210558675], [3.0183202767023447, 41.88375527906213], [3.0183203024317136, 41.883845347564176], [3.0181997741321305, 41.88384536672803], [3.01807924583243, 41.8838453857654], [3.0180792712233706, 41.883935454266144], [3.0179587427542818, 41.88393547317708], [3.0179587679760647, 41.88402554167646], [3.017838239337587, 41.88402556046096], [3.0177177106989954, 41.88402557911897], [3.0175971820602894, 41.884025597650485], [3.0175971573463283, 41.883935529150925], [3.017597132632479, 41.883845460649944], [3.017597107918743, 41.883755392147556], [3.0175970832051195, 41.88366532364373], [3.017476555243392, 41.88366534204852], [3.0173560272815516, 41.883665360326816], [3.0173560029065825, 41.883575291821465], [3.0172354751139014, 41.8835753099732], [3.0171149473211107, 41.88357532799846], [3.017114971357539, 41.883665396503915], [3.0169944433953675, 41.88366541440272], [3.0169944672626343, 41.883755482906814], [3.016873939131083, 41.8837555006792], [3.016873962829186, 41.88384556918192], [3.0168739865273975, 41.883935637683244], [3.016874010225717, 41.88402570618313], [3.0168740339241444, 41.88411577468162], [3.016753505115392, 41.88411579232771], [3.0167535286446525, 41.884205860824835], [3.0167535521740203, 41.884295929320544], [3.0167535757034956, 41.88438599781482], [3.0166330463868074, 41.88438601533459], [3.0165125170700127, 41.88438603272787], [3.0163919877531122, 41.88438604999464], [3.016391964731467, 41.8842959815002], [3.0163919417099274, 41.88420591300433], [3.0162714127314745, 41.88420593014451], [3.0162714355837386, 41.884295998640425], [3.0162714584361066, 41.884386067134926], [3.016150929118997, 41.88438608414871], [3.016150951802192, 41.88447615264184], [3.0161509744854897, 41.88456622113357], [3.016030444829721, 41.88456623802096], [3.0159099151738493, 41.88456625478185], [3.0157893855178752, 41.884566271416254], [3.0156688558618003, 41.88456628792416], [3.0156688778680856, 41.884656356414666], [3.0156688998744716, 41.88474642490376], [3.0155483698797374, 41.88474644128527], [3.0154278398849033, 41.88474645754029], [3.0153073098899705, 41.88474647366879], [3.0151867798949397, 41.884746489670796], [3.0151868012243037, 41.88483655815869], [3.0151868225537646, 41.88492662664515], [3.015066292220074, 41.88492664252076], [3.01506631338035, 41.885016711005846], [3.0150663345407227, 41.885106779489526], [3.0149458038683705, 41.88510679523875], [3.0148252731959233, 41.885106810861465], [3.014825294017825, 41.88519687934383], [3.0148253148398214, 41.88528694782476], [3.014704783828711, 41.88528696332107], [3.014704804481517, 41.88537703180065], [3.0147048251344177, 41.885467100278795], [3.014584293784641, 41.885467115648716], [3.0145843142683493, 41.88555718412549], [3.0145843347521506, 41.88564725260087], [3.014704866440501, 41.88564723723086], [3.0148253981287576, 41.88564722173436], [3.014945929816919, 41.885647206111344], [3.0149459508086793, 41.885737274585146], [3.0149459718005347, 41.885827343057535], [3.0149459927924864, 41.885917411528496], [3.0148254605964575, 41.88591742715164], [3.014825481419214, 41.88600749562126], [3.0148255022420654, 41.88609756408943], [3.014825523065012, 41.8861876325562], [3.0148255438880533, 41.88627770102154], [3.01494607676125, 41.88627768539819], [3.01506660963435, 41.886277669648344], [3.015066588472723, 41.88618760118309], [3.015187121176434, 41.886187585306764], [3.0151871425073544, 41.88627765377197], [3.0151871638383723, 41.88636772223575], [3.0153076968805728, 41.88636770623283], [3.015428229922675, 41.886367690103405], [3.0154282515923794, 41.88645775856567], [3.0155487848036775, 41.88645774230969], [3.0156693180148757, 41.8864577259272], [3.0156693400232695, 41.88654779438796], [3.015789873403663, 41.88654777787892], [3.015910406783955, 41.886547761243364], [3.0160309401641454, 41.886547744481305], [3.016151473544233, 41.88654772759275], [3.016151496229911, 41.88663779605186], [3.0162720297791914, 41.88663777903674], [3.016272006924217, 41.88654771057767], [3.0163925403040968, 41.8865476934361], [3.0165130736838717, 41.88654767616803], [3.0165130504904107, 41.88645760770764], [3.0166335837007843, 41.88645759031312], [3.0166335603381347, 41.88636752185138], [3.0167540933791073, 41.88636750433041], [3.0167541169110517, 41.88645757279208], [3.016874650121211, 41.886457555144545], [3.0168746738225583, 41.88654762360476], [3.0169952072019046, 41.88654760583065], [3.0169951833312627, 41.88645753737049], [3.0171157165412055, 41.88645751946994], [3.017115740581143, 41.88654758793004], [3.0172362739602714, 41.88654756990293], [3.0172362981696144, 41.88663763836154], [3.017236322379068, 41.88672770681874], [3.0172363465886316, 41.88681777527454], [3.017115812701613, 41.886817793301816], [3.017115836741989, 41.886907861756235], [3.0171158607824746, 41.88699793020924], [3.0171158848230704, 41.88708799866083], [3.016995350428044, 41.88708801656178], [3.016995374299449, 41.887178085012], [3.016995398170962, 41.88726815346081], [3.0168748634372244, 41.887268171235355], [3.0168748871395445, 41.88735823968281], [3.016995422042584, 41.8873582219082], [3.017115956945515, 41.88735820400708], [3.0171159809865484, 41.88744827245301], [3.017116005027692, 41.88753834089751], [3.0171160290689456, 41.887628409340586], [3.017116053110309, 41.88771847778225], [3.017116077151782, 41.887808546222494], [3.017236612901126, 41.88780852819459], [3.0172366371120147, 41.88789859663336], [3.0173571730305553, 41.88789857847888], [3.017357197410863, 41.88798864691619], [3.0173572217912814, 41.888078715352066], [3.0173572461718114, 41.888168783786526], [3.0172367097453456, 41.88816880194118], [3.01711617331877, 41.8881688199693], [3.017116149276858, 41.888078751534735], [3.0171161252350567, 41.88798868309874], [3.0169955891469886, 41.88798870100025], [3.016995565274604, 41.887898632562774], [3.016875029355735, 41.88789865033772], [3.016875005652766, 41.88780858189877], [3.016874981949906, 41.88771851345842], [3.0168749582471532, 41.88762844501665], [3.0167544228360943, 41.887628462664914], [3.016633887424928, 41.88762848018666], [3.0166338640608927, 41.88753841174335], [3.016633840696964, 41.88744834329864], [3.0165133056242994, 41.88744836069377], [3.0163927705515294, 41.887448377962386], [3.016272235478654, 41.8874483951045], [3.016272212622741, 41.887358326658195], [3.0161516777190647, 41.887358343673746], [3.0160311428152844, 41.88735836056278], [3.0159106079114015, 41.887358377325306], [3.0159106302594054, 41.887448445771774], [3.0157900951861176, 41.88744846240785], [3.0156695601127286, 41.887448478917406], [3.015669582122227, 41.88753854736255], [3.0156696041318254, 41.88762861580629], [3.0156696261415243, 41.88771868424859], [3.0156696481513237, 41.88780875268949], [3.015669670161223, 41.887898821128964], [3.0156696921712234, 41.88798888956704], [3.015669714181324, 41.888078958003675], [3.015669736191525, 41.8881690264389], [3.0156697582018266, 41.8882590948727], [3.015669780212228, 41.8883491633051], [3.015549243445666, 41.88834917968866], [3.0155492216045747, 41.888259111256225], [3.0155491997635835, 41.88816904282236], [3.015428663335542, 41.88816905907931], [3.0153081269074025, 41.88816907520975], [3.015308148409774, 41.88825914364371], [3.015428685007224, 41.88825912751322], [3.0154287066790038, 41.888349195945715], [3.015308169912243, 41.88834921207624], [3.015187633145384, 41.88834922808027], [3.015187611812226, 41.88825915964768], [3.0150670752145805, 41.88825917552514], [3.015067054050829, 41.88816910709108], [3.0150670328871736, 41.888079038655604], [3.0149464966280513, 41.88807905440645], [3.0149464756338014, 41.88798898596951], [3.0149464546396474, 41.88789891753113], [3.0148259187190445, 41.88789893315538], [3.0148258978942932, 41.88780886471555], [3.0147053621429025, 41.88780888021322], [3.0147053414875526, 41.887718811771926], [3.014705320832296, 41.88762874332923], [3.0145847854194234, 41.887628758700295], [3.0144642500064562, 41.88762877394484], [3.0143437145933967, 41.88762878906289], [3.0142231791802456, 41.88762880405442], [3.014102643767003, 41.887628818919445], [3.0139821083536704, 41.88762883365796], [3.0139821279930943, 41.88771890210095], [3.013982147632608, 41.88780897054254], [3.013861611880574, 41.88780898515463], [3.013741076128451, 41.887808999640214], [3.0136205403762406, 41.88780901399929], [3.013620559507923, 41.88789908243959], [3.0136205786396926, 41.887989150878475], [3.01350004254878, 41.88798916511113], [3.0135000615113285, 41.88807923354863], [3.0135000804739636, 41.88816930198471], [3.013500099436685, 41.88825937041939], [3.013620636035525, 41.88825935618661], [3.013620655167644, 41.88834942461981], [3.013741191935708, 41.888349410260474], [3.013741211237226, 41.88843947869222], [3.013741230538831, 41.88852954712255], [3.0138617676454307, 41.8885295326366], [3.013982304751942, 41.88852951802415], [3.013982324392262, 41.88861958645297], [3.014102861667996, 41.888619571713946], [3.0142233989436398, 41.888619556848404], [3.0143439362191926, 41.88861954185636], [3.0144644734946535, 41.888619526737784], [3.014585010770021, 41.88861951149269], [3.014585031257, 41.88870957991986], [3.0147055687015887, 41.888709564548215], [3.0147055893579755, 41.88879963297392], [3.0145850517440724, 41.88879964834561], [3.014585072231238, 41.88888971676995], [3.0147056100144565, 41.888889701398206], [3.0147056306710316, 41.88897976982107], [3.0148261686234727, 41.88897975432277], [3.014826189449459, 41.88906982274417], [3.0148262102755403, 41.88915989116415], [3.0147056719844656, 41.88915990666256], [3.0147056926413236, 41.889249975081164], [3.0145851541808355, 41.88924999045311], [3.014464615720254, 41.88925000569852], [3.0144646360385683, 41.88934007411583], [3.014344097408575, 41.88934008923477], [3.0142235587784896, 41.88934010422721], [3.0142235387988143, 41.88925003580981], [3.014103000337957, 41.88925005067568], [3.0141029805276918, 41.88915998225683], [3.0141029607175165, 41.88906991383656], [3.013982422595205, 41.889069928575815], [3.0138618844728042, 41.88906994318855], [3.0137413463503147, 41.889069957674764], [3.0137413270481805, 41.888979889252944], [3.0136207890949196, 41.88897990361261], [3.01362076996219, 41.88888983518932], [3.013500232178158, 41.88888984942241], [3.0133796943940396, 41.888889863528995], [3.0132591566098355, 41.88888987750906], [3.013259137985139, 41.88879980908421], [3.013259119360528, 41.888709740657966], [3.0132591007360015, 41.888619672230284], [3.0132590821115603, 41.888529603801196], [3.013138545004528, 41.88852961765456], [3.013018007897412, 41.888529631381424], [3.012897470790212, 41.88852964498177], [3.0127769336829298, 41.888529658455596], [3.012776915735822, 41.888439590024916], [3.0128974526737924, 41.88843957655113], [3.0128974345574555, 41.88834950811908], [3.0127768977887968, 41.88834952159282], [3.0127768798418537, 41.8882594531593], [3.012776861894992, 41.88816938472437], [3.0126563254648726, 41.88816939807151], [3.0125357890346716, 41.888169411292154], [3.0125357714265104, 41.88807934285572], [3.012535753818429, 41.88798927441787], [3.012535736210429, 41.88789920597859], [3.012656272132704, 41.88789919275808], [3.0126562543554773, 41.887809124317435], [3.012656236578331, 41.88771905587539], [3.0125357009946687, 41.8877190690958], [3.0125356833869095, 41.88762900065228], [3.0125356657792297, 41.887538932207335], [3.0125356481716308, 41.88744886376098], [3.0126561832473797, 41.887448850540686], [3.012776718323047, 41.88744883719387], [3.0127767003769224, 41.88735876874618], [3.0127766824308795, 41.88726870029707], [3.0126561476938174, 41.8872687136438], [3.012656129917158, 41.88717864519323], [3.0125355953493163, 41.887178658413404], [3.012535577742039, 41.88708858996138], [3.012535560134841, 41.886998521507934], [3.0125355425277243, 41.88690845305306], [3.012656076587666, 41.886908439833014], [3.012656058811331, 41.88681837137677], [3.0126560410350773, 41.88672830291911], [3.012535507313731, 41.886728316139084], [3.012414973592305, 41.88672832923255], [3.0122944398707996, 41.886728342199504], [3.012173906149215, 41.88672835503995], [3.0121739232482785, 41.88681842349777], [3.0120533893573183, 41.88681843621175], [3.012053406287161, 41.88690850466819], [3.0119328722268257, 41.88690851725571], [3.011932855466281, 41.886818448799225], [3.0118123215751673, 41.88681846126019], [3.0116917876839775, 41.88681847359465], [3.0116918041059257, 41.88690854205121], [3.0115712700453625, 41.8869085542592], [3.011571286298086, 41.88699862271438], [3.011571302550884, 41.88708869116815], [3.011571318803756, 41.88717875962049], [3.0115713350567015, 41.88726882807142], [3.011450800318863, 41.88726884015305], [3.0113302655809515, 41.88726885210818], [3.011209730842967, 41.88726886393678], [3.011209715097926, 41.88717879548576], [3.011089180529171, 41.88717880718782], [3.011089196104911, 41.887268875638895], [3.011089211680722, 41.88735894408856], [3.011089227256604, 41.887449012536806], [3.011089242832557, 41.88753908098362], [3.0110892584085813, 41.887629149429046], [3.0110892739846764, 41.88771921787303], [3.0110892895608425, 41.8878092863156], [3.01096875380689, 41.8878092978914], [3.0108482180528675, 41.88780930934071], [3.010727682298775, 41.88780932066351], [3.010607146544614, 41.887809331859785], [3.010607131645672, 41.887719263417075], [3.0106071167467987, 41.887629194972945], [3.0106071018479925, 41.88753912652739], [3.010607086949255, 41.887449058080435], [3.0104865518722463, 41.88744906915006], [3.0104865371428797, 41.887359000701636], [3.010366002235106, 41.88735901164472], [3.0102454673272665, 41.8873590224613], [3.0101249324193615, 41.887359033151355], [3.010124918197969, 41.88726896470142], [3.0100043834593007, 41.887268975264945], [3.0100043975113913, 41.887359043714916], [3.0098838626033566, 41.88735905415197], [3.0097633276952593, 41.8873590644625], [3.0096427927870995, 41.887359074646525], [3.0095222578788774, 41.88735908470404], [3.009522244503996, 41.88726901625394], [3.009401709765015, 41.88726902618492], [3.0092811750259747, 41.887269035989384], [3.0091606402868742, 41.88726904566733], [3.009160653153849, 41.887359114117544], [3.009040118245387, 41.887359123669015], [3.009040130943117, 41.88744919211783], [3.008919595865295, 41.88744920154283], [3.008919608393779, 41.88753926999024], [3.0087990731465957, 41.88753927928877], [3.008678537899356, 41.88753928846077], [3.008678550089288, 41.88762935690683], [3.0085580146726882, 41.88762936595236], [3.0084374792560333, 41.887629374871366], [3.0083169438393247, 41.887629383663885], [3.0081964084225623, 41.88762939232987], [3.0081964199353286, 41.88771946077462], [3.0081964314481473, 41.887809529217954], [3.008196442961019, 41.887899597659874], [3.0081964544739423, 41.88798966610038], [3.0080759183799013, 41.88798967463996], [3.0080759297235695, 41.88807974307907], [3.008075941067289, 41.88816981151676], [3.00807595241106, 41.88825987995304], [3.0079554158090396, 41.88825988836619], [3.007955426983552, 41.88834995680107], [3.0080759637548833, 41.88834994838789], [3.008075975098758, 41.888440016821335], [3.0081965120393486, 41.88844000828161], [3.008196523552588, 41.8885300767136], [3.008196535065879, 41.88862014514418], [3.008075997786663, 41.88862015368396], [3.0080760091306926, 41.88871022211314], [3.008196546579223, 41.88871021357333], [3.0081965580926195, 41.88880028200108], [3.0083170957104115, 41.88880027333473], [3.008317107393176, 41.888890341761034], [3.0081965696060684, 41.88889035042742], [3.0081965811195697, 41.88898041885231], [3.0080760431630935, 41.8889804273922], [3.008076031818908, 41.88889035896726], [3.007955494031696, 41.888890367380604], [3.007955505206565, 41.88898043580556], [3.0079555163814855, 41.88907050422911], [3.0079555275564562, 41.889160572651235], [3.0080760658516192, 41.889160564237805], [3.0081966041467303, 41.88916055569786], [3.008317142441789, 41.889160547031416], [3.0084376807367943, 41.88916053823844], [3.0084376925890903, 41.88925060665904], [3.00855823105336, 41.88925059773952], [3.008678769517575, 41.88925058869348], [3.0086787817085634, 41.88934065711261], [3.008678793899608, 41.88943072553032], [3.0087993327024067, 41.88943071635771], [3.0087993450628274, 41.889520784773964], [3.008799357423305, 41.889610853188806], [3.008799369783838, 41.88970092160223], [3.008678830473075, 41.88970093077493], [3.008678842664341, 41.88979099918697], [3.0086788548556638, 41.889881067597585], [3.008678867047042, 41.88997113600679], [3.0087994068657773, 41.88997112683401], [3.008799419226536, 41.890061195241756], [3.0086788792384755, 41.89006120441457], [3.008678891429965, 41.89015127282094], [3.0087994315873514, 41.890151263648086], [3.0087994439482237, 41.890241332053016], [3.008799456309152, 41.89033140045652], [3.0086789158131104, 41.89033140962941], [3.008678928004766, 41.89042147803152], [3.0087994686701367, 41.89042146885859], [3.008799481031178, 41.890511537259265], [3.008799493392275, 41.89060160565851], [3.0089200343962483, 41.890601596359005], [3.008920046926733, 41.89069166475681], [3.008920059457275, 41.8907817331532], [3.008920071987874, 41.89087180154816], [3.00892008451853, 41.8909618699417], [3.008920097049244, 41.89105193833384], [3.008799555198608, 41.8910519476335], [3.0087995675600445, 41.89114201602424], [3.0087995799215363, 41.891232084413566], [3.0089201221108417, 41.89123207511385], [3.00904066430009, 41.89123206568761], [3.009040677000311, 41.89132213407546], [3.009161219358838, 41.89132212452265], [3.009161232228454, 41.891412192909065], [3.0092817747562592, 41.891412183229704], [3.009281787795272, 41.89150225161466], [3.0094023304923554, 41.89150224180873], [3.0094023437007658, 41.89159231019223], [3.009402356909237, 41.89168237857434], [3.009522899944938, 41.891682368641824], [3.0095229133228094, 41.89177243702245], [3.0096434565277894, 41.8917724269634], [3.009643470075063, 41.89186249534258], [3.009643483622398, 41.89195256372036], [3.009764027165999, 41.89195255353469], [3.0098845707095374, 41.89195254322251], [3.009884584595619, 41.8920426115988], [3.0100051283084364, 41.89204260116005], [3.0101256720211897, 41.89204259059476], [3.0101256862460213, 41.89213265896957], [3.0102462301280535, 41.89213264827772], [3.010366774010019, 41.892132637459355], [3.0104873178919185, 41.89213262651444], [3.0106078617737513, 41.89213261544301], [3.0106078766760236, 41.892222683816264], [3.010728420727132, 41.89222267261825], [3.0108489647781718, 41.89222266129372], [3.0108489800192015, 41.89231272966548], [3.0109695242395165, 41.89231271821438], [3.011090068459761, 41.892312706636744], [3.0112106126799345, 41.892312694932585], [3.011331156900036, 41.89231268310188], [3.0113311728185175, 41.89240275147208], [3.011331188737072, 41.89249281984086], [3.011451733295793, 41.89249280788356], [3.0115722778544405, 41.89249279579972], [3.0115722941117617, 41.89258286416702], [3.0116928388396818, 41.89258285195661], [3.011692855266425, 41.89267292032244], [3.0118134001636183, 41.89267290798546], [3.011813383567527, 41.89258283961967], [3.011933928295297, 41.8925828271562], [3.0119339115299346, 41.89249275878902], [3.0120544560882805, 41.89249274619906], [3.012054439153648, 41.8924026778305], [3.0121749835425704, 41.89240266511405], [3.0122955279314154, 41.89240265227105], [3.012295510658169, 41.89231258390117], [3.012295493385002, 41.892222515529866], [3.012295476111914, 41.892132447157145], [3.012416019992645, 41.892132434187744], [3.012416002550292, 41.892042365813644], [3.012415985108019, 41.89195229743813], [3.012415967665825, 41.89186222906119], [3.012415950223711, 41.891772160682834], [3.012415932781676, 41.89168209230307], [3.012415915339721, 41.89159202392187], [3.012536458204325, 41.891592010826194], [3.0126570010688494, 41.89159199760398], [3.0126570188494832, 41.891682065985094], [3.012777561883265, 41.89168205263631], [3.01277757983332, 41.891772121015954], [3.0127775977834568, 41.89186218939418], [3.0127776157336754, 41.891952257770996], [3.012777633683976, 41.89204232614639], [3.012657089972829, 41.89204233949533], [3.012657107753868, 41.89213240786935], [3.0127776516343583, 41.89213239452037], [3.012777669584823, 41.89222246289292], [3.0127776875353693, 41.892312531264054], [3.0126571433161904, 41.892312544613134], [3.01253659909693, 41.89231255783567], [3.0125366167088674, 41.89240262620549], [3.0125366343208846, 41.89249269457388], [3.012416089762852, 41.89249270766997], [3.012416107205603, 41.89258277603699], [3.012295562478144, 41.892582789006596], [3.012295579751626, 41.89267285737222], [3.0124161246484333, 41.89267284440257], [3.012416142091343, 41.89276291276676], [3.0122955970251875, 41.89276292573644], [3.0122956142988278, 41.89285299409924], [3.0124161595343324, 41.892852981129515], [3.012536704769758, 41.892852968033246], [3.012536722382177, 41.89294303639454], [3.012536739994677, 41.89303310475444], [3.012536757607257, 41.8931231731129], [3.012536775219917, 41.89321324146995], [3.012657321132667, 41.893213228246985], [3.0127778670453367, 41.89321321489749], [3.0127778849967837, 41.893303283253026], [3.012777902948313, 41.893393351607166], [3.0127779208999237, 41.893483419959885], [3.0127779388516163, 41.893573488311176], [3.0128984854416214, 41.89357347483497], [3.0128985035627527, 41.893663543184815], [3.0128985216839665, 41.89375361153322], [3.013019068612602, 41.89375359793039], [3.0130190869032565, 41.89384366627736], [3.0130191051939943, 41.89393373462289], [3.0130191234848156, 41.89402380296701], [3.0130191417757204, 41.89411387130972], [3.0130191600667087, 41.89420393965101], [3.01301917835778, 41.89429400799086], [3.0130191966489352, 41.89438407632932], [3.0130192149401736, 41.89447414466636], [3.0131397632236108, 41.89447413093664], [3.0132603115069636, 41.89447411708041], [3.0132603301370136, 41.89456418541593], [3.0132603487671488, 41.89465425375003], [3.0133808973891454, 41.894654239767156], [3.0135014460110567, 41.894654225657746], [3.013501464980008, 41.89474429399035], [3.013501483949046, 41.89483436232153], [3.01350150291817, 41.89492443065131], [3.013501521887381, 41.89501449897965], [3.013622071186673, 41.89501448474352], [3.013742620485877, 41.895014470380836], [3.0137426011779302, 41.89492440205258], [3.0138631503076785, 41.8949243875634], [3.013863130830453, 41.894834319233766], [3.013983679790745, 41.89483430461809], [3.013983699437338, 41.89492437294768], [3.0139837190840204, 41.89501444127585], [3.0141042683829586, 41.89501442653354], [3.0141042881991, 41.89510449486024], [3.0142248376673155, 41.89510447999134], [3.0142248576529167, 41.895194548316574], [3.0142248776386085, 41.8952846166404], [3.014224897624392, 41.89537468496281], [3.014224917610266, 41.895464753283804], [3.0142249375962322, 41.89555482160337], [3.014345487911212, 41.895554806607684], [3.014345508066642, 41.895644874925786], [3.0144660585509038, 41.89564485980353], [3.0144660788757998, 41.89573492812016], [3.0145866295293424, 41.8957349128713], [3.014707180182792, 41.89573489749588], [3.0147072008465305, 41.89582496581101], [3.0147072215103634, 41.89591503412473], [3.014707242174291, 41.89600510243701], [3.014827793335773, 41.8960050869349], [3.014827814169171, 41.896095155245725], [3.014827835002665, 41.89618522355513], [3.0149483865028075, 41.89618520792638], [3.014948407505775, 41.89627527623433], [3.0149484285088386, 41.89636534454085], [3.015068980347643, 41.89636532878544], [3.0150690015201826, 41.896455397090506], [3.015189553528271, 41.896455381208504], [3.015189574870288, 41.89654544951209], [3.0151895962124025, 41.89663551781425], [3.0151896175546145, 41.89672558611502], [3.015189638896924, 41.896815654414354], [3.0150690862113065, 41.896815670296554], [3.0150691073843294, 41.89690573859452], [3.0149485545292314, 41.896905754350215], [3.0149485755329657, 41.89699582264682], [3.0150691285574482, 41.896995806891056], [3.015069149730664, 41.89708587518621], [3.0151897029244363, 41.89708585930385], [3.0153102561181107, 41.89708584329495], [3.015310234606124, 41.896995774999915], [3.015430787630314, 41.89699575886451], [3.0154308093116873, 41.8970858271595], [3.015430830993159, 41.897175895453046], [3.015551384356023, 41.897175879191], [3.015551406206981, 41.89726594748309], [3.0155514280580387, 41.897356015773774], [3.015551449909196, 41.89744608406304], [3.015551471760453, 41.897536152350874], [3.0156720258007708, 41.897536135962056], [3.0156720478215178, 41.89762620424844], [3.0156720698423656, 41.89771627253339], [3.0155515154632657, 41.89771628892231], [3.015430961084067, 41.89771630518468], [3.0153104067047685, 41.89771632132049], [3.015189852325373, 41.89771633732974], [3.015189873668753, 41.89780640561347], [3.015189895012231, 41.897896473895806], [3.0151899163558062, 41.8979865421767], [3.01531047124338, 41.897986526167294], [3.015310492756447, 41.898076594446735], [3.015310514269612, 41.89816666272476], [3.0151899590432483, 41.89816667873427], [3.015189980387116, 41.898256747010926], [3.0151900017310806, 41.89834681528615], [3.0151900230751423, 41.89843688355997], [3.015190044419302, 41.89852695183237], [3.015190065763559, 41.89861702010336], [3.015069509690112, 41.898617035986554], [3.015069530865066, 41.89870710425616], [3.0150695520401176, 41.89879717252437], [3.015190108452365, 41.89879715664107], [3.0151901297969137, 41.8988872249078], [3.0151901511415597, 41.898977293173104], [3.0151901724863035, 41.899067361437005], [3.015190193831145, 41.899157429699486], [3.0151902151760837, 41.89924749796054], [3.015190236521119, 41.89933756622018], [3.0150696790924534, 41.899337582103776], [3.0149491216636912, 41.899337597860814], [3.014949142670013, 41.89942766611913], [3.015069700268181, 41.89942765036205], [3.0151902578662524, 41.8994276344784], [3.0151902792114833, 41.8995177027352], [3.015190300556811, 41.8996077709906], [3.015190321902237, 41.899697839244574], [3.0151903432477596, 41.89978790749713], [3.015069784972057, 41.89978792338097], [3.0149492266962583, 41.89978793913824], [3.014949205689553, 41.8996978708856], [3.014828647583067, 41.899697886516265], [3.014708089476486, 41.899697902020364], [3.014708068808693, 41.89960783376621], [3.014708048140994, 41.899517765510616], [3.0145874903731342, 41.89951778088806], [3.0144669326051807, 41.899517796138944], [3.0144669122763896, 41.89942772788184], [3.014466891947691, 41.89933765962333], [3.014346334518457, 41.89933767474754], [3.0142257770891314, 41.89933768974521], [3.0141052196597142, 41.8993377046163], [3.013984662230207, 41.89933771936084], [3.01386410480061, 41.899337733978804], [3.013743547370924, 41.899337748470224], [3.0136229899411497, 41.89933776283506], [3.0135024325112885, 41.89933777707335], [3.0135024514847406, 41.89942784533223], [3.013381893885387, 41.89942785944399], [3.013261336285947, 41.89942787342921], [3.0132613549206724, 41.89951794168676], [3.0131407971517414, 41.89951795554545], [3.013020239382726, 41.89951796927756], [3.012899681613627, 41.899517982883125], [3.0128996997402155, 41.899608051139396], [3.0127791418016265, 41.89960806461843], [3.0127791597588898, 41.89969813287331], [3.0126586016508106, 41.89969814622583], [3.01253804354265, 41.89969815945178], [3.0125380611611776, 41.899788227705336], [3.012538078779785, 41.89987829595748], [3.012538096398473, 41.899968364208206], [3.012538114017241, 41.90005843245751], [3.0125381316360897, 41.900148500705406], [3.0125381492550187, 41.90023856895186], [3.0125381668740285, 41.90032863719692], [3.0125381844931183, 41.90041870544055], [3.0125382021122884, 41.90050877368277], [3.012538219731539, 41.900598841923575], [3.0125382373508702, 41.90068891016296], [3.0125382549702815, 41.90077897840092], [3.0126588151113993, 41.900778965174474], [3.0126588329003092, 41.90086903341097], [3.0127793932107645, 41.90086902005792], [3.0127794111691744, 41.90095908829296], [3.0127794291276664, 41.90104915652659], [3.01277944708624, 41.90113922475879], [3.0129000079048724, 41.901139211279045], [3.0129000260329497, 41.90122927950978], [3.0130205870209203, 41.90122926590342], [3.0130206053185025, 41.901319334132715], [3.0130206236161676, 41.90140940236059], [3.0130206419139163, 41.90149947058704], [3.013020660211749, 41.901589538812075], [3.0130206785096645, 41.901679607035696], [3.013020696807664, 41.901769675257896], [3.0130207151057466, 41.90185974347868], [3.0130207334039127, 41.901949811698046], [3.0131412957471984, 41.90194979796476], [3.0131413142148764, 41.90203986618267], [3.0132618767275057, 41.902039852322766], [3.0132618953646966, 41.9021299205392], [3.0132619140019727, 41.90221998875423], [3.013261932639334, 41.90231005696784], [3.0132619512767804, 41.90240012518003], [3.0133825144670454, 41.90240011119338], [3.0135030776572242, 41.902400097080154], [3.01350309663362, 41.902490165290835], [3.013503115610102, 41.902580233500096], [3.013623679139059, 41.90258021926021], [3.0136236982850613, 41.90267028746801], [3.013744261983365, 41.90267027310149], [3.0137442812988895, 41.90276034130785], [3.013864845166539, 41.90276032681471], [3.0139854090341, 41.902760312195], [3.0139854286885828, 41.90285038039982], [3.013985448343155, 41.90294044860323], [3.0141060125494974, 41.90294043385684], [3.0142265767557492, 41.90294041898388], [3.0143471409619105, 41.90294040398433], [3.014467705167979, 41.902940388858205], [3.014588269373955, 41.90294037360552], [3.0147088335798373, 41.90294035822623], [3.0148293977856255, 41.90294034272038], [3.014829376945002, 41.90285027451729], [3.0148293561044732, 41.902760206312806], [3.014949919971295, 41.90276019068046], [3.014949940981259, 41.90285025888491], [3.0149499619913187, 41.90294032708794], [3.014949983001474, 41.903030395289555], [3.014950004011726, 41.903120463489756], [3.014950025022073, 41.90321053168853], [3.0149500460325167, 41.903300599885895], [3.014829481149072, 41.90330061551853], [3.014708916265532, 41.90330063102459], [3.0145883513818985, 41.90330064640406], [3.0145883308797723, 41.90321057820655], [3.0144677661654837, 41.903210593459384], [3.0143472014511024, 41.903210608585646], [3.0143472216143503, 41.90330067678326], [3.0142266567304383, 41.903300691783], [3.0142266767243386, 41.903390759979224], [3.014106111670895, 41.903390774852426], [3.014106091846435, 41.90330070665615], [3.013985526962341, 41.90330072140272], [3.0139855073074098, 41.903210653204965], [3.0139854876525685, 41.90312058500581], [3.013864923107262, 41.90312059962571], [3.013744358561867, 41.90312061411903], [3.0137443392459904, 41.90303054591836], [3.0136237748699446, 41.90303056028506], [3.0135032104938113, 41.903030574525175], [3.0135032294708126, 41.90312064272594], [3.0133826649251554, 41.90312065683952], [3.0133826461175914, 41.90303058863872], [3.013382627310113, 41.90294052043649], [3.013262063103244, 41.90294053442341], [3.0132620444652876, 41.90285046621972], [3.0131414804277696, 41.90285048008002], [3.01314149889629, 41.90294054828375], [3.013020934689252, 41.902940562017505], [3.0129003704821304, 41.90294057562468], [3.012779806274926, 41.902940589105285], [3.0127798242352206, 41.90303065730773], [3.0127798421955974, 41.90312072550875], [3.0126592776494365, 41.90312073886285], [3.012538713103195, 41.90312075209039], [3.012538730724777, 41.90321082029007], [3.012418166009016, 41.90321083339106], [3.012418148556873, 41.90312076519133], [3.0124181311048086, 41.903030696990186], [3.0122975667278444, 41.90303070996452], [3.0121770023508008, 41.903030722812275], [3.0120564379736803, 41.90303073553345], [3.012056421030006, 41.90294066733077], [3.011935856822244, 41.90294067992531], [3.0118152926144055, 41.902940692393294], [3.011815309219206, 41.90303076059606], [3.011815325824083, 41.9031208287974], [3.011694761277295, 41.90312084113887], [3.0115741967304315, 41.90312085335376], [3.011574212996507, 41.90321092155377], [3.0115742292626573, 41.90330098975237], [3.011453664376842, 41.90330100184076], [3.0114536482801313, 41.903210933642114], [3.011453632183494, 41.903120865442084], [3.0113330676364827, 41.903120877403815], [3.0113330835636822, 41.903210945603895], [3.011333099490954, 41.90330101380257], [3.0113331154182985, 41.903391081999814], [3.0113331313457157, 41.903481150195645], [3.0112125661208746, 41.90348116203094], [3.011212550362898, 41.90339109383508], [3.011091985307425, 41.903391105543776], [3.01109196971896, 41.90330103734645], [3.010971404832856, 41.903301048928526], [3.010850839946682, 41.90330106038402], [3.0107302750604377, 41.903301071712924], [3.0106097101741254, 41.90330108291526], [3.0104891452877443, 41.90330109399102], [3.010489130546546, 41.90321102579209], [3.0103685658295367, 41.90321103674123], [3.010368551257844, 41.90312096854087], [3.0102479867102065, 41.903120979363386], [3.010127422162504, 41.90312099005933], [3.0101274079297524, 41.90303092185748], [3.010127393697066, 41.90294085365421], [3.010006829488172, 41.90294086422351], [3.0098862652792144, 41.90294087466623], [3.0098862791730276, 41.90303094286957], [3.009886293066904, 41.903121011071484], [3.009765728519009, 41.90312102138769], [3.009645163971051, 41.90312103157732], [3.009524599423031, 41.90312104164037], [3.00940403487495, 41.90312105157683], [3.009404048091137, 41.90321111977746], [3.0092834833735576, 41.90321112958738], [3.0091629186559183, 41.903211139270724], [3.0091629315332873, 41.90330120747001], [3.0090423666461508, 41.903301217026794], [3.008921801758956, 41.903301226456996], [3.008921814297504, 41.90339129465492], [3.008801249240812, 41.90339130395858], [3.008801261609977, 41.9034813721551], [3.0086806963837875, 41.90348138133221], [3.0086806841840636, 41.90339131313566], [3.00856011912726, 41.90339132218616], [3.0085601070970314, 41.90330125398816], [3.0084395422096124, 41.90330126291205], [3.0083189773221393, 41.90330127170937], [3.0081984124346124, 41.90330128038009], [3.008077847547034, 41.903301288924254], [3.0080778361946163, 41.90321122072472], [3.0081984009127565, 41.90321121218059], [3.0081983893909525, 41.903121143979675], [3.0083189539396016, 41.903121135309], [3.008439518488197, 41.90312112651174], [3.0084395066275706, 41.90303105830946], [3.008560071006675, 41.90303104938566], [3.008560058976666, 41.90294098118198], [3.0086806231862786, 41.902940972131624], [3.0088011873958354, 41.90294096295468], [3.0089217516053357, 41.902940953651175], [3.009042315814779, 41.90294094422107], [3.009162880024164, 41.90294093466441], [3.00916286714703, 41.902850866459474], [3.009162854269955, 41.902760798253105], [3.0092834181404102, 41.90276078856993], [3.009403982010806, 41.90276077876016], [3.0094039687949206, 41.90267071055243], [3.0094039555790957, 41.9025806423433], [3.0095245191105633, 41.90258063240702], [3.009524505725366, 41.9024905641965], [3.0096450690873393, 41.902490554133664], [3.0096450555327707, 41.90240048592176], [3.0095244923402293, 41.90240049598456], [3.0094039291476267, 41.902400505920774], [3.009403915931983, 41.90231043770739], [3.0092833529087515, 41.90231044751701], [3.00916278988546, 41.902310457200045], [3.009162802762242, 41.90240052541348], [3.0090422395694607, 41.90240053496998], [3.0090422522768687, 41.90249060318204], [3.0089216889145978, 41.90249061261199], [3.008921701452631, 41.90258068082266], [3.00880113792087, 41.90258069012606], [3.008680574389052, 41.902580699302874], [3.008680586588275, 41.902670767512184], [3.0085600228869684, 41.90267077656246], [3.008560010857179, 41.90258070835312], [3.0084394473252507, 41.90258071727679], [3.0084394591856065, 41.90267078548615], [3.0083188954841904, 41.902670794283274], [3.0081983317827214, 41.902670802953814], [3.008198343304262, 41.90276087116183], [3.008077779433306, 41.90276087970582], [3.007957215562298, 41.902760888123225], [3.007836651691239, 41.90276089641407], [3.007836662704527, 41.902850964620725], [3.0077160986639826, 41.90285097278502], [3.0077161095078853, 41.902941040990285], [3.007595545297855, 41.90294104902801], [3.007474981087776, 41.90294105693918], [3.0073544168776496, 41.90294106472374], [3.0073544065420554, 41.9028509965184], [3.007354396206508, 41.90276092831163], [3.0072338323352055, 41.90276093596959], [3.0072338425013174, 41.90285100417637], [3.007233852667476, 41.902941072381736], [3.007113288457256, 41.902941079913155], [3.0069927242469903, 41.902941087318], [3.006992734074321, 41.90303115552201], [3.006992743901698, 41.90312122372458], [3.006872179352513, 41.903121231002885], [3.006751614803284, 41.90312123815462], [3.0066310502540117, 41.90312124517977], [3.006510485704697, 41.90312125207833], [3.0063899211553404, 41.90312125885032], [3.006269356605943, 41.903121265495734], [3.0062693477951923, 41.90303119729302], [3.006269338984481, 41.90294112908887], [3.0061487747739175, 41.90294113560767], [3.006028210563315, 41.90294114199988], [3.006028202091516, 41.902851073794295], [3.006028193619756, 41.90276100558729], [3.005907629747986, 41.902761011852874], [3.005907621445699, 41.90267094364442], [3.0057870577433254, 41.902670949783406], [3.0057870496105097, 41.90258088157353], [3.005666486077532, 41.902580887585934], [3.0056664781141866, 41.902490819374606], [3.005545914750606, 41.90249082526042], [3.0055459069567294, 41.90240075704765], [3.005425343762545, 41.90240076280686], [3.005304780568326, 41.9024007684395], [3.0051842173740733, 41.90240077394555], [3.0050636541797875, 41.902400779325035], [3.005063647063671, 41.9023107111108], [3.0050636399475876, 41.90222064289513], [3.004943077092131, 41.902220648148], [3.004822514236642, 41.9022206532743], [3.0048225074594503, 41.902130585057186], [3.004701944773361, 41.90213059005689], [3.0047019381656295, 41.902040521838344], [3.0045813756489386, 41.90204052671146], [3.0044608131322184, 41.902040531458], [3.0044608068633734, 41.901950463238016], [3.004340244516053, 41.90195046785796], [3.004340238416664, 41.90186039963655], [3.004219676238743, 41.901860404129906], [3.0040991140607956, 41.9018604084967], [3.004099108300288, 41.90177034027381], [3.0039785462917403, 41.90177034451401], [3.003978540700685, 41.901680276289724], [3.003857978861538, 41.90168028040333], [3.003857973439933, 41.90159021217761], [3.0037374117701865, 41.90159021616466], [3.0037374065180305, 41.90150014793747], [3.0036168450176843, 41.90150015179792], [3.003496283517315, 41.9015001555318], [3.0033757220169233, 41.901500159139104], [3.00325516051651, 41.90150016261983], [3.0031345990160756, 41.90150016597399], [3.0031346034211097, 41.90159023420122], [3.0031346078261634, 41.90168030242701], [3.00301404598686, 41.90168030565462], [3.003014050222508, 41.901770373879025], [3.002893488213759, 41.90177037698006], [3.0028934922799992, 41.90186044520306], [3.002893496346259, 41.90195051342464], [3.002893500412537, 41.90204058164478], [3.002772937895487, 41.90204058461928], [3.002772941792354, 41.90213065283802], [3.002652379105857, 41.90213065568596], [3.0026523828333125, 41.90222072390329], [3.002531819977369, 41.90222072662466], [3.002411257121409, 41.90222072921946], [3.0022906942654335, 41.90222073168768], [3.0021701314094438, 41.902220734029314], [3.0021701283597073, 41.90213066581194], [3.002170125309985, 41.902040597593164], [3.00204956279284, 41.90204059980821], [3.0019290002756813, 41.902040601896694], [3.0018084377585104, 41.902040603858595], [3.0016878752413283, 41.90204060569393], [3.001687877613335, 41.90213067391273], [3.0016878799853517, 41.902220742130126], [3.0015673171293, 41.9022207438389], [3.0014467542732377, 41.90222074542109], [3.0014467563064047, 41.90231081363708], [3.0014467583395805, 41.90240088185164], [3.0013261951446473, 41.902400883307266], [3.0012056319497056, 41.902400884636315], [3.0012056336440267, 41.902490952849476], [3.001205635338356, 41.90258102106121], [3.0012056370326925, 41.90267108927153], [3.0010850733294445, 41.902671090474016], [3.0009645096261894, 41.90267109154992], [3.0009645109816647, 41.902761159758846], [3.0009645123371462, 41.90285122796634], [3.0009645136926344, 41.902941296172415], [3.0009645150481283, 41.90303136437708], [3.0009645164036285, 41.90312143258031], [3.000843951853187, 41.903121433529655], [3.0008439530392557, 41.903211501731484], [3.0008439542253287, 41.903301569931905], [3.000723389336005, 41.903301570754664], [3.000723390352644, 41.903391638953664], [3.0007233913692875, 41.903481707151236], [3.000723392385936, 41.9035717753474], [3.000723393402589, 41.90366184354214], [3.000723394419247, 41.90375191173547], [3.000723395435909, 41.90384197992737], [3.0008439613418836, 41.903841979104584], [3.000843962527995, 41.90393204729507], [3.000723396452576, 41.90393204811786], [3.000723397469247, 41.904022116306926], [3.0007233984859236, 41.904112184494586], [3.0006028320716083, 41.90411218519079], [3.0006028329188426, 41.90420225337703]], [[3.0197792584358734, 41.92473606089049], [3.0197792306176754, 41.92464599303285], [3.0198998356754143, 41.92464597219493], [3.0200204407330253, 41.92464595123033], [3.0200204688904697, 41.92473601908785], [3.0200204970480424, 41.92482608694394], [3.019899891651184, 41.92482610790867], [3.019779286254199, 41.92482612874672], [3.0197792584358734, 41.92473606089049]], [[3.0267777888340377, 41.93293081159971], [3.0266571681762504, 41.93293083966617], [3.026536547518292, 41.93293086760592], [3.0265365101857, 41.93284079988157], [3.026657130673965, 41.9328407719419], [3.026777751162059, 41.93284074387553], [3.0267777888340377, 41.93293081159971]], [[3.0313622120200545, 41.93464093760199], [3.031362167895896, 41.93455086990839], [3.03148279160102, 41.93455083689834], [3.031482835894886, 41.93464090459184], [3.0313622120200545, 41.93464093760199]], [[3.028949164279158, 41.93338062332714], [3.028828542776105, 41.93338065367487], [3.0288285022184107, 41.93329058595935], [3.0289491235517665, 41.933290555611705], [3.028949164279158, 41.93338062332714]], [[3.0143472417776906, 41.90339074497945], [3.014347261941123, 41.90348081317421], [3.01422669671833, 41.90348082817404], [3.0142266767243386, 41.903390759979224], [3.0143472417776906, 41.90339074497945]], [[3.01241818346124, 41.90330090158938], [3.0122976185759605, 41.90330091456383], [3.0122976012931764, 41.903210846365475], [3.012418166009016, 41.90321083339106], [3.01241818346124, 41.90330090158938]], [[3.0270122668577732, 41.916898677880795], [3.0268916763935834, 41.916898706184845], [3.0268916385826365, 41.91680863820839], [3.02677104828783, 41.91680866638572], [3.026771085929221, 41.916898734362256], [3.026650495464687, 41.91689876241303], [3.0266505329366935, 41.91698883038824], [3.0265299423024317, 41.916988858312465], [3.026529979605052, 41.91707892628635], [3.0265300169078424, 41.917168994258816], [3.026409425934295, 41.91716902205657], [3.0264093888010626, 41.91707895408402], [3.0264093516679997, 41.91698888611005], [3.0262887610333986, 41.91698891378098], [3.026288797996904, 41.91707898175504], [3.0262888349605785, 41.91716904972769], [3.0262888719244216, 41.91725911769891], [3.026288908888433, 41.91734918566871], [3.026168317575429, 41.91734921321335], [3.026168354370049, 41.91743928118182], [3.0261683911648367, 41.91752934914888], [3.0261684279597922, 41.917619417114516], [3.02628901978148, 41.91761938956961], [3.026289056746166, 41.917709457533746], [3.0264096487372476, 41.91770942986211], [3.026409685871666, 41.91779949782474], [3.026409723006254, 41.91788956578594], [3.0265303153362937, 41.91788953798749], [3.026530352640616, 41.91797960594718], [3.026530389945109, 41.918069673905485], [3.0264097972759383, 41.91806970170412], [3.026409834411034, 41.918159769661074], [3.0262892415721274, 41.918159797333146], [3.026168648733053, 41.91815982487856], [3.0261686855291834, 41.91824989283427], [3.026048092520373, 41.91824992025314], [3.0260480558938094, 41.91815985229734], [3.025927463054399, 41.918159879589474], [3.025806870214822, 41.918159906754966], [3.0258068339275592, 41.918069838797585], [3.0256862412573833, 41.918069865836344], [3.025686205139851, 41.91797979787744], [3.0255656126390766, 41.91797982478948], [3.025565648587043, 41.918069892748456], [3.0254450559165385, 41.91806991953393], [3.025324463245871, 41.91806994619273], [3.025324427637036, 41.917979878233595], [3.025324392028364, 41.91788981027304], [3.025324356419855, 41.917799742311054], [3.025324320811508, 41.917709674347655], [3.0254449128039167, 41.91770964768918], [3.0254448770261697, 41.917619579724445], [3.025324285203323, 41.91761960638285], [3.025324249595301, 41.917529538416616], [3.0254448412485857, 41.9175295117583], [3.0254448054711647, 41.91743944379072], [3.0254447696939075, 41.91734937582175], [3.025324178379744, 41.9173494024799], [3.0252035870654193, 41.91734942901141], [3.025203551627444, 41.91725936104084], [3.02532414277221, 41.917259334509424], [3.025324107164838, 41.91716926653752], [3.025203516189631, 41.91716929306886], [3.0252034807519794, 41.91707922509545], [3.025324071557628, 41.91707919856419], [3.025324035950581, 41.91698913058946], [3.02544462658651, 41.916989103931634], [3.0254445908100687, 41.916899035955566], [3.025565181276278, 41.91689900917119], [3.0255651453304444, 41.91680894119379], [3.0256857356269338, 41.91680891428287], [3.0258063259232584, 41.9168088872453], [3.0258062896384788, 41.91671881926664], [3.0258062533538643, 41.91662875128657], [3.025926843310914, 41.916628724122525], [3.0260474332677982, 41.91662869683184], [3.0261680232245145, 41.91662866941453], [3.026288613181063, 41.91662864187058], [3.0262885762184006, 41.916538573889426], [3.026409166005227, 41.91653854621893], [3.026529755791884, 41.91653851842178], [3.026529718490285, 41.9164484504394], [3.0266503081072194, 41.9164484225157], [3.0267708977239827, 41.91644839446537], [3.026891487340574, 41.9164483662884], [3.0268914495304893, 41.916358298304864], [3.0270120389773565, 41.91635827000133], [3.02713262842405, 41.916358241571174], [3.0271325902750363, 41.9162681735864], [3.0272531795520043, 41.91626814502969], [3.0273737688287983, 41.91626811634635], [3.027494358105416, 41.916268087536366], [3.0274943967630836, 41.916358155520875], [3.0273738073169145, 41.91635818433094], [3.027373845805206, 41.91644825231413], [3.0272532561893097, 41.916448280997656], [3.027253294508225, 41.91653834897951], [3.0271327047226, 41.91653837753648], [3.0271327428721366, 41.91662844551701], [3.027132781021847, 41.91671851349613], [3.0271328191717317, 41.916808581473816], [3.0270122288772705, 41.91680860990442], [3.0270122668577732, 41.916898677880795]], [[3.0270093048989284, 41.90987337146681], [3.0268887276577634, 41.909873399763924], [3.0267681504164266, 41.90987342793444], [3.026647573174918, 41.90987345597835], [3.0265269959332386, 41.90987348389563], [3.0264064186913884, 41.90987351168632], [3.0262858414493694, 41.90987353935039], [3.026285804499354, 41.90978347126291], [3.0261652274266617, 41.9097834988003], [3.0260446503538017, 41.909783526211065], [3.025924073280774, 41.909783553495224], [3.025924036839412, 41.90969348540607], [3.025803459935713, 41.909693512563535], [3.0258034236640103, 41.90960344447288], [3.02568284692964, 41.90960347150366], [3.025562270195105, 41.909603498407826], [3.025562234262554, 41.909513430315585], [3.0256828108275964, 41.909513403411495], [3.025682774725717, 41.90942333531792], [3.0255621983301673, 41.90942336222193], [3.0254416219344535, 41.909423388999315], [3.025441586171722, 41.90933332090415], [3.025321009945337, 41.909333347554856], [3.0253209743522596, 41.90924327945818], [3.025441550409154, 41.90924325280757], [3.0255621264658856, 41.90924322603035], [3.025682702522453, 41.909243199126514], [3.025803278578856, 41.90924317209608], [3.025803242307981, 41.909153103998335], [3.025923818194728, 41.90915307684138], [3.025923854635093, 41.90924314493904], [3.026044430691164, 41.90924311765539], [3.026044467301186, 41.90933318575156], [3.026044503911375, 41.909423253846285], [3.026044540521731, 41.909513321939606], [3.026044577132254, 41.90960339003151], [3.026165153866126, 41.90960336262091], [3.0262857305998296, 41.90960333508371], [3.026406307333365, 41.90960330741989], [3.026526884066731, 41.90960327962947], [3.0265269213553965, 41.90969334771961], [3.026647498258086, 41.90969331980249], [3.026768075160605, 41.909693291758764], [3.0268886520629517, 41.90969326358843], [3.0268886898602716, 41.9097833316769], [3.0270092669319406, 41.909783303379854], [3.027129844003437, 41.90978327495622], [3.0271298058671277, 41.909693206867935], [3.027250382768955, 41.90969317831778], [3.0273709596706078, 41.90969314964101], [3.027370921195485, 41.909603081551495], [3.027491497927468, 41.90960305274821], [3.027491459283028, 41.90951298465737], [3.0276120358453413, 41.90951295572756], [3.0277326124074784, 41.909512926671155], [3.027853188969437, 41.90951289748814], [3.027973765531217, 41.90951286817851], [3.0280943420928175, 41.909512838742295], [3.028214918654238, 41.909512809179446], [3.028214958315637, 41.90960287726974], [3.028335535046369, 41.9096028475802], [3.0284561117769204, 41.90960281776407], [3.0285766885072887, 41.9096027878213], [3.0286972652374735, 41.90960275775194], [3.028817841967475, 41.90960272755596], [3.0289384186972907, 41.90960269723339], [3.0290589954269214, 41.90960266678421], [3.029179572156366, 41.90960263620841], [3.0293001488856226, 41.90960260550601], [3.0294207256146914, 41.90960257467702], [3.029541302343572, 41.909602543721384], [3.0295413438695844, 41.909692611809206], [3.0296619207677686, 41.90969258072688], [3.0297824976657632, 41.90969254951796], [3.029782539530954, 41.90978261760417], [3.029903116598252, 41.90978258626854], [3.030023693665359, 41.90978255480629], [3.030144270732272, 41.90978252321743], [3.0302648477989926, 41.90978249150197], [3.030264890342356, 41.90987255958638], [3.0303854675783777, 41.9098725277442], [3.0305060448142043, 41.909872495775424], [3.0306266220498355, 41.90987246368003], [3.0306266651018814, 41.90996253176271], [3.030626708154124, 41.910052599843965], [3.0306267512065626, 41.91014266792383], [3.0306267942591982, 41.91023273600225], [3.0305062163455774, 41.91023276809805], [3.0303856384317616, 41.91023280006722], [3.030265060517751, 41.9102328319098], [3.030265017973611, 41.91014276383107], [3.030144440228904, 41.910142795546925], [3.030023862484004, 41.910142827136184], [3.0300238202790544, 41.91005275905584], [3.029903242703459, 41.91005279051837], [3.0297826651276725, 41.91005282185431], [3.029662087551695, 41.910052853063625], [3.0296621292481523, 41.91014292114426], [3.0295415515024864, 41.910142952227076], [3.029541509975527, 41.91005288414633], [3.02942093239917, 41.91005291510244], [3.029300354822624, 41.91005294593193], [3.02917977724589, 41.910052976634816], [3.0290591996689686, 41.9100530072111], [3.0289386220918613, 41.91005303766076], [3.028938581412576, 41.90996296957813], [3.02881800400478, 41.90996299990108], [3.0286974265967985, 41.90996303009743], [3.028576849188634, 41.90996306016717], [3.028456271780285, 41.9099630901103], [3.0284562317791703, 41.90987302202587], [3.0283356545401356, 41.9098730518423], [3.028215077300919, 41.90987308153211], [3.0282151169630414, 41.909963149616736], [3.028094539554148, 41.90996317918003], [3.027973962145074, 41.90996320861673], [3.027853384735821, 41.90996323792682], [3.0277328073263887, 41.909963267110285], [3.0276122299167794, 41.909963296167156], [3.0274916525069924, 41.909963325097415], [3.0274916911523144, 41.91005339318116], [3.0273711135728543, 41.910053421984905], [3.027371075097029, 41.909963353901055], [3.0272504976868904, 41.90996338257809], [3.0271299202765767, 41.90996341112852], [3.0271298821399197, 41.90987334304308], [3.0270093048989284, 41.90987337146681]], [[3.02688430652127, 41.899335423959734], [3.026884344298763, 41.89942549221122], [3.0267637867137362, 41.89942552037147], [3.0266432291285383, 41.899425548405155], [3.0266431916898573, 41.89933548015349], [3.026522634273894, 41.899335508060524], [3.026402076857761, 41.899335535841], [3.0262815194414583, 41.8993355634949], [3.0261609620249876, 41.89933559102225], [3.026160998786046, 41.89942565927426], [3.0261610355472714, 41.899515727524864], [3.026040477791821, 41.89951575492582], [3.026040514383807, 41.899605823175094], [3.0260405509759605, 41.899695891422944], [3.0259199928815272, 41.899695918697496], [3.025799434786928, 41.899695945845515], [3.025799471040431, 41.89978601409211], [3.0257995072940984, 41.8998760823373], [3.025799543547932, 41.899966150581065], [3.025799579801931, 41.900056218823416], [3.025799616056095, 41.90014628706436], [3.025799652310425, 41.900236355303875], [3.02579968856492, 41.900326423541976], [3.0257997248195805, 41.90041649177865], [3.025920284269472, 41.90041646462996], [3.0260408437191977, 41.90041643735471], [3.026040880312854, 41.90050650558981], [3.026040916906677, 41.900596573823485], [3.026040953500666, 41.90068664205573], [3.026040990094823, 41.900776710286586], [3.025920429967433, 41.900776737562175], [3.0257998698398767, 41.900776764711196], [3.0256793097121553, 41.90077679173365], [3.0256793457982245, 41.90086685996333], [3.02555878550092, 41.9008668868593], [3.0255588214177354, 41.90095695508764], [3.025438260950848, 41.90095698185713], [3.0253177004837974, 41.900957008500036], [3.0253177360619374, 41.901047076727146], [3.0251971754253053, 41.90104710324356], [3.0251972108341865, 41.90113717146933], [3.025076650027972, 41.90113719785927], [3.0249560892215976, 41.901137224122635], [3.024956124291798, 41.901227292347144], [3.0248355633158424, 41.901227318484025], [3.024835598216781, 41.9013173867072], [3.0248356331178794, 41.90140745492896], [3.02495619443268, 41.901407428791906], [3.0249562295033607, 41.90149749701216], [3.025076790987425, 41.90149747074847], [3.0250768262276906, 41.90158753896722], [3.0250768614681167, 41.90167760718455], [3.02519742329087, 41.90167758079411], [3.025197458700882, 41.90176764900995], [3.025076896708703, 41.90176767540046], [3.025076931949451, 41.901857743614976], [3.0250769671903592, 41.901947811828066], [3.0250770024314284, 41.90203788003972], [3.0250770376726583, 41.90212794824997], [3.025077072914049, 41.902218016458804], [3.0249565100745683, 41.90221804272316], [3.0248359472349278, 41.902218068860954], [3.0248359821376183, 41.90230813706853], [3.0248360170404682, 41.902398205274686], [3.024715453861807, 41.902398231286064], [3.0245948906829865, 41.90239825717085], [3.024474327504009, 41.902398282929084], [3.0244742931094533, 41.90230821472268], [3.0243537300997496, 41.902308240354245], [3.024353695874781, 41.90221817214635], [3.024233133034352, 41.902218197651244], [3.0241125701937674, 41.902218223029585], [3.024112604079875, 41.902308291237645], [3.0241126379661374, 41.902398359444284], [3.0242332011455835, 41.90239833406579], [3.0243537643248746, 41.90239830856072], [3.0243537985501554, 41.90248837676579], [3.024474361898722, 41.90248835113407], [3.024474396293592, 41.90257841933764], [3.0245949598114343, 41.902578393579255], [3.0245949943758945, 41.90266846178132], [3.024595028940513, 41.90275852998198], [3.0245950635052883, 41.90284859818121], [3.024474499479143, 41.90284862393984], [3.0244745338746406, 41.902938692137724], [3.024353969678902, 41.902938717769864], [3.02435400390512, 41.90302878596643], [3.0243540381314937, 41.90311885416156], [3.0243540723580242, 41.90320892235529], [3.0243541065847106, 41.9032989905476], [3.0243541408115533, 41.90338905873849], [3.024354175038552, 41.90347912692795], [3.0242336098260254, 41.90347915243399], [3.024113044613344, 41.90347917781344], [3.0241130107252263, 41.90338910962381], [3.0241129768372637, 41.90329904143276], [3.024112942949455, 41.90320897324029], [3.0239923782449383, 41.90320899849292], [3.023992344526723, 41.90311893029896], [3.0238717799914903, 41.90311895542494], [3.023751215456105, 41.903118980424324], [3.023751182076918, 41.9030289122288], [3.023630617710818, 41.90302893710154], [3.0236305845012197, 41.9029388689045], [3.0236305512917734, 41.902848800706046], [3.0236305180824785, 41.90275873250618], [3.0235099542245343, 41.9027587572521], [3.0233893903664395, 41.902758781871455], [3.023389357496165, 41.902668713669996], [3.02338932462604, 41.90257864546714], [3.023389291756066, 41.902488577262865], [3.023389258886241, 41.90239850905716], [3.023268695705729, 41.90239853354962], [3.0231481325250678, 41.902398557915525], [3.023148099994255, 41.902308489708254], [3.0231480674635915, 41.90221842149956], [3.0230275046216435, 41.902218445738725], [3.022906941779548, 41.9022184698513], [3.022906909587892, 41.90212840164104], [3.0229068773963834, 41.902038333429374], [3.022906845205021, 41.90194826521629], [3.0229068130138055, 41.90185819700179], [3.0229067808227374, 41.901768128785854], [3.022906748631816, 41.901678060568514], [3.0230273104573446, 41.90167803645639], [3.023147872282726, 41.90167801221768], [3.023147839753101, 41.901587943999075], [3.0231478072236246, 41.90149787577904], [3.023027245737093, 41.901497900017596], [3.022906684250413, 41.90149792412957], [3.022906652059932, 41.90140785590798], [3.02278609074253, 41.901407879893306], [3.022786122763587, 41.90149794811498], [3.0226655612766145, 41.90149797197381], [3.0225449997894964, 41.90149799570607], [3.0224244383022345, 41.901498019311774], [3.0224244067894475, 41.901407951089865], [3.0224243752768043, 41.90131788286655], [3.0223038141282443, 41.901317906345525], [3.0223037827851673, 41.90122783812072], [3.022303751442233, 41.9011377698945], [3.02242431225195, 41.901137746415664], [3.022424280739738, 41.901047678188114], [3.02242424922767, 41.90095760995913], [3.022303688756794, 41.9009576334378], [3.022303720099442, 41.901047701666855], [3.022183159459003, 41.90104772501903], [3.022183128285774, 41.9009576567899], [3.0221830971126877, 41.90086758855936], [3.0221830659397435, 41.90077752032739], [3.022183034766942, 41.900687452094], [3.0221830035942823, 41.90059738385921], [3.022182972421765, 41.90050731562299], [3.0221829412493895, 41.90041724738534], [3.0220623817947296, 41.90041727061043], [3.0220623507919107, 41.90032720237132], [3.022062319789234, 41.90023713413077], [3.02194176067326, 41.90023715722916], [3.0218212015571457, 41.90023718020097], [3.0217006424408916, 41.900237203046224], [3.021700611946594, 41.90014713480405], [3.021700581452435, 41.90005706656045], [3.0215800226748666, 41.900057089278995], [3.0214594638971595, 41.90005711187098], [3.021338905119315, 41.90005713433638], [3.0212183463413336, 41.90005715667523], [3.021218316524959, 41.899967088429925], [3.0212182867087205, 41.89987702018321], [3.0210977282694245, 41.89987704239535], [3.020977169829993, 41.89987706448093], [3.0209771403527097, 41.899786996232656], [3.020977110875561, 41.899696927982966], [3.0209770813985464, 41.89960685973187], [3.021097639329751, 41.899606837646495], [3.0212181972608207, 41.89960681543456], [3.021218227076651, 41.89969688368553], [3.0213387851769924, 41.89969686134697], [3.0214593432771966, 41.89969683888183], [3.021579901377264, 41.899696816290145], [3.0217004594771923, 41.899696793571884], [3.0217004899707947, 41.899786861821156], [3.0217005204645355, 41.899876930069006], [3.0218210789031437, 41.89987690722405], [3.0219416373416115, 41.8998768842525], [3.0219416065090514, 41.8997868160048], [3.0219415756766312, 41.89969674775568], [3.0219415448443527, 41.899606679505126], [3.021941514012214, 41.89951661125318], [3.0219414831802163, 41.8994265429998], [3.0219414523483596, 41.899336474745006], [3.021941421516643, 41.89924640648879], [3.021820864264026, 41.89924642945982], [3.0218208949263374, 41.8993364977161], [3.0217003375041758, 41.89933652056064], [3.0217003070112693, 41.899246452304276], [3.021700276518502, 41.899156384046506], [3.0215797194350102, 41.89915640676434], [3.0214591623513805, 41.89915642935561], [3.0213386052676126, 41.89915645182031], [3.0212180481837083, 41.89915647415846], [3.021218018368694, 41.899066405898985], [3.0212179885538153, 41.898976337638075], [3.0213385452989137, 41.898976315300075], [3.021338515314769, 41.89888624703784], [3.021459071890329, 41.89888622457335], [3.0214590417369207, 41.898796156309764], [3.021579598142942, 41.898796133718776], [3.021700154548824, 41.89879611100124], [3.0217001240567525, 41.89870604273637], [3.02170009356482, 41.89861597447009], [3.0218206496317634, 41.898615951626134], [3.021820618970571, 41.89852588335851], [3.021820588309519, 41.89843581508946], [3.0218205576486064, 41.898345746819], [3.0219411132072156, 41.8983457238487], [3.021941082377047, 41.89825565557689], [3.021941051547018, 41.89816558730367], [3.02194102071713, 41.898075519029014], [3.0219409898873835, 41.89798545075297], [3.021940959057777, 41.89789538247549], [3.021940928228311, 41.89780531419659], [3.021940897398986, 41.89771524591629], [3.021820343026136, 41.897715268886074], [3.021820312366342, 41.89762520060427], [3.0218202817066886, 41.89753513232105], [3.02169972767248, 41.89753515516415], [3.0216996971823558, 41.89744508687945], [3.0216996666923706, 41.89735501859332], [3.0215791129968013, 41.89735504130972], [3.021458559301093, 41.89735506389957], [3.0214585291500233, 41.89726499561188], [3.0213379756235654, 41.8972650180751], [3.02133794564202, 41.89717494978592], [3.021458498999091, 41.897174927322766], [3.021458468848296, 41.897084859032255], [3.0214584386976386, 41.89699479074031], [3.0214584085471192, 41.896904722446955], [3.021458378396737, 41.89681465415217], [3.0215789310761285, 41.896814631562755], [3.021699483755382, 41.89681460884678], [3.021820036434496, 41.89681458600426], [3.0218200057761013, 41.89672451770827], [3.0218199751178467, 41.896634449410875], [3.0218199444597316, 41.896544381112065], [3.0219404966305583, 41.8965443581432], [3.0219404658032025, 41.89645428984305], [3.021940434975987, 41.896364221541475], [3.021940404148912, 41.89627415323848], [3.0220609558114573, 41.89627413014329], [3.0220609248151447, 41.896184061838945], [3.0220608938189732, 41.89609399353318], [3.02218144514262, 41.896093970311576], [3.022181413977213, 41.89600390200448], [3.0223019651313408, 41.89600387865641], [3.022301933796699, 41.89591381034797], [3.0224224847813077, 41.89591378687343], [3.0225430357657723, 41.89591376327233], [3.0226635867500926, 41.895913739544696], [3.022663554907467, 41.89582367123505], [3.022663523064987, 41.89573360292398], [3.0227840737104117, 41.89573357906995], [3.0229046243556903, 41.895733555089365], [3.022904592174607, 41.89564348677704], [3.022904559993671, 41.89555341846329], [3.02278400968714, 41.89555344244373], [3.022663459380463, 41.89555346629761], [3.0226634275384185, 41.8954633979823], [3.0226633956965197, 41.89537332966557], [3.0226633638547664, 41.89528326134741], [3.022663332013158, 41.89519319302785], [3.0227838816423493, 41.89519316917426], [3.022904431271395, 41.895193145194135], [3.022904399091193, 41.895103076873305], [3.0230249485507223, 41.89510305276671], [3.0230249162012988, 41.89501298444453], [3.0231454654913117, 41.89501296021146], [3.0231454329726675, 41.894922891887944], [3.023265982093164, 41.89492286752842], [3.0232659494053014, 41.89483279920355], [3.0233864983562815, 41.89483277471755], [3.0235070473071124, 41.894832750105], [3.023507014280666, 41.894742681778894], [3.02362756306198, 41.89474265703988], [3.023627529866318, 41.89465258871242], [3.023748078478115, 41.89465256384694], [3.0238686270897595, 41.89465253885493], [3.02386859355552, 41.89456247052622], [3.0238685600214334, 41.89447240219608], [3.0239891082941956, 41.89447237707767], [3.0241096565668046, 41.894472351832746], [3.0241096904396194, 41.894562420162714], [3.0241097243125883, 41.894652488491275], [3.024109758185712, 41.89474255681843], [3.02410979205899, 41.894832625144154], [3.024230341008905, 41.89483259977235], [3.024230375051705, 41.89492266809659], [3.02423040909466, 41.895012736419396], [3.0243509583831547, 41.8950127109209], [3.024350992595634, 41.895102779242215], [3.0243510268082687, 41.89519284756211], [3.0244715764353454, 41.8951928219369], [3.0245921260622657, 41.89519279618516], [3.0245920915108915, 41.89510272786543], [3.0247126409682843, 41.895102701987206], [3.024712606247699, 41.89501263366613], [3.024833155535565, 41.89501260766146], [3.0248331206457704, 41.89492253933906], [3.0248330857561347, 41.89483247101522], [3.024833050866659, 41.89474240268998], [3.0248330159773418, 41.89465233436331], [3.024832981088184, 41.89456226603523], [3.0248329461991856, 41.89447219770574], [3.0247123979275155, 41.894472223709926], [3.0247123632080397, 41.89438215537891], [3.024712328488721, 41.894292087046516], [3.024832876421666, 41.89429206104249], [3.024832841533145, 41.894201992708744], [3.024832806644783, 41.89411192437357], [3.02483277175658, 41.89402185603699], [3.0247122243317186, 41.89402188204076], [3.0247121896130342, 41.893931813702686], [3.0248327368685364, 41.89393178769898], [3.024832701980652, 41.89384171935955], [3.024832667092927, 41.89375165101872], [3.0248326322053605, 41.89366158267646], [3.0248325973179537, 41.89357151433279], [3.024832562430706, 41.8934814459877], [3.0249531088392634, 41.89348141985788], [3.0249530737828203, 41.893391351511454], [3.024832527543617, 41.89339137764119], [3.024832492656688, 41.89330130929326], [3.0248324577699175, 41.89321124094392], [3.0248324228833066, 41.893121172593155], [3.024832387996854, 41.893031104240976], [3.0248323531105616, 41.892941035887375], [3.024832318224428, 41.89285096753236], [3.0248322833384536, 41.892760899175926], [3.024832248452638, 41.892670830818076], [3.024952793337031, 41.89267080468899], [3.0250733382212642, 41.89267077843338], [3.025073302996912, 41.89258071007427], [3.025073267772721, 41.89249064171374], [3.025073232548691, 41.8924005733518], [3.024952688172499, 41.89240059960718], [3.0249526531179747, 41.89231053124374], [3.024832108910968, 41.8923105573725], [3.024832074025949, 41.89222048900756], [3.024832039141088, 41.892130420641195], [3.024832004256387, 41.892040352273426], [3.0249525479553614, 41.89204032614492], [3.024952512901477, 41.89195025777581], [3.0249524778477523, 41.89186018940528], [3.024952442794188, 41.89177012103333], [3.0250729859849774, 41.89177009477854], [3.0250729507622327, 41.89168002640526], [3.0250729155396487, 41.89158995803055], [3.0251934583915987, 41.8915899316494], [3.025314001243387, 41.89158990514172], [3.025434544095013, 41.89158987850751], [3.025555086946476, 41.891589851746765], [3.0256756297977754, 41.891589824859494], [3.02579617264891, 41.89158979784569], [3.02591671549988, 41.89158977070537], [3.0259167519078387, 41.891679839079494], [3.0260372949279812, 41.89167981181255], [3.0260373315054467, 41.89176988018516], [3.0261578746947624, 41.89176985279161], [3.0262784178839106, 41.891769825271524], [3.0263989610728905, 41.8917697976249], [3.026519504261701, 41.89176976985177], [3.0266400474503414, 41.891769741952096], [3.0267605906388115, 41.891769713925896], [3.026760628232488, 41.891859782296564], [3.026760665826337, 41.8919498506658], [3.026760703420357, 41.89203991903365], [3.0268812471166804, 41.89203989088064], [3.027001790812831, 41.89203986260113], [3.027001752880126, 41.89194979423347], [3.0271222964067617, 41.89194976582751], [3.027242839933223, 41.89194973729501], [3.027242878204613, 41.89203980566249], [3.027242916476177, 41.89212987402854], [3.0272429547479156, 41.89221994239318], [3.0271224107134245, 41.89221997092595], [3.0271224488159936, 41.892310039289264], [3.027001904611984, 41.89231006769558], [3.0270018666787597, 41.892219999332184], [3.0270018287457092, 41.892129930967364], [3.026881284880215, 41.89212995924698], [3.0267607410145487, 41.89212998740006], [3.026760778608912, 41.89222005576505], [3.02664023457373, 41.8922200837917], [3.026519690538378, 41.892220111691806], [3.026519727794223, 41.89231018005555], [3.026399183589356, 41.892310207829226], [3.0262786393843193, 41.89231023547635], [3.0262786763016436, 41.89240030383886], [3.0262787132191367, 41.89249037219996], [3.0261581686752406, 41.892490399720735], [3.0261582054235543, 41.89258046808048], [3.026278750136798, 41.892580440559634], [3.0262787870546277, 41.89267050891788], [3.02639933193705, 41.8926704812704], [3.026519876819304, 41.89267045349639], [3.0265198395627784, 41.89258038513832], [3.026519802306423, 41.8924903167788], [3.026640346849812, 41.892490288878435], [3.0267608913930304, 41.89249026085153], [3.0267608537981525, 41.89240019249078], [3.0267608162034465, 41.89231012412863], [3.0268813604078013, 41.89231009597536], [3.0268813981718528, 41.892400164337445], [3.026881435936077, 41.8924902326981], [3.027001980478951, 41.892490204418124], [3.027002018412694, 41.89258027277728], [3.0270020563466105, 41.89267034113501], [3.0270020942806997, 41.89276040949132], [3.027002132214962, 41.89285047784622], [3.027122677435056, 41.89285044943935], [3.027122639331444, 41.89276038108455], [3.027243184382015, 41.89276035255126], [3.0272432226549757, 41.892850420905965], [3.0272432609281115, 41.89294048925926], [3.0272432992014218, 41.89303055761114], [3.027243337474906, 41.89312062596161], [3.027243375748566, 41.89321069431065], [3.0272434140224, 41.89330076265827], [3.0272434522964087, 41.89339083100449], [3.0272434905705916, 41.89348089934928], [3.0272435288449495, 41.89357096769265], [3.027243567119482, 41.89366103603461], [3.0272436053941894, 41.893751104375156], [3.027243643669071, 41.89384117271427], [3.0272436819441273, 41.89393124105198], [3.0273642291961247, 41.893931212390974], [3.0274847764479467, 41.89393118360343], [3.0274848150618965, 41.894021251939535], [3.0274848536760226, 41.89411132027421], [3.0274848922903246, 41.894201388607506], [3.0274849309048024, 41.89429145693935], [3.027484969519457, 41.89438152526977], [3.0274850081342874, 41.89447159359881], [3.027485046749294, 41.8945616619264], [3.0274850853644772, 41.894651730252576], [3.027485123979836, 41.894741798577336], [3.027485162595371, 41.894831866900695], [3.0274852012110824, 41.89492193522262], [3.0274852398269703, 41.89501200354313], [3.027605789110979, 41.895011974627955], [3.0276058278964113, 41.89510204294697], [3.0277263773496124, 41.89510201390515], [3.027726416304591, 41.89519208222265], [3.0277264552597476, 41.89528215053872], [3.0278470050515103, 41.89528212137019], [3.0278470441762155, 41.895372189684764], [3.0278470833010993, 41.89546225799791], [3.027847122426161, 41.895552326309634], [3.027726572126283, 41.89555235547844], [3.027726611082151, 41.89564242378886], [3.0277266500381956, 41.89573249209785], [3.0277266889944183, 41.89582256040541], [3.027726727950819, 41.89591262871158], [3.0277267669073975, 41.89600269701631], [3.027726805864153, 41.896092765319615], [3.0276062545478464, 41.896092794362424], [3.027606293335402, 41.89618286266442], [3.0276063321231352, 41.896272930965004], [3.0274857804678947, 41.89627295988145], [3.0274858190864253, 41.89636302818069], [3.0274858577051313, 41.896453096478524], [3.0273653057109557, 41.89645312526859], [3.0273653441604575, 41.89654319356509], [3.0272447919967247, 41.89654322222871], [3.02724483027702, 41.89663329052388], [3.02724486855749, 41.896723358817646], [3.0271243160548185, 41.89672338735488], [3.0271243541660797, 41.89681345564732], [3.0270038014938514, 41.8968134840581], [3.0270038394359022, 41.8969035523492], [3.0270038773781267, 41.89699362063888], [3.027003915320524, 41.897083688927154], [3.027003953263094, 41.897173757214], [3.0270039912058375, 41.897263825499415], [3.0270040291487543, 41.89735389378343], [3.0270040670918443, 41.89744396206603], [3.027004105035107, 41.8975340303472], [3.0270041429785426, 41.89762409862696], [3.027004180922152, 41.89771416690531], [3.027004218865934, 41.89780423518222], [3.0270042568098896, 41.89789430345773], [3.027124811514778, 41.89789427504588], [3.027245366219493, 41.89789424650747], [3.027245404502408, 41.897984314781375], [3.0272454427854982, 41.89807438305386], [3.0272454810687623, 41.89816445132495], [3.0272455193522014, 41.898254519594595], [3.0273660747343203, 41.898254490929276], [3.027486630116263, 41.89825446213738], [3.0274866687386695, 41.89834453040544], [3.0274867073612524, 41.898434598672075], [3.0276072630818125, 41.89843456975345], [3.027727818802196, 41.89843454070826], [3.027727857763751, 41.898524608973304], [3.0277278967254837, 41.898614677236935], [3.0277279356873947, 41.89870474549913], [3.027727974649483, 41.89879481375993], [3.0276074182515034, 41.89879484280548], [3.027486861853346, 41.89879487172447], [3.02748690047681, 41.89888493998401], [3.0274869391004504, 41.89897500824214], [3.027366382363314, 41.898975037034745], [3.0272458256260024, 41.898975065700796], [3.027245863911014, 41.899065133957706], [3.0272459021961997, 41.89915520221317], [3.0271253451199076, 41.89915523075284], [3.0271253832358638, 41.89924529900699], [3.027125421351994, 41.89933536725973], [3.0270048639367184, 41.89933539567302], [3.02688430652127, 41.899335423959734]], [[3.021097431808581, 41.89897635984953], [3.0209768750632113, 41.89897638193441], [3.0208563183177075, 41.898976403892725], [3.0208562890111708, 41.89888633563021], [3.020976845587273, 41.898886313671966], [3.0210974021632406, 41.898886291587154], [3.021217958739073, 41.89888626937577], [3.0212179885538153, 41.898976337638075], [3.021097431808581, 41.89897635984953]], [[3.0249527232271833, 41.892490667969206], [3.024832178681485, 41.89249069409813], [3.024832143796147, 41.892400625736016], [3.024952688172499, 41.89240059960718], [3.0249527232271833, 41.892490667969206]], [[3.02686849290632, 41.86159670184711], [3.026868455201137, 41.86150663300023], [3.0268684174961256, 41.861416564151924], [3.0267479313317103, 41.86141659227486], [3.0267478937959513, 41.861326523425056], [3.0268683797912868, 41.86132649530221], [3.0268683420866194, 41.86123642645107], [3.026988827912704, 41.861236398201925], [3.0271093137386154, 41.86123636982637], [3.0271092756959628, 41.86114630097399], [3.0272297613526225, 41.86114627247214], [3.0272297231410663, 41.861056203618446], [3.0273502086284743, 41.86105617499028], [3.027470694115707, 41.86105614623573], [3.0274706555661712, 41.860966077380795], [3.0273501702480154, 41.86096610613525], [3.0272296849296847, 41.86096613476331], [3.0272296467184776, 41.86087606590678], [3.027229608507444, 41.86078599704883], [3.0272295702965852, 41.860695928189465], [3.0272295320859004, 41.860605859328665], [3.0273500167279317, 41.86060583070097], [3.027349978348348, 41.86051576183883], [3.0274704628211313, 41.86051573308482], [3.027470424272651, 41.86042566422138], [3.027590908576186, 41.86042563534108], [3.0277113928795445, 41.860425606334374], [3.027711431766169, 41.86051567519764], [3.0277114706529713, 41.86060574405949], [3.027831955294298, 41.86060571492621], [3.0278319943503513, 41.86069578378655], [3.027832033406583, 41.86078585264546], [3.027711548427108, 41.860785881778924], [3.0275910634474563, 41.860785910785985], [3.027470578467628, 41.86078593966666], [3.027470617016812, 41.86087600852443], [3.0275911021657156, 41.860875979643666], [3.027711587314443, 41.860875950636505], [3.0278320724629926, 41.86087592150296], [3.027952557611364, 41.86087589224302], [3.027952518385879, 41.860785823385605], [3.0280730033649967, 41.86078579399937], [3.028193488343935, 41.86078576448674], [3.02819352790757, 41.860875833343954], [3.0281935674713862, 41.86096590219977], [3.028073082154297, 41.860965931712585], [3.028073121549217, 41.86105600056707], [3.027952636062871, 41.861056029953595], [3.027952675288893, 41.861146098806735], [3.0278321896332905, 41.86114612806697], [3.02771170397751, 41.861146157200785], [3.027711742865554, 41.86123622605271], [3.027711781753775, 41.861326294903215], [3.02759129575966, 41.86132632391082], [3.027470809765368, 41.86132635279204], [3.0274708483156068, 41.86141642164131], [3.027350362152059, 41.86141645039623], [3.0272298759883367, 41.86141647902474], [3.0271093898244397, 41.86141650752686], [3.0271094278676123, 41.861506576375], [3.027109465910958, 41.86159664522168], [3.0269889794087255, 41.8615966735976], [3.02686849290632, 41.86159670184711]], [[3.0269872752378255, 41.85754357408857], [3.0271077541321554, 41.857543545716666], [3.0271077921678677, 41.85763361462575], [3.02698731310449, 41.857633642997726], [3.0269872752378255, 41.85754357408857]], [[3.01821100628471, 41.9233853022311], [3.018210980673366, 41.92329523435137], [3.0182109550621385, 41.92320516647023], [3.0180903527165577, 41.92320518553375], [3.018090327275057, 41.92311511765112], [3.0179697250989705, 41.92311513658791], [3.017969699827195, 41.92302506870382], [3.0178490978206023, 41.92302508751388], [3.0178490727185507, 41.922935019628305], [3.0177284708814516, 41.92293503831165], [3.0176078690442387, 41.92293505686832], [3.0176078442815175, 41.922844988981204], [3.0176078195189087, 41.92275492109268], [3.017607794756413, 41.922664853202726], [3.0174871934279075, 41.92266487163257], [3.01736659209929, 41.92266488993574], [3.0173665676761185, 41.92257482204425], [3.0173665432530576, 41.92248475415135], [3.0173665188301086, 41.922394686257036], [3.017366494407271, 41.9223046183613], [3.017366469984545, 41.92221455046413], [3.017245869503835, 41.92221456864036], [3.0172458452508217, 41.92212450074174], [3.0173664455619305, 41.92212448256558], [3.0174870458729273, 41.922124464262744], [3.0174870212808234, 41.92203439636281], [3.0176076214221075, 41.92203437793338], [3.017728221563279, 41.92203435937729], [3.017848821704336, 41.92203434069452], [3.0178487966035448, 41.921944272793354], [3.017728196632087, 41.92194429147606], [3.0177281717010094, 41.92185422357342], [3.017607571899037, 41.921854242129385], [3.0176075471376715, 41.921764174225245], [3.017607522376419, 41.92167410631971], [3.017728121839195, 41.92167408776385], [3.0178487213018577, 41.921674069081334], [3.017969320764405, 41.921674050272145], [3.0180899202268376, 41.921674031336295], [3.018210519689154, 41.9216740122738], [3.018331119151354, 41.92167399308463], [3.0183310933726335, 41.92158392517802], [3.0184516926651184, 41.921583905862256], [3.0184517186134356, 41.9216739737688], [3.018572318075399, 41.92167395432632], [3.0185723441934327, 41.921764022231386], [3.018692943824875, 41.92176400266218], [3.0188135434561967, 41.921763982966304], [3.018934143087398, 41.92176396314377], [3.0190547427184775, 41.92176394319457], [3.019054769515024, 41.92185401109798], [3.0191753693155796, 41.921853991022054], [3.0192959691160124, 41.92185397081949], [3.019295996251879, 41.92194403872133], [3.019416596221787, 41.921944018392026], [3.0195371961915702, 41.92194399793606], [3.019537223666761, 41.92203406583636], [3.019657823806019, 41.92203404525367], [3.0197784239451506, 41.9220340245443], [3.0197784517596675, 41.92212409244307], [3.0197784795743114, 41.92221416034042], [3.0196578790959774, 41.92221418104991], [3.019537278617517, 41.922214201632734], [3.0195373060930835, 41.92230426952879], [3.019657906741146, 41.922304248945906], [3.0197785073890824, 41.92230422823635], [3.01977853520398, 41.92239429613086], [3.0197785630190044, 41.92248436402396], [3.019778590834156, 41.92257443191562], [3.0197786186494344, 41.92266449980588], [3.0196580173230814, 41.9226645205157], [3.0196580449688812, 41.92275458840461], [3.019658072614807, 41.92284465629209], [3.0196581002608585, 41.92293472417816], [3.0195374984255587, 41.9229347447615], [3.0195375259021278, 41.92302481264622], [3.0195375533788225, 41.92311488052951], [3.019537580855643, 41.9232049484114], [3.01965818319977, 41.92320492782787], [3.019658210846326, 41.923294995708254], [3.0196582384930086, 41.92338506358724], [3.0195376358096593, 41.9233850841709], [3.019537663286856, 41.92347515204853], [3.019537690764177, 41.92356521992474], [3.019537718241624, 41.923655287799534], [3.0195377457191963, 41.92374535567291], [3.0195377731968946, 41.92383542354486], [3.0195378006747178, 41.923925491415396], [3.0195378281526666, 41.92401555928451], [3.0194172242818893, 41.924015579741955], [3.0192966204109877, 41.924015600072735], [3.019176016539962, 41.92401562027684], [3.0190554126688136, 41.92401564035428], [3.0190553858693323, 41.92392557248491], [3.019055359069974, 41.92383550461412], [3.0190553322707374, 41.9237454367419], [3.0190553054716234, 41.92365536886827], [3.0189347022788158, 41.92365538881878], [3.018934675649438, 41.92356532094367], [3.0189346490201814, 41.92347525306715], [3.0188140461664794, 41.923475272890876], [3.0186934433126558, 41.923475292587916], [3.018693417022746, 41.92338522470985], [3.0185728143384147, 41.92338524428016], [3.0184522116539645, 41.92338526372381], [3.0183316089693966, 41.92338528304079], [3.01821100628471, 41.9233853022311]], [[3.018327717377069, 41.90978501715446], [3.018327691613871, 41.90969494906071], [3.0184482685263685, 41.90969492975296], [3.0184482425937937, 41.909604861657854], [3.018568819336679, 41.90960484222354], [3.018568845438747, 41.90969491031859], [3.018568871540935, 41.90978497841222], [3.018448294459061, 41.90978499784665], [3.018327717377069, 41.90978501715446]], [[3.0182069355486005, 41.909064491545486], [3.018206909955831, 41.90897442344034], [3.0182068843631784, 41.90888435533377], [3.0180863089758643, 41.90888437438777], [3.017965733588434, 41.90888439331517], [3.017965708334872, 41.90879432520706], [3.0180862835528153, 41.908794306279724], [3.0182068587706428, 41.90879428722578], [3.018327433988353, 41.90879426804523], [3.018327459750376, 41.908884336153164], [3.0184480351374563, 41.90888431684595], [3.018568610524418, 41.90888429741213], [3.0185686366255338, 41.908974365518525], [3.0185686627267687, 41.909064433623485], [3.0184480870008303, 41.909064453057425], [3.0183275112747743, 41.909064472364754], [3.0182069355486005, 41.909064491545486]], [[3.0185651140518486, 41.89681515833291], [3.0186856667343283, 41.896815138780724], [3.018685640479901, 41.896725070483], [3.0188061929928773, 41.89672505080432], [3.0188062194166885, 41.89681511910198], [3.0189267720989275, 41.89681509929668], [3.019047324781045, 41.89681507936484], [3.0191678774630413, 41.89681505930645], [3.0192884301449143, 41.8968150391215], [3.019288457246382, 41.896905107417474], [3.0192884843479737, 41.89699517571204], [3.0192885114496884, 41.89708524400518], [3.0192885385515273, 41.89717531229692], [3.019167985192113, 41.89717533248213], [3.019047431832576, 41.89717535254076], [3.0190474050695104, 41.89708528424892], [3.0189268518792374, 41.89708530418094], [3.01892682528568, 41.89699523588761], [3.0188062722646714, 41.89699525569303], [3.018685719243542, 41.89699527537189], [3.0186856929888752, 41.89690520707701], [3.0185651401370115, 41.89690522662927], [3.0185651140518486, 41.89681515833291]], [[3.0186850891645967, 41.89483363590349], [3.0188056381207007, 41.8948336162261], [3.0188056116995425, 41.894743547897264], [3.0189261604861595, 41.894743528093414], [3.018926133895756, 41.89465345976321], [3.0189261073054734, 41.89456339143159], [3.018805558857587, 41.894563411235325], [3.0188055324367897, 41.894473342902224], [3.0186849841581465, 41.89447336257936], [3.018564435879383, 41.89447338212996], [3.0185644097974333, 41.89438331379531], [3.0184438616879143, 41.8943833332193], [3.018443835775446, 41.894293264883196], [3.0185643837156024, 41.89429324545926], [3.0186849316556397, 41.8942932259088], [3.0188054795955575, 41.89429320623178], [3.0189260275353544, 41.89429318642823], [3.01904657547503, 41.894293166498144], [3.0190466022343116, 41.894383234833946], [3.0190466289937143, 41.89447330316834], [3.0190466557532396, 41.89456337150131], [3.0191672042008832, 41.89456335144449], [3.0191672311298947, 41.89465341977598], [3.01916725805903, 41.89474348810605], [3.0191672849882876, 41.8948335564347], [3.0190467360325473, 41.89483357649171], [3.0190467627925606, 41.894923644819016], [3.019167311917668, 41.894923624761944], [3.0191673388471716, 41.89501369308776], [3.0191673657767977, 41.89510376141217], [3.0191673927065468, 41.89519382973515], [3.0191674196364193, 41.89528389805671], [3.019046869833835, 41.89528391811403], [3.018926320031129, 41.89528393804481], [3.0189262934399976, 41.89519386972312], [3.0188057438065408, 41.89519388952729], [3.0188057173849, 41.89510382120412], [3.018685167920692, 41.895103840881696], [3.0186851416685405, 41.89501377255704], [3.0185645923735813, 41.895013792107996], [3.0185645662909177, 41.89492372378188], [3.0185645402083727, 41.89483365545432], [3.0186850891645967, 41.89483363590349]], [[3.018322953185482, 41.893122395681296], [3.018202407446732, 41.893122414851355], [3.018202433018959, 41.89321248320603], [3.01808188711074, 41.89321250224962], [3.01808191251373, 41.89330257060292], [3.018081937916836, 41.893392638954815], [3.017961391669794, 41.893392657871985], [3.017840845422637, 41.89339267666263], [3.017720299175365, 41.893392695326725], [3.0177202742803213, 41.89330262697465], [3.01759972820229, 41.893302645512165], [3.0174791821241467, 41.89330266392314], [3.0174792066804823, 41.89339273227532], [3.017358660432872, 41.89339275055982], [3.0173586848199654, 41.89348281891064], [3.0174792312369303, 41.893482800626096], [3.01747925579349, 41.89357286897543], [3.0173587092071696, 41.893572887260035], [3.0173587335944854, 41.89366295560803], [3.0173587579819126, 41.8937530239546], [3.0173587823694508, 41.89384309229975], [3.0173588067571004, 41.893933160643485], [3.017358831144861, 41.8940232289858], [3.0173588555327333, 41.894113297326705], [3.0173588799207165, 41.894203365666186], [3.017358904308811, 41.894293434004254], [3.017358928697017, 41.894383502340894], [3.017358953085334, 41.894473570676126], [3.0172384048053043, 41.89447358883477], [3.017238429024369, 41.89456365716864], [3.0172384532435435, 41.89465372550109], [3.0173590018623018, 41.89465370734233], [3.017359026250953, 41.894743775673305], [3.0172384774628287, 41.89474379383211], [3.017117928674594, 41.89474381186439], [3.0171179527246235, 41.894833880194064], [3.0169974037669123, 41.89483389809984], [3.0168768548090927, 41.89483391587908], [3.0167563058511653, 41.894833933531785], [3.01663575689313, 41.89483395105794], [3.016515207934988, 41.89483396845755], [3.0163946589767403, 41.89483398573062], [3.0163946359429095, 41.89474391740062], [3.016394612909183, 41.89465384906919], [3.016394589875562, 41.89456378073636], [3.016394566842046, 41.894473712402096], [3.0162740185611545, 41.89447372954842], [3.016153470280158, 41.89447374656819], [3.016153447585474, 41.8943836782324], [3.016153424890893, 41.8942936098952], [3.016032876948519, 41.894293626788325], [3.0159123290060426, 41.894293643554924], [3.015791781063464, 41.89429366019496], [3.015671233120784, 41.89429367670847], [3.0155506851780034, 41.89429369309543], [3.0155507070257714, 41.894383761432884], [3.015430158913529, 41.89438377769336], [3.015430137235123, 41.89429370935585], [3.015309589292144, 41.89429372548973], [3.015189041349067, 41.89429374149707], [3.015068493405893, 41.89429375737788], [3.0150684722356713, 41.894203689038804], [3.0150684510655466, 41.8941136206983], [3.0149479034609983, 41.894113636452474], [3.01494788246033, 41.894023568110505], [3.014947861459758, 41.893933499767115], [3.0149478404592815, 41.89384343142231], [3.014827293362716, 41.89384344704979], [3.014827272531693, 41.893753378703536], [3.0147067256043902, 41.89375339420441], [3.0147067049428196, 41.89366332585669], [3.014706684281343, 41.89357325750753], [3.014706663619961, 41.893483189156974], [3.0147066429586733, 41.89339312080498], [3.0148271892085523, 41.89339310530429], [3.014827210039195, 41.89348317365623], [3.0148272308699324, 41.893573242006745], [3.0149477774584272, 41.89357322637941], [3.015068324046826, 41.89357321062555], [3.0150683028773773, 41.89348314227512], [3.0151888492963237, 41.893483126394784], [3.0151888279576164, 41.89339305804298], [3.015188806619007, 41.89330298968978], [3.0150682605387695, 41.893303005570026], [3.01506823936961, 41.89321293721536], [3.0149476934586295, 41.89321295296903], [3.0149476724589195, 41.893122884612886], [3.014827126717195, 41.893122900239966], [3.0148271058869325, 41.893032831882365], [3.014706560314465, 41.89303284738286], [3.0145860147419032, 41.893032862756826], [3.0145859942504374, 41.892942794397705], [3.0144654488471327, 41.892942809645085], [3.0144654285251113, 41.8928527412845], [3.0144654082031814, 41.8927626729225], [3.0144653878813457, 41.89267260455907], [3.0145859327766016, 41.892672589311836], [3.0147064776717643, 41.89267257393806], [3.014706498332298, 41.8927626423014], [3.0147065189929263, 41.89285271066329], [3.0148270642266928, 41.892852695162894], [3.014947609460364, 41.89285267953596], [3.01506815469394, 41.89285266378249], [3.0151886999274193, 41.89285264790249], [3.015188721265542, 41.892942716262766], [3.0151887426037622, 41.89303278462166], [3.01518876394208, 41.89312285297912], [3.0153093096835146, 41.893122836972424], [3.015429855424851, 41.8931228208392], [3.015429877101971, 41.89321288919514], [3.015550423012561, 41.89321287293534], [3.0155504448591333, 41.893302941289804], [3.0156709909389767, 41.8933029249034], [3.0156710129550026, 41.89339299325641], [3.0156710349711284, 41.893483061607995], [3.015550488552576, 41.893483077994496], [3.015550510399447, 41.893573146344714], [3.015550532246418, 41.89366321469351], [3.015550554093488, 41.893753283040894], [3.01567110102011, 41.89375326665424], [3.0157916479466307, 41.89375325014105], [3.0159121948730507, 41.89375323350132], [3.0160327417993686, 41.89375321673505], [3.0161532887255835, 41.893753199842244], [3.016153266031728, 41.893663131495124], [3.016153243337975, 41.89357306314658], [3.0160326967504734, 41.89357308003928], [3.0159121501628694, 41.89357309680545], [3.0159121278079315, 41.89348302845539], [3.0159121054530957, 41.893392960103895], [3.0160326517019898, 41.89339294333785], [3.016153197950781, 41.89339292644525], [3.016273744199469, 41.893392909426126], [3.0163942904480523, 41.89339289228045], [3.0163942674159028, 41.89330282392777], [3.016394244383858, 41.893212755573664], [3.016394221351918, 41.893122687218145], [3.0162736756113944, 41.893122704363655], [3.0162736527489113, 41.89303263600665], [3.0163941983200835, 41.89303261886121], [3.016394175288354, 41.89294255050284], [3.0163941522567295, 41.89285248214307], [3.0163941292252106, 41.89276241378189], [3.016514674288227, 41.892762396510065], [3.016635219351137, 41.892762379111716], [3.0166352427213554, 41.89285244747278], [3.016755787953509, 41.89285242994783], [3.0168763331855546, 41.892852412296364], [3.01687635689458, 41.892942480655904], [3.016876380603713, 41.89303254901405], [3.016996926174352, 41.89303253123593], [3.016996950052945, 41.89312259959259], [3.017117495792827, 41.89312258168788], [3.0171175198408813, 41.89321265004307], [3.0172380657500057, 41.89321263201175], [3.0173586116590196, 41.89321261385392], [3.0173585872722604, 41.893122545498834], [3.0174791330118107, 41.89312252721452], [3.017479108455811, 41.89303245885808], [3.017479083899923, 41.89294239050024], [3.017479059344147, 41.89285232214095], [3.0173585141126495, 41.892852340425115], [3.0173584897263352, 41.89276227206436], [3.0173584653401324, 41.8926722037022], [3.0172379204472213, 41.892672221859705], [3.017237896230477, 41.892582153496065], [3.017117351506804, 41.892582171526975], [3.0171173274595176, 41.89249210316186], [3.016996782905081, 41.892492121066184], [3.0169967590272506, 41.89240205269959], [3.016876214642052, 41.892402070477324], [3.016876190933676, 41.89231200210927], [3.016876167225408, 41.8922219337398], [3.0167556231787915, 41.89222195139088], [3.0166350791320675, 41.892221968915436], [3.016635055762596, 41.89213190054443], [3.0165145118851093, 41.89213191794241], [3.0163939680075167, 41.892131935213854], [3.0162734241298192, 41.89213195235876], [3.0162734012684838, 41.892041883986174], [3.0162733784072526, 41.891951815612174], [3.016152834868136, 41.89195183263044], [3.0160322913289166, 41.891951849522194], [3.016032268806473, 41.89186178114665], [3.0159117254364918, 41.89186179791182], [3.015911703083492, 41.891771729534824], [3.01579115988275, 41.89177174617341], [3.015670616681907, 41.89177176268546], [3.0156705946676894, 41.89168169430694], [3.0156705726535717, 41.891591625927], [3.0157911155157353, 41.891591609415045], [3.0157910933323797, 41.891501541033755], [3.0157910711491254, 41.89141147265103], [3.0159116136725115, 41.891411456012655], [3.0160321561957955, 41.89141143924776], [3.016152698718977, 41.89141142235633], [3.0162732412420548, 41.891411405338374], [3.01627326410266, 41.891501473720886], [3.0163938067949716, 41.89150145657634], [3.0163937837650283, 41.89141138819389], [3.016514326287897, 41.89141137092289], [3.0166348688106597, 41.891411353525356], [3.016634845442147, 41.891321285141586], [3.016634822073742, 41.8912312167564], [3.0166347987054425, 41.8911411483698], [3.0166347753372498, 41.89105107998178], [3.0167553171825627, 41.89105106245795], [3.016875859027768, 41.89105104480757], [3.0168758827346296, 41.891141113195474], [3.0168759064415998, 41.89123118158197], [3.016875930148678, 41.891321249967035], [3.0168759538558643, 41.8914113183507], [3.0168759775631586, 41.891501386732934], [3.0168760012705613, 41.89159145511374], [3.016996544131678, 41.891591437336515], [3.017117086992686, 41.89159141943275], [3.017237629853584, 41.89159140140246], [3.017358172714372, 41.891591383245654], [3.017358148329615, 41.89150131486505], [3.0173581239449696, 41.89141124648305], [3.017358099560435, 41.89132117809962], [3.017358075176012, 41.891231109714774], [3.0173580507917, 41.89114104132851], [3.0173580264074995, 41.891050972940846], [3.0174785682521557, 41.891050954657835], [3.017599110096701, 41.89105093624831], [3.0175990853739436, 41.89096086785933], [3.0175990606512992, 41.89087079946893], [3.0174785191454214, 41.89087081787834], [3.0173579776394317, 41.89087083616122], [3.017237436133331, 41.890870854317576], [3.017237411918796, 41.8907807859256], [3.0171168705819174, 41.89078080395537], [3.0171168465368248, 41.8906907355619], [3.0171168224918423, 41.890600667167014], [3.017116798446969, 41.89051059877071], [3.0172373392758556, 41.89051058074111], [3.0173578801046315, 41.89051056258497], [3.0173578557212095, 41.890420494187374], [3.017478396380545, 41.890420475904776], [3.0175989370397684, 41.89042045749565], [3.0177194776988787, 41.89042043896001], [3.017719452807583, 41.89033037056116], [3.017839993297251, 41.89033035189905], [3.017839968236741, 41.890240283498855], [3.0178399431763445, 41.890150215097215], [3.0177194030253305, 41.89015023375921], [3.017598862874203, 41.890150252294674], [3.017598838152574, 41.890060183891514], [3.017598813431057, 41.889970115486946], [3.017478273618469, 41.88997013389578], [3.01747829817066, 41.890060202300404], [3.0173577581886337, 41.890060220582775], [3.017357733805768, 41.88997015217808], [3.0172371939929565, 41.88997017033387], [3.0172371697795266, 41.88988010192771], [3.0172371455662073, 41.88979003352012], [3.0173576850403703, 41.88979001536445], [3.0174782245144223, 41.88978999708225], [3.0174782490663894, 41.88988006548971], [3.0175987887096536, 41.88988004708094], [3.0175987639883624, 41.889789978673534], [3.0177193034621896, 41.8897899601383], [3.0178398429359037, 41.889789941476536], [3.0178398679958423, 41.88988000988383], [3.0179604076387654, 41.889879991095505], [3.017960432868143, 41.889970059501316], [3.018080972680276, 41.8899700405864], [3.0180809980790944, 41.89006010899075], [3.0182015380604366, 41.89006008994925], [3.018201563628697, 41.89015015835211], [3.018322103779249, 41.89015013918403], [3.018322129516953, 41.89024020758543], [3.0183221552547743, 41.8903302759854], [3.0183221809927137, 41.89042034438394], [3.01832220673077, 41.890510412781076], [3.0183222324689436, 41.89060048117679], [3.0183222582072347, 41.89069054957109], [3.0183222839456434, 41.890780617963976], [3.018322309684169, 41.89087068635544], [3.0183223354228126, 41.89096075474547], [3.0183223611615735, 41.891050823134115], [3.0183223869004516, 41.891140891521324], [3.0183224126394474, 41.89123095990712], [3.018442954821856, 41.89123094061179], [3.0184429807303057, 41.8913210089961], [3.0185635230819328, 41.89132098957418], [3.0185635491598375, 41.891411057957015], [3.018563575237861, 41.89150112633843], [3.018563601316003, 41.89159119471844], [3.018563627394265, 41.891681263097034], [3.018563653472645, 41.89177133147418], [3.0185636795511446, 41.89186139984994], [3.0185637056297625, 41.89195146822428], [3.0184431620927605, 41.891951487646615], [3.018443188002155, 41.892041556019585], [3.0184432139116684, 41.89213162439115], [3.0184432398212997, 41.89222169276128], [3.0185637838663317, 41.89222167333875], [3.018563809945426, 41.89231174170741], [3.018563836024639, 41.89240181007465], [3.018563862103971, 41.892491878440474], [3.0185638881834227, 41.892581946804896], [3.0185639142629928, 41.892672015167875], [3.0185639403426823, 41.89276208352945], [3.0186844854036754, 41.89276206398002], [3.0188050304645486, 41.89276204430407], [3.0188050568830556, 41.89285211266409], [3.0186845116528325, 41.89285213234012], [3.0185639664224904, 41.892852151889606], [3.018563992502417, 41.89294222024834], [3.0185640185824636, 41.89303228860566], [3.018443473013301, 41.89303230802873], [3.01832292744402, 41.89303232732528], [3.018322953185482, 41.893122395681296]], [[3.0174795750389656, 41.89474375738795], [3.017479550480949, 41.89465368905703], [3.0176000990994845, 41.89465367064519], [3.0177206477179066, 41.89465365210681], [3.0178411963362155, 41.89465363344189], [3.0178412214023287, 41.89474370177264], [3.0178412464685564, 41.894833770101954], [3.017720697511516, 41.894833788766995], [3.017600148554361, 41.89483380730549], [3.017479599597094, 41.89483382571744], [3.017359050639715, 41.89483384400286], [3.017359026250953, 41.894743775673305], [3.0174795750389656, 41.89474375738795]], [[3.018561671854762, 41.88492613076938], [3.018682202185317, 41.88492611122529], [3.018802732515752, 41.88492609155471], [3.0188027589237754, 41.88501616003807], [3.0189232894233724, 41.88501614024093], [3.0189232628460667, 41.884926071757626], [3.01904379317626, 41.88492605183406], [3.0191643235063315, 41.884926031783976], [3.019164296590584, 41.88483596329939], [3.01916426967496, 41.88474589481336], [3.0192847996663463, 41.88474587463691], [3.0192848267512518, 41.884835943122866], [3.01928485383628, 41.8849260116074], [3.019405384166105, 41.884925991304314], [3.0194054114205393, 41.88501605978736], [3.0192848809214325, 41.8850160800905], [3.019284908006708, 41.885106148572206], [3.019284935092107, 41.88519621705248], [3.01916440425431, 41.88519623722925], [3.01904387341639, 41.88519625727952], [3.0189233425783475, 41.885196277203285], [3.018802811740184, 41.885196297000554], [3.0188027853319195, 41.885106228520016], [3.0186822546629193, 41.88510624819072], [3.018561723993799, 41.88510626773494], [3.0185616979242216, 41.88501619925286], [3.018561671854762, 41.88492613076938]], [[3.013264635957031, 41.91536993293469], [3.0132646173073354, 41.91527986492664], [3.013385204734239, 41.915279850933715], [3.0133852235534775, 41.91536991894171], [3.0135058111498383, 41.91536990482209], [3.0135058301387057, 41.915459972828614], [3.0135058491276605, 41.915550040833736], [3.013385261192212, 41.91555005495344], [3.0132646732566783, 41.91555006894651], [3.013264654606812, 41.9154600009413], [3.013264635957031, 41.91536993293469]], [[3.0131440298803462, 41.91527987879296], [3.013023442453273, 41.915279892532624], [3.013023424142746, 41.915189824523075], [3.0130234058323024, 41.91509975651211], [3.013143992920293, 41.915099742772526], [3.0132645800081987, 41.915099728906306], [3.0132645986577242, 41.915189796917176], [3.0132646173073354, 41.91527986492664], [3.0131440298803462, 41.91527987879296]], [[3.0132634052596194, 41.909425441363], [3.013142828851245, 41.90942545522648], [3.013142810376656, 41.90933538712483], [3.013022234137689, 41.90933540086165], [3.0130222158326756, 41.90924533275854], [3.0129016397631156, 41.90924534636871], [3.0129016216276763, 41.90915527826413], [3.012781045727524, 41.90915529174766], [3.0127810277616556, 41.90906522364162], [3.01278100979587, 41.90897515553417], [3.012780991830166, 41.9088850874253], [3.0129015672218524, 41.90888507394189], [3.013022142613457, 41.9088850603319], [3.0131427180049775, 41.908885046595294], [3.0132632933964136, 41.90888503273208], [3.0132632747528434, 41.908794964621976], [3.0133838499747077, 41.908794950632185], [3.0135044251964858, 41.90879493651582], [3.013504406214029, 41.908704868404364], [3.013624981266234, 41.90870485416143], [3.0136250004181777, 41.90879492227283], [3.013745575639782, 41.90879490790325], [3.0137455949613, 41.908884976013184], [3.013866170352303, 41.90888496151694], [3.013986745743217, 41.908884946894105], [3.014107321134042, 41.908884932144666], [3.014227896524776, 41.90888491726862], [3.014227916524333, 41.90897498537696], [3.0143484920844634, 41.908974970374246], [3.0143485122536, 41.90906503848112], [3.014469087983127, 41.90906502335176], [3.0144691083218453, 41.90915509145716], [3.014589684220769, 41.90915507620116], [3.01458970472907, 41.9092451443051], [3.0144691286606564, 41.909245159561166], [3.0144691489995603, 41.90933522766374], [3.0144691693385566, 41.90942529576488], [3.014348592931068, 41.90942531089443], [3.0142280165234867, 41.90942532589737], [3.0142280365235914, 41.90951539399719], [3.014228056523787, 41.90960546209561], [3.0141074797771297, 41.90960547697203], [3.013986903030381, 41.90960549172184], [3.0139869226916804, 41.90969555981893], [3.0139869423530694, 41.9097856279146], [3.013866365267243, 41.909785642537905], [3.0137457881813274, 41.90978565703459], [3.0137457688589278, 41.909695588938824], [3.013745749536617, 41.90960552084165], [3.013745730214393, 41.909515452743044], [3.0137457108922585, 41.90942538464304], [3.013625134484229, 41.909425399012946], [3.013504558076112, 41.90942541325623], [3.013383981667909, 41.90942542737292], [3.013383962854337, 41.90933535927136], [3.013263386615539, 41.9093353732614], [3.0132634052596194, 41.909425441363]], [[3.0126604164383974, 41.90888510078209], [3.0126603986422618, 41.90879503267177], [3.0126603808462082, 41.908704964560016], [3.0127809558990037, 41.908704951203305], [3.012780973864544, 41.90879501931501], [3.012780991830166, 41.9088850874253], [3.0126604164383974, 41.90888510078209]], [[3.0132629205411767, 41.90708367026038], [3.013142348539333, 41.90708368412272], [3.013142330066936, 41.906993615984206], [3.013142311594623, 41.90690354784427], [3.0130217399316375, 41.90690356157993], [3.013021721628879, 41.90681349343854], [3.01290115013528, 41.90681350704756], [3.0127805786415984, 41.90681352052998], [3.0127805606778613, 41.90672345238709], [3.0129011320020744, 41.90672343890471], [3.013021703326204, 41.90672342529573], [3.0131422746502503, 41.906723411560165], [3.01314225617819, 41.906633343415976], [3.013262827332684, 41.906633329553856], [3.0132628086912403, 41.906543261408295], [3.0133833796761818, 41.90654324741962], [3.0135039506610366, 41.906543233304355], [3.013624521645805, 41.906543219062485], [3.0136245407956515, 41.9066332872079], [3.0137451119498, 41.906633272839414], [3.0138656831038606, 41.90663325834431], [3.0138656636150793, 41.90654319019898], [3.0137450926304865, 41.90654320469403], [3.0137450733112603, 41.90645313654723], [3.0137450539921224, 41.90636306839901], [3.013745034673073, 41.906273000249385], [3.013745015354112, 41.90618293209833], [3.0136244450472933, 41.90618294646661], [3.0136244258978837, 41.90609287831409], [3.0136244067485616, 41.90600281016016], [3.013503836780583, 41.90600282440175], [3.0135038178008102, 41.90591275624636], [3.013624387599327, 41.90591274200481], [3.013744957397756, 41.90591272763667], [3.0138655271960975, 41.90591271314193], [3.013986096994349, 41.90591269852061], [3.0141066667925123, 41.90591268377269], [3.014106686619596, 41.906002751927865], [3.0142272565871298, 41.90600273705331], [3.014347826554573, 41.906002722052165], [3.0143478063885647, 41.90591265389709], [3.014347786222648, 41.905822585740594], [3.0144683558510756, 41.90582257061295], [3.014468335515791, 41.905732502455095], [3.014468315180599, 41.90564243429581], [3.014588884470013, 41.905642419041676], [3.014709453759333, 41.90564240366095], [3.0148300230485594, 41.90564238815364], [3.0149505923376902, 41.90564237251972], [3.0149505713247544, 41.90555230435922], [3.0149505503119145, 41.90546223619729], [3.0149505292991705, 41.905372168033956], [3.014950508286522, 41.905282099869204], [3.01495048727397, 41.905192031703024], [3.014950466261513, 41.905101963535444], [3.014950445249153, 41.90501189536643], [3.014950424236888, 41.904921827196], [3.014950403224719, 41.90483175902416], [3.014829835460693, 41.90483177465762], [3.014829814618072, 41.904741706484316], [3.0147092470234025, 41.90474172199116], [3.014709267696571, 41.90483179016451], [3.014588699932355, 41.904831805544795], [3.0144681321680458, 41.904831820798506], [3.0144681118337817, 41.90474175262506], [3.0143475442388312, 41.90474176775212], [3.0142269766437892, 41.90474178275261], [3.014106409048656, 41.90474179762651], [3.013985841453432, 41.90474181237382], [3.0139858217970663, 41.90465174419876], [3.01398580214079, 41.90456167602228], [3.0139857824846037, 41.90447160784438], [3.013985762828507, 41.90438153966507], [3.0139857431725, 41.90429147148434], [3.013985723516582, 41.90420140330219], [3.014106290095109, 41.90420138855516], [3.0142268566735457, 41.90420137368154], [3.0142268366788247, 41.90411130549805], [3.0142268166841943, 41.90402123731317], [3.014347382923647, 41.90402122231306], [3.014467949163007, 41.90402120718637], [3.014467928829578, 41.90393113900015], [3.0144679084962416, 41.90384107081251], [3.014467888162998, 41.903751002623466], [3.014467867829847, 41.90366093443299], [3.0145884333913386, 41.90366091917992], [3.0147089989527363, 41.903660903800244], [3.0148295645140397, 41.903660888294], [3.0148295853555194, 41.90375095648432], [3.0147090196247732, 41.903750971990625], [3.014709040296904, 41.90384104017958], [3.014709060969129, 41.90393110836712], [3.014709081641449, 41.90402117655322], [3.014829647880529, 41.904021161046785], [3.014829668722389, 41.90411122923143], [3.0149502351308195, 41.90411121359836], [3.0150708015391547, 41.9041111978387], [3.015191367947393, 41.904111181952466], [3.015311934355534, 41.90411116593964], [3.0154325007635765, 41.90411114980023], [3.015432522452765, 41.90420121798322], [3.0155530890301554, 41.90420120171717], [3.01555306717152, 41.90411113353423], [3.0156736335793637, 41.90411111714166], [3.015673611551382, 41.90402104895736], [3.0157941777896795, 41.90402103243826], [3.0157941999871074, 41.9041111006225], [3.0159147663947494, 41.90411108397676], [3.0159147887617257, 41.904201152159544], [3.0159148111288037, 41.90429122034091], [3.016035377875238, 41.90429120356847], [3.0160354004118664, 41.90438127174836], [3.0161559673276463, 41.90438125484929], [3.0161559900338264, 41.904471323027714], [3.016156012740111, 41.90456139120471], [3.0162765799946856, 41.90456137417894], [3.0163971472491564, 41.9045613570266], [3.0163971702944457, 41.904651425202076], [3.0163971933398397, 41.90474149337614], [3.0163972163853385, 41.90483156154879], [3.0163972394309426, 41.90492162972], [3.0162766714986646, 41.90492164687256], [3.01627669437492, 41.905011715042434], [3.0163972624766524, 41.90501169788981], [3.0163972855224666, 41.90510176605821], [3.0163973085683864, 41.90519183422517], [3.0163973316144115, 41.905281902390726], [3.016517900224404, 41.90528188511136], [3.01663846883429, 41.90528186770541], [3.0166384922193337, 41.90537193586943], [3.016638515604484, 41.90546200403204], [3.016638538989741, 41.90555207219324], [3.0166385623751046, 41.905642140353], [3.016638585760575, 41.90573220851136], [3.016638609146152, 41.90582227666828], [3.0167591787726846, 41.90582225913541], [3.01675920232783, 41.905912327290885], [3.016759225883083, 41.906002395444936], [3.016638655917627, 41.90600241297792], [3.016638679303524, 41.90609248113061], [3.0165181091684983, 41.906092498537056], [3.016397539033367, 41.90609251581691], [3.0163975159863954, 41.906002447664115], [3.0163974929395296, 41.9059123795099], [3.0163974698927682, 41.905822311354264], [3.0162769002659187, 41.90582232850737], [3.016276923143218, 41.905912396663055], [3.016276946020622, 41.90600246481733], [3.01627696889813, 41.90609253297016], [3.016276991775743, 41.9061826011216], [3.01627701465346, 41.90627266927161], [3.016277037531281, 41.9063627374202], [3.0162770604092066, 41.90645280556738], [3.0163976312223033, 41.9064527884139], [3.0165182020352943, 41.906452771133836], [3.016518225252258, 41.90654283927949], [3.01663879623461, 41.906542821872755], [3.0166388196211478, 41.90663289001694], [3.0166388430077924, 41.906722958159705], [3.016518271686504, 41.906722975566524], [3.01639770036511, 41.90672299284676], [3.0163977234129224, 41.90681306098823], [3.016277151921954, 41.90681307814191], [3.0161565804308808, 41.90681309516901], [3.0161566031398586, 41.906903163309146], [3.01615662584894, 41.90699323144788], [3.016036054018823, 41.9069932483485], [3.016036076558536, 41.907083316485846], [3.016036099098353, 41.907173384621785], [3.0161566712674133, 41.90717336772107], [3.016156693976806, 41.90726343585555], [3.0160361216382716, 41.90726345275632], [3.015915549299635, 41.907263469530484], [3.015915571670183, 41.90735353766364], [3.015915594040833, 41.90744360579538], [3.0159156164115855, 41.9075336739257], [3.01591563878244, 41.90762374205462], [3.015915661153396, 41.907713810182095], [3.0159156835244545, 41.907803878308165], [3.0157951101688614, 41.907803894956054], [3.0156745368131666, 41.90780391147734], [3.01567455884537, 41.90789397960211], [3.015674580877674, 41.907984047725435], [3.015674602910079, 41.90807411584736], [3.0156746249425845, 41.90816418396786], [3.01567464697519, 41.90825425208695], [3.015554072771995, 41.90825426848188], [3.0155540946352186, 41.90834433659961], [3.015433520262441, 41.908344352868006], [3.015433541956282, 41.908434420984364], [3.0154335636502214, 41.9085244890993], [3.01543358534426, 41.90861455721281], [3.0154336070383976, 41.908704625324916], [3.015433628732634, 41.9087946934356], [3.01543365042697, 41.90888476154486], [3.0155542258166577, 41.908884745276154], [3.0156748012062455, 41.90888472888086], [3.0156748232396557, 41.9089747969886], [3.015674845273166, 41.909064865094926], [3.01579542100163, 41.90906484857291], [3.01579544320473, 41.90915491667777], [3.0159160191025816, 41.909154900029094], [3.0159160414752737, 41.90924496813249], [3.015795465407932, 41.90924498478121], [3.0156748893404886, 41.90924500130333], [3.015554313272945, 41.90924501769884], [3.0154337372053015, 41.90924503396774], [3.0153131611375596, 41.909245050110044], [3.0151925850697188, 41.909245066125735], [3.0151925637139674, 41.90915499802204], [3.0151925423583137, 41.90906492991693], [3.015192521002757, 41.9089748618104], [3.015192499647298, 41.908884793702455], [3.0150719242573154, 41.908884809591335], [3.014951348867237, 41.908884825353624], [3.0148307734770614, 41.908884840989295], [3.0148307943240575, 41.9089749090974], [3.0148308151711487, 41.90906497720407], [3.014710239441902, 41.90906499271323], [3.0147102187643, 41.908974924606525], [3.014589643204448, 41.908974939989044], [3.0144690676445016, 41.90897495524494], [3.0144690473059694, 41.90888488713671], [3.0144690269675296, 41.908794819027044], [3.0144690066291826, 41.90870475091596], [3.0145895816806676, 41.9087047356602], [3.0147101567320584, 41.908704720277825], [3.0148307317833556, 41.90870470476886], [3.0149513068345577, 41.90870468913327], [3.0149512858183614, 41.908614621020966], [3.0149512648022614, 41.90852455290725], [3.0149512437862573, 41.908434484792124], [3.014951222770349, 41.90834441667557], [3.0148306483970844, 41.90834443231095], [3.014830627550755, 41.90825436419293], [3.01483060670452, 41.90816429607349], [3.014710032670124, 41.90816431158217], [3.014710053346877, 41.90825437970166], [3.0145894791429053, 41.90825439508379], [3.0145894996502705, 41.90834446320191], [3.014468925276723, 41.90834447845748], [3.01446890493884, 41.90825441033931], [3.0144688846010497, 41.908164342219735], [3.014468864263353, 41.90807427409872], [3.0145894381284553, 41.90807425884329], [3.0145894176213712, 41.90798419072093], [3.014468843925748, 41.90798420597631], [3.014468823588236, 41.90789413785248], [3.0144688032508173, 41.90780406972721], [3.014468782913491, 41.907714001600546], [3.0144687625762576, 41.907623933472465], [3.0143481895584543, 41.90762394860106], [3.0143482097262106, 41.907714016729194], [3.0143482298940594, 41.90780408485591], [3.014227656537209, 41.90780409985799], [3.0142276365388385, 41.90771403173124], [3.014227616540559, 41.907623963603044], [3.014107043522572, 41.90762397847845], [3.01410702369386, 41.90753391034878], [3.0141070038652384, 41.90744384221773], [3.0142275765442736, 41.907443827342426], [3.0142275565462677, 41.90735375920999], [3.0142275365483533, 41.90726369107614], [3.01422751655053, 41.90717362294085], [3.014106944379916, 41.907173637816015], [3.0141069245516565, 41.90708356967929], [3.0142274965527975, 41.90708355480417], [3.0142274765551567, 41.90699348666607], [3.0142274565576073, 41.90690341852653], [3.0141068848954085, 41.906903433401546], [3.0139863132331186, 41.906903448149976], [3.013865741570739, 41.90690346277181], [3.0138657610598765, 41.906993530911485], [3.0137451892279374, 41.90699354540676], [3.0137452085476926, 41.907083613545055], [3.0136246365461936, 41.90708362791378], [3.013504064544608, 41.90708364215591], [3.013504045563796, 41.906993574017534], [3.013383473731595, 41.90699358813303], [3.0132629018993082, 41.90699360212192], [3.0132629205411767, 41.90708367026038]], [[3.0132625477199633, 41.905282307221604], [3.013262566360216, 41.905372375387], [3.013262585000554, 41.905462443550995], [3.013142016049079, 41.905462457412554], [3.0131419975781992, 41.90537238924853], [3.013021428796098, 41.905372402983446], [3.013021410494759, 41.90528233481796], [3.013021392193503, 41.90519226665105], [3.0130213738923315, 41.905102198482716], [3.0131419421660643, 41.905102184747925], [3.0132625104397133, 41.90510217088654], [3.0133830787132765, 41.905102156898565], [3.013503646986755, 41.90510214278401], [3.013503628007848, 41.90501207461444], [3.013503609029028, 41.90492200644344], [3.013624176963511, 41.90492199220238], [3.0137447448979064, 41.904921977834746], [3.0137447642156343, 41.90501204600564], [3.0137447835334497, 41.90510211417512], [3.0137448028513534, 41.905192182343185], [3.013624234408594, 41.90519219671097], [3.01362425355713, 41.90528226487766], [3.0135036849448276, 41.90528227911891], [3.013503665965748, 41.90519221095216], [3.013383097522815, 41.90519222506676], [3.0132625290797956, 41.90519223905478], [3.0132625477199633, 41.905282307221604]], [[3.0015673898203183, 41.90519299421772], [3.0015673920232477, 41.90528306238692], [3.0016879606403726, 41.905283060677974], [3.0016879630127686, 41.905373128845746], [3.0016879653851753, 41.9054631970121], [3.0018085343412033, 41.90546319517655], [3.00180853688308, 41.90555326334149], [3.001929106008555, 41.905553261379346], [3.0019291087199016, 41.905643329542855], [3.0019291114312607, 41.905733397704935], [3.0019291141426323, 41.90582346586561], [3.001929116854016, 41.90591353402487], [3.0019291195654123, 41.90600360218271], [3.0019291222768207, 41.906093670339125], [3.001808552134579, 41.90609367230131], [3.0016879819923252, 41.906093674136905], [3.0016879796198426, 41.906003605980466], [3.001687977247371, 41.90591353782261], [3.00168797487491, 41.90582346966334], [3.001567405241033, 41.90582347137233], [3.0014468356071453, 41.905823472954715], [3.0014468335736164, 41.90573340479402], [3.0015674030380435, 41.90573340321164], [3.0015674008350643, 41.90564333504953], [3.001567398632095, 41.905553266886], [3.001567396429136, 41.905463198721066], [3.0014468274730866, 41.90546320030343], [3.001446825439595, 41.90537313213706], [3.001326256652994, 41.90537313359284], [3.0013262547889688, 41.905283065425046], [3.001205686171816, 41.90528306675423], [3.001205684477255, 41.90519299858502], [3.001205682782702, 41.9051029304144], [3.0013262510609433, 41.905102929085224], [3.001446819339176, 41.905102927629464], [3.0015673876173996, 41.90510292604711], [3.0015673898203183, 41.90519299421772]], [[3.002652580412789, 41.906994337393385], [3.002773152249601, 41.90699433454496], [3.002773156147446, 41.90708440268575], [3.00277316004531, 41.90717447082508], [3.0027731639431905, 41.90726453896302], [3.0026525915979616, 41.90726454181148], [3.002652587869554, 41.90717447367352], [3.002652584141163, 41.907084405534164], [3.002652580412789, 41.906994337393385]], [[3.010611201581502, 41.91230789564388], [3.0106111866640597, 41.912217827586765], [3.010490604999385, 41.91221783866597], [3.0103700233346435, 41.91221784961854], [3.0103700087563006, 41.91212778155995], [3.010490590251526, 41.91212777060741], [3.0106111717466852, 41.912127759528246], [3.0106111568293787, 41.91203769146829], [3.0107317381549548, 41.91203768026255], [3.0107317230682025, 41.911947612201224], [3.0108523042241955, 41.9119476008689], [3.010972885380119, 41.91194758940995], [3.0109728699544087, 41.91185752134728], [3.0109728545287693, 41.911767453283176], [3.0110934353455963, 41.911767441697684], [3.011214016162352, 41.91176742998558], [3.01121400039776, 41.91167736192015], [3.011334581044932, 41.91167735008145], [3.011334596979036, 41.91176741814685], [3.011455177795648, 41.911767406181504], [3.0114551938993377, 41.91185747424545], [3.011455210003101, 41.91194754230798], [3.0115757911586645, 41.911947530215926], [3.011696372314154, 41.911947517997284], [3.011696388757019, 41.91203758605831], [3.0116964051999586, 41.91212765411793], [3.0118169866944022, 41.912127641772585], [3.0119375681887695, 41.912127629300606], [3.0120581496830607, 41.912127616702016], [3.0121787311772743, 41.912127603976806], [3.0121787482983513, 41.91221767203484], [3.0122993299620027, 41.912217659182964], [3.0122993472526747, 41.91230772723956], [3.012419929085763, 41.912307714261026], [3.012419946546031, 41.91239778231615], [3.012540528548557, 41.912397769210955], [3.0125405461784225, 41.91248783726463], [3.012540563808368, 41.91257790531687], [3.0125405814383948, 41.9126679733677], [3.0125405990685015, 41.912758041417106], [3.0125406166986886, 41.91284810946509], [3.012540634328956, 41.91293817751167], [3.0125406519593043, 41.91302824555683], [3.0125406695897325, 41.91311831360056], [3.0125406872202416, 41.91320838164289], [3.012540704850831, 41.91329844968379], [3.012540722481501, 41.91338851772327], [3.0126613063486865, 41.91338850449102], [3.0127818902157903, 41.91338849113211], [3.0127819081855933, 41.91347855917011], [3.0127819261554785, 41.913568627206665], [3.0127819441254458, 41.913658695241814], [3.012781962095495, 41.91374876327554], [3.012661377550281, 41.91374877663461], [3.0125407930049852, 41.913748789867036], [3.0125408106360574, 41.91383885789945], [3.0125408282672095, 41.91392892593042], [3.0124202433827736, 41.91392893903631], [3.012299658498258, 41.913928952015574], [3.0121790736136633, 41.91392896486821], [3.012179056491102, 41.913838896837106], [3.0120584717759598, 41.913838909563076], [3.0120584548230056, 41.91374884153051], [3.0120584378701287, 41.913658773496536], [3.0120584209173296, 41.913568705461145], [3.0120584039646077, 41.91347863742433], [3.012058387011963, 41.91338856938609], [3.011937803144383, 41.913388581985245], [3.0118172192767267, 41.913388594457764], [3.0116966354089945, 41.91338860680364], [3.0116966189650043, 41.91329853876389], [3.0115760352667227, 41.91329855098312], [3.0115760189923324, 41.913208482941904], [3.0114554354635015, 41.913208495034475], [3.0114554193587098, 41.9131184269918], [3.011455403253991, 41.9130283589477], [3.011455387149346, 41.912938290902176], [3.0114553710447747, 41.912848222855246], [3.0114553549402765, 41.912758154806916], [3.011455338835852, 41.912668086757144], [3.011455322731501, 41.91257801870596], [3.011334740389249, 41.912578030671646], [3.01133472445449, 41.912487962619004], [3.011214142281684, 41.91248797445802], [3.0110935601088067, 41.91248798617043], [3.0109729779358574, 41.91248799775621], [3.010972962509725, 41.91239792970205], [3.0108523805062237, 41.912397941161174], [3.0108523652496784, 41.912307873105554], [3.010731783415625, 41.91230788443802], [3.010611201581502, 41.91230789564388]], [[3.0106108883295035, 41.91041646614686], [3.01061087341349, 41.91032639805997], [3.0106108584975453, 41.91023632997168], [3.010731436432987, 41.91023631876664], [3.01085201436836, 41.910236307434985], [3.0108520296233037, 41.91032637552321], [3.010852044878317, 41.910416443610025], [3.0107314666039446, 41.91041645494175], [3.0106108883295035, 41.91041646614686]], [[3.011816787349949, 41.91104682496411], [3.0119373668101894, 41.91104681249261], [3.012057946270353, 41.91104679989449], [3.012057963220987, 41.91113686796958], [3.01217854285058, 41.91113685524481], [3.012178559970798, 41.91122692331845], [3.0122991397698202, 41.911226910467015], [3.012299157059624, 41.911316978539205], [3.012299174349507, 41.91140704660995], [3.0121785942114685, 41.91140705946146], [3.0120580140733515, 41.91140707218634], [3.012057997122486, 41.91131700411552], [3.012057980171698, 41.91122693604325], [3.0119374003725206, 41.91122694864144], [3.0118168205732663, 41.91122696111303], [3.01181680396157, 41.91113689303928], [3.011816787349949, 41.91104682496411]], [[3.012660914763146, 41.911407007295736], [3.012660896964737, 41.91131693922512], [3.012781476932947, 41.911316925867176], [3.0129020569010745, 41.911316912382645], [3.0129020387637313, 41.91122684431067], [3.0130226185622684, 41.91122683069956], [3.0130226368691195, 41.91131689877149], [3.013022655176054, 41.91140696684199], [3.0130226734830723, 41.91149703491107], [3.0130226917901743, 41.91158710297876], [3.012902111313601, 41.91158711659004], [3.012781530836945, 41.911587130074714], [3.0127815128688638, 41.911497062006944], [3.012660932561636, 41.911497075364956], [3.012660914763146, 41.911407007295736]], [[3.0125403169964464, 41.91131695245643], [3.0125402993676267, 41.91122688438433], [3.0125402817388878, 41.911136816310815], [3.0124197021095314, 41.91113682941543], [3.0124196846503786, 41.91104676134046], [3.012540264110229, 41.91104674823589], [3.012660843569998, 41.91104673500471], [3.0126608613681634, 41.91113680307959], [3.01266087916641, 41.911226871153055], [3.012660896964737, 41.91131693922512], [3.0125403169964464, 41.91131695245643]], [[3.012419614814565, 41.9106864890264], [3.012540193596398, 41.910686475922], [3.0125402112247346, 41.910776544002594], [3.012419632273399, 41.91077655710704], [3.012419614814565, 41.9106864890264]], [[3.012540352254327, 41.911497088596356], [3.012540369883388, 41.9115871566642], [3.012419789406488, 41.91158716976903], [3.0122992089295093, 41.91158718274722], [3.012299191639469, 41.911497114679285], [3.0124197719469374, 41.91149710170114], [3.012540352254327, 41.911497088596356]], [[3.013138895666363, 41.89024091756572], [3.0131389141230915, 41.89033098596791], [3.0130183736295666, 41.89033099969563], [3.012897833135958, 41.89033101329683], [3.012777292642267, 41.890331026771506], [3.0126567521484944, 41.89033104011966], [3.0125362116546404, 41.89033105334129], [3.01253622926481, 41.89042112174228], [3.01253624687506, 41.89051119014185], [3.012415706042468, 41.89051120323705], [3.012295165209796, 41.89051121620572], [3.0121746243770455, 41.89051122904786], [3.0121746072747837, 41.89042116064816], [3.0120540666112845, 41.890421173363734], [3.012054049678429, 41.89033110496258], [3.0121745901725996, 41.89033109224704], [3.0122951306666925, 41.89033107940498], [3.0122951133952585, 41.89024101100249], [3.012295096123904, 41.890150942598574], [3.0122950788526275, 41.890060874193246], [3.01229506158143, 41.88997080578649], [3.012295044310312, 41.88988073737834], [3.0124155839576945, 41.88988072440995], [3.0124155665173307, 41.88979065600042], [3.01253610599531, 41.88979064290556], [3.0126566454732093, 41.88979062968417], [3.0126566632522205, 41.88988069809362], [3.012777202899362, 41.88988068474569], [3.0127771849510268, 41.88979061633628], [3.012897724428763, 41.88979060286186], [3.0130182639064165, 41.88979058926091], [3.013018245619516, 41.88970052085016], [3.0130182273327, 41.88961045243799], [3.0131387664716245, 41.88961043871062], [3.0132593056104646, 41.88961042485673], [3.01337984474922, 41.88961041087631], [3.0135003838878895, 41.88961039676937], [3.0136209230264726, 41.88961038253591], [3.013741462164968, 41.88961036817594], [3.0137414814677186, 41.88970043658785], [3.0136209421599003, 41.88970045094786], [3.0135004028519954, 41.88970046518137], [3.0135004218161874, 41.889790533591935], [3.013620961293416, 41.8897905193584], [3.013741500770557, 41.88979050499833], [3.0137415200734834, 41.8898805734074], [3.0137415393764977, 41.88997064181505], [3.0136209995607084, 41.889970656175194], [3.0136210186944856, 41.89006072458148], [3.013500478709283, 41.89006073881515], [3.0135004976738213, 41.89015080722005], [3.013379957519206, 41.89015082132725], [3.0132594173645053, 41.890150835307935], [3.013138877209719, 41.89015084916209], [3.013138895666363, 41.89024091756572]], [[3.011812802752037, 41.88943044592377], [3.011812786158672, 41.88934037750695], [3.0118127695653816, 41.889250309088695], [3.011933308027824, 41.88925029662667], [3.0120538464901894, 41.88925028403813], [3.012053863422118, 41.889340352456294], [3.0120538803541237, 41.88943042087304], [3.0119333415531186, 41.88943043346167], [3.011812802752037, 41.88943044592377]], [[3.0131390617799467, 41.89105153313448], [3.0132596036280375, 41.891051519279884], [3.0132596222548584, 41.89114158766928], [3.013259640881764, 41.89123165605726], [3.013139098695003, 41.89123166991193], [3.013139080237433, 41.89114160152391], [3.0131390617799467, 41.89105153313448]], [[3.014708647542541, 41.902129744347015], [3.014708668212975, 41.90221981256149], [3.014708688883503, 41.902309880774546], [3.014708709554125, 41.90239994898619], [3.0145881463648463, 41.902399964365166], [3.0144675831754744, 41.902399979617584], [3.014467562843715, 41.90230991140585], [3.0144675425120484, 41.9022198431927], [3.0144675221804746, 41.90212977497812], [3.014467501848993, 41.902039706762146], [3.0145880643606446, 41.90203969150992], [3.0147086268722023, 41.90203967613113], [3.014708647542541, 41.902129744347015]], [[3.015070716816726, 41.903750925091984], [3.0150706956363607, 41.90366085690176], [3.015191261197377, 41.90366084101577], [3.015191282547185, 41.90375090920595], [3.015191303897091, 41.9038409773947], [3.0150707379971884, 41.903840993280795], [3.015070716816726, 41.903750925091984]], [[3.013866969560078, 41.912577752801894], [3.013746387219443, 41.91257776729999], [3.0137463678943104, 41.91248769924818], [3.0137463485692657, 41.91239763119496], [3.013746329244309, 41.91230756314031], [3.013866911076391, 41.912307548642346], [3.013866930570864, 41.91239761669694], [3.013866950065427, 41.912487684750126], [3.013866969560078, 41.912577752801894]], [[3.015916086220963, 41.909425104335], [3.0160366626271853, 41.909425087559576], [3.0161572390333045, 41.90942507065752], [3.0161572617452874, 41.90951513875655], [3.016157284457374, 41.909605206854174], [3.016036707712269, 41.90960522375632], [3.016036730254965, 41.90969529185256], [3.0159161533402634, 41.90969530862815], [3.0159161757135675, 41.909785376723036], [3.0157955986292695, 41.90978539337207], [3.0157955764254596, 41.909695325277134], [3.0157955542217514, 41.909605257180786], [3.0157955320181444, 41.90951518908302], [3.015795509814639, 41.90942512098383], [3.015916086220963, 41.909425104335]], [[3.017845208369381, 41.90906454832804], [3.0178452334537997, 41.909154616431955], [3.0179658093498105, 41.90915459763099], [3.0179658346038334, 41.909244665733425], [3.01808641066922, 41.90924464680579], [3.0180864360928483, 41.909334714906755], [3.018207012327609, 41.90933469585245], [3.0182070379208454, 41.909424763951925], [3.018086461516593, 41.90942478300629], [3.018086486940454, 41.90951485110441], [3.0179659103665935, 41.909514870032226], [3.017965935621077, 41.90960493812899], [3.017845358877608, 41.90960495693026], [3.0178453337926174, 41.90951488883343], [3.017724757218527, 41.90951490750803], [3.0177247323031433, 41.90942483940973], [3.0176041558984315, 41.90942485795767], [3.0176041311526527, 41.909334789857894], [3.01748355491732, 41.90933480827916], [3.0174835303411456, 41.90924474017791], [3.0173629542751907, 41.90924475847251], [3.0173629298686184, 41.90915469036978], [3.0174835057650826, 41.909154672075225], [3.017483481189132, 41.909064603971146], [3.017604056915995, 41.909064585550055], [3.017724632642745, 41.90906456700235], [3.017845208369381, 41.90906454832804]], [[3.0171212486161063, 41.907173227957855], [3.0171212245510395, 41.907083159822406], [3.0171212004860823, 41.90699309168554], [3.0171211764212353, 41.90690302354725], [3.017241748080921, 41.906903005507324], [3.017241772315239, 41.906993073645566], [3.0173623441442854, 41.906993055478985], [3.017362368548185, 41.907083123615735], [3.017482940546592, 41.90708310532251], [3.0176035125448863, 41.907083086902695], [3.017603537287842, 41.90717315503791], [3.0177241094554956, 41.90717313649143], [3.0178446816230355, 41.90717311781836], [3.0178447067050502, 41.907263185952054], [3.0177241343680374, 41.907263204625174], [3.0176035620309105, 41.907263223171725], [3.0176035867740922, 41.9073532913041], [3.017724159280693, 41.9073532727575], [3.0178447317871795, 41.90735325408431], [3.0179653042935524, 41.907353235284525], [3.017965329545271, 41.90744330341532], [3.018085902221002, 41.90744328448886], [3.0182064748966178, 41.90744326543582], [3.0182065004874024, 41.90753333356507], [3.0182065260783033, 41.907623401692916], [3.018085953063736, 41.90762342074608], [3.017965380049053, 41.90762343967265], [3.017965405301117, 41.90771350779919], [3.0178448321168414, 41.90771352659921], [3.0177242589324513, 41.907713545272635], [3.017603685747948, 41.90771356381947], [3.0174831125633315, 41.90771358223969], [3.017362539378603, 41.90771360053331], [3.0173625149739234, 41.9076235324065], [3.0172419419585603, 41.90762355057347], [3.017121368943087, 41.90762356861383], [3.0171213448774714, 41.90753350048547], [3.0171213208119654, 41.9074434323557], [3.017121296746569, 41.9073533642245], [3.017121272681283, 41.907263296091884], [3.0171212486161063, 41.907173227957855]], [[3.0178435028974167, 41.90293991393596], [3.0178435279740534, 41.903029982136275], [3.0178435530508043, 41.90312005033517], [3.017964117592743, 41.90312003153816], [3.018084682134567, 41.903120012614565], [3.0180847075503094, 41.903210080811924], [3.018084732966167, 41.90330014900788], [3.017964168085466, 41.9033001679316], [3.0178436032046503, 41.90330018672872], [3.01772303832372, 41.90330020539928], [3.0176024734426754, 41.90330022394325], [3.0176024487045736, 41.90321015574707], [3.0174818839928554, 41.9032101741644], [3.0174818594243047, 41.90312010596674], [3.017361294881913, 41.903120124257434], [3.017361270482912, 41.90303005605831], [3.0173612460840213, 41.902939987857756], [3.0174818102875394, 41.90293996956717], [3.0176023744909446, 41.90293995115], [3.0177229386942375, 41.90293993260627], [3.0178435028974167, 41.90293991393596]], [[3.0183239057021294, 41.89645492385753], [3.018323931448054, 41.896544992159676], [3.018323957194096, 41.89663506046041], [3.018203404850028, 41.89663507963282], [3.018203379273367, 41.89654501133204], [3.018082827098564, 41.89654503037784], [3.0180828016914014, 41.89645496207557], [3.0182033536968236, 41.89645494302982], [3.0182033281203964, 41.89636487472619], [3.0183238799563217, 41.896364855553955], [3.0183239057021294, 41.89645492385753]], [[3.0178433022884414, 41.90221936828238], [3.017843327364163, 41.90230943649404], [3.017843352439999, 41.90239950470428], [3.0177227892534235, 41.90239952337424], [3.0176022260667352, 41.90239954191763], [3.0176022013297614, 41.90230947370728], [3.0176021765929013, 41.9022194054955], [3.0176021518561535, 41.9021293372823], [3.0177227145345507, 41.90212931873908], [3.017722689628487, 41.90203925052454], [3.0178432521373417, 41.9020392318548], [3.0178432772128345, 41.90212930006929], [3.0178433022884414, 41.90221936828238]], [[3.017844556214678, 41.90672277712867], [3.0177239848944915, 41.90672279580145], [3.0177239599826318, 41.9066327276592], [3.01784453113335, 41.90663270898647], [3.017844556214678, 41.90672277712867]], [[3.018312743050026, 41.85736514690988], [3.0184332216167267, 41.85736512763732], [3.01855370018331, 41.85736510823841], [3.0185537262164073, 41.85745517715566], [3.018433247480778, 41.857455196554646], [3.0183127687450306, 41.85745521582725], [3.018312743050026, 41.85736514690988]], [[3.0133738535871863, 41.86087851508414], [3.0133738348198174, 41.860788446218486], [3.0134943198149844, 41.86078843212573], [3.013494300878626, 41.860698363258706], [3.013494281942355, 41.86060829439027], [3.0136147665992867, 41.860608280171206], [3.013735251256132, 41.86060826582575], [3.0137352319818005, 41.86051819695597], [3.0137352127075574, 41.86042812808479], [3.0138556970261687, 41.86042811361304], [3.0139761813446917, 41.8604280990149], [3.0139762009570794, 41.860518167885985], [3.0140966854445854, 41.86051815316141], [3.0140967052261356, 41.86060822203105], [3.014217189882624, 41.86060820718003], [3.0142172098333386, 41.86069827604819], [3.014217229784144, 41.86078834491493], [3.0142172497350406, 41.86087841378026], [3.014217269686028, 41.86096848264418], [3.0142172896371062, 41.86105855150667], [3.014217309588276, 41.86114862036776], [3.014217329539536, 41.86123868922742], [3.0142173494908873, 41.86132875808566], [3.014096863481787, 41.86132877293706], [3.013976377472596, 41.86132878766205], [3.0138558914633156, 41.86132880226066], [3.013735405453946, 41.86132881673287], [3.013614919444489, 41.86132883107868], [3.0136149003385335, 41.86123876222021], [3.0136148812326655, 41.86114869336031], [3.013494395561279, 41.86114870757965], [3.0134943766245756, 41.86105863871829], [3.0133738911221806, 41.86105865281119], [3.0133738723546406, 41.86096858394836], [3.0133738535871863, 41.86087851508414]], [[3.0132532940301937, 41.86051825357926], [3.01325327543224, 41.86042818470789], [3.0133737597511985, 41.860428170741706], [3.0134942440700714, 41.860428156649135], [3.0136147283888577, 41.86042814243015], [3.013614747494029, 41.86051821130138], [3.01349426300617, 41.8605182255204], [3.0133737785182246, 41.86051823961303], [3.0133737972853365, 41.86060830848294], [3.013253312628233, 41.86060832244922], [3.0132532940301937, 41.86051825357926]], [[3.008193842386959, 41.867544093744755], [3.0081938308859506, 41.86745402498247], [3.008193819384995, 41.86736395621875], [3.008193807884091, 41.86727388745364], [3.00819379638324, 41.86718381868711], [3.0081937848824416, 41.86709374991915], [3.0081937733816955, 41.867003681149775], [3.0080732767154803, 41.867003689683116], [3.0080732880470977, 41.86709375845251], [3.007952791211703, 41.86709376685947], [3.0078322943762563, 41.86709377513999], [3.0078323053696665, 41.86718384390803], [3.0077118083650407, 41.86718385206217], [3.0075913113603656, 41.867183860089874], [3.0074708143556417, 41.86718386799116], [3.00735031735087, 41.86718387576604], [3.0072298203460517, 41.867183883414484], [3.0072298304938614, 41.86727395218122], [3.007109333319866, 41.867273959703276], [3.0071093432985916, 41.867364028468614], [3.00698884595542, 41.86736403586427], [3.0068683486122034, 41.86736404313351], [3.006747851268943, 41.86736405027633], [3.00662735392564, 41.867364057292704], [3.0066273446234386, 41.86727398852727], [3.0066273353212796, 41.86718391976043], [3.0066273260191627, 41.86709385099215], [3.006627316717089, 41.86700378222246], [3.0066273074150573, 41.866913713451346], [3.006627298113068, 41.866823644678824], [3.006627288811121, 41.86673357590488], [3.0067477849705244, 41.86673356888865], [3.0067477754994942, 41.86664350011331], [3.0066272795092166, 41.86664350712953], [3.0066272702073547, 41.866553438352746], [3.006627260905535, 41.86646336957455], [3.0066272516037578, 41.86637330079495], [3.0067477470866635, 41.86637329377879], [3.0067477376158065, 41.86628322499779], [3.0067477281449926, 41.86619315621536], [3.0067477186742217, 41.86610308743152], [3.0067477092034944, 41.86601301864626], [3.0067476997328098, 41.86592294985957], [3.006868194370068, 41.86592294271713], [3.0068681847303083, 41.86583287392906], [3.006868175090592, 41.86574280513957], [3.0069886693895698, 41.865742797870745], [3.0069886595807813, 41.86565272907986], [3.006988649772037, 41.86556266028755], [3.0071091437327366, 41.865562652892365], [3.0072296376933907, 41.86556264537076], [3.0072296275464603, 41.8654725765771], [3.007229617399576, 41.865382507781995], [3.007350111021954, 41.86538250013403], [3.0074706046442845, 41.86538249235964], [3.0075910982665666, 41.86538248445885], [3.007711591888801, 41.86538247643164], [3.0077115810655073, 41.86529240763524], [3.007832074518578, 41.86529239948163], [3.0079525679715986, 41.86529239120163], [3.0079525568101277, 41.86520232240387], [3.0079525456487084, 41.865112253604664], [3.0080730387634524, 41.8651122451983], [3.008073027432972, 41.86502217639771], [3.0081935203785526, 41.865022167864964], [3.008314013324081, 41.8650221592058], [3.0083140016554304, 41.86493209040386], [3.0084344944317944, 41.864932081618306], [3.008434506269556, 41.865022150420224], [3.008554999214977, 41.86502214150825], [3.008555011221904, 41.86511221030871], [3.008555023228886, 41.86520227910778], [3.0085550352359225, 41.86529234790542], [3.008675528688626, 41.86529233886694], [3.008796022141274, 41.86529232970204], [3.0089165155938655, 41.86529232041074], [3.0089165281082986, 41.86538238920687], [3.008916540622789, 41.865472458001584], [3.0087960468319688, 41.86547246729296], [3.0087960591774006, 41.86556253608629], [3.008675565217408, 41.86556254525126], [3.00867557739378, 41.8656526140432], [3.008675589570208, 41.86574268283373], [3.0085550952719267, 41.865742691872356], [3.008555107279292, 41.86583276066148], [3.0085551192867115, 41.8659228294492], [3.00843462465014, 41.86592283836146], [3.008314130013513, 41.86592284714731], [3.0081936353768337, 41.86592285580674], [3.0081936238767697, 41.865832787018945], [3.008193612376758, 41.86574271822973], [3.0080731180782623, 41.8657427267627], [3.0080731294091567, 41.865832795551945], [3.0080731407401022, 41.865922864339765], [3.0080731520710993, 41.86601293312617], [3.007952657265196, 41.86601294153281], [3.007952668427125, 41.86610301031782], [3.007952679589105, 41.86619307910143], [3.00783218444491, 41.86619308738169], [3.007832195437819, 41.866283156163895], [3.007711700124452, 41.86628316431777], [3.007711710948289, 41.8663732330986], [3.007832206430778, 41.866373224944695], [3.0079527019132173, 41.86637321666438], [3.008073197395605, 41.866373208257635], [3.008073186064401, 41.86628313947689], [3.008193681377615, 41.86628313094377], [3.0081936928779416, 41.86637319972449], [3.0083141883602256, 41.866373191064916], [3.0084346838424563, 41.86637318227893], [3.008434695681082, 41.86646325105816], [3.0085551913323814, 41.86646324214573], [3.0085552033401846, 41.86655331092353], [3.008555215348043, 41.86664337969991], [3.008434719358494, 41.8666433886124], [3.0084347311972817, 41.866733457387376], [3.0085552273559557, 41.86673344847487], [3.008675723514575, 41.86673343943593], [3.008675735691669, 41.86682350820944], [3.008675747868818, 41.86691357698154], [3.0087962443656355, 41.866913567816134], [3.0087962567119684, 41.86700363658678], [3.0087962690583576, 41.86709370535601], [3.008916765893375, 41.867093696064124], [3.0090372627283353, 41.867093686645816], [3.0091577595632377, 41.86709367710108], [3.009157746709463, 41.86700360833194], [3.009278243375178, 41.867003598660816], [3.0092782563980816, 41.86709366742993], [3.009398753232866, 41.86709365763236], [3.009398766424958, 41.86718372640003], [3.009398779617111, 41.867273795166284], [3.009278282444067, 41.8672738049639], [3.0092782954671486, 41.86736387372877], [3.0091577981249147, 41.86736388340001], [3.009157810978924, 41.86745395216348], [3.0090373134674997, 41.867453961708335], [3.008916815956017, 41.86745397112675], [3.00891682847182, 41.867544039888884], [3.0089168409876805, 41.867634108649575], [3.0087963431378753, 41.86763411794164], [3.0086758452880136, 41.86763412710727], [3.008675857465663, 41.86772419586662], [3.0086758696433678, 41.86781426462455], [3.008555371455182, 41.86781427366382], [3.0084348732669413, 41.867814282576674], [3.008434861427506, 41.8677242138187], [3.0084348495881246, 41.86763414505929], [3.008314351738099, 41.86763415384567], [3.0081938538880197, 41.86763416250562], [3.008193842386959, 41.867544093744755]], [[3.006506865715406, 41.86745413294672], [3.006386368202887, 41.86745413971029], [3.006386359238906, 41.86736407094622], [3.006506856582294, 41.867364064182674], [3.006506865715406, 41.86745413294672]], [[3.008675674806755, 41.866373164327705], [3.008555179324633, 41.86637317336652], [3.008555167316939, 41.86628310458589], [3.008434672003885, 41.86628311349827], [3.0084346601653675, 41.8661930447162], [3.0085551553093004, 41.866193035803846], [3.0086756504531778, 41.86619302676508], [3.0086756626299387, 41.866283095547104], [3.008675674806755, 41.866373164327705]], [[3.0107237367671047, 41.86421134021331], [3.010603245344757, 41.86421135140038], [3.010482753922342, 41.86421136246104], [3.01036226249986, 41.86421137339529], [3.010362247956922, 41.86412130458112], [3.0103622334140496, 41.86403123576552], [3.010482724498325, 41.864031224831336], [3.010603215582533, 41.86403121377075], [3.010723706666673, 41.86403120258375], [3.0107237217168548, 41.86412127139924], [3.0107237367671047, 41.86421134021331]], [[3.0090369329463322, 41.86475189818662], [3.00903692026319, 41.86466182938059], [3.009157412531891, 41.86466181983667], [3.0091573996796988, 41.864571751029246], [3.009277891779233, 41.86457174135895], [3.0092779048005327, 41.86466181016633], [3.0093983970691154, 41.8646618003696], [3.009398410259583, 41.864751869175535], [3.0093984234501114, 41.86484193798006], [3.0093984366406996, 41.864932006783164], [3.0093984498313477, 41.86502207558485], [3.0093984630220567, 41.86511214438511], [3.0092779699079233, 41.86511215418199], [3.009157476793731, 41.86511216385248], [3.0090369836794797, 41.865112173396554], [3.0090369963629113, 41.865202242195494], [3.0089165030794893, 41.86520225161319], [3.0089164905651704, 41.86511218281421], [3.008916478050909, 41.865022114013826], [3.009036970996106, 41.86502210459619], [3.00903695831279, 41.864932035794425], [3.0090369456295325, 41.86484196699122], [3.0090369329463322, 41.86475189818662]], [[3.009036907580106, 41.864571760573135], [3.0089164154804546, 41.86457176999062], [3.0087959233807475, 41.86457177928168], [3.0087959357256158, 41.8646618480892], [3.008675443456744, 41.86466185725389], [3.0085549511878167, 41.864661866292174], [3.0085549391811632, 41.86457179748461], [3.0085549271745653, 41.86448172867563], [3.008554915168021, 41.86439165986524], [3.0085549031615324, 41.86430159105342], [3.0086753947540332, 41.86430158201525], [3.0087958863464785, 41.86430157285067], [3.008795874001835, 41.86421150403749], [3.008916365425119, 41.86421149474655], [3.009036856848347, 41.86421148532918], [3.0090368695312, 41.8643015541423], [3.0090368822141107, 41.864391622954], [3.00915737397549, 41.86439161341017], [3.009157386827565, 41.864481682220415], [3.0091573996796988, 41.864571751029246], [3.009036907580106, 41.864571760573135]], [[3.0092778787579926, 41.86448167255014], [3.0093983706883605, 41.86448166275348], [3.009398383878708, 41.86457173156224], [3.009277891779233, 41.86457174135895], [3.0092778787579926, 41.86448167255014]], [[3.009639341020415, 41.86439157397077], [3.0095188492592744, 41.86439158402023], [3.009398357498073, 41.86439159394329], [3.0093983443078454, 41.86430152513168], [3.0093983311176786, 41.86421145631865], [3.00951882254067, 41.86421144639565], [3.0096393139636004, 41.86421143634626], [3.009639327491977, 41.86430150515922], [3.009639341020415, 41.86439157397077]], [[3.0114462997629765, 41.86204961851254], [3.0113258123993343, 41.86204963045714], [3.0112053250356188, 41.862049642275366], [3.0112053093106748, 41.86195957342741], [3.0113257965053046, 41.861959561609225], [3.0114462836998617, 41.86195954966466], [3.0114462997629765, 41.86204961851254]], [[3.0130125624389814, 41.861689176332426], [3.012892075752688, 41.861689189920035], [3.012892057660878, 41.86159912106698], [3.013012544178089, 41.86159910747941], [3.0130125624389814, 41.861689176332426]], [[3.0132558799713673, 41.87303781290667], [3.0133763879679516, 41.87303779893434], [3.013496895964451, 41.87303778483555], [3.0134969149126456, 41.87312785350839], [3.0134969338609263, 41.8732179221798], [3.013376425526066, 41.87321793627867], [3.0132559171911204, 41.87321795025109], [3.013255898581201, 41.873127881579606], [3.0132558799713673, 41.87303781290667]], [[3.0227945173163913, 41.92509577334784], [3.022673911413808, 41.92509579722633], [3.0226738795240733, 41.92500572937602], [3.0227944852570303, 41.92500570549762], [3.0227945173163913, 41.92509577334784]], [[3.0226739433036887, 41.92518586507521], [3.0226739751937144, 41.92527593292265], [3.022553368951731, 41.925275956674604], [3.022432762709603, 41.92527598029989], [3.0224327311588324, 41.92518591245227], [3.0224326996082063, 41.92509584460324], [3.0225533055110794, 41.925095820978115], [3.022673911413808, 41.92509579722633], [3.0226739433036887, 41.92518586507521]], [[3.022431279979022, 41.92104278992961], [3.0223106817084178, 41.921042813424734], [3.02219008343767, 41.921042836793205], [3.0221901146426333, 41.92113290470617], [3.0220695162021514, 41.92113292794805], [3.0219489177615277, 41.921132951063285], [3.021828319320763, 41.92113297405185], [3.0217077208798577, 41.92113299691376], [3.0217076903532627, 41.9210429290005], [3.0215870920818104, 41.92104295173568], [3.021587061724946, 41.920952883820924], [3.021466463622947, 41.92095290642938], [3.0214664334358114, 41.92086283851313], [3.0213458355032654, 41.920862860994845], [3.021225237570582, 41.92086288334991], [3.0212252077227637, 41.9207728154321], [3.021225177875082, 41.92068274751289], [3.0212251480275363, 41.92059267959224], [3.021345745451452, 41.9205926572374], [3.0214663428752315, 41.92059263475589], [3.0214663126886467, 41.92050256683398], [3.0214662825022, 41.92041249891065], [3.021466252315891, 41.920322430985884], [3.0214662221297197, 41.920232363059725], [3.0214661919436865, 41.92014229513214], [3.0214661617577905, 41.920052227203136], [3.0215867581639184, 41.9200522045954], [3.021586727808577, 41.91996213666506], [3.021707324044984, 41.919962113930744], [3.0217072935201994, 41.919872045999035], [3.021827889586884, 41.91987202313813], [3.021827858892658, 41.919781955205096], [3.021948454789622, 41.9197819322176], [3.022069050686445, 41.91978190910348], [3.022189646583126, 41.91978188586269], [3.0221896777860966, 41.91987195379551], [3.022189708989209, 41.91996202172691], [3.0223103052249116, 41.919961998359334], [3.0224309014604707, 41.91996197486509], [3.022551497695886, 41.91996195124419], [3.0225514659840265, 41.919871883313], [3.022430869918194, 41.91987190693382], [3.022310273852217, 41.91987193042798], [3.022310242479665, 41.91978186249524], [3.022310211107256, 41.919691794561075], [3.0224308068340715, 41.91969177106705], [3.0224307752922264, 41.91960170313155], [3.022430743750525, 41.91951163519462], [3.022551339138037, 41.91951161157409], [3.0226719345254054, 41.91951158782692], [3.0226719026446913, 41.91942151988871], [3.0226718707641234, 41.9193314519491], [3.02279246581219, 41.91933142807542], [3.0227924337621905, 41.91924136013446], [3.0229130286405343, 41.919241336134206], [3.022912996421105, 41.9191512681919], [3.023033591129726, 41.91915124406507], [3.023154185838199, 41.919151219811596], [3.023274780546523, 41.919151195431475], [3.023274747818516, 41.91906112748798], [3.0232747150906576, 41.91897105954307], [3.023274682362949, 41.918880991596744], [3.0232746496353893, 41.918790923649], [3.0231540556053607, 41.91879094802882], [3.0230334615751833, 41.91879097228198], [3.0230334291869174, 41.91870090433269], [3.023154023047523, 41.918700880079584], [3.023274616907979, 41.91870085569983], [3.0233952107682867, 41.91870083119345], [3.0233951778714543, 41.91861076324294], [3.0235157715620407, 41.91861073860997], [3.023636365252475, 41.91861071385036], [3.0236363320166526, 41.918520645898596], [3.023636298780981, 41.918430577945415], [3.023636265545462, 41.918340509990806], [3.023636232310094, 41.91825044203479], [3.0237568253221, 41.91825041714885], [3.023877418333954, 41.91825039213625], [3.0238773847596025, 41.91816032417898], [3.0237567919173167, 41.91816034919149], [3.023756758512685, 41.91807028123272], [3.023877351185405, 41.918070256220275], [3.0238773176113605, 41.91798018826016], [3.0238772840374692, 41.91789012029863], [3.023877250463731, 41.91780005233568], [3.023997842627602, 41.91780002719684], [3.0241184347913195, 41.917800001931354], [3.0241184008786077, 41.91770993396714], [3.024238992872607, 41.917709908575084], [3.0242389587904865, 41.91761984060955], [3.024238924708522, 41.91752977264257], [3.024359516363241, 41.917529747124036], [3.024359482111871, 41.917439679155734], [3.0243594478606575, 41.917349611186005], [3.0243594136095995, 41.91725954321488], [3.024480004755481, 41.91725951756994], [3.024479970335021, 41.91716944959746], [3.024479935914718, 41.91707938162356], [3.0246005267213256, 41.91707935585214], [3.0247211175277746, 41.917079329954085], [3.024721152287194, 41.917169397927815], [3.0247211870467723, 41.91725946590014], [3.02484177819218, 41.91725943987528], [3.024841813121476, 41.9173495078461], [3.0249624044362844, 41.91734948169451], [3.0249624395352996, 41.917439549663825], [3.024962474634476, 41.91752961763172], [3.024962509733812, 41.9176196855982], [3.0249625448333086, 41.91770975356326], [3.024962579932965, 41.917799821526906], [3.0249626150327815, 41.91788988948914], [3.0249626501327587, 41.91797995744994], [3.0249626852328957, 41.91807002540934], [3.0249627203331926, 41.918160093367305], [3.0249627554336502, 41.918250161323854], [3.0249627905342678, 41.91834022927899], [3.024962825635045, 41.91843029723271], [3.0249628607359833, 41.91852036518502], [3.0249628958370813, 41.91861043313591], [3.0249629309383392, 41.918700501085375], [3.024962966039758, 41.91879056903342], [3.02484237201189, 41.918790595186316], [3.0248424069438964, 41.91888066313303], [3.024721812746296, 41.91888068915936], [3.024721847508888, 41.918970757104745], [3.024721882271638, 41.9190608250487], [3.024721917034547, 41.91915089299124], [3.0246013223280657, 41.91915091889117], [3.0244807276214267, 41.919150944664445], [3.0244807620453424, 41.91924101260573], [3.0243601671689704, 41.91924103825244], [3.0243602014234665, 41.91933110619238], [3.0242396063773613, 41.919331131712525], [3.024239640462436, 41.919421199651126], [3.024239674547667, 41.919511267588334], [3.0241190791622508, 41.91951129298198], [3.024119113078058, 41.919601360917824], [3.0239985175229074, 41.91960138618491], [3.0239985512692895, 41.91969145411942], [3.023877955544406, 41.91969147925992], [3.0238779891213614, 41.919781547193104], [3.0238780226984705, 41.919871615124855], [3.0238780562757324, 41.919961683055206], [3.0237574600419515, 41.91996170806929], [3.023636863808018, 41.91996173295673], [3.0236368970462677, 41.9200518008858], [3.0235163006426, 41.92005182564665], [3.0235163337114175, 41.9201418935744], [3.023395737138015, 41.92014191820868], [3.0232751405644627, 41.920141942716306], [3.0232751732942624, 41.92023201064277], [3.023275206024211, 41.920322078567835], [3.02315460911134, 41.92032210294896], [3.0230340121983197, 41.92032212720343], [3.0230340445892465, 41.92041219512723], [3.023034076980321, 41.920502263049606], [3.023034109371543, 41.920592330970564], [3.0229135119496147, 41.9205923550986], [3.0229135441713963, 41.92068242301822], [3.0227929465797327, 41.920682447019686], [3.022792978632072, 41.92077251493795], [3.022793010684558, 41.92086258285481], [3.02267241275357, 41.92086260672976], [3.022551814822436, 41.92086263047806], [3.022551846535887, 41.92095269839365], [3.0225518782494825, 41.92104276630782], [3.022431279979022, 41.92104278992961]], [[3.02290433473123, 41.89492294022739], [3.0227837856102897, 41.89492296420729], [3.0226632364892043, 41.89492298806065], [3.0226632046481767, 41.89483291973541], [3.0227837535998954, 41.894832895882125], [3.022904302551468, 41.894832871902295], [3.02290433473123, 41.89492294022739]], [[3.023023881097657, 41.89213079738639], [3.023023913442359, 41.89222086575394], [3.0230239457872075, 41.89231093412005], [3.02314448999652, 41.89231090988927], [3.0231445225108624, 41.892400978253896], [3.0231445550253526, 41.89249104661712], [3.0230240104773483, 41.892491070848045], [3.0229034659291965, 41.89249109495245], [3.0229034337533984, 41.892401026589084], [3.022903401577748, 41.89231095822431], [3.022782857368141, 41.89231098220203], [3.022782825361981, 41.89222091383576], [3.0227827933559674, 41.89213084546805], [3.022903337226886, 41.89213082149049], [3.023023881097657, 41.89213079738639]], [[3.020502860962177, 41.924645866105216], [3.0203822559050844, 41.92464588757651], [3.0203822272389016, 41.92455581971777], [3.020502832126372, 41.92455579824654], [3.02062343701371, 41.924555776648646], [3.020623408008415, 41.924465708788624], [3.020502803290698, 41.92446573038645], [3.020502774455156, 41.92437566252496], [3.0203821699069286, 41.92437568399604], [3.02026156535857, 41.92437570534045], [3.0202615368623995, 41.924285637477404], [3.0202615083663593, 41.92419556961293], [3.0201409041571097, 41.92419559083054], [3.0200202999477312, 41.92419561192148], [3.020020271791058, 41.92410554405546], [3.0198996677511696, 41.92410556501965], [3.019779063711153, 41.924105585857184], [3.0197790358938437, 41.92401551798961], [3.019899639764242, 41.92401549715214], [3.0198996117774426, 41.923925429283216], [3.0198995837907714, 41.923835361412884], [3.019899555804227, 41.92374529354112], [3.0200201591656493, 41.92374527257718], [3.0201407625269434, 41.923745251486565], [3.020140734201298, 41.92365518361353], [3.020261337392848, 41.923655162396315], [3.0203819405842682, 41.92365514105245], [3.0203819119195243, 41.9235650731781], [3.0205025149411995, 41.92356505170763], [3.0206231179627436, 41.923565030110474], [3.0206230889589043, 41.92347496223487], [3.020743691810703, 41.92347494051111], [3.0208642946623683, 41.92347491866069], [3.020984897513899, 41.9234748966836], [3.021105500365296, 41.92347487457984], [3.0211055300475875, 41.92356494245517], [3.0212261330684616, 41.92356492022468], [3.021226162920503, 41.92365498809853], [3.021226192772679, 41.923745055970954], [3.0212262226249926, 41.92383512384197], [3.021226252477442, 41.92392519171157], [3.02134685617664, 41.92392516935412], [3.021346886198842, 41.92401523722222], [3.0212262823300273, 41.92401525957973], [3.0212263121827494, 41.92410532744652], [3.021346916221182, 41.92410530508893], [3.021346946243659, 41.924195372954195], [3.021346976266272, 41.92428544081804], [3.0214675806438054, 41.92428541833363], [3.021467610836176, 41.92437548619601], [3.0214676410286843, 41.92446555405695], [3.0215882457453205, 41.92446553144573], [3.0215882761075883, 41.9245555993052], [3.0217088809937076, 41.92455557656724], [3.021708911525736, 41.924645644425205], [3.021708942057904, 41.92473571228176], [3.0217089725902113, 41.92482578013689], [3.0218295779850606, 41.924825757272046], [3.02195018337977, 41.92482573428051], [3.021950214251466, 41.924915802134095], [3.0219502451233025, 41.925005869986244], [3.0219502759952803, 41.925095937836986], [3.021950306867399, 41.9251860056863], [3.021950337739658, 41.92527607353421], [3.021950368612058, 41.92536614138069], [3.0219503994845995, 41.92545620922574], [3.0218297929025013, 41.925456232217776], [3.0218298236055534, 41.925546300061505], [3.021709216853685, 41.92554632292694], [3.021588610101677, 41.92554634566568], [3.021468003349531, 41.92554636827775], [3.021467973155369, 41.92545630043381], [3.0213473665727157, 41.92545632291914], [3.0213473365483208, 41.92536625507371], [3.021226730135159, 41.92536627743229], [3.0211061237218613, 41.925366299664184], [3.0211060940368606, 41.92527623181721], [3.0211060643519954, 41.9251861639688], [3.0209854582778184, 41.92518618607389], [3.020864852203507, 41.92518620805229], [3.020864822858031, 41.92509614020233], [3.0208647935126893, 41.92500607235096], [3.0208647641674813, 41.924916004498165], [3.020744158601915, 41.92491602634968], [3.0207441294264656, 41.924825958495404], [3.02062352403039, 41.92482598022018], [3.0206234950246973, 41.92473591236442], [3.0205028897981134, 41.92473593396245], [3.020502860962177, 41.924645866105216]], [[3.0200201310096184, 41.92365520470407], [3.020020102853716, 41.92356513682954], [3.0198994998315225, 41.92356515779334], [3.0198994718453616, 41.92347508991733], [3.0200200746979426, 41.92347506895361], [3.0201406775503945, 41.923475047863185], [3.020140705875782, 41.923565115739066], [3.020140734201298, 41.92365518361353], [3.0200201310096184, 41.92365520470407]], [[3.0205015058215694, 41.92041267521522], [3.020622102907117, 41.92041265362045], [3.0207426999925318, 41.92041263189902], [3.020742729161458, 41.92050269982276], [3.0207427583305178, 41.920592767745084], [3.020863355754974, 41.92059274589686], [3.0208633850937545, 41.92068281381771], [3.0208634144326694, 41.92077288173714], [3.0209840121961693, 41.920772859762124], [3.0209840417048075, 41.920862927680055], [3.0209840712135807, 41.920952995596586], [3.020984100722488, 41.92104306351169], [3.020984130231531, 41.92113313142538], [3.020863531789667, 41.92113315340067], [3.0207429333476696, 41.92113317524931], [3.0207429041778115, 41.92104310733548], [3.0207428750080862, 41.92095303942025], [3.0207428458384946, 41.92086297150358], [3.0207428166690358, 41.9207729035855], [3.020622218905269, 41.920772925307205], [3.0206221899055326, 41.920682857387646], [3.020501592311223, 41.92068287898262], [3.0205015634812065, 41.92059281106157], [3.020501534651322, 41.92050274313911], [3.0205015058215694, 41.92041267521522]], [[3.0211047286732597, 41.92113310932342], [3.0212253271148533, 41.9211330870948], [3.021345925556311, 41.92113306473952], [3.021345895538492, 41.92104299682606], [3.02146649381022, 41.921042974344196], [3.0214665239976313, 41.921133042257594], [3.0214665541851797, 41.92122311016959], [3.0215871527959557, 41.921223087560925], [3.0215871831532355, 41.92131315547143], [3.0214665843728663, 41.92131317808017], [3.0214666145606905, 41.9214032459893], [3.021466644748653, 41.92149331389705], [3.0215872438682116, 41.921493291288186], [3.0217078429876323, 41.921493268552645], [3.021707873514924, 41.921583336458816], [3.0215872742259076, 41.92158335919442], [3.0215873045837416, 41.92167342709925], [3.021707904042355, 41.921673404363574], [3.0217079345699256, 41.92176347226692], [3.0215873349417146, 41.92176349500267], [3.021587365299826, 41.92185356290466], [3.0214667655018785, 41.92185358551382], [3.0213461657037928, 41.92185360799632], [3.0213461957228445, 41.921943675897026], [3.0212255957550225, 41.92194369825294], [3.0212256256046115, 41.9220337661523], [3.021105025467054, 41.92203378838161], [3.0209844253293605, 41.92203381048426], [3.0209843958189717, 41.92194374258476], [3.0209843663087175, 41.92185367468383], [3.0211049661072114, 41.921853652581326], [3.0212255659055702, 41.921853630352146], [3.021225536056254, 41.921763562449954], [3.021225506207074, 41.92167349454632], [3.021104906747911, 41.92167351677536], [3.021104877068464, 41.92158344887024], [3.0209842777787626, 41.92158347097254], [3.020984248269047, 41.92149340306595], [3.0209842187594655, 41.92140333515793], [3.0209841892500195, 41.92131326724849], [3.0209841597407077, 41.921223199337646], [3.020984130231531, 41.92113313142538], [3.0211047286732597, 41.92113310932342]], [[3.0212252972666267, 41.92104301918126], [3.021225267418536, 41.920952951266294], [3.02134586552081, 41.92095292891116], [3.021345895538492, 41.92104299682606], [3.0212252972666267, 41.92104301918126]], [[3.0203740340766343, 41.898796353933406], [3.0202534776692724, 41.89879637525878], [3.020132921261781, 41.89879639645761], [3.02001236485416, 41.89879641752987], [3.0200123367336933, 41.898706349264046], [3.020012308613355, 41.898616280996805], [3.020012280493145, 41.89852621272814], [3.020132836392567, 41.898526191656075], [3.0202533922918597, 41.89852617045745], [3.020253363832982, 41.89843610218752], [3.020373919562747, 41.89843608086239], [3.020373890934602, 41.89834601259111], [3.020253335374234, 41.89834603391615], [3.020253306915616, 41.89825596564337], [3.020253278457128, 41.898165897369175], [3.020253249998769, 41.89807582909356], [3.0203738050509497, 41.898075807768706], [3.020373776423327, 41.897985739491745], [3.0204943313059824, 41.8979857180404], [3.0204943601029997, 41.8980757863173], [3.020494388900148, 41.898165854592804], [3.0204944176974275, 41.89825592286686], [3.020614973088137, 41.89825590128876], [3.0207355284787143, 41.898255879584106], [3.0207355576149184, 41.898345947856605], [3.0207355867512558, 41.898436016127704], [3.0207356158877254, 41.89852608439738], [3.0207356450243283, 41.89861615266564], [3.020856201092363, 41.89861613083415], [3.0208562303984987, 41.898706199100914], [3.0208562597047677, 41.89879626736628], [3.0207357032979334, 41.898796289197904], [3.0206151468909654, 41.898796310902966], [3.0204945904838656, 41.89879633248147], [3.020494619282065, 41.89888640074561], [3.0203740627054327, 41.89888642219761], [3.0203740340766343, 41.898796353933406]], [[3.0206130905290838, 41.892401460530266], [3.0206131194873027, 41.89249152889499], [3.0207336640381115, 41.8924915071947], [3.0207336931658095, 41.89258157555794], [3.0207337222936403, 41.892671643919755], [3.020613177404137, 41.892671665620185], [3.020613148445654, 41.8925815972583], [3.020492603725366, 41.892581618832125], [3.0204925749363616, 41.89249155046874], [3.020492546147489, 41.89240148210394], [3.0206130905290838, 41.892401460530266]], [[3.0196378419526924, 41.85682451443122], [3.019758319503793, 41.85682449376891], [3.0197583472265923, 41.85691456269404], [3.01963786950645, 41.85691458335642], [3.0196378419526924, 41.85682451443122]], [[3.0192764904389082, 41.857094782431794], [3.019276517485912, 41.85718485135292], [3.0191560392581422, 41.85718487150998], [3.0191560123801824, 41.85709480258879], [3.0192764904389082, 41.857094782431794]], [[3.0191560661362247, 41.85727494042977], [3.019035587739288, 41.85727496046051], [3.0189151093422297, 41.857274980364885], [3.0189150828022364, 41.85718491144498], [3.0190355610302504, 41.85718489154067], [3.0191560392581422, 41.85718487150998], [3.0191560661362247, 41.85727494042977]], [[3.019517446555989, 41.85709474173867], [3.0193969684975106, 41.85709476214842], [3.0193969412815878, 41.85700469322593], [3.019396914065789, 41.85691462430204], [3.0195173917861817, 41.85691460389242], [3.019517419171023, 41.85700467281626], [3.019637897060333, 41.85700465228019], [3.0196379246143423, 41.857094721202536], [3.019517446555989, 41.85709474173867]], [[3.0195329939641287, 41.9081635924857], [3.019532966508238, 41.908073524367055], [3.0196535403687457, 41.90807350379437], [3.019774114229127, 41.90807348309509], [3.0197740864344023, 41.90798341497516], [3.0198946601251766, 41.90798339414935], [3.0200152338158235, 41.907983373196934], [3.020015261949508, 41.90807344131673], [3.0201358358095067, 41.908073420237656], [3.0201358641128007, 41.90816348835597], [3.0201358924162234, 41.90825355647287], [3.020135920719776, 41.908343624588355], [3.02025649508809, 41.90834360338248], [3.020256523561254, 41.908433671496475], [3.0202565520345486, 41.90852373960905], [3.0203771267416997, 41.90852371827644], [3.0203771553846086, 41.90861378638752], [3.0203771840276485, 41.90870385449722], [3.0203772126708186, 41.90879392260548], [3.020497787886295, 41.90879390114605], [3.020497816699083, 41.90888396925282], [3.0204978455120024, 41.908974037358185], [3.0204978743250535, 41.909064105462114], [3.0204979031382355, 41.90915417356464], [3.0204979319515495, 41.909244241665746], [3.020497960764995, 41.909334309765434], [3.0204979895785717, 41.90942437786371], [3.02037741317667, 41.9094243993236], [3.020377441820886, 41.909514467420514], [3.0202568652493618, 41.90951448875387], [3.020136288677707, 41.90951450996062], [3.020015712105924, 41.90951453104076], [3.020015683970185, 41.90942446294365], [3.0198951075677654, 41.90942448389711], [3.0198950796016466, 41.90933441579851], [3.0197745033685908, 41.90933443662531], [3.019774475572091, 41.909244368525215], [3.019774447775717, 41.909154300423715], [3.0197744199794707, 41.9090642323208], [3.0197743921833506, 41.90897416421645], [3.0197743643873576, 41.9088840961107], [3.019774336591491, 41.90879402800353], [3.019774308795752, 41.908703959894936], [3.0196537337489886, 41.90870398059467], [3.019653706122862, 41.90861391248459], [3.0196536784968604, 41.90852384437311], [3.0196536508709855, 41.90843377626019], [3.0196536232452367, 41.908343708145864], [3.0196535956196136, 41.90825364003011], [3.019533021420144, 41.90825366060292], [3.0195329939641287, 41.9081635924857]], [[3.0194092009969626, 41.897535565137666], [3.01940917372524, 41.897445496851674], [3.0194091464536417, 41.89735542856426], [3.019529700151583, 41.89735540812583], [3.0196502538493992, 41.89735538756084], [3.019770807547089, 41.8973553668693], [3.0198913612446527, 41.8973553460512], [3.0198913891938064, 41.89744541433836], [3.0198914171430875, 41.897535482624086], [3.0200119711793016, 41.89753546167931], [3.0200119992981005, 41.89762552996358], [3.0200120274170277, 41.89771559824641], [3.0198914730420316, 41.89771561919132], [3.0198915009916956, 41.89780568747281], [3.020012055536083, 41.89780566652783], [3.020132610080342, 41.897805645456295], [3.020132581791895, 41.89771557717494], [3.0202531361666334, 41.897715555976916], [3.0202531646244726, 41.897805624258204], [3.0202531930824414, 41.89789569253807], [3.0202532215405404, 41.89798576081652], [3.020132666657624, 41.89798578201475], [3.0200121117745784, 41.89798580308641], [3.0200120836552666, 41.897895734807825], [3.0198915289414865, 41.89789575575288], [3.019770974227579, 41.89789577657137], [3.0196504195135443, 41.897895797263295], [3.019650391902539, 41.89780572898309], [3.019650364291659, 41.89771566070148], [3.019529809916283, 41.89771568126673], [3.01952978247492, 41.89762561298363], [3.0195297550336826, 41.8975355446991], [3.0194092009969626, 41.897535565137666]], [[3.01952813622224, 41.89222151340343], [3.019528108788513, 41.892131445033854], [3.0196486526631023, 41.89213142447261], [3.019769196537566, 41.89213140378484], [3.019769224309981, 41.89222147215429], [3.0197692520825226, 41.89231154052231], [3.0197692798551907, 41.892401608888925], [3.019769307627986, 41.892491677254114], [3.019648763076142, 41.89249169794215], [3.019528218524172, 41.89249171850365], [3.0194076739720765, 41.89249173893861], [3.0194076467073208, 41.89240167057322], [3.0195281910900693, 41.89240165013832], [3.019528163656092, 41.89231158177159], [3.01952813622224, 41.89222151340343]], [[3.0194077012369576, 41.892581807302584], [3.0192871565153907, 41.89258182761108], [3.0192871294198573, 41.89249175924705], [3.0194076739720765, 41.89249173893861], [3.0194077012369576, 41.892581807302584]], [[3.0190447561302975, 41.88816851633756], [3.019044729379439, 41.888078447903936], [3.019044702628702, 41.8879883794689], [3.0191652387148005, 41.88798835941668], [3.0191652656348458, 41.888078427851646], [3.0191652925550136, 41.88816849628521], [3.0190447561302975, 41.88816851633756]], [[3.0202609669662994, 41.92248427991856], [3.020140365979669, 41.922484301134915], [3.0201403376558327, 41.922394233242024], [3.02026093847286, 41.92239421202574], [3.0202609669662994, 41.92248427991856]], [[3.020984484350543, 41.92221394627903], [3.0209844548398843, 41.92212387838236], [3.0211050551471783, 41.92212385627963], [3.0211050848274383, 41.92221392417624], [3.0212256853041977, 41.92221390194679], [3.0212257151541952, 41.9223039698419], [3.021225745004329, 41.922394037735614], [3.021225774854599, 41.92248410562789], [3.0212258047050047, 41.92257417351875], [3.021225834555547, 41.92266424140819], [3.0211052332307684, 41.922664263638005], [3.0209846319058546, 41.922664285741135], [3.0208640305808054, 41.92266430771761], [3.0208640012390795, 41.92257423982795], [3.020743400083502, 41.922574261677674], [3.020743370911514, 41.92248419378654], [3.020743341739659, 41.92239412589399], [3.020863942556028, 41.92239410404439], [3.0208639132147037, 41.92230403615048], [3.020984513861336, 41.92230401417429], [3.020984484350543, 41.92221394627903]], [[3.0211070143348717, 41.92806833441434], [3.021106984645807, 41.92797826660989], [3.0211069549568776, 41.927888198804034], [3.021106925268084, 41.92779813099675], [3.021227536261645, 41.92779810876297], [3.0213481472550696, 41.927798086402504], [3.021468758248357, 41.92779806391535], [3.021589369241507, 41.92779804130149], [3.021589399608901, 41.927888109108494], [3.021710010771563, 41.927888086367886], [3.0217100413087468, 41.927978154173395], [3.0217100718460705, 41.928068221977504], [3.0215894603441065, 41.92806824471825], [3.0215894299764345, 41.92797817691407], [3.0214688186439838, 41.92797819952806], [3.021348207311395, 41.92797822201536], [3.0212275959786687, 41.92797824437597], [3.0212276258373856, 41.92806831218035], [3.0211070143348717, 41.92806833441434]], [[3.021106450265808, 41.92635704588741], [3.021106420579317, 41.92626697805601], [3.021227028688943, 41.92626695582342], [3.021226998832952, 41.9261768879907], [3.021347606772805, 41.92617686563148], [3.021468214712521, 41.9261768431456], [3.0215888226520997, 41.92617682053304], [3.0215888530169996, 41.926266888365554], [3.021709461126076, 41.926266865626225], [3.021709491660752, 41.926356933457264], [3.021709522195567, 41.92644700128688], [3.0217095527305218, 41.92653706911508], [3.021588944112532, 41.926537091854605], [3.0214683354944043, 41.926537114467465], [3.021347726876138, 41.92653713695363], [3.0212271182577353, 41.92653715931311], [3.021227088401335, 41.92644709148465], [3.0211064799524343, 41.926447113717366], [3.021106450265808, 41.92635704588741]], [[3.021469060232003, 41.92869874192225], [3.021348447542178, 41.92869876441012], [3.0212278348522164, 41.928698786771285], [3.021107222162119, 41.928698809005766], [3.021107192472106, 41.92860874121125], [3.021227804992546, 41.92860871897685], [3.021227775133012, 41.928518651180966], [3.0213483874836604, 41.92851862881993], [3.021468999834171, 41.92851860633221], [3.021469030033018, 41.92860867412794], [3.021469060232003, 41.92869874192225]], [[3.021458137198632, 41.89609410774293], [3.0214581673479137, 41.896184176049054], [3.0214581974973327, 41.896274244353755], [3.0213376458340924, 41.896274266816214], [3.021217094170715, 41.89627428915211], [3.021217064360053, 41.89618422084726], [3.0212170345495273, 41.896094152540996], [3.021337585874148, 41.896094130205235], [3.021458137198632, 41.89609410774293]], [[3.021216348944969, 41.894022581105794], [3.021216319137707, 41.89393251276552], [3.0212162893305807, 41.89384244442381], [3.021216259523591, 41.893752376080705], [3.021216229716737, 41.89366230773617], [3.021216199910019, 41.89357223939021], [3.021216170103437, 41.89348217104284], [3.021216140296991, 41.89339210269406], [3.021216110490681, 41.89330203434385], [3.021216080684507, 41.89321196599222], [3.021216050878469, 41.89312189763919], [3.0212160210725667, 41.89303182928472], [3.0210954755062005, 41.89303185149157], [3.021095505142751, 41.893121919846095], [3.0209749594068978, 41.89312194192647], [3.020974929939699, 41.89303187357187], [3.0208543843730626, 41.893031895525645], [3.0208543550753495, 41.89294182716955], [3.0209749004726345, 41.89294180521586], [3.0209748710057047, 41.89285173685842], [3.0209748415389095, 41.89276166849958], [3.0210953865973607, 41.89276164641948], [3.0210953569613506, 41.89267157805927], [3.021215901850318, 41.892671555852715], [3.021215872045096, 41.89258148749118], [3.0210953273254764, 41.89258150969766], [3.0209747826057214, 41.89258153177762], [3.0209747531393294, 41.892491463414515], [3.021095297689737, 41.892491441334634], [3.0212158422400095, 41.892491419128206], [3.0213363867901464, 41.89249139679526], [3.0214569313401465, 41.89249137433577], [3.0215774758900085, 41.89249135174976], [3.0216980204397323, 41.892491329037206], [3.0218185649893177, 41.89249130619813], [3.0218185956411387, 41.89258137456074], [3.021939140359931, 41.89258135159505], [3.02193917118124, 41.89267141995617], [3.0220597160692395, 41.89267139686389], [3.0221802609570974, 41.89267137364506], [3.022300805844813, 41.8926713502997], [3.0224213507323863, 41.892671326827816], [3.0224213822312302, 41.89276139518723], [3.0224214137302177, 41.89285146354522], [3.022421445229349, 41.89294153190179], [3.022421476728624, 41.893031600256954], [3.0224215082280432, 41.89312166861069], [3.0224215397276053, 41.893211736963], [3.0224215712273117, 41.8933018053139], [3.0224216027271615, 41.89339187366339], [3.0224216342271553, 41.89348194201146], [3.0224216657272924, 41.893572010358106], [3.0223011191461993, 41.893572033830736], [3.0221805725649626, 41.893572057176826], [3.022180603726531, 41.89366212552221], [3.022180634888242, 41.89375219386616], [3.0223011818081913, 41.89375217051993], [3.0223012131394023, 41.893842238862405], [3.0223012444707558, 41.893932307203464], [3.022421791729279, 41.893932283730535], [3.0224218232301348, 41.8940223520701], [3.0224218547311343, 41.89411242040824], [3.022421886232278, 41.894202488744966], [3.022301338465674, 41.894202512218115], [3.0223013697975993, 41.89429258055348], [3.022180821861491, 41.894292603900176], [3.0221808530241967, 41.89438267223421], [3.0220603049185835, 41.89438269545441], [3.0219397568128294, 41.89438271854809], [3.0219397259888483, 41.8942926502139], [3.021819178052316, 41.89429267318095], [3.021698630115643, 41.89429269602147], [3.0215780821788316, 41.89429271873545], [3.0215780518630764, 41.894202650399635], [3.0214575040954887, 41.894202672987], [3.0214574739492326, 41.89411260464969], [3.0213369263508683, 41.894112627110445], [3.0212163787523667, 41.894112649444665], [3.021216348944969, 41.894022581105794]], [[3.021456479199944, 41.891140348723304], [3.0215770212096933, 41.89114032613835], [3.0216975632193046, 41.89114030342688], [3.021697593699693, 41.891230371810835], [3.0215770515207465, 41.89123039452238], [3.0214565093416614, 41.8912304171074], [3.021335967162439, 41.891230439565895], [3.0213359371900568, 41.89114037118174], [3.0213359072178116, 41.89105030279616], [3.0214564490583635, 41.89105028033781], [3.021456479199944, 41.891140348723304]], [[3.021214977951656, 41.88987943598559], [3.0212149481506487, 41.88978936758009], [3.0212149183497776, 41.88969929917318], [3.021214888549042, 41.88960923076485], [3.021335427680481, 41.889609208434145], [3.021455966811784, 41.889609185976916], [3.021455996951164, 41.88969925438511], [3.021456027090681, 41.88978932279189], [3.0214560572303366, 41.889879391197226], [3.0214560873701286, 41.88996945960117], [3.0214561175100587, 41.89005952800368], [3.0214561476501265, 41.89014959640478], [3.021456177790331, 41.89023966480447], [3.0214562079306737, 41.89032973320273], [3.0214562380711536, 41.89041980159957], [3.0213356974159224, 41.89041982405743], [3.021335727387211, 41.89050989245294], [3.0212151865625136, 41.890509914784346], [3.0212151567605545, 41.890419846388774], [3.0212151269587317, 41.89032977799179], [3.0212150971570444, 41.890239709593395], [3.0212150673554934, 41.89014964119355], [3.0212150375540783, 41.89005957279232], [3.0212150077527995, 41.88996950438966], [3.021214977951656, 41.88987943598559]], [[3.0222885669581974, 41.85745451310374], [3.0221680882266075, 41.857454536420434], [3.022047609494876, 41.857454559610744], [3.022047578559443, 41.85736449069544], [3.022047547624152, 41.857274421778705], [3.0221680260177926, 41.85727439858854], [3.022288504411291, 41.85727437527199], [3.022288535684673, 41.857364444188576], [3.0222885669581974, 41.85745451310374]], [[3.0216993008234003, 41.89627419904921], [3.021578749160436, 41.89627422176476], [3.021578718841638, 41.896184153460126], [3.021578688522978, 41.89609408515408], [3.021699239847186, 41.89609406243868], [3.021699270335224, 41.89618413074466], [3.0216993008234003, 41.89627419904921]], [[3.022071875304845, 41.927978085191235], [3.0221924866365955, 41.9279780619438], [3.0223130979682034, 41.92797803856968], [3.0223131293537855, 41.92806810637341], [3.0221925178525257, 41.92806812974761], [3.0220719063511234, 41.92806815299511], [3.022071875304845, 41.927978085191235]], [[3.0223120309436196, 41.924915732399235], [3.0223119995630494, 41.92482566454588], [3.022432604957191, 41.92482564104766], [3.0224326365073853, 41.92491570890093], [3.0223120309436196, 41.924915732399235]], [[3.022191394168765, 41.924825687917426], [3.0221913629579626, 41.9247356200626], [3.0223119681826227, 41.924735596691114], [3.0223119995630494, 41.92482566454588], [3.022191394168765, 41.924825687917426]], [[3.0249664418731683, 41.92770728887213], [3.0250870526923355, 41.92770726258441], [3.025087087979425, 41.927797330390604], [3.024966476990608, 41.927797356678404], [3.0249664418731683, 41.92770728887213]], [[3.024845831053841, 41.92770731503316], [3.02484579610621, 41.9276172472254], [3.0248457611587387, 41.92752717941622], [3.0249663716387696, 41.92752715325535], [3.024966406755889, 41.927617221064445], [3.0249664418731683, 41.92770728887213], [3.024845831053841, 41.92770731503316]], [[3.024831655418127, 41.8911396685177], [3.0248316903012373, 41.89122973689966], [3.024831725184506, 41.89131980528019], [3.024831760067934, 41.89140987365931], [3.024711217554181, 41.891409899660715], [3.0245906750402693, 41.8914099255356], [3.0245907095851807, 41.89149999391346], [3.0244701669017737, 41.89150001966189], [3.0244702012775053, 41.89159008803841], [3.0243496584246023, 41.8915901136604], [3.0243496242182104, 41.89150004528379], [3.024349590011974, 41.89140997690578], [3.0242290474975917, 41.891410002401074], [3.024108504983054, 41.89141002776985], [3.0241084711156483, 41.89131995939024], [3.0241084372483966, 41.89122989100923], [3.0241084033812995, 41.8911398226268], [3.024228945387828, 41.891139797258255], [3.0242289794242607, 41.89122986564062], [3.024229013460849, 41.89131993402155], [3.0243495558058937, 41.891319908526334], [3.024470098150783, 41.89131988290459], [3.0244700637755226, 41.89122981452381], [3.024470029400419, 41.89113974614162], [3.0244699950254725, 41.891049677758005], [3.0243494531885897, 41.891049703379515], [3.0242289113515506, 41.891049728874485], [3.0241083695143565, 41.89104975424294], [3.023987827677008, 41.89104977948487], [3.0238672858395055, 41.891049804600264], [3.023867252311385, 41.89095973621483], [3.0238672187834177, 41.89086966782799], [3.0239877602822527, 41.890869642712744], [3.0241083017809345, 41.89086961747098], [3.024108267914455, 41.890779549082886], [3.0241082340481307, 41.89068948069334], [3.0242287752079937, 41.89068945532521], [3.0242287411724926, 41.890599386934355], [3.0241082001819604, 41.89059941230241], [3.0241081663159446, 41.890509343910054], [3.024228707137147, 41.89050931854208], [3.024349247958194, 41.89050929304759], [3.02434928216287, 41.89059936143978], [3.024469823153091, 41.89059933581867], [3.0244698575272535, 41.89068940420938], [3.0245903986866485, 41.89068937846167], [3.0247109398458862, 41.890689352587444], [3.0248314810049655, 41.890689326586696], [3.0249520221638853, 41.89068930045941], [3.024952057215531, 41.89077936884838], [3.0249520922673367, 41.890869437235914], [3.0248315507697527, 41.89086946336335], [3.024831585652385, 41.89095953174955], [3.024831620535177, 41.89104960013435], [3.024831655418127, 41.8911396685177]], [[3.0239876254945877, 41.8905093691515], [3.023987591798056, 41.89041930075765], [3.0238670511458743, 41.890419325872486], [3.0238670176188243, 41.89032925747715], [3.0237464771358185, 41.890329282465395], [3.0237464437782493, 41.890239214068544], [3.023746410420833, 41.89014914567027], [3.023866950565184, 41.890149120682175], [3.0238669840919274, 41.890239189080376], [3.023987524405453, 41.890239163965695], [3.0239875581016777, 41.890329232362376], [3.0241080985843762, 41.890329207121084], [3.0241081324500834, 41.89041927551628], [3.0241081663159446, 41.890509343910054], [3.0239876254945877, 41.8905093691515]], [[3.024588602633938, 41.88600582026968], [3.02446807027872, 41.88600584601317], [3.024347537923345, 41.88600587163017], [3.0243475037266268, 41.88591580316567], [3.024347469530064, 41.885825734699765], [3.0242269375131134, 41.88582576019009], [3.024106405496008, 41.88582578555392], [3.0241063716381795, 41.885735717086426], [3.0241063377805055, 41.88564564861752], [3.0242268694590337, 41.88564562325385], [3.024347401137407, 41.88564559776368], [3.024347366941312, 41.8855555292935], [3.0243473327453736, 41.88546546082192], [3.0244678640850164, 41.88546543520541], [3.0244678984502418, 41.88555550367691], [3.024467932815624, 41.885645572147006], [3.024588464493684, 41.88564554640382], [3.024588499028511, 41.88573561487241], [3.024709030875702, 41.885735589002664], [3.0248295627227346, 41.885735563006385], [3.024829527849331, 41.88564549453797], [3.0249500595269163, 41.88564546841529], [3.0249500945696086, 41.88573553688363], [3.025070626416322, 41.88573551063437], [3.025070661628463, 41.8858255791012], [3.025191193644305, 41.88582555272536], [3.0253117256599857, 41.885825526223], [3.0253117612108675, 41.88591559468825], [3.025311796761911, 41.886005663152105], [3.0251912644076495, 41.88600568965463], [3.025191299789564, 41.886095758117136], [3.02507076726585, 41.886095784493236], [3.024950234741975, 41.88609581074283], [3.0248297022179407, 41.88609583686592], [3.024709169693747, 41.88609586286251], [3.024588637169395, 41.8860958887326], [3.024588602633938, 41.88600582026968]], [[3.0248198740389145, 41.86069647420308], [3.024940358853358, 41.86069644810313], [3.024940393851801, 41.86078651696413], [3.0250608788351596, 41.86078649073771], [3.0251813638183584, 41.86078646438488], [3.0251813991551115, 41.86087653324431], [3.0250609140028377, 41.86087655959721], [3.0250609491706757, 41.860966628455294], [3.025060984338674, 41.86105669731197], [3.024940498848087, 41.86105672353865], [3.02482001335734, 41.86105674963894], [3.0248199785274954, 41.8609666807821], [3.0248199436978096, 41.860876611923835], [3.0248199088682823, 41.86078654306418], [3.0248198740389145, 41.86069647420308]], [[3.0241087081907367, 41.891950438017666], [3.0239881646600066, 41.89195046326039], [3.023988130961015, 41.891860394889214], [3.023988097262177, 41.89177032651663], [3.0241086404542243, 41.891770301274065], [3.024229183646118, 41.89177027590498], [3.024229149608753, 41.89168020753113], [3.024349692631151, 41.89168018203559], [3.0244702356533923, 41.89168015641353], [3.024470270029437, 41.891770224787216], [3.024349726837855, 41.89177025040936], [3.0243497610447156, 41.89186031878171], [3.0243497952517324, 41.89195038715265], [3.024349829458905, 41.892040455522164], [3.0242292857591426, 41.89204048101802], [3.0242292517213123, 41.89195041264843], [3.0241087081907367, 41.891950438017666]], [[3.0256741150365727, 41.88780695185963], [3.025553579296826, 41.88780697874334], [3.025433043556915, 41.887807005500555], [3.0253125078168415, 41.887807032131256], [3.0253124722625544, 41.88771696369577], [3.0253124367084285, 41.88762689525887], [3.0251919013068043, 41.88762692176289], [3.025191865922146, 41.88753685332447], [3.025191830537649, 41.887446784884645], [3.0253123656006653, 41.88744675838079], [3.0253123300470266, 41.88735668993962], [3.02531229449355, 41.88726662149705], [3.0254328292177988, 41.887266594866844], [3.025553363941885, 41.88726656811014], [3.025673898665807, 41.88726654122693], [3.0256738626045885, 41.887176472783196], [3.0256738265435343, 41.887086404338035], [3.02579436092869, 41.88708637732848], [3.0257943246985004, 41.88699630888198], [3.0257942884684765, 41.88690624043407], [3.025794252238618, 41.88681617198474], [3.0257942160089244, 41.88672610353399], [3.0259147497167196, 41.88672607639827], [3.0259147861157105, 41.88681614484893], [3.0260353199926375, 41.88681611758662], [3.026035356561093, 41.886906186035766], [3.0260353931297153, 41.88699625448352], [3.026035429698504, 41.887086322929854], [3.0260354662674604, 41.887176391374744], [3.0260355028365833, 41.887266459818235], [3.0260355394058727, 41.887356528260305], [3.026035575975329, 41.88744659670096], [3.0259150409132975, 41.887446623963875], [3.0257945058511004, 41.88744665110028], [3.025794542082116, 41.88753671953968], [3.025794578313297, 41.88762678797767], [3.0257946145446435, 41.887716856414244], [3.025794650776155, 41.88780692484939], [3.0256741150365727, 41.88780695185963]], [[3.0262759817795284, 41.885825309650066], [3.0263965137937214, 41.88582528200917], [3.0263964767194005, 41.88573521354327], [3.0265170085641357, 41.88573518577598], [3.0265169713206954, 41.88564511730874], [3.0265169340774256, 41.88555504884007], [3.0265168968343255, 41.885464980369996], [3.026516859591395, 41.8853749118985], [3.0265168223486345, 41.88528484342559], [3.026516785106044, 41.885194774951266], [3.026396254277027, 41.88519480271804], [3.02639621720389, 41.88510473424219], [3.026516747863623, 41.88510470647551], [3.0266372785231863, 41.88510467858234], [3.026757809182579, 41.885104650562646], [3.0267578467635667, 41.88519471903822], [3.0267578843447267, 41.88528478751237], [3.0267579219260576, 41.885374855985106], [3.0267579595075595, 41.88546492445642], [3.0267579970892333, 41.88555499292632], [3.0267580346710785, 41.88564506139482], [3.026758072253095, 41.88573512986188], [3.0267581098352836, 41.885825198327524], [3.026758147417643, 41.885915266791756], [3.0267581850001744, 41.88600533525456], [3.0268787173522664, 41.8860053071075], [3.0268787551042604, 41.886095375568814], [3.0269992876254723, 41.88609534729514], [3.0269993255469303, 41.88618541575494], [3.0268787928564267, 41.88618544402869], [3.0267582601657503, 41.88618547217594], [3.026758297748796, 41.88627554063449], [3.0267583353320124, 41.88636560909164], [3.026637802302578, 41.886365637112554], [3.0265172692729734, 41.88636566500696], [3.0263967362431985, 41.88636569277488], [3.0262762032132544, 41.88636572041627], [3.0262761663072126, 41.88627565195878], [3.0262761294013387, 41.886185583499866], [3.0261555967098133, 41.88618561101459], [3.02603506401812, 41.88618563840282], [3.026035027450999, 41.88609556994231], [3.026034990884045, 41.8860055014804], [3.0261555232371546, 41.88600547409234], [3.026155486501077, 41.8859154056291], [3.0261554497651666, 41.88582533716444], [3.0262759817795284, 41.885825309650066]], [[3.025675160912102, 41.89041893586486], [3.0256751248451255, 41.890328867470735], [3.0257956653255915, 41.89032884045813], [3.0257957015618966, 41.89041890885216], [3.025675160912102, 41.89041893586486]], [[3.0263988498169416, 41.89149959250362], [3.0265193924977343, 41.891499564730736], [3.0265194297522195, 41.89158963310583], [3.0263988869020886, 41.891589660878786], [3.0262783440517884, 41.89158968852523], [3.0261578012013195, 41.89158971604514], [3.0260372583506827, 41.891589743438516], [3.0260372217735516, 41.89149967506308], [3.026157764454849, 41.89149964766979], [3.02627830713598, 41.891499620149965], [3.0263988498169416, 41.89149959250362]], [[3.0229138663972996, 41.92158310213642], [3.023034465684741, 41.921583078007544], [3.023155064972035, 41.921583053752], [3.02327566425918, 41.92158302936981], [3.0232756969913694, 41.921673097273604], [3.023275729723708, 41.92176316517599], [3.0231551300973685, 41.921763189558334], [3.0231551626602586, 41.92185325745936], [3.023155195223297, 41.92194332535898], [3.023034595257611, 41.92194334961482], [3.022913995291778, 41.92194337374399], [3.0227933953257975, 41.92194339774651], [3.0227933632715565, 41.92185332984667], [3.0229139630679374, 41.92185330584424], [3.0229139308442443, 41.92176323794305], [3.0229138986206983, 41.92167317004044], [3.0229138663972996, 41.92158310213642]], [[3.0245975871599313, 41.90942357289605], [3.0244770107629337, 41.90942359866059], [3.024476976356135, 41.909333530564766], [3.024356400128472, 41.90933355620262], [3.0243563658913213, 41.9092434881053], [3.0243563316543263, 41.90915342000655], [3.024235755765488, 41.90915344551764], [3.0242357216981386, 41.9090633774174], [3.024115145978634, 41.9090634028018], [3.024115112080929, 41.908973334700065], [3.024115078183378, 41.908883266596916], [3.023994502802695, 41.90888329185454], [3.023994469074786, 41.9087932237499], [3.023994435347031, 41.908703155643835], [3.0239944016194293, 41.90861308753634], [3.023994367891982, 41.90852301942745], [3.024114942594722, 41.90852299417014], [3.024235517297307, 41.908522968786215], [3.024356091999737, 41.90852294327569], [3.024476666702011, 41.90852291763858], [3.024476632296782, 41.90843284952858], [3.0245972068294145, 41.90843282376494], [3.0245971722548597, 41.9083427556536], [3.024717746617852, 41.90834272976343], [3.0248383209806855, 41.90834270374666], [3.0248383558942065, 41.90843277185783], [3.0249589304263638, 41.908432745714386], [3.0250795049583608, 41.908432719444335], [3.0250794697058736, 41.90834265133332], [3.025200044068227, 41.90834262493675], [3.0253206184304187, 41.90834259841357], [3.025441192792448, 41.90834257176378], [3.0254412285533845, 41.90843263987454], [3.025561803084733, 41.90843261309807], [3.025561839015317, 41.90852268120734], [3.025441264314484, 41.90852270798389], [3.0254413000757467, 41.90861277609181], [3.025320725205266, 41.90861280274184], [3.0253207607972064, 41.90870287084842], [3.0252001857570776, 41.90870289737194], [3.0252002211796944, 41.9087929654772], [3.025320796389309, 41.908792938953596], [3.025320831981574, 41.90888300705735], [3.0253208675740018, 41.908973075159686], [3.0253209031665924, 41.9090631432606], [3.0252003274485144, 41.909063169784446], [3.0252003628717774, 41.90915323788403], [3.0252003982952025, 41.909243305982194], [3.0250798222379838, 41.9092433323796], [3.02507985749208, 41.909333400476434], [3.0249592812652093, 41.90933342674732], [3.024838705038179, 41.90933345289158], [3.024838739953452, 41.90942352098717], [3.0247181635567713, 41.909423547004906], [3.0245975871599313, 41.90942357289605]], [[3.0248380416782514, 41.90762215880624], [3.0247174686712546, 41.907622184822365], [3.0245968956640987, 41.90762221071188], [3.0245968610909637, 41.90753214258777], [3.0245968265179863, 41.90744207446226], [3.0245967919451666, 41.90735200633534], [3.0245967573725046, 41.907261938206986], [3.02471732970176, 41.90726191231779], [3.0248379020308573, 41.90726188630201], [3.024837936942467, 41.907351954430176], [3.0249585094408786, 41.90735192828773], [3.0250790819391304, 41.907351902018654], [3.0250790466885733, 41.907261833890644], [3.025079011438177, 41.9071717657612], [3.0250789761879413, 41.907081697630346], [3.0251995481776133, 41.907081671234934], [3.0251995127580673, 41.906991603102746], [3.025078940937867, 41.90699162949808], [3.0250789056879532, 41.90690156136437], [3.0250788704382003, 41.90681149322928], [3.025078835188608, 41.90672142509274], [3.025199406500399, 41.90672139869766], [3.025319977812028, 41.90672137217599], [3.0254405491234944, 41.906721345527714], [3.025440513365658, 41.90663127739002], [3.025440477607985, 41.9065412092509], [3.0255610485803524, 41.90654118247621], [3.025561084507493, 41.906631250615234], [3.025561120434798, 41.906721318752844], [3.0256816917459375, 41.90672129185139], [3.0256817278428754, 41.906811359987486], [3.025802299323319, 41.90681133295934], [3.0259228708035977, 41.90681130580461], [3.02592290723964, 41.90690137393912], [3.026043478889222, 41.906901346657705], [3.026164050538637, 41.906901319249684], [3.026164087313787, 41.906991387382625], [3.026284659132505, 41.90699135984792], [3.0264052309510543, 41.906991332186635], [3.0264051938369634, 41.90690126405387], [3.026525765485873, 41.906901236266066], [3.0265258027694344, 41.90699130439875], [3.0266463745876444, 41.906991276484256], [3.0267669464056834, 41.906991248443184], [3.026766984028358, 41.90708131657425], [3.026767021651205, 41.90717138470391], [3.026767059274223, 41.90726145283215], [3.0266464869477674, 41.9072614808735], [3.0266465244014835, 41.90735154900041], [3.026525951905383, 41.90735157691525], [3.0264053794091126, 41.907351604703486], [3.0264054165240504, 41.90744167282916], [3.0262848438581362, 41.907441700490885], [3.0262848808037677, 41.90753176861522], [3.0262849177495683, 41.90762183673814], [3.026164344744534, 41.907621864273445], [3.026043771739332, 41.90762189168215], [3.0260438083463472, 41.90771195980382], [3.025923235171501, 41.90771198708601], [3.025802661996489, 41.9077120142416], [3.025802698264716, 41.907802082362025], [3.0258027345331087, 41.90789215048105], [3.025682161018975, 41.90789217751021], [3.0256821971180536, 41.907982245627885], [3.0258027708016666, 41.90798221859864], [3.02580280707039, 41.908072286714805], [3.0258028433392794, 41.90816235482957], [3.025802879608334, 41.908252422942915], [3.025802915877554, 41.90834249105484], [3.025682341516016, 41.908342518084424], [3.0256823054162783, 41.908252449972416], [3.025682269316705, 41.90816238185899], [3.025561695293967, 41.908162408761804], [3.0255616593640395, 41.90807234064687], [3.025561623434276, 41.90798227253053], [3.0254410497503343, 41.90798229930658], [3.0253204760662293, 41.90798232595602], [3.0251999023819622, 41.90798235247887], [3.0250793286975335, 41.90798237887511], [3.0249587550129435, 41.90798240514475], [3.02495871993074, 41.90789233702658], [3.0248381464154694, 41.90789236316954], [3.024838111502904, 41.90780229504985], [3.0248380765904983, 41.90771222692876], [3.0248380416782514, 41.90762215880624]], [[3.024957878005868, 41.90573070176495], [3.0250784474537102, 41.905730675497374], [3.0250784827015336, 41.9058207436495], [3.024957913084231, 41.905820769917156], [3.024957878005868, 41.90573070176495]], [[3.0238731891719386, 41.906901818354086], [3.0237526175194827, 41.90690184335678], [3.023632045866874, 41.90690186823287], [3.0236320126507596, 41.90681180009681], [3.0236319794347977, 41.906721731959315], [3.023752550748467, 41.90672170708337], [3.0237525841338986, 41.90681177522078], [3.023873155616885, 41.906811750218175], [3.0238731891719386, 41.906901818354086]], [[3.0239937608242418, 41.9069017932248], [3.0239937945489195, 41.906991861359224], [3.024114366370539, 41.90699183610326], [3.024114400264842, 41.90708190423618], [3.023993828273751, 41.90708192949222], [3.0238732562825055, 41.90708195462167], [3.0238732227271456, 41.90699188648859], [3.0238731891719386, 41.906901818354086], [3.0239937608242418, 41.9069017932248]], [[3.024117960027433, 41.91653905030337], [3.0241179939381335, 41.916629118286025], [3.023997403978681, 41.91662914355047], [3.0239973702375345, 41.91653907556775], [3.024117960027433, 41.91653905030337]], [[3.0243618115611155, 41.9235642977707], [3.02448241457804, 41.92356427212013], [3.024482449009654, 41.92365433999195], [3.024603052196035, 41.92365431421462], [3.0246030867974203, 41.923744382084934], [3.0244824834414246, 41.92374440786234], [3.0244825178733525, 41.92383447573132], [3.0244825523054373, 41.92392454359888], [3.024361948610053, 41.923924569249785], [3.024361914347584, 41.92383450138214], [3.0243618800852716, 41.92374443351308], [3.0242412767289624, 41.923744459037145], [3.0242412426364207, 41.92365439116659], [3.024241208544035, 41.92356432329461], [3.0242411744518036, 41.92347425542122], [3.024241140359729, 41.92338418754641], [3.0243617430375846, 41.923384162022664], [3.024361777299272, 41.923474229897394], [3.0243618115611155, 41.9235642977707]], [[3.025201177651444, 41.91122480378315], [3.025080597865249, 41.91122483018238], [3.025080562607775, 41.911134762115324], [3.025080527350462, 41.91104469404684], [3.025201106797643, 41.911044667647786], [3.025321686244663, 41.9110446411221], [3.0253217218409887, 41.91113470919042], [3.0253217574374767, 41.9112247772573], [3.025201177651444, 41.91122480378315]], [[3.0261694214870647, 41.920051251650776], [3.0261693846875755, 41.919961183723416], [3.0262899809181447, 41.919961156176264], [3.0262900178872165, 41.92005122410353], [3.0261694214870647, 41.920051251650776]], [[3.0260509499073383, 41.925275216437164], [3.026171556144787, 41.92527518901157], [3.0261715929541855, 41.92536525685527], [3.0260509865471077, 41.92536528428095], [3.0260509499073383, 41.925275216437164]], [[3.0265340839326353, 41.92698639475777], [3.026534046611286, 41.92689632693985], [3.0266546559014897, 41.926896299005975], [3.0267752651915223, 41.92689627094542], [3.026775302852157, 41.92698633876316], [3.0267753405129625, 41.927076406579495], [3.0268959501421087, 41.927076378392066], [3.0270165597710825, 41.92707635007797], [3.0270165977713486, 41.92716641789269], [3.027016635771788, 41.927256485706025], [3.026896025803525, 41.9272565140203], [3.0268959879727304, 41.9271664462069], [3.0267753781739404, 41.927166474394404], [3.02677541583509, 41.9272565422079], [3.0267754534964113, 41.92734661001997], [3.026775491157905, 41.927436677830634], [3.0266548808500064, 41.927436705891715], [3.0266549183420244, 41.927526773701054], [3.0266549558342137, 41.927616841508964], [3.0265343451868487, 41.92761686944353], [3.026534307864307, 41.92752680163554], [3.0265342705419362, 41.92743673382611], [3.026534233219736, 41.92734666601528], [3.026534195897705, 41.92725659820303], [3.0265341585758447, 41.92716653038935], [3.026534121254155, 41.92707646257427], [3.0265340839326353, 41.92698639475777]], [[3.0265326285262093, 41.92347374880813], [3.026653231370574, 41.923473720877574], [3.026773834214768, 41.92347369282038], [3.0267738718688717, 41.923563760692005], [3.026653268855065, 41.92356378874929], [3.026532665841087, 41.92356381667992], [3.0265326285262093, 41.92347374880813]], [[3.025933115874836, 41.932120395829955], [3.025812496743081, 41.93212042300867], [3.0256918776111608, 41.93212045006069], [3.0256918414679075, 41.932030382322985], [3.025812460430142, 41.93203035527105], [3.0259330793922103, 41.93203032809242], [3.025933115874836, 41.932120395829955]], [[3.028104932373538, 41.93365103624004], [3.0281049719137694, 41.93374110395047], [3.027984349730639, 41.93374113341158], [3.0279843103601083, 41.93365106570108], [3.028104932373538, 41.93365103624004]], [[3.0278636099453737, 41.933470959609934], [3.0279842316195844, 41.93347093027581], [3.0279842709897564, 41.933560997989154], [3.0278636491458473, 41.93356102732337], [3.0278636099453737, 41.933470959609934]], [[3.0272604632198505, 41.93338103666455], [3.027260501571653, 41.933471104379855], [3.0272605399236316, 41.93356117209375], [3.027381161768428, 41.93356114339309], [3.0275017836130482, 41.93356111456574], [3.027501822304601, 41.93365118227803], [3.027381200290281, 41.93365121110547], [3.027260578275785, 41.93365123980622], [3.027139956261114, 41.933651268380245], [3.0271399180786602, 41.93356120066768], [3.027139879896381, 41.9334711329537], [3.027139841714276, 41.9333810652383], [3.0272604632198505, 41.93338103666455]], [[3.027260424868222, 41.933290968947816], [3.0271398035323456, 41.93329099752148], [3.0271397653505887, 41.93320092980326], [3.027260386516769, 41.93320090122968], [3.027260424868222, 41.933290968947816]], [[3.0299154410261897, 41.93617247443447], [3.0299154831173065, 41.93626254210374], [3.029794856185037, 41.93626257346833], [3.0297948142636417, 41.936172505798964], [3.0296741875009032, 41.93617253703673], [3.0296741457494205, 41.93608246936583], [3.0296741039981288, 41.93599240169352], [3.0297947304214254, 41.935992370455956], [3.029915356844531, 41.935992339091655], [3.0299153989352643, 41.936082406763774], [3.0299154410261897, 41.93617247443447]], [[3.0305180595745793, 41.935091503575194], [3.030518016637399, 41.93500143588798], [3.0306386411924646, 41.93500140376445], [3.030638684299357, 41.93509147145157], [3.0305180595745793, 41.935091503575194]], [[3.0354491133407957, 41.90879025899466], [3.0353285381475184, 41.90879029615301], [3.0352079629540145, 41.90879033318475], [3.0350873877602846, 41.90879037008989], [3.03496681256633, 41.90879040686842], [3.034846237372151, 41.90879044352035], [3.0347256621777485, 41.90879048004568], [3.0347257109899908, 41.908880548141695], [3.034605135625878, 41.90888058454055], [3.0344845602615442, 41.90888062081277], [3.0344846087350335, 41.908970688907615], [3.034364033200991, 41.90897072505336], [3.034364081505213, 41.909060793146885], [3.0342435058014616, 41.909060829166144], [3.034243553936415, 41.90915089725837], [3.0341229780629546, 41.909150933151125], [3.0340024021892753, 41.909150968917274], [3.033881826315378, 41.90915100455682], [3.033761250441263, 41.909151040069766], [3.033640674566932, 41.909151075456094], [3.033520098692385, 41.90915111071582], [3.033399522817623, 41.909151145848945], [3.0332789469426467, 41.90915118085545], [3.033278900163607, 41.909061112762345], [3.0333994758690936, 41.909061077755936], [3.033399428920779, 41.90897100966151], [3.033520004456563, 41.9089709745286], [3.033640579992132, 41.9089709392691], [3.033640532705056, 41.90888087117347], [3.0337611080709226, 41.90888083578747], [3.033881683436572, 41.908880800274865], [3.033881635810738, 41.908790732178055], [3.0340022110066833, 41.908790696538944], [3.0340022588020044, 41.908880764635654], [3.0341228341672184, 41.90888072886984], [3.0341227862024107, 41.90879066077324], [3.034243361397919, 41.908790624880936], [3.034363936593208, 41.90879058886203], [3.034484511788276, 41.908790552716525], [3.0344844633152293, 41.90870048461884], [3.0346050383405903, 41.908700448346835], [3.0347256133657297, 41.90870041194824], [3.034725564553933, 41.90861034384937], [3.034846139409364, 41.90861030732427], [3.0349667142645713, 41.90861027067256], [3.034966665114029, 41.90852020257251], [3.0350872397995277, 41.908520165794336], [3.0352078144848016, 41.90852012888953], [3.03532838916985, 41.90852009185815], [3.0353283395110804, 41.90843002375703], [3.035448914026418, 41.90842998659914], [3.0355694885415283, 41.908429949314666], [3.035569438544019, 41.90833988121235], [3.035569388546738, 41.908249813108625], [3.0356899627226555, 41.90824977569777], [3.0358105368983437, 41.908249738160315], [3.035931111073802, 41.90824970049627], [3.03593116157953, 41.90833976859964], [3.03605173592424, 41.90833973080886], [3.036051786599681, 41.9084297989107], [3.0360518372753527, 41.908519867011115], [3.035931262591676, 41.90851990480212], [3.0359313130980947, 41.908609972901246], [3.036051887951256, 41.90860993511011], [3.036051938627391, 41.90870000320769], [3.0359313636047442, 41.908700040998944], [3.035810788581867, 41.908700078663585], [3.0356902135587602, 41.90870011620162], [3.0355696385354243, 41.90870015361307], [3.035569688533846, 41.90879022170971], [3.0354491133407957, 41.90879025899466]], [[3.0352068742269793, 41.90680883472357], [3.0352068247419837, 41.9067187665954], [3.0352067752572136, 41.9066286984658], [3.035086204130936, 41.90662873536816], [3.034965633004433, 41.906628772143925], [3.0349655838588236, 41.906538704012675], [3.0349655347134386, 41.90644863588002], [3.0349654855682777, 41.90635856774593], [3.034965436423341, 41.90626849961044], [3.0348448659744793, 41.90626853625914], [3.0348448169992315, 41.906178468122135], [3.0347242467196107, 41.906178504644124], [3.0347241979140502, 41.90608843650556], [3.034724149108712, 41.90599836836558], [3.0346035791677948, 41.90599840476076], [3.0346035305321415, 41.90590833661924], [3.034482960760465, 41.90590837288772], [3.034362390988567, 41.9059084090296], [3.034362342692058, 41.905818340886434], [3.0343622943957698, 41.90572827274187], [3.0343622460997013, 41.90563820459588], [3.034482815363218, 41.90563816845434], [3.0346033846265126, 41.90563813218621], [3.0347239538895856, 41.905638095791495], [3.034724002694033, 41.90572816393714], [3.0348445721263437, 41.90572812741571], [3.0348446211004743, 41.90581819555982], [3.0349651907020214, 41.90581815891169], [3.0350857603033443, 41.90581812213697], [3.035085809616621, 41.90590819027945], [3.035206379387181, 41.90590815337801], [3.035206428870145, 41.905998221518956], [3.035206478353334, 41.90608828965847], [3.0353270484625923, 41.90608825263021], [3.0353270981154714, 41.9061783207682], [3.0354476683939673, 41.90617828361324], [3.0354477182165374, 41.90626835174969], [3.0354477680393344, 41.90635841988471], [3.0354478178623596, 41.90644848801833], [3.0354478676856114, 41.90653855615053], [3.0355684386417416, 41.9065385188685], [3.0355684886346888, 41.90662858699916], [3.0355685386278637, 41.90671865512841], [3.0356891099227017, 41.906718617719555], [3.035689160085574, 41.90680868584725], [3.0355685886212664, 41.906808723256226], [3.0354480171567313, 41.9068087605386], [3.0353274456919683, 41.90680879769439], [3.0352068742269793, 41.90680883472357]], [[3.0349656821502666, 41.906718840273754], [3.034965731296324, 41.90680890840215], [3.0350863027617643, 41.906808871626154], [3.035086352077516, 41.906898939753034], [3.035206923712201, 41.90689890285032], [3.0352069731976483, 41.90698897097567], [3.0352070226833217, 41.90707903909959], [3.0352070721692206, 41.907169107222096], [3.0352071216553456, 41.90725917534318], [3.035207171141696, 41.90734924346285], [3.0350865986596505, 41.907349280366134], [3.03496602617738, 41.907349317142824], [3.0349660753250074, 41.907439385261306], [3.0349661244728594, 41.90752945337837], [3.0349661736209352, 41.90761952149401], [3.034845600630015, 41.90761955814445], [3.0347250276388706, 41.90761959466829], [3.034725076448217, 41.90770966278274], [3.034604503287374, 41.90770969918009], [3.0344839301263082, 41.907709735450844], [3.0343633569650215, 41.907709771594995], [3.0343633086641058, 41.907619703480194], [3.0343632603634094, 41.90752963536397], [3.0342426875408552, 41.9075296713813], [3.034242639409855, 41.907439603263555], [3.034242591279074, 41.90734953514439], [3.0341220187952502, 41.907349571034885], [3.034121970834163, 41.907259502914194], [3.0341219228732945, 41.907169434792074], [3.034121874912645, 41.90707936666854], [3.0341218269522137, 41.90698929854359], [3.0340012551460607, 41.90698933430704], [3.0340012073553195, 41.90689926618055], [3.034001159564796, 41.90680919805267], [3.0340011117744905, 41.906719129923346], [3.034121683072234, 41.90671909416023], [3.0341216351126783, 41.9066290260296], [3.0341215871533413, 41.906538957897574], [3.034121539194224, 41.90644888976411], [3.0341214912353243, 41.906358821629226], [3.0341214432766446, 41.90626875349294], [3.034121395318183, 41.90617868535523], [3.03412134735994, 41.906088617216106], [3.0342419174712028, 41.906088581327175], [3.0342419655989095, 41.90617864946619], [3.034242013726835, 41.90626871760379], [3.0343625841768063, 41.90626868158805], [3.034362632474417, 41.90635874972411], [3.0343626807722477, 41.90644881785876], [3.0344832515609297, 41.9064487817162], [3.0346038223493905, 41.906448745447044], [3.0346038709863756, 41.906538813580056], [3.034724441944081, 41.90653877718419], [3.0347244907507553, 41.90662884531566], [3.034845061877706, 41.90662880879308], [3.034965633004433, 41.906628772143925], [3.0349656821502666, 41.906718840273754]], [[3.0354240780653936, 41.863485827342], [3.0353035880260553, 41.86348586444167], [3.0353035384804263, 41.863395795631725], [3.03518304860996, 41.86339583260488], [3.0350625587392677, 41.86339586945163], [3.035062607946702, 41.8634859382618], [3.034942117906688, 41.86348597498227], [3.0349421669452474, 41.86357604379114], [3.0348216767359117, 41.863576080385315], [3.034821725605596, 41.86366614919287], [3.034701235226938, 41.86366618566076], [3.0345807448480584, 41.86366622200224], [3.0344602544689567, 41.86366625821731], [3.0344602061065697, 41.86357618940939], [3.0344601577444035, 41.86348612060007], [3.0344601093824575, 41.863396051789316], [3.0344600610207326, 41.863305982977145], [3.0344600126592276, 41.86321591416357], [3.0344599642979437, 41.86312584534857], [3.03445991593688, 41.86303577653215], [3.0345804051323038, 41.86303574031788], [3.0345803566023672, 41.862945671500164], [3.0347008456284756, 41.862945635159605], [3.0347007969296675, 41.86285556634056], [3.034700748231081, 41.86276549752012], [3.034821236918783, 41.86276546105339], [3.0348211880513274, 41.86267539223165], [3.034821139184095, 41.86258532340848], [3.034821090317085, 41.862495254583905], [3.0349415784972917, 41.86249521799112], [3.035062066677274, 41.86249518127192], [3.035062017472309, 41.862405112446154], [3.035182505482978, 41.862405075600684], [3.0351825548570326, 41.862495144426326], [3.0353030430365657, 41.862495107454336], [3.0353029934934224, 41.8624050386288], [3.0354234815036403, 41.862405001530526], [3.035423531215873, 41.86249507035595], [3.035544019394953, 41.862495033131154], [3.0355440692765017, 41.862585101955034], [3.035544119158278, 41.8626751707775], [3.0355441690402825, 41.86276523959855], [3.035544218922514, 41.862855308418176], [3.035664707777731, 41.862855271066515], [3.0357851966327196, 41.862855233588455], [3.0357852468533646, 41.86294530240644], [3.0357852970742387, 41.863035371223006], [3.0359057862671848, 41.8630353336183], [3.0359058366573826, 41.86312540243332], [3.03590588704781, 41.86321547124693], [3.0360263765787163, 41.86321543351559], [3.0360264271384696, 41.86330550232766], [3.0361469168382413, 41.8633054644698], [3.036146967567322, 41.86339553328034], [3.036147018296634, 41.86348560208946], [3.036026528258668, 41.86348563994756], [3.035906038220471, 41.86348567767925], [3.035906088611818, 41.863575746487186], [3.035785598404293, 41.863575784092596], [3.0356651081965387, 41.8635758215716], [3.0355446179885566, 41.86357585892421], [3.0354241277803466, 41.8635758961504], [3.0354240780653936, 41.863485827342]], [[3.0306282581656867, 41.913295049825194], [3.030507674488658, 41.913295081924424], [3.030387090811433, 41.91329511389702], [3.0303871335318937, 41.913385181926024], [3.0303871762525487, 41.913475249953606], [3.0302665922360776, 41.91347528179978], [3.030146008219412, 41.913475313519335], [3.0300254242025533, 41.91347534511226], [3.030025466414822, 41.913565413138734], [3.029904882228244, 41.913565444605126], [3.029904924271177, 41.91365551263028], [3.0297843399148787, 41.913655543970144], [3.0297843817884753, 41.91374561199398], [3.0296637972624576, 41.91374564320732], [3.02966375555839, 41.91365557518339], [3.0296637138545117, 41.91356550715805], [3.029784298041473, 41.91356547594491], [3.0297842561682584, 41.913475407918234], [3.029784214295235, 41.91338533989014], [3.029784172422403, 41.91329527186065], [3.029784130549761, 41.913205203829726], [3.029904714058428, 41.91320517249034], [3.0299046720164533, 41.91311510445811], [3.030025255355404, 41.9131150729922], [3.0300252131440986, 41.91302500495864], [3.0301457963133336, 41.91302497336622], [3.0301457539326977, 41.912934905331326], [3.0301457115522554, 41.91284483729504], [3.030266294382253, 41.912844805576185], [3.0303868772120564, 41.91284477373071], [3.0303868344927656, 41.9127547056932], [3.0303867917736698, 41.912664637654274], [3.030386749054769, 41.91257456961392], [3.030386706336063, 41.912484501572166], [3.030386663617552, 41.91239443352897], [3.0305072455995634, 41.91239440155739], [3.0306278275813794, 41.91239436945917], [3.030627784524029, 41.91230430141477], [3.0306277414668754, 41.91221423336895], [3.0306276984099183, 41.912124165321714], [3.030748279882989, 41.91212413309719], [3.030868861355862, 41.91212410074604], [3.0309894428285378, 41.91212406826828], [3.031110024301014, 41.912124035663886], [3.0311100680360332, 41.91221410371072], [3.0312306496778256, 41.9122140709796], [3.0312306935825606, 41.912304139024904], [3.031351275393669, 41.912304106167085], [3.0313513194681216, 41.912394174210874], [3.031471901448546, 41.912394141226315], [3.0314719456927173, 41.912484209268584], [3.0314719899370903, 41.91257427730943], [3.031472034181665, 41.91266434534887], [3.0314720784264426, 41.912754413386885], [3.0314721226714214, 41.91284448142346], [3.03159270549924, 41.91284444831178], [3.031592749913943, 41.912934516346844], [3.031472166916602, 41.91293454945865], [3.0314722111619843, 41.91302461749241], [3.031472255407569, 41.913114685524754], [3.031472299653355, 41.91320475355567], [3.0313517161472427, 41.91320478654115], [3.0312311326409294, 41.913204819400015], [3.031231176547868, 41.91329488742974], [3.0311105928718294, 41.91329492016208], [3.030990009195591, 41.91329495276779], [3.030869425519154, 41.913294985246885], [3.030748841842519, 41.91329501759936], [3.0306282581656867, 41.913295049825194]], [[3.031229771625194, 41.910412709775706], [3.0312297277246656, 41.910322641700624], [3.0313503058065954, 41.910322608845064], [3.0314708838883235, 41.910322575862885], [3.0314708396489967, 41.9102325077866], [3.0314707954098727, 41.91014243970889], [3.0314707511709496, 41.91005237162976], [3.0315913287439806, 41.91005233852128], [3.031711906316809, 41.910052305286214], [3.0317118617390943, 41.90996223720588], [3.0318324391422222, 41.909962203844294], [3.0319530165451463, 41.90996217035609], [3.0320735939478656, 41.9099621367413], [3.032194171350379, 41.90996210299989], [3.0323147487526856, 41.90996206913186], [3.032435326154785, 41.909962035137234], [3.0325559035566765, 41.90996200101599], [3.0325559493208694, 41.910052069095585], [3.032555995085271, 41.910142137173764], [3.032556040849882, 41.91023220525053], [3.0325560866147017, 41.91032227332587], [3.03255613237973, 41.9104123413998], [3.0325561781449673, 41.9105024094723], [3.0325562239104134, 41.91059247754338], [3.032435645322027, 41.91059251166537], [3.032315066733433, 41.910592545660755], [3.032315112160083, 41.91068261373064], [3.0323151575869405, 41.910772681799116], [3.0323152030140053, 41.91086274986616], [3.0323152484412774, 41.910952817931786], [3.032194669174462, 41.910952851800985], [3.032194714432436, 41.911042919865295], [3.0323152938687565, 41.911042885996004], [3.0323153392964435, 41.91113295405881], [3.0321947596906162, 41.91113298792821], [3.032194804949003, 41.91122305598969], [3.0321948502075964, 41.91131312404975], [3.0321948954663966, 41.9114031921084], [3.0321949407254025, 41.91149326016563], [3.032194985984616, 41.911583328221454], [3.032195031244035, 41.91167339627585], [3.0321950765036614, 41.91176346432882], [3.0320744957110626, 41.911763498072354], [3.0320745408013825, 41.91185356612402], [3.0321951217634937, 41.911853532380384], [3.0321951670235325, 41.911943600430526], [3.0321952122837783, 41.91203366847925], [3.03219525754423, 41.91212373652656], [3.0321953028048885, 41.912213804572445], [3.03231588444485, 41.91221377070177], [3.0323159298752316, 41.912303838746126], [3.03231597530582, 41.91239390678908], [3.032195393326825, 41.912393940659975], [3.0321953480657537, 41.91230387261692], [3.032074766256069, 41.91230390636109], [3.031954184446179, 41.912303939978635], [3.0319541395243466, 41.91221387193396], [3.0319540946027193, 41.91212380388786], [3.0319540496812962, 41.91203373584033], [3.0318334683797477, 41.91203376933095], [3.031833423628044, 41.9119437012819], [3.0317128424958053, 41.91194373464579], [3.0317127979138188, 41.91185366659523], [3.0317127533320356, 41.911763598543246], [3.0317127087504563, 41.91167353048985], [3.0317126641690804, 41.91158346243504], [3.031712619587908, 41.911493394378795], [3.0317125750069382, 41.91140332632115], [3.0317125304261725, 41.911313258262076], [3.0315919504803057, 41.91131329149862], [3.0315919060692513, 41.91122322343802], [3.03147132629269, 41.91122325654784], [3.0314712820513448, 41.911133188485735], [3.031471237810202, 41.9110431204222], [3.0313506583724514, 41.91104315340519], [3.0313506143010156, 41.91095308534015], [3.03123003503257, 41.91095311819642], [3.03122999113084, 41.91086305012984], [3.0312299472293103, 41.91077298206186], [3.0312299033279806, 41.91068291399245], [3.0312298594268516, 41.910592845921606], [3.0312298155259225, 41.910502777849366], [3.031229771625194, 41.910412709775706]], [[3.03109285187775, 41.87672718350006], [3.0312133667902823, 41.87672715080945], [3.0312133229645966, 41.876637082204155], [3.031333837707718, 41.876637049387185], [3.0313338817026154, 41.87672711799236], [3.031454396614748, 41.87672708504882], [3.031574911526678, 41.876727051978804], [3.0316954264384064, 41.87672701878233], [3.03169547094114, 41.8768170873858], [3.031815986021877, 41.87681705406277], [3.0319365011024106, 41.876817020613274], [3.0319365459437724, 41.876907089215095], [3.0318160306940265, 41.87690712266469], [3.0316955154440763, 41.87690715598785], [3.0315750001939237, 41.87690718918452], [3.0314544849435685, 41.87690722225474], [3.0314545291082813, 41.87699729085556], [3.0313340136885114, 41.876997323799415], [3.0312134982685404, 41.87699735661681], [3.0312134544422547, 41.87690728801577], [3.0310929391912977, 41.8769073207066], [3.0309724239401414, 41.87690735327096], [3.0309723804524804, 41.8768172846683], [3.030972336965018, 41.87672721606421], [3.03109285187775, 41.87672718350006]], [[3.0290466678428016, 41.882402039279825], [3.0291671934204683, 41.88240200873302], [3.0291672343815232, 41.882492077249275], [3.029287760128264, 41.88249204657589], [3.029287801258767, 41.882582115090635], [3.029408327174581, 41.88258208429067], [3.0295288530902065, 41.88258205336421], [3.029528894559421, 41.882672121877334], [3.02964942064412, 41.8826720908243], [3.0296494622827863, 41.8827621593359], [3.029649503921643, 41.882852227846115], [3.029528977498418, 41.88285225889935], [3.029408451075004, 41.8828522898261], [3.0292879246514017, 41.88285232062636], [3.0291673982276115, 41.88285235130013], [3.0290468718036347, 41.88285238184741], [3.0290468310110956, 41.88276231333671], [3.029046790218743, 41.88267224482461], [3.0290467494265765, 41.882582176311104], [3.0290467086345956, 41.88249210779616], [3.0290466678428016, 41.882402039279825]], [[3.029165718946929, 41.879159541203705], [3.0292862384315464, 41.87915951053388], [3.0294067579159756, 41.87915947973759], [3.02940679920877, 41.879249548304685], [3.0294068405017525, 41.87933961687036], [3.0292863206788567, 41.879339647666846], [3.029165800855773, 41.879339678336855], [3.0290452810325035, 41.87933970888039], [3.029045240247221, 41.879249640314434], [3.0289247205929986, 41.87924967073139], [3.028924679977135, 41.879159602163924], [3.0290451994621255, 41.879159571747046], [3.029165718946929, 41.879159541203705]], [[3.0288038773707116, 41.87852915244159], [3.0286833590699587, 41.878529182604844], [3.0286833187940307, 41.87843911402583], [3.0288038369255568, 41.878439083862666], [3.028924355056898, 41.878439053573025], [3.0290448731880546, 41.878439023156936], [3.029044832404633, 41.878348954576786], [3.029044791621397, 41.87825888599522], [3.0290447508383473, 41.87816881741223], [3.029044710055484, 41.87807874882784], [3.0290446692728064, 41.87798868024204], [3.029165186557656, 41.87798864969994], [3.0291651456059423, 41.877898581112795], [3.0291651046544157, 41.87780851252425], [3.029165063703076, 41.877718443934285], [3.02904454692589, 41.87771847447609], [3.0289240301485183, 41.87771850489143], [3.028923989535804, 41.877628436299844], [3.0289239489232758, 41.87753836770685], [3.0290444653622095, 41.877538337291696], [3.0290444245806483, 41.877448268697385], [3.0290443837992727, 41.87735820010164], [3.0291648998995853, 41.87735816956022], [3.0291649408501775, 41.877448238155864], [3.029164981800957, 41.87753830675008], [3.0292854982395174, 41.877538276082], [3.0292855393597025, 41.877628344674704], [3.029285580480075, 41.87771841326601], [3.029406097256887, 41.87771838247126], [3.0294061385466673, 41.87780845106104], [3.0294061798366356, 41.87789851964939], [3.0295266969517005, 41.87789848872798], [3.0296472140665758, 41.877898457680125], [3.029647255695177, 41.877988526266876], [3.0297677729790844, 41.87798849509244], [3.029888290262801, 41.877988463791525], [3.029888332230037, 41.87807853237666], [3.0298883741974643, 41.878168600960365], [3.029767856575302, 41.87816863226148], [3.0297678983736964, 41.87825870084388], [3.029647380582119, 41.8782587320186], [3.029526862790351, 41.87825876306687], [3.0295269042504867, 41.87834883164805], [3.029526945710811, 41.8784389002278], [3.029406427580404, 41.87843893114978], [3.0294064688716906, 41.87852899972823], [3.0294065101631666, 41.878619068305234], [3.0294065514548305, 41.87870913688084], [3.029406592746683, 41.878799205455024], [3.0292860739391765, 41.87879923625093], [3.029165555131482, 41.87879926692036], [3.0290450363236014, 41.878799297463324], [3.028924517515535, 41.87879932787981], [3.0289244769005976, 41.87870925930524], [3.028924436285846, 41.87861919072926], [3.0288039178160506, 41.87861922101908], [3.0288038773707116, 41.87852915244159]], [[3.0289233803673277, 41.87627740725604], [3.0289233397575783, 41.876187338641785], [3.029043853658322, 41.87618730822807], [3.0290438128795514, 41.876097239612484], [3.0290437721009664, 41.876007170995486], [3.0290437313225675, 41.875917102377066], [3.02892321792944, 41.8759171327905], [3.0289231773204315, 41.875827064170565], [3.028802664096323, 41.87582709445744], [3.0288026236567025, 41.875737025835996], [3.028682110601613, 41.87573705599632], [3.02856159754634, 41.87573708603018], [3.028561557445309, 41.87564701740713], [3.0285615173444613, 41.87555694878266], [3.0285614772437968, 41.875466880156786], [3.0286819897914645, 41.87546685012321], [3.0288025023389484, 41.87546681996316], [3.0288024619000664, 41.87537675133605], [3.0288024214613687, 41.87528668270752], [3.0289229336702683, 41.87528665242121], [3.029043445878983, 41.875286622008446], [3.0290434051020725, 41.875196553378686], [3.0290433643253474, 41.875106484747505], [3.0290433235488083, 41.87501641611492], [3.0290432827724554, 41.87492634748091], [3.0290432419962885, 41.874836278845486], [3.0290432012203077, 41.87474621020863], [3.029163712413656, 41.87474617966998], [3.029163671468667, 41.874656111031825], [3.029284182492634, 41.87465608036682], [3.029284223606817, 41.87474614900489], [3.0294047347997903, 41.87474611821333], [3.029525245992576, 41.87474608729534], [3.0295252874453364, 41.874836155931796], [3.0296457988071275, 41.874836124887246], [3.0296458404292723, 41.874926193522185], [3.029766351960069, 41.87492616235109], [3.0297663937516, 41.87501623098451], [3.029886905451403, 41.875016199686854], [3.0298869474123222, 41.87510626831877], [3.0298869893734324, 41.875196336949266], [3.0298870313347344, 41.87528640557834], [3.029766519127338, 41.87528643687629], [3.029646006919751, 41.87528646804779], [3.029525494711974, 41.87528649909284], [3.0294049825040084, 41.87528653001142], [3.0292844702958535, 41.87528656080355], [3.0292845114113494, 41.875376629431706], [3.029163999033808, 41.875376660097466], [3.0291640399802913, 41.8754667287243], [3.029164080926961, 41.87555679734971], [3.029164121873818, 41.87564686597371], [3.0291641628208614, 41.875736934596276], [3.0292846758752083, 41.875736903930125], [3.029284716991642, 41.87582697255118], [3.029405230215005, 41.87582694175847], [3.0295257434381795, 41.875826910839294], [3.0296462566611653, 41.87582687979368], [3.0297667698839605, 41.875826848621585], [3.029766811677398, 41.87591691724084], [3.0298873250692075, 41.8759168859422], [3.0298873670320408, 41.876006954559934], [3.0298874089950654, 41.87609702317626], [3.0298874509582814, 41.87618709179115], [3.029887492921689, 41.87627716040465], [3.0298875348852876, 41.876367229016715], [3.0297670206474465, 41.87636726031585], [3.0296465064094145, 41.87636729148853], [3.029646548034787, 41.87645736009936], [3.0295260336273566, 41.87645739114568], [3.029405519219737, 41.876457422065535], [3.0292850048119293, 41.876457452858915], [3.0292850459298633, 41.876547521468645], [3.0294055605068806, 41.87654749067516], [3.0294056017942124, 41.87663755928336], [3.029405643081733, 41.87672762789014], [3.0294056843694417, 41.87681769649553], [3.0292851692847913, 41.8768177272893], [3.029285128166294, 41.87672765868382], [3.0291646132506678, 41.876727689351036], [3.0291645723015694, 41.87663762074406], [3.0290440575549673, 41.87663765128472], [3.0289235428081795, 41.87663768169892], [3.0289235021976886, 41.876547613090324], [3.0289234615873832, 41.87645754448032], [3.028923420977263, 41.87636747586889], [3.0289233803673277, 41.87627740725604]], [[3.028440964695946, 41.875466910063906], [3.028320452147913, 41.87546693984458], [3.028199939599699, 41.87546696949878], [3.0281999791927605, 41.875557038124946], [3.0280794664751647, 41.87555706765279], [3.0280795058992047, 41.87564713627763], [3.027958993012227, 41.87564716567911], [3.027958953757389, 41.87555709705418], [3.0279589145027295, 41.875467028427835], [3.0278384019539755, 41.87546705770267], [3.027838362868695, 41.8753769890748], [3.0278383237835933, 41.875286920445525], [3.0279588359939473, 41.87528689117087], [3.0280793482041224, 41.87528686176976], [3.0280793876276233, 41.87537693039885], [3.028199900006818, 41.875376900871196], [3.0283204123858316, 41.875376871217085], [3.028440924764664, 41.875376841436506], [3.028561437143315, 41.87537681152948], [3.0285614772437968, 41.875466880156786], [3.028440964695946, 41.875466910063906]], [[3.029035212717741, 41.85709273001972], [3.029155690763791, 41.85709269949988], [3.029155731672378, 41.85718276841446], [3.029035253457285, 41.857182798934396], [3.029035212717741, 41.85709273001972]], [[3.029276209887285, 41.85718273776814], [3.0292762509651037, 41.85727280668122], [3.029155772581152, 41.857272837327635], [3.029155731672378, 41.85718276841446], [3.029276209887285, 41.85718273776814]], [[3.028193330091197, 41.860425489043664], [3.0283138143936608, 41.86042545940501], [3.028434298695944, 41.86042542963996], [3.0284343385970014, 41.86051549850267], [3.028313854125647, 41.860515528267804], [3.028313893857814, 41.8606055971292], [3.028193409217205, 41.86060562676804], [3.0280729245764153, 41.86060565628049], [3.0279524399354463, 41.86060568566654], [3.0279524007104976, 41.860515616804875], [3.028072885182394, 41.86051558741892], [3.028193369654111, 41.86051555790656], [3.028193330091197, 41.860425489043664]], [[3.0274702315328854, 41.85997531988289], [3.0274701929854597, 41.85988525101095], [3.0275906762745777, 41.85988522213118], [3.0277111595635193, 41.85988519312503], [3.027831642852283, 41.859885163992494], [3.0278316819069118, 41.85997523286416], [3.027952165364565, 41.85997520360514], [3.02795220458844, 41.86006527247531], [3.0279522438124937, 41.86015534134406], [3.0279522830367265, 41.86024541021139], [3.0278317990718655, 41.86024543947069], [3.0277113151068265, 41.8602454686036], [3.0277112762207334, 41.86015539973608], [3.0275907924245873, 41.86015542874251], [3.027470308628264, 41.860155457622554], [3.0274702700804865, 41.860065388753426], [3.0275907537077407, 41.86006535987348], [3.027590714991071, 41.85997529100304], [3.0274702315328854, 41.85997531988289]], [[3.027852171056232, 41.9071711266357], [3.0279727432114636, 41.90717109732848], [3.0279727825292113, 41.907261165455814], [3.027852210204507, 41.90726119476314], [3.027731637879624, 41.907261223943856], [3.027731598900822, 41.907171155816336], [3.027731559922198, 41.9070810876874], [3.0278521319081353, 41.90708105850687], [3.027852171056232, 41.9071711266357]], [[3.0284411244228937, 41.87582718455931], [3.028441164355086, 41.87591725317962], [3.02832065096104, 41.875917282960756], [3.028200137566813, 41.875917312615435], [3.028079624172405, 41.87591734214365], [3.0280795847478252, 41.875827273523065], [3.028200097973029, 41.875827243994934], [3.0282000583794257, 41.875737175373025], [3.0283205714352452, 41.87573714571854], [3.0284410844908836, 41.875737115937596], [3.0284411244228937, 41.87582718455931]], [[3.028803998707282, 41.87879935816983], [3.028683479898846, 41.87879938833337], [3.0286834396223665, 41.87870931975862], [3.0288039582615744, 41.87870928959517], [3.028803998707282, 41.87879935816983]], [[3.0285631616292226, 41.87924976122345], [3.028442641974263, 41.87924979113451], [3.0284426020353306, 41.87915972256667], [3.028563121521057, 41.87915969265569], [3.0285631616292226, 41.87924976122345]], [[3.0286815468350645, 41.87447609514594], [3.0288020575213883, 41.874476064986936], [3.0289225682075274, 41.874476034701495], [3.0289226088137577, 41.87456610334269], [3.0289226494201733, 41.874656171982465], [3.028802138395648, 41.8746562022681], [3.0288020979584256, 41.87456613362823], [3.0286815871029096, 41.87456616378732], [3.0285610762472097, 41.87456619381996], [3.0285611163460455, 41.87465626246002], [3.028440605320969, 41.87465629236629], [3.0284405653913273, 41.87456622372614], [3.0284405254618667, 41.874476155084565], [3.028561036148557, 41.87447612517848], [3.0286815468350645, 41.87447609514594]], [[3.028314013055403, 41.860875803704836], [3.028313973322692, 41.8607857348477], [3.0284344583012683, 41.86078570508229], [3.028434498203054, 41.86087577393932], [3.028314013055403, 41.860875803704836]], [[3.0288237582456023, 41.922752653455916], [3.0287031567613103, 41.92275268366574], [3.0287031163950564, 41.92266261578282], [3.0287030760289864, 41.922572547898476], [3.0288236771740666, 41.92257251768884], [3.028823636638576, 41.922482449803184], [3.028944237613867, 41.92248241946698], [3.028944196908958, 41.92239235158001], [3.0289441562042345, 41.9223022836916], [3.0290647568401328, 41.92230225322893], [3.0291853574758445, 41.92230222263959], [3.0291853164321028, 41.92221215474994], [3.0291852753885484, 41.922122086858906], [3.029185234345181, 41.92203201896644], [3.0293058344719013, 41.92203198825072], [3.0293057932591214, 41.92194192035695], [3.029426393216054, 41.92194188951467], [3.029426351833863, 41.92185182161957], [3.029426310451861, 41.92176175372304], [3.0295469100694072, 41.9217617227543], [3.029546868517997, 41.921671654856446], [3.029667467965756, 41.921671623761135], [3.0296675096867642, 41.92176169165888], [3.0297881093039303, 41.92176166043681], [3.029788151194727, 41.92185172833305], [3.0299087509813005, 41.92185169698421], [3.0299087930418875, 41.92194176487893], [3.029908835102667, 41.92203183277222], [3.029908877163638, 41.9221219006641], [3.0299089192248005, 41.92221196855456], [3.0299089612861554, 41.922302036443604], [3.029909003347702, 41.92239210433124], [3.0297884025435224, 41.92239213568065], [3.029788444435658, 41.922482203566965], [3.029788486327984, 41.92257227145184], [3.0297885282205015, 41.92266233933532], [3.029667926907317, 41.92266237055837], [3.029547325593943, 41.922662401654755], [3.029547367147439, 41.92275246953701], [3.0295474087011254, 41.922842537417836], [3.0295474502550013, 41.92293260529725], [3.029426848432617, 41.922932636267255], [3.029306246610043, 41.9229326671106], [3.029306287824892, 41.9230227349888], [3.0291856858325223, 41.92302276570557], [3.0290650838399658, 41.923022796295676], [3.028944481847222, 41.92302282675911], [3.0289444411411983, 41.92293275888065], [3.0289444004353605, 41.922842691000746], [3.0289443597297088, 41.922752623119436], [3.0288237582456023, 41.922752653455916]], [[3.0289391509394608, 41.911223922606034], [3.029059730720099, 41.911223892155135], [3.0290596898688933, 41.911133824091024], [3.0290596490178747, 41.91104375602549], [3.0291802284593135, 41.91104372544816], [3.0293008079005648, 41.911043694744215], [3.029300849090596, 41.91113376280954], [3.0294214287011654, 41.91113373197889], [3.029421470060892, 41.91122380004272], [3.02954204984078, 41.91122376908535], [3.0295420913702027, 41.91131383714766], [3.029542132899815, 41.911403905208545], [3.0296627130185296, 41.91140387412437], [3.0297832931370543, 41.91140384291358], [3.0297833350058743, 41.91149391097285], [3.0299039152937173, 41.911493879635344], [3.030024495581368, 41.91149384817121], [3.0300245377893997, 41.91158391622889], [3.030024579997624, 41.91167398428512], [3.030024622206041, 41.91176405233995], [3.029904041409857, 41.91176408380437], [3.029904083448954, 41.911854151857874], [3.029904125488243, 41.91194421990996], [3.029783544352842, 41.91194425124797], [3.0297835024830664, 41.91185418319577], [3.0296629215169877, 41.911854214407064], [3.029542340550719, 41.91185424549173], [3.02942175958426, 41.91185427644978], [3.029301178617613, 41.91185430728121], [3.029301137426078, 41.9117642392272], [3.0293010962347307, 41.9116741711718], [3.0291805156069196, 41.91167420187642], [3.0291804745852717, 41.91158413381949], [3.029059894126784, 41.911584164397404], [3.029059853274833, 41.911494096338956], [3.029059812423069, 41.911404028279094], [3.0290597715714904, 41.91131396021783], [3.028939191621345, 41.91131399066883], [3.0289391509394608, 41.911223922606034]], [[3.0276184036982077, 41.92428410366112], [3.0274977993286876, 41.924284132605834], [3.027497760655494, 41.92419406474609], [3.0274977219824764, 41.92410399688493], [3.0274976833096354, 41.92401392902234], [3.0274976446369712, 41.92392386115835], [3.027497605964483, 41.92383379329293], [3.027497567292172, 41.92374372542609], [3.0274975286200365, 41.92365365755785], [3.0276181318022384, 41.92365362861377], [3.0277387349842626, 41.92365359954303], [3.0278593381661087, 41.92365357034563], [3.0278593773470877, 41.923743638213594], [3.02797998069837, 41.92374360888942], [3.027979941347777, 41.92365354102153], [3.0281005445292646, 41.923653511570784], [3.0281005050092373, 41.92356344370157], [3.028221108020931, 41.92356341412424], [3.0282210683314714, 41.923473346253715], [3.028341671173371, 41.923473316549796], [3.0283416313144795, 41.923383248677936], [3.0284622339865854, 41.92338321884746], [3.0285828366585084, 41.92338318889031], [3.0285827964605763, 41.92329312101722], [3.0287033989627044, 41.9232930909335], [3.028703439330248, 41.923383158806494], [3.0287034796979757, 41.92347322667808], [3.0288240825391437, 41.92347319646749], [3.028944685380126, 41.92347316613024], [3.028944726087264, 41.92356323400021], [3.0289447667945884, 41.92365330186877], [3.0289448075020977, 41.923743369735895], [3.028944848209793, 41.92383343760162], [3.0288242446903535, 41.92383346793925], [3.028824285228619, 41.92392353580364], [3.0287036815393784, 41.92392356601469], [3.0287037219082116, 41.92401363387777], [3.028703762277229, 41.924103701739426], [3.028703802646431, 41.92419376959967], [3.028703843015817, 41.924283837458475], [3.0287038833853868, 41.92437390531588], [3.02858327884787, 41.92437393540074], [3.02846267431017, 41.924373965358924], [3.028342069772287, 41.924373995190436], [3.028221465234222, 41.92437402489527], [3.0282215049254937, 41.92446409275163], [3.0282215446169465, 41.924554160606576], [3.028100939739458, 41.92455419018492], [3.0279803348617897, 41.9245542196366], [3.0278597299839416, 41.9245542489616], [3.0278596908013538, 41.92446418110638], [3.027859651618945, 41.92437411324974], [3.02773904708016, 41.924374142447896], [3.02773900806755, 41.92428407458975], [3.0276184036982077, 41.92428410366112]], [[3.0276194136735657, 41.926625867514495], [3.027619374826144, 41.9265357996917], [3.0277399834362178, 41.92653577061804], [3.0277400224532793, 41.92662583844075], [3.0277400614705186, 41.92671590626203], [3.027619452521165, 41.92671593533587], [3.0276194136735657, 41.926625867514495]], [[3.0285835200514226, 41.924914342515926], [3.0284629144959867, 41.92491437247469], [3.0284628744645605, 41.92482430462559], [3.028462834433317, 41.9247342367751], [3.0285834396495046, 41.92473420681654], [3.028583479850372, 41.924824274666946], [3.028704085236, 41.924824244581615], [3.0287041256066756, 41.92491431243051], [3.0285835200514226, 41.924914342515926]], [[3.028945865962553, 41.926085133783765], [3.0289459066750783, 41.926175201612615], [3.0289459473877898, 41.92626526944005], [3.028945988100687, 41.926355337266074], [3.0288253798317046, 41.92635536760637], [3.0288253392884443, 41.926265299780255], [3.0287047311889137, 41.92626532999377], [3.028704690815475, 41.926175262166154], [3.0287046504422204, 41.92608519433711], [3.02870461006915, 41.92599512650664], [3.028704569696264, 41.925905058674765], [3.028825177117254, 41.925905028461614], [3.028945784538059, 41.925904998121794], [3.0289458252502133, 41.92599506595348], [3.028945865962553, 41.926085133783765]], [[3.0288254203751497, 41.92644543543107], [3.02894602881377, 41.92644540509067], [3.0289460695270383, 41.926535472913855], [3.02882546091878, 41.92653550325434], [3.0288254203751497, 41.92644543543107]], [[3.0291580637703013, 41.86231669420271], [3.0291580228510777, 41.862226625368926], [3.029278510533661, 41.86222659471722], [3.0292785516219722, 41.862316663550914], [3.029278592710471, 41.862406732383185], [3.0291581046897122, 41.86240676303508], [3.0291580637703013, 41.86231669420271]], [[3.029541883724984, 41.91086349682194], [3.029541842196508, 41.91077342875255], [3.0295418006682224, 41.910683360681745], [3.029662379430891, 41.91068332959835], [3.029782958193368, 41.910683298388335], [3.0297830000606605, 41.91077336645895], [3.0299035789924504, 41.91077333512224], [3.0299035369556555, 41.910683267051716], [3.03002411571775, 41.91068323558848], [3.0301446944796524, 41.91068320399863], [3.030265273241362, 41.91068317228217], [3.030265315786666, 41.9107732403524], [3.0303858947176843, 41.91077320850922], [3.030385937432687, 41.91086327657791], [3.0303859801478845, 41.91095334464521], [3.030386022863277, 41.911043412711074], [3.030386065578864, 41.91113348077554], [3.030265485969826, 41.9111335126191], [3.030265443423745, 41.91104344455455], [3.030144863984019, 41.91104347627141], [3.030024284544099, 41.91104350786165], [3.0299037051039868, 41.91104353932528], [3.029783125663683, 41.9110435706623], [3.029662546223188, 41.9110436018727], [3.029662504524828, 41.910953533806236], [3.0295419252536484, 41.910953564889915], [3.029541883724984, 41.91086349682194]], [[3.029305339930955, 41.92095117343174], [3.0294259380223405, 41.92095114259052], [3.029546536113537, 41.92095111162265], [3.0295465776634307, 41.921041179531834], [3.029546619213514, 41.9211312474396], [3.0296672176437047, 41.921131216344875], [3.0296672593635705, 41.92122128425113], [3.029667301083627, 41.921311352155975], [3.0296673428038736, 41.92140142005939], [3.029546743864902, 41.9214014511544], [3.0295467023142497, 41.92131138325089], [3.029546660763787, 41.92122131534596], [3.0294260621638145, 41.92122134631412], [3.0294260207831343, 41.921131278407664], [3.0293054223525653, 41.92113130924907], [3.0293053811416666, 41.921041241341115], [3.029305339930955, 41.92095117343174]], [[3.0296638806711647, 41.91392577925093], [3.029543295805897, 41.91392581033784], [3.0295432542709784, 41.91383574231665], [3.029663838966716, 41.91383571122984], [3.0296638806711647, 41.91392577925093]], [[3.0330364949504185, 41.90662934333925], [3.0329159238202092, 41.906629377962894], [3.0327953526897886, 41.90662941245996], [3.0327953065945943, 41.9065393443267], [3.0327952604996105, 41.90644927619203], [3.0327952144048376, 41.906359208055925], [3.0329157850268578, 41.9063591735592], [3.032915738762829, 41.90626910542181], [3.032915692499012, 41.906179037282996], [3.033036262781892, 41.90617900265988], [3.0331568330645595, 41.90617896791018], [3.033277403347015, 41.906178933033885], [3.0332774501192254, 41.90626900117237], [3.0333980205709317, 41.90626896616938], [3.033398067512821, 41.90635903430633], [3.0333981144549242, 41.90644910244188], [3.033277543664287, 41.9064491374451], [3.0332775904371374, 41.90653920557934], [3.03315701947682, 41.90653924045608], [3.0330364485162895, 41.90653927520621], [3.0330364949504185, 41.90662934333925]], [[3.0331563670487935, 41.90527828644622], [3.0332769356366467, 41.90527825157102], [3.0332769824067234, 41.905368319723685], [3.0332770291770133, 41.90545838787493], [3.033156460250246, 41.90545842275035], [3.0330358913232653, 41.90545845749917], [3.0330358448918906, 41.90536838934771], [3.0330357984607272, 41.905278321194835], [3.0331563670487935, 41.90527828644622]], [[3.0330353341607474, 41.904377639588], [3.0330352877319147, 41.904287571419516], [3.033035241303294, 41.904197503249634], [3.0329146747484357, 41.904197537870346], [3.032794108193367, 41.904197572364474], [3.0327940621038514, 41.90410750419293], [3.0329146284894732, 41.90410746969891], [3.0330351948748846, 41.904107435078295], [3.0330351484466873, 41.90401736690557], [3.033155714662441, 41.90401733215849], [3.033155761260084, 41.90410740033111], [3.033276327645071, 41.90410736545734], [3.0332763744123734, 41.90419743362844], [3.0333969409665933, 41.90419739862797], [3.0333969879035565, 41.904287466797534], [3.033397034840734, 41.90437753496569], [3.0333970817781255, 41.90446760313242], [3.0333971287157313, 41.90455767129774], [3.0332765614837167, 41.90455770629864], [3.033276514715561, 41.90446763813323], [3.033155947652783, 41.90446767300743], [3.0330353805897925, 41.90446770775506], [3.0330353341607474, 41.904377639588]], [[3.032914443455734, 41.903747196999035], [3.0329143971978265, 41.90365712882053], [3.033034962736016, 41.903657094200454], [3.033034916308878, 41.90356702602064], [3.0330348698819516, 41.9034769578394], [3.033034823455237, 41.903386889656744], [3.0330347770287345, 41.90329682147267], [3.0331553418889485, 41.90329678672646], [3.0332759067489503, 41.90329675185367], [3.033396471608739, 41.9032967168543], [3.033517036468313, 41.90329668172836], [3.0335170835725744, 41.90338674991199], [3.0335171306770508, 41.903476818094205], [3.0336376958752904, 41.90347678284145], [3.0337582610733143, 41.903476747462115], [3.033758308516888, 41.9035668156427], [3.0337583559606784, 41.90365688382186], [3.0336377904237715, 41.90365691920142], [3.0335172248866487, 41.90365695445439], [3.033396659349311, 41.90365698958078], [3.033276093811759, 41.90365702458059], [3.033276140577995, 41.90374709275877], [3.033155574870787, 41.903747127632116], [3.033155621467792, 41.90383719580899], [3.033035055590928, 41.903837230555844], [3.032914489713852, 41.903837265176136], [3.032914443455734, 41.903747196999035]], [[3.0329028393399544, 41.881140039712335], [3.0327823161380043, 41.88114007417874], [3.032782270102286, 41.881050005644276], [3.032782224066777, 41.8809599371084], [3.0329027469302305, 41.88095990264222], [3.0329027007256846, 41.88086983410503], [3.0330232234196792, 41.880869799512475], [3.033143746113463, 41.88086976479344], [3.0331437926565035, 41.88095983333041], [3.033264315519322, 41.880959798484774], [3.0332643622318227, 41.88104986702021], [3.0332644089445373, 41.88113993555423], [3.033143885743222, 41.881139970400085], [3.0330233625416936, 41.881140005119455], [3.033023408916122, 41.88123007365226], [3.0329028855451328, 41.88123010824526], [3.0329028393399544, 41.881140039712335]], [[3.033374857441687, 41.86177513317976], [3.0333748106056784, 41.86168506434107], [3.0333747637698836, 41.86159499550097], [3.0334952502618573, 41.86159496042608], [3.0336157367536165, 41.8615949252248], [3.0336157839275755, 41.86168499406468], [3.0337362705882014, 41.86168495873688], [3.033856757248612, 41.86168492328269], [3.033856804760952, 41.86177499212094], [3.0339772915902286, 41.86177495654023], [3.0339772439088053, 41.8616848877021], [3.0340977305687815, 41.86168485199512], [3.0340977784192873, 41.86177492083314], [3.0342182652481284, 41.86177488499965], [3.0343387520767497, 41.861774849039755], [3.0343388002656417, 41.86186491787614], [3.0344592872631275, 41.861864881789735], [3.0344593356213236, 41.86195495062458], [3.03445938397974, 41.862045019458016], [3.034579871315175, 41.86204498324499], [3.034579919842898, 41.86213505207688], [3.034579968370843, 41.862225120907354], [3.034459480697235, 41.86222515712061], [3.0344595290563134, 41.86231522594979], [3.0343390412133973, 41.862315262036745], [3.0342185533702617, 41.86231529799732], [3.034218601391384, 41.8624053668253], [3.034218649412725, 41.862495435651866], [3.034098161231193, 41.86249547148626], [3.0339776730494425, 41.86249550719426], [3.033857184867475, 41.86249554277585], [3.033857137353401, 41.86240547394895], [3.033857089839544, 41.86231540512063], [3.0338570423259035, 41.862225336290884], [3.0337365546509836, 41.862225371745744], [3.0336160669758483, 41.862225407074206], [3.0334955793004976, 41.86222544227626], [3.0333750916249325, 41.862225477351934], [3.033375044787856, 41.86213540852033], [3.0333749979509936, 41.86204533968732], [3.033374951114344, 41.86195527085289], [3.0333749042779083, 41.861865202017036], [3.033374857441687, 41.86177513317976]], [[3.032199829913849, 41.921220602001604], [3.032079231318226, 41.92122063575627], [3.032079276430155, 41.92131070365907], [3.031958677664733, 41.921310737287186], [3.0319586327223975, 41.92122066938427], [3.0319585877802675, 41.921130601479945], [3.032079186206503, 41.92113056785205], [3.032199784632533, 41.92113053409749], [3.032199829913849, 41.921220602001604]], [[3.031830336253564, 41.905729002474146], [3.0318303809911806, 41.905819070621014], [3.031709811384075, 41.90581910397778], [3.0317097668159185, 41.90572903583081], [3.031709722247966, 41.90563896768243], [3.0317096776802166, 41.90554889953262], [3.0318302467789433, 41.90554886617617], [3.0318302020419385, 41.905458798025045], [3.0318301573051385, 41.90536872987252], [3.031950726064745, 41.90536869638967], [3.0319506811586923, 41.905278628235834], [3.032071249748637, 41.905278594626516], [3.0320712046733336, 41.905188526471356], [3.0321917730936168, 41.90518849273556], [3.032191727849063, 41.90509842457909], [3.032312296099685, 41.90509839071681], [3.0324328643500995, 41.905098356727954], [3.032553432600306, 41.9050983226125], [3.0325534783532246, 41.90518839076865], [3.032553524106352, 41.905278458923384], [3.0326740926952613, 41.905278424681136], [3.0326741386180545, 41.90536849283434], [3.0327947073762105, 41.90536845846538], [3.03279475346867, 41.90545852661706], [3.0326741845410567, 41.905458560986126], [3.0325536156132338, 41.905458595228595], [3.0324330466852016, 41.90545862934447], [3.032312477756962, 41.905458663333775], [3.032191908828515, 41.90545869719647], [3.0320713398998618, 41.90545873093259], [3.0320713849757825, 41.905548799083505], [3.031950815877465, 41.905548832693135], [3.031950860784133, 41.905638900842725], [3.0318302915161515, 41.905638934325864], [3.031830336253564, 41.905729002474146]], [[3.0328926793227264, 41.86132492800645], [3.0328927254815605, 41.86141499685123], [3.0328927716406056, 41.86150506569462], [3.032892817799861, 41.86159513453657], [3.032892863959327, 41.86168520337711], [3.032892910119003, 41.86177527221624], [3.03289295627889, 41.86186534105394], [3.0327724692786076, 41.861865375497175], [3.0326519822781153, 41.861865409814015], [3.0326519364563955, 41.861775340976095], [3.032531449624778, 41.86177537516644], [3.0325314039723503, 41.86168530632698], [3.0325313583201305, 41.86159523748613], [3.03253131266812, 41.86150516864385], [3.0325312670163167, 41.86141509980014], [3.032531221364722, 41.86132503095503], [3.032410735378303, 41.86132506501843], [3.0324106898959955, 41.86123499617179], [3.0325311757133355, 41.86123496210849], [3.032651661530467, 41.86123492791881], [3.03277214734739, 41.86123489360272], [3.032892633164103, 41.86123485916024], [3.0328926793227264, 41.86132492800645]], [[3.031339470686113, 41.888165819328755], [3.03133942666572, 41.88807575090362], [3.031339382645528, 41.88798568247705], [3.031459918715121, 41.88798564952056], [3.0314599629046217, 41.88807571794702], [3.0315804991433217, 41.88807568486393], [3.0315805435023333, 41.88816575328887], [3.03170107991014, 41.88816572007915], [3.0317011244386634, 41.88825578850257], [3.031821661015577, 41.888255755166234], [3.031821705713614, 41.888345823588125], [3.031821750411855, 41.88843589200861], [3.031942287327187, 41.88843585854555], [3.031942332194944, 41.888525926964526], [3.0320628692793834, 41.88852589337484], [3.0320629143166586, 41.88861596179226], [3.031942377062906, 41.888615995382054], [3.0318218398089494, 41.88861602884531], [3.0318217951103006, 41.88852596042768], [3.0317012580254525, 41.888525993764326], [3.0315807209404015, 41.88852602697446], [3.031580676580581, 41.88843595855519], [3.031580632220962, 41.888345890134495], [3.031460095474333, 41.8883459232179], [3.0313395587275016, 41.88834595617481], [3.031339514706707, 41.88825588775249], [3.031339470686113, 41.888165819328755]], [[3.032179022304649, 41.87978921643979], [3.0321790674912377, 41.87987928499462], [3.032179112678032, 41.879969353548056], [3.032179157865033, 41.88005942210006], [3.0321792030522396, 41.88014949065064], [3.032058681710736, 41.88014952435697], [3.0320586366927698, 41.88005945580629], [3.031938115520301, 41.880059489386056], [3.031817594347628, 41.88005952283934], [3.0318175496683466, 41.879969454287014], [3.0318175049892684, 41.879879385733275], [3.031817460310394, 41.87978931717813], [3.031817415631724, 41.87969924862155], [3.031937936127443, 41.87969921516869], [3.032058456622958, 41.87969918158935], [3.0320585016401025, 41.87978925014571], [3.032179022304649, 41.87978921643979]], [[3.0327949378406136, 41.905818799209634], [3.032794983934125, 41.90590886735422], [3.0327950300278466, 41.90599893549741], [3.0327950761217792, 41.90608900363917], [3.032795122215921, 41.906179071779505], [3.0326745519326206, 41.90617910614944], [3.0325539816491096, 41.90617914039277], [3.0325540274045335, 41.90626920853191], [3.0324334569513494, 41.906269242648754], [3.032312886497958, 41.906269276639], [3.0321923160443585, 41.90626931050266], [3.0321922707973283, 41.90617924236321], [3.032192225550504, 41.906089174222316], [3.0321921803038863, 41.905999106080024], [3.0323127502490945, 41.90599907221669], [3.032312704833221, 41.905909004073074], [3.032192135057475, 41.90590903793632], [3.03219208981127, 41.90581896979118], [3.032312659417555, 41.905818935928046], [3.032433229023632, 41.905818901938325], [3.0325537986295017, 41.90581886782202], [3.0325537528751214, 41.90572879967579], [3.0326743223113213, 41.905728765433], [3.032674368235162, 41.90581883357912], [3.0327949378406136, 41.905818799209634]], [[3.034002880161021, 41.91005164976386], [3.0341234577296343, 41.91005161399658], [3.034123409761982, 41.90996154591842], [3.0342439871608793, 41.909961510024644], [3.0343645645595574, 41.90996147400426], [3.0344851419580148, 41.90996143785728], [3.0346057193562515, 41.90996140158367], [3.034605768001892, 41.910051469661376], [3.034726345569403, 41.91005143326106], [3.034726394384763, 41.91014150133724], [3.0347264432003462, 41.910231569412005], [3.034605865293839, 41.91023160581255], [3.0344852873871093, 41.91023164208651], [3.0343647094801587, 41.91023167823383], [3.0342441315729873, 41.91023171425456], [3.034123553665597, 41.91023175014866], [3.0340029757579874, 41.91023178591615], [3.0338823978501597, 41.910231821557055], [3.0338823502210657, 41.9101417534815], [3.0338823025921893, 41.91005168540452], [3.034002880161021, 41.91005164976386]], [[3.0347262967542656, 41.90996136518346], [3.034726247939351, 41.90987129710445], [3.0347261991246595, 41.90978122902401], [3.0348467761834597, 41.90978119249743], [3.0349673532420365, 41.90978115584423], [3.034967402395719, 41.90987122392443], [3.0349674515496257, 41.90996129200322], [3.0348468741520573, 41.90996132865664], [3.034846923136692, 41.910051396734126], [3.034726345569403, 41.91005143326106], [3.0347262967542656, 41.90996136518346]], [[3.0337593997788312, 41.905638383404735], [3.0337594472276006, 41.905728451551276], [3.033638877793314, 41.905728486933384], [3.0336388305140045, 41.90563841878672], [3.0337593997788312, 41.905638383404735]], [[3.03530170545101, 41.86006324866734], [3.035181221836612, 41.860063285636194], [3.0351811724686377, 41.85997321677227], [3.035301655913967, 41.859973179803525], [3.03530170545101, 41.86006324866734]], [[3.038225728024342, 41.91446365647101], [3.038346313891128, 41.914463616266204], [3.03834636780347, 41.91455368426929], [3.038225781767148, 41.914553724474224], [3.038225728024342, 41.91446365647101]], [[3.038452954874495, 41.89122598380074], [3.038573497026457, 41.891225943375446], [3.0386940391781723, 41.89122590282364], [3.0386940935350975, 41.89131597119213], [3.0386941478922704, 41.89140603955919], [3.038573605401883, 41.891406080111274], [3.038453062911248, 41.89140612053681], [3.0383325204203664, 41.89140616083582], [3.0383324665712035, 41.89131609246836], [3.0382119242494134, 41.89131613264072], [3.038211870569832, 41.89122606427172], [3.038211816890496, 41.89113599590131], [3.038332358873615, 41.89113595572921], [3.0384529008564884, 41.89113591543058], [3.038452954874495, 41.89122598380074]], [[3.0388146903824107, 41.89140599888061], [3.0388147449091694, 41.89149606724613], [3.0386942022496917, 41.891496107924844], [3.0386941478922704, 41.89140603955919], [3.0388146903824107, 41.89140599888061]], [[3.0371419696016746, 41.91707598416612], [3.037262560387485, 41.917075945097416], [3.037262507994269, 41.91698587713291], [3.037383098610283, 41.91698583793768], [3.037383151173056, 41.917075905902074], [3.037383203736069, 41.917165973865046], [3.03726261278094, 41.917166013060516], [3.0371420218255714, 41.917166052129346], [3.037021430869965, 41.91716609107152], [3.036900839914121, 41.91716612988706], [3.03678024895804, 41.91716616857595], [3.0367801972428174, 41.91707610061237], [3.0366596064560585, 41.917076139174505], [3.0366595549106288, 41.91698607120938], [3.0367801455278305, 41.91698603264737], [3.036900736144796, 41.91698599395871], [3.0370213267615247, 41.91698595514341], [3.037021378815626, 41.91707602310818], [3.0371419696016746, 41.91707598416612]], [[3.0373830460477502, 41.91689576997187], [3.037382993485457, 41.916805702004645], [3.0373829409234037, 41.916715634035995], [3.0375035310305107, 41.91671559471451], [3.037503478299143, 41.91662552674456], [3.0376240682364553, 41.91662548729656], [3.0376241211373776, 41.916715555266386], [3.0376241740385406, 41.91680562323478], [3.037624226939945, 41.91689569120176], [3.037624279841591, 41.91698575916733], [3.037503689226057, 41.916985798615826], [3.037383098610283, 41.91698583793768], [3.0373830460477502, 41.91689576997187]], [[3.036175157941761, 41.91338350440414], [3.0362957417782446, 41.91338346635346], [3.036416325614496, 41.91338342817617], [3.036416274417759, 41.913293360152664], [3.0364162232212566, 41.91320329212775], [3.036416172024987, 41.91311322410142], [3.0365367553524307, 41.91311318579786], [3.036536703986872, 41.91302311777024], [3.0366572871445574, 41.91302307934017], [3.0367778703020076, 41.913023040783486], [3.036898453459222, 41.913023002100175], [3.03689850533335, 41.91311307012744], [3.036898557207715, 41.91320313815329], [3.036898609082317, 41.91329320617772], [3.036898660957155, 41.91338327420073], [3.03689871283223, 41.913473342222325], [3.0368987647075416, 41.91356341024252], [3.036778180533177, 41.91356344892656], [3.0367781288273923, 41.91347338090625], [3.0366575448223183, 41.91347341946354], [3.0366575963585754, 41.91356348748396], [3.0365370121837394, 41.913563525914746], [3.036416428008669, 41.91356356421891], [3.036295843833365, 41.91356360239645], [3.036175259657828, 41.91356364044736], [3.0361752087996785, 41.91347357242646], [3.036175157941761, 41.91338350440414]], [[3.036643587159291, 41.88906493367712], [3.036643638631867, 41.88915500208173], [3.0366436901046776, 41.88924507048493], [3.036523151674064, 41.88924510888314], [3.0365231003705717, 41.889155040479814], [3.0364025621090422, 41.88915507875138], [3.0364025109751016, 41.88906501034652], [3.0365230490673136, 41.88906497207508], [3.036643587159291, 41.88906493367712]], [[3.036179329061776, 41.92076907752583], [3.036179379938726, 41.92085914543189], [3.036058782028697, 41.92085918336583], [3.0360587313213365, 41.92076911545964], [3.036179329061776, 41.92076907752583]], [[3.035696938098634, 41.92076922850116], [3.035696988297226, 41.92085929640769], [3.035697038496046, 41.92094936431281], [3.0355764404155066, 41.92094940174024], [3.035576390386276, 41.920859333835004], [3.035576340357274, 41.92076926592835], [3.035696938098634, 41.92076922850116]], [[3.0366291326646913, 41.86375565581042], [3.0366290812582855, 41.86366558700603], [3.0367495716332846, 41.86366554851567], [3.0367496232087903, 41.86375561731994], [3.0366291326646913, 41.86375565581042]], [[3.0371364352197654, 41.90752877202426], [3.0371363830213594, 41.90743870390934], [3.037136330823192, 41.907348635793], [3.0371362786252627, 41.90725856767524], [3.037136226427571, 41.90716849955606], [3.0371361742301177, 41.907078431435465], [3.0372567461998012, 41.90707839238039], [3.0373773181692454, 41.90707835319871], [3.037377370705643, 41.907168421319064], [3.0373774232422797, 41.90725848943799], [3.0373774757791567, 41.9073485575555], [3.037377528316273, 41.90743862567161], [3.0373775808536294, 41.907528693786276], [3.0373776333912255, 41.90761876189954], [3.037377685929061, 41.90770883001138], [3.0372571127732955, 41.907708869193925], [3.037136539617291, 41.907708908249866], [3.0370159664610488, 41.90770894717921], [3.036895393304569, 41.90770898598194], [3.03689534144464, 41.907618917869605], [3.0370159144316435, 41.90761887906699], [3.0371364874184095, 41.90761884013778], [3.0371364352197654, 41.90752877202426]], [[3.0371400374850075, 41.91374346853017], [3.0371400897000878, 41.91383353654586], [3.037019505017611, 41.913833575483515], [3.03701945297206, 41.91374350746771], [3.0371400374850075, 41.91374346853017]], [[3.0372389552879553, 41.87645514923538], [3.037359469681678, 41.87645511009553], [3.0373595221366476, 41.876545178697896], [3.037239007573716, 41.876545217837865], [3.0372389552879553, 41.87645514923538]], [[3.0375031091863067, 41.915995050915264], [3.037382520435611, 41.91599509023577], [3.037382467875716, 41.915905022254364], [3.0375030564568637, 41.91590498293399], [3.0375031091863067, 41.915995050915264]], [[3.038346475628892, 41.91473382027122], [3.038346529541972, 41.914823888270064], [3.038225942997039, 41.91482392847538], [3.038225889253497, 41.9147338604764], [3.038346475628892, 41.91473382027122]], [[3.0384689550425064, 41.917886159050795], [3.038348362733072, 41.917886199387034], [3.0383483088116274, 41.91779613143641], [3.038468900951498, 41.917796091100286], [3.0384689550425064, 41.917886159050795]], [[3.0383484166547636, 41.91797626733626], [3.038227824175518, 41.917976307545985], [3.0381072316960274, 41.917976347629065], [3.0381071781134663, 41.9178862796796], [3.038227770423392, 41.91788623959665], [3.038348362733072, 41.917886199387034], [3.0383484166547636, 41.91797626733626]], [[3.0384688468607353, 41.917706023148355], [3.0385894388307952, 41.917705982685725], [3.038589493091121, 41.91779605063752], [3.038468900951498, 41.917796091100286], [3.0384688468607353, 41.917706023148355]], [[3.0394151880986184, 41.88780305783204], [3.0394151327355283, 41.88771298940903], [3.039294597188817, 41.88771303071494], [3.039174061641854, 41.887713071894346], [3.039174006617626, 41.88762300346966], [3.039173951593649, 41.887532935043566], [3.0390534163850447, 41.88753297609619], [3.0390533615306228, 41.88744290766854], [3.0391738965699235, 41.88744286661605], [3.0392944316089734, 41.887442825437034], [3.039294376416196, 41.88735275700823], [3.039414911285691, 41.88735271570284], [3.0395354461549338, 41.88735267427094], [3.039655981023923, 41.88735263271253], [3.0397765158926586, 41.887352591027614], [3.0397764600229245, 41.88726252259791], [3.039896994722103, 41.88726248078661], [3.0400175294210254, 41.8872624388488], [3.0401380641196916, 41.88726239678449], [3.040138120497332, 41.887352465213795], [3.0402586553650432, 41.88735242302283], [3.0402587119122435, 41.88744249145061], [3.040379246948999, 41.887442449133], [3.040379303665761, 41.887532517559194], [3.040379360382782, 41.88762258598399], [3.0404998957578875, 41.887622543539614], [3.040499952644472, 41.88771261196285], [3.0403794171000613, 41.88771265440736], [3.0403794738175995, 41.88780272282931], [3.0402589381036242, 41.88780276514744], [3.0402589946521146, 41.887892833568095], [3.040259051200863, 41.887982901987364], [3.0401385151480156, 41.88798294417925], [3.040017979094911, 41.887982986244616], [3.03989744304155, 41.88798302818348], [3.0398973870007246, 41.887892959763825], [3.0397768511164154, 41.88789300157604], [3.039656315231851, 41.88789304326174], [3.039656259529895, 41.887802974840426], [3.0395357238143834, 41.88780301639949], [3.0394151880986184, 41.88780305783204]], [[3.0385737679668754, 41.891676285204355], [3.0384532249682255, 41.89167632563028], [3.038453170948986, 41.89158625726719], [3.0385737137782973, 41.8915862168414], [3.038694256607361, 41.89158617628909], [3.0386943109652784, 41.891676244651904], [3.0386943653234435, 41.891766313013306], [3.0388149084909384, 41.8917662723342], [3.0389354516581846, 41.89176623152857], [3.0390559948251816, 41.89176619059641], [3.0391765379919278, 41.891766149537716], [3.039297081158423, 41.89176610835249], [3.03929713636354, 41.89185617671183], [3.039176593027704, 41.89185621789717], [3.039176648063731, 41.89194628625524], [3.0390561045583024, 41.89194632731418], [3.0390561594252388, 41.89203639567094], [3.0390562142924247, 41.89212646402629], [3.039056269159861, 41.89221653238022], [3.0390563240275483, 41.892306600732724], [3.038935779844496, 41.89230664166566], [3.0389357251461533, 41.89221657331303], [3.0389356704480606, 41.892126504958966], [3.038815126603447, 41.892126545765116], [3.038815072074947, 41.892036477409505], [3.0386945283994273, 41.892036518089], [3.038694474040518, 41.89194644973185], [3.038573930534093, 41.89194649028469], [3.038573876344773, 41.89185642192599], [3.0385738221557004, 41.89176635356587], [3.0385737679668754, 41.891676285204355]], [[3.0412185345468186, 41.88050687636503], [3.04121859242837, 41.880596944899466], [3.0412186503101863, 41.88068701343246], [3.0410981279708267, 41.88068705662545], [3.0409776056312046, 41.88068709969196], [3.0409775480878785, 41.880597031158686], [3.040977490544815, 41.880506962624], [3.041098012545948, 41.88050691955776], [3.0410979548339037, 41.880416851021764], [3.0412184766655304, 41.88041680782919], [3.0412185345468186, 41.88050687636503]], [[3.0414578902821217, 41.877894801493156], [3.0414578320700483, 41.87780473291648], [3.0415783489931587, 41.87780468934842], [3.041578407374453, 41.87789475792496], [3.0414578902821217, 41.877894801493156]], [[3.046054550808131, 41.90158104200419], [3.045933989194253, 41.901581090291565], [3.0459339246436015, 41.90149102209306], [3.0460544860880554, 41.90149097380584], [3.046054550808131, 41.90158104200419]], [[3.0460548744129388, 41.90203138297465], [3.046054939134786, 41.90212145116447], [3.0459343765043476, 41.90212149945276], [3.0458138138736146, 41.90212154761447], [3.0458137494906246, 41.90203147942433], [3.0459343119519287, 41.90203143126278], [3.0460548744129388, 41.90203138297465]], [[3.0489536709917457, 41.9089654322667], [3.049074246493412, 41.90896538080177], [3.0490741775119314, 41.908875312723595], [3.0491947528437953, 41.90887526113222], [3.049315328175344, 41.90887520941422], [3.0494359035065766, 41.90887515756963], [3.0494359729965197, 41.908965225647314], [3.0493153974958, 41.90896527749207], [3.0493154668165716, 41.90905534556849], [3.0493155361376605, 41.909145413643486], [3.049194960297647, 41.90914546536196], [3.049195029449562, 41.90923553343571], [3.049074453439743, 41.90923558502775], [3.04895387742961, 41.909235636493165], [3.0488333014191626, 41.90923568783199], [3.0487127254084023, 41.9092357390442], [3.048712656934446, 41.9091456709698], [3.048712588460803, 41.909055602893986], [3.0488331641325845, 41.9090555516821], [3.048953739804053, 41.909055500343605], [3.0489536709917457, 41.9089654322667]], [[3.04931089232399, 41.90311084948345], [3.0493108230240895, 41.903020781313465], [3.049310753724505, 41.90293071314204], [3.0494313178712766, 41.9029306613082], [3.049431387340297, 41.90302072947946], [3.0495519516561878, 41.903020677518874], [3.04967251597176, 41.903020625431715], [3.0496725857799722, 41.90311069360121], [3.049793150264664, 41.9031106413873], [3.049793220242632, 41.90320070955523], [3.049913784896442, 41.903200657214576], [3.0499138550441685, 41.903290725380934], [3.0497932902209195, 41.90329077772174], [3.0496727253973512, 41.903290829935976], [3.0495521605734646, 41.903290882023626], [3.0494315957492604, 41.90329093398471], [3.0493110309247387, 41.903290985819204], [3.0493111002255877, 41.903381053984944], [3.049311169526753, 41.903471122149256], [3.0491906043630355, 41.903471173857504], [3.049070039199002, 41.903471225439155], [3.0489494740346554, 41.90347127689424], [3.048949405241811, 41.90338120872942], [3.048949336449281, 41.9032911405632], [3.0490699012747484, 41.90329108910844], [3.049190466099901, 41.90329103752712], [3.0491903969688074, 41.90320096935978], [3.049190327838029, 41.903110901191035], [3.04931089232399, 41.90311084948345]], [[3.047736510445546, 41.89365434599996], [3.0476159637422313, 41.89365439604551], [3.0476158968465055, 41.89356432772442], [3.047736443380465, 41.893564277679026], [3.047736510445546, 41.89365434599996]]]}, "properties": {"area_ha": 1913.25, "dnbr_threshold_core": 0.35, "dnbr_threshold_grow": 0.22, "forest_mask": "esa_worldcover_2021_10_20", "part": 3, "fire_id": "550037", "burn_year": 2026, "source": "sentinel", "aoi_source": "effis", "dnbr_threshold": 0.35, "buffer_m": 1800.0, "post_windows": 2, "post_window_dates": [{"start": "2026-07-10", "end": "2026-08-02"}, {"start": "2026-08-02", "end": "2026-09-01"}], "pre_window": {"start": "2026-04-19", "end": "2026-06-26"}, "fire_date": "2026-07-03", "severity": "moderada", "severity_method": "threshold_proxy"}}, {"type": "Feature", "geometry": {"type": "Polygon", "coordinates": [[[3.0071130585441774, 41.90086951083032], [3.007113068539897, 41.900959579066914], [3.0071130785356615, 41.90104964730209], [3.007113088531472, 41.901139715535834], [3.0069925277097784, 41.901139722940215], [3.006992537536213, 41.90122979117256], [3.0069925473626924, 41.9013198594035], [3.006992557189217, 41.901409927633026], [3.006992567015786, 41.90149999586112], [3.007113128515169, 41.90149998845666], [3.0072336900145062, 41.90149998092563], [3.0072337001799694, 41.90159004915227], [3.0072337103454783, 41.90168011737749], [3.007354272183619, 41.901680109719834], [3.0074748340217123, 41.9016801019356], [3.0074748445261195, 41.901770170159345], [3.007474855030575, 41.901860238381694], [3.007595417207473, 41.901860230470845], [3.0077159793843222, 41.90186022243342], [3.0077159902276804, 41.90195029065428], [3.0078365525739077, 41.90195028249026], [3.0079571149200848, 41.901950274199656], [3.0079571261023488, 41.90204034241905], [3.007957137284664, 41.90213041063704], [3.0080776999696472, 41.90213040221981], [3.0081982626545787, 41.90213039367601], [3.0081982741758044, 41.90222046189252], [3.0083188370301133, 41.902220453222114], [3.008439399884369, 41.90222044442513], [3.00855996273857, 41.90222043550158], [3.0086805255927165, 41.90222042645146], [3.0088010884468073, 41.902220417274734], [3.0089216513008417, 41.90222040797146], [3.008921638763037, 41.90213033975512], [3.0090422014475844, 41.902130330325285], [3.0090421887404086, 41.90204026210757], [3.009162751255469, 41.90204025255118], [3.0091627383789223, 41.90195018433208], [3.0091627255024345, 41.90186011611154], [3.00904216332623, 41.901860125667845], [3.0090421506192273, 41.901770057445866], [3.0091627126260057, 41.90177004788958], [3.009283274632725, 41.90177003820672], [3.0092832876785804, 41.90186010642865], [3.009403849854667, 41.9018600966192], [3.0095244120306925, 41.901860086683165], [3.0096449742066578, 41.90186007662056], [3.009644960652522, 41.90177000839873], [3.0096449470984483, 41.90167994017547], [3.009644933544436, 41.90158987195082], [3.0096449199904862, 41.901499803724725], [3.009644906436598, 41.90140973549723], [3.0096448928827715, 41.901319667268304], [3.009524331723355, 41.90131967733072], [3.0095243183390123, 41.90122960910035], [3.0095243049547307, 41.90113954086857], [3.0095242915705103, 41.90104947263537], [3.0095242781863507, 41.90095940440075], [3.009403717704557, 41.90095941433646], [3.009403704489878, 41.90086934610039], [3.0094036912752586, 41.90077927786292], [3.0094036780607, 41.900689209624], [3.0092831180871, 41.900689219433055], [3.0092831050420186, 41.90059915119271], [3.0091625452377757, 41.90059916087516], [3.0090419854334742, 41.900599170431065], [3.008921425629115, 41.900599179860386], [3.0089214381659466, 41.900689248100825], [3.008921450702836, 41.90077931633986], [3.008800890559585, 41.900779325642674], [3.0088008781921136, 41.90068925740361], [3.008680318218224, 41.90068926657982], [3.0086803060202256, 41.90059919833932], [3.0085597462156968, 41.90059920738894], [3.0085597341871697, 41.900509139147], [3.0084391745520023, 41.90050914807002], [3.008439162692945, 41.90041907982661], [3.0085597221586973, 41.900419070903624], [3.00855971013028, 41.90032900265885], [3.0085596981019176, 41.90023893441264], [3.008439138974993, 41.90023894333559], [3.008318579848014, 41.90023895213196], [3.008198020720982, 41.90023896080176], [3.008198032241104, 41.900329029048045], [3.0081980437612783, 41.900419097292904], [3.0081980552815053, 41.90050916553637], [3.0080774956461775, 41.90050917407968], [3.0079569360107983, 41.900509182496435], [3.007956924829401, 41.90041911425292], [3.007836365363386, 41.90041912254308], [3.0078363763753675, 41.90050919078663], [3.0077158167398874, 41.90050919895024], [3.0075952571043567, 41.90050920698729], [3.007474697468778, 41.90050921489777], [3.007474686965042, 41.900419146654144], [3.00735412749883, 41.90041915443804], [3.007233568032571, 41.90041916209537], [3.0072335578677114, 41.900329093850296], [3.007112998570821, 41.90032910138103], [3.0069924392738843, 41.900329108785186], [3.0069924490999154, 41.90041917703031], [3.0068718896335196, 41.90041918430793], [3.0068718992901804, 41.90050925255166], [3.0069924589259913, 41.90050924527401], [3.006992468752112, 41.90059931351629], [3.006992478578278, 41.90068938175715], [3.0069924884044883, 41.900779449996605], [3.0069924982307437, 41.90086951823462], [3.0071130585441774, 41.90086951083032]], [[3.0085598785331173, 41.9015899579568], [3.0086804402012715, 41.901589948906874], [3.0086804523998825, 41.901680017131774], [3.008559890562303, 41.90168002618173], [3.0085598785331173, 41.9015899579568]]]}, "properties": {"area_ha": 3.4, "dnbr_threshold_core": 0.35, "dnbr_threshold_grow": 0.22, "forest_mask": "esa_worldcover_2021_10_20", "part": 9, "fire_id": "550037", "burn_year": 2026, "source": "sentinel", "aoi_source": "effis", "dnbr_threshold": 0.35, "buffer_m": 1800.0, "post_windows": 2, "post_window_dates": [{"start": "2026-07-10", "end": "2026-08-02"}, {"start": "2026-08-02", "end": "2026-09-01"}], "pre_window": {"start": "2026-04-19", "end": "2026-06-26"}, "fire_date": "2026-07-03", "severity": "moderada", "severity_method": "threshold_proxy"}}, {"type": "Feature", "geometry": {"type": "Polygon", "coordinates": [[[3.02314744940918, 41.90050712526519], [3.0231474819370234, 41.90059719350081], [3.0231475144650157, 41.90068726173501], [3.0231475469931564, 41.900777329967795], [3.0231475795214457, 41.90086739819916], [3.0232681398218806, 41.90086737383458], [3.023268172519737, 41.90095744206446], [3.0233887329894418, 41.900957417573224], [3.0235092934589964, 41.90095739295542], [3.0236298539284006, 41.900957368211046], [3.0236298207222876, 41.9008672999814], [3.023750381022121, 41.90086727511054], [3.0237504143976532, 41.90095734334011], [3.023870974866753, 41.900957318342606], [3.0238709413218023, 41.9008672501131], [3.023991501621331, 41.900867224989106], [3.024112061920705, 41.900867199738535], [3.0241120280370715, 41.90077713150779], [3.024111994153592, 41.90068706327563], [3.0239914341930527, 41.90068708852605], [3.0239914004791446, 41.90059702029239], [3.024111960270267, 41.90059699504205], [3.024111926387097, 41.90050692680706], [3.0241118925040813, 41.90041685857063], [3.02411185862122, 41.9003267903328], [3.0241118247385135, 41.90023672209356], [3.0241117908559616, 41.90014665385289], [3.0241117569735643, 41.900056585610805], [3.024111723091322, 41.899966517367304], [3.0241116892092332, 41.89987644912238], [3.0241116553273, 41.89978638087603], [3.024111621445521, 41.89969631262828], [3.024111587563896, 41.89960624437911], [3.0241115536824266, 41.899516176128515], [3.0239909959242426, 41.89951620137791], [3.023870438165905, 41.899516226500715], [3.0237498804074145, 41.89951625149697], [3.0236293226487714, 41.899516276366654], [3.023629355852612, 41.899606344617574], [3.02350879792441, 41.89960636936078], [3.023508830958994, 41.89969643761034], [3.0233882728612334, 41.89969646222705], [3.0233883057265594, 41.899786530475275], [3.0233883385920355, 41.899876598722095], [3.0232677801553063, 41.8998766232124], [3.023267812851522, 41.89996669145786], [3.0232678455478865, 41.900056759701926], [3.0231472867721867, 41.90005678406581], [3.023026727996338, 41.90005680830314], [3.022906169220343, 41.90005683241391], [3.0229062014086203, 41.90014690065678], [3.0229062335970456, 41.90023696889822], [3.023026792711866, 41.9002369447873], [3.023147351826539, 41.900236920549816], [3.0231473843539374, 41.900326988789686], [3.0231474168814843, 41.900417057028136], [3.02314744940918, 41.90050712526519]]]}, "properties": {"area_ha": 1.14, "dnbr_threshold_core": 0.35, "dnbr_threshold_grow": 0.22, "forest_mask": "esa_worldcover_2021_10_20", "part": 37, "fire_id": "550037", "burn_year": 2026, "source": "sentinel", "aoi_source": "effis", "dnbr_threshold": 0.35, "buffer_m": 1800.0, "post_windows": 2, "post_window_dates": [{"start": "2026-07-10", "end": "2026-08-02"}, {"start": "2026-08-02", "end": "2026-09-01"}], "pre_window": {"start": "2026-04-19", "end": "2026-06-26"}, "fire_date": "2026-07-03", "severity": "moderada", "severity_method": "threshold_proxy"}}, {"type": "Feature", "geometry": {"type": "Polygon", "coordinates": [[[3.0501208364008456, 41.85960739340774], [3.050120906731994, 41.8596974622599], [3.0502413896362275, 41.85969740961946], [3.0502414601367622, 41.85978747847005], [3.0503619432097397, 41.85978742570305], [3.0503620138796625, 41.85987749455203], [3.0503620845499086, 41.85996756339961], [3.0503621552204763, 41.86005763224578], [3.050482638800333, 41.86005757935189], [3.0504827096402924, 41.860147648196474], [3.0506031933888953, 41.86014759517603], [3.0506032643982466, 41.860237664019024], [3.050723748315596, 41.86023761087202], [3.0508442322326195, 41.86023755759862], [3.050844303580436, 41.86032762643988], [3.050844374928578, 41.86041769527969], [3.050964859183418, 41.86041764187958], [3.051085343437932, 41.86041758835307], [3.051085271751648, 41.86032751951359], [3.051205755836764, 41.860327465860856], [3.0512058276921192, 41.86041753470018], [3.0513263119459784, 41.860417480920894], [3.0513263839707334, 41.86050754975862], [3.0514468683933362, 41.86050749585277], [3.0514469405874927, 41.86059756468892], [3.0515674251788387, 41.86059751065652], [3.051567497542398, 41.860687579491085], [3.051567569906287, 41.860777648324216], [3.051688054835451, 41.86077759416508], [3.0516881273687453, 41.860867662996625], [3.05168819990237, 41.860957731826765], [3.0515677146350555, 41.860957785986244], [3.051567786999935, 41.86104785481513], [3.0514473015632135, 41.8610479088484], [3.0514473737593453, 41.86113797767604], [3.051447445955807, 41.86122804650226], [3.0514475181525977, 41.86131811532705], [3.0514475903497176, 41.86140818415044], [3.0515680764627526, 41.861408130116516], [3.0515681488292823, 41.861498198938314], [3.051568221196142, 41.861588267758705], [3.051568293563332, 41.86167833657766], [3.0515683659308515, 41.86176840539521], [3.051688852719883, 41.8617683512342], [3.051809339508584, 41.86176829694679], [3.051929826296953, 41.86176824253298], [3.05205031308499, 41.86176818799279], [3.0521707998726937, 41.861768133326194], [3.052291286660063, 41.861768078533196], [3.052291360042414, 41.8618581473483], [3.0522914334250997, 41.861948216161984], [3.05229150680812, 41.862038284974254], [3.052411994102408, 41.86203823005435], [3.0525324813963604, 41.86203817500804], [3.05253240767517, 41.861948106196124], [3.0525323339543156, 41.86185803738277], [3.0526528209097625, 41.86185798221042], [3.052652747020161, 41.86176791339584], [3.052773233806187, 41.86176785809725], [3.0527731597478396, 41.86167778928142], [3.0528936463644456, 41.86167773385662], [3.053014132980713, 41.86167767830542], [3.0531346195966407, 41.86167762262782], [3.0532551062122284, 41.86167756682382], [3.0532551809469064, 41.86176763563896], [3.0532552556819255, 41.86185770445268], [3.053375742635338, 41.86185764852194], [3.0533758175397825, 41.86194771733406], [3.0534963046619383, 41.86194766127675], [3.053496379735809, 41.86203773008727], [3.053496454810022, 41.862127798896374], [3.0533759673496954, 41.86212785495404], [3.0532554798890272, 41.862127910885306], [3.0531349924280184, 41.862127966690174], [3.053014504966669, 41.862128022368644], [3.052894017504981, 41.862128077920715], [3.0527735300429537, 41.862128133346395], [3.0527736041029896, 41.86221820215512], [3.0527736781633634, 41.86230827096245], [3.052773752224075, 41.86239833976836], [3.052773826285125, 41.862488408572844], [3.052894314423503, 41.862488353146475], [3.0528943886539794, 41.86257842194937], [3.0528944628847956, 41.86266849075085], [3.0528945371159497, 41.862758559550905], [3.052894611347442, 41.862848628349546], [3.0527741225327008, 41.86284868377661], [3.052774196595439, 41.86293875257402], [3.0527742706585155, 41.86302882137], [3.0527743447219295, 41.86311889016456], [3.0527744187856816, 41.86320895895772], [3.0526539292942267, 41.86320901425907], [3.0525334398024353, 41.86320906943403], [3.052533513528333, 41.863299138226104], [3.052413023867109, 41.863299193274834], [3.0524130974242474, 41.86338926206567], [3.052292607593591, 41.86338931698816], [3.05229253420555, 41.86329924819716], [3.0522924608178434, 41.863209179404734], [3.0521719713250453, 41.86320923420048], [3.052171898106769, 41.86311916540647], [3.0522923874304717, 41.863119110610896], [3.052292314043435, 41.863029041815636], [3.0522922406567328, 41.86293897301897], [3.052292167270365, 41.86284890422086], [3.052412656086453, 41.862848849299404], [3.0524125825313284, 41.86275878050007], [3.052412508976539, 41.86266871169932], [3.0524124354220854, 41.86257864289714], [3.0522919471132712, 41.86257869781808], [3.0522918737282425, 41.86248862901432], [3.0522918003435486, 41.862398560209144], [3.052291726959189, 41.862308491402544], [3.052291653575165, 41.86221842259453], [3.05217116594237, 41.86221847738839], [3.052171092727767, 41.86212840857879], [3.052050605263725, 41.862128463246066], [3.0519301177993494, 41.86212851778696], [3.0518096303346414, 41.86212857220145], [3.05180955762763, 41.86203850338991], [3.0516890703316757, 41.862038557677835], [3.0515685830353916, 41.86203861183936], [3.0515686554042314, 41.86212868065123], [3.0514481679385312, 41.86212873468652], [3.0513276804725016, 41.86212878859542], [3.0512071930061437, 41.86212884237791], [3.0512071211445613, 41.86203877356552], [3.051086633846961, 41.862038827221454], [3.0510867055394573, 41.86212889603401], [3.0510867772322814, 41.86221896484514], [3.051207264868054, 41.862218911188876], [3.0512073367302923, 41.862308979998424], [3.051207408592858, 41.862399048806566], [3.0513278965664785, 41.862398995023554], [3.051327968598461, 41.8624890638301], [3.0513280406307723, 41.862579132635226], [3.051448528942243, 41.86257907872549], [3.051448601143973, 41.86266914752903], [3.0515690896242043, 41.86266909349272], [3.051569161995355, 41.86275916229467], [3.051569234366836, 41.862849231095204], [3.0515693067386467, 41.862939299894336], [3.0514488177511394, 41.86293935393116], [3.0513283287633026, 41.86293940784158], [3.0513282567296773, 41.862849339042114], [3.0513281846963802, 41.86275927024124], [3.0512076960463994, 41.862759324024914], [3.0510872073960913, 41.86275937768219], [3.050966718745456, 41.86275943121307], [3.050846230094494, 41.86275948461755], [3.050725741443207, 41.86275953789563], [3.0506052527915957, 41.8627595910473], [3.0506053238103403, 41.86284965984918], [3.0506053948294087, 41.86293972864966], [3.0506054658488018, 41.863029797448704], [3.050605536868518, 41.863119866246336], [3.0506056078885586, 41.863209935042555], [3.0506056789089233, 41.86330000383734], [3.0506057499296118, 41.86339007263072], [3.0504852600940153, 41.86339012565716], [3.0504853309459303, 41.86348019444928], [3.0504854017981686, 41.86357026324], [3.05048547265073, 41.86366033202928], [3.050485543503614, 41.86375040081717], [3.0503650529913005, 41.86375045371786], [3.050365123675408, 41.86384052250449], [3.0503651943598373, 41.863930591289694], [3.050365265044589, 41.864020660073486], [3.0504857560642065, 41.864020607172286], [3.050485826918383, 41.86411067595449], [3.05060631810678, 41.86411062292671], [3.050606389130384, 41.86420069170733], [3.0507268804875602, 41.86420063855299], [3.0507269516805926, 41.864290707332025], [3.050847443206549, 41.8642906540511], [3.0508475145690106, 41.86438072282855], [3.0507270228739496, 41.86438077610965], [3.0506065311785635, 41.86438082926433], [3.0506066022031395, 41.86447089804069], [3.050606673228039, 41.86456096681563], [3.0506067442532627, 41.864651035589176], [3.05060681527881, 41.8647411043613], [3.0507273076506243, 41.86474105120595], [3.050727378845605, 41.86483111997647], [3.0507274500409096, 41.86492118874559], [3.0508479427506177, 41.86492113546349], [3.05096843546, 41.86492108205499], [3.0510889281690567, 41.86492102852007], [3.051209420877786, 41.864920974858755], [3.0513299135861875, 41.86492092107101], [3.0514504062942605, 41.864920867156876], [3.0514503340842967, 41.864830798388766], [3.0513298415453334, 41.86483085230274], [3.0513297695048083, 41.86474078353306], [3.0513296974646114, 41.86465071476194], [3.0513296254247435, 41.86456064598942], [3.051450117456382, 41.86456059207595], [3.0514500452477358, 41.86447052330218], [3.051570537109938, 41.86447046926247], [3.0515704647325155, 41.86438040048745], [3.0516909564252823, 41.86438034632152], [3.0516908838790844, 41.86429027754524], [3.0516908113332173, 41.86420020876755], [3.051811302687444, 41.86420015447553], [3.051811229972804, 41.86411008569661], [3.0516907387876815, 41.86411013998845], [3.0516906662424765, 41.86402007120793], [3.0518111572584963, 41.86402001691626], [3.05181108454452, 41.86392994813449], [3.051931575391106, 41.86392989371658], [3.05205206623736, 41.863929839172265], [3.052051993185513, 41.863839770389426], [3.052051920133999, 41.86374970160515], [3.052172410641718, 41.86374964693479], [3.0521724838623325, 41.86383971571887], [3.0522929745388176, 41.863839660921926], [3.0522930479288672, 41.86392972970442], [3.052413538774119, 41.863929674780884], [3.0525340296190353, 41.863929619730946], [3.0526545204636153, 41.8639295645546], [3.052775011307858, 41.863929509251854], [3.0527750853746505, 41.86401957803224], [3.0527751594417807, 41.864109646811215], [3.0528956506238907, 41.86410959138171], [3.0528957248604627, 41.86419966015908], [3.052895799097372, 41.86428972893505], [3.0528958733346214, 41.864379797709596], [3.052775381645198, 41.86437985313962], [3.0527754557136797, 41.86446992191293], [3.052775529782499, 41.864559990684796], [3.0527756038516562, 41.86465005945527], [3.0527756779211512, 41.86474012822432], [3.052655185554962, 41.86474018352864], [3.0526552594556864, 41.864830252296436], [3.0525347669200515, 41.86483030747452], [3.0525348406520028, 41.86492037624108], [3.05253491438429, 41.86501044500622], [3.052534988116914, 41.86510051376994], [3.0525350618498743, 41.86519058253225], [3.0524145686374595, 41.86519063758462], [3.052414642201643, 41.86528070634568], [3.0522941488197803, 41.86528076127179], [3.0522942222151856, 41.86537083003161], [3.0521737286638744, 41.865370884831485], [3.052053235112229, 41.86537093950495], [3.0520533081697407, 41.86546100826371], [3.0521738018905005, 41.86546095359005], [3.0521738751174605, 41.86555102234722], [3.0521739483447545, 41.86564109110295], [3.052053454285764, 41.86564114577693], [3.0520535273442753, 41.865731214531436], [3.0521740215723825, 41.86573115985728], [3.0521740948003444, 41.86582122861017], [3.0522945891972353, 41.86582117380943], [3.0522945158001558, 41.8657311050567], [3.0522944424034115, 41.865641036302556], [3.0522943690070012, 41.86555096754699], [3.0524148628962076, 41.86555091262035], [3.052414789331017, 41.865460843863545], [3.0525352830507724, 41.865460788810665], [3.0526557767701914, 41.86546073363138], [3.052655850673612, 41.86555080238784], [3.052776344561809, 41.865550747081954], [3.052776418634683, 41.865640815836834], [3.0527764927078938, 41.865730884590285], [3.0527765667814433, 41.86582095334232], [3.0527766408553303, 41.86591102209294], [3.0526561462906647, 41.86591107739952], [3.0525356517256625, 41.86591113257967], [3.0525357254616496, 41.86600120132922], [3.0525357991979734, 41.866091270077355], [3.0525358729346324, 41.86618133882407], [3.052656368006994, 41.866181283643385], [3.0527768630790186, 41.866181228336295], [3.0527769371542575, 41.86627129708124], [3.052777011229834, 41.86636136582478], [3.052897506639764, 41.866361310390914], [3.053018002049355, 41.866361254830636], [3.053138497458607, 41.86636119914394], [3.053258992867519, 41.866361143330835], [3.0533794882760894, 41.86636108739131], [3.053499983684319, 41.86636103132536], [3.05350005877497, 41.86645110006643], [3.053500133865964, 41.86654116880606], [3.053379638119488, 41.866541224872364], [3.053259142372671, 41.866541280812235], [3.053259217125759, 41.86663134955083], [3.0531387212094763, 41.866631405364465], [3.0531387957937794, 41.866721474101794], [3.053259291879187, 41.866721418287995], [3.053259366632957, 41.86681148702373], [3.053259441387067, 41.86690155575806], [3.0533799378103863, 41.86690149981748], [3.053500434233364, 41.86690144375048], [3.0536209306559994, 41.86690138755706], [3.053741427078291, 41.866901331237216], [3.0537413516476737, 41.8668112625036], [3.0536208553945086, 41.86681131882326], [3.0536207801333615, 41.86672125008804], [3.053500284048979, 41.86672130628111], [3.0535002089573, 41.866631237544304], [3.0536207048725577, 41.866631181351416], [3.0537412007874716, 41.86663112503211], [3.0537411253578868, 41.86654105629422], [3.0538616211033323, 41.866540999848674], [3.053982116848433, 41.86654094327671], [3.053982041080945, 41.866450874537776], [3.0539819653138025, 41.86636080579743], [3.054102460720311, 41.86636074909939], [3.0542229561264733, 41.86636069227495], [3.054223032231862, 41.866450761014946], [3.054223108337597, 41.866540829753525], [3.0543436040816587, 41.866540772802296], [3.0544640998253727, 41.86654071572467], [3.054584595568738, 41.86654065852061], [3.0547050913117535, 41.86654060119014], [3.054825587054419, 41.866540543733244], [3.054825510103066, 41.86645047499557], [3.054946005676257, 41.86645041741244], [3.054946082796733, 41.86654048614994], [3.0550665785386966, 41.866540428440224], [3.0551870742803064, 41.86654037060408], [3.0553075700215633, 41.86654031264151], [3.055428065762466, 41.86654025455254], [3.0555485615030142, 41.866540196337134], [3.055669057243206, 41.86654013799532], [3.0557895529830423, 41.86654007952709], [3.055789474678701, 41.86645001079087], [3.055789396374716, 41.86635994205324], [3.0557893180710884, 41.86626987331418], [3.055789239767819, 41.866179804573704], [3.055909734830808, 41.86617974597979], [3.055909656358774, 41.86608967723808], [3.0559095778870984, 41.86599960849496], [3.0560300726114895, 41.865999549775], [3.0561505673355223, 41.86599949092862], [3.0562710620591953, 41.865999431955835], [3.0563915567825077, 41.86599937285663], [3.0563914776347145, 41.865909304112826], [3.056511972188547, 41.86590924488738], [3.0566324667420184, 41.865909185535536], [3.0566323872563497, 41.865819116790696], [3.0567528816403398, 41.86581905731262], [3.0568733760239666, 41.865818997708125], [3.0569938704072297, 41.865818937977224], [3.0569937904145714, 41.86572886923152], [3.057114284628352, 41.86572880937439], [3.0571142044669424, 41.865638740627446], [3.0572346985112406, 41.86563868064408], [3.0573551925551725, 41.86563862053432], [3.0573551120558964, 41.86554855178634], [3.0574756059303456, 41.86554849155034], [3.057475525262322, 41.86545842280115], [3.057596018967288, 41.86545836243893], [3.057716512671885, 41.8654583019503], [3.057837006376113, 41.86545824133525], [3.0579575000799704, 41.86545818059379], [3.0580779937834572, 41.86545811972592], [3.05807791227023, 41.86536805097626], [3.058077830757375, 41.86527798222517], [3.0581983241222614, 41.86527792123127], [3.0583188174867764, 41.86527786011096], [3.0584393108509174, 41.865277798864234], [3.058559804214684, 41.86527773749109], [3.0586802975780762, 41.86527767599154], [3.0588007909410933, 41.86527761436558], [3.058921284303733, 41.86527755261321], [3.0590417776659957, 41.865277490734435], [3.0591622710278807, 41.865277428729236], [3.0592827643893865, 41.865277366597624], [3.0592826811857763, 41.86518729784706], [3.05940317437779, 41.86518723558924], [3.0595236675694237, 41.865187173204994], [3.0595235840279686, 41.86509710445339], [3.0596440770501094, 41.86509704194294], [3.0597645700718683, 41.865096979306074], [3.0597646539515475, 41.86518704805728], [3.0598851471420354, 41.86518698529381], [3.06000564033214, 41.865186922403936], [3.0600057245504275, 41.86527699115331], [3.0601262179092608, 41.865276928136815], [3.0602467112677094, 41.865276864993916], [3.060246795824607, 41.865366933741484], [3.0602468803818907, 41.86545700248765], [3.0603673740781816, 41.865456939217935], [3.0604878677740857, 41.86545687582182], [3.0606083614696025, 41.86545681229927], [3.060728855164731, 41.86545674865032], [3.0607287699309906, 41.86536667990495], [3.0608492634566167, 41.86536661612979], [3.060849178054151, 41.86527654738321], [3.060969671410274, 41.865276483481836], [3.0610901647660067, 41.86527641945405], [3.0612106581213485, 41.865276355299855], [3.0612105722119347, 41.86518628655245], [3.0612104863029126, 41.86509621780363], [3.0613309793196377, 41.86509615352343], [3.0614514723359703, 41.865096089116804], [3.061451386089118, 41.865006020366984], [3.061571878935946, 41.86500595583416], [3.06169237178238, 41.86500589117492], [3.0616922851977, 41.86491582242409], [3.061812777874629, 41.864915757638634], [3.0619332705511613, 41.86491569272678], [3.062053763227298, 41.86491562768851], [3.062174255903037, 41.864915562523834], [3.062294748578378, 41.864915497232744], [3.0624152412533205, 41.86491543181525], [3.062415328852662, 41.86500550056485], [3.062535821696315, 41.86500543502074], [3.0626563145395678, 41.865005369350214], [3.06277680738242, 41.865005303553275], [3.0628973002248694, 41.865005237629916], [3.0628972119490863, 41.86491516888115], [3.0630177046220233, 41.8649151028316], [3.063138197294557, 41.86491503665564], [3.0632586899666863, 41.86491497035326], [3.0632586011839775, 41.86482490160368], [3.063258512401673, 41.86473483285269], [3.063258423619774, 41.86464476410028], [3.06325833483828, 41.86455469534644], [3.0631378428425844, 41.864554761647994], [3.0631377542306013, 41.86446469289253], [3.063137665619023, 41.86437462413567], [3.0630171739611356, 41.864374690310385], [3.063017085519066, 41.86428462155188], [3.0630169970774, 41.864194552791965], [3.0628965057573176, 41.86419461883985], [3.0628964174851587, 41.864104550078316], [3.0628963292134017, 41.864014481315365], [3.0627758382311234, 41.86401454723644], [3.062655347248443, 41.8640146130311], [3.062534856265361, 41.864014678699355], [3.0624143652818794, 41.86401474424121], [3.062414277686933, 41.863924675476], [3.062293786872153, 41.86392474089124], [3.0621732960569745, 41.86392480618008], [3.0621732088006297, 41.86383473741304], [3.062052718154155, 41.86383480257527], [3.0620528052413984, 41.8639248713425], [3.061932314425425, 41.863924936378524], [3.0618118236090552, 41.86392500128813], [3.061811910358492, 41.86401507005435], [3.061691419372625, 41.864015134837764], [3.061570928386362, 41.86401519949479], [3.0614504373997056, 41.864015264025376], [3.061450351157574, 41.863925195258545], [3.0614502649158357, 41.863835126490294], [3.0614501786744905, 41.863745057720614], [3.061450092433539, 41.86365498894952], [3.061329602122892, 41.863655053352915], [3.0613295160514324, 41.86356498458021], [3.0612090259094917, 41.863565048856984], [3.0612089400075226, 41.86347498008266], [3.061088450034288, 41.86347504423282], [3.060967960060662, 41.86347510825659], [3.0609678744972793, 41.86338503948045], [3.0608473846923605, 41.8633851033776], [3.0607268948870523, 41.86338516714837], [3.0607269801122405, 41.863475235924916], [3.0607270653378174, 41.86356530470004], [3.0606065751939253, 41.863565368344794], [3.060486085049645, 41.863565431863144], [3.060486169937413, 41.86365550063725], [3.060365679623647, 41.8636555640294], [3.0602451893094944, 41.863655627295145], [3.060245104759924, 41.863565558520634], [3.0602450202107394, 41.8634754897447], [3.06024493566194, 41.86338542096736], [3.0602448511135263, 41.863295352188594], [3.0603653407512885, 41.863295288923645], [3.060365256034165, 41.86320522014366], [3.060365171317428, 41.86311515136226], [3.0602446820178564, 41.86311521462681], [3.0602445974705996, 41.86302514584379], [3.060244512923729, 41.86293507705937], [3.060124023961959, 41.86293514019712], [3.060003534999805, 41.86293520320846], [3.059883046037267, 41.8629352660934], [3.0597625570743454, 41.86293532885195], [3.059642068111041, 41.86293539148408], [3.059521579147355, 41.86293545398983], [3.059401090183288, 41.862935516369156], [3.0594010068204516, 41.862845447581925], [3.059280518025097, 41.862845509834656], [3.059280434831732, 41.86275544104582], [3.05915994620509, 41.86275550317196], [3.059039457578069, 41.8627555651717], [3.05891896895067, 41.86275562704505], [3.0587984803228947, 41.862755688791985], [3.0587983978062736, 41.862665620000946], [3.058798315290029, 41.86257555120849], [3.0586778270000585, 41.862575612828635], [3.0585573387097122, 41.86257567432239], [3.058557256532023, 41.86248560552813], [3.058557174354709, 41.86239553673245], [3.0586776623068768, 41.86239547523909], [3.0586775799608494, 41.86230540644218], [3.0585570921777694, 41.86230546793536], [3.0585570100012047, 41.86221539913683], [3.058556927825015, 41.86212533033691], [3.0585568456492, 41.86203526153556], [3.0585567634737596, 41.861945192732776], [3.058556681298694, 41.86185512392859], [3.058436194360668, 41.861855185294395], [3.058315707422268, 41.86185524653382], [3.0583156255857444, 41.86176517772783], [3.058315543749594, 41.861675108920416], [3.058315461913817, 41.861585040111606], [3.058194975482291, 41.86158510122404], [3.058194893815968, 41.861495032413615], [3.0583153800784126, 41.86149497130136], [3.0583152982433814, 41.861404902489696], [3.058315216408724, 41.86131483367662], [3.0583151345744404, 41.86122476486213], [3.058315052740529, 41.86113469604621], [3.058435538326284, 41.861134634808344], [3.0585560239116636, 41.861134573444076], [3.058555941739972, 41.86104450462714], [3.058555859568654, 41.860954435808765], [3.0585557773977117, 41.860864366988984], [3.0585556952271435, 41.86077429816779], [3.0585556130569507, 41.86068422934518], [3.0586760977965777, 41.860684167855474], [3.058676015457686, 41.860594099031644], [3.0587965000278645, 41.86059403741575], [3.0589169845976665, 41.86059397567346], [3.058916901921005, 41.860503906848585], [3.059037386321357, 41.86050384498011], [3.0590373034760012, 41.86041377615402], [3.059037220631023, 41.86032370732651], [3.0591577046928546, 41.86032364533204], [3.0591577877069036, 41.86041371415934], [3.059157870721332, 41.860503782985234], [3.0592783551209273, 41.860503720863974], [3.0592782719374276, 41.860413652038275], [3.059398756167572, 41.860413589790824], [3.0593986728153806, 41.860323520963895], [3.059519156876074, 41.860323458590244], [3.0596396409363864, 41.860323396090195], [3.059760124996317, 41.86032333346376], [3.059760041137295, 41.860233264636015], [3.059759957278655, 41.86014319580684], [3.0597598734203983, 41.86005312697625], [3.0597597895625235, 41.85996305814424], [3.0597597057050314, 41.859872989310816], [3.0597596218479217, 41.85978292047598], [3.059759537991195, 41.85969285163972], [3.0596390551147397, 41.85969291426478], [3.0596389714274594, 41.8596028454269], [3.059518488719688, 41.85960290792538], [3.0595184052018536, 41.85951283908589], [3.059397922662765, 41.85951290145778], [3.0592774401232963, 41.85951296370328], [3.0592775233030025, 41.85960303254317], [3.05915704059409, 41.85960309466247], [3.0590365578847996, 41.85960315665539], [3.0589160751751305, 41.85960321852193], [3.058795592465085, 41.85960328026208], [3.0587955099616355, 41.85951321142142], [3.0586750274202776, 41.859513273035], [3.058554544878544, 41.859513334522184], [3.058434062336436, 41.85951339588298], [3.0584339803405527, 41.85942332704032], [3.0585544627135977, 41.859423265679716], [3.058674945086268, 41.85942320419273], [3.0587954274585623, 41.85942314257935], [3.0587953449558656, 41.85933307373586], [3.058795262453545, 41.85924300489095], [3.058674780419375, 41.85924306650394], [3.058674698086492, 41.85915299765742], [3.058674615753984, 41.85906292880948], [3.058795097450033, 41.859062867196876], [3.058795014948841, 41.85897279834772], [3.0587949324480257, 41.85888272949714], [3.058674451090095, 41.85888279110936], [3.058553969731789, 41.85888285259519], [3.058553887569466, 41.8587927837428], [3.0585538054075174, 41.858702714889006], [3.0585537232459434, 41.85861264603377], [3.0586742040970782, 41.858612584548524], [3.0587946849478374, 41.85861252293689], [3.0587946024485273, 41.85852245408064], [3.058794519949593, 41.858432385222976], [3.0587944374510356, 41.85834231636389], [3.058794354952854, 41.858252247503394], [3.0587942724550485, 41.85816217864146], [3.0587941899576196, 41.85807210977813], [3.0589146697936807, 41.858072048041265], [3.0590351496293637, 41.85807198617804], [3.059035066794209, 41.85798191731367], [3.059034983959432, 41.85789184844789], [3.0591554634566367, 41.857891786458666], [3.059155380453188, 41.85780171759166], [3.059155297450118, 41.857711648723225], [3.0591552144474266, 41.857621579853394], [3.059155131445114, 41.857531510982135], [3.059034652624103, 41.85753157297058], [3.0590345697912147, 41.8574415040977], [3.0590344869587045, 41.857351435223414], [3.0589140084754076, 41.85735149708509], [3.0587935299917337, 41.85735155882039], [3.058793447497691, 41.85726148994429], [3.0586729691826857, 41.85726155155302], [3.058672886858063, 41.85717148267531], [3.0585524087117264, 41.85717154415747], [3.058552326556523, 41.85708147527815], [3.0584318485788544, 41.85708153663375], [3.0584317665930683, 41.85699146775281], [3.0583112887840684, 41.85699152898185], [3.0583112069676983, 41.85690146009931], [3.058311125151701, 41.85681139121533], [3.058190647680411, 41.85681145231761], [3.0580701702087483, 41.856811513293486], [3.058070251686664, 41.85690158217785], [3.0579497740455888, 41.85690164302754], [3.057949855354834, 41.85699171191065], [3.058070333164951, 41.85699165106077], [3.0580704146436095, 41.857081719942265], [3.058190892622397, 41.857081658965804], [3.0581909742704707, 41.85717172784569], [3.058311452417929, 41.857171666742666], [3.0583115342354197, 41.85726173562096], [3.058432012551549, 41.857261674391346], [3.058432094538457, 41.85735174326803], [3.0585525730232574, 41.857351681911865], [3.058552655179585, 41.85744175078692], [3.0585527373362873, 41.85753181966057], [3.058552819493365, 41.8576218885328], [3.0585529016508164, 41.85771195740361], [3.058552983808643, 41.85780202627301], [3.0584325044786067, 41.85780208763015], [3.0584325864677586, 41.85789215649832], [3.0583121069682986, 41.857892217729265], [3.058191627468466, 41.85789227883383], [3.0581915458174134, 41.85780220996528], [3.0580710664862574, 41.85780227094327], [3.0579505871547297, 41.857802331794886], [3.0579505058421472, 41.85771226292452], [3.057830026679297, 41.85771232364957], [3.0578301078228316, 41.85780239252013], [3.057709628490563, 41.85780245311899], [3.057709547516078, 41.85771238424825], [3.0575890683524887, 41.85771244472053], [3.0574685891885314, 41.857712505066445], [3.057348110024206, 41.85771256528598], [3.057227630859514, 41.85771262537913], [3.057107151694455, 41.8577126853459], [3.0569866725290313, 41.857712745186305], [3.0568661933632426, 41.85771280490032], [3.05674571419709, 41.85771286448796], [3.056625235030574, 41.85771292394922], [3.0565047558636964, 41.8577129832841], [3.0565046765800594, 41.857622914410065], [3.0563841975818677, 41.85762297361839], [3.056263718583315, 41.857623032700324], [3.0562637975288562, 41.85771310157473], [3.0561433183608955, 41.85771316053048], [3.0560228391925754, 41.85771321935984], [3.056022917800379, 41.857803288233214], [3.056143397137747, 41.85780322940366], [3.0561434759149586, 41.857893298275414], [3.0561435546925293, 41.85798336714574], [3.056023075017061, 41.85798342597567], [3.0559025953412338, 41.85798348467921], [3.0557821156650493, 41.85798354325638], [3.0557820373946294, 41.857893474385484], [3.055661557887138, 41.85789353283609], [3.0555410783792905, 41.857893591160305], [3.0555411563116093, 41.85798366003156], [3.055420676634356, 41.857983718229576], [3.05542075439798, 41.85807378709961], [3.0553002745513207, 41.85807384517144], [3.0551797947043076, 41.85807390311688], [3.0550593148569414, 41.85807396093594], [3.054938835009223, 41.85807401862862], [3.054818355161153, 41.85807407619493], [3.054818278242785, 41.857984007323985], [3.054697798563415, 41.85798406476373], [3.054697721814448, 41.8578939958912], [3.0545772423037785, 41.85789405320438], [3.0544567627927597, 41.85789411039118], [3.0543362832813923, 41.85789416745161], [3.054215803769677, 41.857894224385646], [3.054095324257615, 41.85789428119332], [3.053974844745207, 41.857894337874605], [3.053854365232453, 41.85789439442951], [3.053733885719355, 41.857894450858026], [3.053733810323134, 41.85780438198266], [3.0537337349272575, 41.857714313105845], [3.053854214102257, 41.85771425667769], [3.053974693276913, 41.85771420012313], [3.054095172451223, 41.85771414344221], [3.0542156516251864, 41.8577140866349], [3.0542155755534615, 41.857624017757395], [3.0543360545580303, 41.857623960823894], [3.054335978317605, 41.85753389194515], [3.0542154994820834, 41.85753394887848], [3.054095020646215, 41.85753400568542], [3.0540949447442305, 41.85744393680491], [3.0539744660770625, 41.8574439934853], [3.0538539874095485, 41.85744405003932], [3.0538540629734405, 41.85753411892019], [3.053733584136536, 41.857534175348015], [3.0536131052992874, 41.85753423164946], [3.0534926264616957, 41.85753428782452], [3.0534927015187896, 41.857624356704484], [3.0533722225118085, 41.857624412753346], [3.053251743504486, 41.85762446867583], [3.0532518182238264, 41.85771453755474], [3.0532518929435084, 41.85780460643225], [3.053131413597748, 41.857804662228716], [3.053131488148721, 41.85789473110498], [3.0531315627000337, 41.85798479997981], [3.0532520423838942, 41.857984744183], [3.0533725220674133, 41.857984688259826], [3.0533725969571686, 41.858074757132904], [3.053252117104598, 41.858074813056255], [3.0531316372516866, 41.85807486885323], [3.0530111573984353, 41.858074924523834], [3.0530110830158335, 41.85798485565024], [3.053011008633571, 41.85789478677522], [3.0528905291180815, 41.857894842319084], [3.052770049602254, 41.85789489773657], [3.0527699755584297, 41.8578048288598], [3.0527699015149437, 41.857714759981576], [3.0527698274717947, 41.85762469110197], [3.0527697534289837, 41.857534622220946], [3.0527696793865102, 41.85744455333848], [3.0526492007155848, 41.85744460862872], [3.0526491268424953, 41.85735453974468], [3.052649052969742, 41.85726447085921], [3.052648979097326, 41.85717440197234], [3.052648905225247, 41.85708433308404], [3.0526488313535047, 41.85699426419432], [3.052769309179209, 41.85699420890494], [3.052769235138762, 41.856904140013995], [3.0528897127950865, 41.85690408459843], [3.052889638585936, 41.85681401570621], [3.052889564377124, 41.85672394681259], [3.0528894901686505, 41.85663387791755], [3.052889415960515, 41.8565438090211], [3.0528893417527185, 41.85645374012323], [3.053009818563507, 41.856453684582156], [3.0530097441870114, 41.85636361568304], [3.053009669810855, 41.856273546782504], [3.053009595435038, 41.856183477880556], [3.052889119131359, 41.8561835334211], [3.0528890449249158, 41.85609346451757], [3.0530095210595602, 41.85609340897718], [3.0531299971938655, 41.85609335331044], [3.053250473327831, 41.85609329751731], [3.0532503986146238, 41.85600322861287], [3.0532503239017577, 41.85591315970703], [3.0533707996973143, 41.855913103787884], [3.0534912754925303, 41.85591304774237], [3.053611751287403, 41.85591299157049], [3.05361167606778, 41.85582292266374], [3.0536116008485, 41.85573285375558], [3.053491125391691, 41.855732909927106], [3.053491050341785, 41.855642841017364], [3.0533705750536653, 41.85564289706234], [3.0532500997652035, 41.85564295298096], [3.0531296244764015, 41.85564300877321], [3.0530091491872593, 41.85564306443908], [3.053009223561041, 41.85573313334953], [3.052888748102528, 41.85573318888921], [3.052888822307618, 41.85582325779843], [3.0528888965130454, 41.85591332670623], [3.05276842071613, 41.85591338211989], [3.0526479449188773, 41.855913437407175], [3.052527469121287, 41.85591349256809], [3.0524069933233613, 41.85591354760264], [3.0522865175250997, 41.85591360251082], [3.0521660417265037, 41.855913657292625], [3.0521661149180694, 41.85600372620003], [3.052166188109969, 41.856093795106034], [3.052045711972972, 41.85609384976181], [3.0520457849961704, 41.85618391866656], [3.0519253086898046, 41.85618397319613], [3.051925381544301, 41.85627404209964], [3.051804905068568, 41.85627409650302], [3.0516844285925027, 41.856274150780024], [3.051563952116107, 41.85627420493065], [3.0515640244638256, 41.856364273833265], [3.0515640968118745, 41.856454342734445], [3.0515641691602533, 41.85654441163422], [3.0515642415089617, 41.85663448053257], [3.051684718661508, 41.85663442638125], [3.0516847911795857, 41.85672449527801], [3.051684863697995, 41.85681456417334], [3.0516849362167346, 41.85690463306727], [3.051685008735805, 41.856994701959785], [3.051685081255206, 41.857084770850875], [3.0516851537749377, 41.85717483974055], [3.051564675608143, 41.857174893892875], [3.0514441974410182, 41.857174947918836], [3.0514441252593727, 41.857084879028825], [3.051444053078057, 41.856994810137394], [3.051323575248689, 41.856994864036636], [3.051323647260962, 41.85708493292823], [3.051323719273564, 41.85717500181841], [3.0512032411057812, 41.85717505559162], [3.0512033129496667, 41.857265124480556], [3.0513237912864937, 41.85726507070718], [3.0513238632997526, 41.85735513959453], [3.0513239353133392, 41.85744520848045], [3.051324007327255, 41.85753527736497], [3.051203528483291, 41.857535331138855], [3.051203600328487, 41.85762540002211], [3.0510831213151484, 41.85762545366978], [3.0510831929916247, 41.8577155225518], [3.0512036721740117, 41.85771546890395], [3.0512037440198636, 41.85780553778439], [3.0513242233709716, 41.85780548401001], [3.051324295386201, 41.857895552888856], [3.051324367401759, 41.857985621766275], [3.0513244394176446, 41.85807569064227], [3.0514449192755757, 41.85807563674101], [3.0515653991331773, 41.85807558271335], [3.0515654714874954, 41.85816565158759], [3.051565543842144, 41.858255720460434], [3.051445063646438, 41.85825577448843], [3.0514451358323624, 41.858345843360006], [3.0514452080186167, 41.85843591223018], [3.0514452802052006, 41.85852598109893], [3.051445352392113, 41.858616049966265], [3.0515658332640374, 41.85861599593758], [3.0515659056203357, 41.85870606480334], [3.0515659779769644, 41.85879613366765], [3.0515660503339226, 41.85888620253057], [3.051566122691211, 41.85897627139206], [3.051445641143056, 41.85897632542141], [3.0513251595945716, 41.85897637932438], [3.051325087575401, 41.858886310462545], [3.0513250155565586, 41.85879624159931], [3.0512045343458625, 41.85879629537555], [3.0510840531348387, 41.858796349025404], [3.051084124815565, 41.85888641788899], [3.050963643435156, 41.85888647141264], [3.0509637149471507, 41.858976540274966], [3.050843233397357, 41.8589765936724], [3.0508433047406176, 41.85906666253349], [3.0508433760842038, 41.85915673139316], [3.0507228941959648, 41.85915678466454], [3.0507229653708148, 41.85924685352296], [3.05060248331319, 41.859246906668126], [3.050482001255241, 41.85924695968691], [3.0503615191969695, 41.859247012579296], [3.0503614485293022, 41.85915694372038], [3.050240966639769, 41.859156996486206], [3.050120484749915, 41.85915704912567], [3.050120414420691, 41.85906698026499], [3.0501203440917877, 41.85897691140292], [3.0499998625397327, 41.85897696391565], [3.0498793809873574, 41.858977016302006], [3.049879310996893, 41.85888694743818], [3.0497588296132574, 41.85888699969799], [3.049638348229303, 41.8588870518314], [3.0496384178816496, 41.85897712069557], [3.049638487534314, 41.8590671895583], [3.0496385571872966, 41.85915725841964], [3.0496386268405966, 41.859247327279554], [3.049638696494214, 41.85933739613804], [3.0497591787234706, 41.8593373440038], [3.049879660952408, 41.85933729174317], [3.0498797309444687, 41.85942736059991], [3.0498798009368486, 41.85951742945524], [3.0500002835035933, 41.8595173770679], [3.050000353665357, 41.85960744592163], [3.0501208364008456, 41.85960739340774]], [[3.061450523642231, 41.86410533279079], [3.0614506098851497, 41.86419540155478], [3.0614506961284618, 41.86428547031737], [3.0613302046341015, 41.86428553472217], [3.0613302907087014, 41.864375603483545], [3.061209799044844, 41.864375667762125], [3.0612097131393488, 41.86428559900055], [3.061209627234245, 41.86419553023757], [3.0612095413295335, 41.86410546147317], [3.0613300324860786, 41.86410539719518], [3.061329946412656, 41.864015328429566], [3.0614504373997056, 41.864015264025376], [3.061450523642231, 41.86410533279079]], [[3.0524083169080583, 41.85753478771306], [3.052408390443728, 41.8576248565946], [3.0525288694534196, 41.857624801556774], [3.0525289431584723, 41.85771487043674], [3.052408463979732, 41.85771492547474], [3.0522879848006568, 41.85771498038637], [3.052288058167948, 41.857805049265274], [3.052167578819489, 41.857805104050684], [3.0520470994706965, 41.85780515870972], [3.0520470264415023, 41.85771508983048], [3.052046953412642, 41.857625020949826], [3.0520468803841143, 41.857534952067766], [3.052167359225763, 41.85753489740923], [3.0521672860285225, 41.857444828525914], [3.052287764700791, 41.857444773741186], [3.0524082433727244, 41.85744471883007], [3.0524083169080583, 41.85753478771306]], [[3.051925745821764, 41.85672438659592], [3.0520462231423555, 41.85672433206531], [3.0521667004626134, 41.85672427740834], [3.052166773657184, 41.856814346303], [3.052046296167885, 41.85681440096014], [3.051925818678254, 41.85681445549091], [3.051925745821764, 41.85672438659592]], [[3.053740220229702, 41.865460231329166], [3.0537401448045896, 41.865370162572866], [3.0538606383514884, 41.865370106129625], [3.0538607139457152, 41.86546017488574], [3.053740220229702, 41.865460231329166]], [[3.055063409954141, 41.8628476090477], [3.0550633326789933, 41.86275754025227], [3.0551838213180775, 41.86275748242376], [3.0551838987623174, 41.86284755121902], [3.055063409954141, 41.8628476090477]], [[3.0549399142700095, 41.859334982670326], [3.0550603964845244, 41.85933492497511], [3.05506047374628, 41.85942499382441], [3.054939991362703, 41.85942505151981], [3.0548195089787744, 41.85942510908883], [3.054699026594495, 41.859425166531466], [3.054699103349413, 41.859515235379895], [3.054699180104681, 41.85960530422691], [3.0545786973819236, 41.85960536154351], [3.054578773968477, 41.859695430389294], [3.054458291076305, 41.859695487579685], [3.054458367494142, 41.859785556424235], [3.0544584439123272, 41.859875625267364], [3.054337960681675, 41.859875682331726], [3.0543378844325564, 41.85978561348843], [3.054337808183785, 41.85969554464369], [3.0542173252909173, 41.85969560158132], [3.054217249211559, 41.859605532735], [3.054096766487409, 41.85960558954606], [3.054096690577462, 41.85951552069815], [3.054217173132548, 41.85951546388726], [3.0542170970538836, 41.859425395038116], [3.054217020975566, 41.85933532618755], [3.0543375031921784, 41.85933526925065], [3.0544579854084435, 41.85933521218735], [3.05457846762436, 41.85933515499767], [3.054698949839927, 41.85933509768161], [3.054819432055144, 41.85933504023916], [3.054819355131864, 41.85924497138807], [3.054939837177668, 41.859244913819424], [3.0549399142700095, 41.859334982670326]], [[3.054824663661346, 41.86545971878753], [3.0548247406088382, 41.86554978754079], [3.054824817556682, 41.86563985629265], [3.054945311607795, 41.86563979871116], [3.054945388725106, 41.86572986746142], [3.054945465842769, 41.865819936210265], [3.0548249714534217, 41.865819993792115], [3.054704477063723, 41.86582005124756], [3.054583982673674, 41.865820108576585], [3.054463488283276, 41.865820165779205], [3.0543429938925293, 41.8658202228554], [3.054222499501434, 41.86582027980519], [3.054222423398476, 41.86573021105528], [3.054222347295865, 41.86564014230394], [3.054222271193601, 41.865550073551184], [3.0543427650773456, 41.86555001660193], [3.0544632589607428, 41.86554995952627], [3.0544631825205957, 41.865459890772456], [3.054342688806314, 41.86545994784794], [3.05434261253563, 41.86536987909251], [3.0543425362652936, 41.86527981033569], [3.054342459995305, 41.86518974157745], [3.054462953202246, 41.865189684502504], [3.0544630296413473, 41.86527975326056], [3.054583523017053, 41.86527969605903], [3.0547040163924084, 41.865279638731074], [3.0547040931700855, 41.865369707487375], [3.0547041699481126, 41.86545977624225], [3.054824663661346, 41.86545971878753]]]}, "properties": {"area_ha": 64.74, "dnbr_threshold_core": 0.35, "dnbr_threshold_grow": 0.22, "forest_mask": "esa_worldcover_2021_10_20", "part": 127, "fire_id": "550037", "burn_year": 2026, "source": "sentinel", "aoi_source": "effis", "dnbr_threshold": 0.35, "buffer_m": 1800.0, "post_windows": 2, "post_window_dates": [{"start": "2026-07-10", "end": "2026-08-02"}, {"start": "2026-08-02", "end": "2026-09-01"}], "pre_window": {"start": "2026-04-19", "end": "2026-06-26"}, "fire_date": "2026-07-03", "severity": "moderada", "severity_method": "threshold_proxy"}}]}
