data_incendi,codi_comarca,comarca,codi_municipi,termemunic,haarbrades,hanoarbrad,hanoforest,haforestal,source_table
2011-01-11T00:00:00.000,08,Baix Camp,431299,Riudoms,0,0.2,0,0.2,bks7-dkfd
2011-01-13T00:00:00.000,37,Terra Alta,430483,Corbera d'Ebre,0.2,0,0,0.2,bks7-dkfd
2011-01-14T00:00:00.000,02,Alt Empordà,170545,Colera,0.01,0,0,0.01,bks7-dkfd
2011-01-16T00:00:00.000,06,Anoia,081022,Igualada,0,0.015,0,0.015,bks7-dkfd
2011-01-16T00:00:00.000,22,Montsià,430629,Freginals,0,0.0015,0,0.0015,bks7-dkfd
2011-01-16T00:00:00.000,19,Garrotxa,171498,Riudaura,0,0.43,0,0.43,bks7-dkfd
2011-01-16T00:00:00.000,24,Osona,082802,Tavertet,0,0.02,0,0.02,bks7-dkfd
2011-01-18T00:00:00.000,09,Baix Ebre,431554,Tortosa,0,0.0003,0,0.0003,bks7-dkfd
2011-01-18T00:00:00.000,02,Alt Empordà,170622,"Escala, l'",0,0.8,0,0.8,bks7-dkfd
2011-01-20T00:00:00.000,04,Alt Urgell,251850,Ribera d'Urgellet,0,0.9,0,0.9,bks7-dkfd
2011-01-21T00:00:00.000,40,Vallès Occidental,082055,Sant Cugat del Vallès,0,0.013,0,0.013,bks7-dkfd
2011-01-22T00:00:00.000,08,Baix Camp,430115,Almoster,0,3.08,0,3.08,bks7-dkfd
2011-01-22T00:00:00.000,12,Baix Penedès,430901,"Montmell, el",1.18,0,0,1.18,bks7-dkfd
2011-01-22T00:00:00.000,02,Alt Empordà,171788,Sant Pere Pescador,0,0.005,0,0.005,bks7-dkfd
2011-01-23T00:00:00.000,24,Osona,081290,Muntanyola,0,0.045,0,0.045,bks7-dkfd
2011-01-23T00:00:00.000,02,Alt Empordà,170470,Castelló d'Empúries,0,0.2,0,0.2,bks7-dkfd
2011-01-24T00:00:00.000,30,Ribera d'Ebre,431212,Rasquera,0.28,0,0,0.28,bks7-dkfd
2011-01-24T00:00:00.000,20,Gironès,171637,Sant Gregori,0.44,0,0,0.44,bks7-dkfd
2011-01-24T00:00:00.000,41,Vallès Oriental,080885,"Garriga, la",0,0.18,0,0.18,bks7-dkfd
2011-01-24T00:00:00.000,02,Alt Empordà,170307,Cabanes,0.4,0.1,0,0.5,bks7-dkfd
2011-01-25T00:00:00.000,19,Garrotxa,171498,Riudaura,0,0.07,0,0.07,bks7-dkfd
2011-01-25T00:00:00.000,01,Alt Camp,430982,Nulles,0.5,0.15,0,0.65,bks7-dkfd
2011-01-26T00:00:00.000,34,Selva,171501,Riudellots de la Selva,0.006,0,0,0.006,bks7-dkfd
2011-01-26T00:00:00.000,33,Segrià,251023,"Granja d'Escarp, la",0,0.06,0,0.06,bks7-dkfd
2011-01-26T00:00:00.000,02,Alt Empordà,171582,Sant Climent Sescebes,0,0.025,0,0.025,bks7-dkfd
2011-01-26T00:00:00.000,39,Val d'Aran,252430,Vielha e Mijaran,0.7,9.8,0,10.5,bks7-dkfd
2011-01-26T00:00:00.000,41,Vallès Oriental,089024,Vilanova del Vallès,0.02,0,0,0.02,bks7-dkfd
2011-01-27T00:00:00.000,38,Urgell,259025,Sant Martí de Riucorb,0,1,1.5,1,bks7-dkfd
2011-01-27T00:00:00.000,26,Pallars Sobirà,252094,Sort,0,0.03,0,0.03,bks7-dkfd
2011-02-03T00:00:00.000,11,Baix Llobregat,080765,Esparreguera,0,0.05,0,0.05,bks7-dkfd
2011-02-03T00:00:00.000,38,Urgell,252173,Tàrrega,0,0.9,0,0.9,bks7-dkfd
2011-02-03T00:00:00.000,09,Baix Ebre,430136,"Ametlla de Mar, l'",0,0.15,0,0.15,bks7-dkfd
2011-02-03T00:00:00.000,02,Alt Empordà,170669,Figueres,0,0.01,0,0.01,bks7-dkfd
2011-02-03T00:00:00.000,41,Vallès Oriental,081810,"Roca del Vallès, la",0.078,0,0,0.078,bks7-dkfd
2011-02-04T00:00:00.000,04,Alt Urgell,259062,"Valls d'Aguilar, les",0,0.32,0,0.32,bks7-dkfd
2011-02-04T00:00:00.000,25,Pallars Jussà,252347,Tremp,0,3.86,4.43,3.86,bks7-dkfd
2011-02-05T00:00:00.000,06,Anoia,081764,Pujalt,0.3,0,0,0.3,bks7-dkfd
2011-02-06T00:00:00.000,21,Maresme,081555,Palafolls,0,0.002,0,0.002,bks7-dkfd
2011-02-06T00:00:00.000,26,Pallars Sobirà,252094,Sort,0.15,0.15,0,0.3,bks7-dkfd
2011-02-07T00:00:00.000,12,Baix Penedès,430167,"Arboç, l'",0.05,0,0,0.05,bks7-dkfd
2011-02-08T00:00:00.000,38,Urgell,252424,Verdú,0,0.23,0,0.23,bks7-dkfd
2011-02-09T00:00:00.000,04,Alt Urgell,250306,"Pont de Bar, el",0,0.5,0,0.5,bks7-dkfd
2011-02-09T00:00:00.000,26,Pallars Sobirà,251266,Llavorsí,0,2,0,2,bks7-dkfd
2011-02-09T00:00:00.000,10,Baix Empordà,172095,Vall-llobrega,0.14,0,0,0.14,bks7-dkfd
2011-02-10T00:00:00.000,11,Baix Llobregat,081141,Martorell,0,0.016,0.9,0.016,bks7-dkfd
2011-02-10T00:00:00.000,06,Anoia,081614,Piera,0.053,0,0,0.053,bks7-dkfd
2011-02-10T00:00:00.000,40,Vallès Occidental,081846,Rubí,0,0.27,0,0.27,bks7-dkfd
2011-02-10T00:00:00.000,07,Bages,080023,Aguilar de Segarra,0,0.13,0,0.13,bks7-dkfd
2011-02-10T00:00:00.000,24,Osona,081516,Oristà,0.4,0,0,0.4,bks7-dkfd
2011-02-11T00:00:00.000,31,Ripollès,171674,Sant Joan de les Abadesses,0.53,0,0,0.53,bks7-dkfd
2011-02-11T00:00:00.000,33,Segrià,252542,Vilanova de la Barca,0,0.9,0.2,0.9,bks7-dkfd
2011-02-11T00:00:00.000,26,Pallars Sobirà,250241,Alt Àneu,6.5,86.1,0.9,92.6,bks7-dkfd
2011-02-11T00:00:00.000,02,Alt Empordà,172109,Ventalló,0,0.06,0,0.06,bks7-dkfd
2011-02-11T00:00:00.000,06,Anoia,080608,Castellfollit de Riubregós,0,0.183,0,0.183,bks7-dkfd
2011-02-11T00:00:00.000,20,Gironès,171557,Salt,0.09,0.26,0.05,0.35,bks7-dkfd
2011-02-13T00:00:00.000,21,Maresme,081108,Malgrat de Mar,0,0.002,0,0.002,bks7-dkfd
2011-02-14T00:00:00.000,09,Baix Ebre,431331,Roquetes,0,0.18,0,0.18,bks7-dkfd
2011-02-17T00:00:00.000,08,Baix Camp,430537,Duesaigües,0,0.03,0,0.03,bks7-dkfd
2011-02-18T00:00:00.000,40,Vallès Occidental,081846,Rubí,0.005,0,0,0.005,bks7-dkfd
2011-02-19T00:00:00.000,16,Conca de Barberà,430862,Montblanc,0,0.33,0,0.33,bks7-dkfd
2011-02-20T00:00:00.000,09,Baix Ebre,431554,Tortosa,0,0.025,0,0.025,bks7-dkfd
2011-02-20T00:00:00.000,31,Ripollès,172018,Toses,0.75,0,0,0.75,bks7-dkfd
2011-02-21T00:00:00.000,41,Vallès Oriental,081249,Mollet del Vallès,0.056,0,0,0.056,bks7-dkfd
2011-02-22T00:00:00.000,12,Baix Penedès,431634,"Vendrell, el",0.16,0,0,0.16,bks7-dkfd
2011-02-22T00:00:00.000,22,Montsià,431567,Ulldecona,0.5,22.5,0.3,23,bks7-dkfd
2011-02-22T00:00:00.000,08,Baix Camp,431188,Pratdip,0,1.34,0,1.34,bks7-dkfd
2011-02-23T00:00:00.000,16,Conca de Barberà,430862,Montblanc,0,0.045,0,0.045,bks7-dkfd
2011-02-23T00:00:00.000,11,Baix Llobregat,080898,Gavà,0,0.35,0,0.35,bks7-dkfd
2011-02-23T00:00:00.000,28,Pla de l'Estany,172180,Vilademuls,0,0.006,0,0.006,bks7-dkfd
2011-02-24T00:00:00.000,32,Segarra,250729,Cervera,0,0.46,0,0.46,bks7-dkfd
2011-02-24T00:00:00.000,16,Conca de Barberà,431763,Vimbodí i Poblet,0,0.9,0,0.9,bks7-dkfd
2011-02-25T00:00:00.000,37,Terra Alta,431750,Vilalba dels Arcs,6.2,5,0.7,11.2,bks7-dkfd
2011-02-25T00:00:00.000,06,Anoia,081705,"Prats de Rei, els",0,0.63,0,0.63,bks7-dkfd
2011-02-25T00:00:00.000,07,Bages,080121,Avinyó,0.8,0.34,0,1.14,bks7-dkfd
2011-02-25T00:00:00.000,10,Baix Empordà,171100,Mont-ras,0.03,0,0,0.03,bks7-dkfd
2011-02-25T00:00:00.000,02,Alt Empordà,170887,Lladó,0,0.1,0.05,0.1,bks7-dkfd
2011-02-25T00:00:00.000,07,Bages,080180,Balsareny,0,0.13,0,0.13,bks7-dkfd
2011-02-26T00:00:00.000,16,Conca de Barberà,431476,Solivella,0.06,0.54,0,0.6,bks7-dkfd
2011-02-26T00:00:00.000,07,Bages,080478,Cardona,0,0.12,0,0.12,bks7-dkfd
2011-02-26T00:00:00.000,18,Garrigues,250582,"Borges Blanques, les",0,1,0.6,1,bks7-dkfd
2011-02-26T00:00:00.000,22,Montsià,430770,Mas de Barberans,0,0.27,0,0.27,bks7-dkfd
2011-02-27T00:00:00.000,04,Alt Urgell,251850,Ribera d'Urgellet,0,0.024,0,0.024,bks7-dkfd
2011-02-27T00:00:00.000,10,Baix Empordà,170046,Albons,0,0.1,0,0.1,bks7-dkfd
2011-02-27T00:00:00.000,03,Alt Penedès,082732,Subirats,0,0.073,0,0.073,bks7-dkfd
2011-02-27T00:00:00.000,25,Pallars Jussà,252347,Tremp,6.4,7.7,5.1,14.1,bks7-dkfd
2011-02-28T00:00:00.000,33,Segrià,250077,Albatàrrec,0,0.2,0,0.2,bks7-dkfd
2011-02-28T00:00:00.000,06,Anoia,080214,Bellprat,0,0.35,0,0.35,bks7-dkfd
2011-02-28T00:00:00.000,09,Baix Ebre,439060,"Ampolla, l'",0,0.0015,0,0.0015,bks7-dkfd
2011-03-01T00:00:00.000,15,Cerdanya,251790,Prullans,0.4,0.22,0,0.62,bks7-dkfd
2011-03-01T00:00:00.000,07,Bages,081419,Navàs,0,0.02,0,0.02,bks7-dkfd
2011-03-01T00:00:00.000,33,Segrià,252542,Vilanova de la Barca,0,0.4,0.3,0.4,bks7-dkfd
2011-03-01T00:00:00.000,42,Moianès,080790,"Estany, l'",0.23,0.88,0,1.11,bks7-dkfd
2011-03-01T00:00:00.000,21,Maresme,080095,Argentona,1.03,0,0,1.03,bks7-dkfd
2011-03-02T00:00:00.000,33,Segrià,250138,Alfarràs,0,0.7,0.16,0.7,bks7-dkfd
2011-03-02T00:00:00.000,07,Bages,080983,Sant Salvador de Guardiola,0,0.03,0,0.03,bks7-dkfd
2011-03-02T00:00:00.000,06,Anoia,080636,Castellolí,0,0.11,0,0.11,bks7-dkfd
2011-03-02T00:00:00.000,03,Alt Penedès,081458,Olèrdola,0,0.33,0,0.33,bks7-dkfd
2011-03-02T00:00:00.000,11,Baix Llobregat,081580,"Papiol, el",0,0.075,0,0.075,bks7-dkfd
2011-03-02T00:00:00.000,02,Alt Empordà,170669,Figueres,0,0.8,0,0.8,bks7-dkfd
2011-03-02T00:00:00.000,02,Alt Empordà,170669,Figueres,0.14,0,0,0.14,bks7-dkfd
2011-03-03T00:00:00.000,09,Baix Ebre,439060,"Ampolla, l'",0,1.6,0,1.6,bks7-dkfd
2011-03-04T00:00:00.000,25,Pallars Jussà,251615,Conca de Dalt,0,0.9,0,0.9,bks7-dkfd
2011-03-06T00:00:00.000,20,Gironès,171557,Salt,0,0.001,0,0.001,bks7-dkfd
2011-03-07T00:00:00.000,33,Segrià,252542,Vilanova de la Barca,0,0.05,0,0.05,bks7-dkfd
2011-03-07T00:00:00.000,03,Alt Penedès,082270,Sant Martí Sarroca,0,0.07,0.05,0.07,bks7-dkfd
2011-03-07T00:00:00.000,26,Pallars Sobirà,250390,Baix Pallars,0,0.5,0,0.5,bks7-dkfd
2011-03-07T00:00:00.000,23,Noguera,250220,Alòs de Balaguer,0,2.7,0,2.7,bks7-dkfd
2011-03-08T00:00:00.000,40,Vallès Occidental,081846,Rubí,0,0.06,0,0.06,bks7-dkfd
2011-03-09T00:00:00.000,20,Gironès,171864,Sarrià de Ter,0.16,0,0,0.16,bks7-dkfd
2011-03-09T00:00:00.000,37,Terra Alta,430483,Corbera d'Ebre,0.18,0.28,0,0.46,bks7-dkfd
2011-03-09T00:00:00.000,17,Garraf,081483,Olivella,0,0.001,0,0.001,bks7-dkfd
2011-03-10T00:00:00.000,16,Conca de Barberà,430862,Montblanc,0,1.61,0.3,1.61,bks7-dkfd
2011-03-11T00:00:00.000,33,Segrià,252108,Soses,0,0.4,0,0.4,bks7-dkfd
2011-03-11T00:00:00.000,25,Pallars Jussà,259046,Castell de Mur,0.4,4.3,0.3,4.7,bks7-dkfd
2011-03-11T00:00:00.000,38,Urgell,252173,Tàrrega,0,0.16,0.11,0.16,bks7-dkfd
2011-03-11T00:00:00.000,42,Moianès,082589,Santa Maria d'Oló,0,0.2,1,0.2,bks7-dkfd
2011-03-11T00:00:00.000,33,Segrià,252108,Soses,0,0.3,0,0.3,bks7-dkfd
2011-03-19T00:00:00.000,33,Segrià,252542,Vilanova de la Barca,0,0.09,0,0.09,bks7-dkfd
2011-03-20T00:00:00.000,22,Montsià,430629,Freginals,0,0.5,0,0.5,bks7-dkfd
2011-03-21T00:00:00.000,33,Segrià,251207,Lleida,0,0.15,0,0.15,bks7-dkfd
2011-03-23T00:00:00.000,09,Baix Ebre,431554,Tortosa,0,0.0036,0,0.0036,bks7-dkfd
2011-03-23T00:00:00.000,38,Urgell,252424,Verdú,0,0.23,0,0.23,bks7-dkfd
2011-03-24T00:00:00.000,24,Osona,082541,"Esquirol, l'",0,0.6,0,0.6,bks7-dkfd
2011-03-25T00:00:00.000,41,Vallès Oriental,082093,Sant Fost de Campsentelles,0.0007,0,0,0.0007,bks7-dkfd
2011-03-25T00:00:00.000,25,Pallars Jussà,251155,Isona i Conca Dellà,0,0.7,0,0.7,bks7-dkfd
2011-03-25T00:00:00.000,25,Pallars Jussà,251615,Conca de Dalt,0,0.8,0,0.8,bks7-dkfd
2011-03-29T00:00:00.000,33,Segrià,252542,Vilanova de la Barca,0,0.002,0,0.002,bks7-dkfd
2011-03-31T00:00:00.000,16,Conca de Barberà,431763,Vimbodí i Poblet,0.08,0,0,0.08,bks7-dkfd
2011-04-01T00:00:00.000,38,Urgell,251459,Nalec,0,0.24,0,0.24,bks7-dkfd
2011-04-01T00:00:00.000,16,Conca de Barberà,430614,Forès,0.6,1.1,0,1.7,bks7-dkfd
2011-04-01T00:00:00.000,33,Segrià,251333,Maials,0.2,0.4,0,0.6,bks7-dkfd
2011-04-01T00:00:00.000,36,Tarragonès,430430,"Catllar, el",0,0.13,0,0.13,bks7-dkfd
2011-04-02T00:00:00.000,09,Baix Ebre,431042,"Perelló, el",0,0.005,0,0.005,bks7-dkfd
2011-04-02T00:00:00.000,09,Baix Ebre,431042,"Perelló, el",0,0.002,0,0.002,bks7-dkfd
2011-04-02T00:00:00.000,09,Baix Ebre,431554,Tortosa,0.01,0,0,0.01,bks7-dkfd
2011-04-02T00:00:00.000,09,Baix Ebre,431042,"Perelló, el",0,0.27,0,0.27,bks7-dkfd
2011-04-02T00:00:00.000,09,Baix Ebre,431042,"Perelló, el",0,0.7,0,0.7,bks7-dkfd
2011-04-04T00:00:00.000,08,Baix Camp,430075,"Aleixar, l'",0,0.12,0,0.12,bks7-dkfd
2011-04-05T00:00:00.000,16,Conca de Barberà,430862,Montblanc,0,1.08,0,1.08,bks7-dkfd
2011-04-05T00:00:00.000,37,Terra Alta,431750,Vilalba dels Arcs,0.17,0,0.09,0.17,bks7-dkfd
2011-04-06T00:00:00.000,09,Baix Ebre,431554,Tortosa,0.01,0,0,0.01,bks7-dkfd
2011-04-08T00:00:00.000,33,Segrià,252326,Torres de Segre,0,0.2,0.1,0.2,bks7-dkfd
2011-04-08T00:00:00.000,03,Alt Penedès,082401,Sant Sadurní d'Anoia,0,0.1,0,0.1,bks7-dkfd
2011-04-08T00:00:00.000,10,Baix Empordà,179011,"Cruïlles, Monells i Sant Sadurní de l'Heura",5.75,0,0,5.75,bks7-dkfd
2011-04-09T00:00:00.000,33,Segrià,250117,Alcarràs,0.1,0,0,0.1,bks7-dkfd
2011-04-09T00:00:00.000,09,Baix Ebre,439018,Deltebre,0,0.029,0,0.029,bks7-dkfd
2011-04-09T00:00:00.000,33,Segrià,251312,Massalcoreig,0,0.12,0.1,0.12,bks7-dkfd
2011-04-10T00:00:00.000,19,Garrotxa,171143,Olot,0.003,0,0,0.003,bks7-dkfd
2011-04-11T00:00:00.000,41,Vallès Oriental,080462,Cardedeu,0.056,0,0,0.056,bks7-dkfd
2011-04-11T00:00:00.000,12,Baix Penedès,431634,"Vendrell, el",0,0.004,0,0.004,bks7-dkfd
2011-04-11T00:00:00.000,30,Ribera d'Ebre,431508,Tivissa,0,1,0,1,bks7-dkfd
2011-04-12T00:00:00.000,02,Alt Empordà,171523,Roses,0.006,0,0,0.006,bks7-dkfd
2011-04-12T00:00:00.000,02,Alt Empordà,170118,"Armentera, l'",0.012,0,0,0.012,bks7-dkfd
2011-04-12T00:00:00.000,10,Baix Empordà,172327,Vilopriu,0.01,0,0,0.01,bks7-dkfd
2011-04-13T00:00:00.000,30,Ribera d'Ebre,430939,Móra d'Ebre,0,0.01,0,0.01,bks7-dkfd
2011-04-13T00:00:00.000,02,Alt Empordà,171582,Sant Climent Sescebes,0,3.6,0,3.6,bks7-dkfd
2011-04-13T00:00:00.000,40,Vallès Occidental,082520,Barberà del Vallès,0,0.0015,0,0.0015,bks7-dkfd
2011-04-14T00:00:00.000,33,Segrià,250143,Alfés,0,0.1,0.16,0.1,bks7-dkfd
2011-04-15T00:00:00.000,33,Segrià,252542,Vilanova de la Barca,0,0.15,0,0.15,bks7-dkfd
2011-04-16T00:00:00.000,21,Maresme,082613,Santa Susanna,0,0.08,0,0.08,bks7-dkfd
2011-04-16T00:00:00.000,09,Baix Ebre,431042,"Perelló, el",0,0.08,0,0.08,bks7-dkfd
2011-04-16T00:00:00.000,38,Urgell,250463,Belianes,0,0.34,0,0.34,bks7-dkfd
2011-04-16T00:00:00.000,09,Baix Ebre,431042,"Perelló, el",0,0.96,0,0.96,bks7-dkfd
2011-04-16T00:00:00.000,09,Baix Ebre,439060,"Ampolla, l'",0,0.03,0,0.03,bks7-dkfd
2011-04-16T00:00:00.000,09,Baix Ebre,439060,"Ampolla, l'",0,0.0092,0,0.0092,bks7-dkfd
2011-04-16T00:00:00.000,09,Baix Ebre,431042,"Perelló, el",0,0.0001,0,0.0001,bks7-dkfd
2011-04-16T00:00:00.000,09,Baix Ebre,439060,"Ampolla, l'",0,0.04,0,0.04,bks7-dkfd
2011-04-16T00:00:00.000,09,Baix Ebre,439060,"Ampolla, l'",0,0.0001,0,0.0001,bks7-dkfd
2011-04-16T00:00:00.000,09,Baix Ebre,431042,"Perelló, el",0,0.11,0,0.11,bks7-dkfd
2011-04-17T00:00:00.000,13,Barcelonès,080193,Barcelona,0,1.6,0,1.6,bks7-dkfd
2011-04-17T00:00:00.000,37,Terra Alta,430483,Corbera d'Ebre,0,1.14,0,1.14,bks7-dkfd
2011-04-17T00:00:00.000,33,Segrià,252108,Soses,0,0.5,0.25,0.5,bks7-dkfd
2011-04-18T00:00:00.000,16,Conca de Barberà,431476,Solivella,0.3,0.4,0.6,0.7,bks7-dkfd
2011-04-18T00:00:00.000,41,Vallès Oriental,080462,Cardedeu,0,0.005,0,0.005,bks7-dkfd
2011-04-19T00:00:00.000,38,Urgell,250030,Agramunt,0,0.5,0,0.5,bks7-dkfd
2011-04-19T00:00:00.000,23,Noguera,250349,Artesa de Segre,0,0.3,0.01,0.3,bks7-dkfd
2011-04-19T00:00:00.000,38,Urgell,252173,Tàrrega,0,2.98,0.05,2.98,bks7-dkfd
2011-04-20T00:00:00.000,03,Alt Penedès,082877,Torrelavit,0,0.001,0,0.001,bks7-dkfd
2011-04-20T00:00:00.000,40,Vallès Occidental,081803,Ripollet,0,0.06,0,0.06,bks7-dkfd
2011-04-21T00:00:00.000,38,Urgell,251305,Maldà,0,0.3,0,0.3,bks7-dkfd
2011-04-21T00:00:00.000,03,Alt Penedès,082877,Torrelavit,0,0.02,0,0.02,bks7-dkfd
2011-04-27T00:00:00.000,33,Segrià,251207,Lleida,0,0.1,0,0.1,bks7-dkfd
2011-04-28T00:00:00.000,01,Alt Camp,430831,"Milà, el",0,0.04,0,0.04,bks7-dkfd
2011-05-01T00:00:00.000,13,Barcelonès,080193,Barcelona,0.002,0,0,0.002,bks7-dkfd
2011-05-03T00:00:00.000,41,Vallès Oriental,081810,"Roca del Vallès, la",0,0.01,0,0.01,bks7-dkfd
2011-05-03T00:00:00.000,41,Vallès Oriental,081810,"Roca del Vallès, la",0,0.002,0,0.002,bks7-dkfd
2011-05-04T00:00:00.000,30,Ribera d'Ebre,431251,Riba-roja d'Ebre,0,0.005,0,0.005,bks7-dkfd
2011-05-05T00:00:00.000,02,Alt Empordà,171582,Sant Climent Sescebes,0,8.2,0,8.2,bks7-dkfd
2011-05-06T00:00:00.000,12,Baix Penedès,431634,"Vendrell, el",0,0.018,0,0.018,bks7-dkfd
2011-05-06T00:00:00.000,41,Vallès Oriental,082107,Sant Feliu de Codines,0.0025,0,0,0.0025,bks7-dkfd
2011-05-06T00:00:00.000,41,Vallès Oriental,081075,Lliçà d'Amunt,0.04,0,0,0.04,bks7-dkfd
2011-05-06T00:00:00.000,20,Gironès,170792,Girona,0.05,0,0,0.05,bks7-dkfd
2011-05-07T00:00:00.000,30,Ribera d'Ebre,431508,Tivissa,0,0.14,0,0.14,bks7-dkfd
2011-05-07T00:00:00.000,02,Alt Empordà,171788,Sant Pere Pescador,0.002,0,0,0.002,bks7-dkfd
2011-05-08T00:00:00.000,06,Anoia,081192,Masquefa,0,0.045,0,0.045,bks7-dkfd
2011-05-10T00:00:00.000,02,Alt Empordà,170010,Agullana,0,0.006,0,0.006,bks7-dkfd
2011-05-11T00:00:00.000,02,Alt Empordà,171582,Sant Climent Sescebes,0,9.2,0,9.2,bks7-dkfd
2011-05-11T00:00:00.000,12,Baix Penedès,431634,"Vendrell, el",0.06,0.19,0,0.25,bks7-dkfd
2011-05-11T00:00:00.000,23,Noguera,250404,Balaguer,0,0.25,0,0.25,bks7-dkfd
2011-05-12T00:00:00.000,02,Alt Empordà,171582,Sant Climent Sescebes,0,9.1,0,9.1,bks7-dkfd
2011-05-12T00:00:00.000,11,Baix Llobregat,081960,Sant Andreu de la Barca,0,0.001,0,0.001,bks7-dkfd
2011-05-13T00:00:00.000,07,Bages,081825,"Pont de Vilomara i Rocafort, el",0,0.001,0,0.001,bks7-dkfd
2011-05-15T00:00:00.000,02,Alt Empordà,171002,Masarac,0,0.02,0,0.02,bks7-dkfd
2011-05-15T00:00:00.000,33,Segrià,251898,Rosselló,0,1.7,0,1.7,bks7-dkfd
2011-05-15T00:00:00.000,33,Segrià,251207,Lleida,0,0.31,0,0.31,bks7-dkfd
2011-05-17T00:00:00.000,23,Noguera,250404,Balaguer,0.4,0,0,0.4,bks7-dkfd
2011-05-17T00:00:00.000,09,Baix Ebre,431554,Tortosa,0,0.4,0,0.4,bks7-dkfd
2011-05-18T00:00:00.000,33,Segrià,250100,Alcanó,0,0.029,0,0.029,bks7-dkfd
2011-05-18T00:00:00.000,33,Segrià,252043,Seròs,0,2.6,0,2.6,bks7-dkfd
2011-05-19T00:00:00.000,40,Vallès Occidental,082798,Terrassa,0.079,0,0,0.079,bks7-dkfd
2011-05-20T00:00:00.000,33,Segrià,251207,Lleida,0,0.08,0,0.08,bks7-dkfd
2011-05-21T00:00:00.000,02,Alt Empordà,172109,Ventalló,0.03,0,0,0.03,bks7-dkfd
2011-05-21T00:00:00.000,07,Bages,080983,Sant Salvador de Guardiola,0.002,0,0,0.002,bks7-dkfd
2011-05-21T00:00:00.000,34,Selva,171030,Maçanet de la Selva,0.0025,0,0,0.0025,bks7-dkfd
2011-05-21T00:00:00.000,06,Anoia,082573,Santa Maria de Miralles,0,0.115,0,0.115,bks7-dkfd
2011-05-21T00:00:00.000,33,Segrià,251207,Lleida,0.25,0,0,0.25,bks7-dkfd
2011-05-21T00:00:00.000,41,Vallès Oriental,081810,"Roca del Vallès, la",0.01,0,0,0.01,bks7-dkfd
2011-05-22T00:00:00.000,06,Anoia,082573,Santa Maria de Miralles,0.002,0,0,0.002,bks7-dkfd
2011-05-22T00:00:00.000,33,Segrià,251207,Lleida,0,0.07,0,0.07,bks7-dkfd
2011-05-23T00:00:00.000,11,Baix Llobregat,082634,Sant Vicenç dels Horts,0,0.047,0,0.047,bks7-dkfd
2011-05-23T00:00:00.000,02,Alt Empordà,171523,Roses,0,2.3,0,2.3,bks7-dkfd
2011-05-23T00:00:00.000,09,Baix Ebre,430252,Benifallet,7.28,2.48,0,9.76,bks7-dkfd
2011-05-23T00:00:00.000,02,Alt Empordà,171582,Sant Climent Sescebes,0,30.8,0.1,30.8,bks7-dkfd
2011-05-24T00:00:00.000,09,Baix Ebre,431554,Tortosa,0.7,0,0,0.7,bks7-dkfd
2011-05-24T00:00:00.000,16,Conca de Barberà,431763,Vimbodí i Poblet,0,0.07,0,0.07,bks7-dkfd
2011-05-24T00:00:00.000,33,Segrià,251207,Lleida,0.3,0,0,0.3,bks7-dkfd
2011-05-24T00:00:00.000,33,Segrià,251207,Lleida,0.1,0,0,0.1,bks7-dkfd
2011-05-25T00:00:00.000,06,Anoia,082508,Santa Margarida de Montbui,0,0.06,0,0.06,bks7-dkfd
2011-05-25T00:00:00.000,11,Baix Llobregat,082634,Sant Vicenç dels Horts,0,0.13,0,0.13,bks7-dkfd
2011-05-25T00:00:00.000,33,Segrià,252326,Torres de Segre,0,0.25,0,0.25,bks7-dkfd
2011-05-26T00:00:00.000,40,Vallès Occidental,082798,Terrassa,0,0.001,0,0.001,bks7-dkfd
2011-05-26T00:00:00.000,14,Berguedà,082687,Cercs,0.012,0,0,0.012,bks7-dkfd
2011-05-26T00:00:00.000,25,Pallars Jussà,252154,Talarn,0.67,0.2,0,0.87,bks7-dkfd
2011-05-26T00:00:00.000,18,Garrigues,250735,Cervià de les Garrigues,0,0.19,1.3,0.19,bks7-dkfd
2011-05-26T00:00:00.000,30,Ribera d'Ebre,430995,"Palma d'Ebre, la",0,0.03,0.6,0.03,bks7-dkfd
2011-05-26T00:00:00.000,08,Baix Camp,430094,Alforja,0,0.91,0,0.91,bks7-dkfd
2011-05-26T00:00:00.000,10,Baix Empordà,171609,Sant Feliu de Guíxols,0.25,0,0,0.25,bks7-dkfd
2011-05-28T00:00:00.000,02,Alt Empordà,171208,Palau-saverdera,0,0.05,0,0.05,bks7-dkfd
2011-05-28T00:00:00.000,21,Maresme,081108,Malgrat de Mar,0.001,0,0,0.001,bks7-dkfd
2011-05-28T00:00:00.000,10,Baix Empordà,170813,Gualta,0,0.007,0,0.007,bks7-dkfd
2011-05-28T00:00:00.000,07,Bages,081918,Sallent,0,0.004,0,0.004,bks7-dkfd
2011-05-28T00:00:00.000,11,Baix Llobregat,082634,Sant Vicenç dels Horts,0,0.18,0,0.18,bks7-dkfd
2011-05-29T00:00:00.000,16,Conca de Barberà,430862,Montblanc,0,0.05,0,0.05,bks7-dkfd
2011-05-29T00:00:00.000,06,Anoia,082508,Santa Margarida de Montbui,0,0.038,0,0.038,bks7-dkfd
2011-05-29T00:00:00.000,29,Priorat,431140,Porrera,0,0.016,0,0.016,bks7-dkfd
2011-05-29T00:00:00.000,11,Baix Llobregat,080898,Gavà,0,0.05,0,0.05,bks7-dkfd
2011-05-31T00:00:00.000,16,Conca de Barberà,431397,Santa Coloma de Queralt,0.0001,0,0,0.0001,bks7-dkfd
2011-06-01T00:00:00.000,16,Conca de Barberà,431687,Vilanova de Prades,0.03,0,0,0.03,bks7-dkfd
2011-06-03T00:00:00.000,41,Vallès Oriental,080863,"Franqueses del Vallès, les",0.02,0,0,0.02,bks7-dkfd
2011-06-03T00:00:00.000,33,Segrià,252265,Torrebesses,0,0.08,0,0.08,bks7-dkfd
2011-06-03T00:00:00.000,09,Baix Ebre,431021,Paüls,0.0008,0,0,0.0008,bks7-dkfd
2011-06-04T00:00:00.000,02,Alt Empordà,172348,Biure,0.002,0,0,0.002,bks7-dkfd
2011-06-05T00:00:00.000,06,Anoia,082508,Santa Margarida de Montbui,0,0.035,0,0.035,bks7-dkfd
2011-06-06T00:00:00.000,18,Garrigues,250735,Cervià de les Garrigues,0,0.1,1.4,0.1,bks7-dkfd
2011-06-11T00:00:00.000,23,Noguera,251569,Os de Balaguer,0,0.18,0,0.18,bks7-dkfd
2011-06-13T00:00:00.000,21,Maresme,080403,Canet de Mar,0.002,0,0,0.002,bks7-dkfd
2011-06-14T00:00:00.000,09,Baix Ebre,431554,Tortosa,0,0.91,0,0.91,bks7-dkfd
2011-06-14T00:00:00.000,06,Anoia,082975,Veciana,0,0.001,0,0.001,bks7-dkfd
2011-06-15T00:00:00.000,18,Garrigues,252069,"Soleràs, el",0,0.43,0,0.43,bks7-dkfd
2011-06-16T00:00:00.000,06,Anoia,081038,Jorba,0,0.002,0,0.002,bks7-dkfd
2011-06-16T00:00:00.000,11,Baix Llobregat,080765,Esparreguera,0,0.013,0,0.013,bks7-dkfd
2011-06-17T00:00:00.000,11,Baix Llobregat,080898,Gavà,0,0.155,0,0.155,bks7-dkfd
2011-06-17T00:00:00.000,11,Baix Llobregat,080689,Cervelló,0.0003,0,0,0.0003,bks7-dkfd
2011-06-18T00:00:00.000,33,Segrià,250387,Aitona,0,0.06,0,0.06,bks7-dkfd
2011-06-19T00:00:00.000,07,Bages,081918,Sallent,0,0.08,0,0.08,bks7-dkfd
2011-06-20T00:00:00.000,33,Segrià,252326,Torres de Segre,0,0.09,0,0.09,bks7-dkfd
2011-06-20T00:00:00.000,21,Maresme,080351,Calella,0,0.003,0,0.003,bks7-dkfd
2011-06-20T00:00:00.000,11,Baix Llobregat,082634,Sant Vicenç dels Horts,0,0.06,0,0.06,bks7-dkfd
2011-06-21T00:00:00.000,12,Baix Penedès,431634,"Vendrell, el",0,0.07,0,0.07,bks7-dkfd
2011-06-21T00:00:00.000,33,Segrià,251749,"Portella, la",0.16,0.12,0,0.28,bks7-dkfd
2011-06-23T00:00:00.000,10,Baix Empordà,170340,Calonge i Sant Antoni,0,0.3,0,0.3,bks7-dkfd
2011-06-23T00:00:00.000,41,Vallès Oriental,081810,"Roca del Vallès, la",0,0.1,0,0.1,bks7-dkfd
2011-06-23T00:00:00.000,10,Baix Empordà,171241,Pals,0,0.06,0,0.06,bks7-dkfd
2011-06-23T00:00:00.000,21,Maresme,080351,Calella,0,0.15,0,0.15,bks7-dkfd
2011-06-24T00:00:00.000,06,Anoia,081192,Masquefa,0,0.03,0,0.03,bks7-dkfd
2011-06-24T00:00:00.000,33,Segrià,250122,Alcoletge,0,0.08,0,0.08,bks7-dkfd
2011-06-24T00:00:00.000,41,Vallès Oriental,080961,Granollers,0,0.007,0,0.007,bks7-dkfd
2011-06-24T00:00:00.000,10,Baix Empordà,171997,Torroella de Montgrí,1.3,0.7,0,2,bks7-dkfd
2011-06-24T00:00:00.000,17,Garraf,082310,Sant Pere de Ribes,0,0.0025,0,0.0025,bks7-dkfd
2011-06-24T00:00:00.000,40,Vallès Occidental,081878,Sabadell,0,0.06,0.48,0.06,bks7-dkfd
2011-06-24T00:00:00.000,20,Gironès,170792,Girona,0,0.05,0,0.05,bks7-dkfd
2011-06-24T00:00:00.000,12,Baix Penedès,430379,Calafell,0,0.02,0,0.02,bks7-dkfd
2011-06-25T00:00:00.000,07,Bages,080538,Castellbell i el Vilar,0,0.27,0,0.27,bks7-dkfd
2011-06-25T00:00:00.000,34,Selva,172137,Vidreres,0,0.01,0,0.01,bks7-dkfd
2011-06-25T00:00:00.000,02,Alt Empordà,171582,Sant Climent Sescebes,0,0.11,0,0.11,bks7-dkfd
2011-06-25T00:00:00.000,10,Baix Empordà,172327,Vilopriu,0.006,0,0,0.006,bks7-dkfd
2011-06-26T00:00:00.000,33,Segrià,251207,Lleida,0.04,0.5,0,0.54,bks7-dkfd
2011-06-26T00:00:00.000,41,Vallès Oriental,081069,Llinars del Vallès,0,0.11,0,0.11,bks7-dkfd
2011-06-27T00:00:00.000,40,Vallès Occidental,081878,Sabadell,0,0.0045,0,0.0045,bks7-dkfd
2011-06-28T00:00:00.000,21,Maresme,080095,Argentona,0.001,0,0,0.001,bks7-dkfd
2011-06-28T00:00:00.000,10,Baix Empordà,172327,Vilopriu,0,0.01,0.03,0.01,bks7-dkfd
2011-06-28T00:00:00.000,20,Gironès,170890,Llagostera,0.26,0,0.81,0.26,bks7-dkfd
2011-06-28T00:00:00.000,21,Maresme,081939,Sant Iscle de Vallalta,0.012,0,0,0.012,bks7-dkfd
2011-06-28T00:00:00.000,15,Cerdanya,170617,Das,0,0.2,0,0.2,bks7-dkfd
2011-06-28T00:00:00.000,07,Bages,080538,Castellbell i el Vilar,0,0.0015,0,0.0015,bks7-dkfd
2011-06-28T00:00:00.000,20,Gironès,170448,Cassà de la Selva,0.008,0,0,0.008,bks7-dkfd
2011-06-28T00:00:00.000,08,Baix Camp,431628,Vandellòs i l'Hospitalet de l'Infant,0,0.0025,0,0.0025,bks7-dkfd
2011-06-28T00:00:00.000,41,Vallès Oriental,082592,Santa Maria de Palautordera,0.002,0,0,0.002,bks7-dkfd
2011-06-28T00:00:00.000,10,Baix Empordà,179011,"Cruïlles, Monells i Sant Sadurní de l'Heura",2.2,0,1.8,2.2,bks7-dkfd
2011-06-28T00:00:00.000,08,Baix Camp,430923,Mont-roig del Camp,0,0.02,0,0.02,bks7-dkfd
2011-06-29T00:00:00.000,11,Baix Llobregat,080898,Gavà,0,0.005,0,0.005,bks7-dkfd
2011-06-29T00:00:00.000,12,Baix Penedès,431634,"Vendrell, el",1.2,8.6,0.9,9.8,bks7-dkfd
2011-06-29T00:00:00.000,20,Gironès,170448,Cassà de la Selva,0.006,0,0,0.006,bks7-dkfd
2011-06-29T00:00:00.000,33,Segrià,252000,Sarroca de Lleida,0,0.18,0,0.18,bks7-dkfd
2011-06-29T00:00:00.000,12,Baix Penedès,431634,"Vendrell, el",4.01,4.18,0,8.19,bks7-dkfd
2011-06-29T00:00:00.000,22,Montsià,430141,Amposta,0,0.0076,0,0.0076,bks7-dkfd
2011-06-30T00:00:00.000,07,Bages,080538,Castellbell i el Vilar,0.002,0,0,0.002,bks7-dkfd
2011-06-30T00:00:00.000,29,Priorat,431573,Ulldemolins,0,0.001,0,0.001,bks7-dkfd
2011-06-30T00:00:00.000,20,Gironès,170448,Cassà de la Selva,0.03,0,0,0.03,bks7-dkfd
2011-06-30T00:00:00.000,02,Alt Empordà,170773,Garriguella,0,0.02,0,0.02,bks7-dkfd
2011-06-30T00:00:00.000,20,Gironès,170792,Girona,1.1,0.06,0.33,1.16,bks7-dkfd
2011-06-30T00:00:00.000,06,Anoia,082508,Santa Margarida de Montbui,0,0.02,0,0.02,bks7-dkfd
2011-06-30T00:00:00.000,38,Urgell,252173,Tàrrega,0,0.35,0.04,0.35,bks7-dkfd
2011-07-01T00:00:00.000,30,Ribera d'Ebre,430607,Flix,0,0.4,0,0.4,bks7-dkfd
2011-07-01T00:00:00.000,33,Segrià,250215,Almenar,0,0.3,0.44,0.3,bks7-dkfd
2011-07-01T00:00:00.000,41,Vallès Oriental,081069,Llinars del Vallès,0.05,0,0,0.05,bks7-dkfd
2011-07-01T00:00:00.000,38,Urgell,251095,Guimerà,0,0.9,0,0.9,bks7-dkfd
2011-07-02T00:00:00.000,10,Baix Empordà,171959,"Tallada d'Empordà, la",0,0.7,0,0.7,bks7-dkfd
2011-07-02T00:00:00.000,09,Baix Ebre,430136,"Ametlla de Mar, l'",0.09,0,0,0.09,bks7-dkfd
2011-07-02T00:00:00.000,32,Segarra,251919,Sanaüja,1.12,0,6.09,1.12,bks7-dkfd
2011-07-02T00:00:00.000,09,Baix Ebre,431042,"Perelló, el",0.006,0,0,0.006,bks7-dkfd
2011-07-03T00:00:00.000,25,Pallars Jussà,250984,Gavet de la Conca,0.05,0,0,0.05,bks7-dkfd
2011-07-03T00:00:00.000,37,Terra Alta,430712,Horta de Sant Joan,0.0025,0,0,0.0025,bks7-dkfd
2011-07-04T00:00:00.000,37,Terra Alta,430568,"Fatarella, la",0.08,0,0,0.08,bks7-dkfd
2011-07-04T00:00:00.000,35,Solsonès,251462,Navès,0.0015,0,0,0.0015,bks7-dkfd
2011-07-04T00:00:00.000,16,Conca de Barberà,430290,Blancafort,0.07,0,0,0.07,bks7-dkfd
2011-07-05T00:00:00.000,30,Ribera d'Ebre,430939,Móra d'Ebre,0.29,0,0,0.29,bks7-dkfd
2011-07-06T00:00:00.000,29,Priorat,431573,Ulldemolins,0,0.12,0,0.12,bks7-dkfd
2011-07-07T00:00:00.000,34,Selva,170335,Caldes de Malavella,0.03,0,0,0.03,bks7-dkfd
2011-07-07T00:00:00.000,22,Montsià,430445,"Sénia, la",0,0.18,0,0.18,bks7-dkfd
2011-07-07T00:00:00.000,10,Baix Empordà,171910,Serra de Daró,0,0.15,0,0.15,bks7-dkfd
2011-07-08T00:00:00.000,10,Baix Empordà,171175,Palafrugell,0.83,0,0.09,0.83,bks7-dkfd
2011-07-08T00:00:00.000,06,Anoia,082975,Veciana,0.5,0.8,4.2,1.3,bks7-dkfd
2011-07-08T00:00:00.000,41,Vallès Oriental,082107,Sant Feliu de Codines,0,0.4,0,0.4,bks7-dkfd
2011-07-08T00:00:00.000,40,Vallès Occidental,082055,Sant Cugat del Vallès,0,0.23,0.26,0.23,bks7-dkfd
2011-07-08T00:00:00.000,20,Gironès,170792,Girona,1.77,3.91,0.02,5.68,bks7-dkfd
2011-07-08T00:00:00.000,09,Baix Ebre,431042,"Perelló, el",0.135,0,0,0.135,bks7-dkfd
2011-07-10T00:00:00.000,08,Baix Camp,430810,Maspujols,0,0.03,0,0.03,bks7-dkfd
2011-07-10T00:00:00.000,21,Maresme,080403,Canet de Mar,0.0015,0,0,0.0015,bks7-dkfd
2011-07-11T00:00:00.000,22,Montsià,430629,Freginals,0,1.42,0,1.42,bks7-dkfd
2011-07-11T00:00:00.000,24,Osona,082251,Sant Martí d'Albars,0.06,0,0,0.06,bks7-dkfd
2011-07-11T00:00:00.000,16,Conca de Barberà,430542,"Espluga de Francolí, l'",0.4,0.49,0,0.89,bks7-dkfd
2011-07-12T00:00:00.000,07,Bages,080121,Avinyó,0.03,0,0,0.03,bks7-dkfd
2011-07-12T00:00:00.000,06,Anoia,080253,"Bruc, el",0.029,0,0,0.029,bks7-dkfd
2011-07-12T00:00:00.000,06,Anoia,080253,"Bruc, el",1.14,0,0,1.14,bks7-dkfd
2011-07-12T00:00:00.000,06,Anoia,080253,"Bruc, el",0.002,0,0,0.002,bks7-dkfd
2011-07-12T00:00:00.000,37,Terra Alta,431068,"Pinell de Brai, el",0.003,0,0,0.003,bks7-dkfd
2011-07-12T00:00:00.000,26,Pallars Sobirà,252081,Soriguera,0,0.0005,0,0.0005,bks7-dkfd
2011-07-12T00:00:00.000,23,Noguera,250404,Balaguer,1.3,23.4,12.2,24.7,bks7-dkfd
2011-07-12T00:00:00.000,24,Osona,081496,Olost,0.002,0,0,0.002,bks7-dkfd
2011-07-13T00:00:00.000,18,Garrigues,252249,"Torms, els",0.1,0,0,0.1,bks7-dkfd
2011-07-13T00:00:00.000,02,Alt Empordà,172272,Vilamaniscle,0,0.2,0,0.2,bks7-dkfd
2011-07-13T00:00:00.000,29,Priorat,430960,"Morera de Montsant, la",0.012,0,0,0.012,bks7-dkfd
2011-07-13T00:00:00.000,11,Baix Llobregat,081960,Sant Andreu de la Barca,0,0.001,0,0.001,bks7-dkfd
2011-07-13T00:00:00.000,08,Baix Camp,431299,Riudoms,0,0.4,0,0.4,bks7-dkfd
2011-07-13T00:00:00.000,35,Solsonès,250642,Castellar de la Ribera,0,0.12,0,0.12,bks7-dkfd
2011-07-14T00:00:00.000,37,Terra Alta,430228,Batea,0.15,0,0,0.15,bks7-dkfd
2011-07-14T00:00:00.000,08,Baix Camp,431299,Riudoms,0,0.1,0,0.1,bks7-dkfd
2011-07-15T00:00:00.000,07,Bages,082129,Sant Feliu Sasserra,0.045,0,0,0.045,bks7-dkfd
2011-07-15T00:00:00.000,38,Urgell,251575,Ossó de Sió,0,0.3,2.7,0.3,bks7-dkfd
2011-07-15T00:00:00.000,09,Baix Ebre,431554,Tortosa,0,0.12,0,0.12,bks7-dkfd
2011-07-16T00:00:00.000,10,Baix Empordà,170221,"Bisbal d'Empordà, la",11.1,0.8,4.7,11.9,bks7-dkfd
2011-07-16T00:00:00.000,02,Alt Empordà,171788,Sant Pere Pescador,0,0.03,0,0.03,bks7-dkfd
2011-07-16T00:00:00.000,41,Vallès Oriental,082567,Santa Maria de Martorelles,0,0.0025,0,0.0025,bks7-dkfd
2011-07-17T00:00:00.000,06,Anoia,081764,Pujalt,0,0.04,0,0.04,bks7-dkfd
2011-07-17T00:00:00.000,08,Baix Camp,430923,Mont-roig del Camp,0,1.22,0,1.22,bks7-dkfd
2011-07-17T00:00:00.000,18,Garrigues,250735,Cervià de les Garrigues,0.61,0.17,2.56,0.78,bks7-dkfd
2011-07-18T00:00:00.000,23,Noguera,251569,Os de Balaguer,0,0.77,0,0.77,bks7-dkfd
2011-07-18T00:00:00.000,20,Gironès,171557,Salt,0.02,0.63,0,0.65,bks7-dkfd
2011-07-18T00:00:00.000,38,Urgell,251811,Puigverd d'Agramunt,0,0.01,0,0.01,bks7-dkfd
2011-07-19T00:00:00.000,08,Baix Camp,431299,Riudoms,0,0.5,1,0.5,bks7-dkfd
2011-07-19T00:00:00.000,33,Segrià,251207,Lleida,4.6,3.4,22.11,8,bks7-dkfd
2011-07-19T00:00:00.000,01,Alt Camp,431248,"Riba, la",75.81,266.28,9.31,342.09,bks7-dkfd
2011-07-19T00:00:00.000,23,Noguera,250946,Foradada,0,0.07,0,0.07,bks7-dkfd
2011-07-20T00:00:00.000,10,Baix Empordà,170486,Castell-Platja d'Aro,0,0.05,0,0.05,bks7-dkfd
2011-07-21T00:00:00.000,18,Garrigues,250735,Cervià de les Garrigues,0.03,0,0,0.03,bks7-dkfd
2011-07-21T00:00:00.000,08,Baix Camp,430424,Castellvell del Camp,0,0.09,0,0.09,bks7-dkfd
2011-07-21T00:00:00.000,29,Priorat,431140,Porrera,0,0.025,0,0.025,bks7-dkfd
2011-07-23T00:00:00.000,01,Alt Camp,430347,Bràfim,0,0.0001,0,0.0001,bks7-dkfd
2011-07-23T00:00:00.000,11,Baix Llobregat,082634,Sant Vicenç dels Horts,0,0.002,0,0.002,bks7-dkfd
2011-07-23T00:00:00.000,37,Terra Alta,430228,Batea,0.44,0,0,0.44,bks7-dkfd
2011-07-23T00:00:00.000,38,Urgell,251095,Guimerà,0.66,0.23,2.7,0.89,bks7-dkfd
2011-07-24T00:00:00.000,07,Bages,082423,Marganell,0,0.0035,0,0.0035,bks7-dkfd
2011-07-24T00:00:00.000,34,Selva,171501,Riudellots de la Selva,0,0.031,0,0.031,bks7-dkfd
2011-07-24T00:00:00.000,22,Montsià,431567,Ulldecona,0,0.12,0,0.12,bks7-dkfd
2011-07-24T00:00:00.000,20,Gironès,170890,Llagostera,0,0.095,0,0.095,bks7-dkfd
2011-07-24T00:00:00.000,34,Selva,170335,Caldes de Malavella,0,0.047,0,0.047,bks7-dkfd
2011-07-25T00:00:00.000,22,Montsià,430786,Masdenverge,0,0.08,0,0.08,bks7-dkfd
2011-07-26T00:00:00.000,40,Vallès Occidental,082798,Terrassa,0,0.006,0,0.006,bks7-dkfd
2011-07-26T00:00:00.000,26,Pallars Sobirà,252081,Soriguera,0,0.005,0,0.005,bks7-dkfd
2011-07-26T00:00:00.000,01,Alt Camp,431325,Rodonyà,0.01,0,0,0.01,bks7-dkfd
2011-07-26T00:00:00.000,11,Baix Llobregat,082634,Sant Vicenç dels Horts,0,0.03,0,0.03,bks7-dkfd
2011-07-27T00:00:00.000,09,Baix Ebre,431021,Paüls,0.08,0.08,0,0.16,bks7-dkfd
2011-07-28T00:00:00.000,06,Anoia,082508,Santa Margarida de Montbui,0.03,0,0,0.03,bks7-dkfd
2011-07-28T00:00:00.000,07,Bages,081918,Sallent,0,0.003,0,0.003,bks7-dkfd
2011-07-28T00:00:00.000,33,Segrià,250169,Alguaire,0,2.8,4,2.8,bks7-dkfd
2011-07-28T00:00:00.000,37,Terra Alta,431750,Vilalba dels Arcs,0.25,0,0,0.25,bks7-dkfd
2011-07-28T00:00:00.000,29,Priorat,431573,Ulldemolins,0,0.2,0,0.2,bks7-dkfd
2011-07-29T00:00:00.000,37,Terra Alta,430712,Horta de Sant Joan,0.015,0,0,0.015,bks7-dkfd
2011-07-30T00:00:00.000,09,Baix Ebre,430136,"Ametlla de Mar, l'",0,0.004,0,0.004,bks7-dkfd
2011-07-30T00:00:00.000,23,Noguera,252496,Vilanova de l'Aguda,0,0.1,0.07,0.1,bks7-dkfd
2011-08-01T00:00:00.000,40,Vallès Occidental,082798,Terrassa,0.0001,0,0,0.0001,bks7-dkfd
2011-08-04T00:00:00.000,11,Baix Llobregat,080667,Castellví de Rosanes,0,0.0002,0,0.0002,bks7-dkfd
2011-08-04T00:00:00.000,06,Anoia,081653,"Pobla de Claramunt, la",0.07,0,0,0.07,bks7-dkfd
2011-08-06T00:00:00.000,36,Tarragonès,431482,Tarragona,0,0.002,0,0.002,bks7-dkfd
2011-08-06T00:00:00.000,37,Terra Alta,430712,Horta de Sant Joan,0.006,0,0,0.006,bks7-dkfd
2011-08-07T00:00:00.000,11,Baix Llobregat,083015,Viladecans,0.0077,0,0,0.0077,bks7-dkfd
2011-08-07T00:00:00.000,25,Pallars Jussà,252154,Talarn,0.5,1.15,0,1.65,bks7-dkfd
2011-08-08T00:00:00.000,35,Solsonès,250642,Castellar de la Ribera,0.14,0,0,0.14,bks7-dkfd
2011-08-09T00:00:00.000,11,Baix Llobregat,081580,"Papiol, el",0.12,0,0,0.12,bks7-dkfd
2011-08-10T00:00:00.000,33,Segrià,251333,Maials,0,0.1,1.28,0.1,bks7-dkfd
2011-08-12T00:00:00.000,17,Garraf,082704,Sitges,0.0097,0,0,0.0097,bks7-dkfd
2011-08-12T00:00:00.000,17,Garraf,082704,Sitges,0.002,0,0,0.002,bks7-dkfd
2011-08-12T00:00:00.000,17,Garraf,082704,Sitges,0.012,0,0,0.012,bks7-dkfd
2011-08-12T00:00:00.000,02,Alt Empordà,170932,Llers,0.012,0,0,0.012,bks7-dkfd
2011-08-13T00:00:00.000,02,Alt Empordà,171432,Rabós,8,77.4,8.2,85.4,bks7-dkfd
2011-08-13T00:00:00.000,30,Ribera d'Ebre,431508,Tivissa,0.15,0,0,0.15,bks7-dkfd
2011-08-13T00:00:00.000,37,Terra Alta,430712,Horta de Sant Joan,0.0013,0,0,0.0013,bks7-dkfd
2011-08-14T00:00:00.000,09,Baix Ebre,431331,Roquetes,0.01,0,0,0.01,bks7-dkfd
2011-08-14T00:00:00.000,40,Vallès Occidental,082233,Sant Llorenç Savall,0.01,0,0,0.01,bks7-dkfd
2011-08-15T00:00:00.000,34,Selva,171030,Maçanet de la Selva,0,0.0035,0,0.0035,bks7-dkfd
2011-08-16T00:00:00.000,34,Selva,172023,Tossa de Mar,0.29,0,0,0.29,bks7-dkfd
2011-08-17T00:00:00.000,40,Vallès Occidental,081252,Montcada i Reixac,0,0.08,0,0.08,bks7-dkfd
2011-08-18T00:00:00.000,23,Noguera,250024,Àger,0,0.54,0,0.54,bks7-dkfd
2011-08-18T00:00:00.000,02,Alt Empordà,170926,Llançà,0,0.002,0,0.002,bks7-dkfd
2011-08-18T00:00:00.000,34,Selva,172023,Tossa de Mar,0,0.015,0,0.015,bks7-dkfd
2011-08-19T00:00:00.000,10,Baix Empordà,171812,Santa Cristina d'Aro,0.0001,0,0,0.0001,bks7-dkfd
2011-08-20T00:00:00.000,17,Garraf,082310,Sant Pere de Ribes,0.045,0,0,0.045,bks7-dkfd
2011-08-20T00:00:00.000,07,Bages,081918,Sallent,0.05,0,0,0.05,bks7-dkfd
2011-08-21T00:00:00.000,13,Barcelonès,080193,Barcelona,0,0.02,0,0.02,bks7-dkfd
2011-08-21T00:00:00.000,21,Maresme,081555,Palafolls,0,0.02,0,0.02,bks7-dkfd
2011-08-21T00:00:00.000,34,Selva,172023,Tossa de Mar,0.02,0,0,0.02,bks7-dkfd
2011-08-21T00:00:00.000,34,Selva,172023,Tossa de Mar,0.02,0,0,0.02,bks7-dkfd
2011-08-21T00:00:00.000,41,Vallès Oriental,081069,Llinars del Vallès,0.01,0,0,0.01,bks7-dkfd
2011-08-21T00:00:00.000,07,Bages,082628,Sant Vicenç de Castellet,0,0.3,0,0.3,bks7-dkfd
2011-08-21T00:00:00.000,11,Baix Llobregat,080667,Castellví de Rosanes,0,0.075,0,0.075,bks7-dkfd
2011-08-22T00:00:00.000,06,Anoia,081022,Igualada,0,0.1,0.005,0.1,bks7-dkfd
2011-08-22T00:00:00.000,40,Vallès Occidental,081252,Montcada i Reixac,0,0.04,0,0.04,bks7-dkfd
2011-08-22T00:00:00.000,38,Urgell,252445,Vilagrassa,0,0.02,0,0.02,bks7-dkfd
2011-08-22T00:00:00.000,19,Garrotxa,170195,Besalú,0.08,0,0,0.08,bks7-dkfd
2011-08-22T00:00:00.000,40,Vallès Occidental,082233,Sant Llorenç Savall,0,0.27,0,0.27,bks7-dkfd
2011-08-22T00:00:00.000,11,Baix Llobregat,082634,Sant Vicenç dels Horts,0,0.033,0,0.033,bks7-dkfd
2011-08-22T00:00:00.000,04,Alt Urgell,259062,"Valls d'Aguilar, les",0.25,0,0,0.25,bks7-dkfd
2011-08-22T00:00:00.000,06,Anoia,081614,Piera,0,0.1,0,0.1,bks7-dkfd
2011-08-22T00:00:00.000,23,Noguera,250352,"Sentiu de Sió, la",0,0.09,0,0.09,bks7-dkfd
2011-08-23T00:00:00.000,11,Baix Llobregat,081580,"Papiol, el",0.0002,0,0,0.0002,bks7-dkfd
2011-08-23T00:00:00.000,34,Selva,171019,Massanes,0.05,0.05,0,0.1,bks7-dkfd
2011-08-24T00:00:00.000,10,Baix Empordà,172327,Vilopriu,0,0.002,0,0.002,bks7-dkfd
2011-08-24T00:00:00.000,06,Anoia,082508,Santa Margarida de Montbui,0,0.05,0,0.05,bks7-dkfd
2011-08-25T00:00:00.000,34,Selva,171019,Massanes,0.018,0,0,0.018,bks7-dkfd
2011-08-25T00:00:00.000,01,Alt Camp,431080,"Pla de Santa Maria, el",0.33,0,0,0.33,bks7-dkfd
2011-08-25T00:00:00.000,36,Tarragonès,431444,"Secuita, la",0.05,0.07,0,0.12,bks7-dkfd
2011-08-26T00:00:00.000,33,Segrià,251023,"Granja d'Escarp, la",0,0.006,0,0.006,bks7-dkfd
2011-08-26T00:00:00.000,26,Pallars Sobirà,252213,Tírvia,0,0.004,0,0.004,bks7-dkfd
2011-08-26T00:00:00.000,41,Vallès Oriental,082107,Sant Feliu de Codines,0.0012,0,0,0.0012,bks7-dkfd
2011-08-26T00:00:00.000,23,Noguera,250352,"Sentiu de Sió, la",0,1.02,0,1.02,bks7-dkfd
2011-08-26T00:00:00.000,33,Segrià,251023,"Granja d'Escarp, la",0,7,0.7,7,bks7-dkfd
2011-08-27T00:00:00.000,40,Vallès Occidental,082798,Terrassa,0,0.0052,0,0.0052,bks7-dkfd
2011-08-28T00:00:00.000,10,Baix Empordà,171181,Palamós,0,0.03,0,0.03,bks7-dkfd
2011-08-29T00:00:00.000,15,Cerdanya,170242,Bolvir,0,1.5,0,1.5,bks7-dkfd
2011-08-29T00:00:00.000,22,Montsià,430445,"Sénia, la",0,0.44,0,0.44,bks7-dkfd
2011-08-30T00:00:00.000,10,Baix Empordà,172327,Vilopriu,0.03,0,0,0.03,bks7-dkfd
2011-08-30T00:00:00.000,14,Berguedà,080996,Guardiola de Berguedà,0,0.0002,0,0.0002,bks7-dkfd
2011-08-31T00:00:00.000,02,Alt Empordà,171523,Roses,0,0.05,0,0.05,bks7-dkfd
2011-09-01T00:00:00.000,17,Garraf,082704,Sitges,1.1,0.6,0,1.7,bks7-dkfd
2011-09-01T00:00:00.000,06,Anoia,081614,Piera,0,0.04,0,0.04,bks7-dkfd
2011-09-01T00:00:00.000,02,Alt Empordà,172235,Vilajuïga,0.086,0,0,0.086,bks7-dkfd
2011-09-01T00:00:00.000,17,Garraf,082704,Sitges,0.01,0,0,0.01,bks7-dkfd
2011-09-02T00:00:00.000,10,Baix Empordà,170486,Castell-Platja d'Aro,0,0.0035,0,0.0035,bks7-dkfd
2011-09-02T00:00:00.000,40,Vallès Occidental,082055,Sant Cugat del Vallès,0,0.06,0,0.06,bks7-dkfd
2011-09-02T00:00:00.000,07,Bages,082135,Sant Fruitós de Bages,0,0.03,0,0.03,bks7-dkfd
2011-09-02T00:00:00.000,06,Anoia,082861,"Torre de Claramunt, la",0,0.001,0,0.001,bks7-dkfd
2011-09-02T00:00:00.000,09,Baix Ebre,439044,"Aldea, l'",0,0.32,0,0.32,bks7-dkfd
2011-09-03T00:00:00.000,31,Ripollès,170806,Gombrèn,0,0.01,0,0.01,bks7-dkfd
2011-09-03T00:00:00.000,30,Ribera d'Ebre,430607,Flix,0,0.035,0,0.035,bks7-dkfd
2011-09-05T00:00:00.000,09,Baix Ebre,431554,Tortosa,0,0.06,0,0.06,bks7-dkfd
2011-09-06T00:00:00.000,40,Vallès Occidental,082798,Terrassa,0,1.29,0,1.29,bks7-dkfd
2011-09-06T00:00:00.000,12,Baix Penedès,431634,"Vendrell, el",0.002,0,0,0.002,bks7-dkfd
2011-09-07T00:00:00.000,23,Noguera,250349,Artesa de Segre,1.5,0.5,2.5,2,bks7-dkfd
2011-09-07T00:00:00.000,01,Alt Camp,430056,Alcover,0.82,1.48,0,2.3,bks7-dkfd
2011-09-07T00:00:00.000,23,Noguera,250352,"Sentiu de Sió, la",0,0.09,0,0.09,bks7-dkfd
2011-09-08T00:00:00.000,34,Selva,171931,Sils,0,0.006,0,0.006,bks7-dkfd
2011-09-08T00:00:00.000,12,Baix Penedès,431634,"Vendrell, el",0.22,0,0,0.22,bks7-dkfd
2011-09-08T00:00:00.000,11,Baix Llobregat,083015,Viladecans,0,0.23,0,0.23,bks7-dkfd
2011-09-08T00:00:00.000,29,Priorat,431573,Ulldemolins,0,0.07,0,0.07,bks7-dkfd
2011-09-08T00:00:00.000,16,Conca de Barberà,430542,"Espluga de Francolí, l'",0.03,0,0,0.03,bks7-dkfd
2011-09-09T00:00:00.000,21,Maresme,082140,Vilassar de Dalt,0,0.74,0,0.74,bks7-dkfd
2011-09-10T00:00:00.000,07,Bages,082135,Sant Fruitós de Bages,0.8,2.7,2.2,3.5,bks7-dkfd
2011-09-10T00:00:00.000,40,Vallès Occidental,082055,Sant Cugat del Vallès,0.04,0,0,0.04,bks7-dkfd
2011-09-10T00:00:00.000,40,Vallès Occidental,089045,Badia del Vallès,0,0.0002,0,0.0002,bks7-dkfd
2011-09-10T00:00:00.000,10,Baix Empordà,172327,Vilopriu,0.19,0,0,0.19,bks7-dkfd
2011-09-10T00:00:00.000,10,Baix Empordà,172327,Vilopriu,0.42,0,0,0.42,bks7-dkfd
2011-09-11T00:00:00.000,10,Baix Empordà,170486,Castell-Platja d'Aro,0.025,0,0,0.025,bks7-dkfd
2011-09-11T00:00:00.000,24,Osona,081000,Gurb,0,0.0004,0,0.0004,bks7-dkfd
2011-09-12T00:00:00.000,41,Vallès Oriental,081069,Llinars del Vallès,0.005,0,0,0.005,bks7-dkfd
2011-09-12T00:00:00.000,03,Alt Penedès,082877,Torrelavit,0,0.01,0,0.01,bks7-dkfd
2011-09-13T00:00:00.000,07,Bages,081136,Manresa,0.015,0,0,0.015,bks7-dkfd
2011-09-13T00:00:00.000,07,Bages,081923,Santpedor,0.18,0,0,0.18,bks7-dkfd
2011-09-14T00:00:00.000,20,Gironès,171735,Sant Martí Vell,0.07,0,0,0.07,bks7-dkfd
2011-09-14T00:00:00.000,06,Anoia,083020,Vilanova del Camí,0,0.01,0,0.01,bks7-dkfd
2011-09-15T00:00:00.000,01,Alt Camp,430017,Aiguamúrcia,3.3,4.1,0.5,7.4,bks7-dkfd
2011-09-15T00:00:00.000,37,Terra Alta,430228,Batea,8.4,0,0,8.4,bks7-dkfd
2011-09-15T00:00:00.000,10,Baix Empordà,172327,Vilopriu,0.01,0,0,0.01,bks7-dkfd
2011-09-16T00:00:00.000,23,Noguera,250349,Artesa de Segre,0,0.1,0.42,0.1,bks7-dkfd
2011-09-17T00:00:00.000,10,Baix Empordà,171812,Santa Cristina d'Aro,0.0015,0,0,0.0015,bks7-dkfd
2011-09-18T00:00:00.000,21,Maresme,082359,Sant Pol de Mar,0.003,0,0,0.003,bks7-dkfd
2011-09-20T00:00:00.000,02,Alt Empordà,171984,Torroella de Fluvià,0,0.0065,0,0.0065,bks7-dkfd
2011-09-21T00:00:00.000,40,Vallès Occidental,082384,Sant Quirze del Vallès,0.34,0,0,0.34,bks7-dkfd
2011-09-22T00:00:00.000,40,Vallès Occidental,082384,Sant Quirze del Vallès,0,0.26,0,0.26,bks7-dkfd
2011-09-22T00:00:00.000,34,Selva,172023,Tossa de Mar,0.01,0,0,0.01,bks7-dkfd
2011-09-23T00:00:00.000,34,Selva,171030,Maçanet de la Selva,0.47,0,0,0.47,bks7-dkfd
2011-09-25T00:00:00.000,08,Baix Camp,430923,Mont-roig del Camp,0,0.44,0,0.44,bks7-dkfd
2011-09-26T00:00:00.000,29,Priorat,431573,Ulldemolins,0,0.0002,0,0.0002,bks7-dkfd
2011-09-27T00:00:00.000,29,Priorat,431573,Ulldemolins,6.85,0,0,6.85,bks7-dkfd
2011-09-28T00:00:00.000,40,Vallès Occidental,082798,Terrassa,0,0.1,0,0.1,bks7-dkfd
2011-09-28T00:00:00.000,16,Conca de Barberà,430542,"Espluga de Francolí, l'",0.05,0,0,0.05,bks7-dkfd
2011-09-28T00:00:00.000,11,Baix Llobregat,081141,Martorell,0.03,0,0,0.03,bks7-dkfd
2011-09-28T00:00:00.000,10,Baix Empordà,171812,Santa Cristina d'Aro,0,0.0001,0,0.0001,bks7-dkfd
2011-09-29T00:00:00.000,09,Baix Ebre,431554,Tortosa,0.04,0,0,0.04,bks7-dkfd
2011-09-29T00:00:00.000,08,Baix Camp,431270,Riudecanyes,0,0.1,0,0.1,bks7-dkfd
2011-10-01T00:00:00.000,10,Baix Empordà,171812,Santa Cristina d'Aro,0,0.005,0,0.005,bks7-dkfd
2011-10-01T00:00:00.000,41,Vallès Oriental,081982,Sant Antoni de Vilamajor,0.0001,0,0,0.0001,bks7-dkfd
2011-10-01T00:00:00.000,02,Alt Empordà,171523,Roses,0,0.58,0,0.58,bks7-dkfd
2011-10-01T00:00:00.000,02,Alt Empordà,170773,Garriguella,0,0.006,0,0.006,bks7-dkfd
2011-10-02T00:00:00.000,09,Baix Ebre,431554,Tortosa,0,0.04,0,0.04,bks7-dkfd
2011-10-02T00:00:00.000,40,Vallès Occidental,083008,Viladecavalls,0,0.038,0,0.038,bks7-dkfd
2011-10-03T00:00:00.000,04,Alt Urgell,250058,Alàs i Cerc,0,0.0025,0,0.0025,bks7-dkfd
2011-10-04T00:00:00.000,11,Baix Llobregat,089058,"Palma de Cervelló, la",0,0.02,0,0.02,bks7-dkfd
2011-10-04T00:00:00.000,01,Alt Camp,431080,"Pla de Santa Maria, el",0.17,0,0,0.17,bks7-dkfd
2011-10-04T00:00:00.000,40,Vallès Occidental,082671,Sentmenat,0,1.11,0.43,1.11,bks7-dkfd
2011-10-05T00:00:00.000,10,Baix Empordà,172327,Vilopriu,0.02,0,0,0.02,bks7-dkfd
2011-10-05T00:00:00.000,34,Selva,172023,Tossa de Mar,0.035,0,0,0.035,bks7-dkfd
2011-10-05T00:00:00.000,02,Alt Empordà,171582,Sant Climent Sescebes,0,0.25,0,0.25,bks7-dkfd
2011-10-06T00:00:00.000,16,Conca de Barberà,430542,"Espluga de Francolí, l'",0.01,0,0,0.01,bks7-dkfd
2011-10-07T00:00:00.000,14,Berguedà,080497,Casserres,0,0.12,0,0.12,bks7-dkfd
2011-10-09T00:00:00.000,11,Baix Llobregat,083015,Viladecans,0,0.4,0,0.4,bks7-dkfd
2011-10-09T00:00:00.000,22,Montsià,431567,Ulldecona,0.77,5,7,5.77,bks7-dkfd
2011-10-10T00:00:00.000,40,Vallès Occidental,081252,Montcada i Reixac,0.0051,0,0,0.0051,bks7-dkfd
2011-10-10T00:00:00.000,40,Vallès Occidental,081252,Montcada i Reixac,1.8,1.1,0,2.9,bks7-dkfd
2011-10-10T00:00:00.000,11,Baix Llobregat,080898,Gavà,0.0075,0,0,0.0075,bks7-dkfd
2011-10-12T00:00:00.000,33,Segrià,250215,Almenar,0,0.82,0,0.82,bks7-dkfd
2011-10-12T00:00:00.000,16,Conca de Barberà,430542,"Espluga de Francolí, l'",0.008,0,0,0.008,bks7-dkfd
2011-10-12T00:00:00.000,40,Vallès Occidental,082798,Terrassa,0,0.002,0,0.002,bks7-dkfd
2011-10-12T00:00:00.000,10,Baix Empordà,171978,Torrent,0.014,0,0,0.014,bks7-dkfd
2011-10-12T00:00:00.000,17,Garraf,082310,Sant Pere de Ribes,0,0.01,0,0.01,bks7-dkfd
2011-10-12T00:00:00.000,21,Maresme,080095,Argentona,0.07,0,0,0.07,bks7-dkfd
2011-10-12T00:00:00.000,24,Osona,082785,Taradell,0,0.21,0,0.21,bks7-dkfd
2011-10-12T00:00:00.000,21,Maresme,080095,Argentona,0,0.16,0,0.16,bks7-dkfd
2011-10-13T00:00:00.000,13,Barcelonès,082457,Santa Coloma de Gramenet,0,0.33,0,0.33,bks7-dkfd
2011-10-13T00:00:00.000,26,Pallars Sobirà,252081,Soriguera,10.7,160.4,0.7,171.1,bks7-dkfd
2011-10-13T00:00:00.000,21,Maresme,082845,Tordera,0.05,0,0,0.05,bks7-dkfd
2011-10-13T00:00:00.000,37,Terra Alta,430228,Batea,0.65,0,0.52,0.65,bks7-dkfd
2011-10-13T00:00:00.000,07,Bages,080983,Sant Salvador de Guardiola,0,0.005,0,0.005,bks7-dkfd
2011-10-13T00:00:00.000,36,Tarragonès,431482,Tarragona,0.006,0,0,0.006,bks7-dkfd
2011-10-15T00:00:00.000,29,Priorat,431573,Ulldemolins,0,0.02,0,0.02,bks7-dkfd
2011-10-16T00:00:00.000,24,Osona,082652,Sant Vicenç de Torelló,0,0.012,0.018,0.012,bks7-dkfd
2011-10-17T00:00:00.000,21,Maresme,081635,Pineda de Mar,0,0.01,0,0.01,bks7-dkfd
2011-10-17T00:00:00.000,21,Maresme,081555,Palafolls,0,0.3,0,0.3,bks7-dkfd
2011-10-17T00:00:00.000,16,Conca de Barberà,431303,Rocafort de Queralt,0,0.05,0,0.05,bks7-dkfd
2011-10-19T00:00:00.000,02,Alt Empordà,171582,Sant Climent Sescebes,0,0.01,0,0.01,bks7-dkfd
2011-10-19T00:00:00.000,02,Alt Empordà,171289,Pau,0,0.45,0,0.45,bks7-dkfd
2011-10-19T00:00:00.000,40,Vallès Occidental,082665,Cerdanyola del Vallès,0.008,0,0,0.008,bks7-dkfd
2011-10-20T00:00:00.000,16,Conca de Barberà,430542,"Espluga de Francolí, l'",0.023,0,0,0.023,bks7-dkfd
2011-10-20T00:00:00.000,15,Cerdanya,172060,Urús,0.012,0,0,0.012,bks7-dkfd
2011-10-20T00:00:00.000,03,Alt Penedès,082325,Sant Pere de Riudebitlles,0,2.7,0,2.7,bks7-dkfd
2011-10-20T00:00:00.000,25,Pallars Jussà,252347,Tremp,0,0.6,0,0.6,bks7-dkfd
2011-10-22T00:00:00.000,29,Priorat,430555,Falset,0,0.48,0,0.48,bks7-dkfd
2011-10-22T00:00:00.000,07,Bages,082628,Sant Vicenç de Castellet,0,0.35,0,0.35,bks7-dkfd
2011-10-23T00:00:00.000,07,Bages,080538,Castellbell i el Vilar,0.2,0.2,0,0.4,bks7-dkfd
2011-10-24T00:00:00.000,02,Alt Empordà,171582,Sant Climent Sescebes,0,0.5,0,0.5,bks7-dkfd
2011-10-25T00:00:00.000,02,Alt Empordà,171582,Sant Climent Sescebes,0,0.2,0,0.2,bks7-dkfd
2011-11-02T00:00:00.000,02,Alt Empordà,172235,Vilajuïga,0,0.05,0,0.05,bks7-dkfd
2011-11-12T00:00:00.000,33,Segrià,250387,Aitona,0,0.36,0,0.36,bks7-dkfd
2011-12-01T00:00:00.000,16,Conca de Barberà,431726,Vilaverd,0,0.001,0,0.001,bks7-dkfd
2011-12-01T00:00:00.000,34,Selva,170834,Hostalric,0,0.02,0,0.02,bks7-dkfd
2011-12-03T00:00:00.000,36,Tarragonès,430430,"Catllar, el",0.003,0,0,0.003,bks7-dkfd
2011-12-17T00:00:00.000,40,Vallès Occidental,082606,Santa Perpètua de Mogoda,0,0.07,0.03,0.07,bks7-dkfd
2011-12-27T00:00:00.000,35,Solsonès,251364,"Molsosa, la",0,2.35,0,2.35,bks7-dkfd
2011-12-28T00:00:00.000,28,Pla de l'Estany,171371,Porqueres,0.04,0,0,0.04,bks7-dkfd
2011-12-29T00:00:00.000,02,Alt Empordà,170427,Capmany,0,0.04,0,0.04,bks7-dkfd
2011-12-29T00:00:00.000,31,Ripollès,170391,Camprodon,4.8,0,0,4.8,bks7-dkfd
2011-12-29T00:00:00.000,11,Baix Llobregat,083015,Viladecans,0,0.15,0,0.15,bks7-dkfd
2011-12-30T00:00:00.000,41,Vallès Oriental,080863,"Franqueses del Vallès, les",0,0.03,0,0.03,bks7-dkfd
2011-12-30T00:00:00.000,09,Baix Ebre,430069,Aldover,0,0.001,0,0.001,bks7-dkfd
2011-12-30T00:00:00.000,11,Baix Llobregat,083015,Viladecans,0,2.3,0,2.3,bks7-dkfd
2011-12-30T00:00:00.000,06,Anoia,081614,Piera,0,0.418,0,0.418,bks7-dkfd
2012-01-01T00:00:00.000,41,Vallès Oriental,080333,Caldes de Montbui,0.03,0,0,0.03,bks7-dkfd
2012-01-02T00:00:00.000,35,Solsonès,251484,Odèn,0,0.1,0.02,0.1,bks7-dkfd
2012-01-03T00:00:00.000,06,Anoia,081022,Igualada,0,0.15,0,0.15,bks7-dkfd
2012-01-04T00:00:00.000,02,Alt Empordà,170314,Cabanelles,0.003,0,0,0.003,bks7-dkfd
2012-01-04T00:00:00.000,09,Baix Ebre,431554,Tortosa,0,0.005,0,0.005,bks7-dkfd
2012-01-04T00:00:00.000,33,Segrià,259123,Gimenells i el Pla de la Font,0.47,0,0.18,0.47,bks7-dkfd
2012-01-05T00:00:00.000,07,Bages,080538,Castellbell i el Vilar,0.01,0,0,0.01,bks7-dkfd
2012-01-06T00:00:00.000,22,Montsià,430141,Amposta,0.7,9.3,0,10,bks7-dkfd
2012-01-06T00:00:00.000,14,Berguedà,080229,Berga,0,0.8,0,0.8,bks7-dkfd
2012-01-07T00:00:00.000,09,Baix Ebre,430081,Alfara de Carles,0,0.19,0,0.19,bks7-dkfd
2012-01-07T00:00:00.000,11,Baix Llobregat,080898,Gavà,0,0.7,0,0.7,bks7-dkfd
2012-01-07T00:00:00.000,38,Urgell,252173,Tàrrega,0,0.7,0,0.7,bks7-dkfd
2012-01-07T00:00:00.000,11,Baix Llobregat,083015,Viladecans,0,0.4,0,0.4,bks7-dkfd
2012-01-08T00:00:00.000,22,Montsià,430445,"Sénia, la",0,0.04,0,0.04,bks7-dkfd
2012-01-12T00:00:00.000,15,Cerdanya,170998,Meranges,0,0.3,0.2,0.3,bks7-dkfd
2012-01-14T00:00:00.000,30,Ribera d'Ebre,430653,Garcia,0.76,0,0,0.76,bks7-dkfd
2012-01-15T00:00:00.000,02,Alt Empordà,171788,Sant Pere Pescador,0.2,0,0.12,0.2,bks7-dkfd
2012-01-15T00:00:00.000,11,Baix Llobregat,082212,Sant Just Desvern,0,0.003,0,0.003,bks7-dkfd
2012-01-16T00:00:00.000,39,Val d'Aran,251214,Les,5.8,13.1,0,18.9,bks7-dkfd
2012-01-17T00:00:00.000,11,Baix Llobregat,083015,Viladecans,0,0.015,0,0.015,bks7-dkfd
2012-01-17T00:00:00.000,06,Anoia,081614,Piera,0,0.009,0,0.009,bks7-dkfd
2012-01-20T00:00:00.000,15,Cerdanya,170694,Fontanals de Cerdanya,0,0.15,0,0.15,bks7-dkfd
2012-01-21T00:00:00.000,16,Conca de Barberà,430862,Montblanc,0,0.04,0,0.04,bks7-dkfd
2012-01-21T00:00:00.000,40,Vallès Occidental,080517,Castellar del Vallès,0,0.0004,0,0.0004,bks7-dkfd
2012-01-21T00:00:00.000,03,Alt Penedès,080850,Font-rubí,0,0.04,0,0.04,bks7-dkfd
2012-01-22T00:00:00.000,25,Pallars Jussà,251155,Isona i Conca Dellà,0,0.85,0,0.85,bks7-dkfd
2012-01-23T00:00:00.000,13,Barcelonès,080155,Badalona,0,0.016,0,0.016,bks7-dkfd
2012-01-23T00:00:00.000,16,Conca de Barberà,430862,Montblanc,0,0.05,0.3,0.05,bks7-dkfd
2012-01-23T00:00:00.000,40,Vallès Occidental,082606,Santa Perpètua de Mogoda,0,0.05,0,0.05,bks7-dkfd
2012-01-24T00:00:00.000,06,Anoia,081629,"Hostalets de Pierola, els",0.035,0.085,0,0.12,bks7-dkfd
2012-01-24T00:00:00.000,25,Pallars Jussà,250019,Abella de la Conca,0,4.4,0,4.4,bks7-dkfd
2012-01-25T00:00:00.000,29,Priorat,430496,Cornudella de Montsant,0.052,0,0,0.052,bks7-dkfd
2012-01-26T00:00:00.000,23,Noguera,252496,Vilanova de l'Aguda,0,0.84,0,0.84,bks7-dkfd
2012-01-27T00:00:00.000,06,Anoia,081614,Piera,0.007,0,0,0.007,bks7-dkfd
2012-01-27T00:00:00.000,11,Baix Llobregat,082634,Sant Vicenç dels Horts,0,0.008,0,0.008,bks7-dkfd
2012-01-28T00:00:00.000,40,Vallès Occidental,080517,Castellar del Vallès,0,0.0015,0,0.0015,bks7-dkfd
2012-01-29T00:00:00.000,25,Pallars Jussà,251155,Isona i Conca Dellà,0,0.8,0,0.8,bks7-dkfd
2012-01-29T00:00:00.000,25,Pallars Jussà,251155,Isona i Conca Dellà,0,0.08,0,0.08,bks7-dkfd
2012-01-31T00:00:00.000,25,Pallars Jussà,251155,Isona i Conca Dellà,0,0.08,0,0.08,bks7-dkfd
2012-01-31T00:00:00.000,41,Vallès Oriental,080961,Granollers,0.004,0,0,0.004,bks7-dkfd
2012-01-31T00:00:00.000,33,Segrià,251898,Rosselló,0,0.4,0,0.4,bks7-dkfd
2012-01-31T00:00:00.000,37,Terra Alta,430568,"Fatarella, la",0.88,0.5,0,1.38,bks7-dkfd
2012-02-01T00:00:00.000,25,Pallars Jussà,251155,Isona i Conca Dellà,0.001,0.003,0,0.004,bks7-dkfd
2012-02-01T00:00:00.000,25,Pallars Jussà,251155,Isona i Conca Dellà,0.2,0,0,0.2,bks7-dkfd
2012-02-01T00:00:00.000,25,Pallars Jussà,251155,Isona i Conca Dellà,0,0.1,0,0.1,bks7-dkfd
2012-02-02T00:00:00.000,25,Pallars Jussà,251155,Isona i Conca Dellà,0,0.63,0,0.63,bks7-dkfd
2012-02-03T00:00:00.000,19,Garrotxa,170985,Maià de Montcal,0,0.032,0,0.032,bks7-dkfd
2012-02-03T00:00:00.000,25,Pallars Jussà,251155,Isona i Conca Dellà,0,4.8,0,4.8,bks7-dkfd
2012-02-04T00:00:00.000,08,Baix Camp,430038,"Albiol, l'",3.8,49.2,17.2,53,bks7-dkfd
2012-02-04T00:00:00.000,36,Tarragonès,430430,"Catllar, el",0,0.01,0,0.01,bks7-dkfd
2012-02-04T00:00:00.000,36,Tarragonès,430430,"Catllar, el",0,0.04,0,0.04,bks7-dkfd
2012-02-05T00:00:00.000,05,Alta Ribagorça,251734,"Pont de Suert, el",0.2,0.8,0,1,bks7-dkfd
2012-02-06T00:00:00.000,09,Baix Ebre,431042,"Perelló, el",0.08,0.09,0,0.17,bks7-dkfd
2012-02-06T00:00:00.000,25,Pallars Jussà,251155,Isona i Conca Dellà,0,1.5,0,1.5,bks7-dkfd
2012-02-06T00:00:00.000,33,Segrià,250788,Corbins,0.25,0,0.05,0.25,bks7-dkfd
2012-02-06T00:00:00.000,23,Noguera,250024,Àger,20.5,26.64,0.05,47.14,bks7-dkfd
2012-02-07T00:00:00.000,05,Alta Ribagorça,250432,"Vall de Boí, la",0.7,0.4,0,1.1,bks7-dkfd
2012-02-07T00:00:00.000,23,Noguera,251121,Ivars de Noguera,0,6.08,0.12,6.08,bks7-dkfd
2012-02-07T00:00:00.000,24,Osona,081311,Montesquiu,0,0.3,0,0.3,bks7-dkfd
2012-02-07T00:00:00.000,06,Anoia,081614,Piera,0.12,0,0.53,0.12,bks7-dkfd
2012-02-07T00:00:00.000,40,Vallès Occidental,081252,Montcada i Reixac,0,0.03,0,0.03,bks7-dkfd
2012-02-07T00:00:00.000,16,Conca de Barberà,431074,Pira,0,0.67,0,0.67,bks7-dkfd
2012-02-07T00:00:00.000,32,Segarra,250729,Cervera,0,2.85,0,2.85,bks7-dkfd
2012-02-07T00:00:00.000,19,Garrotxa,171334,"Planes d'Hostoles, les",0,0.013,0,0.013,bks7-dkfd
2012-02-07T00:00:00.000,34,Selva,170078,Amer,0.004,0,0,0.004,bks7-dkfd
2012-02-07T00:00:00.000,25,Pallars Jussà,250984,Gavet de la Conca,0,0.6,0,0.6,bks7-dkfd
2012-02-07T00:00:00.000,40,Vallès Occidental,081252,Montcada i Reixac,0,0.36,0,0.36,bks7-dkfd
2012-02-07T00:00:00.000,40,Vallès Occidental,082384,Sant Quirze del Vallès,0.03,0.04,0,0.07,bks7-dkfd
2012-02-07T00:00:00.000,29,Priorat,430496,Cornudella de Montsant,0,0.22,0.25,0.22,bks7-dkfd
2012-02-07T00:00:00.000,10,Baix Empordà,170340,Calonge i Sant Antoni,0.15,0,0,0.15,bks7-dkfd
2012-02-08T00:00:00.000,25,Pallars Jussà,251155,Isona i Conca Dellà,0,0.2,0,0.2,bks7-dkfd
2012-02-08T00:00:00.000,40,Vallès Occidental,081803,Ripollet,0,0.03,0,0.03,bks7-dkfd
2012-02-08T00:00:00.000,25,Pallars Jussà,251155,Isona i Conca Dellà,0.33,0,0,0.33,bks7-dkfd
2012-02-08T00:00:00.000,16,Conca de Barberà,431074,Pira,0,0.46,0,0.46,bks7-dkfd
2012-02-08T00:00:00.000,02,Alt Empordà,170622,"Escala, l'",0,2.5,0,2.5,bks7-dkfd
2012-02-08T00:00:00.000,38,Urgell,259025,Sant Martí de Riucorb,0,0.17,0.05,0.17,bks7-dkfd
2012-02-09T00:00:00.000,11,Baix Llobregat,082956,Vallirana,0.25,0,0,0.25,bks7-dkfd
2012-02-09T00:00:00.000,29,Priorat,431573,Ulldemolins,0,0.49,0,0.49,bks7-dkfd
2012-02-09T00:00:00.000,03,Alt Penedès,080581,Castellet i la Gornal,0,0.02,0,0.02,bks7-dkfd
2012-02-09T00:00:00.000,35,Solsonès,251636,"Coma i la Pedra, la",1.8,0,0,1.8,bks7-dkfd
2012-02-09T00:00:00.000,23,Noguera,250371,"Avellanes i Santa Linya, les",3.5,4.1,0,7.6,bks7-dkfd
2012-02-09T00:00:00.000,23,Noguera,250349,Artesa de Segre,0.31,0,0,0.31,bks7-dkfd
2012-02-10T00:00:00.000,11,Baix Llobregat,082444,Santa Coloma de Cervelló,0.04,0.1,0,0.14,bks7-dkfd
2012-02-10T00:00:00.000,34,Selva,170950,Lloret de Mar,0,0.12,0,0.12,bks7-dkfd
2012-02-10T00:00:00.000,03,Alt Penedès,082883,Torrelles de Foix,0,0.06,0,0.06,bks7-dkfd
2012-02-10T00:00:00.000,35,Solsonès,251116,Guixers,0.64,0,0,0.64,bks7-dkfd
2012-02-10T00:00:00.000,33,Segrià,252542,Vilanova de la Barca,0,0.2,0,0.2,bks7-dkfd
2012-02-10T00:00:00.000,17,Garraf,082704,Sitges,0.001,0,0,0.001,bks7-dkfd
2012-02-10T00:00:00.000,02,Alt Empordà,171117,Navata,0,0.08,0,0.08,bks7-dkfd
2012-02-10T00:00:00.000,04,Alt Urgell,252398,"Valls de Valira, les",0,0.2,0,0.2,bks7-dkfd
2012-02-10T00:00:00.000,16,Conca de Barberà,430461,Conesa,0,0.1,0,0.1,bks7-dkfd
2012-02-10T00:00:00.000,19,Garrotxa,171833,Sant Aniol de Finestres,0,0.51,0,0.51,bks7-dkfd
2012-02-11T00:00:00.000,03,Alt Penedès,083041,Vilobí del Penedès,0,0.3,0,0.3,bks7-dkfd
2012-02-11T00:00:00.000,03,Alt Penedès,083041,Vilobí del Penedès,0,0.42,0,0.42,bks7-dkfd
2012-02-11T00:00:00.000,04,Alt Urgell,251556,Organyà,0,0.1,0,0.1,bks7-dkfd
2012-02-11T00:00:00.000,07,Bages,080109,Artés,0,0.316,0,0.316,bks7-dkfd
2012-02-11T00:00:00.000,42,Moianès,080348,Calders,0,0.23,0,0.23,bks7-dkfd
2012-02-11T00:00:00.000,36,Tarragonès,430430,"Catllar, el",0.27,0,0,0.27,bks7-dkfd
2012-02-11T00:00:00.000,25,Pallars Jussà,251615,Conca de Dalt,0.56,0.24,0,0.8,bks7-dkfd
2012-02-11T00:00:00.000,08,Baix Camp,430923,Mont-roig del Camp,1.1,8,0,9.1,bks7-dkfd
2012-02-11T00:00:00.000,33,Segrià,252108,Soses,0,0.98,0,0.98,bks7-dkfd
2012-02-11T00:00:00.000,37,Terra Alta,431107,"Pobla de Massaluca, la",2.9,0,0,2.9,bks7-dkfd
2012-02-11T00:00:00.000,19,Garrotxa,171143,Olot,0,0.06,0,0.06,bks7-dkfd
2012-02-12T00:00:00.000,11,Baix Llobregat,081234,Molins de Rei,0,0.15,0,0.15,bks7-dkfd
2012-02-12T00:00:00.000,32,Segarra,259078,Torrefeta i Florejacs,0,2.6,0,2.6,bks7-dkfd
2012-02-12T00:00:00.000,33,Segrià,252287,Torrefarrera,0,1,0,1,bks7-dkfd
2012-02-12T00:00:00.000,16,Conca de Barberà,431074,Pira,0,0.42,0,0.42,bks7-dkfd
2012-02-12T00:00:00.000,21,Maresme,080351,Calella,0.005,0.02,0,0.025,bks7-dkfd
2012-02-12T00:00:00.000,30,Ribera d'Ebre,430607,Flix,0,0.02,0,0.02,bks7-dkfd
2012-02-12T00:00:00.000,40,Vallès Occidental,082055,Sant Cugat del Vallès,0,0.0002,0,0.0002,bks7-dkfd
2012-02-12T00:00:00.000,24,Osona,081957,Sant Agustí de Lluçanès,0.2,0,0,0.2,bks7-dkfd
2012-02-12T00:00:00.000,24,Osona,082750,Tavèrnoles,0,0.62,0,0.62,bks7-dkfd
2012-02-12T00:00:00.000,14,Berguedà,080229,Berga,0,0.35,0.1,0.35,bks7-dkfd
2012-02-12T00:00:00.000,03,Alt Penedès,080654,Castellví de la Marca,0,0.2,0,0.2,bks7-dkfd
2012-02-12T00:00:00.000,23,Noguera,250371,"Avellanes i Santa Linya, les",0,0.2,0,0.2,bks7-dkfd
2012-02-13T00:00:00.000,33,Segrià,252326,Torres de Segre,0,0.9,0,0.9,bks7-dkfd
2012-02-13T00:00:00.000,03,Alt Penedès,080581,Castellet i la Gornal,0,0.3,0,0.3,bks7-dkfd
2012-02-13T00:00:00.000,37,Terra Alta,431068,"Pinell de Brai, el",0,0.3,0,0.3,bks7-dkfd
2012-02-13T00:00:00.000,23,Noguera,251569,Os de Balaguer,0,3.1,0,3.1,bks7-dkfd
2012-02-13T00:00:00.000,25,Pallars Jussà,251155,Isona i Conca Dellà,0,0.54,0,0.54,bks7-dkfd
2012-02-13T00:00:00.000,23,Noguera,250349,Artesa de Segre,0.2,0.08,0,0.28,bks7-dkfd
2012-02-13T00:00:00.000,09,Baix Ebre,431021,Paüls,0,0.35,0,0.35,bks7-dkfd
2012-02-13T00:00:00.000,35,Solsonès,251636,"Coma i la Pedra, la",0.9,0,0,0.9,bks7-dkfd
2012-02-13T00:00:00.000,09,Baix Ebre,431554,Tortosa,0,0.13,0,0.13,bks7-dkfd
2012-02-13T00:00:00.000,21,Maresme,080305,Cabrils,0,0.005,0,0.005,bks7-dkfd
2012-02-13T00:00:00.000,12,Baix Penedès,430379,Calafell,0,0.005,0,0.005,bks7-dkfd
2012-02-14T00:00:00.000,34,Selva,171805,Santa Coloma de Farners,0.13,0,0,0.13,bks7-dkfd
2012-02-14T00:00:00.000,38,Urgell,259025,Sant Martí de Riucorb,0,0.39,0,0.39,bks7-dkfd
2012-02-14T00:00:00.000,33,Segrià,252043,Seròs,0,0.58,0,0.58,bks7-dkfd
2012-02-14T00:00:00.000,07,Bages,080023,Aguilar de Segarra,0.28,0,0,0.28,bks7-dkfd
2012-02-14T00:00:00.000,03,Alt Penedès,080581,Castellet i la Gornal,0,0.3,0.7,0.3,bks7-dkfd
2012-02-14T00:00:00.000,16,Conca de Barberà,431476,Solivella,0,0.08,0,0.08,bks7-dkfd
2012-02-15T00:00:00.000,06,Anoia,081430,Òdena,0.73,0,0.27,0.73,bks7-dkfd
2012-02-15T00:00:00.000,02,Alt Empordà,171328,Peralada,0.03,0,0,0.03,bks7-dkfd
2012-02-15T00:00:00.000,16,Conca de Barberà,431476,Solivella,0.05,0,0,0.05,bks7-dkfd
2012-02-15T00:00:00.000,25,Pallars Jussà,252347,Tremp,0,0.03,0,0.03,bks7-dkfd
2012-02-15T00:00:00.000,06,Anoia,081614,Piera,0,0.3,0,0.3,bks7-dkfd
2012-02-16T00:00:00.000,25,Pallars Jussà,251155,Isona i Conca Dellà,0.55,0,0,0.55,bks7-dkfd
2012-02-16T00:00:00.000,05,Alta Ribagorça,251734,"Pont de Suert, el",0,1.7,0,1.7,bks7-dkfd
2012-02-16T00:00:00.000,04,Alt Urgell,259062,"Valls d'Aguilar, les",0,0.16,0,0.16,bks7-dkfd
2012-02-16T00:00:00.000,34,Selva,170280,Brunyola i Sant Martí Sapresa,0.02,0.36,0,0.38,bks7-dkfd
2012-02-16T00:00:00.000,25,Pallars Jussà,251155,Isona i Conca Dellà,0,0.7,0,0.7,bks7-dkfd
2012-02-16T00:00:00.000,41,Vallès Oriental,081075,Lliçà d'Amunt,0,0.09,0,0.09,bks7-dkfd
2012-02-16T00:00:00.000,31,Ripollès,171707,Vallfogona de Ripollès,0.047,0.3,0,0.347,bks7-dkfd
2012-02-17T00:00:00.000,38,Urgell,259025,Sant Martí de Riucorb,0,0.1,0,0.1,bks7-dkfd
2012-02-17T00:00:00.000,12,Baix Penedès,431634,"Vendrell, el",0,0.13,0,0.13,bks7-dkfd
2012-02-18T00:00:00.000,29,Priorat,430764,Marçà,0,0.0008,0,0.0008,bks7-dkfd
2012-02-18T00:00:00.000,23,Noguera,250349,Artesa de Segre,0,0.06,0,0.06,bks7-dkfd
2012-02-18T00:00:00.000,09,Baix Ebre,430252,Benifallet,0,0.085,0,0.085,bks7-dkfd
2012-02-18T00:00:00.000,37,Terra Alta,431068,"Pinell de Brai, el",0.05,0,0,0.05,bks7-dkfd
2012-02-19T00:00:00.000,24,Osona,082981,Vic,0,0.005,0,0.005,bks7-dkfd
2012-02-19T00:00:00.000,17,Garraf,080431,Canyelles,0,0.25,0,0.25,bks7-dkfd
2012-02-19T00:00:00.000,15,Cerdanya,170694,Fontanals de Cerdanya,0.01,0.035,0,0.045,bks7-dkfd
2012-02-20T00:00:00.000,34,Selva,170834,Hostalric,0.15,0,0,0.15,bks7-dkfd
2012-02-20T00:00:00.000,04,Alt Urgell,251850,Ribera d'Urgellet,0.7,0,2,0.7,bks7-dkfd
2012-02-20T00:00:00.000,40,Vallès Occidental,081252,Montcada i Reixac,0,0.03,0,0.03,bks7-dkfd
2012-02-20T00:00:00.000,25,Pallars Jussà,251155,Isona i Conca Dellà,0,0.7,0,0.7,bks7-dkfd
2012-02-20T00:00:00.000,25,Pallars Jussà,252271,"Torre de Cabdella, la",25.7,74.8,0.2,100.5,bks7-dkfd
2012-02-21T00:00:00.000,15,Cerdanya,170828,Guils de Cerdanya,0.38,0,0.85,0.38,bks7-dkfd
2012-02-21T00:00:00.000,21,Maresme,080351,Calella,0,0.2,0,0.2,bks7-dkfd
2012-02-21T00:00:00.000,40,Vallès Occidental,082798,Terrassa,0,0.69,0,0.69,bks7-dkfd
2012-02-22T00:00:00.000,37,Terra Alta,431750,Vilalba dels Arcs,0,0.11,0,0.11,bks7-dkfd
2012-02-22T00:00:00.000,29,Priorat,430555,Falset,0,0.5,0,0.5,bks7-dkfd
2012-02-22T00:00:00.000,01,Alt Camp,431613,Valls,0,0.3,0,0.3,bks7-dkfd
2012-02-22T00:00:00.000,09,Baix Ebre,431554,Tortosa,0,0.04,0,0.04,bks7-dkfd
2012-02-23T00:00:00.000,37,Terra Alta,430228,Batea,0,0.12,0,0.12,bks7-dkfd
2012-02-23T00:00:00.000,38,Urgell,259025,Sant Martí de Riucorb,0,0.05,0,0.05,bks7-dkfd
2012-02-23T00:00:00.000,09,Baix Ebre,430136,"Ametlla de Mar, l'",0.08,0.16,0,0.24,bks7-dkfd
2012-02-23T00:00:00.000,38,Urgell,259025,Sant Martí de Riucorb,0.3,3.1,0.3,3.4,bks7-dkfd
2012-02-23T00:00:00.000,19,Garrotxa,171143,Olot,0,0.06,0,0.06,bks7-dkfd
2012-02-23T00:00:00.000,15,Cerdanya,170694,Fontanals de Cerdanya,1.3,0,0,1.3,bks7-dkfd
2012-02-23T00:00:00.000,24,Osona,082248,Sant Martí de Centelles,4,0,0.4,4,bks7-dkfd
2012-02-23T00:00:00.000,22,Montsià,431567,Ulldecona,0,1.42,0,1.42,bks7-dkfd
2012-02-24T00:00:00.000,40,Vallès Occidental,081252,Montcada i Reixac,0,0.99,0,0.99,bks7-dkfd
2012-02-24T00:00:00.000,40,Vallès Occidental,082671,Sentmenat,0,0.003,0,0.003,bks7-dkfd
2012-02-24T00:00:00.000,19,Garrotxa,171544,Sales de Llierca,0,0.001,0,0.001,bks7-dkfd
2012-02-24T00:00:00.000,09,Baix Ebre,431042,"Perelló, el",1.41,4.39,0,5.8,bks7-dkfd
2012-02-24T00:00:00.000,31,Ripollès,170806,Gombrèn,0,0.3,0,0.3,bks7-dkfd
2012-02-24T00:00:00.000,15,Cerdanya,251790,Prullans,0.1,0.1,0.1,0.2,bks7-dkfd
2012-02-25T00:00:00.000,40,Vallès Occidental,082798,Terrassa,0.015,0,0,0.015,bks7-dkfd
2012-02-25T00:00:00.000,03,Alt Penedès,082401,Sant Sadurní d'Anoia,0,0.7,0,0.7,bks7-dkfd
2012-02-26T00:00:00.000,15,Cerdanya,250518,Bellver de Cerdanya,0,0.04,0,0.04,bks7-dkfd
2012-02-26T00:00:00.000,24,Osona,082858,Torelló,0,0.04,0,0.04,bks7-dkfd
2012-02-26T00:00:00.000,02,Alt Empordà,171870,"Saus, Camallera i Llampaies",0.1,0.66,0,0.76,bks7-dkfd
2012-02-26T00:00:00.000,03,Alt Penedès,082401,Sant Sadurní d'Anoia,0,0.11,0,0.11,bks7-dkfd
2012-02-27T00:00:00.000,03,Alt Penedès,082515,Santa Margarida i els Monjos,0,0.25,0,0.25,bks7-dkfd
2012-02-27T00:00:00.000,05,Alta Ribagorça,251734,"Pont de Suert, el",0,1.5,0,1.5,bks7-dkfd
2012-02-27T00:00:00.000,25,Pallars Jussà,251615,Conca de Dalt,0,3.8,0,3.8,bks7-dkfd
2012-02-27T00:00:00.000,33,Segrià,250387,Aitona,0,1.2,0,1.2,bks7-dkfd
2012-02-28T00:00:00.000,25,Pallars Jussà,251155,Isona i Conca Dellà,0,0.15,0,0.15,bks7-dkfd
2012-02-28T00:00:00.000,02,Alt Empordà,171328,Peralada,0.02,0,0,0.02,bks7-dkfd
2012-02-29T00:00:00.000,15,Cerdanya,170828,Guils de Cerdanya,1,2.8,0,3.8,bks7-dkfd
2012-02-29T00:00:00.000,29,Priorat,431541,Torroja del Priorat,0,0.1,0,0.1,bks7-dkfd
2012-02-29T00:00:00.000,03,Alt Penedès,080850,Font-rubí,0,0.06,0,0.06,bks7-dkfd
2012-03-01T00:00:00.000,36,Tarragonès,431310,Roda de Berà,0.15,0,0,0.15,bks7-dkfd
2012-03-01T00:00:00.000,36,Tarragonès,431310,Roda de Berà,0.1,0,0,0.1,bks7-dkfd
2012-03-01T00:00:00.000,13,Barcelonès,080155,Badalona,0.001,0,0,0.001,bks7-dkfd
2012-03-02T00:00:00.000,05,Alta Ribagorça,251734,"Pont de Suert, el",0,33.2,0,33.2,bks7-dkfd
2012-03-02T00:00:00.000,09,Baix Ebre,431554,Tortosa,0.44,0,0,0.44,bks7-dkfd
2012-03-02T00:00:00.000,03,Alt Penedès,082883,Torrelles de Foix,12.8,0,0.01,12.8,bks7-dkfd
2012-03-02T00:00:00.000,39,Val d'Aran,250450,Bausen,2.58,7.32,0,9.9,bks7-dkfd
2012-03-03T00:00:00.000,03,Alt Penedès,082401,Sant Sadurní d'Anoia,0,0.06,0,0.06,bks7-dkfd
2012-03-03T00:00:00.000,17,Garraf,082704,Sitges,0.001,0,0,0.001,bks7-dkfd
2012-03-03T00:00:00.000,33,Segrià,252043,Seròs,0,0.22,0,0.22,bks7-dkfd
2012-03-03T00:00:00.000,17,Garraf,082704,Sitges,0.002,0,0,0.002,bks7-dkfd
2012-03-03T00:00:00.000,17,Garraf,082704,Sitges,0.001,0,0,0.001,bks7-dkfd
2012-03-03T00:00:00.000,17,Garraf,082704,Sitges,0.002,0,0,0.002,bks7-dkfd
2012-03-04T00:00:00.000,10,Baix Empordà,179011,"Cruïlles, Monells i Sant Sadurní de l'Heura",0.004,0,0,0.004,bks7-dkfd
2012-03-04T00:00:00.000,32,Segarra,251039,Granyanella,0,1.8,0,1.8,bks7-dkfd
2012-03-05T00:00:00.000,05,Alta Ribagorça,251734,"Pont de Suert, el",0,1.5,0,1.5,bks7-dkfd
2012-03-05T00:00:00.000,02,Alt Empordà,171523,Roses,0,0.8,0,0.8,bks7-dkfd
2012-03-05T00:00:00.000,40,Vallès Occidental,083008,Viladecavalls,0.01,0,0,0.01,bks7-dkfd
2012-03-06T00:00:00.000,25,Pallars Jussà,259046,Castell de Mur,0,0.28,0,0.28,bks7-dkfd
2012-03-06T00:00:00.000,16,Conca de Barberà,430862,Montblanc,0,0.04,0,0.04,bks7-dkfd
2012-03-06T00:00:00.000,25,Pallars Jussà,252154,Talarn,0.4,0,1.1,0.4,bks7-dkfd
2012-03-06T00:00:00.000,07,Bages,080620,Castellnou de Bages,1.82,0.06,0,1.88,bks7-dkfd
2012-03-06T00:00:00.000,34,Selva,171169,Osor,0.3,0.97,0,1.27,bks7-dkfd
2012-03-06T00:00:00.000,30,Ribera d'Ebre,430653,Garcia,3.1,0.3,2,3.4,bks7-dkfd
2012-03-07T00:00:00.000,40,Vallès Occidental,089045,Badia del Vallès,0,0.01,0,0.01,bks7-dkfd
2012-03-07T00:00:00.000,11,Baix Llobregat,081574,Pallejà,0.01,0,0,0.01,bks7-dkfd
2012-03-07T00:00:00.000,23,Noguera,250693,Castelló de Farfanya,0,0.3,1,0.3,bks7-dkfd
2012-03-07T00:00:00.000,03,Alt Penedès,083054,Vilafranca del Penedès,0,0.02,0.13,0.02,bks7-dkfd
2012-03-07T00:00:00.000,12,Baix Penedès,431634,"Vendrell, el",0,0.55,0,0.55,bks7-dkfd
2012-03-08T00:00:00.000,41,Vallès Oriental,082482,Santa Eulàlia de Ronçana,0,0.02,0,0.02,bks7-dkfd
2012-03-08T00:00:00.000,29,Priorat,430350,Cabacés,0,0.11,0,0.11,bks7-dkfd
2012-03-08T00:00:00.000,04,Alt Urgell,250772,Coll de Nargó,0.87,25.93,0.34,26.8,bks7-dkfd
2012-03-08T00:00:00.000,04,Alt Urgell,252398,"Valls de Valira, les",151.5,25.6,0,177.1,bks7-dkfd
2012-03-08T00:00:00.000,25,Pallars Jussà,251615,Conca de Dalt,0,0.015,0.8,0.015,bks7-dkfd
2012-03-08T00:00:00.000,34,Selva,171595,Sant Feliu de Buixalleu,0,0.51,0,0.51,bks7-dkfd
2012-03-08T00:00:00.000,12,Baix Penedès,431378,Sant Jaume dels Domenys,0.1,1.2,0.1,1.3,bks7-dkfd
2012-03-08T00:00:00.000,05,Alta Ribagorça,251734,"Pont de Suert, el",95,82.8,7.3,177.8,bks7-dkfd
2012-03-08T00:00:00.000,10,Baix Empordà,172327,Vilopriu,2,0,0,2,bks7-dkfd
2012-03-08T00:00:00.000,05,Alta Ribagorça,251734,"Pont de Suert, el",0,0.1,0,0.1,bks7-dkfd
2012-03-08T00:00:00.000,26,Pallars Sobirà,250390,Baix Pallars,196.7,167.2,13.2,363.9,bks7-dkfd
2012-03-09T00:00:00.000,10,Baix Empordà,172327,Vilopriu,0,0.0006,0,0.0006,bks7-dkfd
2012-03-09T00:00:00.000,10,Baix Empordà,172327,Vilopriu,0.028,0,0,0.028,bks7-dkfd
2012-03-09T00:00:00.000,34,Selva,170237,Blanes,0,0.1,0,0.1,bks7-dkfd
2012-03-09T00:00:00.000,10,Baix Empordà,171812,Santa Cristina d'Aro,286.8,41.1,0.6,327.9,bks7-dkfd
2012-03-09T00:00:00.000,10,Baix Empordà,172327,Vilopriu,0.015,0.006,0,0.021,bks7-dkfd
2012-03-09T00:00:00.000,15,Cerdanya,251272,Lles de Cerdanya,0.0025,0,0,0.0025,bks7-dkfd
2012-03-09T00:00:00.000,20,Gironès,170448,Cassà de la Selva,0.086,0,0,0.086,bks7-dkfd
2012-03-09T00:00:00.000,19,Garrotxa,171143,Olot,0.2,0.9,0,1.1,bks7-dkfd
2012-03-10T00:00:00.000,11,Baix Llobregat,081141,Martorell,0,0.001,0,0.001,bks7-dkfd
2012-03-10T00:00:00.000,11,Baix Llobregat,081691,"Prat de Llobregat, el",0,0.02,0,0.02,bks7-dkfd
2012-03-10T00:00:00.000,03,Alt Penedès,082732,Subirats,0,0.13,0,0.13,bks7-dkfd
2012-03-10T00:00:00.000,22,Montsià,430629,Freginals,0,0.22,0,0.22,bks7-dkfd
2012-03-10T00:00:00.000,09,Baix Ebre,430069,Aldover,0,0.1,0,0.1,bks7-dkfd
2012-03-10T00:00:00.000,21,Maresme,082613,Santa Susanna,0,0.3,0,0.3,bks7-dkfd
2012-03-10T00:00:00.000,11,Baix Llobregat,083015,Viladecans,0.01,0,0,0.01,bks7-dkfd
2012-03-10T00:00:00.000,13,Barcelonès,080193,Barcelona,0.6,0,0,0.6,bks7-dkfd
2012-03-10T00:00:00.000,41,Vallès Oriental,080462,Cardedeu,0.01,0.6,0,0.61,bks7-dkfd
2012-03-11T00:00:00.000,03,Alt Penedès,081542,Pacs del Penedès,0,0.025,0,0.025,bks7-dkfd
2012-03-11T00:00:00.000,03,Alt Penedès,083054,Vilafranca del Penedès,0,0.07,0,0.07,bks7-dkfd
2012-03-11T00:00:00.000,11,Baix Llobregat,080765,Esparreguera,0.02,0,0,0.02,bks7-dkfd
2012-03-11T00:00:00.000,11,Baix Llobregat,083015,Viladecans,0.04,0,0,0.04,bks7-dkfd
2012-03-11T00:00:00.000,26,Pallars Sobirà,252094,Sort,0,0.8,0,0.8,bks7-dkfd
2012-03-12T00:00:00.000,21,Maresme,080076,Arenys de Munt,0.02,0,0,0.02,bks7-dkfd
2012-03-12T00:00:00.000,10,Baix Empordà,171812,Santa Cristina d'Aro,0.02,0,0,0.02,bks7-dkfd
2012-03-12T00:00:00.000,19,Garrotxa,171143,Olot,0,0.045,0,0.045,bks7-dkfd
2012-03-12T00:00:00.000,41,Vallès Oriental,080333,Caldes de Montbui,0,0.015,0,0.015,bks7-dkfd
2012-03-12T00:00:00.000,06,Anoia,082508,Santa Margarida de Montbui,0,0.07,0,0.07,bks7-dkfd
2012-03-13T00:00:00.000,12,Baix Penedès,430287,"Bisbal del Penedès, la",0.7,1.8,0,2.5,bks7-dkfd
2012-03-13T00:00:00.000,06,Anoia,082975,Veciana,0.3,0,0,0.3,bks7-dkfd
2012-03-14T00:00:00.000,06,Anoia,081022,Igualada,0,0.2,0,0.2,bks7-dkfd
2012-03-14T00:00:00.000,40,Vallès Occidental,081846,Rubí,0,0.001,0,0.001,bks7-dkfd
2012-03-14T00:00:00.000,21,Maresme,081635,Pineda de Mar,0,0.35,0,0.35,bks7-dkfd
2012-03-14T00:00:00.000,13,Barcelonès,080155,Badalona,0,1.5,0,1.5,bks7-dkfd
2012-03-14T00:00:00.000,23,Noguera,250621,Camarasa,0,0.89,0.25,0.89,bks7-dkfd
2012-03-15T00:00:00.000,24,Osona,083036,Vilanova de Sau,0.005,0,0,0.005,bks7-dkfd
2012-03-15T00:00:00.000,18,Garrigues,251180,Juncosa,1.04,0,0.4,1.04,bks7-dkfd
2012-03-15T00:00:00.000,06,Anoia,081629,"Hostalets de Pierola, els",0,0.11,0,0.11,bks7-dkfd
2012-03-15T00:00:00.000,06,Anoia,082861,"Torre de Claramunt, la",0,0.01,0,0.01,bks7-dkfd
2012-03-16T00:00:00.000,16,Conca de Barberà,431303,Rocafort de Queralt,0.45,0,0,0.45,bks7-dkfd
2012-03-16T00:00:00.000,02,Alt Empordà,171870,"Saus, Camallera i Llampaies",0.12,0,0,0.12,bks7-dkfd
2012-03-16T00:00:00.000,09,Baix Ebre,439060,"Ampolla, l'",0.003,0,0,0.003,bks7-dkfd
2012-03-16T00:00:00.000,40,Vallès Occidental,082384,Sant Quirze del Vallès,0.015,0,0,0.015,bks7-dkfd
2012-03-16T00:00:00.000,11,Baix Llobregat,082634,Sant Vicenç dels Horts,0,0.064,0,0.064,bks7-dkfd
2012-03-17T00:00:00.000,01,Alt Camp,431080,"Pla de Santa Maria, el",0.24,0,0,0.24,bks7-dkfd
2012-03-18T00:00:00.000,17,Garraf,080749,Cubelles,0,0.25,0,0.25,bks7-dkfd
2012-03-18T00:00:00.000,40,Vallès Occidental,082798,Terrassa,0.038,0,0,0.038,bks7-dkfd
2012-03-19T00:00:00.000,21,Maresme,082303,Premià de Dalt,0,0.005,0,0.005,bks7-dkfd
2012-03-19T00:00:00.000,41,Vallès Oriental,080235,Bigues i Riells,0,0.006,0,0.006,bks7-dkfd
2012-03-19T00:00:00.000,41,Vallès Oriental,080333,Caldes de Montbui,0.14,0,0,0.14,bks7-dkfd
2012-03-20T00:00:00.000,41,Vallès Oriental,081810,"Roca del Vallès, la",0.04,0,0,0.04,bks7-dkfd
2012-03-20T00:00:00.000,21,Maresme,080095,Argentona,0,0.31,0,0.31,bks7-dkfd
2012-03-20T00:00:00.000,03,Alt Penedès,080850,Font-rubí,0.08,0.07,0.14,0.15,bks7-dkfd
2012-03-24T00:00:00.000,08,Baix Camp,430094,Alforja,0,0.02,0,0.02,bks7-dkfd
2012-03-25T00:00:00.000,28,Pla de l'Estany,171371,Porqueres,0,0.04,0,0.04,bks7-dkfd
2012-03-25T00:00:00.000,41,Vallès Oriental,082093,Sant Fost de Campsentelles,0,0.06,0,0.06,bks7-dkfd
2012-03-26T00:00:00.000,11,Baix Llobregat,081691,"Prat de Llobregat, el",0,0.2,0,0.2,bks7-dkfd
2012-03-26T00:00:00.000,20,Gironès,171557,Salt,0,0.05,0,0.05,bks7-dkfd
2012-03-26T00:00:00.000,11,Baix Llobregat,080569,Castelldefels,0,0.017,0,0.017,bks7-dkfd
2012-03-27T00:00:00.000,07,Bages,080180,Balsareny,0,0.01,0,0.01,bks7-dkfd
2012-03-28T00:00:00.000,34,Selva,171030,Maçanet de la Selva,0,0.0003,0,0.0003,bks7-dkfd
2012-03-29T00:00:00.000,40,Vallès Occidental,081672,Polinyà,0.03,0,0,0.03,bks7-dkfd
2012-03-30T00:00:00.000,34,Selva,172333,Vilobí d'Onyar,0.025,0,0,0.025,bks7-dkfd
2012-03-30T00:00:00.000,33,Segrià,252043,Seròs,0,0.12,0,0.12,bks7-dkfd
2012-03-31T00:00:00.000,03,Alt Penedès,082877,Torrelavit,0,0.45,0,0.45,bks7-dkfd
2012-03-31T00:00:00.000,07,Bages,080180,Balsareny,0,0.18,0,0.18,bks7-dkfd
2012-03-31T00:00:00.000,40,Vallès Occidental,082917,Vacarisses,0,0.075,0,0.075,bks7-dkfd
2012-03-31T00:00:00.000,13,Barcelonès,082457,Santa Coloma de Gramenet,0,0.72,0,0.72,bks7-dkfd
2012-03-31T00:00:00.000,14,Berguedà,082166,Sant Jaume de Frontanyà,0.3,0,0,0.3,bks7-dkfd
2012-04-02T00:00:00.000,37,Terra Alta,431750,Vilalba dels Arcs,0,0.13,0,0.13,bks7-dkfd
2012-04-02T00:00:00.000,18,Garrigues,251180,Juncosa,0.01,0,0,0.01,bks7-dkfd
2012-04-07T00:00:00.000,11,Baix Llobregat,083015,Viladecans,0,0.002,0,0.002,bks7-dkfd
2012-04-08T00:00:00.000,03,Alt Penedès,082270,Sant Martí Sarroca,0,0.5,0,0.5,bks7-dkfd
2012-04-12T00:00:00.000,21,Maresme,081213,Mataró,0.005,0,0,0.005,bks7-dkfd
2012-04-15T00:00:00.000,11,Baix Llobregat,083015,Viladecans,0,0.0015,0,0.0015,bks7-dkfd
2012-04-15T00:00:00.000,33,Segrià,252115,Sudanell,0.05,0,0,0.05,bks7-dkfd
2012-04-16T00:00:00.000,10,Baix Empordà,170813,Gualta,0,0.1,0,0.1,bks7-dkfd
2012-04-17T00:00:00.000,18,Garrigues,251180,Juncosa,0,0.97,0,0.97,bks7-dkfd
2012-04-18T00:00:00.000,33,Segrià,259123,Gimenells i el Pla de la Font,5.1,0.7,0,5.8,bks7-dkfd
2012-04-18T00:00:00.000,38,Urgell,259025,Sant Martí de Riucorb,0,0.32,0,0.32,bks7-dkfd
2012-04-18T00:00:00.000,09,Baix Ebre,439060,"Ampolla, l'",0,0.1,0,0.1,bks7-dkfd
2012-04-18T00:00:00.000,38,Urgell,252424,Verdú,0,0.02,0,0.02,bks7-dkfd
2012-04-20T00:00:00.000,33,Segrià,259123,Gimenells i el Pla de la Font,0.22,0,0,0.22,bks7-dkfd
2012-04-20T00:00:00.000,06,Anoia,081614,Piera,0,0.02,0,0.02,bks7-dkfd
2012-04-20T00:00:00.000,18,Garrigues,250674,Castelldans,0,1.15,0,1.15,bks7-dkfd
2012-04-21T00:00:00.000,11,Baix Llobregat,082009,Sant Boi de Llobregat,0,0.2,0,0.2,bks7-dkfd
2012-04-21T00:00:00.000,24,Osona,082711,Sobremunt,0.6,0,0,0.6,bks7-dkfd
2012-04-21T00:00:00.000,33,Segrià,259123,Gimenells i el Pla de la Font,0,0.3,0,0.3,bks7-dkfd
2012-04-22T00:00:00.000,09,Baix Ebre,431554,Tortosa,0,0.41,0,0.41,bks7-dkfd
2012-04-24T00:00:00.000,21,Maresme,080076,Arenys de Munt,0.001,0,0,0.001,bks7-dkfd
2012-04-24T00:00:00.000,21,Maresme,080076,Arenys de Munt,0.001,0,0,0.001,bks7-dkfd
2012-04-24T00:00:00.000,21,Maresme,080076,Arenys de Munt,0.001,0,0,0.001,bks7-dkfd
2012-04-24T00:00:00.000,21,Maresme,080095,Argentona,0,0.002,0,0.002,bks7-dkfd
2012-04-24T00:00:00.000,21,Maresme,080076,Arenys de Munt,0.001,0,0,0.001,bks7-dkfd
2012-04-24T00:00:00.000,21,Maresme,080076,Arenys de Munt,0.001,0,0,0.001,bks7-dkfd
2012-04-24T00:00:00.000,40,Vallès Occidental,081846,Rubí,0,0.19,0,0.19,bks7-dkfd
2012-04-24T00:00:00.000,21,Maresme,080076,Arenys de Munt,0.001,0,0,0.001,bks7-dkfd
2012-04-24T00:00:00.000,21,Maresme,080076,Arenys de Munt,0.001,0,0,0.001,bks7-dkfd
2012-04-25T00:00:00.000,11,Baix Llobregat,080207,Begues,0,0.037,0,0.037,bks7-dkfd
2012-04-26T00:00:00.000,13,Barcelonès,080155,Badalona,0,0.09,0,0.09,bks7-dkfd
2012-04-26T00:00:00.000,33,Segrià,251207,Lleida,0.07,0,0,0.07,bks7-dkfd
2012-05-01T00:00:00.000,34,Selva,171019,Massanes,0.1,0.01,0,0.11,bks7-dkfd
2012-05-08T00:00:00.000,40,Vallès Occidental,081878,Sabadell,0,0.0035,0,0.0035,bks7-dkfd
2012-05-09T00:00:00.000,11,Baix Llobregat,080765,Esparreguera,0,0.039,0,0.039,bks7-dkfd
2012-05-09T00:00:00.000,07,Bages,082628,Sant Vicenç de Castellet,0,0.05,0,0.05,bks7-dkfd
2012-05-10T00:00:00.000,33,Segrià,250215,Almenar,0,0.03,0,0.03,bks7-dkfd
2012-05-11T00:00:00.000,20,Gironès,171557,Salt,0.47,0,0,0.47,bks7-dkfd
2012-05-11T00:00:00.000,33,Segrià,252000,Sarroca de Lleida,0,0.3,1.5,0.3,bks7-dkfd
2012-05-11T00:00:00.000,29,Priorat,431573,Ulldemolins,0,0.0004,0,0.0004,bks7-dkfd
2012-05-11T00:00:00.000,29,Priorat,431573,Ulldemolins,0,0.0003,0,0.0003,bks7-dkfd
2012-05-11T00:00:00.000,29,Priorat,431573,Ulldemolins,0,0.0006,0,0.0006,bks7-dkfd
2012-05-11T00:00:00.000,29,Priorat,431573,Ulldemolins,0,0.0001,0,0.0001,bks7-dkfd
2012-05-11T00:00:00.000,29,Priorat,431573,Ulldemolins,0.138,0,0,0.138,bks7-dkfd
2012-05-11T00:00:00.000,29,Priorat,431573,Ulldemolins,0.317,0,0,0.317,bks7-dkfd
2012-05-11T00:00:00.000,29,Priorat,431573,Ulldemolins,0.612,0,0,0.612,bks7-dkfd
2012-05-11T00:00:00.000,29,Priorat,431573,Ulldemolins,0,0.0002,0,0.0002,bks7-dkfd
2012-05-11T00:00:00.000,29,Priorat,431573,Ulldemolins,0,0.0002,0,0.0002,bks7-dkfd
2012-05-11T00:00:00.000,29,Priorat,431573,Ulldemolins,0,0.0001,0,0.0001,bks7-dkfd
2012-05-11T00:00:00.000,29,Priorat,431573,Ulldemolins,0,0.0015,0,0.0015,bks7-dkfd
2012-05-11T00:00:00.000,29,Priorat,431573,Ulldemolins,0.035,0,0,0.035,bks7-dkfd
2012-05-11T00:00:00.000,38,Urgell,250501,Bellpuig,1.12,0,0,1.12,bks7-dkfd
2012-05-11T00:00:00.000,29,Priorat,431573,Ulldemolins,0.138,0,0,0.138,bks7-dkfd
2012-05-12T00:00:00.000,22,Montsià,430445,"Sénia, la",0,0.32,0,0.32,bks7-dkfd
2012-05-12T00:00:00.000,09,Baix Ebre,431554,Tortosa,0,0.01,0,0.01,bks7-dkfd
2012-05-12T00:00:00.000,18,Garrigues,251180,Juncosa,0,0.2,0.3,0.2,bks7-dkfd
2012-05-12T00:00:00.000,33,Segrià,251207,Lleida,0.05,0,0.15,0.05,bks7-dkfd
2012-05-12T00:00:00.000,09,Baix Ebre,431554,Tortosa,0,0.005,0,0.005,bks7-dkfd
2012-05-13T00:00:00.000,09,Baix Ebre,431554,Tortosa,0,0.005,0,0.005,bks7-dkfd
2012-05-13T00:00:00.000,34,Selva,170237,Blanes,0.02,0,0,0.02,bks7-dkfd
2012-05-14T00:00:00.000,11,Baix Llobregat,081234,Molins de Rei,0,0.18,0,0.18,bks7-dkfd
2012-05-14T00:00:00.000,17,Garraf,081483,Olivella,0.002,0,0,0.002,bks7-dkfd
2012-05-14T00:00:00.000,17,Garraf,082310,Sant Pere de Ribes,0,0.0015,0,0.0015,bks7-dkfd
2012-05-14T00:00:00.000,40,Vallès Occidental,082798,Terrassa,0,0.03,0,0.03,bks7-dkfd
2012-05-14T00:00:00.000,02,Alt Empordà,170010,Agullana,0.02,0,0.02,0.02,bks7-dkfd
2012-05-14T00:00:00.000,18,Garrigues,251180,Juncosa,0.38,0.3,0,0.68,bks7-dkfd
2012-05-15T00:00:00.000,40,Vallès Occidental,081846,Rubí,0.086,0,0,0.086,bks7-dkfd
2012-05-15T00:00:00.000,11,Baix Llobregat,081477,Olesa de Montserrat,0,0.08,0,0.08,bks7-dkfd
2012-05-15T00:00:00.000,30,Ribera d'Ebre,431212,Rasquera,239.64,2495.4,53.46,2735.04,bks7-dkfd
2012-05-15T00:00:00.000,18,Garrigues,252555,Vinaixa,0.35,0,0,0.35,bks7-dkfd
2012-05-15T00:00:00.000,09,Baix Ebre,430069,Aldover,0.06,0,0,0.06,bks7-dkfd
2012-05-16T00:00:00.000,11,Baix Llobregat,080018,Abrera,0,0.55,0,0.55,bks7-dkfd
2012-05-16T00:00:00.000,41,Vallès Oriental,082567,Santa Maria de Martorelles,0,0.01,0,0.01,bks7-dkfd
2012-05-17T00:00:00.000,40,Vallès Occidental,082798,Terrassa,0,0.04,0,0.04,bks7-dkfd
2012-05-17T00:00:00.000,20,Gironès,170792,Girona,0,0.2,0,0.2,bks7-dkfd
2012-05-17T00:00:00.000,11,Baix Llobregat,081691,"Prat de Llobregat, el",0,0.36,0,0.36,bks7-dkfd
2012-05-18T00:00:00.000,07,Bages,082747,Súria,0.006,0,0,0.006,bks7-dkfd
2012-05-18T00:00:00.000,41,Vallès Oriental,081081,Lliçà de Vall,0.078,0.25,0,0.328,bks7-dkfd
2012-05-18T00:00:00.000,33,Segrià,251207,Lleida,0.24,0.13,0,0.37,bks7-dkfd
2012-05-18T00:00:00.000,23,Noguera,250621,Camarasa,0,0.03,0,0.03,bks7-dkfd
2012-05-19T00:00:00.000,41,Vallès Oriental,080885,"Garriga, la",0.004,0.012,0,0.016,bks7-dkfd
2012-05-19T00:00:00.000,07,Bages,081271,Monistrol de Montserrat,0,0.003,0,0.003,bks7-dkfd
2012-05-19T00:00:00.000,33,Segrià,251333,Maials,0,0.18,0,0.18,bks7-dkfd
2012-05-19T00:00:00.000,41,Vallès Oriental,081810,"Roca del Vallès, la",0.015,0.02,0,0.035,bks7-dkfd
2012-05-19T00:00:00.000,32,Segarra,250729,Cervera,0,0.65,0,0.65,bks7-dkfd
2012-05-23T00:00:00.000,03,Alt Penedès,082883,Torrelles de Foix,0.04,0,0,0.04,bks7-dkfd
2012-05-23T00:00:00.000,03,Alt Penedès,082270,Sant Martí Sarroca,0,0.03,0,0.03,bks7-dkfd
2012-05-24T00:00:00.000,02,Alt Empordà,170329,Cadaqués,0,0.002,0,0.002,bks7-dkfd
2012-05-24T00:00:00.000,38,Urgell,250740,Ciutadilla,0,0.08,0,0.08,bks7-dkfd
2012-05-24T00:00:00.000,21,Maresme,082845,Tordera,0.02,0,0.99,0.02,bks7-dkfd
2012-05-25T00:00:00.000,34,Selva,171931,Sils,0.05,0,0,0.05,bks7-dkfd
2012-05-26T00:00:00.000,07,Bages,081136,Manresa,0,0.0002,0,0.0002,bks7-dkfd
2012-05-26T00:00:00.000,34,Selva,171463,Riells i Viabrea,0,0.01,0,0.01,bks7-dkfd
2012-05-26T00:00:00.000,11,Baix Llobregat,080898,Gavà,0.06,0.2,0,0.26,bks7-dkfd
2012-05-27T00:00:00.000,32,Segarra,251327,Massoteres,0,0.8,0,0.8,bks7-dkfd
2012-05-27T00:00:00.000,06,Anoia,081521,Orpí,0.2,0,0.15,0.2,bks7-dkfd
2012-05-27T00:00:00.000,41,Vallès Oriental,082943,Vallgorguina,0,0.005,0,0.005,bks7-dkfd
2012-05-27T00:00:00.000,41,Vallès Oriental,080235,Bigues i Riells,0,0.05,0,0.05,bks7-dkfd
2012-05-27T00:00:00.000,16,Conca de Barberà,431423,Sarral,0,0.01,0,0.01,bks7-dkfd
2012-05-27T00:00:00.000,07,Bages,080386,Callús,0,0.08,0,0.08,bks7-dkfd
2012-05-28T00:00:00.000,21,Maresme,082359,Sant Pol de Mar,0,0.008,0,0.008,bks7-dkfd
2012-05-29T00:00:00.000,14,Berguedà,081751,Puig-reig,0.0001,0,0,0.0001,bks7-dkfd
2012-05-31T00:00:00.000,23,Noguera,250156,Algerri,0,0.48,0,0.48,bks7-dkfd
2012-05-31T00:00:00.000,23,Noguera,250621,Camarasa,0,0.0008,0,0.0008,bks7-dkfd
2012-05-31T00:00:00.000,41,Vallès Oriental,082969,Vallromanes,0.05,0,0,0.05,bks7-dkfd
2012-06-01T00:00:00.000,03,Alt Penedès,080850,Font-rubí,0,0.2,0,0.2,bks7-dkfd
2012-06-01T00:00:00.000,11,Baix Llobregat,080765,Esparreguera,0,0.008,0,0.008,bks7-dkfd
2012-06-01T00:00:00.000,21,Maresme,080351,Calella,0.45,0,0,0.45,bks7-dkfd
2012-06-02T00:00:00.000,21,Maresme,082845,Tordera,0.01,0,0,0.01,bks7-dkfd
2012-06-02T00:00:00.000,17,Garraf,080749,Cubelles,0,0.63,0,0.63,bks7-dkfd
2012-06-02T00:00:00.000,10,Baix Empordà,171100,Mont-ras,0.05,0,0,0.05,bks7-dkfd
2012-06-02T00:00:00.000,21,Maresme,082037,Sant Cebrià de Vallalta,1.3,0.7,3.2,2,bks7-dkfd
2012-06-04T00:00:00.000,30,Ribera d'Ebre,430939,Móra d'Ebre,0.05,0,0,0.05,bks7-dkfd
2012-06-07T00:00:00.000,30,Ribera d'Ebre,431508,Tivissa,0,0.14,0.64,0.14,bks7-dkfd
2012-06-07T00:00:00.000,36,Tarragonès,430976,"Nou de Gaià, la",1.83,0,0,1.83,bks7-dkfd
2012-06-08T00:00:00.000,23,Noguera,251569,Os de Balaguer,0,3,2.9,3,bks7-dkfd
2012-06-08T00:00:00.000,40,Vallès Occidental,081846,Rubí,0,0.087,0,0.087,bks7-dkfd
2012-06-09T00:00:00.000,06,Anoia,080253,"Bruc, el",0,0.0001,0,0.0001,bks7-dkfd
2012-06-10T00:00:00.000,07,Bages,082747,Súria,0,0.005,0,0.005,bks7-dkfd
2012-06-12T00:00:00.000,11,Baix Llobregat,083015,Viladecans,0,0.15,0,0.15,bks7-dkfd
2012-06-12T00:00:00.000,18,Garrigues,250292,Arbeca,0.15,9.12,20.15,9.27,bks7-dkfd
2012-06-12T00:00:00.000,24,Osona,081516,Oristà,0.009,0,0,0.009,bks7-dkfd
2012-06-12T00:00:00.000,21,Maresme,081555,Palafolls,0,0.01,0,0.01,bks7-dkfd
2012-06-12T00:00:00.000,03,Alt Penedès,080581,Castellet i la Gornal,288.4,279.5,19.8,567.9,bks7-dkfd
2012-06-12T00:00:00.000,01,Alt Camp,430363,Cabra del Camp,0.6,0,2.2,0.6,bks7-dkfd
2012-06-14T00:00:00.000,03,Alt Penedès,082270,Sant Martí Sarroca,0,0.44,0.17,0.44,bks7-dkfd
2012-06-14T00:00:00.000,23,Noguera,251569,Os de Balaguer,0,0.2,0,0.2,bks7-dkfd
2012-06-14T00:00:00.000,11,Baix Llobregat,082080,Sant Esteve Sesrovires,0,0.03,0,0.03,bks7-dkfd
2012-06-15T00:00:00.000,23,Noguera,250024,Àger,0,0.03,0,0.03,bks7-dkfd
2012-06-15T00:00:00.000,24,Osona,081120,Manlleu,0,0.1,0,0.1,bks7-dkfd
2012-06-15T00:00:00.000,37,Terra Alta,431068,"Pinell de Brai, el",9.73,129.58,0.09,139.31,bks7-dkfd
2012-06-15T00:00:00.000,09,Baix Ebre,430521,Xerta,0,3.2,0,3.2,bks7-dkfd
2012-06-15T00:00:00.000,16,Conca de Barberà,431763,Vimbodí i Poblet,0,0.05,0,0.05,bks7-dkfd
2012-06-16T00:00:00.000,03,Alt Penedès,082515,Santa Margarida i els Monjos,0.01,0.03,0,0.04,bks7-dkfd
2012-06-16T00:00:00.000,33,Segrià,250788,Corbins,0,0.5,0,0.5,bks7-dkfd
2012-06-17T00:00:00.000,41,Vallès Oriental,082482,Santa Eulàlia de Ronçana,0,0.04,0,0.04,bks7-dkfd
2012-06-17T00:00:00.000,34,Selva,171805,Santa Coloma de Farners,0,0.004,0,0.004,bks7-dkfd
2012-06-17T00:00:00.000,32,Segarra,250729,Cervera,0.5,0,3.9,0.5,bks7-dkfd
2012-06-17T00:00:00.000,30,Ribera d'Ebre,430653,Garcia,0.1,0,1.3,0.1,bks7-dkfd
2012-06-18T00:00:00.000,41,Vallès Oriental,080961,Granollers,0,0.01,0,0.01,bks7-dkfd
2012-06-18T00:00:00.000,21,Maresme,080039,Alella,0,0.002,0,0.002,bks7-dkfd
2012-06-18T00:00:00.000,26,Pallars Sobirà,250390,Baix Pallars,0.0005,0,0,0.0005,bks7-dkfd
2012-06-19T00:00:00.000,11,Baix Llobregat,080898,Gavà,0,0.04,0,0.04,bks7-dkfd
2012-06-20T00:00:00.000,12,Baix Penedès,430901,"Montmell, el",0,0.02,0,0.02,bks7-dkfd
2012-06-20T00:00:00.000,03,Alt Penedès,081228,Mediona,0,0.02,0,0.02,bks7-dkfd
2012-06-21T00:00:00.000,32,Segarra,251924,Sant Guim de Freixenet,18.3,6.6,78.5,24.9,bks7-dkfd
2012-06-21T00:00:00.000,06,Anoia,082508,Santa Margarida de Montbui,0,0.15,0,0.15,bks7-dkfd
2012-06-21T00:00:00.000,20,Gironès,170979,Madremanya,0.1,0,0,0.1,bks7-dkfd
2012-06-21T00:00:00.000,40,Vallès Occidental,082055,Sant Cugat del Vallès,0,0.001,0,0.001,bks7-dkfd
2012-06-22T00:00:00.000,09,Baix Ebre,431331,Roquetes,0,0.01,0,0.01,bks7-dkfd
2012-06-22T00:00:00.000,06,Anoia,081192,Masquefa,0,0.08,0,0.08,bks7-dkfd
2012-06-22T00:00:00.000,06,Anoia,083020,Vilanova del Camí,0,0.06,0,0.06,bks7-dkfd
2012-06-22T00:00:00.000,11,Baix Llobregat,081691,"Prat de Llobregat, el",0,0.005,0,0.005,bks7-dkfd
2012-06-22T00:00:00.000,41,Vallès Oriental,080961,Granollers,0,0.02,0,0.02,bks7-dkfd
2012-06-22T00:00:00.000,33,Segrià,251207,Lleida,0.15,0.06,0,0.21,bks7-dkfd
2012-06-23T00:00:00.000,21,Maresme,082649,Sant Vicenç de Montalt,0.004,0,0,0.004,bks7-dkfd
2012-06-23T00:00:00.000,22,Montsià,430043,Alcanar,0.03,0.03,0,0.06,bks7-dkfd
2012-06-23T00:00:00.000,40,Vallès Occidental,081252,Montcada i Reixac,0,0.19,0.01,0.19,bks7-dkfd
2012-06-23T00:00:00.000,11,Baix Llobregat,080765,Esparreguera,0.05,0,0,0.05,bks7-dkfd
2012-06-23T00:00:00.000,40,Vallès Occidental,082917,Vacarisses,0,0.001,0,0.001,bks7-dkfd
2012-06-23T00:00:00.000,24,Osona,082153,Sant Hipòlit de Voltregà,0,0.2,0,0.2,bks7-dkfd
2012-06-24T00:00:00.000,21,Maresme,080076,Arenys de Munt,0.002,0,0,0.002,bks7-dkfd
2012-06-24T00:00:00.000,21,Maresme,080095,Argentona,0.03,0.15,0,0.18,bks7-dkfd
2012-06-24T00:00:00.000,03,Alt Penedès,080581,Castellet i la Gornal,0.25,0,0,0.25,bks7-dkfd
2012-06-24T00:00:00.000,13,Barcelonès,080193,Barcelona,2.9,7.4,0,10.3,bks7-dkfd
2012-06-24T00:00:00.000,10,Baix Empordà,171812,Santa Cristina d'Aro,0.01,0,0,0.01,bks7-dkfd
2012-06-24T00:00:00.000,07,Bages,081136,Manresa,0.22,0,0,0.22,bks7-dkfd
2012-06-24T00:00:00.000,13,Barcelonès,080193,Barcelona,0,1.5,0,1.5,bks7-dkfd
2012-06-24T00:00:00.000,13,Barcelonès,080193,Barcelona,0,0.4,0,0.4,bks7-dkfd
2012-06-24T00:00:00.000,20,Gironès,170736,Fornells de la Selva,0,0.004,0,0.004,bks7-dkfd
2012-06-24T00:00:00.000,03,Alt Penedès,080581,Castellet i la Gornal,0.13,0,0,0.13,bks7-dkfd
2012-06-24T00:00:00.000,11,Baix Llobregat,083015,Viladecans,0,0.04,0,0.04,bks7-dkfd
2012-06-24T00:00:00.000,33,Segrià,251207,Lleida,0,3.1,0,3.1,bks7-dkfd
2012-06-24T00:00:00.000,40,Vallès Occidental,080543,Castellbisbal,0,0.01,0.03,0.01,bks7-dkfd
2012-06-24T00:00:00.000,40,Vallès Occidental,082055,Sant Cugat del Vallès,0,0.04,0,0.04,bks7-dkfd
2012-06-24T00:00:00.000,13,Barcelonès,080193,Barcelona,0,0.39,0,0.39,bks7-dkfd
2012-06-25T00:00:00.000,02,Alt Empordà,171523,Roses,0.03,0,0,0.03,bks7-dkfd
2012-06-25T00:00:00.000,07,Bages,082135,Sant Fruitós de Bages,0,0.24,0.46,0.24,bks7-dkfd
2012-06-25T00:00:00.000,20,Gironès,171426,Quart,0.04,0,0.28,0.04,bks7-dkfd
2012-06-25T00:00:00.000,16,Conca de Barberà,430862,Montblanc,0,0.08,0,0.08,bks7-dkfd
2012-06-25T00:00:00.000,08,Baix Camp,430311,"Borges del Camp, les",0.06,0.14,0.1,0.2,bks7-dkfd
2012-06-26T00:00:00.000,02,Alt Empordà,171523,Roses,0,0.01,0,0.01,bks7-dkfd
2012-06-26T00:00:00.000,40,Vallès Occidental,082055,Sant Cugat del Vallès,0,0.0008,0,0.0008,bks7-dkfd
2012-06-26T00:00:00.000,04,Alt Urgell,250447,Bassella,0.04,0,0,0.04,bks7-dkfd
2012-06-26T00:00:00.000,17,Garraf,082704,Sitges,0.005,0,0,0.005,bks7-dkfd
2012-06-27T00:00:00.000,06,Anoia,081764,Pujalt,11.3,2.7,28.7,14,bks7-dkfd
2012-06-27T00:00:00.000,40,Vallès Occidental,082665,Cerdanyola del Vallès,0,0.006,0,0.006,bks7-dkfd
2012-06-27T00:00:00.000,40,Vallès Occidental,082606,Santa Perpètua de Mogoda,0,0.18,0,0.18,bks7-dkfd
2012-06-27T00:00:00.000,29,Priorat,430350,Cabacés,0.2,0.09,0,0.29,bks7-dkfd
2012-06-27T00:00:00.000,29,Priorat,430350,Cabacés,30.6,84.62,0.72,115.22,bks7-dkfd
2012-06-28T00:00:00.000,06,Anoia,081764,Pujalt,0.8,0.3,1.8,1.1,bks7-dkfd
2012-06-29T00:00:00.000,17,Garraf,082704,Sitges,0.36,0,0,0.36,bks7-dkfd
2012-06-29T00:00:00.000,24,Osona,081290,Muntanyola,0.1,0.07,0,0.17,bks7-dkfd
2012-06-29T00:00:00.000,06,Anoia,081705,"Prats de Rei, els",109.2,72.4,690.2,181.6,bks7-dkfd
2012-06-30T00:00:00.000,33,Segrià,250387,Aitona,0,0.02,0,0.02,bks7-dkfd
2012-06-30T00:00:00.000,40,Vallès Occidental,082798,Terrassa,0,0.29,0,0.29,bks7-dkfd
2012-06-30T00:00:00.000,07,Bages,082299,Sant Mateu de Bages,1.2,0,0,1.2,bks7-dkfd
2012-07-01T00:00:00.000,30,Ribera d'Ebre,430192,Ascó,0.018,0,0,0.018,bks7-dkfd
2012-07-01T00:00:00.000,03,Alt Penedès,080919,Gelida,0.03,0,0,0.03,bks7-dkfd
2012-07-01T00:00:00.000,37,Terra Alta,431068,"Pinell de Brai, el",0,0.003,0,0.003,bks7-dkfd
2012-07-02T00:00:00.000,08,Baix Camp,431188,Pratdip,0,0.05,0,0.05,bks7-dkfd
2012-07-04T00:00:00.000,40,Vallès Occidental,082665,Cerdanyola del Vallès,0,0.001,0,0.001,bks7-dkfd
2012-07-05T00:00:00.000,06,Anoia,080713,Copons,0,0.0017,0,0.0017,bks7-dkfd
2012-07-05T00:00:00.000,42,Moianès,081287,Monistrol de Calders,0.17,0,0,0.17,bks7-dkfd
2012-07-05T00:00:00.000,20,Gironès,171557,Salt,0,0.09,0,0.09,bks7-dkfd
2012-07-05T00:00:00.000,07,Bages,081923,Santpedor,0.002,0,0,0.002,bks7-dkfd
2012-07-05T00:00:00.000,14,Berguedà,081326,Montmajor,0,0.002,0,0.002,bks7-dkfd
2012-07-05T00:00:00.000,29,Priorat,430271,"Bisbal de Falset, la",0.0005,0,0,0.0005,bks7-dkfd
2012-07-06T00:00:00.000,07,Bages,080121,Avinyó,0.03,0,0,0.03,bks7-dkfd
2012-07-06T00:00:00.000,41,Vallès Oriental,081593,Parets del Vallès,0,0.015,0,0.015,bks7-dkfd
2012-07-06T00:00:00.000,18,Garrigues,250735,Cervià de les Garrigues,0.002,0,0,0.002,bks7-dkfd
2012-07-07T00:00:00.000,08,Baix Camp,430458,Colldejou,0.003,0,0,0.003,bks7-dkfd
2012-07-07T00:00:00.000,34,Selva,170950,Lloret de Mar,0.035,0,0,0.035,bks7-dkfd
2012-07-07T00:00:00.000,07,Bages,082747,Súria,0,0.01,0,0.01,bks7-dkfd
2012-07-08T00:00:00.000,33,Segrià,251207,Lleida,0.01,0,0,0.01,bks7-dkfd
2012-07-08T00:00:00.000,40,Vallès Occidental,082233,Sant Llorenç Savall,0.15,0.11,0.03,0.26,bks7-dkfd
2012-07-09T00:00:00.000,41,Vallès Oriental,081363,Montornès del Vallès,0,0.16,0,0.16,bks7-dkfd
2012-07-09T00:00:00.000,35,Solsonès,251673,Pinós,0.5,0,7,0.5,bks7-dkfd
2012-07-09T00:00:00.000,04,Alt Urgell,250447,Bassella,0.005,0,0,0.005,bks7-dkfd
2012-07-09T00:00:00.000,29,Priorat,430555,Falset,0,0.18,0,0.18,bks7-dkfd
2012-07-10T00:00:00.000,07,Bages,082129,Sant Feliu Sasserra,2.35,0.02,2.77,2.37,bks7-dkfd
2012-07-11T00:00:00.000,02,Alt Empordà,170643,Espolla,0.49,0,0,0.49,bks7-dkfd
2012-07-11T00:00:00.000,16,Conca de Barberà,431726,Vilaverd,27.9,7.7,1.6,35.6,bks7-dkfd
2012-07-12T00:00:00.000,41,Vallès Oriental,081075,Lliçà d'Amunt,0,0.21,0,0.21,bks7-dkfd
2012-07-12T00:00:00.000,16,Conca de Barberà,431726,Vilaverd,0,3.45,0,3.45,bks7-dkfd
2012-07-12T00:00:00.000,07,Bages,080121,Avinyó,0,0.002,0,0.002,bks7-dkfd
2012-07-13T00:00:00.000,11,Baix Llobregat,080898,Gavà,0.5,0,0,0.5,bks7-dkfd
2012-07-13T00:00:00.000,10,Baix Empordà,171175,Palafrugell,1.14,0.15,0.51,1.29,bks7-dkfd
2012-07-13T00:00:00.000,24,Osona,081173,"Masies de Voltregà, les",3,1.2,8.2,4.2,bks7-dkfd
2012-07-14T00:00:00.000,33,Segrià,251207,Lleida,0,0.8,2,0.8,bks7-dkfd
2012-07-15T00:00:00.000,42,Moianès,080641,Castellterçol,0.5,0,2.9,0.5,bks7-dkfd
2012-07-15T00:00:00.000,21,Maresme,081108,Malgrat de Mar,0,0.005,0,0.005,bks7-dkfd
2012-07-15T00:00:00.000,23,Noguera,252311,Torrelameu,0.06,0,0,0.06,bks7-dkfd
2012-07-16T00:00:00.000,11,Baix Llobregat,083015,Viladecans,0,0.002,0,0.002,bks7-dkfd
2012-07-16T00:00:00.000,10,Baix Empordà,171978,Torrent,0.48,0,0.07,0.48,bks7-dkfd
2012-07-17T00:00:00.000,40,Vallès Occidental,080543,Castellbisbal,0,0.25,0,0.25,bks7-dkfd
2012-07-17T00:00:00.000,42,Moianès,080348,Calders,16.6,7.6,5.3,24.2,bks7-dkfd
2012-07-18T00:00:00.000,01,Alt Camp,430056,Alcover,0.76,0,0,0.76,bks7-dkfd
2012-07-18T00:00:00.000,24,Osona,082690,Seva,0.21,0.04,0.02,0.25,bks7-dkfd
2012-07-18T00:00:00.000,02,Alt Empordà,170314,Cabanelles,0.016,0,0,0.016,bks7-dkfd
2012-07-18T00:00:00.000,02,Alt Empordà,170314,Cabanelles,0.004,0,0,0.004,bks7-dkfd
2012-07-19T00:00:00.000,40,Vallès Occidental,080517,Castellar del Vallès,0.9,0.95,0,1.85,bks7-dkfd
2012-07-19T00:00:00.000,33,Segrià,250117,Alcarràs,1.5,0.5,0.2,2,bks7-dkfd
2012-07-19T00:00:00.000,07,Bages,082129,Sant Feliu Sasserra,205.4,26.5,99.2,231.9,bks7-dkfd
2012-07-19T00:00:00.000,41,Vallès Oriental,080410,Canovelles,0,0.09,0,0.09,bks7-dkfd
2012-07-20T00:00:00.000,40,Vallès Occidental,080543,Castellbisbal,0,0.035,0,0.035,bks7-dkfd
2012-07-20T00:00:00.000,19,Garrotxa,171143,Olot,0,0.002,0,0.002,bks7-dkfd
2012-07-20T00:00:00.000,34,Selva,171595,Sant Feliu de Buixalleu,8.7,0,0,8.7,bks7-dkfd
2012-07-20T00:00:00.000,20,Gironès,170890,Llagostera,1.2,0,0,1.2,bks7-dkfd
2012-07-20T00:00:00.000,04,Alt Urgell,259084,Fígols i Alinyà,0,0.18,0,0.18,bks7-dkfd
2012-07-20T00:00:00.000,15,Cerdanya,250518,Bellver de Cerdanya,0,1.86,0.54,1.86,bks7-dkfd
2012-07-21T00:00:00.000,10,Baix Empordà,172327,Vilopriu,0.04,0,0,0.04,bks7-dkfd
2012-07-21T00:00:00.000,21,Maresme,080095,Argentona,0.004,0,0,0.004,bks7-dkfd
2012-07-21T00:00:00.000,40,Vallès Occidental,082055,Sant Cugat del Vallès,0,0.006,0,0.006,bks7-dkfd
2012-07-21T00:00:00.000,35,Solsonès,251517,Olius,0.5,0,2.4,0.5,bks7-dkfd
2012-07-21T00:00:00.000,16,Conca de Barberà,430542,"Espluga de Francolí, l'",0,0.51,0,0.51,bks7-dkfd
2012-07-21T00:00:00.000,25,Pallars Jussà,259046,Castell de Mur,0,0.001,0,0.001,bks7-dkfd
2012-07-22T00:00:00.000,23,Noguera,250693,Castelló de Farfanya,0.7,3.3,1,4,bks7-dkfd
2012-07-22T00:00:00.000,02,Alt Empordà,170865,"Jonquera, la",5621.8,3108,1746.9,8729.8,bks7-dkfd
2012-07-22T00:00:00.000,02,Alt Empordà,171387,Portbou,0,40.3,1.4,40.3,bks7-dkfd
2012-07-22T00:00:00.000,10,Baix Empordà,171241,Pals,0.16,0,0,0.16,bks7-dkfd
2012-07-23T00:00:00.000,11,Baix Llobregat,083015,Viladecans,0.01,0,0,0.01,bks7-dkfd
2012-07-23T00:00:00.000,08,Baix Camp,431299,Riudoms,0,0.03,0,0.03,bks7-dkfd
2012-07-23T00:00:00.000,37,Terra Alta,430419,Caseres,0,2.3,0.2,2.3,bks7-dkfd
2012-07-24T00:00:00.000,04,Alt Urgell,251850,Ribera d'Urgellet,0,0.015,0,0.015,bks7-dkfd
2012-07-24T00:00:00.000,10,Baix Empordà,179011,"Cruïlles, Monells i Sant Sadurní de l'Heura",0.2,0.07,0,0.27,bks7-dkfd
2012-07-24T00:00:00.000,34,Selva,171463,Riells i Viabrea,0,0.0003,0,0.0003,bks7-dkfd
2012-07-24T00:00:00.000,20,Gironès,170890,Llagostera,0.06,0,0,0.06,bks7-dkfd
2012-07-24T00:00:00.000,41,Vallès Oriental,082943,Vallgorguina,0.015,0,0,0.015,bks7-dkfd
2012-07-24T00:00:00.000,10,Baix Empordà,171609,Sant Feliu de Guíxols,0.004,0,0,0.004,bks7-dkfd
2012-07-25T00:00:00.000,41,Vallès Oriental,081075,Lliçà d'Amunt,0,0.3,0.17,0.3,bks7-dkfd
2012-07-26T00:00:00.000,03,Alt Penedès,081458,Olèrdola,0,0.2,0,0.2,bks7-dkfd
2012-07-26T00:00:00.000,02,Alt Empordà,171714,Sant Llorenç de la Muga,0.08,0,0,0.08,bks7-dkfd
2012-07-26T00:00:00.000,34,Selva,171019,Massanes,0.14,0,0,0.14,bks7-dkfd
2012-07-26T00:00:00.000,20,Gironès,170890,Llagostera,0.26,0,0,0.26,bks7-dkfd
2012-07-26T00:00:00.000,14,Berguedà,251001,Gósol,0.0001,0,0,0.0001,bks7-dkfd
2012-07-27T00:00:00.000,08,Baix Camp,431457,"Selva del Camp, la",0,0.31,0,0.31,bks7-dkfd
2012-07-27T00:00:00.000,25,Pallars Jussà,251615,Conca de Dalt,0,0.008,0,0.008,bks7-dkfd
2012-07-27T00:00:00.000,34,Selva,170280,Brunyola i Sant Martí Sapresa,0.005,0,0,0.005,bks7-dkfd
2012-07-27T00:00:00.000,21,Maresme,081213,Mataró,0.12,0,0,0.12,bks7-dkfd
2012-07-28T00:00:00.000,08,Baix Camp,431628,Vandellòs i l'Hospitalet de l'Infant,0.26,0,0,0.26,bks7-dkfd
2012-07-28T00:00:00.000,31,Ripollès,170366,Campdevànol,0,0.006,0,0.006,bks7-dkfd
2012-07-28T00:00:00.000,24,Osona,082785,Taradell,0.12,0,0,0.12,bks7-dkfd
2012-07-29T00:00:00.000,10,Baix Empordà,171997,Torroella de Montgrí,0,0.0001,0,0.0001,bks7-dkfd
2012-07-30T00:00:00.000,28,Pla de l'Estany,171371,Porqueres,0,0.06,0.12,0.06,bks7-dkfd
2012-07-31T00:00:00.000,11,Baix Llobregat,080667,Castellví de Rosanes,0,0.005,0,0.005,bks7-dkfd
2012-07-31T00:00:00.000,03,Alt Penedès,082270,Sant Martí Sarroca,0.01,0,0,0.01,bks7-dkfd
2012-08-01T00:00:00.000,04,Alt Urgell,259084,Fígols i Alinyà,12.2,5.2,0,17.4,bks7-dkfd
2012-08-01T00:00:00.000,20,Gironès,171637,Sant Gregori,0.016,0,0,0.016,bks7-dkfd
2012-08-01T00:00:00.000,11,Baix Llobregat,082634,Sant Vicenç dels Horts,0,1.96,0,1.96,bks7-dkfd
2012-08-03T00:00:00.000,14,Berguedà,081751,Puig-reig,0,0.0025,0,0.0025,bks7-dkfd
2012-08-03T00:00:00.000,11,Baix Llobregat,080667,Castellví de Rosanes,0,0.01,0,0.01,bks7-dkfd
2012-08-03T00:00:00.000,11,Baix Llobregat,082634,Sant Vicenç dels Horts,0,0.05,0,0.05,bks7-dkfd
2012-08-03T00:00:00.000,39,Val d'Aran,250450,Bausen,0,0.002,0,0.002,bks7-dkfd
2012-08-04T00:00:00.000,34,Selva,171595,Sant Feliu de Buixalleu,0,0.001,0,0.001,bks7-dkfd
2012-08-04T00:00:00.000,11,Baix Llobregat,080207,Begues,0.37,0,0,0.37,bks7-dkfd
2012-08-04T00:00:00.000,22,Montsià,431384,Santa Bàrbara,0,0.93,0,0.93,bks7-dkfd
2012-08-04T00:00:00.000,24,Osona,082690,Seva,0.69,0,0,0.69,bks7-dkfd
2012-08-05T00:00:00.000,26,Pallars Sobirà,252081,Soriguera,0.0008,0,0,0.0008,bks7-dkfd
2012-08-05T00:00:00.000,14,Berguedà,082687,Cercs,0.0004,0,0,0.0004,bks7-dkfd
2012-08-05T00:00:00.000,25,Pallars Jussà,251615,Conca de Dalt,0.02,0,0,0.02,bks7-dkfd
2012-08-06T00:00:00.000,32,Segarra,259078,Torrefeta i Florejacs,0.003,0,0,0.003,bks7-dkfd
2012-08-06T00:00:00.000,36,Tarragonès,431711,Vila-seca,0,5.4,0,5.4,bks7-dkfd
2012-08-06T00:00:00.000,17,Garraf,081483,Olivella,0.25,0.25,0,0.5,bks7-dkfd
2012-08-06T00:00:00.000,02,Alt Empordà,171387,Portbou,0.007,0,0,0.007,bks7-dkfd
2012-08-06T00:00:00.000,08,Baix Camp,430094,Alforja,0,0.8,1.2,0.8,bks7-dkfd
2012-08-06T00:00:00.000,35,Solsonès,251291,Llobera,0.05,0,0,0.05,bks7-dkfd
2012-08-07T00:00:00.000,07,Bages,080983,Sant Salvador de Guardiola,0.02,0,0,0.02,bks7-dkfd
2012-08-07T00:00:00.000,28,Pla de l'Estany,170561,Cornellà del Terri,0.03,0,0,0.03,bks7-dkfd
2012-08-07T00:00:00.000,41,Vallès Oriental,080333,Caldes de Montbui,0.0015,0,0,0.0015,bks7-dkfd
2012-08-07T00:00:00.000,21,Maresme,080095,Argentona,0,0.005,0,0.005,bks7-dkfd
2012-08-08T00:00:00.000,20,Gironès,170448,Cassà de la Selva,0.0025,0,0,0.0025,bks7-dkfd
2012-08-08T00:00:00.000,36,Tarragonès,431482,Tarragona,0.1,0.18,0,0.28,bks7-dkfd
2012-08-09T00:00:00.000,11,Baix Llobregat,083015,Viladecans,0,0.005,0,0.005,bks7-dkfd
2012-08-10T00:00:00.000,20,Gironès,170890,Llagostera,0.0002,0,0,0.0002,bks7-dkfd
2012-08-10T00:00:00.000,41,Vallès Oriental,081075,Lliçà d'Amunt,0,0.009,0,0.009,bks7-dkfd
2012-08-10T00:00:00.000,13,Barcelonès,080193,Barcelona,0.0015,0,0,0.0015,bks7-dkfd
2012-08-11T00:00:00.000,28,Pla de l'Estany,172180,Vilademuls,0.004,0,0,0.004,bks7-dkfd
2012-08-11T00:00:00.000,15,Cerdanya,170789,Ger,28.33,221.9,0.09,250.23,bks7-dkfd
2012-08-11T00:00:00.000,31,Ripollès,171122,Ogassa,0,0.0005,0,0.0005,bks7-dkfd
2012-08-13T00:00:00.000,02,Alt Empordà,171523,Roses,0,0.42,0,0.42,bks7-dkfd
2012-08-13T00:00:00.000,16,Conca de Barberà,431016,Passanant i Belltall,0,0.16,0,0.16,bks7-dkfd
2012-08-13T00:00:00.000,11,Baix Llobregat,080898,Gavà,0.5,0,0,0.5,bks7-dkfd
2012-08-14T00:00:00.000,29,Priorat,430402,Capçanes,0,0.13,0,0.13,bks7-dkfd
2012-08-14T00:00:00.000,10,Baix Empordà,172327,Vilopriu,11.89,1.96,1.44,13.85,bks7-dkfd
2012-08-15T00:00:00.000,20,Gironès,170979,Madremanya,0.015,0,0,0.015,bks7-dkfd
2012-08-17T00:00:00.000,12,Baix Penedès,430249,Bellvei,0,0.0038,0,0.0038,bks7-dkfd
2012-08-17T00:00:00.000,16,Conca de Barberà,431726,Vilaverd,0.08,0,0,0.08,bks7-dkfd
2012-08-18T00:00:00.000,07,Bages,082628,Sant Vicenç de Castellet,0,0.33,0.06,0.33,bks7-dkfd
2012-08-18T00:00:00.000,03,Alt Penedès,081542,Pacs del Penedès,0,0.05,0,0.05,bks7-dkfd
2012-08-20T00:00:00.000,41,Vallès Oriental,082482,Santa Eulàlia de Ronçana,0,0.03,0,0.03,bks7-dkfd
2012-08-20T00:00:00.000,31,Ripollès,170433,Queralbs,0.0001,0,0,0.0001,bks7-dkfd
2012-08-20T00:00:00.000,36,Tarragonès,431482,Tarragona,0.05,0.2,0,0.25,bks7-dkfd
2012-08-20T00:00:00.000,29,Priorat,431140,Porrera,0.5,1.13,0.04,1.63,bks7-dkfd
2012-08-21T00:00:00.000,08,Baix Camp,431457,"Selva del Camp, la",0.01,0,0,0.01,bks7-dkfd
2012-08-21T00:00:00.000,36,Tarragonès,430509,Creixell,0,0.11,0,0.11,bks7-dkfd
2012-08-21T00:00:00.000,03,Alt Penedès,082732,Subirats,0,0.15,1.48,0.15,bks7-dkfd
2012-08-21T00:00:00.000,36,Tarragonès,431114,"Pobla de Montornès, la",0,0.001,0.19,0.001,bks7-dkfd
2012-08-23T00:00:00.000,36,Tarragonès,431482,Tarragona,0.01,0.22,0,0.23,bks7-dkfd
2012-08-23T00:00:00.000,20,Gironès,170792,Girona,0,0.09,0,0.09,bks7-dkfd
2012-08-23T00:00:00.000,41,Vallès Oriental,081069,Llinars del Vallès,0.11,0,1.35,0.11,bks7-dkfd
2012-08-23T00:00:00.000,04,Alt Urgell,251654,Peramola,0.05,0,0,0.05,bks7-dkfd
2012-08-24T00:00:00.000,18,Garrigues,250292,Arbeca,0,0.12,1.51,0.12,bks7-dkfd
2012-08-24T00:00:00.000,14,Berguedà,080924,Gironella,0.002,0.006,0.004,0.008,bks7-dkfd
2012-08-24T00:00:00.000,01,Alt Camp,430017,Aiguamúrcia,33.1,4.8,0.1,37.9,bks7-dkfd
2012-08-24T00:00:00.000,34,Selva,172023,Tossa de Mar,0.0015,0,0,0.0015,bks7-dkfd
2012-08-24T00:00:00.000,31,Ripollès,172018,Toses,0,0.0002,0,0.0002,bks7-dkfd
2012-08-24T00:00:00.000,02,Alt Empordà,170622,"Escala, l'",0.68,7.33,0,8.01,bks7-dkfd
2012-08-24T00:00:00.000,20,Gironès,170979,Madremanya,183.9,9.4,29.6,193.3,bks7-dkfd
2012-08-24T00:00:00.000,02,Alt Empordà,170865,"Jonquera, la",0.1,0,0,0.1,bks7-dkfd
2012-08-25T00:00:00.000,35,Solsonès,251673,Pinós,0.1,0,0.01,0.1,bks7-dkfd
2012-08-25T00:00:00.000,21,Maresme,082649,Sant Vicenç de Montalt,0.005,0,0,0.005,bks7-dkfd
2012-08-25T00:00:00.000,03,Alt Penedès,080654,Castellví de la Marca,0,1.1,0,1.1,bks7-dkfd
2012-08-25T00:00:00.000,17,Garraf,082704,Sitges,0.002,0,0,0.002,bks7-dkfd
2012-08-26T00:00:00.000,06,Anoia,081614,Piera,0,0.07,0,0.07,bks7-dkfd
2012-08-26T00:00:00.000,04,Alt Urgell,251654,Peramola,0,0.02,0,0.02,bks7-dkfd
2012-08-26T00:00:00.000,22,Montsià,430445,"Sénia, la",0,0.03,0.83,0.03,bks7-dkfd
2012-08-26T00:00:00.000,10,Baix Empordà,171181,Palamós,0.006,0,0,0.006,bks7-dkfd
2012-08-27T00:00:00.000,15,Cerdanya,170947,Llívia,0,0.025,0,0.025,bks7-dkfd
2012-08-28T00:00:00.000,25,Pallars Jussà,250019,Abella de la Conca,0.5,0,3.2,0.5,bks7-dkfd
2012-08-28T00:00:00.000,04,Alt Urgell,250616,Cabó,0.1,0,0,0.1,bks7-dkfd
2012-08-28T00:00:00.000,26,Pallars Sobirà,250899,Farrera,0.04,0,0,0.04,bks7-dkfd
2012-08-28T00:00:00.000,25,Pallars Jussà,252271,"Torre de Cabdella, la",0.002,0,0,0.002,bks7-dkfd
2012-08-29T00:00:00.000,04,Alt Urgell,252398,"Valls de Valira, les",0.04,0,0,0.04,bks7-dkfd
2012-08-29T00:00:00.000,03,Alt Penedès,082401,Sant Sadurní d'Anoia,0,1.4,0,1.4,bks7-dkfd
2012-08-29T00:00:00.000,02,Alt Empordà,171289,Pau,0.1,0.5,0,0.6,bks7-dkfd
2012-08-30T00:00:00.000,07,Bages,082299,Sant Mateu de Bages,0.03,0,0,0.03,bks7-dkfd
2012-08-30T00:00:00.000,08,Baix Camp,430923,Mont-roig del Camp,0,0.01,0,0.01,bks7-dkfd
2012-08-30T00:00:00.000,14,Berguedà,081901,Saldes,0.0001,0,0,0.0001,bks7-dkfd
2012-08-31T00:00:00.000,14,Berguedà,251001,Gósol,0.0025,0,0,0.0025,bks7-dkfd
2012-08-31T00:00:00.000,02,Alt Empordà,170773,Garriguella,0,0.32,0,0.32,bks7-dkfd
2012-09-01T00:00:00.000,02,Alt Empordà,170427,Capmany,0,0.16,0,0.16,bks7-dkfd
2012-09-01T00:00:00.000,33,Segrià,259123,Gimenells i el Pla de la Font,0,0.006,0,0.006,bks7-dkfd
2012-09-01T00:00:00.000,26,Pallars Sobirà,250899,Farrera,0.32,0,0,0.32,bks7-dkfd
2012-09-02T00:00:00.000,11,Baix Llobregat,082114,Sant Feliu de Llobregat,0,1,0.12,1,bks7-dkfd
2012-09-02T00:00:00.000,21,Maresme,082824,Tiana,0,1.5,0,1.5,bks7-dkfd
2012-09-02T00:00:00.000,12,Baix Penedès,431634,"Vendrell, el",0.002,0,0,0.002,bks7-dkfd
2012-09-02T00:00:00.000,02,Alt Empordà,171523,Roses,0,3.6,4.3,3.6,bks7-dkfd
2012-09-03T00:00:00.000,33,Segrià,259123,Gimenells i el Pla de la Font,0.005,0,0,0.005,bks7-dkfd
2012-09-03T00:00:00.000,33,Segrià,250194,Almacelles,0.1,0,0,0.1,bks7-dkfd
2012-09-03T00:00:00.000,34,Selva,170950,Lloret de Mar,0.01,0.04,0,0.05,bks7-dkfd
2012-09-03T00:00:00.000,41,Vallès Oriental,080961,Granollers,0,0.02,0,0.02,bks7-dkfd
2012-09-04T00:00:00.000,12,Baix Penedès,431634,"Vendrell, el",0.015,0,0,0.015,bks7-dkfd
2012-09-04T00:00:00.000,33,Segrià,250194,Almacelles,0,0.07,0,0.07,bks7-dkfd
2012-09-04T00:00:00.000,07,Bages,081271,Monistrol de Montserrat,0,0.05,0,0.05,bks7-dkfd
2012-09-04T00:00:00.000,12,Baix Penedès,431634,"Vendrell, el",0,0.025,0,0.025,bks7-dkfd
2012-09-05T00:00:00.000,34,Selva,172137,Vidreres,0.03,0,0,0.03,bks7-dkfd
2012-09-05T00:00:00.000,12,Baix Penedès,431634,"Vendrell, el",0,0.03,0,0.03,bks7-dkfd
2012-09-06T00:00:00.000,08,Baix Camp,430173,"Argentera, l'",0,0.06,0,0.06,bks7-dkfd
2012-09-06T00:00:00.000,33,Segrià,250215,Almenar,0,2.27,0,2.27,bks7-dkfd
2012-09-07T00:00:00.000,07,Bages,080121,Avinyó,0.04,0,0,0.04,bks7-dkfd
2012-09-08T00:00:00.000,24,Osona,081995,Sant Bartomeu del Grau,0.0004,0,0,0.0004,bks7-dkfd
2012-09-09T00:00:00.000,11,Baix Llobregat,082009,Sant Boi de Llobregat,0.06,0,0,0.06,bks7-dkfd
2012-09-09T00:00:00.000,02,Alt Empordà,171365,Pontós,0.005,0,0,0.005,bks7-dkfd
2012-09-09T00:00:00.000,36,Tarragonès,431482,Tarragona,0,0.04,0,0.04,bks7-dkfd
2012-09-09T00:00:00.000,10,Baix Empordà,171997,Torroella de Montgrí,0,0.02,0,0.02,bks7-dkfd
2012-09-10T00:00:00.000,09,Baix Ebre,431554,Tortosa,0.05,0,0,0.05,bks7-dkfd
2012-09-11T00:00:00.000,18,Garrigues,250292,Arbeca,0,0.19,0,0.19,bks7-dkfd
2012-09-11T00:00:00.000,12,Baix Penedès,431634,"Vendrell, el",0,0.01,0,0.01,bks7-dkfd
2012-09-12T00:00:00.000,36,Tarragonès,431093,"Pobla de Mafumet, la",0,1.92,0.4,1.92,bks7-dkfd
2012-09-12T00:00:00.000,11,Baix Llobregat,083015,Viladecans,0.001,0,0,0.001,bks7-dkfd
2012-09-12T00:00:00.000,42,Moianès,080706,Collsuspina,0.11,0,0,0.11,bks7-dkfd
2012-09-13T00:00:00.000,12,Baix Penedès,431634,"Vendrell, el",0,0.005,0,0.005,bks7-dkfd
2012-09-13T00:00:00.000,06,Anoia,082922,Vallbona d'Anoia,0,0.59,0,0.59,bks7-dkfd
2012-09-13T00:00:00.000,24,Osona,082690,Seva,0.16,0,0,0.16,bks7-dkfd
2012-09-15T00:00:00.000,40,Vallès Occidental,082520,Barberà del Vallès,0,0.02,0,0.02,bks7-dkfd
2012-09-16T00:00:00.000,09,Baix Ebre,430081,Alfara de Carles,0,1.9,0,1.9,bks7-dkfd
2012-09-16T00:00:00.000,24,Osona,082785,Taradell,0,0.0015,0,0.0015,bks7-dkfd
2012-09-16T00:00:00.000,24,Osona,082785,Taradell,0.02,0,0,0.02,bks7-dkfd
2012-09-16T00:00:00.000,33,Segrià,252043,Seròs,0.44,0,0,0.44,bks7-dkfd
2012-09-16T00:00:00.000,23,Noguera,250024,Àger,0.01,0,0,0.01,bks7-dkfd
2012-09-16T00:00:00.000,20,Gironès,170792,Girona,0.02,0,0,0.02,bks7-dkfd
2012-09-16T00:00:00.000,32,Segarra,259059,Ribera d'Ondara,0.25,0,0.15,0.25,bks7-dkfd
2012-09-17T00:00:00.000,20,Gironès,171426,Quart,0.002,0,0,0.002,bks7-dkfd
2012-09-17T00:00:00.000,11,Baix Llobregat,082080,Sant Esteve Sesrovires,0,0.02,0,0.02,bks7-dkfd
2012-09-18T00:00:00.000,16,Conca de Barberà,430862,Montblanc,0,0.05,0,0.05,bks7-dkfd
2012-09-18T00:00:00.000,02,Alt Empordà,170600,Darnius,0.001,0,0,0.001,bks7-dkfd
2012-09-21T00:00:00.000,11,Baix Llobregat,083015,Viladecans,0.01,0,0,0.01,bks7-dkfd
2012-09-22T00:00:00.000,11,Baix Llobregat,081691,"Prat de Llobregat, el",0,0.04,0,0.04,bks7-dkfd
2012-09-23T00:00:00.000,33,Segrià,251207,Lleida,0,0.01,0,0.01,bks7-dkfd
2012-09-24T00:00:00.000,08,Baix Camp,430385,Cambrils,0,0.38,0.2,0.38,bks7-dkfd
2012-09-27T00:00:00.000,09,Baix Ebre,431554,Tortosa,0.6,0.59,4.99,1.19,bks7-dkfd
2012-09-28T00:00:00.000,11,Baix Llobregat,080728,Corbera de Llobregat,0.002,0,0,0.002,bks7-dkfd
2012-09-29T00:00:00.000,10,Baix Empordà,170486,Castell-Platja d'Aro,0,0.7,0,0.7,bks7-dkfd
2012-09-29T00:00:00.000,24,Osona,082785,Taradell,0.03,0,0,0.03,bks7-dkfd
2012-10-03T00:00:00.000,14,Berguedà,080500,Castellar del Riu,0,0.0003,0,0.0003,bks7-dkfd
2012-10-07T00:00:00.000,23,Noguera,250352,"Sentiu de Sió, la",0,0.2,0,0.2,bks7-dkfd
2012-10-07T00:00:00.000,37,Terra Alta,430228,Batea,0.04,0,0.04,0.04,bks7-dkfd
2012-10-16T00:00:00.000,34,Selva,080826,Fogars de la Selva,0.35,0,0,0.35,bks7-dkfd
2012-10-24T00:00:00.000,40,Vallès Occidental,082798,Terrassa,0,0.001,0,0.001,bks7-dkfd
2012-10-27T00:00:00.000,13,Barcelonès,082457,Santa Coloma de Gramenet,0,0.28,0,0.28,bks7-dkfd
2012-10-28T00:00:00.000,42,Moianès,080958,Granera,0,0.0001,0,0.0001,bks7-dkfd
2012-10-29T00:00:00.000,09,Baix Ebre,431554,Tortosa,0,0.01,0,0.01,bks7-dkfd
2012-11-05T00:00:00.000,10,Baix Empordà,171959,"Tallada d'Empordà, la",0.1,0.08,0,0.18,bks7-dkfd
2012-11-23T00:00:00.000,03,Alt Penedès,082270,Sant Martí Sarroca,0,0.25,0,0.25,bks7-dkfd
2012-12-07T00:00:00.000,07,Bages,080478,Cardona,0,0.3,0,0.3,bks7-dkfd
2012-12-08T00:00:00.000,04,Alt Urgell,250616,Cabó,0.61,0,0,0.61,bks7-dkfd
2012-12-08T00:00:00.000,09,Baix Ebre,439018,Deltebre,0,0.03,0,0.03,bks7-dkfd
2012-12-10T00:00:00.000,11,Baix Llobregat,083015,Viladecans,0,0.35,0,0.35,bks7-dkfd
2012-12-15T00:00:00.000,20,Gironès,170890,Llagostera,0.01,0,0,0.01,bks7-dkfd
2012-12-16T00:00:00.000,25,Pallars Jussà,252347,Tremp,0,0.2,0.05,0.2,bks7-dkfd
2012-12-21T00:00:00.000,11,Baix Llobregat,083015,Viladecans,0,0.001,0,0.001,bks7-dkfd
2012-12-21T00:00:00.000,06,Anoia,081629,"Hostalets de Pierola, els",0.005,0,0,0.005,bks7-dkfd
2012-12-29T00:00:00.000,25,Pallars Jussà,250984,Gavet de la Conca,0,0.4,0,0.4,bks7-dkfd
2012-12-30T00:00:00.000,02,Alt Empordà,171714,Sant Llorenç de la Muga,0.4,0,0,0.4,bks7-dkfd
2013-01-04T00:00:00.000,11,Baix Llobregat,081234,Molins de Rei,0,0.15,0,0.15,bks7-dkfd
2013-01-05T00:00:00.000,02,Alt Empordà,171788,Sant Pere Pescador,0,0.005,0,0.005,bks7-dkfd
2013-01-05T00:00:00.000,07,Bages,080538,Castellbell i el Vilar,0,0.005,0,0.005,bks7-dkfd
2013-01-09T00:00:00.000,31,Ripollès,171707,Vallfogona de Ripollès,1.2,0,0,1.2,bks7-dkfd
2013-01-09T00:00:00.000,42,Moianès,081385,Moià,0,0.37,0,0.37,bks7-dkfd
2013-01-10T00:00:00.000,41,Vallès Oriental,081379,Montseny,0.1,0,0,0.1,bks7-dkfd
2013-01-13T00:00:00.000,11,Baix Llobregat,080207,Begues,0.002,0,0,0.002,bks7-dkfd
2013-01-14T00:00:00.000,09,Baix Ebre,431554,Tortosa,0.03,0,0,0.03,bks7-dkfd
2013-01-14T00:00:00.000,22,Montsià,430141,Amposta,0,0.46,0,0.46,bks7-dkfd
2013-01-15T00:00:00.000,33,Segrià,252043,Seròs,0,0.3,0,0.3,bks7-dkfd
2013-01-15T00:00:00.000,02,Alt Empordà,170268,Borrassà,0.015,0,0,0.015,bks7-dkfd
2013-01-16T00:00:00.000,28,Pla de l'Estany,171371,Porqueres,0.03,0,0,0.03,bks7-dkfd
2013-01-16T00:00:00.000,07,Bages,080180,Balsareny,0,1.1,0,1.1,bks7-dkfd
2013-01-17T00:00:00.000,25,Pallars Jussà,252347,Tremp,0,0.007,0.003,0.007,bks7-dkfd
2013-01-18T00:00:00.000,22,Montsià,430688,Godall,0,0.41,0,0.41,bks7-dkfd
2013-01-22T00:00:00.000,20,Gironès,170448,Cassà de la Selva,0.003,0,0,0.003,bks7-dkfd
2013-01-22T00:00:00.000,02,Alt Empordà,171582,Sant Climent Sescebes,0,0.01,0,0.01,bks7-dkfd
2013-01-24T00:00:00.000,33,Segrià,252108,Soses,0,0.01,0,0.01,bks7-dkfd
2013-01-27T00:00:00.000,21,Maresme,082613,Santa Susanna,0.002,0,0,0.002,bks7-dkfd
2013-01-30T00:00:00.000,11,Baix Llobregat,080898,Gavà,0,0.027,0,0.027,bks7-dkfd
2013-02-01T00:00:00.000,30,Ribera d'Ebre,431251,Riba-roja d'Ebre,0.8,3,0,3.8,bks7-dkfd
2013-02-02T00:00:00.000,30,Ribera d'Ebre,430939,Móra d'Ebre,0.02,0,0,0.02,bks7-dkfd
2013-02-02T00:00:00.000,11,Baix Llobregat,083015,Viladecans,0,0.02,0,0.02,bks7-dkfd
2013-02-02T00:00:00.000,35,Solsonès,251462,Navès,0,0.15,0.14,0.15,bks7-dkfd
2013-02-02T00:00:00.000,30,Ribera d'Ebre,430939,Móra d'Ebre,0.01,0,0,0.01,bks7-dkfd
2013-02-03T00:00:00.000,02,Alt Empordà,170754,Garrigàs,0,0.15,0,0.15,bks7-dkfd
2013-02-03T00:00:00.000,28,Pla de l'Estany,170157,Banyoles,0.01,0,0,0.01,bks7-dkfd
2013-02-03T00:00:00.000,30,Ribera d'Ebre,431251,Riba-roja d'Ebre,0.04,0.04,0,0.08,bks7-dkfd
2013-02-03T00:00:00.000,28,Pla de l'Estany,170561,Cornellà del Terri,0,0.04,0,0.04,bks7-dkfd
2013-02-03T00:00:00.000,02,Alt Empordà,171208,Palau-saverdera,0,0.36,0,0.36,bks7-dkfd
2013-02-03T00:00:00.000,11,Baix Llobregat,083015,Viladecans,0.07,0.81,0,0.88,bks7-dkfd
2013-02-03T00:00:00.000,10,Baix Empordà,171100,Mont-ras,0.01,0,0,0.01,bks7-dkfd
2013-02-03T00:00:00.000,11,Baix Llobregat,083015,Viladecans,0.75,0,0,0.75,bks7-dkfd
2013-02-03T00:00:00.000,03,Alt Penedès,082732,Subirats,0,0.15,0,0.15,bks7-dkfd
2013-02-03T00:00:00.000,40,Vallès Occidental,081803,Ripollet,0,0.09,0,0.09,bks7-dkfd
2013-02-03T00:00:00.000,06,Anoia,081614,Piera,0,0.07,0,0.07,bks7-dkfd
2013-02-03T00:00:00.000,31,Ripollès,171479,Ripoll,0,0.0015,0,0.0015,bks7-dkfd
2013-02-04T00:00:00.000,19,Garrotxa,172082,"Vall de Bianya, la",0.24,0,0,0.24,bks7-dkfd
2013-02-04T00:00:00.000,33,Segrià,252115,Sudanell,0.1,0,0,0.1,bks7-dkfd
2013-02-05T00:00:00.000,40,Vallès Occidental,082798,Terrassa,0.011,0,0,0.011,bks7-dkfd
2013-02-05T00:00:00.000,02,Alt Empordà,170865,"Jonquera, la",0.1,0,0,0.1,bks7-dkfd
2013-02-05T00:00:00.000,02,Alt Empordà,170643,Espolla,0.94,0,0,0.94,bks7-dkfd
2013-02-06T00:00:00.000,11,Baix Llobregat,081691,"Prat de Llobregat, el",0.49,0,0,0.49,bks7-dkfd
2013-02-07T00:00:00.000,08,Baix Camp,430038,"Albiol, l'",0.04,0,0,0.04,bks7-dkfd
2013-02-07T00:00:00.000,41,Vallès Oriental,081069,Llinars del Vallès,0,0.02,0,0.02,bks7-dkfd
2013-02-08T00:00:00.000,40,Vallès Occidental,082798,Terrassa,0,0.001,0,0.001,bks7-dkfd
2013-02-09T00:00:00.000,07,Bages,080109,Artés,0,0.05,0,0.05,bks7-dkfd
2013-02-10T00:00:00.000,21,Maresme,081555,Palafolls,0,0.19,0,0.19,bks7-dkfd
2013-02-11T00:00:00.000,11,Baix Llobregat,083015,Viladecans,1.54,0,0,1.54,bks7-dkfd
2013-02-12T00:00:00.000,41,Vallès Oriental,080333,Caldes de Montbui,0,0.001,0,0.001,bks7-dkfd
2013-02-12T00:00:00.000,24,Osona,081496,Olost,0.11,0,0,0.11,bks7-dkfd
2013-02-12T00:00:00.000,03,Alt Penedès,082401,Sant Sadurní d'Anoia,0,0.05,0,0.05,bks7-dkfd
2013-02-13T00:00:00.000,19,Garrotxa,171096,Montagut i Oix,0,0.05,0,0.05,bks7-dkfd
2013-02-13T00:00:00.000,34,Selva,171805,Santa Coloma de Farners,0,0.0005,0,0.0005,bks7-dkfd
2013-02-13T00:00:00.000,34,Selva,171805,Santa Coloma de Farners,0,1.54,0,1.54,bks7-dkfd
2013-02-13T00:00:00.000,29,Priorat,430859,"Molar, el",0.62,0,0,0.62,bks7-dkfd
2013-02-14T00:00:00.000,40,Vallès Occidental,082798,Terrassa,0,0.005,0,0.005,bks7-dkfd
2013-02-14T00:00:00.000,40,Vallès Occidental,082798,Terrassa,0,0.15,0,0.15,bks7-dkfd
2013-02-14T00:00:00.000,24,Osona,080044,Alpens,0.05,0,0,0.05,bks7-dkfd
2013-02-15T00:00:00.000,07,Bages,081419,Navàs,0,0.11,0,0.11,bks7-dkfd
2013-02-15T00:00:00.000,34,Selva,171805,Santa Coloma de Farners,0,0.0003,0,0.0003,bks7-dkfd
2013-02-16T00:00:00.000,23,Noguera,251569,Os de Balaguer,0,0.67,0,0.67,bks7-dkfd
2013-02-16T00:00:00.000,11,Baix Llobregat,082634,Sant Vicenç dels Horts,0,0.02,0,0.02,bks7-dkfd
2013-02-17T00:00:00.000,38,Urgell,252173,Tàrrega,0,0.04,0,0.04,bks7-dkfd
2013-02-19T00:00:00.000,40,Vallès Occidental,082798,Terrassa,0,0.02,0,0.02,bks7-dkfd
2013-02-19T00:00:00.000,41,Vallès Oriental,082592,Santa Maria de Palautordera,0.0015,0,0,0.0015,bks7-dkfd
2013-02-19T00:00:00.000,23,Noguera,252206,Térmens,0,0.39,0,0.39,bks7-dkfd
2013-02-20T00:00:00.000,25,Pallars Jussà,252347,Tremp,0,0.2,0.1,0.2,bks7-dkfd
2013-02-20T00:00:00.000,23,Noguera,251569,Os de Balaguer,0,0.12,0,0.12,bks7-dkfd
2013-02-20T00:00:00.000,31,Ripollès,171674,Sant Joan de les Abadesses,0.11,0,0,0.11,bks7-dkfd
2013-02-20T00:00:00.000,03,Alt Penedès,082883,Torrelles de Foix,0.32,0,0,0.32,bks7-dkfd
2013-02-24T00:00:00.000,25,Pallars Jussà,252347,Tremp,0,2,0,2,bks7-dkfd
2013-02-25T00:00:00.000,07,Bages,080121,Avinyó,0,0.47,0,0.47,bks7-dkfd
2013-02-26T00:00:00.000,06,Anoia,081629,"Hostalets de Pierola, els",0.96,0.9,0,1.86,bks7-dkfd
2013-02-26T00:00:00.000,27,Pla d'Urgell,250523,Bellvís,0,0.006,0,0.006,bks7-dkfd
2013-02-27T00:00:00.000,33,Segrià,251207,Lleida,0,1,0,1,bks7-dkfd
2013-03-04T00:00:00.000,23,Noguera,251569,Os de Balaguer,0,0.7,0,0.7,bks7-dkfd
2013-03-04T00:00:00.000,33,Segrià,251207,Lleida,0,0.57,0,0.57,bks7-dkfd
2013-03-04T00:00:00.000,26,Pallars Sobirà,251832,Rialp,0,0.5,0,0.5,bks7-dkfd
2013-03-04T00:00:00.000,07,Bages,081918,Sallent,0,0.2,0,0.2,bks7-dkfd
2013-03-08T00:00:00.000,34,Selva,171463,Riells i Viabrea,0.1,0,0,0.1,bks7-dkfd
2013-03-10T00:00:00.000,40,Vallès Occidental,082233,Sant Llorenç Savall,0.14,0,0,0.14,bks7-dkfd
2013-03-10T00:00:00.000,34,Selva,170078,Amer,0,0.03,0,0.03,bks7-dkfd
2013-03-11T00:00:00.000,40,Vallès Occidental,082671,Sentmenat,0.58,0,0,0.58,bks7-dkfd
2013-03-11T00:00:00.000,30,Ribera d'Ebre,431508,Tivissa,0,0.002,0,0.002,bks7-dkfd
2013-03-14T00:00:00.000,38,Urgell,259025,Sant Martí de Riucorb,0,0.25,0,0.25,bks7-dkfd
2013-03-14T00:00:00.000,03,Alt Penedès,080654,Castellví de la Marca,0,0.1,0,0.1,bks7-dkfd
2013-03-14T00:00:00.000,23,Noguera,251771,Preixens,0,0.8,0,0.8,bks7-dkfd
2013-03-15T00:00:00.000,21,Maresme,082845,Tordera,0.004,0,0,0.004,bks7-dkfd
2013-03-16T00:00:00.000,16,Conca de Barberà,431592,Vallfogona de Riucorb,0,0.08,0.02,0.08,bks7-dkfd
2013-03-16T00:00:00.000,17,Garraf,082704,Sitges,0,0.01,0,0.01,bks7-dkfd
2013-03-19T00:00:00.000,17,Garraf,083073,Vilanova i la Geltrú,0,0.08,0,0.08,bks7-dkfd
2013-03-19T00:00:00.000,08,Baix Camp,430385,Cambrils,0.01,0,0,0.01,bks7-dkfd
2013-03-21T00:00:00.000,03,Alt Penedès,082401,Sant Sadurní d'Anoia,0,0.01,0,0.01,bks7-dkfd
2013-03-23T00:00:00.000,06,Anoia,080253,"Bruc, el",0,0.012,0,0.012,bks7-dkfd
2013-03-23T00:00:00.000,07,Bages,082188,Sant Joan de Vilatorrada,0.005,0,0,0.005,bks7-dkfd
2013-03-23T00:00:00.000,16,Conca de Barberà,430862,Montblanc,0,0.05,0,0.05,bks7-dkfd
2013-03-25T00:00:00.000,01,Alt Camp,431606,Vallmoll,0,0.14,0,0.14,bks7-dkfd
2013-03-25T00:00:00.000,29,Priorat,431573,Ulldemolins,0,0.017,0,0.017,bks7-dkfd
2013-03-26T00:00:00.000,28,Pla de l'Estany,171371,Porqueres,0,0.02,0,0.02,bks7-dkfd
2013-03-26T00:00:00.000,25,Pallars Jussà,251961,Sant Esteve de la Sarga,0,0.16,0,0.16,bks7-dkfd
2013-03-30T00:00:00.000,06,Anoia,081430,Òdena,0,0.015,0,0.015,bks7-dkfd
2013-03-30T00:00:00.000,38,Urgell,259025,Sant Martí de Riucorb,0,1.8,0,1.8,bks7-dkfd
2013-03-30T00:00:00.000,30,Ribera d'Ebre,431508,Tivissa,0.1,0.2,0,0.3,bks7-dkfd
2013-03-31T00:00:00.000,10,Baix Empordà,170182,Bellcaire d'Empordà,0,0.06,0,0.06,bks7-dkfd
2013-04-01T00:00:00.000,22,Montsià,431567,Ulldecona,0,0.4,0,0.4,bks7-dkfd
2013-04-03T00:00:00.000,23,Noguera,250349,Artesa de Segre,0,0.53,0,0.53,bks7-dkfd
2013-04-03T00:00:00.000,11,Baix Llobregat,080018,Abrera,0,0.003,0,0.003,bks7-dkfd
2013-04-06T00:00:00.000,22,Montsià,430141,Amposta,0,0.06,0,0.06,bks7-dkfd
2013-04-06T00:00:00.000,22,Montsià,430141,Amposta,0,6,0,6,bks7-dkfd
2013-04-08T00:00:00.000,21,Maresme,080039,Alella,0,0.008,0,0.008,bks7-dkfd
2013-04-08T00:00:00.000,40,Vallès Occidental,082606,Santa Perpètua de Mogoda,0.43,0,0,0.43,bks7-dkfd
2013-04-09T00:00:00.000,08,Baix Camp,431628,Vandellòs i l'Hospitalet de l'Infant,0,0.004,0,0.004,bks7-dkfd
2013-04-09T00:00:00.000,29,Priorat,430271,"Bisbal de Falset, la",0,0.66,0,0.66,bks7-dkfd
2013-04-10T00:00:00.000,03,Alt Penedès,080581,Castellet i la Gornal,0,0.25,0,0.25,bks7-dkfd
2013-04-12T00:00:00.000,33,Segrià,251023,"Granja d'Escarp, la",0.004,0,0,0.004,bks7-dkfd
2013-04-12T00:00:00.000,33,Segrià,251023,"Granja d'Escarp, la",0.01,0,0,0.01,bks7-dkfd
2013-04-12T00:00:00.000,23,Noguera,251771,Preixens,0,0.7,0,0.7,bks7-dkfd
2013-04-13T00:00:00.000,21,Maresme,081537,Òrrius,0.07,0,0,0.07,bks7-dkfd
2013-04-14T00:00:00.000,33,Segrià,251207,Lleida,0,2,1,2,bks7-dkfd
2013-04-14T00:00:00.000,29,Priorat,431140,Porrera,0,0.46,0,0.46,bks7-dkfd
2013-04-14T00:00:00.000,30,Ribera d'Ebre,430607,Flix,0.18,0,0,0.18,bks7-dkfd
2013-04-14T00:00:00.000,07,Bages,081419,Navàs,0,0.005,0,0.005,bks7-dkfd
2013-04-15T00:00:00.000,06,Anoia,081022,Igualada,0,0.02,0,0.02,bks7-dkfd
2013-04-17T00:00:00.000,11,Baix Llobregat,081141,Martorell,0.12,0,0,0.12,bks7-dkfd
2013-04-18T00:00:00.000,33,Segrià,251207,Lleida,0,0.04,0,0.04,bks7-dkfd
2013-04-19T00:00:00.000,29,Priorat,431153,Pradell de la Teixeta,28.6,25.8,0.43,54.4,bks7-dkfd
2013-04-19T00:00:00.000,40,Vallès Occidental,081846,Rubí,0,0.06,0,0.06,bks7-dkfd
2013-04-20T00:00:00.000,33,Segrià,251207,Lleida,0,0.15,0,0.15,bks7-dkfd
2013-04-21T00:00:00.000,23,Noguera,250693,Castelló de Farfanya,0,0.01,0,0.01,bks7-dkfd
2013-04-21T00:00:00.000,06,Anoia,081614,Piera,0.01,0.01,0,0.02,bks7-dkfd
2013-04-21T00:00:00.000,06,Anoia,081653,"Pobla de Claramunt, la",0.08,0,0,0.08,bks7-dkfd
2013-04-21T00:00:00.000,06,Anoia,081614,Piera,0.1,0.04,0,0.14,bks7-dkfd
2013-04-22T00:00:00.000,11,Baix Llobregat,081960,Sant Andreu de la Barca,0.058,0,0,0.058,bks7-dkfd
2013-04-22T00:00:00.000,09,Baix Ebre,431554,Tortosa,0,0.03,0,0.03,bks7-dkfd
2013-04-23T00:00:00.000,12,Baix Penedès,430206,Banyeres del Penedès,0,0.15,0,0.15,bks7-dkfd
2013-04-24T00:00:00.000,09,Baix Ebre,430252,Benifallet,0.11,0,0,0.11,bks7-dkfd
2013-04-24T00:00:00.000,21,Maresme,081213,Mataró,0.01,0.01,0,0.02,bks7-dkfd
2013-04-24T00:00:00.000,11,Baix Llobregat,081141,Martorell,0.16,0,0,0.16,bks7-dkfd
2013-04-24T00:00:00.000,29,Priorat,430825,"Masroig, el",0.058,0,0,0.058,bks7-dkfd
2013-04-24T00:00:00.000,06,Anoia,081614,Piera,0,0.005,0,0.005,bks7-dkfd
2013-05-05T00:00:00.000,33,Segrià,250117,Alcarràs,0,0.02,0,0.02,bks7-dkfd
2013-05-06T00:00:00.000,33,Segrià,251207,Lleida,0,0.06,0,0.06,bks7-dkfd
2013-05-07T00:00:00.000,33,Segrià,251207,Lleida,0,0.7,0,0.7,bks7-dkfd
2013-05-09T00:00:00.000,09,Baix Ebre,431554,Tortosa,0.04,0,0,0.04,bks7-dkfd
2013-05-10T00:00:00.000,09,Baix Ebre,431495,Tivenys,0,0.04,0.008,0.04,bks7-dkfd
2013-05-10T00:00:00.000,25,Pallars Jussà,251615,Conca de Dalt,0.2,0,0.05,0.2,bks7-dkfd
2013-05-13T00:00:00.000,09,Baix Ebre,431042,"Perelló, el",0,2.38,0.22,2.38,bks7-dkfd
2013-05-19T00:00:00.000,21,Maresme,080351,Calella,0,0.002,0,0.002,bks7-dkfd
2013-05-22T00:00:00.000,07,Bages,081402,Navarcles,0,0.04,0,0.04,bks7-dkfd
2013-05-22T00:00:00.000,16,Conca de Barberà,430862,Montblanc,0.05,0,0,0.05,bks7-dkfd
2013-05-23T00:00:00.000,13,Barcelonès,080193,Barcelona,0,0.006,0,0.006,bks7-dkfd
2013-05-23T00:00:00.000,02,Alt Empordà,171328,Peralada,0,0.02,0,0.02,bks7-dkfd
2013-05-24T00:00:00.000,03,Alt Penedès,082362,Sant Quintí de Mediona,0,0.01,0,0.01,bks7-dkfd
2013-05-24T00:00:00.000,25,Pallars Jussà,251713,"Pobla de Segur, la",0,0.3,0,0.3,bks7-dkfd
2013-05-25T00:00:00.000,41,Vallès Oriental,081810,"Roca del Vallès, la",0,0.01,0,0.01,bks7-dkfd
2013-05-29T00:00:00.000,36,Tarragonès,431310,Roda de Berà,0.75,0.05,0,0.8,bks7-dkfd
2013-05-29T00:00:00.000,16,Conca de Barberà,430542,"Espluga de Francolí, l'",0,0.06,0,0.06,bks7-dkfd
2013-05-29T00:00:00.000,01,Alt Camp,431613,Valls,0,0.46,0,0.46,bks7-dkfd
2013-06-01T00:00:00.000,06,Anoia,080713,Copons,0,0.015,0,0.015,bks7-dkfd
2013-06-02T00:00:00.000,12,Baix Penedès,430022,Albinyana,0.08,0,0,0.08,bks7-dkfd
2013-06-02T00:00:00.000,06,Anoia,080484,Carme,0,0.015,0,0.015,bks7-dkfd
2013-06-02T00:00:00.000,41,Vallès Oriental,081810,"Roca del Vallès, la",0.055,0,0,0.055,bks7-dkfd
2013-06-02T00:00:00.000,40,Vallès Occidental,080517,Castellar del Vallès,0,0.075,0,0.075,bks7-dkfd
2013-06-02T00:00:00.000,11,Baix Llobregat,080728,Corbera de Llobregat,0,0.006,0,0.006,bks7-dkfd
2013-06-03T00:00:00.000,03,Alt Penedès,082883,Torrelles de Foix,0,0.04,0,0.04,bks7-dkfd
2013-06-03T00:00:00.000,06,Anoia,082975,Veciana,0,0.005,0,0.005,bks7-dkfd
2013-06-03T00:00:00.000,24,Osona,080370,Calldetenes,0.04,0,0,0.04,bks7-dkfd
2013-06-04T00:00:00.000,29,Priorat,431140,Porrera,0,0.01,0,0.01,bks7-dkfd
2013-06-04T00:00:00.000,33,Segrià,251207,Lleida,0.2,0.8,0,1,bks7-dkfd
2013-06-05T00:00:00.000,40,Vallès Occidental,081878,Sabadell,0.0025,0,0,0.0025,bks7-dkfd
2013-06-05T00:00:00.000,06,Anoia,080484,Carme,0,0.14,0,0.14,bks7-dkfd
2013-06-05T00:00:00.000,24,Osona,081120,Manlleu,0,0.005,0,0.005,bks7-dkfd
2013-06-05T00:00:00.000,40,Vallès Occidental,080517,Castellar del Vallès,0,0.005,0.1,0.005,bks7-dkfd
2013-06-07T00:00:00.000,11,Baix Llobregat,080898,Gavà,0.0004,0,0,0.0004,bks7-dkfd
2013-06-07T00:00:00.000,34,Selva,171501,Riudellots de la Selva,0.02,0,0,0.02,bks7-dkfd
2013-06-08T00:00:00.000,03,Alt Penedès,081640,"Pla del Penedès, el",0,0.0025,0,0.0025,bks7-dkfd
2013-06-12T00:00:00.000,33,Segrià,250215,Almenar,0,0.63,9.48,0.63,bks7-dkfd
2013-06-13T00:00:00.000,06,Anoia,082508,Santa Margarida de Montbui,0,0.0056,0,0.0056,bks7-dkfd
2013-06-13T00:00:00.000,29,Priorat,430764,Marçà,0,0.015,0,0.015,bks7-dkfd
2013-06-14T00:00:00.000,09,Baix Ebre,430136,"Ametlla de Mar, l'",0,0.007,0,0.007,bks7-dkfd
2013-06-14T00:00:00.000,41,Vallès Oriental,080462,Cardedeu,0.0015,0,0,0.0015,bks7-dkfd
2013-06-15T00:00:00.000,09,Baix Ebre,430136,"Ametlla de Mar, l'",0,0.005,0,0.005,bks7-dkfd
2013-06-15T00:00:00.000,41,Vallès Oriental,080410,Canovelles,0,0.03,0,0.03,bks7-dkfd
2013-06-15T00:00:00.000,05,Alta Ribagorça,251734,"Pont de Suert, el",0,0.01,0,0.01,bks7-dkfd
2013-06-16T00:00:00.000,06,Anoia,081038,Jorba,0,0.001,0,0.001,bks7-dkfd
2013-06-16T00:00:00.000,41,Vallès Oriental,081154,Martorelles,0,0.03,0,0.03,bks7-dkfd
2013-06-17T00:00:00.000,33,Segrià,250138,Alfarràs,9.6,7.9,1.2,17.5,bks7-dkfd
2013-06-17T00:00:00.000,07,Bages,082188,Sant Joan de Vilatorrada,0,0.01,0,0.01,bks7-dkfd
2013-06-18T00:00:00.000,17,Garraf,082704,Sitges,0.3,0,0,0.3,bks7-dkfd
2013-06-20T00:00:00.000,13,Barcelonès,080193,Barcelona,0,0.005,0,0.005,bks7-dkfd
2013-06-20T00:00:00.000,41,Vallès Oriental,080410,Canovelles,0,0.18,0,0.18,bks7-dkfd
2013-06-21T00:00:00.000,06,Anoia,081614,Piera,0.001,0,0,0.001,bks7-dkfd
2013-06-22T00:00:00.000,06,Anoia,081614,Piera,0,0.04,0,0.04,bks7-dkfd
2013-06-22T00:00:00.000,21,Maresme,082824,Tiana,0,0.004,0,0.004,bks7-dkfd
2013-06-22T00:00:00.000,06,Anoia,082508,Santa Margarida de Montbui,0,0.035,0,0.035,bks7-dkfd
2013-06-23T00:00:00.000,07,Bages,081402,Navarcles,0,0.01,0,0.01,bks7-dkfd
2013-06-23T00:00:00.000,41,Vallès Oriental,080961,Granollers,0,0.015,0,0.015,bks7-dkfd
2013-06-24T00:00:00.000,12,Baix Penedès,430287,"Bisbal del Penedès, la",0,0.23,0,0.23,bks7-dkfd
2013-06-24T00:00:00.000,11,Baix Llobregat,082634,Sant Vicenç dels Horts,0,0.035,0,0.035,bks7-dkfd
2013-06-24T00:00:00.000,20,Gironès,170792,Girona,0.07,0,0,0.07,bks7-dkfd
2013-06-24T00:00:00.000,11,Baix Llobregat,082080,Sant Esteve Sesrovires,0,0.04,0,0.04,bks7-dkfd
2013-06-24T00:00:00.000,41,Vallès Oriental,081593,Parets del Vallès,0.01,0,1.4,0.01,bks7-dkfd
2013-06-24T00:00:00.000,10,Baix Empordà,170221,"Bisbal d'Empordà, la",0,0.02,0,0.02,bks7-dkfd
2013-06-24T00:00:00.000,20,Gironès,170792,Girona,0,0.0011,0,0.0011,bks7-dkfd
2013-06-24T00:00:00.000,06,Anoia,082264,Sant Martí de Tous,0.27,0,0.01,0.27,bks7-dkfd
2013-06-24T00:00:00.000,21,Maresme,082613,Santa Susanna,0,0.01,0,0.01,bks7-dkfd
2013-06-24T00:00:00.000,20,Gironès,170792,Girona,0,0.1,0.04,0.1,bks7-dkfd
2013-06-24T00:00:00.000,33,Segrià,251207,Lleida,0,0.18,0,0.18,bks7-dkfd
2013-06-24T00:00:00.000,10,Baix Empordà,171812,Santa Cristina d'Aro,0,0.25,0,0.25,bks7-dkfd
2013-06-24T00:00:00.000,06,Anoia,081022,Igualada,0,0.0002,0,0.0002,bks7-dkfd
2013-06-26T00:00:00.000,20,Gironès,170792,Girona,0,0.36,0,0.36,bks7-dkfd
2013-06-27T00:00:00.000,23,Noguera,252496,Vilanova de l'Aguda,0,0.07,0,0.07,bks7-dkfd
2013-06-27T00:00:00.000,33,Segrià,252043,Seròs,0,0.5,0.23,0.5,bks7-dkfd
2013-06-27T00:00:00.000,40,Vallès Occidental,083008,Viladecavalls,0.36,0,0,0.36,bks7-dkfd
2013-06-28T00:00:00.000,11,Baix Llobregat,081141,Martorell,0,0.2,0,0.2,bks7-dkfd
2013-06-29T00:00:00.000,11,Baix Llobregat,080898,Gavà,0,0.04,0,0.04,bks7-dkfd
2013-06-29T00:00:00.000,29,Priorat,430580,"Figuera, la",0.15,0,0,0.15,bks7-dkfd
2013-06-30T00:00:00.000,02,Alt Empordà,170329,Cadaqués,0.82,1,0,1.82,bks7-dkfd
2013-06-30T00:00:00.000,04,Alt Urgell,250772,Coll de Nargó,0.01,0.03,0,0.04,bks7-dkfd
2013-07-01T00:00:00.000,20,Gironès,170792,Girona,0,0.38,0,0.38,bks7-dkfd
2013-07-01T00:00:00.000,17,Garraf,082310,Sant Pere de Ribes,0,0.001,0,0.001,bks7-dkfd
2013-07-01T00:00:00.000,02,Alt Empordà,171582,Sant Climent Sescebes,0,0.56,0,0.56,bks7-dkfd
2013-07-02T00:00:00.000,12,Baix Penedès,430379,Calafell,0.025,0,0,0.025,bks7-dkfd
2013-07-02T00:00:00.000,29,Priorat,430580,"Figuera, la",0.56,0,0,0.56,bks7-dkfd
2013-07-02T00:00:00.000,21,Maresme,080039,Alella,0.03,0.08,0,0.11,bks7-dkfd
2013-07-03T00:00:00.000,07,Bages,080983,Sant Salvador de Guardiola,0.04,0,0,0.04,bks7-dkfd
2013-07-04T00:00:00.000,24,Osona,082785,Taradell,0,0.2,0,0.2,bks7-dkfd
2013-07-04T00:00:00.000,41,Vallès Oriental,080333,Caldes de Montbui,0.02,0,0,0.02,bks7-dkfd
2013-07-05T00:00:00.000,14,Berguedà,082687,Cercs,0.001,0.001,0,0.002,bks7-dkfd
2013-07-05T00:00:00.000,03,Alt Penedès,080581,Castellet i la Gornal,0,0.15,0,0.15,bks7-dkfd
2013-07-06T00:00:00.000,26,Pallars Sobirà,250827,Espot,0.001,0,0,0.001,bks7-dkfd
2013-07-06T00:00:00.000,40,Vallès Occidental,082665,Cerdanyola del Vallès,0,0.04,0,0.04,bks7-dkfd
2013-07-06T00:00:00.000,02,Alt Empordà,170865,"Jonquera, la",0,0.07,0,0.07,bks7-dkfd
2013-07-06T00:00:00.000,23,Noguera,250693,Castelló de Farfanya,2.6,5.88,53.12,8.48,bks7-dkfd
2013-07-07T00:00:00.000,20,Gironès,170792,Girona,0,0.05,0,0.05,bks7-dkfd
2013-07-07T00:00:00.000,34,Selva,171030,Maçanet de la Selva,0.17,0,0,0.17,bks7-dkfd
2013-07-08T00:00:00.000,11,Baix Llobregat,080569,Castelldefels,0.058,0,0,0.058,bks7-dkfd
2013-07-08T00:00:00.000,23,Noguera,250349,Artesa de Segre,0,0.28,1.86,0.28,bks7-dkfd
2013-07-08T00:00:00.000,10,Baix Empordà,170486,Castell-Platja d'Aro,0,1.04,0,1.04,bks7-dkfd
2013-07-08T00:00:00.000,14,Berguedà,080168,Bagà,0.01,0,0,0.01,bks7-dkfd
2013-07-09T00:00:00.000,08,Baix Camp,430094,Alforja,0,0.05,0.1,0.05,bks7-dkfd
2013-07-09T00:00:00.000,40,Vallès Occidental,080543,Castellbisbal,0,0.72,0,0.72,bks7-dkfd
2013-07-09T00:00:00.000,06,Anoia,083020,Vilanova del Camí,0.17,0,0,0.17,bks7-dkfd
2013-07-10T00:00:00.000,40,Vallès Occidental,081846,Rubí,0,0.001,0,0.001,bks7-dkfd
2013-07-10T00:00:00.000,13,Barcelonès,082457,Santa Coloma de Gramenet,0,1.99,0,1.99,bks7-dkfd
2013-07-10T00:00:00.000,23,Noguera,251121,Ivars de Noguera,0,0.67,0,0.67,bks7-dkfd
2013-07-10T00:00:00.000,20,Gironès,170792,Girona,0,0.13,0,0.13,bks7-dkfd
2013-07-10T00:00:00.000,37,Terra Alta,430712,Horta de Sant Joan,0,0.0003,0,0.0003,bks7-dkfd
2013-07-11T00:00:00.000,34,Selva,170950,Lloret de Mar,0.0005,0,0,0.0005,bks7-dkfd
2013-07-11T00:00:00.000,10,Baix Empordà,171181,Palamós,0,0.0004,0,0.0004,bks7-dkfd
2013-07-11T00:00:00.000,42,Moianès,082397,Sant Quirze Safaja,0,0.0025,0,0.0025,bks7-dkfd
2013-07-11T00:00:00.000,11,Baix Llobregat,080018,Abrera,0,0.02,0,0.02,bks7-dkfd
2013-07-11T00:00:00.000,16,Conca de Barberà,431592,Vallfogona de Riucorb,0.27,0,0.6,0.27,bks7-dkfd
2013-07-11T00:00:00.000,06,Anoia,081192,Masquefa,0.001,0,0,0.001,bks7-dkfd
2013-07-11T00:00:00.000,12,Baix Penedès,430901,"Montmell, el",0.03,0,0,0.03,bks7-dkfd
2013-07-11T00:00:00.000,41,Vallès Oriental,082107,Sant Feliu de Codines,0.002,0,0,0.002,bks7-dkfd
2013-07-11T00:00:00.000,03,Alt Penedès,081461,Olesa de Bonesvalls,0.02,0,0,0.02,bks7-dkfd
2013-07-11T00:00:00.000,07,Bages,080594,Castellfollit del Boix,0.0025,0,0,0.0025,bks7-dkfd
2013-07-11T00:00:00.000,16,Conca de Barberà,430213,Barberà de la Conca,0.001,0,0,0.001,bks7-dkfd
2013-07-11T00:00:00.000,07,Bages,080538,Castellbell i el Vilar,0.002,0,0,0.002,bks7-dkfd
2013-07-11T00:00:00.000,03,Alt Penedès,082227,Sant Llorenç d'Hortons,0.04,0,0,0.04,bks7-dkfd
2013-07-12T00:00:00.000,33,Segrià,251207,Lleida,0,0.14,0,0.14,bks7-dkfd
2013-07-12T00:00:00.000,21,Maresme,080095,Argentona,0,0.05,0,0.05,bks7-dkfd
2013-07-12T00:00:00.000,41,Vallès Oriental,081154,Martorelles,0.04,0,0,0.04,bks7-dkfd
2013-07-12T00:00:00.000,01,Alt Camp,430017,Aiguamúrcia,0.12,0,0,0.12,bks7-dkfd
2013-07-12T00:00:00.000,01,Alt Camp,430017,Aiguamúrcia,0.25,0,0,0.25,bks7-dkfd
2013-07-12T00:00:00.000,37,Terra Alta,431107,"Pobla de Massaluca, la",0,0.14,0,0.14,bks7-dkfd
2013-07-13T00:00:00.000,17,Garraf,080749,Cubelles,0.004,0,0,0.004,bks7-dkfd
2013-07-13T00:00:00.000,11,Baix Llobregat,083015,Viladecans,0,0.12,0,0.12,bks7-dkfd
2013-07-13T00:00:00.000,21,Maresme,080095,Argentona,0,0.06,0,0.06,bks7-dkfd
2013-07-13T00:00:00.000,14,Berguedà,083089,Viver i Serrateix,0.018,0,0,0.018,bks7-dkfd
2013-07-13T00:00:00.000,07,Bages,080902,Gaià,0,0.004,0,0.004,bks7-dkfd
2013-07-13T00:00:00.000,14,Berguedà,081326,Montmajor,0.016,0,0,0.016,bks7-dkfd
2013-07-14T00:00:00.000,36,Tarragonès,430976,"Nou de Gaià, la",0,0.2,0.34,0.2,bks7-dkfd
2013-07-14T00:00:00.000,14,Berguedà,083089,Viver i Serrateix,0.008,0,0,0.008,bks7-dkfd
2013-07-14T00:00:00.000,13,Barcelonès,080193,Barcelona,0,0.1,0,0.1,bks7-dkfd
2013-07-14T00:00:00.000,35,Solsonès,251484,Odèn,0.025,0,0,0.025,bks7-dkfd
2013-07-14T00:00:00.000,17,Garraf,082704,Sitges,0.005,0,0,0.005,bks7-dkfd
2013-07-16T00:00:00.000,37,Terra Alta,431068,"Pinell de Brai, el",0.3,0,1.2,0.3,bks7-dkfd
2013-07-16T00:00:00.000,17,Garraf,082704,Sitges,0,0.26,0,0.26,bks7-dkfd
2013-07-16T00:00:00.000,18,Garrigues,251180,Juncosa,0.04,0,0,0.04,bks7-dkfd
2013-07-16T00:00:00.000,20,Gironès,171729,Sant Martí de Llémena,0.24,0.58,0,0.82,bks7-dkfd
2013-07-17T00:00:00.000,40,Vallès Occidental,082606,Santa Perpètua de Mogoda,0,0.05,0,0.05,bks7-dkfd
2013-07-17T00:00:00.000,40,Vallès Occidental,082798,Terrassa,0,0.0005,0,0.0005,bks7-dkfd
2013-07-17T00:00:00.000,06,Anoia,081521,Orpí,0,0.22,0,0.22,bks7-dkfd
2013-07-17T00:00:00.000,08,Baix Camp,431457,"Selva del Camp, la",0,0.02,0,0.02,bks7-dkfd
2013-07-17T00:00:00.000,06,Anoia,082508,Santa Margarida de Montbui,0.09,0,0,0.09,bks7-dkfd
2013-07-18T00:00:00.000,11,Baix Llobregat,080898,Gavà,0,0.0015,0,0.0015,bks7-dkfd
2013-07-18T00:00:00.000,21,Maresme,082824,Tiana,0.01,0.21,0,0.22,bks7-dkfd
2013-07-19T00:00:00.000,24,Osona,082690,Seva,0.001,0,0,0.001,bks7-dkfd
2013-07-20T00:00:00.000,07,Bages,080109,Artés,0,0.03,0,0.03,bks7-dkfd
2013-07-20T00:00:00.000,06,Anoia,081629,"Hostalets de Pierola, els",0,0.12,0,0.12,bks7-dkfd
2013-07-22T00:00:00.000,11,Baix Llobregat,080898,Gavà,0,0.1,0,0.1,bks7-dkfd
2013-07-22T00:00:00.000,08,Baix Camp,431671,Vilanova d'Escornalbou,0,0.015,0,0.015,bks7-dkfd
2013-07-22T00:00:00.000,07,Bages,082747,Súria,0,0.0001,0,0.0001,bks7-dkfd
2013-07-22T00:00:00.000,07,Bages,080902,Gaià,0,0.1,0,0.1,bks7-dkfd
2013-07-22T00:00:00.000,06,Anoia,080214,Bellprat,0.02,0,0,0.02,bks7-dkfd
2013-07-22T00:00:00.000,21,Maresme,080095,Argentona,0.02,0,0,0.02,bks7-dkfd
2013-07-22T00:00:00.000,12,Baix Penedès,430304,Bonastre,0.0025,0,0,0.0025,bks7-dkfd
2013-07-22T00:00:00.000,06,Anoia,083020,Vilanova del Camí,0,0.001,0,0.001,bks7-dkfd
2013-07-22T00:00:00.000,07,Bages,080620,Castellnou de Bages,0,0.0006,0,0.0006,bks7-dkfd
2013-07-23T00:00:00.000,10,Baix Empordà,171539,Rupià,0.01,0,0,0.01,bks7-dkfd
2013-07-23T00:00:00.000,37,Terra Alta,430228,Batea,2.6,1.2,0.14,3.8,bks7-dkfd
2013-07-23T00:00:00.000,03,Alt Penedès,082515,Santa Margarida i els Monjos,0,0.02,0,0.02,bks7-dkfd
2013-07-24T00:00:00.000,07,Bages,082299,Sant Mateu de Bages,16.58,0.41,4.34,16.99,bks7-dkfd
2013-07-24T00:00:00.000,06,Anoia,082508,Santa Margarida de Montbui,0.008,0,0,0.008,bks7-dkfd
2013-07-24T00:00:00.000,40,Vallès Occidental,081878,Sabadell,0.34,0.98,6.77,1.32,bks7-dkfd
2013-07-24T00:00:00.000,09,Baix Ebre,430252,Benifallet,0,0.02,0,0.02,bks7-dkfd
2013-07-24T00:00:00.000,09,Baix Ebre,430069,Aldover,0.0013,0,0,0.0013,bks7-dkfd
2013-07-25T00:00:00.000,37,Terra Alta,430712,Horta de Sant Joan,0.02,0,0,0.02,bks7-dkfd
2013-07-25T00:00:00.000,30,Ribera d'Ebre,430607,Flix,0,0.07,0,0.07,bks7-dkfd
2013-07-25T00:00:00.000,26,Pallars Sobirà,252081,Soriguera,0,0.0005,0,0.0005,bks7-dkfd
2013-07-25T00:00:00.000,40,Vallès Occidental,081252,Montcada i Reixac,0,0.3,0,0.3,bks7-dkfd
2013-07-26T00:00:00.000,34,Selva,171805,Santa Coloma de Farners,0.09,0,0.01,0.09,bks7-dkfd
2013-07-26T00:00:00.000,41,Vallès Oriental,082592,Santa Maria de Palautordera,0.48,0,0.25,0.48,bks7-dkfd
2013-07-26T00:00:00.000,16,Conca de Barberà,431476,Solivella,0.04,0.18,2.2,0.22,bks7-dkfd
2013-07-28T00:00:00.000,10,Baix Empordà,171812,Santa Cristina d'Aro,0.003,0,0,0.003,bks7-dkfd
2013-07-28T00:00:00.000,09,Baix Ebre,430081,Alfara de Carles,0.0015,0,0,0.0015,bks7-dkfd
2013-07-28T00:00:00.000,10,Baix Empordà,171241,Pals,0,0.0001,0,0.0001,bks7-dkfd
2013-07-28T00:00:00.000,13,Barcelonès,080193,Barcelona,0.02,0,0,0.02,bks7-dkfd
2013-07-28T00:00:00.000,11,Baix Llobregat,082956,Vallirana,55,19.5,2,74.5,bks7-dkfd
2013-07-29T00:00:00.000,21,Maresme,081939,Sant Iscle de Vallalta,0,0.001,0,0.001,bks7-dkfd
2013-07-29T00:00:00.000,03,Alt Penedès,081458,Olèrdola,0,0.5,0,0.5,bks7-dkfd
2013-07-29T00:00:00.000,40,Vallès Occidental,080517,Castellar del Vallès,0.07,0,0,0.07,bks7-dkfd
2013-07-29T00:00:00.000,02,Alt Empordà,171404,"Port de la Selva, el",0,0.05,0,0.05,bks7-dkfd
2013-07-29T00:00:00.000,21,Maresme,080752,Dosrius,0.02,0,0,0.02,bks7-dkfd
2013-07-29T00:00:00.000,41,Vallès Oriental,081069,Llinars del Vallès,0.003,0,0,0.003,bks7-dkfd
2013-07-29T00:00:00.000,06,Anoia,081614,Piera,0.01,0,0,0.01,bks7-dkfd
2013-07-29T00:00:00.000,07,Bages,080121,Avinyó,0.0004,0,0,0.0004,bks7-dkfd
2013-07-29T00:00:00.000,41,Vallès Oriental,082482,Santa Eulàlia de Ronçana,0.005,0,0,0.005,bks7-dkfd
2013-07-29T00:00:00.000,34,Selva,171805,Santa Coloma de Farners,0.01,0,0,0.01,bks7-dkfd
2013-07-29T00:00:00.000,30,Ribera d'Ebre,430846,Miravet,17.92,6.67,4.82,24.59,bks7-dkfd
2013-07-29T00:00:00.000,10,Baix Empordà,171997,Torroella de Montgrí,0.01,0,0,0.01,bks7-dkfd
2013-07-29T00:00:00.000,24,Osona,081516,Oristà,0.006,0,0,0.006,bks7-dkfd
2013-07-29T00:00:00.000,03,Alt Penedès,082270,Sant Martí Sarroca,0.09,0,0,0.09,bks7-dkfd
2013-07-29T00:00:00.000,21,Maresme,082824,Tiana,0,0.002,0,0.002,bks7-dkfd
2013-07-29T00:00:00.000,07,Bages,080180,Balsareny,0.04,0,0,0.04,bks7-dkfd
2013-07-30T00:00:00.000,40,Vallès Occidental,081846,Rubí,0,0.025,0,0.025,bks7-dkfd
2013-07-30T00:00:00.000,20,Gironès,170890,Llagostera,0.01,0,0,0.01,bks7-dkfd
2013-07-30T00:00:00.000,20,Gironès,170448,Cassà de la Selva,0.006,0,0,0.006,bks7-dkfd
2013-07-31T00:00:00.000,02,Alt Empordà,171582,Sant Climent Sescebes,0,0.7,0,0.7,bks7-dkfd
2013-07-31T00:00:00.000,36,Tarragonès,431037,Perafort,0.5,3.6,0.5,4.1,bks7-dkfd
2013-08-01T00:00:00.000,21,Maresme,080752,Dosrius,0,0.35,0,0.35,bks7-dkfd
2013-08-01T00:00:00.000,07,Bages,082747,Súria,0,0.007,0.008,0.007,bks7-dkfd
2013-08-01T00:00:00.000,09,Baix Ebre,431495,Tivenys,0,0.005,0,0.005,bks7-dkfd
2013-08-02T00:00:00.000,41,Vallès Oriental,081069,Llinars del Vallès,0.004,0,0,0.004,bks7-dkfd
2013-08-02T00:00:00.000,40,Vallès Occidental,082798,Terrassa,0.27,0,2.51,0.27,bks7-dkfd
2013-08-02T00:00:00.000,41,Vallès Oriental,081069,Llinars del Vallès,0.0025,0,0,0.0025,bks7-dkfd
2013-08-03T00:00:00.000,11,Baix Llobregat,080898,Gavà,0,0.008,0,0.008,bks7-dkfd
2013-08-03T00:00:00.000,17,Garraf,082310,Sant Pere de Ribes,0,0.005,0,0.005,bks7-dkfd
2013-08-03T00:00:00.000,10,Baix Empordà,171812,Santa Cristina d'Aro,0,0.009,0,0.009,bks7-dkfd
2013-08-03T00:00:00.000,11,Baix Llobregat,080689,Cervelló,0,0.015,0,0.015,bks7-dkfd
2013-08-03T00:00:00.000,04,Alt Urgell,250772,Coll de Nargó,0.0001,0,0,0.0001,bks7-dkfd
2013-08-03T00:00:00.000,03,Alt Penedès,080581,Castellet i la Gornal,0,0.005,0,0.005,bks7-dkfd
2013-08-03T00:00:00.000,17,Garraf,083073,Vilanova i la Geltrú,0,0.005,0,0.005,bks7-dkfd
2013-08-04T00:00:00.000,07,Bages,081136,Manresa,0.01,0,0,0.01,bks7-dkfd
2013-08-04T00:00:00.000,35,Solsonès,252075,Solsona,0,0.01,0,0.01,bks7-dkfd
2013-08-04T00:00:00.000,10,Baix Empordà,171812,Santa Cristina d'Aro,0.004,0,0,0.004,bks7-dkfd
2013-08-05T00:00:00.000,03,Alt Penedès,080137,Avinyonet del Penedès,0,0.02,0,0.02,bks7-dkfd
2013-08-05T00:00:00.000,06,Anoia,081043,"Llacuna, la",0,0.05,0.56,0.05,bks7-dkfd
2013-08-05T00:00:00.000,11,Baix Llobregat,080689,Cervelló,0,0.005,0,0.005,bks7-dkfd
2013-08-05T00:00:00.000,01,Alt Camp,431325,Rodonyà,0,0.015,0,0.015,bks7-dkfd
2013-08-06T00:00:00.000,07,Bages,081136,Manresa,0,0.01,0,0.01,bks7-dkfd
2013-08-06T00:00:00.000,25,Pallars Jussà,251615,Conca de Dalt,0,0.1,0,0.1,bks7-dkfd
2013-08-06T00:00:00.000,16,Conca de Barberà,431763,Vimbodí i Poblet,0.02,0,0.08,0.02,bks7-dkfd
2013-08-07T00:00:00.000,40,Vallès Occidental,081252,Montcada i Reixac,0,0.001,0,0.001,bks7-dkfd
2013-08-08T00:00:00.000,20,Gironès,170890,Llagostera,0.001,0,0,0.001,bks7-dkfd
2013-08-08T00:00:00.000,08,Baix Camp,431286,Riudecols,0,0.0015,0,0.0015,bks7-dkfd
2013-08-08T00:00:00.000,11,Baix Llobregat,082009,Sant Boi de Llobregat,0,0.26,0,0.26,bks7-dkfd
2013-08-08T00:00:00.000,02,Alt Empordà,170926,Llançà,0,0.17,0.08,0.17,bks7-dkfd
2013-08-09T00:00:00.000,21,Maresme,082845,Tordera,1.12,0,0.02,1.12,bks7-dkfd
2013-08-09T00:00:00.000,06,Anoia,080214,Bellprat,2.15,0.52,11.03,2.67,bks7-dkfd
2013-08-09T00:00:00.000,11,Baix Llobregat,080898,Gavà,0,0.008,0,0.008,bks7-dkfd
2013-08-09T00:00:00.000,40,Vallès Occidental,082055,Sant Cugat del Vallès,0,0.015,0,0.015,bks7-dkfd
2013-08-09T00:00:00.000,40,Vallès Occidental,082055,Sant Cugat del Vallès,0,0.005,0,0.005,bks7-dkfd
2013-08-09T00:00:00.000,11,Baix Llobregat,080898,Gavà,0,0.004,0,0.004,bks7-dkfd
2013-08-09T00:00:00.000,24,Osona,081120,Manlleu,0.2,0,1.6,0.2,bks7-dkfd
2013-08-10T00:00:00.000,11,Baix Llobregat,081477,Olesa de Montserrat,0,0.015,0,0.015,bks7-dkfd
2013-08-10T00:00:00.000,23,Noguera,250621,Camarasa,0.5,0.1,0.6,0.6,bks7-dkfd
2013-08-11T00:00:00.000,13,Barcelonès,080193,Barcelona,0,0.002,0,0.002,bks7-dkfd
2013-08-13T00:00:00.000,21,Maresme,082845,Tordera,0.008,0,0,0.008,bks7-dkfd
2013-08-13T00:00:00.000,06,Anoia,081629,"Hostalets de Pierola, els",0.01,0,0,0.01,bks7-dkfd
2013-08-13T00:00:00.000,13,Barcelonès,080193,Barcelona,0,0.04,0,0.04,bks7-dkfd
2013-08-13T00:00:00.000,41,Vallès Oriental,082592,Santa Maria de Palautordera,1.7,0,0,1.7,bks7-dkfd
2013-08-13T00:00:00.000,01,Alt Camp,430918,Mont-ral,0.0005,0,0,0.0005,bks7-dkfd
2013-08-14T00:00:00.000,42,Moianès,080556,Castellcir,0,0.0001,0,0.0001,bks7-dkfd
2013-08-14T00:00:00.000,31,Ripollès,171349,Planoles,0.0015,0,0,0.0015,bks7-dkfd
2013-08-14T00:00:00.000,01,Alt Camp,430017,Aiguamúrcia,8.64,58.94,0.3,67.58,bks7-dkfd
2013-08-14T00:00:00.000,06,Anoia,081614,Piera,0,0.03,0,0.03,bks7-dkfd
2013-08-15T00:00:00.000,40,Vallès Occidental,081252,Montcada i Reixac,0,0.001,0,0.001,bks7-dkfd
2013-08-15T00:00:00.000,11,Baix Llobregat,080765,Esparreguera,0,0.001,0,0.001,bks7-dkfd
2013-08-16T00:00:00.000,05,Alta Ribagorça,250432,"Vall de Boí, la",0.005,0,0,0.005,bks7-dkfd
2013-08-16T00:00:00.000,41,Vallès Oriental,081363,Montornès del Vallès,0,0.35,0,0.35,bks7-dkfd
2013-08-16T00:00:00.000,41,Vallès Oriental,081056,"Llagosta, la",0,0.03,0.05,0.03,bks7-dkfd
2013-08-16T00:00:00.000,03,Alt Penedès,082877,Torrelavit,0.025,0,0,0.025,bks7-dkfd
2013-08-16T00:00:00.000,01,Alt Camp,430017,Aiguamúrcia,0.0025,0,0,0.0025,bks7-dkfd
2013-08-16T00:00:00.000,17,Garraf,081483,Olivella,0,0.0001,0,0.0001,bks7-dkfd
2013-08-17T00:00:00.000,03,Alt Penedès,082732,Subirats,0.06,0,0,0.06,bks7-dkfd
2013-08-17T00:00:00.000,06,Anoia,082264,Sant Martí de Tous,0.009,0,0,0.009,bks7-dkfd
2013-08-17T00:00:00.000,11,Baix Llobregat,080898,Gavà,0.0002,0,0,0.0002,bks7-dkfd
2013-08-17T00:00:00.000,32,Segarra,252167,Talavera,0,0.001,0,0.001,bks7-dkfd
2013-08-17T00:00:00.000,06,Anoia,081043,"Llacuna, la",0.2,0,0,0.2,bks7-dkfd
2013-08-18T00:00:00.000,03,Alt Penedès,081228,Mediona,0.07,0,0,0.07,bks7-dkfd
2013-08-18T00:00:00.000,11,Baix Llobregat,081141,Martorell,0,0.004,0,0.004,bks7-dkfd
2013-08-18T00:00:00.000,10,Baix Empordà,171812,Santa Cristina d'Aro,0.003,0,0,0.003,bks7-dkfd
2013-08-19T00:00:00.000,18,Garrigues,251180,Juncosa,0.07,0,0,0.07,bks7-dkfd
2013-08-19T00:00:00.000,09,Baix Ebre,430252,Benifallet,0.22,0,0,0.22,bks7-dkfd
2013-08-19T00:00:00.000,07,Bages,080538,Castellbell i el Vilar,0,0.005,0,0.005,bks7-dkfd
2013-08-20T00:00:00.000,21,Maresme,080095,Argentona,0,0.84,0,0.84,bks7-dkfd
2013-08-20T00:00:00.000,10,Baix Empordà,170340,Calonge i Sant Antoni,0.01,0,0,0.01,bks7-dkfd
2013-08-21T00:00:00.000,21,Maresme,080351,Calella,0,0.18,0,0.18,bks7-dkfd
2013-08-22T00:00:00.000,11,Baix Llobregat,080692,Collbató,0,0.015,0,0.015,bks7-dkfd
2013-08-22T00:00:00.000,06,Anoia,081629,"Hostalets de Pierola, els",0.06,0,5.84,0.06,bks7-dkfd
2013-08-22T00:00:00.000,15,Cerdanya,250518,Bellver de Cerdanya,0.0025,0,0,0.0025,bks7-dkfd
2013-08-22T00:00:00.000,07,Bages,080109,Artés,0.0012,0,0,0.0012,bks7-dkfd
2013-08-23T00:00:00.000,03,Alt Penedès,081228,Mediona,0,0.02,0,0.02,bks7-dkfd
2013-08-23T00:00:00.000,22,Montsià,430445,"Sénia, la",0.0025,0,0,0.0025,bks7-dkfd
2013-08-26T00:00:00.000,30,Ribera d'Ebre,431251,Riba-roja d'Ebre,0.1,1.89,0,1.99,bks7-dkfd
2013-08-26T00:00:00.000,30,Ribera d'Ebre,431251,Riba-roja d'Ebre,0.05,0.12,0,0.17,bks7-dkfd
2013-08-26T00:00:00.000,30,Ribera d'Ebre,430607,Flix,0,0.59,0.16,0.59,bks7-dkfd
2013-08-26T00:00:00.000,30,Ribera d'Ebre,430607,Flix,0,0.9,0,0.9,bks7-dkfd
2013-08-26T00:00:00.000,30,Ribera d'Ebre,430192,Ascó,0,0.79,0,0.79,bks7-dkfd
2013-08-26T00:00:00.000,30,Ribera d'Ebre,430607,Flix,0,0.2,0,0.2,bks7-dkfd
2013-08-26T00:00:00.000,30,Ribera d'Ebre,431251,Riba-roja d'Ebre,0,0.003,0,0.003,bks7-dkfd
2013-08-26T00:00:00.000,30,Ribera d'Ebre,430607,Flix,0,0.09,0,0.09,bks7-dkfd
2013-08-26T00:00:00.000,30,Ribera d'Ebre,430607,Flix,0.15,0.21,0,0.36,bks7-dkfd
2013-08-26T00:00:00.000,30,Ribera d'Ebre,431251,Riba-roja d'Ebre,7.8,8.3,1.5,16.1,bks7-dkfd
2013-08-26T00:00:00.000,30,Ribera d'Ebre,431251,Riba-roja d'Ebre,0,0.02,0,0.02,bks7-dkfd
2013-08-27T00:00:00.000,21,Maresme,080351,Calella,0,0.046,0,0.046,bks7-dkfd
2013-08-28T00:00:00.000,33,Segrià,251425,Montoliu de Lleida,0,0.37,0,0.37,bks7-dkfd
2013-08-28T00:00:00.000,42,Moianès,080556,Castellcir,0,0.001,0.014,0.001,bks7-dkfd
2013-08-28T00:00:00.000,09,Baix Ebre,430521,Xerta,0.02,0,0,0.02,bks7-dkfd
2013-08-28T00:00:00.000,30,Ribera d'Ebre,431251,Riba-roja d'Ebre,0,0.3,0,0.3,bks7-dkfd
2013-08-30T00:00:00.000,10,Baix Empordà,171609,Sant Feliu de Guíxols,0.6,0.6,0,1.2,bks7-dkfd
2013-08-31T00:00:00.000,36,Tarragonès,430477,Constantí,0.03,0,0,0.03,bks7-dkfd
2013-09-01T00:00:00.000,11,Baix Llobregat,081234,Molins de Rei,0,0.01,0.05,0.01,bks7-dkfd
2013-09-03T00:00:00.000,33,Segrià,251207,Lleida,0,0.08,0,0.08,bks7-dkfd
2013-09-04T00:00:00.000,18,Garrigues,251180,Juncosa,0.4,0,0,0.4,bks7-dkfd
2013-09-05T00:00:00.000,34,Selva,170237,Blanes,1,0,0.1,1,bks7-dkfd
2013-09-05T00:00:00.000,11,Baix Llobregat,081141,Martorell,0,0.8,0,0.8,bks7-dkfd
2013-09-05T00:00:00.000,03,Alt Penedès,082732,Subirats,0,0.04,0,0.04,bks7-dkfd
2013-09-06T00:00:00.000,41,Vallès Oriental,080235,Bigues i Riells,0.0001,0,0,0.0001,bks7-dkfd
2013-09-06T00:00:00.000,24,Osona,080673,Centelles,0.0015,0,0,0.0015,bks7-dkfd
2013-09-06T00:00:00.000,07,Bages,081398,Mura,0.001,0,0,0.001,bks7-dkfd
2013-09-06T00:00:00.000,07,Bages,081825,"Pont de Vilomara i Rocafort, el",0.08,0,0,0.08,bks7-dkfd
2013-09-06T00:00:00.000,41,Vallès Oriental,081810,"Roca del Vallès, la",0.01,0,0,0.01,bks7-dkfd
2013-09-10T00:00:00.000,18,Garrigues,250061,"Albagés, l'",0,0.26,0.69,0.26,bks7-dkfd
2013-09-10T00:00:00.000,40,Vallès Occidental,082798,Terrassa,0,0.0005,0,0.0005,bks7-dkfd
2013-09-10T00:00:00.000,37,Terra Alta,430712,Horta de Sant Joan,0,0.08,0,0.08,bks7-dkfd
2013-09-11T00:00:00.000,40,Vallès Occidental,082055,Sant Cugat del Vallès,0,0.03,0,0.03,bks7-dkfd
2013-09-11T00:00:00.000,06,Anoia,081022,Igualada,0,0.001,0,0.001,bks7-dkfd
2013-09-13T00:00:00.000,02,Alt Empordà,171387,Portbou,0,0.05,0,0.05,bks7-dkfd
2013-09-14T00:00:00.000,30,Ribera d'Ebre,430607,Flix,0.05,0.01,0,0.06,bks7-dkfd
2013-09-15T00:00:00.000,40,Vallès Occidental,081252,Montcada i Reixac,0,0.4,0,0.4,bks7-dkfd
2013-09-16T00:00:00.000,11,Baix Llobregat,080018,Abrera,0,0.01,0,0.01,bks7-dkfd
2013-09-17T00:00:00.000,17,Garraf,082704,Sitges,0.4,0,0,0.4,bks7-dkfd
2013-09-17T00:00:00.000,12,Baix Penedès,430167,"Arboç, l'",0,0.0005,0,0.0005,bks7-dkfd
2013-09-18T00:00:00.000,18,Garrigues,250812,"Espluga Calba, l'",0.01,0,0,0.01,bks7-dkfd
2013-09-19T00:00:00.000,10,Baix Empordà,171241,Pals,0,0.01,0,0.01,bks7-dkfd
2013-09-19T00:00:00.000,30,Ribera d'Ebre,431508,Tivissa,73.1,37.3,55,110.4,bks7-dkfd
2013-09-21T00:00:00.000,07,Bages,081786,Rajadell,0,0.47,0,0.47,bks7-dkfd
2013-09-22T00:00:00.000,03,Alt Penedès,081228,Mediona,0.01,0,0,0.01,bks7-dkfd
2013-09-22T00:00:00.000,30,Ribera d'Ebre,431508,Tivissa,0.006,0,0,0.006,bks7-dkfd
2013-09-22T00:00:00.000,30,Ribera d'Ebre,431508,Tivissa,0.01,0,0,0.01,bks7-dkfd
2013-09-23T00:00:00.000,03,Alt Penedès,081228,Mediona,0,0.01,0,0.01,bks7-dkfd
2013-09-25T00:00:00.000,33,Segrià,250334,Artesa de Lleida,0,0.06,0,0.06,bks7-dkfd
2013-09-25T00:00:00.000,07,Bages,080538,Castellbell i el Vilar,0,0.015,0,0.015,bks7-dkfd
2013-09-25T00:00:00.000,06,Anoia,080214,Bellprat,0,0.06,0,0.06,bks7-dkfd
2013-09-25T00:00:00.000,33,Segrià,250077,Albatàrrec,0,0.05,0,0.05,bks7-dkfd
2013-09-26T00:00:00.000,10,Baix Empordà,171812,Santa Cristina d'Aro,0.72,0,0,0.72,bks7-dkfd
2013-09-27T00:00:00.000,33,Segrià,251207,Lleida,0,0.04,0,0.04,bks7-dkfd
2013-09-27T00:00:00.000,33,Segrià,250194,Almacelles,0.001,0,0,0.001,bks7-dkfd
2013-09-29T00:00:00.000,01,Alt Camp,431613,Valls,0.107,0,0,0.107,bks7-dkfd
2013-09-30T00:00:00.000,38,Urgell,252173,Tàrrega,0,1,0,1,bks7-dkfd
2013-09-30T00:00:00.000,30,Ribera d'Ebre,430607,Flix,0.04,0,0,0.04,bks7-dkfd
2013-10-01T00:00:00.000,37,Terra Alta,430483,Corbera d'Ebre,0.13,0,0.1,0.13,bks7-dkfd
2013-10-02T00:00:00.000,35,Solsonès,251673,Pinós,0,1.8,1.8,1.8,bks7-dkfd
2013-10-02T00:00:00.000,37,Terra Alta,430228,Batea,2.44,0,3.56,2.44,bks7-dkfd
2013-10-03T00:00:00.000,17,Garraf,083073,Vilanova i la Geltrú,0,0.0001,0,0.0001,bks7-dkfd
2013-10-04T00:00:00.000,41,Vallès Oriental,080333,Caldes de Montbui,0.0001,0,0,0.0001,bks7-dkfd
2013-10-09T00:00:00.000,10,Baix Empordà,172057,Ullastret,0.03,0.03,0,0.06,bks7-dkfd
2013-10-11T00:00:00.000,06,Anoia,083020,Vilanova del Camí,0.01,0,0,0.01,bks7-dkfd
2013-10-13T00:00:00.000,33,Segrià,251023,"Granja d'Escarp, la",0,0.02,0,0.02,bks7-dkfd
2013-10-16T00:00:00.000,22,Montsià,430043,Alcanar,0,0.04,0.6,0.04,bks7-dkfd
2013-10-16T00:00:00.000,22,Montsià,430629,Freginals,0,0.31,0,0.31,bks7-dkfd
2013-10-17T00:00:00.000,37,Terra Alta,430640,Gandesa,0,0.16,2.14,0.16,bks7-dkfd
2013-10-17T00:00:00.000,23,Noguera,250371,"Avellanes i Santa Linya, les",0,0.44,0,0.44,bks7-dkfd
2013-10-17T00:00:00.000,41,Vallès Oriental,082107,Sant Feliu de Codines,0,0.01,0,0.01,bks7-dkfd
2013-10-17T00:00:00.000,20,Gironès,171557,Salt,0.0002,0,0,0.0002,bks7-dkfd
2013-10-21T00:00:00.000,11,Baix Llobregat,082114,Sant Feliu de Llobregat,0,0.44,0,0.44,bks7-dkfd
2013-10-23T00:00:00.000,03,Alt Penedès,080581,Castellet i la Gornal,0.0015,0,0,0.0015,bks7-dkfd
2013-10-23T00:00:00.000,42,Moianès,082589,Santa Maria d'Oló,0,0.08,0,0.08,bks7-dkfd
2013-10-24T00:00:00.000,20,Gironès,171637,Sant Gregori,0.22,0,0,0.22,bks7-dkfd
2013-10-24T00:00:00.000,32,Segarra,251945,Sant Ramon,0,0.2,0,0.2,bks7-dkfd
2013-10-27T00:00:00.000,36,Tarragonès,431536,Torredembarra,0,0.22,0.1,0.22,bks7-dkfd
2013-10-28T00:00:00.000,33,Segrià,251312,Massalcoreig,0,1.2,0,1.2,bks7-dkfd
2013-10-28T00:00:00.000,02,Alt Empordà,171432,Rabós,0.3,2,0.9,2.3,bks7-dkfd
2013-10-30T00:00:00.000,14,Berguedà,080229,Berga,0,0.33,0,0.33,bks7-dkfd
2013-10-30T00:00:00.000,09,Baix Ebre,439060,"Ampolla, l'",0,0.09,0,0.09,bks7-dkfd
2013-10-30T00:00:00.000,02,Alt Empordà,171208,Palau-saverdera,0,0.03,0,0.03,bks7-dkfd
2013-11-01T00:00:00.000,01,Alt Camp,430363,Cabra del Camp,0.1,0,0,0.1,bks7-dkfd
2013-11-01T00:00:00.000,10,Baix Empordà,172095,Vall-llobrega,0.04,0,0,0.04,bks7-dkfd
2013-11-01T00:00:00.000,06,Anoia,082508,Santa Margarida de Montbui,0,0.075,0,0.075,bks7-dkfd
2013-11-01T00:00:00.000,41,Vallès Oriental,082107,Sant Feliu de Codines,0,0.07,0,0.07,bks7-dkfd
2013-11-02T00:00:00.000,11,Baix Llobregat,080765,Esparreguera,0,1.49,0.31,1.49,bks7-dkfd
2013-11-02T00:00:00.000,30,Ribera d'Ebre,431520,"Torre de l'Espanyol, la",1.38,0,0,1.38,bks7-dkfd
2013-11-02T00:00:00.000,23,Noguera,250371,"Avellanes i Santa Linya, les",0.15,0,0,0.15,bks7-dkfd
2013-11-02T00:00:00.000,40,Vallès Occidental,082798,Terrassa,0.025,0,0,0.025,bks7-dkfd
2013-11-03T00:00:00.000,14,Berguedà,083089,Viver i Serrateix,0,0.01,0,0.01,bks7-dkfd
2013-11-03T00:00:00.000,33,Segrià,251207,Lleida,0,0.04,0,0.04,bks7-dkfd
2013-11-03T00:00:00.000,33,Segrià,252542,Vilanova de la Barca,0,0.8,0.6,0.8,bks7-dkfd
2013-11-04T00:00:00.000,10,Baix Empordà,170767,Garrigoles,0.05,0,0,0.05,bks7-dkfd
2013-11-04T00:00:00.000,06,Anoia,080214,Bellprat,0.17,0,0,0.17,bks7-dkfd
2013-11-04T00:00:00.000,06,Anoia,082508,Santa Margarida de Montbui,0.15,0,0,0.15,bks7-dkfd
2013-11-05T00:00:00.000,33,Segrià,251023,"Granja d'Escarp, la",0,12.5,1.3,12.5,bks7-dkfd
2013-11-05T00:00:00.000,25,Pallars Jussà,251155,Isona i Conca Dellà,0.12,0,0,0.12,bks7-dkfd
2013-11-05T00:00:00.000,33,Segrià,251023,"Granja d'Escarp, la",0,0.01,0,0.01,bks7-dkfd
2013-11-06T00:00:00.000,14,Berguedà,080116,Avià,0,0.045,0,0.045,bks7-dkfd
2013-11-06T00:00:00.000,03,Alt Penedès,081458,Olèrdola,0,7.9,0,7.9,bks7-dkfd
2013-11-06T00:00:00.000,22,Montsià,431362,Sant Carles de la Ràpita,0,0.04,0,0.04,bks7-dkfd
2013-11-06T00:00:00.000,33,Segrià,250117,Alcarràs,0,0.09,0,0.09,bks7-dkfd
2013-11-06T00:00:00.000,02,Alt Empordà,170118,"Armentera, l'",0,0.4,0,0.4,bks7-dkfd
2013-11-07T00:00:00.000,20,Gironès,170736,Fornells de la Selva,0.053,0,0,0.053,bks7-dkfd
2013-11-07T00:00:00.000,28,Pla de l'Estany,171371,Porqueres,0,0.1,0,0.1,bks7-dkfd
2013-11-07T00:00:00.000,06,Anoia,081859,Rubió,0,0.07,0.16,0.07,bks7-dkfd
2013-11-08T00:00:00.000,02,Alt Empordà,171208,Palau-saverdera,0,0.2,0.5,0.2,bks7-dkfd
2013-11-08T00:00:00.000,20,Gironès,171693,Sant Julià de Ramis,0.045,0,0,0.045,bks7-dkfd
2013-11-08T00:00:00.000,36,Tarragonès,431482,Tarragona,0,0.04,0.03,0.04,bks7-dkfd
2013-11-08T00:00:00.000,06,Anoia,082861,"Torre de Claramunt, la",0,0.04,0,0.04,bks7-dkfd
2013-11-09T00:00:00.000,33,Segrià,251023,"Granja d'Escarp, la",0,0.005,0,0.005,bks7-dkfd
2013-11-09T00:00:00.000,33,Segrià,251023,"Granja d'Escarp, la",0,0.03,0,0.03,bks7-dkfd
2013-11-09T00:00:00.000,20,Gironès,170904,Llambilles,0.0008,0,0,0.0008,bks7-dkfd
2013-11-09T00:00:00.000,20,Gironès,170904,Llambilles,0.0009,0,0,0.0009,bks7-dkfd
2013-11-09T00:00:00.000,20,Gironès,170904,Llambilles,0,0.0006,0,0.0006,bks7-dkfd
2013-11-10T00:00:00.000,33,Segrià,251023,"Granja d'Escarp, la",0,0.015,0,0.015,bks7-dkfd
2013-11-10T00:00:00.000,18,Garrigues,250978,Fulleda,0.16,0,0,0.16,bks7-dkfd
2013-11-10T00:00:00.000,11,Baix Llobregat,080765,Esparreguera,0,0.02,0,0.02,bks7-dkfd
2013-11-10T00:00:00.000,03,Alt Penedès,082877,Torrelavit,0,0.1,0,0.1,bks7-dkfd
2013-11-10T00:00:00.000,33,Segrià,251023,"Granja d'Escarp, la",0,0.01,0,0.01,bks7-dkfd
2013-11-10T00:00:00.000,22,Montsià,430445,"Sénia, la",0,1.73,0,1.73,bks7-dkfd
2013-11-11T00:00:00.000,20,Gironès,170890,Llagostera,0.44,0,0,0.44,bks7-dkfd
2013-11-11T00:00:00.000,02,Alt Empordà,170470,Castelló d'Empúries,0,0.6,12.4,0.6,bks7-dkfd
2013-11-11T00:00:00.000,29,Priorat,430960,"Morera de Montsant, la",0,0.2,0,0.2,bks7-dkfd
2013-11-11T00:00:00.000,10,Baix Empordà,172327,Vilopriu,431.72,88.64,213.92,520.36,bks7-dkfd
2013-11-11T00:00:00.000,06,Anoia,081653,"Pobla de Claramunt, la",0,0.3,0,0.3,bks7-dkfd
2013-11-11T00:00:00.000,02,Alt Empordà,170519,Cistella,0.05,0,0,0.05,bks7-dkfd
2013-11-11T00:00:00.000,02,Alt Empordà,171404,"Port de la Selva, el",0,0.0025,0,0.0025,bks7-dkfd
2013-11-11T00:00:00.000,25,Pallars Jussà,251155,Isona i Conca Dellà,0,0.24,0,0.24,bks7-dkfd
2013-11-11T00:00:00.000,20,Gironès,170502,Cervià de Ter,2.68,0,0.4,2.68,bks7-dkfd
2013-11-12T00:00:00.000,12,Baix Penedès,431378,Sant Jaume dels Domenys,0.026,0,0,0.026,bks7-dkfd
2013-11-12T00:00:00.000,34,Selva,170078,Amer,0.1,0,0,0.1,bks7-dkfd
2013-11-13T00:00:00.000,29,Priorat,431140,Porrera,0,0.0007,0,0.0007,bks7-dkfd
2013-11-13T00:00:00.000,33,Segrià,251207,Lleida,0,0.015,0,0.015,bks7-dkfd
2013-11-13T00:00:00.000,06,Anoia,081859,Rubió,0,0.02,0.24,0.02,bks7-dkfd
2013-11-13T00:00:00.000,16,Conca de Barberà,431476,Solivella,0,0.14,0.04,0.14,bks7-dkfd
2013-11-13T00:00:00.000,33,Segrià,250387,Aitona,0,0.2,0,0.2,bks7-dkfd
2013-11-14T00:00:00.000,33,Segrià,252326,Torres de Segre,0,0.04,0.01,0.04,bks7-dkfd
2013-11-14T00:00:00.000,08,Baix Camp,430923,Mont-roig del Camp,0,0.9,3.2,0.9,bks7-dkfd
2013-11-15T00:00:00.000,20,Gironès,170792,Girona,0.056,0,0,0.056,bks7-dkfd
2013-11-15T00:00:00.000,05,Alta Ribagorça,251734,"Pont de Suert, el",0,0.01,0,0.01,bks7-dkfd
2013-11-15T00:00:00.000,06,Anoia,081022,Igualada,0,0.03,0,0.03,bks7-dkfd
2013-11-26T00:00:00.000,02,Alt Empordà,170669,Figueres,0,0.2,0,0.2,bks7-dkfd
2013-11-26T00:00:00.000,12,Baix Penedès,431634,"Vendrell, el",0,0.35,0,0.35,bks7-dkfd
2013-11-27T00:00:00.000,21,Maresme,082819,Teià,0,0.01,0,0.01,bks7-dkfd
2013-11-30T00:00:00.000,09,Baix Ebre,431554,Tortosa,0,0.18,0,0.18,bks7-dkfd
2013-12-01T00:00:00.000,17,Garraf,083073,Vilanova i la Geltrú,0.01,0,0,0.01,bks7-dkfd
2013-12-01T00:00:00.000,09,Baix Ebre,431042,"Perelló, el",0.084,0,0,0.084,bks7-dkfd
2013-12-01T00:00:00.000,21,Maresme,081555,Palafolls,0,0.002,0,0.002,bks7-dkfd
2013-12-02T00:00:00.000,09,Baix Ebre,430252,Benifallet,1.6,1,0,2.6,bks7-dkfd
2013-12-03T00:00:00.000,34,Selva,170237,Blanes,0.005,0,0,0.005,bks7-dkfd
2013-12-03T00:00:00.000,34,Selva,170237,Blanes,0.001,0,0,0.001,bks7-dkfd
2013-12-03T00:00:00.000,34,Selva,170237,Blanes,0.01,0,0,0.01,bks7-dkfd
2013-12-03T00:00:00.000,34,Selva,170237,Blanes,0.0001,0,0,0.0001,bks7-dkfd
2013-12-03T00:00:00.000,34,Selva,170237,Blanes,0.04,0,0,0.04,bks7-dkfd
2013-12-03T00:00:00.000,34,Selva,170237,Blanes,0.03,0,0,0.03,bks7-dkfd
2013-12-03T00:00:00.000,10,Baix Empordà,171609,Sant Feliu de Guíxols,0.04,0,0.1,0.04,bks7-dkfd
2013-12-03T00:00:00.000,34,Selva,170237,Blanes,0.003,0,0,0.003,bks7-dkfd
2013-12-03T00:00:00.000,34,Selva,170237,Blanes,0.0005,0,0,0.0005,bks7-dkfd
2013-12-03T00:00:00.000,34,Selva,170237,Blanes,0.0018,0,0,0.0018,bks7-dkfd
2013-12-03T00:00:00.000,09,Baix Ebre,430252,Benifallet,0,0.002,0,0.002,bks7-dkfd
2013-12-03T00:00:00.000,34,Selva,170237,Blanes,0.0025,0,0,0.0025,bks7-dkfd
2013-12-04T00:00:00.000,03,Alt Penedès,080654,Castellví de la Marca,0,0.01,0,0.01,bks7-dkfd
2013-12-05T00:00:00.000,21,Maresme,082140,Vilassar de Dalt,0,0.01,0,0.01,bks7-dkfd
2013-12-05T00:00:00.000,40,Vallès Occidental,081878,Sabadell,0,0.18,0,0.18,bks7-dkfd
2013-12-05T00:00:00.000,13,Barcelonès,080193,Barcelona,1.04,2.26,0,3.3,bks7-dkfd
2013-12-08T00:00:00.000,40,Vallès Occidental,082798,Terrassa,0,0.02,0,0.02,bks7-dkfd
2013-12-10T00:00:00.000,24,Osona,082331,Sant Pere de Torelló,0.55,0,0,0.55,bks7-dkfd
2013-12-10T00:00:00.000,14,Berguedà,080459,Capolat,0,0.45,0,0.45,bks7-dkfd
2013-12-12T00:00:00.000,22,Montsià,430688,Godall,0,0.08,0,0.08,bks7-dkfd
2013-12-14T00:00:00.000,09,Baix Ebre,439060,"Ampolla, l'",0,0.02,0,0.02,bks7-dkfd
2013-12-14T00:00:00.000,20,Gironès,171864,Sarrià de Ter,0.03,0,0.01,0.03,bks7-dkfd
2013-12-14T00:00:00.000,04,Alt Urgell,251654,Peramola,0,0.2,0,0.2,bks7-dkfd
2013-12-15T00:00:00.000,03,Alt Penedès,082270,Sant Martí Sarroca,0.025,0,0,0.025,bks7-dkfd
2013-12-15T00:00:00.000,03,Alt Penedès,081458,Olèrdola,0.036,0,0,0.036,bks7-dkfd
2013-12-16T00:00:00.000,03,Alt Penedès,082270,Sant Martí Sarroca,0.001,0,0,0.001,bks7-dkfd
2013-12-16T00:00:00.000,11,Baix Llobregat,081234,Molins de Rei,0,0.0053,0,0.0053,bks7-dkfd
2013-12-16T00:00:00.000,20,Gironès,171557,Salt,0.1,0,0,0.1,bks7-dkfd
2013-12-17T00:00:00.000,03,Alt Penedès,082270,Sant Martí Sarroca,0.0007,0,0,0.0007,bks7-dkfd
2013-12-18T00:00:00.000,03,Alt Penedès,082270,Sant Martí Sarroca,0.001,0,0,0.001,bks7-dkfd
2013-12-19T00:00:00.000,34,Selva,170097,Arbúcies,0.08,0,0,0.08,bks7-dkfd
2013-12-29T00:00:00.000,42,Moianès,082397,Sant Quirze Safaja,0,0.0015,0,0.0015,bks7-dkfd
2014-01-04T00:00:00.000,16,Conca de Barberà,431763,Vimbodí i Poblet,0,0.02,0,0.02,bks7-dkfd
2014-01-08T00:00:00.000,39,Val d'Aran,252430,Vielha e Mijaran,0,0.8,0,0.8,bks7-dkfd
2014-01-10T00:00:00.000,31,Ripollès,171077,Molló,0.3,0.67,0,0.97,bks7-dkfd
2014-01-12T00:00:00.000,39,Val d'Aran,252430,Vielha e Mijaran,0,1.6,0,1.6,bks7-dkfd
2014-01-24T00:00:00.000,03,Alt Penedès,080654,Castellví de la Marca,0.073,0,0,0.073,bks7-dkfd
2014-01-25T00:00:00.000,25,Pallars Jussà,252022,Senterada,0,0.04,0,0.04,bks7-dkfd
2014-01-26T00:00:00.000,21,Maresme,080039,Alella,0,0.009,0,0.009,bks7-dkfd
2014-01-26T00:00:00.000,16,Conca de Barberà,430862,Montblanc,0,0.35,0,0.35,bks7-dkfd
2014-01-26T00:00:00.000,21,Maresme,082824,Tiana,0,9.6,0,9.6,bks7-dkfd
2014-01-28T00:00:00.000,33,Segrià,252108,Soses,0,0.065,0,0.065,bks7-dkfd
2014-01-29T00:00:00.000,40,Vallès Occidental,081252,Montcada i Reixac,0,0.07,0,0.07,bks7-dkfd
2014-01-31T00:00:00.000,14,Berguedà,082687,Cercs,0.0005,0,0,0.0005,bks7-dkfd
2014-02-01T00:00:00.000,22,Montsià,430629,Freginals,0,0.03,0,0.03,bks7-dkfd
2014-02-01T00:00:00.000,08,Baix Camp,431628,Vandellòs i l'Hospitalet de l'Infant,0,0.01,0,0.01,bks7-dkfd
2014-02-04T00:00:00.000,05,Alta Ribagorça,251734,"Pont de Suert, el",0,0.9,0,0.9,bks7-dkfd
2014-02-04T00:00:00.000,09,Baix Ebre,439039,Camarles,0,0.08,0,0.08,bks7-dkfd
2014-02-06T00:00:00.000,41,Vallès Oriental,081810,"Roca del Vallès, la",0.015,0,0,0.015,bks7-dkfd
2014-02-07T00:00:00.000,12,Baix Penedès,430379,Calafell,0,0.33,0,0.33,bks7-dkfd
2014-02-09T00:00:00.000,09,Baix Ebre,431554,Tortosa,0,0.005,0,0.005,bks7-dkfd
2014-02-12T00:00:00.000,03,Alt Penedès,081228,Mediona,0,0.02,0,0.02,bks7-dkfd
2014-02-12T00:00:00.000,02,Alt Empordà,171289,Pau,0,0.8,0.2,0.8,bks7-dkfd
2014-02-13T00:00:00.000,04,Alt Urgell,250886,Estamariu,0,1.4,0,1.4,bks7-dkfd
2014-02-14T00:00:00.000,11,Baix Llobregat,080771,Esplugues de Llobregat,0,0.0025,0,0.0025,bks7-dkfd
2014-02-14T00:00:00.000,34,Selva,171595,Sant Feliu de Buixalleu,0.41,0,0,0.41,bks7-dkfd
2014-02-14T00:00:00.000,37,Terra Alta,430483,Corbera d'Ebre,0,0.18,0.44,0.18,bks7-dkfd
2014-02-18T00:00:00.000,22,Montsià,430141,Amposta,0,0.05,0,0.05,bks7-dkfd
2014-02-20T00:00:00.000,24,Osona,081516,Oristà,1,0,0,1,bks7-dkfd
2014-02-20T00:00:00.000,02,Alt Empordà,170470,Castelló d'Empúries,0.12,0,0,0.12,bks7-dkfd
2014-02-20T00:00:00.000,16,Conca de Barberà,431460,Senan,0,0.57,0,0.57,bks7-dkfd
2014-02-21T00:00:00.000,07,Bages,081271,Monistrol de Montserrat,0,0.0015,0,0.0015,bks7-dkfd
2014-02-21T00:00:00.000,02,Alt Empordà,171328,Peralada,0.08,0.02,0,0.1,bks7-dkfd
2014-02-22T00:00:00.000,12,Baix Penedès,430287,"Bisbal del Penedès, la",0,0.1,0,0.1,bks7-dkfd
2014-02-22T00:00:00.000,16,Conca de Barberà,430862,Montblanc,0,0.04,0,0.04,bks7-dkfd
2014-02-22T00:00:00.000,13,Barcelonès,080193,Barcelona,0.23,0,0,0.23,bks7-dkfd
2014-02-22T00:00:00.000,24,Osona,081094,Lluçà,0.3,0,0.2,0.3,bks7-dkfd
2014-02-23T00:00:00.000,25,Pallars Jussà,251615,Conca de Dalt,0,0.1,0,0.1,bks7-dkfd
2014-02-23T00:00:00.000,07,Bages,082188,Sant Joan de Vilatorrada,0,0.13,0,0.13,bks7-dkfd
2014-02-25T00:00:00.000,16,Conca de Barberà,430862,Montblanc,0,0.6,0,0.6,bks7-dkfd
2014-02-25T00:00:00.000,38,Urgell,259025,Sant Martí de Riucorb,0,0.28,0.03,0.28,bks7-dkfd
2014-02-27T00:00:00.000,06,Anoia,082264,Sant Martí de Tous,0.26,0,0,0.26,bks7-dkfd
2014-02-28T00:00:00.000,22,Montsià,430629,Freginals,0,5.08,0,5.08,bks7-dkfd
2014-03-02T00:00:00.000,16,Conca de Barberà,430862,Montblanc,0,0.44,0,0.44,bks7-dkfd
2014-03-03T00:00:00.000,41,Vallès Oriental,080961,Granollers,0,0.2,0,0.2,bks7-dkfd
2014-03-03T00:00:00.000,09,Baix Ebre,430069,Aldover,0,0.45,0,0.45,bks7-dkfd
2014-03-04T00:00:00.000,02,Alt Empordà,171523,Roses,0,0.1,0,0.1,bks7-dkfd
2014-03-04T00:00:00.000,22,Montsià,430043,Alcanar,0,0.02,0,0.02,bks7-dkfd
2014-03-04T00:00:00.000,32,Segarra,251431,Montornès de Segarra,0,0.65,0,0.65,bks7-dkfd
2014-03-04T00:00:00.000,38,Urgell,250740,Ciutadilla,0,0.1,0,0.1,bks7-dkfd
2014-03-04T00:00:00.000,21,Maresme,081635,Pineda de Mar,0,0.003,0,0.003,bks7-dkfd
2014-03-05T00:00:00.000,32,Segarra,250729,Cervera,0,0.5,0.01,0.5,bks7-dkfd
2014-03-05T00:00:00.000,25,Pallars Jussà,251155,Isona i Conca Dellà,0,0.11,0,0.11,bks7-dkfd
2014-03-05T00:00:00.000,03,Alt Penedès,080581,Castellet i la Gornal,0,0.06,0,0.06,bks7-dkfd
2014-03-06T00:00:00.000,02,Alt Empordà,171328,Peralada,0,0.03,0,0.03,bks7-dkfd
2014-03-07T00:00:00.000,20,Gironès,171557,Salt,0.1,0.25,0,0.35,bks7-dkfd
2014-03-07T00:00:00.000,03,Alt Penedès,080137,Avinyonet del Penedès,0.0025,0,0,0.0025,bks7-dkfd
2014-03-07T00:00:00.000,29,Priorat,430496,Cornudella de Montsant,0,0.84,0,0.84,bks7-dkfd
2014-03-07T00:00:00.000,16,Conca de Barberà,430862,Montblanc,0,0.67,0,0.67,bks7-dkfd
2014-03-07T00:00:00.000,42,Moianès,082589,Santa Maria d'Oló,0.01,0,0,0.01,bks7-dkfd
2014-03-07T00:00:00.000,29,Priorat,430350,Cabacés,0.18,0,0,0.18,bks7-dkfd
2014-03-07T00:00:00.000,42,Moianès,080706,Collsuspina,0,0.3,0,0.3,bks7-dkfd
2014-03-08T00:00:00.000,16,Conca de Barberà,431476,Solivella,0.25,0.88,0.39,1.13,bks7-dkfd
2014-03-08T00:00:00.000,16,Conca de Barberà,430862,Montblanc,0.05,0,0.26,0.05,bks7-dkfd
2014-03-08T00:00:00.000,03,Alt Penedès,082227,Sant Llorenç d'Hortons,0,0.6,0,0.6,bks7-dkfd
2014-03-08T00:00:00.000,21,Maresme,080095,Argentona,0.01,0,0,0.01,bks7-dkfd
2014-03-08T00:00:00.000,07,Bages,081918,Sallent,0,0.2,0,0.2,bks7-dkfd
2014-03-09T00:00:00.000,22,Montsià,431567,Ulldecona,0,0.27,0,0.27,bks7-dkfd
2014-03-09T00:00:00.000,04,Alt Urgell,251403,Montferrer i Castellbò,0,0.268,0,0.268,bks7-dkfd
2014-03-09T00:00:00.000,23,Noguera,250349,Artesa de Segre,1.24,0,0,1.24,bks7-dkfd
2014-03-09T00:00:00.000,14,Berguedà,080522,Castellar de n'Hug,0,0.25,0,0.25,bks7-dkfd
2014-03-09T00:00:00.000,11,Baix Llobregat,080018,Abrera,0,0.48,0,0.48,bks7-dkfd
2014-03-09T00:00:00.000,10,Baix Empordà,170681,Foixà,0.28,0,0,0.28,bks7-dkfd
2014-03-09T00:00:00.000,14,Berguedà,080522,Castellar de n'Hug,0,0.15,0,0.15,bks7-dkfd
2014-03-09T00:00:00.000,02,Alt Empordà,170470,Castelló d'Empúries,0.04,0,0,0.04,bks7-dkfd
2014-03-10T00:00:00.000,06,Anoia,081043,"Llacuna, la",0,0.22,0,0.22,bks7-dkfd
2014-03-10T00:00:00.000,41,Vallès Oriental,080235,Bigues i Riells,0.03,0,0.7,0.03,bks7-dkfd
2014-03-10T00:00:00.000,20,Gironès,170405,Canet d'Adri,0.85,0,0,0.85,bks7-dkfd
2014-03-10T00:00:00.000,29,Priorat,431541,Torroja del Priorat,0,1.12,0,1.12,bks7-dkfd
2014-03-10T00:00:00.000,06,Anoia,083020,Vilanova del Camí,0,0.01,0,0.01,bks7-dkfd
2014-03-10T00:00:00.000,35,Solsonès,251484,Odèn,0,0.4,0,0.4,bks7-dkfd
2014-03-10T00:00:00.000,41,Vallès Oriental,080462,Cardedeu,0,0.006,0,0.006,bks7-dkfd
2014-03-11T00:00:00.000,11,Baix Llobregat,080898,Gavà,0,0.02,0,0.02,bks7-dkfd
2014-03-11T00:00:00.000,08,Baix Camp,431628,Vandellòs i l'Hospitalet de l'Infant,0,0.1,0,0.1,bks7-dkfd
2014-03-12T00:00:00.000,03,Alt Penedès,082515,Santa Margarida i els Monjos,0,0.1,0,0.1,bks7-dkfd
2014-03-12T00:00:00.000,41,Vallès Oriental,081810,"Roca del Vallès, la",0,0.2,0,0.2,bks7-dkfd
2014-03-12T00:00:00.000,40,Vallès Occidental,082798,Terrassa,1.4,0.1,0.1,1.5,bks7-dkfd
2014-03-12T00:00:00.000,04,Alt Urgell,251850,Ribera d'Urgellet,0,2.2,0,2.2,bks7-dkfd
2014-03-12T00:00:00.000,14,Berguedà,082687,Cercs,0,0.41,0,0.41,bks7-dkfd
2014-03-12T00:00:00.000,35,Solsonès,251863,Riner,0,0.51,0,0.51,bks7-dkfd
2014-03-12T00:00:00.000,14,Berguedà,082687,Cercs,0.75,0,0,0.75,bks7-dkfd
2014-03-12T00:00:00.000,24,Osona,081094,Lluçà,1.7,0,0,1.7,bks7-dkfd
2014-03-12T00:00:00.000,25,Pallars Jussà,251155,Isona i Conca Dellà,1.1,2.5,0,3.6,bks7-dkfd
2014-03-13T00:00:00.000,24,Osona,081995,Sant Bartomeu del Grau,0.8,0,0,0.8,bks7-dkfd
2014-03-13T00:00:00.000,31,Ripollès,170366,Campdevànol,0,0.1,0,0.1,bks7-dkfd
2014-03-13T00:00:00.000,04,Alt Urgell,251654,Peramola,0.45,0.05,0,0.5,bks7-dkfd
2014-03-13T00:00:00.000,16,Conca de Barberà,430862,Montblanc,0,0.11,0,0.11,bks7-dkfd
2014-03-13T00:00:00.000,19,Garrotxa,171096,Montagut i Oix,0.04,0.16,0,0.2,bks7-dkfd
2014-03-14T00:00:00.000,41,Vallès Oriental,082107,Sant Feliu de Codines,0.0025,0,0,0.0025,bks7-dkfd
2014-03-14T00:00:00.000,24,Osona,081516,Oristà,0.2,0,0,0.2,bks7-dkfd
2014-03-14T00:00:00.000,05,Alta Ribagorça,251734,"Pont de Suert, el",0,0.25,0,0.25,bks7-dkfd
2014-03-14T00:00:00.000,07,Bages,080478,Cardona,0.09,0,0,0.09,bks7-dkfd
2014-03-14T00:00:00.000,25,Pallars Jussà,252022,Senterada,0.09,0.01,0,0.1,bks7-dkfd
2014-03-15T00:00:00.000,24,Osona,082016,Sant Boi de Lluçanès,0.6,0,0,0.6,bks7-dkfd
2014-03-15T00:00:00.000,24,Osona,083036,Vilanova de Sau,0,0.05,0,0.05,bks7-dkfd
2014-03-15T00:00:00.000,15,Cerdanya,170694,Fontanals de Cerdanya,0.75,1.6,0.71,2.35,bks7-dkfd
2014-03-16T00:00:00.000,11,Baix Llobregat,082042,Sant Climent de Llobregat,0,0.1,0,0.1,bks7-dkfd
2014-03-16T00:00:00.000,10,Baix Empordà,172327,Vilopriu,0.1,0,0,0.1,bks7-dkfd
2014-03-16T00:00:00.000,02,Alt Empordà,170329,Cadaqués,0,0.25,0,0.25,bks7-dkfd
2014-03-16T00:00:00.000,10,Baix Empordà,179026,Forallac,371.96,4.76,1.57,376.72,bks7-dkfd
2014-03-17T00:00:00.000,39,Val d'Aran,251214,Les,0,14,0,14,bks7-dkfd
2014-03-17T00:00:00.000,08,Baix Camp,431270,Riudecanyes,0,0.3,0,0.3,bks7-dkfd
2014-03-17T00:00:00.000,14,Berguedà,081424,"Nou de Berguedà, la",0,0.6,0,0.6,bks7-dkfd
2014-03-17T00:00:00.000,02,Alt Empordà,170545,Colera,0,0.61,0,0.61,bks7-dkfd
2014-03-17T00:00:00.000,07,Bages,082423,Marganell,0.1,0.13,0,0.23,bks7-dkfd
2014-03-18T00:00:00.000,07,Bages,080983,Sant Salvador de Guardiola,0.001,0,0,0.001,bks7-dkfd
2014-03-18T00:00:00.000,33,Segrià,251207,Lleida,0.2,0,0,0.2,bks7-dkfd
2014-03-19T00:00:00.000,14,Berguedà,080996,Guardiola de Berguedà,0.059,0,0,0.059,bks7-dkfd
2014-03-20T00:00:00.000,22,Montsià,430770,Mas de Barberans,0,0.04,0,0.04,bks7-dkfd
2014-03-22T00:00:00.000,14,Berguedà,080497,Casserres,0.0025,0,0,0.0025,bks7-dkfd
2014-03-22T00:00:00.000,34,Selva,170078,Amer,0.004,0,0,0.004,bks7-dkfd
2014-03-22T00:00:00.000,16,Conca de Barberà,431476,Solivella,0.1,0.81,0,0.91,bks7-dkfd
2014-03-23T00:00:00.000,33,Segrià,251023,"Granja d'Escarp, la",0.1,0.2,0,0.3,bks7-dkfd
2014-03-23T00:00:00.000,11,Baix Llobregat,080667,Castellví de Rosanes,0,0.014,0,0.014,bks7-dkfd
2014-03-24T00:00:00.000,42,Moianès,082589,Santa Maria d'Oló,0,0.01,0,0.01,bks7-dkfd
2014-03-24T00:00:00.000,16,Conca de Barberà,431589,Vallclara,0,0.3,0,0.3,bks7-dkfd
2014-03-25T00:00:00.000,09,Baix Ebre,431331,Roquetes,0,0.47,0.34,0.47,bks7-dkfd
2014-03-25T00:00:00.000,11,Baix Llobregat,082009,Sant Boi de Llobregat,0,0.03,0,0.03,bks7-dkfd
2014-03-25T00:00:00.000,22,Montsià,430770,Mas de Barberans,0,0.32,0,0.32,bks7-dkfd
2014-03-27T00:00:00.000,06,Anoia,081022,Igualada,0,0.036,0,0.036,bks7-dkfd
2014-03-27T00:00:00.000,22,Montsià,430043,Alcanar,0,0.01,0,0.01,bks7-dkfd
2014-03-28T00:00:00.000,22,Montsià,430043,Alcanar,0,0.01,0,0.01,bks7-dkfd
2014-03-28T00:00:00.000,42,Moianès,081385,Moià,0,0.01,0,0.01,bks7-dkfd
2014-03-29T00:00:00.000,16,Conca de Barberà,431055,"Piles, les",0,0.09,0,0.09,bks7-dkfd
2014-03-29T00:00:00.000,01,Alt Camp,431606,Vallmoll,0.42,0,0,0.42,bks7-dkfd
2014-04-04T00:00:00.000,41,Vallès Oriental,080863,"Franqueses del Vallès, les",0.003,0.001,0,0.004,bks7-dkfd
2014-04-07T00:00:00.000,33,Segrià,252326,Torres de Segre,0,0.01,0,0.01,bks7-dkfd
2014-04-07T00:00:00.000,19,Garrotxa,171143,Olot,0.002,0,0,0.002,bks7-dkfd
2014-04-09T00:00:00.000,41,Vallès Oriental,080333,Caldes de Montbui,0.01,0,0,0.01,bks7-dkfd
2014-04-10T00:00:00.000,33,Segrià,251207,Lleida,0.55,1.7,0,2.25,bks7-dkfd
2014-04-10T00:00:00.000,09,Baix Ebre,430069,Aldover,0,0.03,0,0.03,bks7-dkfd
2014-04-11T00:00:00.000,22,Montsià,431567,Ulldecona,0,0.0001,0,0.0001,bks7-dkfd
2014-04-14T00:00:00.000,18,Garrigues,250766,"Cogul, el",0,0.17,0,0.17,bks7-dkfd
2014-04-14T00:00:00.000,11,Baix Llobregat,082634,Sant Vicenç dels Horts,0,0.0001,0,0.0001,bks7-dkfd
2014-04-15T00:00:00.000,41,Vallès Oriental,081249,Mollet del Vallès,0,0.03,0,0.03,bks7-dkfd
2014-04-15T00:00:00.000,40,Vallès Occidental,082917,Vacarisses,0,0.01,0,0.01,bks7-dkfd
2014-04-16T00:00:00.000,37,Terra Alta,430712,Horta de Sant Joan,0,0.58,0,0.58,bks7-dkfd
2014-04-16T00:00:00.000,30,Ribera d'Ebre,431508,Tivissa,0,0.098,0,0.098,bks7-dkfd
2014-04-16T00:00:00.000,22,Montsià,430141,Amposta,0,0.039,0,0.039,bks7-dkfd
2014-04-17T00:00:00.000,21,Maresme,082819,Teià,0.1,0,0,0.1,bks7-dkfd
2014-04-17T00:00:00.000,33,Segrià,251207,Lleida,0.001,0,0,0.001,bks7-dkfd
2014-04-24T00:00:00.000,33,Segrià,252326,Torres de Segre,2.6,0,0.1,2.6,bks7-dkfd
2014-04-25T00:00:00.000,12,Baix Penedès,430287,"Bisbal del Penedès, la",0,0.0003,0,0.0003,bks7-dkfd
2014-04-27T00:00:00.000,13,Barcelonès,082457,Santa Coloma de Gramenet,0,0.001,0,0.001,bks7-dkfd
2014-04-27T00:00:00.000,33,Segrià,252326,Torres de Segre,0.3,0,0,0.3,bks7-dkfd
2014-04-28T00:00:00.000,40,Vallès Occidental,080517,Castellar del Vallès,0.2,0.13,0,0.33,bks7-dkfd
2014-04-29T00:00:00.000,33,Segrià,250788,Corbins,0.9,0,0,0.9,bks7-dkfd
2014-04-29T00:00:00.000,09,Baix Ebre,431554,Tortosa,0.007,0,0,0.007,bks7-dkfd
2014-04-30T00:00:00.000,23,Noguera,250083,Albesa,0.53,0,0,0.53,bks7-dkfd
2014-05-01T00:00:00.000,11,Baix Llobregat,080018,Abrera,0,0.014,0,0.014,bks7-dkfd
2014-05-02T00:00:00.000,23,Noguera,250083,Albesa,1.9,0,0,1.9,bks7-dkfd
2014-05-02T00:00:00.000,12,Baix Penedès,431378,Sant Jaume dels Domenys,0,0.1,0,0.1,bks7-dkfd
2014-05-02T00:00:00.000,16,Conca de Barberà,430542,"Espluga de Francolí, l'",0.1,0,0,0.1,bks7-dkfd
2014-05-02T00:00:00.000,40,Vallès Occidental,082798,Terrassa,0.0045,0,0,0.0045,bks7-dkfd
2014-05-03T00:00:00.000,41,Vallès Oriental,081081,Lliçà de Vall,0,0.01,0,0.01,bks7-dkfd
2014-05-03T00:00:00.000,11,Baix Llobregat,081141,Martorell,0.76,0,0,0.76,bks7-dkfd
2014-05-03T00:00:00.000,16,Conca de Barberà,431763,Vimbodí i Poblet,0.1,0,0,0.1,bks7-dkfd
2014-05-03T00:00:00.000,33,Segrià,252115,Sudanell,1.68,1,0.3,2.68,bks7-dkfd
2014-05-04T00:00:00.000,41,Vallès Oriental,081056,"Llagosta, la",0.04,0,0,0.04,bks7-dkfd
2014-05-05T00:00:00.000,33,Segrià,252542,Vilanova de la Barca,0,0.03,0,0.03,bks7-dkfd
2014-05-07T00:00:00.000,06,Anoia,081614,Piera,0,0.14,0,0.14,bks7-dkfd
2014-05-07T00:00:00.000,07,Bages,081825,"Pont de Vilomara i Rocafort, el",0.3,0,0,0.3,bks7-dkfd
2014-05-07T00:00:00.000,07,Bages,081918,Sallent,0,0.18,0,0.18,bks7-dkfd
2014-05-07T00:00:00.000,42,Moianès,082397,Sant Quirze Safaja,0.04,0,0,0.04,bks7-dkfd
2014-05-08T00:00:00.000,02,Alt Empordà,170160,Bàscara,0,0.004,0,0.004,bks7-dkfd
2014-05-08T00:00:00.000,20,Gironès,170792,Girona,0,0.016,0,0.016,bks7-dkfd
2014-05-08T00:00:00.000,07,Bages,080121,Avinyó,0.82,0,0.63,0.82,bks7-dkfd
2014-05-08T00:00:00.000,13,Barcelonès,080193,Barcelona,0,0.05,0,0.05,bks7-dkfd
2014-05-08T00:00:00.000,41,Vallès Oriental,081056,"Llagosta, la",2.35,0.45,0.39,2.8,bks7-dkfd
2014-05-09T00:00:00.000,28,Pla de l'Estany,171371,Porqueres,0,0.002,0,0.002,bks7-dkfd
2014-05-09T00:00:00.000,41,Vallès Oriental,080863,"Franqueses del Vallès, les",0.05,0,0.55,0.05,bks7-dkfd
2014-05-09T00:00:00.000,11,Baix Llobregat,080692,Collbató,0,0.0004,0,0.0004,bks7-dkfd
2014-05-09T00:00:00.000,41,Vallès Oriental,080885,"Garriga, la",0,0.005,0,0.005,bks7-dkfd
2014-05-10T00:00:00.000,18,Garrigues,251180,Juncosa,0,0.09,0,0.09,bks7-dkfd
2014-05-10T00:00:00.000,28,Pla de l'Estany,170157,Banyoles,0,0.04,0,0.04,bks7-dkfd
2014-05-10T00:00:00.000,09,Baix Ebre,430252,Benifallet,0,0.65,0,0.65,bks7-dkfd
2014-05-10T00:00:00.000,41,Vallès Oriental,081982,Sant Antoni de Vilamajor,0,0.01,0,0.01,bks7-dkfd
2014-05-10T00:00:00.000,03,Alt Penedès,082325,Sant Pere de Riudebitlles,0.04,0,0,0.04,bks7-dkfd
2014-05-12T00:00:00.000,28,Pla de l'Estany,170561,Cornellà del Terri,0,0.0006,0,0.0006,bks7-dkfd
2014-05-12T00:00:00.000,34,Selva,171805,Santa Coloma de Farners,0,0.01,0,0.01,bks7-dkfd
2014-05-12T00:00:00.000,29,Priorat,430402,Capçanes,0,0.001,0,0.001,bks7-dkfd
2014-05-12T00:00:00.000,07,Bages,082188,Sant Joan de Vilatorrada,0.02,0,0.015,0.02,bks7-dkfd
2014-05-12T00:00:00.000,41,Vallès Oriental,080863,"Franqueses del Vallès, les",0.04,0,0.07,0.04,bks7-dkfd
2014-05-14T00:00:00.000,23,Noguera,250083,Albesa,0.02,0,0,0.02,bks7-dkfd
2014-05-14T00:00:00.000,20,Gironès,170792,Girona,0.002,0,0,0.002,bks7-dkfd
2014-05-14T00:00:00.000,03,Alt Penedès,080850,Font-rubí,0.075,0,0,0.075,bks7-dkfd
2014-05-14T00:00:00.000,20,Gironès,170792,Girona,0,0.0005,0,0.0005,bks7-dkfd
2014-05-15T00:00:00.000,11,Baix Llobregat,080898,Gavà,0,0.1,0,0.1,bks7-dkfd
2014-05-15T00:00:00.000,06,Anoia,083020,Vilanova del Camí,0,0.01,0,0.01,bks7-dkfd
2014-05-15T00:00:00.000,20,Gironès,171864,Sarrià de Ter,0.002,0,0,0.002,bks7-dkfd
2014-05-15T00:00:00.000,20,Gironès,170979,Madremanya,4.68,2.24,0.07,6.92,bks7-dkfd
2014-05-15T00:00:00.000,18,Garrigues,250812,"Espluga Calba, l'",0.4,0,0,0.4,bks7-dkfd
2014-05-15T00:00:00.000,01,Alt Camp,430017,Aiguamúrcia,27.92,5.08,7.53,33,bks7-dkfd
2014-05-16T00:00:00.000,41,Vallès Oriental,081810,"Roca del Vallès, la",0.015,0,0,0.015,bks7-dkfd
2014-05-16T00:00:00.000,04,Alt Urgell,250886,Estamariu,0,0.05,0,0.05,bks7-dkfd
2014-05-16T00:00:00.000,11,Baix Llobregat,080018,Abrera,0.7,0,1,0.7,bks7-dkfd
2014-05-16T00:00:00.000,10,Baix Empordà,171812,Santa Cristina d'Aro,0.0009,0,0,0.0009,bks7-dkfd
2014-05-17T00:00:00.000,25,Pallars Jussà,251902,Salàs de Pallars,0,0.7,0.6,0.7,bks7-dkfd
2014-05-17T00:00:00.000,03,Alt Penedès,080581,Castellet i la Gornal,0.015,0,0,0.015,bks7-dkfd
2014-05-17T00:00:00.000,01,Alt Camp,430017,Aiguamúrcia,5.05,0.39,1.66,5.44,bks7-dkfd
2014-05-18T00:00:00.000,33,Segrià,252326,Torres de Segre,1.7,0,0,1.7,bks7-dkfd
2014-05-18T00:00:00.000,02,Alt Empordà,170118,"Armentera, l'",0,0.23,0,0.23,bks7-dkfd
2014-05-19T00:00:00.000,34,Selva,171931,Sils,0.16,0,0,0.16,bks7-dkfd
2014-05-19T00:00:00.000,02,Alt Empordà,171582,Sant Climent Sescebes,0,1.5,0,1.5,bks7-dkfd
2014-05-21T00:00:00.000,32,Segarra,259078,Torrefeta i Florejacs,0,0.034,0.2,0.034,bks7-dkfd
2014-05-22T00:00:00.000,33,Segrià,251207,Lleida,0,0.3,0,0.3,bks7-dkfd
2014-05-25T00:00:00.000,41,Vallès Oriental,081810,"Roca del Vallès, la",0.03,0,0,0.03,bks7-dkfd
2014-05-31T00:00:00.000,30,Ribera d'Ebre,430939,Móra d'Ebre,0.17,0,0,0.17,bks7-dkfd
2014-06-01T00:00:00.000,02,Alt Empordà,170427,Capmany,0,0.07,0,0.07,bks7-dkfd
2014-06-01T00:00:00.000,10,Baix Empordà,171997,Torroella de Montgrí,0.03,0,0,0.03,bks7-dkfd
2014-06-03T00:00:00.000,33,Segrià,251253,Llardecans,0,0.14,0,0.14,bks7-dkfd
2014-06-03T00:00:00.000,33,Segrià,250138,Alfarràs,0,0.43,0.08,0.43,bks7-dkfd
2014-06-04T00:00:00.000,38,Urgell,252385,Vallbona de les Monges,0.15,0.45,0,0.6,bks7-dkfd
2014-06-04T00:00:00.000,33,Segrià,251333,Maials,0,0.2,0,0.2,bks7-dkfd
2014-06-05T00:00:00.000,20,Gironès,170890,Llagostera,0.034,0,0,0.034,bks7-dkfd
2014-06-05T00:00:00.000,42,Moianès,080641,Castellterçol,0,0.005,0,0.005,bks7-dkfd
2014-06-06T00:00:00.000,40,Vallès Occidental,082798,Terrassa,0,0.038,0,0.038,bks7-dkfd
2014-06-07T00:00:00.000,03,Alt Penedès,080581,Castellet i la Gornal,0.0006,0,0,0.0006,bks7-dkfd
2014-06-07T00:00:00.000,12,Baix Penedès,430206,Banyeres del Penedès,0,0.01,0,0.01,bks7-dkfd
2014-06-07T00:00:00.000,03,Alt Penedès,080581,Castellet i la Gornal,0,0.0001,0,0.0001,bks7-dkfd
2014-06-07T00:00:00.000,03,Alt Penedès,080581,Castellet i la Gornal,0.003,0,0,0.003,bks7-dkfd
2014-06-07T00:00:00.000,03,Alt Penedès,080581,Castellet i la Gornal,0.018,0,0,0.018,bks7-dkfd
2014-06-08T00:00:00.000,08,Baix Camp,430332,Botarell,0,0.03,0,0.03,bks7-dkfd
2014-06-08T00:00:00.000,42,Moianès,081385,Moià,0,0.0001,0,0.0001,bks7-dkfd
2014-06-08T00:00:00.000,30,Ribera d'Ebre,430995,"Palma d'Ebre, la",0.17,1.62,0.23,1.79,bks7-dkfd
2014-06-09T00:00:00.000,20,Gironès,170792,Girona,0,0.004,0,0.004,bks7-dkfd
2014-06-10T00:00:00.000,33,Segrià,252043,Seròs,0,0.15,1.44,0.15,bks7-dkfd
2014-06-11T00:00:00.000,20,Gironès,170792,Girona,0.0182,0,0,0.0182,bks7-dkfd
2014-06-11T00:00:00.000,08,Baix Camp,430094,Alforja,0,0.03,0,0.03,bks7-dkfd
2014-06-11T00:00:00.000,06,Anoia,080636,Castellolí,0,0.07,0.01,0.07,bks7-dkfd
2014-06-12T00:00:00.000,40,Vallès Occidental,081878,Sabadell,0,0.0082,0,0.0082,bks7-dkfd
2014-06-12T00:00:00.000,33,Segrià,251207,Lleida,0.02,0,0,0.02,bks7-dkfd
2014-06-12T00:00:00.000,09,Baix Ebre,430252,Benifallet,0.75,0,0,0.75,bks7-dkfd
2014-06-12T00:00:00.000,17,Garraf,082704,Sitges,0,0.5,0,0.5,bks7-dkfd
2014-06-12T00:00:00.000,10,Baix Empordà,171812,Santa Cristina d'Aro,0.001,0,0,0.001,bks7-dkfd
2014-06-12T00:00:00.000,07,Bages,080594,Castellfollit del Boix,0,0.0005,0,0.0005,bks7-dkfd
2014-06-13T00:00:00.000,07,Bages,082135,Sant Fruitós de Bages,0.06,0,0,0.06,bks7-dkfd
2014-06-13T00:00:00.000,34,Selva,172023,Tossa de Mar,0.002,0,0,0.002,bks7-dkfd
2014-06-13T00:00:00.000,24,Osona,082711,Sobremunt,0,0.025,0,0.025,bks7-dkfd
2014-06-13T00:00:00.000,34,Selva,170280,Brunyola i Sant Martí Sapresa,0.001,0,0,0.001,bks7-dkfd
2014-06-14T00:00:00.000,40,Vallès Occidental,081206,Matadepera,0.005,0,0,0.005,bks7-dkfd
2014-06-14T00:00:00.000,33,Segrià,252326,Torres de Segre,0,1.26,0,1.26,bks7-dkfd
2014-06-14T00:00:00.000,09,Baix Ebre,431042,"Perelló, el",3.76,15.71,2.44,19.47,bks7-dkfd
2014-06-14T00:00:00.000,30,Ribera d'Ebre,430672,Ginestar,1.67,1.49,9.65,3.16,bks7-dkfd
2014-06-15T00:00:00.000,20,Gironès,170792,Girona,0,0.2,0,0.2,bks7-dkfd
2014-06-15T00:00:00.000,38,Urgell,252173,Tàrrega,0,1.02,4.96,1.02,bks7-dkfd
2014-06-15T00:00:00.000,02,Alt Empordà,171352,Pont de Molins,0,0.05,0,0.05,bks7-dkfd
2014-06-15T00:00:00.000,30,Ribera d'Ebre,431508,Tivissa,496.05,376.88,18.04,872.93,bks7-dkfd
2014-06-15T00:00:00.000,09,Baix Ebre,430069,Aldover,0.6,0,0,0.6,bks7-dkfd
2014-06-16T00:00:00.000,11,Baix Llobregat,082009,Sant Boi de Llobregat,0.13,0,0,0.13,bks7-dkfd
2014-06-17T00:00:00.000,11,Baix Llobregat,080728,Corbera de Llobregat,0.02,0,0,0.02,bks7-dkfd
2014-06-17T00:00:00.000,20,Gironès,170792,Girona,0,0.08,0.05,0.08,bks7-dkfd
2014-06-17T00:00:00.000,09,Baix Ebre,431042,"Perelló, el",0,0.03,0,0.03,bks7-dkfd
2014-06-17T00:00:00.000,02,Alt Empordà,170622,"Escala, l'",0.07,0,0,0.07,bks7-dkfd
2014-06-18T00:00:00.000,08,Baix Camp,430923,Mont-roig del Camp,0.3,0,0,0.3,bks7-dkfd
2014-06-19T00:00:00.000,03,Alt Penedès,082401,Sant Sadurní d'Anoia,0,0.4,0,0.4,bks7-dkfd
2014-06-20T00:00:00.000,16,Conca de Barberà,431055,"Piles, les",0.9,0,3.4,0.9,bks7-dkfd
2014-06-20T00:00:00.000,40,Vallès Occidental,081803,Ripollet,0,0.197,0,0.197,bks7-dkfd
2014-06-20T00:00:00.000,23,Noguera,250349,Artesa de Segre,1.55,0,7.95,1.55,bks7-dkfd
2014-06-20T00:00:00.000,12,Baix Penedès,430799,Masllorenç,0.014,0,0,0.014,bks7-dkfd
2014-06-21T00:00:00.000,23,Noguera,251500,Oliola,18.64,9.65,26.53,28.29,bks7-dkfd
2014-06-21T00:00:00.000,23,Noguera,250479,Bellcaire d'Urgell,8.09,10.96,103.85,19.05,bks7-dkfd
2014-06-21T00:00:00.000,14,Berguedà,082687,Cercs,0,0.03,0,0.03,bks7-dkfd
2014-06-22T00:00:00.000,07,Bages,080983,Sant Salvador de Guardiola,0,0.01,0,0.01,bks7-dkfd
2014-06-22T00:00:00.000,08,Baix Camp,431286,Riudecols,0.15,0,0,0.15,bks7-dkfd
2014-06-23T00:00:00.000,07,Bages,081271,Monistrol de Montserrat,0,0.13,0,0.13,bks7-dkfd
2014-06-23T00:00:00.000,11,Baix Llobregat,080692,Collbató,0,0.0003,0,0.0003,bks7-dkfd
2014-06-23T00:00:00.000,11,Baix Llobregat,080692,Collbató,0,0.0015,0,0.0015,bks7-dkfd
2014-06-24T00:00:00.000,20,Gironès,170792,Girona,0.013,0,0,0.013,bks7-dkfd
2014-06-24T00:00:00.000,41,Vallès Oriental,080333,Caldes de Montbui,0,0.0004,0,0.0004,bks7-dkfd
2014-06-24T00:00:00.000,07,Bages,081271,Monistrol de Montserrat,0,0.0005,0,0.0005,bks7-dkfd
2014-06-24T00:00:00.000,40,Vallès Occidental,081878,Sabadell,0,0.05,0,0.05,bks7-dkfd
2014-06-26T00:00:00.000,11,Baix Llobregat,082634,Sant Vicenç dels Horts,0,0.04,0,0.04,bks7-dkfd
2014-06-26T00:00:00.000,32,Segarra,251327,Massoteres,1.22,0.33,1.29,1.55,bks7-dkfd
2014-06-27T00:00:00.000,21,Maresme,080403,Canet de Mar,0,0.04,0,0.04,bks7-dkfd
2014-06-28T00:00:00.000,02,Alt Empordà,170427,Capmany,0,0.0025,0,0.0025,bks7-dkfd
2014-06-28T00:00:00.000,11,Baix Llobregat,081141,Martorell,0,0.2,0,0.2,bks7-dkfd
2014-06-30T00:00:00.000,23,Noguera,251771,Preixens,0.25,0.84,6.39,1.09,bks7-dkfd
2014-06-30T00:00:00.000,17,Garraf,083073,Vilanova i la Geltrú,0.025,0,0,0.025,bks7-dkfd
2014-07-01T00:00:00.000,09,Baix Ebre,430252,Benifallet,0.002,0,0,0.002,bks7-dkfd
2014-07-01T00:00:00.000,22,Montsià,431567,Ulldecona,0,0.002,0,0.002,bks7-dkfd
2014-07-01T00:00:00.000,30,Ribera d'Ebre,431251,Riba-roja d'Ebre,0.12,0,0,0.12,bks7-dkfd
2014-07-01T00:00:00.000,30,Ribera d'Ebre,431508,Tivissa,0.51,0.9,0,1.41,bks7-dkfd
2014-07-01T00:00:00.000,07,Bages,081136,Manresa,0,0.075,0,0.075,bks7-dkfd
2014-07-01T00:00:00.000,09,Baix Ebre,431495,Tivenys,0,0.46,0,0.46,bks7-dkfd
2014-07-02T00:00:00.000,33,Segrià,251207,Lleida,0.02,0,0,0.02,bks7-dkfd
2014-07-02T00:00:00.000,33,Segrià,250117,Alcarràs,0.002,0,0,0.002,bks7-dkfd
2014-07-02T00:00:00.000,07,Bages,082779,Talamanca,0.0002,0,0,0.0002,bks7-dkfd
2014-07-04T00:00:00.000,11,Baix Llobregat,080207,Begues,0,0.0005,0,0.0005,bks7-dkfd
2014-07-04T00:00:00.000,17,Garraf,082704,Sitges,0.15,0,0,0.15,bks7-dkfd
2014-07-04T00:00:00.000,24,Osona,080673,Centelles,0,0.015,0,0.015,bks7-dkfd
2014-07-04T00:00:00.000,20,Gironès,170792,Girona,0.003,0,0,0.003,bks7-dkfd
2014-07-05T00:00:00.000,06,Anoia,081705,"Prats de Rei, els",0,0.008,0.7,0.008,bks7-dkfd
2014-07-06T00:00:00.000,16,Conca de Barberà,431592,Vallfogona de Riucorb,0.001,0,0,0.001,bks7-dkfd
2014-07-06T00:00:00.000,10,Baix Empordà,171812,Santa Cristina d'Aro,0.0005,0,0,0.0005,bks7-dkfd
2014-07-06T00:00:00.000,16,Conca de Barberà,430542,"Espluga de Francolí, l'",0.018,0,0,0.018,bks7-dkfd
2014-07-06T00:00:00.000,10,Baix Empordà,171812,Santa Cristina d'Aro,0.0001,0,0,0.0001,bks7-dkfd
2014-07-06T00:00:00.000,07,Bages,082188,Sant Joan de Vilatorrada,0.15,0,0.057,0.15,bks7-dkfd
2014-07-06T00:00:00.000,10,Baix Empordà,171812,Santa Cristina d'Aro,0.002,0,0,0.002,bks7-dkfd
2014-07-09T00:00:00.000,24,Osona,081290,Muntanyola,0,0.017,0,0.017,bks7-dkfd
2014-07-10T00:00:00.000,33,Segrià,251023,"Granja d'Escarp, la",0,6.74,1.57,6.74,bks7-dkfd
2014-07-10T00:00:00.000,40,Vallès Occidental,082671,Sentmenat,0,0.23,0.4,0.23,bks7-dkfd
2014-07-11T00:00:00.000,40,Vallès Occidental,082055,Sant Cugat del Vallès,0,0.1,0,0.1,bks7-dkfd
2014-07-11T00:00:00.000,09,Baix Ebre,430136,"Ametlla de Mar, l'",0.14,0,0.92,0.14,bks7-dkfd
2014-07-12T00:00:00.000,09,Baix Ebre,431331,Roquetes,0,0.59,0,0.59,bks7-dkfd
2014-07-13T00:00:00.000,12,Baix Penedès,431378,Sant Jaume dels Domenys,0.01,0,0,0.01,bks7-dkfd
2014-07-13T00:00:00.000,01,Alt Camp,430918,Mont-ral,0.0002,0,0,0.0002,bks7-dkfd
2014-07-15T00:00:00.000,03,Alt Penedès,081458,Olèrdola,0,0.02,0,0.02,bks7-dkfd
2014-07-17T00:00:00.000,32,Segarra,251977,Sant Guim de la Plana,4.26,7.2,34.38,11.46,bks7-dkfd
2014-07-17T00:00:00.000,40,Vallès Occidental,082665,Cerdanyola del Vallès,0.01,0,0,0.01,bks7-dkfd
2014-07-17T00:00:00.000,14,Berguedà,082554,Santa Maria de Merlès,0.03,0,0,0.03,bks7-dkfd
2014-07-17T00:00:00.000,34,Selva,171805,Santa Coloma de Farners,0.2,0,0,0.2,bks7-dkfd
2014-07-18T00:00:00.000,07,Bages,081918,Sallent,0.63,0,0,0.63,bks7-dkfd
2014-07-18T00:00:00.000,17,Garraf,082310,Sant Pere de Ribes,0.025,0,0,0.025,bks7-dkfd
2014-07-18T00:00:00.000,23,Noguera,250621,Camarasa,0,1.3,0,1.3,bks7-dkfd
2014-07-19T00:00:00.000,42,Moianès,082589,Santa Maria d'Oló,0,0.001,0,0.001,bks7-dkfd
2014-07-19T00:00:00.000,07,Bages,080478,Cardona,0.46,0,0,0.46,bks7-dkfd
2014-07-19T00:00:00.000,23,Noguera,250426,"Baronia de Rialb, la",0.08,0,0,0.08,bks7-dkfd
2014-07-19T00:00:00.000,35,Solsonès,250642,Castellar de la Ribera,0.03,0,0,0.03,bks7-dkfd
2014-07-19T00:00:00.000,29,Priorat,430751,Margalef,0,0.08,0,0.08,bks7-dkfd
2014-07-19T00:00:00.000,32,Segarra,252234,Torà,0,0.7,0,0.7,bks7-dkfd
2014-07-19T00:00:00.000,20,Gironès,171557,Salt,0.005,0,0,0.005,bks7-dkfd
2014-07-19T00:00:00.000,23,Noguera,250024,Àger,0,0.02,0,0.02,bks7-dkfd
2014-07-20T00:00:00.000,09,Baix Ebre,431554,Tortosa,0,1.1,1.3,1.1,bks7-dkfd
2014-07-20T00:00:00.000,01,Alt Camp,430918,Mont-ral,0.0015,0,0,0.0015,bks7-dkfd
2014-07-20T00:00:00.000,12,Baix Penedès,431378,Sant Jaume dels Domenys,0.03,0,0,0.03,bks7-dkfd
2014-07-20T00:00:00.000,13,Barcelonès,080193,Barcelona,0,0.24,0,0.24,bks7-dkfd
2014-07-20T00:00:00.000,02,Alt Empordà,171582,Sant Climent Sescebes,0.001,0,0,0.001,bks7-dkfd
2014-07-20T00:00:00.000,30,Ribera d'Ebre,431508,Tivissa,0.5,0.5,0,1,bks7-dkfd
2014-07-21T00:00:00.000,17,Garraf,080431,Canyelles,0,0.0006,0,0.0006,bks7-dkfd
2014-07-22T00:00:00.000,14,Berguedà,080996,Guardiola de Berguedà,0.023,0,0,0.023,bks7-dkfd
2014-07-22T00:00:00.000,10,Baix Empordà,179026,Forallac,0.03,0,0,0.03,bks7-dkfd
2014-07-22T00:00:00.000,07,Bages,081271,Monistrol de Montserrat,0,0.9,0,0.9,bks7-dkfd
2014-07-23T00:00:00.000,09,Baix Ebre,431042,"Perelló, el",0,0.005,0,0.005,bks7-dkfd
2014-07-23T00:00:00.000,07,Bages,080386,Callús,0,0.12,0,0.12,bks7-dkfd
2014-07-23T00:00:00.000,08,Baix Camp,430311,"Borges del Camp, les",0,0.15,0,0.15,bks7-dkfd
2014-07-24T00:00:00.000,10,Baix Empordà,170139,Begur,0.23,0,0,0.23,bks7-dkfd
2014-07-24T00:00:00.000,06,Anoia,082975,Veciana,0,0.25,1.39,0.25,bks7-dkfd
2014-07-24T00:00:00.000,06,Anoia,080364,Calonge de Segarra,0.35,0,0.03,0.35,bks7-dkfd
2014-07-25T00:00:00.000,38,Urgell,250740,Ciutadilla,0,0.0025,0,0.0025,bks7-dkfd
2014-07-25T00:00:00.000,04,Alt Urgell,250616,Cabó,0.0002,0,0,0.0002,bks7-dkfd
2014-07-25T00:00:00.000,18,Garrigues,250978,Fulleda,0,0.0001,0,0.0001,bks7-dkfd
2014-07-25T00:00:00.000,18,Garrigues,250735,Cervià de les Garrigues,0,0.0002,0,0.0002,bks7-dkfd
2014-07-25T00:00:00.000,35,Solsonès,251673,Pinós,0,0.017,0,0.017,bks7-dkfd
2014-07-25T00:00:00.000,08,Baix Camp,430094,Alforja,0.45,0,0,0.45,bks7-dkfd
2014-07-25T00:00:00.000,01,Alt Camp,430017,Aiguamúrcia,0.11,0,0,0.11,bks7-dkfd
2014-07-25T00:00:00.000,06,Anoia,081043,"Llacuna, la",0,0.01,0,0.01,bks7-dkfd
2014-07-25T00:00:00.000,21,Maresme,080039,Alella,0.0001,0,0,0.0001,bks7-dkfd
2014-07-25T00:00:00.000,10,Baix Empordà,170486,Castell-Platja d'Aro,0.0006,0,0,0.0006,bks7-dkfd
2014-07-25T00:00:00.000,10,Baix Empordà,170486,Castell-Platja d'Aro,0.0001,0,0,0.0001,bks7-dkfd
2014-07-25T00:00:00.000,12,Baix Penedès,431634,"Vendrell, el",0.006,0,0,0.006,bks7-dkfd
2014-07-25T00:00:00.000,03,Alt Penedès,081228,Mediona,0.06,0,0,0.06,bks7-dkfd
2014-07-25T00:00:00.000,07,Bages,080478,Cardona,0.001,0,0,0.001,bks7-dkfd
2014-07-25T00:00:00.000,06,Anoia,082264,Sant Martí de Tous,0.005,0,0,0.005,bks7-dkfd
2014-07-25T00:00:00.000,06,Anoia,080253,"Bruc, el",0,0.02,0,0.02,bks7-dkfd
2014-07-25T00:00:00.000,21,Maresme,081537,Òrrius,0.0001,0,0,0.0001,bks7-dkfd
2014-07-25T00:00:00.000,25,Pallars Jussà,252347,Tremp,0.03,0,0,0.03,bks7-dkfd
2014-07-25T00:00:00.000,03,Alt Penedès,082362,Sant Quintí de Mediona,0.0045,0,0,0.0045,bks7-dkfd
2014-07-25T00:00:00.000,06,Anoia,081043,"Llacuna, la",0.06,0,0,0.06,bks7-dkfd
2014-07-25T00:00:00.000,06,Anoia,080214,Bellprat,0.006,0,0,0.006,bks7-dkfd
2014-07-25T00:00:00.000,07,Bages,080594,Castellfollit del Boix,0,0.01,0,0.01,bks7-dkfd
2014-07-25T00:00:00.000,40,Vallès Occidental,083008,Viladecavalls,0.01,0,0,0.01,bks7-dkfd
2014-07-25T00:00:00.000,01,Alt Camp,430017,Aiguamúrcia,0.01,0,0,0.01,bks7-dkfd
2014-07-26T00:00:00.000,03,Alt Penedès,080581,Castellet i la Gornal,0,0.73,0,0.73,bks7-dkfd
2014-07-26T00:00:00.000,14,Berguedà,081326,Montmajor,0.01,0,0,0.01,bks7-dkfd
2014-07-27T00:00:00.000,25,Pallars Jussà,252347,Tremp,0,0.01,0,0.01,bks7-dkfd
2014-07-27T00:00:00.000,06,Anoia,083020,Vilanova del Camí,0,0.03,0,0.03,bks7-dkfd
2014-07-27T00:00:00.000,14,Berguedà,083089,Viver i Serrateix,0.045,0,0,0.045,bks7-dkfd
2014-07-28T00:00:00.000,02,Alt Empordà,171365,Pontós,0.0005,0,0,0.0005,bks7-dkfd
2014-07-28T00:00:00.000,07,Bages,082628,Sant Vicenç de Castellet,0,0.003,0,0.003,bks7-dkfd
2014-07-28T00:00:00.000,06,Anoia,080253,"Bruc, el",0.025,0,0,0.025,bks7-dkfd
2014-08-01T00:00:00.000,06,Anoia,080636,Castellolí,0.0008,0,0,0.0008,bks7-dkfd
2014-08-01T00:00:00.000,07,Bages,082135,Sant Fruitós de Bages,0.001,0,0,0.001,bks7-dkfd
2014-08-01T00:00:00.000,23,Noguera,252509,Vilanova de Meià,0,0.001,0,0.001,bks7-dkfd
2014-08-01T00:00:00.000,06,Anoia,081653,"Pobla de Claramunt, la",0.04,0,0,0.04,bks7-dkfd
2014-08-01T00:00:00.000,06,Anoia,081043,"Llacuna, la",0.01,0,0,0.01,bks7-dkfd
2014-08-01T00:00:00.000,03,Alt Penedès,081228,Mediona,0,0.0002,0,0.0002,bks7-dkfd
2014-08-01T00:00:00.000,06,Anoia,081653,"Pobla de Claramunt, la",0.003,0,0,0.003,bks7-dkfd
2014-08-02T00:00:00.000,03,Alt Penedès,082270,Sant Martí Sarroca,0.08,0,0,0.08,bks7-dkfd
2014-08-02T00:00:00.000,06,Anoia,080253,"Bruc, el",0.006,0,0,0.006,bks7-dkfd
2014-08-02T00:00:00.000,03,Alt Penedès,080654,Castellví de la Marca,0.1,0,0,0.1,bks7-dkfd
2014-08-02T00:00:00.000,12,Baix Penedès,431378,Sant Jaume dels Domenys,0.02,0,0,0.02,bks7-dkfd
2014-08-02T00:00:00.000,12,Baix Penedès,430901,"Montmell, el",0,0.019,0,0.019,bks7-dkfd
2014-08-02T00:00:00.000,12,Baix Penedès,430901,"Montmell, el",0.11,0,0,0.11,bks7-dkfd
2014-08-02T00:00:00.000,07,Bages,081271,Monistrol de Montserrat,0.0004,0,0,0.0004,bks7-dkfd
2014-08-05T00:00:00.000,33,Segrià,251207,Lleida,0,0.22,0,0.22,bks7-dkfd
2014-08-07T00:00:00.000,23,Noguera,251500,Oliola,0,0.0015,0,0.0015,bks7-dkfd
2014-08-09T00:00:00.000,36,Tarragonès,431482,Tarragona,0,0.67,0,0.67,bks7-dkfd
2014-08-09T00:00:00.000,16,Conca de Barberà,431423,Sarral,0.05,0,0,0.05,bks7-dkfd
2014-08-09T00:00:00.000,22,Montsià,439023,Sant Jaume d'Enveja,0,0.28,0,0.28,bks7-dkfd
2014-08-09T00:00:00.000,07,Bages,081398,Mura,0,0.003,0,0.003,bks7-dkfd
2014-08-09T00:00:00.000,42,Moianès,080958,Granera,0.0001,0,0,0.0001,bks7-dkfd
2014-08-09T00:00:00.000,13,Barcelonès,080193,Barcelona,0,0.28,0,0.28,bks7-dkfd
2014-08-10T00:00:00.000,41,Vallès Oriental,080333,Caldes de Montbui,0.1,0,1.14,0.1,bks7-dkfd
2014-08-11T00:00:00.000,07,Bages,081825,"Pont de Vilomara i Rocafort, el",0.001,0,0,0.001,bks7-dkfd
2014-08-11T00:00:00.000,06,Anoia,080288,Cabrera d'Anoia,0.74,0,0,0.74,bks7-dkfd
2014-08-11T00:00:00.000,38,Urgell,259025,Sant Martí de Riucorb,0,0.15,1.19,0.15,bks7-dkfd
2014-08-13T00:00:00.000,33,Segrià,250387,Aitona,0,7.2,0,7.2,bks7-dkfd
2014-08-13T00:00:00.000,03,Alt Penedès,080919,Gelida,0,0.02,0.04,0.02,bks7-dkfd
2014-08-14T00:00:00.000,07,Bages,080615,Castellgalí,0.05,0,0,0.05,bks7-dkfd
2014-08-14T00:00:00.000,01,Alt Camp,430017,Aiguamúrcia,0.17,0,0,0.17,bks7-dkfd
2014-08-15T00:00:00.000,01,Alt Camp,430918,Mont-ral,0.75,0,0,0.75,bks7-dkfd
2014-08-16T00:00:00.000,33,Segrià,251207,Lleida,0,1.8,0,1.8,bks7-dkfd
2014-08-19T00:00:00.000,41,Vallès Oriental,081593,Parets del Vallès,0,0.003,0,0.003,bks7-dkfd
2014-08-20T00:00:00.000,12,Baix Penedès,431634,"Vendrell, el",0.18,0,0,0.18,bks7-dkfd
2014-08-20T00:00:00.000,11,Baix Llobregat,082634,Sant Vicenç dels Horts,0,0.87,0,0.87,bks7-dkfd
2014-08-21T00:00:00.000,02,Alt Empordà,171523,Roses,0.11,0,0,0.11,bks7-dkfd
2014-08-21T00:00:00.000,02,Alt Empordà,170773,Garriguella,0.03,0,0,0.03,bks7-dkfd
2014-08-22T00:00:00.000,37,Terra Alta,430712,Horta de Sant Joan,0,0.001,0,0.001,bks7-dkfd
2014-08-26T00:00:00.000,34,Selva,170237,Blanes,0,0.002,0,0.002,bks7-dkfd
2014-08-26T00:00:00.000,16,Conca de Barberà,431726,Vilaverd,0,0.09,0,0.09,bks7-dkfd
2014-08-26T00:00:00.000,34,Selva,170237,Blanes,0,0.0005,0,0.0005,bks7-dkfd
2014-08-27T00:00:00.000,34,Selva,170237,Blanes,0.0002,0,0,0.0002,bks7-dkfd
2014-08-29T00:00:00.000,33,Segrià,251207,Lleida,0,0.002,0,0.002,bks7-dkfd
2014-08-30T00:00:00.000,03,Alt Penedès,080137,Avinyonet del Penedès,0,0.05,0,0.05,bks7-dkfd
2014-08-31T00:00:00.000,07,Bages,080478,Cardona,0.005,0,0,0.005,bks7-dkfd
2014-09-03T00:00:00.000,33,Segrià,250215,Almenar,0,0.11,0,0.11,bks7-dkfd
2014-09-04T00:00:00.000,33,Segrià,250334,Artesa de Lleida,0,0.2,0,0.2,bks7-dkfd
2014-09-05T00:00:00.000,16,Conca de Barberà,430862,Montblanc,0,0.1,0,0.1,bks7-dkfd
2014-09-05T00:00:00.000,16,Conca de Barberà,430862,Montblanc,0,0.16,0,0.16,bks7-dkfd
2014-09-06T00:00:00.000,42,Moianès,080641,Castellterçol,0.0001,0,0,0.0001,bks7-dkfd
2014-09-08T00:00:00.000,03,Alt Penedès,080581,Castellet i la Gornal,0.0002,0,0,0.0002,bks7-dkfd
2014-09-13T00:00:00.000,11,Baix Llobregat,080898,Gavà,0,0.02,0,0.02,bks7-dkfd
2014-09-14T00:00:00.000,16,Conca de Barberà,431016,Passanant i Belltall,0.004,0,0,0.004,bks7-dkfd
2014-09-15T00:00:00.000,11,Baix Llobregat,082114,Sant Feliu de Llobregat,0,0.27,0,0.27,bks7-dkfd
2014-09-15T00:00:00.000,11,Baix Llobregat,080689,Cervelló,0.03,0,0,0.03,bks7-dkfd
2014-09-17T00:00:00.000,11,Baix Llobregat,082080,Sant Esteve Sesrovires,0,0.04,0,0.04,bks7-dkfd
2014-09-19T00:00:00.000,29,Priorat,430960,"Morera de Montsant, la",0.0001,0,0,0.0001,bks7-dkfd
2014-09-20T00:00:00.000,13,Barcelonès,080193,Barcelona,0,0.12,0,0.12,bks7-dkfd
2014-10-06T00:00:00.000,41,Vallès Oriental,081982,Sant Antoni de Vilamajor,0,0.002,0,0.002,bks7-dkfd
2014-10-15T00:00:00.000,34,Selva,170097,Arbúcies,0.01,0.03,0,0.04,bks7-dkfd
2014-10-16T00:00:00.000,06,Anoia,080636,Castellolí,0.16,0,0,0.16,bks7-dkfd
2014-10-18T00:00:00.000,07,Bages,080847,Fonollosa,0.005,0,0,0.005,bks7-dkfd
2014-10-22T00:00:00.000,02,Alt Empordà,171523,Roses,5.9,28.24,0,34.14,bks7-dkfd
2014-10-22T00:00:00.000,02,Alt Empordà,171404,"Port de la Selva, el",0.2,0,0,0.2,bks7-dkfd
2014-10-22T00:00:00.000,22,Montsià,430141,Amposta,0,0.05,0,0.05,bks7-dkfd
2014-10-23T00:00:00.000,34,Selva,171030,Maçanet de la Selva,0.13,0,0,0.13,bks7-dkfd
2014-10-23T00:00:00.000,18,Garrigues,250292,Arbeca,0,0.09,1.16,0.09,bks7-dkfd
2014-10-25T00:00:00.000,40,Vallès Occidental,081252,Montcada i Reixac,0,0.247,0,0.247,bks7-dkfd
2014-10-27T00:00:00.000,29,Priorat,431140,Porrera,0,0.17,0,0.17,bks7-dkfd
2014-10-28T00:00:00.000,30,Ribera d'Ebre,430939,Móra d'Ebre,0,0.05,0,0.05,bks7-dkfd
2014-10-31T00:00:00.000,12,Baix Penedès,430022,Albinyana,0.05,0,0,0.05,bks7-dkfd
2014-11-20T00:00:00.000,10,Baix Empordà,171997,Torroella de Montgrí,0,0.001,0,0.001,bks7-dkfd
2014-11-23T00:00:00.000,30,Ribera d'Ebre,431520,"Torre de l'Espanyol, la",0,0.006,0,0.006,bks7-dkfd
2014-12-09T00:00:00.000,40,Vallès Occidental,080517,Castellar del Vallès,0,0.0035,0,0.0035,bks7-dkfd
2014-12-09T00:00:00.000,17,Garraf,081483,Olivella,1.66,0,0,1.66,bks7-dkfd
2014-12-11T00:00:00.000,41,Vallès Oriental,082943,Vallgorguina,0.0008,0,0,0.0008,bks7-dkfd
2014-12-27T00:00:00.000,16,Conca de Barberà,430213,Barberà de la Conca,0,0.26,0,0.26,bks7-dkfd
2014-12-29T00:00:00.000,16,Conca de Barberà,431726,Vilaverd,0,1.71,0,1.71,bks7-dkfd
2014-12-30T00:00:00.000,28,Pla de l'Estany,170157,Banyoles,0,0.08,0,0.08,bks7-dkfd
2014-12-30T00:00:00.000,02,Alt Empordà,170926,Llançà,0,0.45,0,0.45,bks7-dkfd
2014-12-31T00:00:00.000,25,Pallars Jussà,252347,Tremp,0.5,3.8,2.2,4.3,bks7-dkfd
2014-12-31T00:00:00.000,41,Vallès Oriental,082567,Santa Maria de Martorelles,0.08,0.02,0,0.1,bks7-dkfd
2014-12-31T00:00:00.000,09,Baix Ebre,430081,Alfara de Carles,0.025,0,0,0.025,bks7-dkfd
2015-01-01T00:00:00.000,02,Alt Empordà,171002,Masarac,0,0.01,0,0.01,bks7-dkfd
2015-01-01T00:00:00.000,02,Alt Empordà,171432,Rabós,0,0.0006,0,0.0006,bks7-dkfd
2015-01-02T00:00:00.000,09,Baix Ebre,431554,Tortosa,0,0.004,0,0.004,bks7-dkfd
2015-01-03T00:00:00.000,09,Baix Ebre,439018,Deltebre,0,0.43,0,0.43,bks7-dkfd
2015-01-05T00:00:00.000,14,Berguedà,080229,Berga,0,0.6,0,0.6,bks7-dkfd
2015-01-06T00:00:00.000,25,Pallars Jussà,250984,Gavet de la Conca,0.0005,0,0,0.0005,bks7-dkfd
2015-01-11T00:00:00.000,02,Alt Empordà,172348,Biure,0,0.15,0,0.15,bks7-dkfd
2015-01-11T00:00:00.000,40,Vallès Occidental,082671,Sentmenat,0.005,0.005,0,0.01,bks7-dkfd
2015-01-12T00:00:00.000,11,Baix Llobregat,080898,Gavà,0,0.005,0,0.005,bks7-dkfd
2015-01-15T00:00:00.000,39,Val d'Aran,252477,Vilamòs,0.1,0,0,0.1,bks7-dkfd
2015-01-24T00:00:00.000,10,Baix Empordà,171978,Torrent,0,0.004,0,0.004,bks7-dkfd
2015-01-24T00:00:00.000,25,Pallars Jussà,251155,Isona i Conca Dellà,0,0.3,0,0.3,bks7-dkfd
2015-01-25T00:00:00.000,14,Berguedà,080787,"Espunyola, l'",0,0.007,0,0.007,bks7-dkfd
2015-01-25T00:00:00.000,06,Anoia,081653,"Pobla de Claramunt, la",0,0.005,0,0.005,bks7-dkfd
2015-01-25T00:00:00.000,30,Ribera d'Ebre,431212,Rasquera,0,0.006,0,0.006,bks7-dkfd
2015-01-25T00:00:00.000,19,Garrotxa,171616,Sant Feliu de Pallerols,0,0.0075,0,0.0075,bks7-dkfd
2015-01-25T00:00:00.000,19,Garrotxa,172001,Tortellà,0,0.08,0,0.08,bks7-dkfd
2015-01-27T00:00:00.000,10,Baix Empordà,170486,Castell-Platja d'Aro,0,0.04,0,0.04,bks7-dkfd
2015-01-28T00:00:00.000,02,Alt Empordà,171962,Terrades,0,0.4,0,0.4,bks7-dkfd
2015-01-29T00:00:00.000,06,Anoia,082861,"Torre de Claramunt, la",0,0.13,0,0.13,bks7-dkfd
2015-01-29T00:00:00.000,05,Alta Ribagorça,250432,"Vall de Boí, la",0.6,0.3,0,0.9,bks7-dkfd
2015-01-30T00:00:00.000,11,Baix Llobregat,082634,Sant Vicenç dels Horts,0,0.004,0,0.004,bks7-dkfd
2015-01-31T00:00:00.000,33,Segrià,250143,Alfés,0,0.28,0,0.28,bks7-dkfd
2015-02-01T00:00:00.000,25,Pallars Jussà,251155,Isona i Conca Dellà,0,0.0066,0,0.0066,bks7-dkfd
2015-02-05T00:00:00.000,25,Pallars Jussà,250984,Gavet de la Conca,0.1,0.5,0,0.6,bks7-dkfd
2015-02-07T00:00:00.000,07,Bages,080121,Avinyó,0,0.03,0,0.03,bks7-dkfd
2015-02-08T00:00:00.000,11,Baix Llobregat,080898,Gavà,0,0.004,0,0.004,bks7-dkfd
2015-02-09T00:00:00.000,10,Baix Empordà,171241,Pals,0.003,0,0,0.003,bks7-dkfd
2015-02-13T00:00:00.000,31,Ripollès,171674,Sant Joan de les Abadesses,0,0.16,0,0.16,bks7-dkfd
2015-02-18T00:00:00.000,25,Pallars Jussà,251155,Isona i Conca Dellà,0,3.2,0,3.2,bks7-dkfd
2015-02-19T00:00:00.000,26,Pallars Sobirà,252094,Sort,0,1.6,0,1.6,bks7-dkfd
2015-02-20T00:00:00.000,37,Terra Alta,430189,Arnes,0,0.07,0,0.07,bks7-dkfd
2015-02-22T00:00:00.000,02,Alt Empordà,170887,Lladó,0.05,0,0,0.05,bks7-dkfd
2015-02-22T00:00:00.000,09,Baix Ebre,430136,"Ametlla de Mar, l'",0.21,0,0,0.21,bks7-dkfd
2015-02-22T00:00:00.000,41,Vallès Oriental,081249,Mollet del Vallès,0,0.055,0,0.055,bks7-dkfd
2015-02-23T00:00:00.000,04,Alt Urgell,251850,Ribera d'Urgellet,0.02,0,0.03,0.02,bks7-dkfd
2015-02-23T00:00:00.000,21,Maresme,080076,Arenys de Munt,0,0.1,0,0.1,bks7-dkfd
2015-02-24T00:00:00.000,09,Baix Ebre,431042,"Perelló, el",0.21,0,0,0.21,bks7-dkfd
2015-02-24T00:00:00.000,02,Alt Empordà,171289,Pau,0,0.1,0,0.1,bks7-dkfd
2015-02-25T00:00:00.000,02,Alt Empordà,171753,Sant Miquel de Fluvià,0,0.28,0,0.28,bks7-dkfd
2015-02-25T00:00:00.000,07,Bages,080538,Castellbell i el Vilar,0,0.12,0.22,0.12,bks7-dkfd
2015-02-26T00:00:00.000,22,Montsià,430141,Amposta,0,3.85,0,3.85,bks7-dkfd
2015-02-26T00:00:00.000,06,Anoia,081022,Igualada,0,0.15,0,0.15,bks7-dkfd
2015-02-28T00:00:00.000,10,Baix Empordà,170486,Castell-Platja d'Aro,0.0005,0,0,0.0005,bks7-dkfd
2015-02-28T00:00:00.000,07,Bages,082423,Marganell,0,0.21,0,0.21,bks7-dkfd
2015-02-28T00:00:00.000,40,Vallès Occidental,082671,Sentmenat,0,0.1,0,0.1,bks7-dkfd
2015-03-01T00:00:00.000,42,Moianès,080790,"Estany, l'",0,0.082,0.095,0.082,bks7-dkfd
2015-03-02T00:00:00.000,03,Alt Penedès,082270,Sant Martí Sarroca,0,0.2,0,0.2,bks7-dkfd
2015-03-02T00:00:00.000,33,Segrià,252542,Vilanova de la Barca,1.52,0.68,0.6,2.2,bks7-dkfd
2015-03-03T00:00:00.000,03,Alt Penedès,082515,Santa Margarida i els Monjos,0.26,0,0,0.26,bks7-dkfd
2015-03-03T00:00:00.000,40,Vallès Occidental,082606,Santa Perpètua de Mogoda,0,0.06,0.42,0.06,bks7-dkfd
2015-03-03T00:00:00.000,24,Osona,082652,Sant Vicenç de Torelló,0,0.1,0,0.1,bks7-dkfd
2015-03-04T00:00:00.000,29,Priorat,430271,"Bisbal de Falset, la",0.73,0.02,0.51,0.75,bks7-dkfd
2015-03-05T00:00:00.000,11,Baix Llobregat,081234,Molins de Rei,0.15,0,0,0.15,bks7-dkfd
2015-03-05T00:00:00.000,25,Pallars Jussà,251961,Sant Esteve de la Sarga,0,0.3,0,0.3,bks7-dkfd
2015-03-05T00:00:00.000,01,Alt Camp,431613,Valls,0.91,2.39,0.33,3.3,bks7-dkfd
2015-03-06T00:00:00.000,09,Baix Ebre,431554,Tortosa,0.01,0,0.01,0.01,bks7-dkfd
2015-03-06T00:00:00.000,06,Anoia,081192,Masquefa,0.004,0,0,0.004,bks7-dkfd
2015-03-06T00:00:00.000,34,Selva,171805,Santa Coloma de Farners,0,0.009,0,0.009,bks7-dkfd
2015-03-06T00:00:00.000,17,Garraf,082704,Sitges,0.08,0,0,0.08,bks7-dkfd
2015-03-07T00:00:00.000,29,Priorat,430960,"Morera de Montsant, la",0,1,0,1,bks7-dkfd
2015-03-07T00:00:00.000,06,Anoia,081192,Masquefa,0.31,0,0,0.31,bks7-dkfd
2015-03-07T00:00:00.000,29,Priorat,430859,"Molar, el",0,0.22,0,0.22,bks7-dkfd
2015-03-07T00:00:00.000,24,Osona,082251,Sant Martí d'Albars,0.5,0,0.1,0.5,bks7-dkfd
2015-03-08T00:00:00.000,07,Bages,080538,Castellbell i el Vilar,0.02,0,0,0.02,bks7-dkfd
2015-03-08T00:00:00.000,39,Val d'Aran,251214,Les,0,20.69,0,20.69,bks7-dkfd
2015-03-09T00:00:00.000,07,Bages,081136,Manresa,0,0.07,0,0.07,bks7-dkfd
2015-03-09T00:00:00.000,15,Cerdanya,250518,Bellver de Cerdanya,0.4,1.2,2,1.6,bks7-dkfd
2015-03-09T00:00:00.000,25,Pallars Jussà,251155,Isona i Conca Dellà,0.1,0.1,0.1,0.2,bks7-dkfd
2015-03-10T00:00:00.000,08,Baix Camp,431166,Prades,0,0.35,0,0.35,bks7-dkfd
2015-03-10T00:00:00.000,29,Priorat,430960,"Morera de Montsant, la",0.66,0,0,0.66,bks7-dkfd
2015-03-10T00:00:00.000,19,Garrotxa,171143,Olot,0,0.02,0,0.02,bks7-dkfd
2015-03-11T00:00:00.000,06,Anoia,080288,Cabrera d'Anoia,0,0.005,0,0.005,bks7-dkfd
2015-03-11T00:00:00.000,07,Bages,080983,Sant Salvador de Guardiola,0,0.27,0,0.27,bks7-dkfd
2015-03-11T00:00:00.000,16,Conca de Barberà,430862,Montblanc,0.3,0.53,0.13,0.83,bks7-dkfd
2015-03-11T00:00:00.000,02,Alt Empordà,171289,Pau,0,0.8,0.05,0.8,bks7-dkfd
2015-03-11T00:00:00.000,09,Baix Ebre,431554,Tortosa,0,0.005,0,0.005,bks7-dkfd
2015-03-12T00:00:00.000,15,Cerdanya,170694,Fontanals de Cerdanya,0,0.14,0,0.14,bks7-dkfd
2015-03-12T00:00:00.000,10,Baix Empordà,170340,Calonge i Sant Antoni,0,0.004,0,0.004,bks7-dkfd
2015-03-12T00:00:00.000,02,Alt Empordà,171328,Peralada,0,0.6,0,0.6,bks7-dkfd
2015-03-12T00:00:00.000,07,Bages,080386,Callús,0,0.054,0,0.054,bks7-dkfd
2015-03-12T00:00:00.000,18,Garrigues,251692,"Pobla de Cérvoles, la",0.09,0,0.69,0.09,bks7-dkfd
2015-03-12T00:00:00.000,15,Cerdanya,250518,Bellver de Cerdanya,0.05,0.56,0,0.61,bks7-dkfd
2015-03-13T00:00:00.000,07,Bages,081419,Navàs,0,0.08,0,0.08,bks7-dkfd
2015-03-14T00:00:00.000,25,Pallars Jussà,251155,Isona i Conca Dellà,0,0.5,0,0.5,bks7-dkfd
2015-03-14T00:00:00.000,16,Conca de Barberà,431423,Sarral,1.2,2.9,0,4.1,bks7-dkfd
2015-03-15T00:00:00.000,11,Baix Llobregat,083015,Viladecans,0,0.009,0,0.009,bks7-dkfd
2015-03-15T00:00:00.000,24,Osona,082981,Vic,0,0.08,0,0.08,bks7-dkfd
2015-03-15T00:00:00.000,33,Segrià,250122,Alcoletge,0,0.01,0,0.01,bks7-dkfd
2015-03-15T00:00:00.000,07,Bages,080121,Avinyó,0.03,0,0,0.03,bks7-dkfd
2015-03-15T00:00:00.000,33,Segrià,252542,Vilanova de la Barca,0,0.02,0.01,0.02,bks7-dkfd
2015-03-15T00:00:00.000,36,Tarragonès,431264,"Riera de Gaià, la",0,0.09,0,0.09,bks7-dkfd
2015-03-19T00:00:00.000,39,Val d'Aran,251214,Les,0,2.6,0,2.6,bks7-dkfd
2015-03-28T00:00:00.000,08,Baix Camp,431671,Vilanova d'Escornalbou,0,0.02,0,0.02,bks7-dkfd
2015-03-28T00:00:00.000,18,Garrigues,250925,"Floresta, la",0,0.42,0,0.42,bks7-dkfd
2015-03-31T00:00:00.000,26,Pallars Sobirà,259010,Vall de Cardós,0,26.62,0,26.62,bks7-dkfd
2015-04-01T00:00:00.000,30,Ribera d'Ebre,431508,Tivissa,0,0.0001,0,0.0001,bks7-dkfd
2015-04-01T00:00:00.000,30,Ribera d'Ebre,431508,Tivissa,0,0.0005,0,0.0005,bks7-dkfd
2015-04-01T00:00:00.000,30,Ribera d'Ebre,431508,Tivissa,0,0.0002,0,0.0002,bks7-dkfd
2015-04-01T00:00:00.000,30,Ribera d'Ebre,431508,Tivissa,0,0.1,0,0.1,bks7-dkfd
2015-04-01T00:00:00.000,30,Ribera d'Ebre,431508,Tivissa,0,0.0001,0,0.0001,bks7-dkfd
2015-04-01T00:00:00.000,30,Ribera d'Ebre,431508,Tivissa,0,0.0002,0,0.0002,bks7-dkfd
2015-04-01T00:00:00.000,30,Ribera d'Ebre,431508,Tivissa,0,0.0004,0,0.0004,bks7-dkfd
2015-04-02T00:00:00.000,16,Conca de Barberà,430542,"Espluga de Francolí, l'",0,0.001,0,0.001,bks7-dkfd
2015-04-03T00:00:00.000,34,Selva,171805,Santa Coloma de Farners,0,0.0015,0,0.0015,bks7-dkfd
2015-04-04T00:00:00.000,06,Anoia,081430,Òdena,0.1,0,0,0.1,bks7-dkfd
2015-04-05T00:00:00.000,26,Pallars Sobirà,252081,Soriguera,0,0.0001,0,0.0001,bks7-dkfd
2015-04-05T00:00:00.000,29,Priorat,430402,Capçanes,0,0.03,0,0.03,bks7-dkfd
2015-04-05T00:00:00.000,14,Berguedà,081901,Saldes,0,0.1,0,0.1,bks7-dkfd
2015-04-06T00:00:00.000,38,Urgell,252424,Verdú,0,0.12,0,0.12,bks7-dkfd
2015-04-06T00:00:00.000,11,Baix Llobregat,081477,Olesa de Montserrat,0.05,0,0,0.05,bks7-dkfd
2015-04-07T00:00:00.000,09,Baix Ebre,430136,"Ametlla de Mar, l'",0,0.11,0,0.11,bks7-dkfd
2015-04-07T00:00:00.000,03,Alt Penedès,082732,Subirats,0,0.18,0,0.18,bks7-dkfd
2015-04-07T00:00:00.000,30,Ribera d'Ebre,430265,Benissanet,1.8,0.32,0,2.12,bks7-dkfd
2015-04-08T00:00:00.000,03,Alt Penedès,083054,Vilafranca del Penedès,0.1,0,0,0.1,bks7-dkfd
2015-04-08T00:00:00.000,08,Baix Camp,430075,"Aleixar, l'",0.2,0,0,0.2,bks7-dkfd
2015-04-08T00:00:00.000,03,Alt Penedès,082515,Santa Margarida i els Monjos,0,0.01,0,0.01,bks7-dkfd
2015-04-09T00:00:00.000,20,Gironès,171680,Sant Joan de Mollet,0.03,0,0,0.03,bks7-dkfd
2015-04-10T00:00:00.000,24,Osona,082251,Sant Martí d'Albars,0.05,0,0.15,0.05,bks7-dkfd
2015-04-10T00:00:00.000,18,Garrigues,252537,"Vilosell, el",0.06,0.15,0,0.21,bks7-dkfd
2015-04-10T00:00:00.000,18,Garrigues,250735,Cervià de les Garrigues,0.3,1.9,0,2.2,bks7-dkfd
2015-04-13T00:00:00.000,23,Noguera,250349,Artesa de Segre,0,0.03,0,0.03,bks7-dkfd
2015-04-13T00:00:00.000,19,Garrotxa,171143,Olot,0,0.08,0,0.08,bks7-dkfd
2015-04-13T00:00:00.000,09,Baix Ebre,431554,Tortosa,0.92,2.58,0.78,3.5,bks7-dkfd
2015-04-14T00:00:00.000,06,Anoia,081614,Piera,0,0.12,0,0.12,bks7-dkfd
2015-04-14T00:00:00.000,30,Ribera d'Ebre,430607,Flix,0.06,0,0,0.06,bks7-dkfd
2015-04-14T00:00:00.000,33,Segrià,251207,Lleida,0,0.05,0.03,0.05,bks7-dkfd
2015-04-14T00:00:00.000,29,Priorat,431140,Porrera,0,0.09,0,0.09,bks7-dkfd
2015-04-15T00:00:00.000,08,Baix Camp,430075,"Aleixar, l'",0,0.08,0,0.08,bks7-dkfd
2015-04-15T00:00:00.000,16,Conca de Barberà,430862,Montblanc,0,0.2,0,0.2,bks7-dkfd
2015-04-16T00:00:00.000,40,Vallès Occidental,082798,Terrassa,0.012,0,0,0.012,bks7-dkfd
2015-04-16T00:00:00.000,41,Vallès Oriental,080333,Caldes de Montbui,0,0.02,0.03,0.02,bks7-dkfd
2015-04-17T00:00:00.000,11,Baix Llobregat,080765,Esparreguera,0,0.035,0,0.035,bks7-dkfd
2015-04-18T00:00:00.000,16,Conca de Barberà,431303,Rocafort de Queralt,0.008,0,0,0.008,bks7-dkfd
2015-04-18T00:00:00.000,01,Alt Camp,430831,"Milà, el",0.83,1.18,0.16,2.01,bks7-dkfd
2015-04-18T00:00:00.000,06,Anoia,081629,"Hostalets de Pierola, els",0.02,0,0,0.02,bks7-dkfd
2015-04-20T00:00:00.000,33,Segrià,252265,Torrebesses,0,0.1,0,0.1,bks7-dkfd
2015-04-21T00:00:00.000,39,Val d'Aran,250595,Bossòst,0,74.93,0,74.93,bks7-dkfd
2015-04-22T00:00:00.000,11,Baix Llobregat,080765,Esparreguera,0,0.003,0,0.003,bks7-dkfd
2015-04-24T00:00:00.000,37,Terra Alta,430228,Batea,0.03,0,0,0.03,bks7-dkfd
2015-04-24T00:00:00.000,13,Barcelonès,082457,Santa Coloma de Gramenet,0,0.6,0,0.6,bks7-dkfd
2015-04-24T00:00:00.000,16,Conca de Barberà,430542,"Espluga de Francolí, l'",0.21,0.81,2.01,1.02,bks7-dkfd
2015-04-25T00:00:00.000,40,Vallès Occidental,082798,Terrassa,0.13,0,0,0.13,bks7-dkfd
2015-04-26T00:00:00.000,03,Alt Penedès,082732,Subirats,0,0.03,0,0.03,bks7-dkfd
2015-04-28T00:00:00.000,33,Segrià,250788,Corbins,0,0.2,0,0.2,bks7-dkfd
2015-04-28T00:00:00.000,14,Berguedà,080168,Bagà,0.01,0,0,0.01,bks7-dkfd
2015-04-29T00:00:00.000,22,Montsià,430043,Alcanar,0,0.04,0,0.04,bks7-dkfd
2015-04-30T00:00:00.000,21,Maresme,082845,Tordera,0.002,0,0,0.002,bks7-dkfd
2015-05-01T00:00:00.000,27,Pla d'Urgell,252304,Torregrossa,0,0.16,0,0.16,bks7-dkfd
2015-05-01T00:00:00.000,11,Baix Llobregat,083015,Viladecans,0.005,0,0,0.005,bks7-dkfd
2015-05-01T00:00:00.000,03,Alt Penedès,082877,Torrelavit,0.06,0,0,0.06,bks7-dkfd
2015-05-02T00:00:00.000,33,Segrià,252043,Seròs,0.2,0,0,0.2,bks7-dkfd
2015-05-03T00:00:00.000,03,Alt Penedès,080850,Font-rubí,0,0.04,0,0.04,bks7-dkfd
2015-05-04T00:00:00.000,07,Bages,081136,Manresa,0,0.02,0,0.02,bks7-dkfd
2015-05-04T00:00:00.000,33,Segrià,250387,Aitona,0.15,0,0,0.15,bks7-dkfd
2015-05-06T00:00:00.000,33,Segrià,250138,Alfarràs,7.8,0,0,7.8,bks7-dkfd
2015-05-06T00:00:00.000,03,Alt Penedès,080654,Castellví de la Marca,0.1,0,0,0.1,bks7-dkfd
2015-05-06T00:00:00.000,11,Baix Llobregat,081234,Molins de Rei,0.86,0,0,0.86,bks7-dkfd
2015-05-06T00:00:00.000,34,Selva,171485,Riudarenes,0.0045,0,0,0.0045,bks7-dkfd
2015-05-06T00:00:00.000,26,Pallars Sobirà,252094,Sort,0,0.0004,0,0.0004,bks7-dkfd
2015-05-07T00:00:00.000,07,Bages,081825,"Pont de Vilomara i Rocafort, el",0.25,0,0.4,0.25,bks7-dkfd
2015-05-07T00:00:00.000,06,Anoia,081614,Piera,0,0.05,0,0.05,bks7-dkfd
2015-05-07T00:00:00.000,29,Priorat,431129,Poboleda,0.04,0,0,0.04,bks7-dkfd
2015-05-08T00:00:00.000,08,Baix Camp,431299,Riudoms,0,0.2,0,0.2,bks7-dkfd
2015-05-08T00:00:00.000,41,Vallès Oriental,081075,Lliçà d'Amunt,0,0.0002,0,0.0002,bks7-dkfd
2015-05-08T00:00:00.000,37,Terra Alta,430712,Horta de Sant Joan,0,0.06,0,0.06,bks7-dkfd
2015-05-08T00:00:00.000,16,Conca de Barberà,430542,"Espluga de Francolí, l'",0.7,0,0,0.7,bks7-dkfd
2015-05-09T00:00:00.000,07,Bages,081825,"Pont de Vilomara i Rocafort, el",0,0.003,0,0.003,bks7-dkfd
2015-05-09T00:00:00.000,18,Garrigues,251018,"Granadella, la",0,0.42,0,0.42,bks7-dkfd
2015-05-09T00:00:00.000,41,Vallès Oriental,080235,Bigues i Riells,0.12,0,0,0.12,bks7-dkfd
2015-05-10T00:00:00.000,23,Noguera,250352,"Sentiu de Sió, la",0,0.17,0,0.17,bks7-dkfd
2015-05-10T00:00:00.000,07,Bages,080615,Castellgalí,0.42,0,0,0.42,bks7-dkfd
2015-05-10T00:00:00.000,07,Bages,082135,Sant Fruitós de Bages,0,0.09,0,0.09,bks7-dkfd
2015-05-10T00:00:00.000,07,Bages,081136,Manresa,0,0.003,0,0.003,bks7-dkfd
2015-05-11T00:00:00.000,41,Vallès Oriental,080333,Caldes de Montbui,0.12,0,0,0.12,bks7-dkfd
2015-05-11T00:00:00.000,41,Vallès Oriental,082482,Santa Eulàlia de Ronçana,0,0.05,0,0.05,bks7-dkfd
2015-05-11T00:00:00.000,33,Segrià,252043,Seròs,0,0.76,0,0.76,bks7-dkfd
2015-05-11T00:00:00.000,09,Baix Ebre,431554,Tortosa,0,0.03,0,0.03,bks7-dkfd
2015-05-11T00:00:00.000,41,Vallès Oriental,082021,Sant Celoni,0,0.05,0,0.05,bks7-dkfd
2015-05-11T00:00:00.000,40,Vallès Occidental,081568,Palau-solità i Plegamans,0,0.01,0,0.01,bks7-dkfd
2015-05-11T00:00:00.000,23,Noguera,250156,Algerri,1.9,2.29,0.01,4.19,bks7-dkfd
2015-05-11T00:00:00.000,18,Garrigues,252249,"Torms, els",14.48,3.41,2.61,17.89,bks7-dkfd
2015-05-11T00:00:00.000,10,Baix Empordà,170486,Castell-Platja d'Aro,0.0009,0,0,0.0009,bks7-dkfd
2015-05-11T00:00:00.000,41,Vallès Oriental,081810,"Roca del Vallès, la",0,0.0015,0,0.0015,bks7-dkfd
2015-05-11T00:00:00.000,41,Vallès Oriental,080410,Canovelles,0.02,0,0,0.02,bks7-dkfd
2015-05-12T00:00:00.000,03,Alt Penedès,082362,Sant Quintí de Mediona,0.05,0,0,0.05,bks7-dkfd
2015-05-12T00:00:00.000,03,Alt Penedès,082325,Sant Pere de Riudebitlles,0,0.05,0,0.05,bks7-dkfd
2015-05-12T00:00:00.000,30,Ribera d'Ebre,431520,"Torre de l'Espanyol, la",0.03,0.06,0,0.09,bks7-dkfd
2015-05-12T00:00:00.000,06,Anoia,080713,Copons,0.04,0,0,0.04,bks7-dkfd
2015-05-12T00:00:00.000,16,Conca de Barberà,430862,Montblanc,0.06,0,0,0.06,bks7-dkfd
2015-05-12T00:00:00.000,33,Segrià,252108,Soses,0,0.74,0,0.74,bks7-dkfd
2015-05-12T00:00:00.000,41,Vallès Oriental,081075,Lliçà d'Amunt,0.4,0,0,0.4,bks7-dkfd
2015-05-13T00:00:00.000,41,Vallès Oriental,081081,Lliçà de Vall,0,0.33,0,0.33,bks7-dkfd
2015-05-13T00:00:00.000,11,Baix Llobregat,081234,Molins de Rei,0.86,0,0,0.86,bks7-dkfd
2015-05-13T00:00:00.000,20,Gironès,170792,Girona,0.01,0.01,0,0.02,bks7-dkfd
2015-05-14T00:00:00.000,36,Tarragonès,430477,Constantí,1.79,0.71,0.03,2.5,bks7-dkfd
2015-05-14T00:00:00.000,06,Anoia,080484,Carme,0,0.1,0,0.1,bks7-dkfd
2015-05-14T00:00:00.000,06,Anoia,081614,Piera,0.15,0,0,0.15,bks7-dkfd
2015-05-14T00:00:00.000,07,Bages,082299,Sant Mateu de Bages,0.5,0,0,0.5,bks7-dkfd
2015-05-14T00:00:00.000,20,Gironès,171864,Sarrià de Ter,0.025,0.005,0.01,0.03,bks7-dkfd
2015-05-15T00:00:00.000,33,Segrià,250387,Aitona,1.98,0,0,1.98,bks7-dkfd
2015-05-15T00:00:00.000,33,Segrià,252043,Seròs,0,0.02,0,0.02,bks7-dkfd
2015-05-15T00:00:00.000,13,Barcelonès,082457,Santa Coloma de Gramenet,0,2.02,0,2.02,bks7-dkfd
2015-05-15T00:00:00.000,09,Baix Ebre,431331,Roquetes,0,0.37,0,0.37,bks7-dkfd
2015-05-15T00:00:00.000,09,Baix Ebre,431331,Roquetes,0,0.038,0,0.038,bks7-dkfd
2015-05-15T00:00:00.000,09,Baix Ebre,430252,Benifallet,0,0.55,0,0.55,bks7-dkfd
2015-05-15T00:00:00.000,20,Gironès,171693,Sant Julià de Ramis,0.02,0,0,0.02,bks7-dkfd
2015-05-16T00:00:00.000,36,Tarragonès,431482,Tarragona,0,0.08,0,0.08,bks7-dkfd
2015-05-16T00:00:00.000,24,Osona,081120,Manlleu,0,0.0009,0,0.0009,bks7-dkfd
2015-05-16T00:00:00.000,02,Alt Empordà,170123,Avinyonet de Puigventós,0.04,0,0,0.04,bks7-dkfd
2015-05-16T00:00:00.000,02,Alt Empordà,171352,Pont de Molins,0,0.003,0,0.003,bks7-dkfd
2015-05-16T00:00:00.000,01,Alt Camp,430017,Aiguamúrcia,0.65,0,0,0.65,bks7-dkfd
2015-05-16T00:00:00.000,20,Gironès,170792,Girona,0,0.045,0,0.045,bks7-dkfd
2015-05-16T00:00:00.000,41,Vallès Oriental,081810,"Roca del Vallès, la",0.15,0.09,0,0.24,bks7-dkfd
2015-05-16T00:00:00.000,06,Anoia,080484,Carme,0,0.002,0,0.002,bks7-dkfd
2015-05-16T00:00:00.000,03,Alt Penedès,082877,Torrelavit,1.4,0,0,1.4,bks7-dkfd
2015-05-17T00:00:00.000,41,Vallès Oriental,080885,"Garriga, la",0.0012,0,0,0.0012,bks7-dkfd
2015-05-17T00:00:00.000,34,Selva,170834,Hostalric,0.45,0,0,0.45,bks7-dkfd
2015-05-17T00:00:00.000,21,Maresme,080403,Canet de Mar,0,0.01,0,0.01,bks7-dkfd
2015-05-17T00:00:00.000,21,Maresme,082140,Vilassar de Dalt,0,0.19,0,0.19,bks7-dkfd
2015-05-18T00:00:00.000,30,Ribera d'Ebre,430607,Flix,0,0.14,0,0.14,bks7-dkfd
2015-05-18T00:00:00.000,11,Baix Llobregat,080898,Gavà,0,0.1,0,0.1,bks7-dkfd
2015-05-18T00:00:00.000,20,Gironès,170255,Bordils,0.04,0,0,0.04,bks7-dkfd
2015-05-18T00:00:00.000,38,Urgell,252385,Vallbona de les Monges,5.2,0.4,0.9,5.6,bks7-dkfd
2015-05-18T00:00:00.000,01,Alt Camp,431704,Vila-rodona,0.33,0.99,0.03,1.32,bks7-dkfd
2015-05-22T00:00:00.000,09,Baix Ebre,439039,Camarles,0,0.03,0,0.03,bks7-dkfd
2015-05-22T00:00:00.000,33,Segrià,250138,Alfarràs,0,0.06,0,0.06,bks7-dkfd
2015-05-22T00:00:00.000,06,Anoia,081614,Piera,0,0.037,0,0.037,bks7-dkfd
2015-05-22T00:00:00.000,03,Alt Penedès,082325,Sant Pere de Riudebitlles,0,0.3,0,0.3,bks7-dkfd
2015-05-22T00:00:00.000,01,Alt Camp,431606,Vallmoll,4.7,0.8,0.8,5.5,bks7-dkfd
2015-05-23T00:00:00.000,11,Baix Llobregat,080898,Gavà,0.22,0,0,0.22,bks7-dkfd
2015-05-23T00:00:00.000,03,Alt Penedès,080137,Avinyonet del Penedès,0,0.04,0,0.04,bks7-dkfd
2015-05-24T00:00:00.000,23,Noguera,250083,Albesa,1.5,0,0,1.5,bks7-dkfd
2015-05-24T00:00:00.000,41,Vallès Oriental,082969,Vallromanes,0,0.005,0,0.005,bks7-dkfd
2015-05-25T00:00:00.000,18,Garrigues,252069,"Soleràs, el",0.19,0,0.66,0.19,bks7-dkfd
2015-05-25T00:00:00.000,06,Anoia,083020,Vilanova del Camí,0.01,0,0,0.01,bks7-dkfd
2015-05-25T00:00:00.000,17,Garraf,082704,Sitges,0,0.09,0,0.09,bks7-dkfd
2015-05-26T00:00:00.000,33,Segrià,251023,"Granja d'Escarp, la",0,8.41,1.13,8.41,bks7-dkfd
2015-05-26T00:00:00.000,17,Garraf,082704,Sitges,0.02,0,0,0.02,bks7-dkfd
2015-05-26T00:00:00.000,23,Noguera,250371,"Avellanes i Santa Linya, les",0.52,0,0.6,0.52,bks7-dkfd
2015-05-26T00:00:00.000,36,Tarragonès,431482,Tarragona,0.7,2.6,0.1,3.3,bks7-dkfd
2015-05-26T00:00:00.000,14,Berguedà,082687,Cercs,0.02,0,0,0.02,bks7-dkfd
2015-05-27T00:00:00.000,12,Baix Penedès,431378,Sant Jaume dels Domenys,0,0.39,0,0.39,bks7-dkfd
2015-05-27T00:00:00.000,06,Anoia,081192,Masquefa,0.065,0,0,0.065,bks7-dkfd
2015-05-27T00:00:00.000,13,Barcelonès,082457,Santa Coloma de Gramenet,0,0.05,0,0.05,bks7-dkfd
2015-05-28T00:00:00.000,25,Pallars Jussà,251615,Conca de Dalt,0,0.2,0,0.2,bks7-dkfd
2015-05-29T00:00:00.000,08,Baix Camp,430094,Alforja,0,0.5,0,0.5,bks7-dkfd
2015-05-30T00:00:00.000,06,Anoia,080446,Capellades,0.03,0,0,0.03,bks7-dkfd
2015-05-30T00:00:00.000,41,Vallès Oriental,081593,Parets del Vallès,0,0.02,0,0.02,bks7-dkfd
2015-05-30T00:00:00.000,41,Vallès Oriental,080333,Caldes de Montbui,0,0.004,0,0.004,bks7-dkfd
2015-05-30T00:00:00.000,12,Baix Penedès,430379,Calafell,0,0.11,0,0.11,bks7-dkfd
2015-05-30T00:00:00.000,21,Maresme,081939,Sant Iscle de Vallalta,0.0006,0,0,0.0006,bks7-dkfd
2015-05-31T00:00:00.000,07,Bages,082129,Sant Feliu Sasserra,0.002,0,0,0.002,bks7-dkfd
2015-05-31T00:00:00.000,06,Anoia,080214,Bellprat,0.06,0,0,0.06,bks7-dkfd
2015-05-31T00:00:00.000,17,Garraf,082704,Sitges,0.005,0,0,0.005,bks7-dkfd
2015-05-31T00:00:00.000,06,Anoia,081043,"Llacuna, la",0.06,0,0,0.06,bks7-dkfd
2015-06-01T00:00:00.000,17,Garraf,082704,Sitges,0,0.01,0,0.01,bks7-dkfd
2015-06-01T00:00:00.000,18,Garrigues,252555,Vinaixa,0.31,0.69,0,1,bks7-dkfd
2015-06-04T00:00:00.000,34,Selva,170335,Caldes de Malavella,10.18,0.08,0,10.26,bks7-dkfd
2015-06-04T00:00:00.000,18,Garrigues,251692,"Pobla de Cérvoles, la",1.72,0.15,0.08,1.87,bks7-dkfd
2015-06-04T00:00:00.000,11,Baix Llobregat,080765,Esparreguera,0,1.95,1.42,1.95,bks7-dkfd
2015-06-05T00:00:00.000,20,Gironès,171576,Sant Andreu Salou,2.8,0,15.3,2.8,bks7-dkfd
2015-06-05T00:00:00.000,02,Alt Empordà,170470,Castelló d'Empúries,0.01,0.01,0,0.02,bks7-dkfd
2015-06-05T00:00:00.000,30,Ribera d'Ebre,430653,Garcia,0.3,0,0,0.3,bks7-dkfd
2015-06-05T00:00:00.000,34,Selva,170950,Lloret de Mar,0.38,0,0,0.38,bks7-dkfd
2015-06-05T00:00:00.000,11,Baix Llobregat,082896,Torrelles de Llobregat,0,0.37,2.31,0.37,bks7-dkfd
2015-06-06T00:00:00.000,40,Vallès Occidental,082055,Sant Cugat del Vallès,0,0.01,0,0.01,bks7-dkfd
2015-06-06T00:00:00.000,40,Vallès Occidental,081799,Rellinars,0.84,0,0,0.84,bks7-dkfd
2015-06-06T00:00:00.000,07,Bages,082135,Sant Fruitós de Bages,2.9,3.2,13.8,6.1,bks7-dkfd
2015-06-07T00:00:00.000,30,Ribera d'Ebre,430192,Ascó,0.6,0,1,0.6,bks7-dkfd
2015-06-07T00:00:00.000,07,Bages,082747,Súria,0.008,0,0,0.008,bks7-dkfd
2015-06-07T00:00:00.000,06,Anoia,080636,Castellolí,0,0.0005,0,0.0005,bks7-dkfd
2015-06-08T00:00:00.000,06,Anoia,081521,Orpí,0.0001,0,0,0.0001,bks7-dkfd
2015-06-08T00:00:00.000,03,Alt Penedès,081228,Mediona,0.2,0,0,0.2,bks7-dkfd
2015-06-08T00:00:00.000,34,Selva,171463,Riells i Viabrea,0.0005,0,0,0.0005,bks7-dkfd
2015-06-08T00:00:00.000,40,Vallès Occidental,080543,Castellbisbal,0.08,0,0,0.08,bks7-dkfd
2015-06-08T00:00:00.000,02,Alt Empordà,171523,Roses,0.01,0.04,0,0.05,bks7-dkfd
2015-06-08T00:00:00.000,10,Baix Empordà,171241,Pals,0.001,0,0,0.001,bks7-dkfd
2015-06-08T00:00:00.000,07,Bages,081825,"Pont de Vilomara i Rocafort, el",0.001,0,0,0.001,bks7-dkfd
2015-06-09T00:00:00.000,01,Alt Camp,431205,Querol,0.0009,0,0,0.0009,bks7-dkfd
2015-06-09T00:00:00.000,29,Priorat,430555,Falset,9.48,13.75,1.22,23.23,bks7-dkfd
2015-06-09T00:00:00.000,21,Maresme,081939,Sant Iscle de Vallalta,0.12,0,0,0.12,bks7-dkfd
2015-06-09T00:00:00.000,33,Segrià,251207,Lleida,1.88,0.08,0,1.96,bks7-dkfd
2015-06-09T00:00:00.000,29,Priorat,431140,Porrera,0.0012,0,0,0.0012,bks7-dkfd
2015-06-09T00:00:00.000,01,Alt Camp,430918,Mont-ral,0.0006,0,0,0.0006,bks7-dkfd
2015-06-09T00:00:00.000,08,Baix Camp,430094,Alforja,0.0025,0,0,0.0025,bks7-dkfd
2015-06-10T00:00:00.000,09,Baix Ebre,431554,Tortosa,0.0001,0,0,0.0001,bks7-dkfd
2015-06-10T00:00:00.000,18,Garrigues,250061,"Albagés, l'",0,0.09,0.07,0.09,bks7-dkfd
2015-06-10T00:00:00.000,04,Alt Urgell,251850,Ribera d'Urgellet,0.0001,0,0,0.0001,bks7-dkfd
2015-06-11T00:00:00.000,07,Bages,081419,Navàs,0.42,0,0,0.42,bks7-dkfd
2015-06-11T00:00:00.000,07,Bages,082135,Sant Fruitós de Bages,0,0.0002,0,0.0002,bks7-dkfd
2015-06-11T00:00:00.000,14,Berguedà,081326,Montmajor,0,0.001,0,0.001,bks7-dkfd
2015-06-11T00:00:00.000,18,Garrigues,251692,"Pobla de Cérvoles, la",0.3,1.7,1.5,2,bks7-dkfd
2015-06-12T00:00:00.000,37,Terra Alta,431750,Vilalba dels Arcs,1.3,1.1,0.2,2.4,bks7-dkfd
2015-06-12T00:00:00.000,20,Gironès,170792,Girona,0.006,0,0,0.006,bks7-dkfd
2015-06-15T00:00:00.000,12,Baix Penedès,430022,Albinyana,0.0005,0,0,0.0005,bks7-dkfd
2015-06-17T00:00:00.000,37,Terra Alta,430228,Batea,0,0.1,0.16,0.1,bks7-dkfd
2015-06-18T00:00:00.000,41,Vallès Oriental,081982,Sant Antoni de Vilamajor,0,0.15,0,0.15,bks7-dkfd
2015-06-18T00:00:00.000,18,Garrigues,250674,Castelldans,0,0.48,1.92,0.48,bks7-dkfd
2015-06-19T00:00:00.000,22,Montsià,430141,Amposta,0,0.0054,0,0.0054,bks7-dkfd
2015-06-21T00:00:00.000,40,Vallès Occidental,082798,Terrassa,0.5,0,0,0.5,bks7-dkfd
2015-06-22T00:00:00.000,40,Vallès Occidental,081878,Sabadell,0,0.12,0,0.12,bks7-dkfd
2015-06-22T00:00:00.000,04,Alt Urgell,251850,Ribera d'Urgellet,0.0001,0,0,0.0001,bks7-dkfd
2015-06-23T00:00:00.000,21,Maresme,082303,Premià de Dalt,0.03,0,0,0.03,bks7-dkfd
2015-06-23T00:00:00.000,19,Garrotxa,170985,Maià de Montcal,0.01,0,0,0.01,bks7-dkfd
2015-06-23T00:00:00.000,06,Anoia,080214,Bellprat,0.013,0,0,0.013,bks7-dkfd
2015-06-23T00:00:00.000,17,Garraf,082704,Sitges,0,0.15,0,0.15,bks7-dkfd
2015-06-23T00:00:00.000,21,Maresme,082824,Tiana,0,0.005,0,0.005,bks7-dkfd
2015-06-23T00:00:00.000,41,Vallès Oriental,081810,"Roca del Vallès, la",0,0.025,0.5,0.025,bks7-dkfd
2015-06-24T00:00:00.000,34,Selva,170335,Caldes de Malavella,0.1,0,1.34,0.1,bks7-dkfd
2015-06-24T00:00:00.000,11,Baix Llobregat,080765,Esparreguera,0.12,0,0,0.12,bks7-dkfd
2015-06-24T00:00:00.000,40,Vallès Occidental,082798,Terrassa,0,0.1,0,0.1,bks7-dkfd
2015-06-24T00:00:00.000,07,Bages,082628,Sant Vicenç de Castellet,0,0.0015,0,0.0015,bks7-dkfd
2015-06-24T00:00:00.000,10,Baix Empordà,171997,Torroella de Montgrí,0,0.003,0,0.003,bks7-dkfd
2015-06-24T00:00:00.000,07,Bages,082135,Sant Fruitós de Bages,0,0.34,2.4,0.34,bks7-dkfd
2015-06-24T00:00:00.000,10,Baix Empordà,171609,Sant Feliu de Guíxols,0.09,0,0,0.09,bks7-dkfd
2015-06-25T00:00:00.000,34,Selva,171931,Sils,0.01,0,0,0.01,bks7-dkfd
2015-06-25T00:00:00.000,40,Vallès Occidental,081252,Montcada i Reixac,0.03,0,0,0.03,bks7-dkfd
2015-06-25T00:00:00.000,13,Barcelonès,080155,Badalona,0,0.3,0,0.3,bks7-dkfd
2015-06-25T00:00:00.000,13,Barcelonès,080155,Badalona,0,0.07,0,0.07,bks7-dkfd
2015-06-26T00:00:00.000,16,Conca de Barberà,430862,Montblanc,0,0.0004,0,0.0004,bks7-dkfd
2015-06-26T00:00:00.000,11,Baix Llobregat,082080,Sant Esteve Sesrovires,0,0.025,0,0.025,bks7-dkfd
2015-06-27T00:00:00.000,02,Alt Empordà,172272,Vilamaniscle,0,0.82,0,0.82,bks7-dkfd
2015-06-28T00:00:00.000,06,Anoia,081192,Masquefa,0,0.1,0,0.1,bks7-dkfd
2015-06-29T00:00:00.000,40,Vallès Occidental,082798,Terrassa,0,0.05,0,0.05,bks7-dkfd
2015-06-29T00:00:00.000,14,Berguedà,082554,Santa Maria de Merlès,0,0.03,0.22,0.03,bks7-dkfd
2015-06-29T00:00:00.000,21,Maresme,081555,Palafolls,0,0.01,0,0.01,bks7-dkfd
2015-06-30T00:00:00.000,10,Baix Empordà,172327,Vilopriu,0,0.1,0,0.1,bks7-dkfd
2015-06-30T00:00:00.000,11,Baix Llobregat,082634,Sant Vicenç dels Horts,0,0.84,0,0.84,bks7-dkfd
2015-06-30T00:00:00.000,11,Baix Llobregat,081234,Molins de Rei,0,0.0025,0,0.0025,bks7-dkfd
2015-06-30T00:00:00.000,41,Vallès Oriental,082021,Sant Celoni,0.5,1.2,0.03,1.7,bks7-dkfd
2015-06-30T00:00:00.000,07,Bages,080180,Balsareny,0,0.015,0,0.015,bks7-dkfd
2015-07-01T00:00:00.000,13,Barcelonès,080193,Barcelona,1.15,18.62,0.34,19.77,bks7-dkfd
2015-07-01T00:00:00.000,13,Barcelonès,080193,Barcelona,0,0.5,0,0.5,bks7-dkfd
2015-07-01T00:00:00.000,16,Conca de Barberà,430862,Montblanc,1.8,0.6,3.5,2.4,bks7-dkfd
2015-07-01T00:00:00.000,11,Baix Llobregat,080765,Esparreguera,0.1,0.8,1.2,0.9,bks7-dkfd
2015-07-03T00:00:00.000,37,Terra Alta,430640,Gandesa,0.3,1.7,5.4,2,bks7-dkfd
2015-07-03T00:00:00.000,06,Anoia,080608,Castellfollit de Riubregós,0.036,0,0,0.036,bks7-dkfd
2015-07-03T00:00:00.000,02,Alt Empordà,171523,Roses,0,0.01,0,0.01,bks7-dkfd
2015-07-03T00:00:00.000,40,Vallès Occidental,081252,Montcada i Reixac,0,4.07,8.52,4.07,bks7-dkfd
2015-07-03T00:00:00.000,14,Berguedà,080996,Guardiola de Berguedà,0,0.0006,0,0.0006,bks7-dkfd
2015-07-04T00:00:00.000,20,Gironès,170675,Flaçà,0.0011,0,0,0.0011,bks7-dkfd
2015-07-04T00:00:00.000,40,Vallès Occidental,081878,Sabadell,0,0.3,0,0.3,bks7-dkfd
2015-07-04T00:00:00.000,40,Vallès Occidental,082055,Sant Cugat del Vallès,0.03,0,0,0.03,bks7-dkfd
2015-07-04T00:00:00.000,23,Noguera,250621,Camarasa,0,0.006,0,0.006,bks7-dkfd
2015-07-05T00:00:00.000,40,Vallès Occidental,082665,Cerdanyola del Vallès,0,0.0025,0,0.0025,bks7-dkfd
2015-07-05T00:00:00.000,21,Maresme,081265,Montgat,0.23,1.4,0,1.63,bks7-dkfd
2015-07-05T00:00:00.000,33,Segrià,250387,Aitona,0,1.9,0,1.9,bks7-dkfd
2015-07-05T00:00:00.000,41,Vallès Oriental,081249,Mollet del Vallès,0.04,0,0,0.04,bks7-dkfd
2015-07-05T00:00:00.000,07,Bages,082135,Sant Fruitós de Bages,0,0.0075,0,0.0075,bks7-dkfd
2015-07-06T00:00:00.000,41,Vallès Oriental,080863,"Franqueses del Vallès, les",0.1,0.38,0.2,0.48,bks7-dkfd
2015-07-06T00:00:00.000,08,Baix Camp,430311,"Borges del Camp, les",0.045,0,0,0.045,bks7-dkfd
2015-07-06T00:00:00.000,06,Anoia,080253,"Bruc, el",0.08,0,0.01,0.08,bks7-dkfd
2015-07-06T00:00:00.000,01,Alt Camp,431704,Vila-rodona,0,0.2,1,0.2,bks7-dkfd
2015-07-07T00:00:00.000,06,Anoia,081653,"Pobla de Claramunt, la",0.8,0,0.07,0.8,bks7-dkfd
2015-07-07T00:00:00.000,07,Bages,080109,Artés,2.32,0.48,1.68,2.8,bks7-dkfd
2015-07-07T00:00:00.000,16,Conca de Barberà,430542,"Espluga de Francolí, l'",0.84,0.62,0.06,1.46,bks7-dkfd
2015-07-07T00:00:00.000,20,Gironès,170792,Girona,0.002,0,0,0.002,bks7-dkfd
2015-07-08T00:00:00.000,40,Vallès Occidental,082798,Terrassa,0,0.1,0,0.1,bks7-dkfd
2015-07-08T00:00:00.000,07,Bages,080478,Cardona,0.07,0,0,0.07,bks7-dkfd
2015-07-08T00:00:00.000,21,Maresme,081555,Palafolls,0.008,0,0,0.008,bks7-dkfd
2015-07-09T00:00:00.000,40,Vallès Occidental,082798,Terrassa,0,0.03,0,0.03,bks7-dkfd
2015-07-09T00:00:00.000,21,Maresme,082824,Tiana,0,0.003,0,0.003,bks7-dkfd
2015-07-09T00:00:00.000,02,Alt Empordà,170926,Llançà,0,0.05,0,0.05,bks7-dkfd
2015-07-09T00:00:00.000,36,Tarragonès,431482,Tarragona,0,0.02,0,0.02,bks7-dkfd
2015-07-10T00:00:00.000,11,Baix Llobregat,083015,Viladecans,0.015,0,0,0.015,bks7-dkfd
2015-07-10T00:00:00.000,29,Priorat,431573,Ulldemolins,0.001,0,0,0.001,bks7-dkfd
2015-07-10T00:00:00.000,16,Conca de Barberà,430733,Llorac,0.68,0.2,7.37,0.88,bks7-dkfd
2015-07-11T00:00:00.000,34,Selva,172137,Vidreres,0.005,0,0,0.005,bks7-dkfd
2015-07-11T00:00:00.000,07,Bages,080983,Sant Salvador de Guardiola,0.085,0,0,0.085,bks7-dkfd
2015-07-12T00:00:00.000,12,Baix Penedès,430901,"Montmell, el",0,0.15,0,0.15,bks7-dkfd
2015-07-12T00:00:00.000,40,Vallès Occidental,083008,Viladecavalls,0.08,0,0,0.08,bks7-dkfd
2015-07-12T00:00:00.000,04,Alt Urgell,250447,Bassella,0,0.12,0,0.12,bks7-dkfd
2015-07-12T00:00:00.000,26,Pallars Sobirà,252094,Sort,0,0.005,0,0.005,bks7-dkfd
2015-07-12T00:00:00.000,14,Berguedà,082687,Cercs,0,0.0025,0,0.0025,bks7-dkfd
2015-07-12T00:00:00.000,42,Moianès,080556,Castellcir,0,0.05,0,0.05,bks7-dkfd
2015-07-13T00:00:00.000,02,Alt Empordà,172235,Vilajuïga,0,0.05,0,0.05,bks7-dkfd
2015-07-13T00:00:00.000,34,Selva,172023,Tossa de Mar,0.004,0,0,0.004,bks7-dkfd
2015-07-13T00:00:00.000,02,Alt Empordà,171387,Portbou,0.49,19.1,0.53,19.59,bks7-dkfd
2015-07-15T00:00:00.000,23,Noguera,250404,Balaguer,0,0.15,0,0.15,bks7-dkfd
2015-07-15T00:00:00.000,11,Baix Llobregat,080018,Abrera,0,0.015,0,0.015,bks7-dkfd
2015-07-15T00:00:00.000,07,Bages,080983,Sant Salvador de Guardiola,0.4,0.6,0.4,1,bks7-dkfd
2015-07-15T00:00:00.000,11,Baix Llobregat,080018,Abrera,0,0.008,0,0.008,bks7-dkfd
2015-07-15T00:00:00.000,35,Solsonès,250642,Castellar de la Ribera,0.52,0.45,5.08,0.97,bks7-dkfd
2015-07-16T00:00:00.000,32,Segarra,250557,Biosca,2.64,0.82,4.73,3.46,bks7-dkfd
2015-07-16T00:00:00.000,34,Selva,170335,Caldes de Malavella,0.085,0,0,0.085,bks7-dkfd
2015-07-16T00:00:00.000,23,Noguera,251569,Os de Balaguer,2.6,1.5,0.8,4.1,bks7-dkfd
2015-07-16T00:00:00.000,40,Vallès Occidental,082798,Terrassa,0.01,0,0,0.01,bks7-dkfd
2015-07-17T00:00:00.000,26,Pallars Sobirà,251832,Rialp,0.02,0,0,0.02,bks7-dkfd
2015-07-17T00:00:00.000,15,Cerdanya,250518,Bellver de Cerdanya,4.2,0.11,0,4.31,bks7-dkfd
2015-07-18T00:00:00.000,14,Berguedà,081424,"Nou de Berguedà, la",0,0.02,0,0.02,bks7-dkfd
2015-07-18T00:00:00.000,29,Priorat,430960,"Morera de Montsant, la",0,0.1,0,0.1,bks7-dkfd
2015-07-18T00:00:00.000,06,Anoia,080364,Calonge de Segarra,1.2,1.2,11.7,2.4,bks7-dkfd
2015-07-18T00:00:00.000,23,Noguera,251569,Os de Balaguer,0,0.5,0,0.5,bks7-dkfd
2015-07-18T00:00:00.000,26,Pallars Sobirà,252094,Sort,0,0.026,0,0.026,bks7-dkfd
2015-07-20T00:00:00.000,06,Anoia,082264,Sant Martí de Tous,0.004,0,0,0.004,bks7-dkfd
2015-07-20T00:00:00.000,06,Anoia,081653,"Pobla de Claramunt, la",0.03,0,0,0.03,bks7-dkfd
2015-07-20T00:00:00.000,35,Solsonès,251667,Pinell de Solsonès,0,0.005,0,0.005,bks7-dkfd
2015-07-20T00:00:00.000,02,Alt Empordà,171432,Rabós,0.12,0.03,3.59,0.15,bks7-dkfd
2015-07-20T00:00:00.000,11,Baix Llobregat,081574,Pallejà,0.15,0,0,0.15,bks7-dkfd
2015-07-20T00:00:00.000,24,Osona,172207,Viladrau,0.07,0,0,0.07,bks7-dkfd
2015-07-21T00:00:00.000,40,Vallès Occidental,081878,Sabadell,0,1.03,0,1.03,bks7-dkfd
2015-07-21T00:00:00.000,14,Berguedà,081326,Montmajor,0.005,0,0,0.005,bks7-dkfd
2015-07-21T00:00:00.000,28,Pla de l'Estany,170656,Esponellà,0.05,0,0,0.05,bks7-dkfd
2015-07-21T00:00:00.000,20,Gironès,170792,Girona,14.67,24.15,1.57,38.82,bks7-dkfd
2015-07-21T00:00:00.000,40,Vallès Occidental,082055,Sant Cugat del Vallès,0,0.005,0,0.005,bks7-dkfd
2015-07-23T00:00:00.000,38,Urgell,252385,Vallbona de les Monges,0.06,0,0,0.06,bks7-dkfd
2015-07-24T00:00:00.000,08,Baix Camp,430923,Mont-roig del Camp,0.92,0,0.13,0.92,bks7-dkfd
2015-07-24T00:00:00.000,11,Baix Llobregat,080898,Gavà,0,0.08,0,0.08,bks7-dkfd
2015-07-24T00:00:00.000,37,Terra Alta,430189,Arnes,0,0.4,0,0.4,bks7-dkfd
2015-07-25T00:00:00.000,02,Alt Empordà,170160,Bàscara,0.004,0,0,0.004,bks7-dkfd
2015-07-26T00:00:00.000,06,Anoia,081430,Òdena,905.3,154.1,204.5,1059.4,bks7-dkfd
2015-07-26T00:00:00.000,40,Vallès Occidental,081206,Matadepera,0,0.002,0,0.002,bks7-dkfd
2015-07-26T00:00:00.000,41,Vallès Oriental,081363,Montornès del Vallès,0,0.1,0,0.1,bks7-dkfd
2015-07-26T00:00:00.000,38,Urgell,259025,Sant Martí de Riucorb,0,0.004,0,0.004,bks7-dkfd
2015-07-26T00:00:00.000,40,Vallès Occidental,082798,Terrassa,0,0.006,0,0.006,bks7-dkfd
2015-07-26T00:00:00.000,20,Gironès,171735,Sant Martí Vell,0.046,0,0,0.046,bks7-dkfd
2015-07-27T00:00:00.000,29,Priorat,430271,"Bisbal de Falset, la",0,0.08,0,0.08,bks7-dkfd
2015-07-29T00:00:00.000,21,Maresme,081635,Pineda de Mar,0.23,0.01,0,0.24,bks7-dkfd
2015-07-30T00:00:00.000,41,Vallès Oriental,082943,Vallgorguina,0.005,0,0,0.005,bks7-dkfd
2015-07-31T00:00:00.000,30,Ribera d'Ebre,431508,Tivissa,0,0.0025,0,0.0025,bks7-dkfd
2015-07-31T00:00:00.000,13,Barcelonès,081944,Sant Adrià de Besòs,0,0.006,0,0.006,bks7-dkfd
2015-08-02T00:00:00.000,24,Osona,082331,Sant Pere de Torelló,0,0.03,0,0.03,bks7-dkfd
2015-08-02T00:00:00.000,03,Alt Penedès,081458,Olèrdola,0.015,0,0,0.015,bks7-dkfd
2015-08-02T00:00:00.000,02,Alt Empordà,171024,Maçanet de Cabrenys,0.0001,0,0,0.0001,bks7-dkfd
2015-08-03T00:00:00.000,08,Baix Camp,430094,Alforja,0.1,0,0,0.1,bks7-dkfd
2015-08-03T00:00:00.000,09,Baix Ebre,430136,"Ametlla de Mar, l'",0,0.003,0,0.003,bks7-dkfd
2015-08-03T00:00:00.000,33,Segrià,252043,Seròs,5.7,0.8,0,6.5,bks7-dkfd
2015-08-04T00:00:00.000,10,Baix Empordà,171306,"Pera, la",0,0.04,0,0.04,bks7-dkfd
2015-08-04T00:00:00.000,24,Osona,172207,Viladrau,0.004,0,0,0.004,bks7-dkfd
2015-08-05T00:00:00.000,16,Conca de Barberà,431476,Solivella,0,1.94,0,1.94,bks7-dkfd
2015-08-05T00:00:00.000,02,Alt Empordà,170470,Castelló d'Empúries,0,0.05,0,0.05,bks7-dkfd
2015-08-05T00:00:00.000,20,Gironès,171426,Quart,1.7,0,0,1.7,bks7-dkfd
2015-08-06T00:00:00.000,07,Bages,080386,Callús,0.03,0,0,0.03,bks7-dkfd
2015-08-06T00:00:00.000,02,Alt Empordà,171523,Roses,0,0.15,0,0.15,bks7-dkfd
2015-08-07T00:00:00.000,40,Vallès Occidental,081878,Sabadell,0,0.35,0,0.35,bks7-dkfd
2015-08-11T00:00:00.000,36,Tarragonès,431482,Tarragona,0,0.01,0,0.01,bks7-dkfd
2015-08-12T00:00:00.000,06,Anoia,083020,Vilanova del Camí,0.006,0,0,0.006,bks7-dkfd
2015-08-15T00:00:00.000,06,Anoia,080636,Castellolí,0.001,0,0,0.001,bks7-dkfd
2015-08-16T00:00:00.000,17,Garraf,081483,Olivella,0.002,0,0,0.002,bks7-dkfd
2015-08-16T00:00:00.000,17,Garraf,082310,Sant Pere de Ribes,0.005,0,0,0.005,bks7-dkfd
2015-08-16T00:00:00.000,07,Bages,081419,Navàs,0.0009,0,0,0.0009,bks7-dkfd
2015-08-16T00:00:00.000,07,Bages,080620,Castellnou de Bages,0.0015,0,0,0.0015,bks7-dkfd
2015-08-20T00:00:00.000,32,Segarra,259078,Torrefeta i Florejacs,0,0.05,0,0.05,bks7-dkfd
2015-08-21T00:00:00.000,36,Tarragonès,431482,Tarragona,0.0005,0,0,0.0005,bks7-dkfd
2015-08-24T00:00:00.000,09,Baix Ebre,430136,"Ametlla de Mar, l'",1.2,43.83,0.11,45.03,bks7-dkfd
2015-08-25T00:00:00.000,08,Baix Camp,430923,Mont-roig del Camp,0,0.05,0,0.05,bks7-dkfd
2015-08-26T00:00:00.000,08,Baix Camp,431628,Vandellòs i l'Hospitalet de l'Infant,0.7,0,0,0.7,bks7-dkfd
2015-08-26T00:00:00.000,08,Baix Camp,431628,Vandellòs i l'Hospitalet de l'Infant,0.003,0,0,0.003,bks7-dkfd
2015-08-27T00:00:00.000,13,Barcelonès,080155,Badalona,0,0.0012,0,0.0012,bks7-dkfd
2015-08-27T00:00:00.000,30,Ribera d'Ebre,430265,Benissanet,0.04,0,0,0.04,bks7-dkfd
2015-08-27T00:00:00.000,11,Baix Llobregat,081580,"Papiol, el",0.009,0,0,0.009,bks7-dkfd
2015-08-27T00:00:00.000,38,Urgell,251575,Ossó de Sió,0.28,0.57,4.69,0.85,bks7-dkfd
2015-08-29T00:00:00.000,29,Priorat,430496,Cornudella de Montsant,4.94,24.06,0.44,29,bks7-dkfd
2015-08-29T00:00:00.000,29,Priorat,430496,Cornudella de Montsant,0.0075,0,0,0.0075,bks7-dkfd
2015-08-29T00:00:00.000,16,Conca de Barberà,431726,Vilaverd,0,0.02,0.97,0.02,bks7-dkfd
2015-08-30T00:00:00.000,03,Alt Penedès,083054,Vilafranca del Penedès,0,0.02,0,0.02,bks7-dkfd
2015-08-31T00:00:00.000,26,Pallars Sobirà,259031,"Guingueta d'Àneu, la",0,0.0008,0,0.0008,bks7-dkfd
2015-08-31T00:00:00.000,16,Conca de Barberà,430542,"Espluga de Francolí, l'",0.01,0,0,0.01,bks7-dkfd
2015-08-31T00:00:00.000,29,Priorat,431140,Porrera,0,0.002,0,0.002,bks7-dkfd
2015-09-01T00:00:00.000,40,Vallès Occidental,082917,Vacarisses,0.05,0,0,0.05,bks7-dkfd
2015-09-01T00:00:00.000,03,Alt Penedès,080581,Castellet i la Gornal,0,0.04,0,0.04,bks7-dkfd
2015-09-03T00:00:00.000,02,Alt Empordà,170329,Cadaqués,0,0.002,0,0.002,bks7-dkfd
2015-09-06T00:00:00.000,08,Baix Camp,431188,Pratdip,0,0.77,0.06,0.77,bks7-dkfd
2015-09-07T00:00:00.000,21,Maresme,081213,Mataró,0,0.3,0,0.3,bks7-dkfd
2015-09-10T00:00:00.000,41,Vallès Oriental,082482,Santa Eulàlia de Ronçana,0,0.001,0,0.001,bks7-dkfd
2015-09-13T00:00:00.000,02,Alt Empordà,171582,Sant Climent Sescebes,0,0.5,0,0.5,bks7-dkfd
2015-09-14T00:00:00.000,35,Solsonès,250753,Clariana de Cardener,0,0.0006,0,0.0006,bks7-dkfd
2015-09-15T00:00:00.000,41,Vallès Oriental,080333,Caldes de Montbui,0.03,0,0,0.03,bks7-dkfd
2015-09-17T00:00:00.000,41,Vallès Oriental,080811,Fogars de Montclús,0.03,0,0,0.03,bks7-dkfd
2015-09-17T00:00:00.000,28,Pla de l'Estany,171236,Palol de Revardit,0.0094,0,0,0.0094,bks7-dkfd
2015-09-19T00:00:00.000,41,Vallès Oriental,080863,"Franqueses del Vallès, les",0.23,0,0,0.23,bks7-dkfd
2015-09-21T00:00:00.000,38,Urgell,251305,Maldà,0,0.65,0.54,0.65,bks7-dkfd
2015-09-22T00:00:00.000,41,Vallès Oriental,080425,Cànoves i Samalús,0.008,0,0,0.008,bks7-dkfd
2015-09-22T00:00:00.000,07,Bages,082135,Sant Fruitós de Bages,0.51,0.43,0,0.94,bks7-dkfd
2015-09-23T00:00:00.000,09,Baix Ebre,430252,Benifallet,0,0.13,0,0.13,bks7-dkfd
2015-09-26T00:00:00.000,41,Vallès Oriental,080333,Caldes de Montbui,0.015,0,0,0.015,bks7-dkfd
2015-09-28T00:00:00.000,09,Baix Ebre,431042,"Perelló, el",0.1,0,0,0.1,bks7-dkfd
2015-09-28T00:00:00.000,02,Alt Empordà,170622,"Escala, l'",0.04,0,0,0.04,bks7-dkfd
2015-09-29T00:00:00.000,02,Alt Empordà,170622,"Escala, l'",0.01,0,0,0.01,bks7-dkfd
2015-10-03T00:00:00.000,09,Baix Ebre,430069,Aldover,0,0.0005,0,0.0005,bks7-dkfd
2015-10-09T00:00:00.000,30,Ribera d'Ebre,431212,Rasquera,0,0.1,0,0.1,bks7-dkfd
2015-10-10T00:00:00.000,35,Solsonès,251517,Olius,0,0.18,0,0.18,bks7-dkfd
2015-10-10T00:00:00.000,37,Terra Alta,430419,Caseres,2.35,0.02,0.94,2.37,bks7-dkfd
2015-10-10T00:00:00.000,05,Alta Ribagorça,250432,"Vall de Boí, la",0,0.0015,0,0.0015,bks7-dkfd
2015-10-10T00:00:00.000,35,Solsonès,251863,Riner,0,0.0001,0,0.0001,bks7-dkfd
2015-10-12T00:00:00.000,40,Vallès Occidental,082798,Terrassa,0,0.06,0,0.06,bks7-dkfd
2015-10-12T00:00:00.000,07,Bages,082779,Talamanca,0,0.002,0,0.002,bks7-dkfd
2015-10-21T00:00:00.000,16,Conca de Barberà,430213,Barberà de la Conca,0,0.31,0,0.31,bks7-dkfd
2015-10-22T00:00:00.000,16,Conca de Barberà,431418,Pontils,1.1,0,0,1.1,bks7-dkfd
2015-10-22T00:00:00.000,37,Terra Alta,431068,"Pinell de Brai, el",5.81,0.95,13.54,6.76,bks7-dkfd
2015-10-22T00:00:00.000,10,Baix Empordà,170221,"Bisbal d'Empordà, la",0.03,0,0,0.03,bks7-dkfd
2015-10-22T00:00:00.000,07,Bages,081825,"Pont de Vilomara i Rocafort, el",0,0.16,0,0.16,bks7-dkfd
2015-10-23T00:00:00.000,07,Bages,080983,Sant Salvador de Guardiola,0.03,0,0,0.03,bks7-dkfd
2015-10-25T00:00:00.000,37,Terra Alta,430228,Batea,0,0.15,0,0.15,bks7-dkfd
2015-10-26T00:00:00.000,33,Segrià,250117,Alcarràs,0.32,0,0,0.32,bks7-dkfd
2015-11-17T00:00:00.000,11,Baix Llobregat,081691,"Prat de Llobregat, el",0,0.87,0,0.87,bks7-dkfd
2015-11-22T00:00:00.000,19,Garrotxa,172082,"Vall de Bianya, la",0,0.001,0,0.001,bks7-dkfd
2015-11-25T00:00:00.000,01,Alt Camp,430056,Alcover,1.63,0,0,1.63,bks7-dkfd
2015-11-25T00:00:00.000,33,Segrià,259123,Gimenells i el Pla de la Font,0.3,0,0,0.3,bks7-dkfd
2015-11-26T00:00:00.000,09,Baix Ebre,430521,Xerta,0.63,0,0,0.63,bks7-dkfd
2015-11-26T00:00:00.000,08,Baix Camp,430923,Mont-roig del Camp,0,0.09,0,0.09,bks7-dkfd
2015-11-28T00:00:00.000,16,Conca de Barberà,430862,Montblanc,0.005,0,0,0.005,bks7-dkfd
2015-11-29T00:00:00.000,16,Conca de Barberà,430862,Montblanc,0,0.002,0,0.002,bks7-dkfd
2015-12-12T00:00:00.000,07,Bages,080902,Gaià,0.0004,0,0,0.0004,bks7-dkfd
2015-12-19T00:00:00.000,02,Alt Empordà,170741,Fortià,0,0.2,0,0.2,bks7-dkfd
2015-12-24T00:00:00.000,41,Vallès Oriental,082021,Sant Celoni,0.29,0,0,0.29,bks7-dkfd
2015-12-26T00:00:00.000,20,Gironès,170979,Madremanya,0.039,0,0,0.039,bks7-dkfd
2015-12-30T00:00:00.000,09,Baix Ebre,431554,Tortosa,0.05,0,0,0.05,bks7-dkfd
2016-01-02T00:00:00.000,29,Priorat,430825,"Masroig, el",0,0.0001,0,0.0001,bks7-dkfd
2016-01-02T00:00:00.000,29,Priorat,430825,"Masroig, el",0,0.0002,0,0.0002,bks7-dkfd
2016-01-02T00:00:00.000,29,Priorat,430825,"Masroig, el",0,0.0002,0,0.0002,bks7-dkfd
2016-01-03T00:00:00.000,34,Selva,170097,Arbúcies,0.03,0,0,0.03,bks7-dkfd
2016-01-06T00:00:00.000,12,Baix Penedès,430022,Albinyana,10.6,4.7,0.1,15.3,bks7-dkfd
2016-01-07T00:00:00.000,06,Anoia,082508,Santa Margarida de Montbui,0,0.06,0,0.06,bks7-dkfd
2016-01-08T00:00:00.000,21,Maresme,080291,Cabrera de Mar,0.15,0,0,0.15,bks7-dkfd
2016-01-09T00:00:00.000,40,Vallès Occidental,082055,Sant Cugat del Vallès,0,0.0012,0,0.0012,bks7-dkfd
2016-01-10T00:00:00.000,28,Pla de l'Estany,170715,Fontcoberta,0.24,0,0,0.24,bks7-dkfd
2016-01-10T00:00:00.000,03,Alt Penedès,082877,Torrelavit,0.16,0,0,0.16,bks7-dkfd
2016-01-10T00:00:00.000,41,Vallès Oriental,082021,Sant Celoni,0.14,0,0,0.14,bks7-dkfd
2016-01-10T00:00:00.000,40,Vallès Occidental,082233,Sant Llorenç Savall,0.15,0,0,0.15,bks7-dkfd
2016-01-11T00:00:00.000,24,Osona,082331,Sant Pere de Torelló,0,0.08,0,0.08,bks7-dkfd
2016-01-11T00:00:00.000,41,Vallès Oriental,081982,Sant Antoni de Vilamajor,0.27,0,0,0.27,bks7-dkfd
2016-01-12T00:00:00.000,21,Maresme,082819,Teià,0,1.8,0,1.8,bks7-dkfd
2016-01-13T00:00:00.000,40,Vallès Occidental,080879,Gallifa,0,0.01,0,0.01,bks7-dkfd
2016-01-13T00:00:00.000,16,Conca de Barberà,431763,Vimbodí i Poblet,0.0026,0,0,0.0026,bks7-dkfd
2016-01-16T00:00:00.000,40,Vallès Occidental,082055,Sant Cugat del Vallès,0,0.002,0,0.002,bks7-dkfd
2016-01-16T00:00:00.000,06,Anoia,081430,Òdena,0,0.13,0,0.13,bks7-dkfd
2016-01-16T00:00:00.000,07,Bages,080180,Balsareny,0.97,0,0,0.97,bks7-dkfd
2016-01-16T00:00:00.000,40,Vallès Occidental,081252,Montcada i Reixac,0,0.24,0,0.24,bks7-dkfd
2016-01-16T00:00:00.000,28,Pla de l'Estany,172180,Vilademuls,1.6,0,0,1.6,bks7-dkfd
2016-01-17T00:00:00.000,34,Selva,171030,Maçanet de la Selva,0.06,0,0,0.06,bks7-dkfd
2016-01-17T00:00:00.000,03,Alt Penedès,082877,Torrelavit,0.03,0,0,0.03,bks7-dkfd
2016-01-17T00:00:00.000,26,Pallars Sobirà,252094,Sort,0,0.15,0,0.15,bks7-dkfd
2016-01-18T00:00:00.000,23,Noguera,250621,Camarasa,0,0.06,0,0.06,bks7-dkfd
2016-01-18T00:00:00.000,42,Moianès,080556,Castellcir,0.12,0,0,0.12,bks7-dkfd
2016-01-19T00:00:00.000,02,Alt Empordà,170314,Cabanelles,0.05,0,0,0.05,bks7-dkfd
2016-01-20T00:00:00.000,07,Bages,080983,Sant Salvador de Guardiola,0.005,0,0,0.005,bks7-dkfd
2016-01-21T00:00:00.000,03,Alt Penedès,082877,Torrelavit,0.07,0,0,0.07,bks7-dkfd
2016-01-23T00:00:00.000,09,Baix Ebre,431554,Tortosa,0.002,0,0,0.002,bks7-dkfd
2016-01-23T00:00:00.000,36,Tarragonès,431482,Tarragona,0.013,0,0,0.013,bks7-dkfd
2016-01-23T00:00:00.000,12,Baix Penedès,430287,"Bisbal del Penedès, la",0.09,1.72,0.009,1.81,bks7-dkfd
2016-01-25T00:00:00.000,18,Garrigues,250812,"Espluga Calba, l'",0.32,0,0,0.32,bks7-dkfd
2016-01-27T00:00:00.000,40,Vallès Occidental,081878,Sabadell,0.14,0.1565,0,0.2965,bks7-dkfd
2016-01-27T00:00:00.000,28,Pla de l'Estany,170157,Banyoles,0.05,0,0,0.05,bks7-dkfd
2016-01-28T00:00:00.000,41,Vallès Oriental,081249,Mollet del Vallès,0,0.001,0,0.001,bks7-dkfd
2016-01-28T00:00:00.000,21,Maresme,080060,Arenys de Mar,0,0.044,0.1,0.044,bks7-dkfd
2016-01-31T00:00:00.000,07,Bages,081136,Manresa,0,0.015,0,0.015,bks7-dkfd
2016-01-31T00:00:00.000,40,Vallès Occidental,081878,Sabadell,0,0.02,0,0.02,bks7-dkfd
2016-01-31T00:00:00.000,16,Conca de Barberà,430862,Montblanc,0,0.02,0,0.02,bks7-dkfd
2016-01-31T00:00:00.000,20,Gironès,170890,Llagostera,0.009,0,0,0.009,bks7-dkfd
2016-02-01T00:00:00.000,28,Pla de l'Estany,170715,Fontcoberta,0.07,0,0,0.07,bks7-dkfd
2016-02-01T00:00:00.000,19,Garrotxa,171143,Olot,0.25,0,0,0.25,bks7-dkfd
2016-02-01T00:00:00.000,29,Priorat,430825,"Masroig, el",0.0235,0,0,0.0235,bks7-dkfd
2016-02-02T00:00:00.000,28,Pla de l'Estany,170157,Banyoles,0.02,0,0,0.02,bks7-dkfd
2016-02-03T00:00:00.000,06,Anoia,081192,Masquefa,0,0.106,0,0.106,bks7-dkfd
2016-02-03T00:00:00.000,20,Gironès,171557,Salt,0,0.12,0,0.12,bks7-dkfd
2016-02-04T00:00:00.000,16,Conca de Barberà,430862,Montblanc,0.4,0,0,0.4,bks7-dkfd
2016-02-04T00:00:00.000,38,Urgell,259025,Sant Martí de Riucorb,0,0.7,0,0.7,bks7-dkfd
2016-02-04T00:00:00.000,03,Alt Penedès,082401,Sant Sadurní d'Anoia,0,0.2,0.32,0.2,bks7-dkfd
2016-02-04T00:00:00.000,02,Alt Empordà,171766,Sant Mori,0.1,0,0,0.1,bks7-dkfd
2016-02-04T00:00:00.000,02,Alt Empordà,170669,Figueres,0,0.3,0,0.3,bks7-dkfd
2016-02-05T00:00:00.000,21,Maresme,081555,Palafolls,0.1,0,0,0.1,bks7-dkfd
2016-02-05T00:00:00.000,25,Pallars Jussà,252347,Tremp,0.14,3.6,0,3.74,bks7-dkfd
2016-02-05T00:00:00.000,23,Noguera,250024,Àger,0.6,0,0,0.6,bks7-dkfd
2016-02-05T00:00:00.000,14,Berguedà,080497,Casserres,0.4927,0,0,0.4927,bks7-dkfd
2016-02-05T00:00:00.000,40,Vallès Occidental,081252,Montcada i Reixac,0,0.0109,0,0.0109,bks7-dkfd
2016-02-06T00:00:00.000,14,Berguedà,080787,"Espunyola, l'",0.005,0,0,0.005,bks7-dkfd
2016-02-07T00:00:00.000,16,Conca de Barberà,430862,Montblanc,0,1.5,0.11,1.5,bks7-dkfd
2016-02-08T00:00:00.000,38,Urgell,250707,Castellserà,0,0.4,0,0.4,bks7-dkfd
2016-02-08T00:00:00.000,28,Pla de l'Estany,170157,Banyoles,0,0.0002,0,0.0002,bks7-dkfd
2016-02-08T00:00:00.000,10,Baix Empordà,170577,Corçà,0,0.05,0,0.05,bks7-dkfd
2016-02-09T00:00:00.000,09,Baix Ebre,431554,Tortosa,0,0.0289,0,0.0289,bks7-dkfd
2016-02-09T00:00:00.000,09,Baix Ebre,430069,Aldover,0.0748,0,0,0.0748,bks7-dkfd
2016-02-09T00:00:00.000,09,Baix Ebre,431554,Tortosa,0,0.0047,0,0.0047,bks7-dkfd
2016-02-10T00:00:00.000,09,Baix Ebre,431554,Tortosa,0,0.008,0,0.008,bks7-dkfd
2016-02-10T00:00:00.000,03,Alt Penedès,081228,Mediona,0,0.05,0,0.05,bks7-dkfd
2016-02-10T00:00:00.000,11,Baix Llobregat,082114,Sant Feliu de Llobregat,0,1.01,0.04,1.01,bks7-dkfd
2016-02-11T00:00:00.000,03,Alt Penedès,082732,Subirats,0.0005,0,0,0.0005,bks7-dkfd
2016-02-13T00:00:00.000,31,Ripollès,171479,Ripoll,0.95,1.65,0,2.6,bks7-dkfd
2016-02-15T00:00:00.000,22,Montsià,430141,Amposta,0,2,0,2,bks7-dkfd
2016-02-17T00:00:00.000,03,Alt Penedès,082270,Sant Martí Sarroca,0,0.4,0.15,0.4,bks7-dkfd
2016-02-20T00:00:00.000,16,Conca de Barberà,430862,Montblanc,0,0.37,0,0.37,bks7-dkfd
2016-02-20T00:00:00.000,14,Berguedà,082938,Vallcebre,0,0.32,0,0.32,bks7-dkfd
2016-02-21T00:00:00.000,37,Terra Alta,430483,Corbera d'Ebre,0.35,0.15,0,0.5,bks7-dkfd
2016-02-21T00:00:00.000,30,Ribera d'Ebre,431212,Rasquera,0.94,0,0,0.94,bks7-dkfd
2016-02-21T00:00:00.000,16,Conca de Barberà,430862,Montblanc,2.09,0.89,1.18,2.98,bks7-dkfd
2016-02-21T00:00:00.000,03,Alt Penedès,083054,Vilafranca del Penedès,0.02,0,0,0.02,bks7-dkfd
2016-02-21T00:00:00.000,28,Pla de l'Estany,170715,Fontcoberta,0.01,0,0,0.01,bks7-dkfd
2016-02-22T00:00:00.000,09,Baix Ebre,431042,"Perelló, el",0,0.007,0,0.007,bks7-dkfd
2016-02-23T00:00:00.000,36,Tarragonès,431482,Tarragona,0.09,0,0,0.09,bks7-dkfd
2016-02-24T00:00:00.000,06,Anoia,080446,Capellades,0.0012,0,0,0.0012,bks7-dkfd
2016-02-24T00:00:00.000,03,Alt Penedès,081228,Mediona,0,0.06,0,0.06,bks7-dkfd
2016-02-25T00:00:00.000,06,Anoia,081614,Piera,0,0.078,0.24,0.078,bks7-dkfd
2016-02-25T00:00:00.000,38,Urgell,259025,Sant Martí de Riucorb,0,0.3,0,0.3,bks7-dkfd
2016-02-25T00:00:00.000,06,Anoia,081614,Piera,0,0.022,0,0.022,bks7-dkfd
2016-02-25T00:00:00.000,03,Alt Penedès,082515,Santa Margarida i els Monjos,0,0.07,0,0.07,bks7-dkfd
2016-02-25T00:00:00.000,14,Berguedà,082994,Vilada,0.02,0.02,0,0.04,bks7-dkfd
2016-02-26T00:00:00.000,28,Pla de l'Estany,170561,Cornellà del Terri,0.05,0,0,0.05,bks7-dkfd
2016-02-26T00:00:00.000,03,Alt Penedès,083041,Vilobí del Penedès,0,0.1,0,0.1,bks7-dkfd
2016-03-02T00:00:00.000,15,Cerdanya,251790,Prullans,0,3.819,11.18,3.819,bks7-dkfd
2016-03-02T00:00:00.000,22,Montsià,430141,Amposta,0,0.17,0,0.17,bks7-dkfd
2016-03-02T00:00:00.000,36,Tarragonès,431009,"Pallaresos, els",0.9,0,0,0.9,bks7-dkfd
2016-03-03T00:00:00.000,10,Baix Empordà,179026,Forallac,0.01,0,0,0.01,bks7-dkfd
2016-03-03T00:00:00.000,40,Vallès Occidental,082055,Sant Cugat del Vallès,0.0035,0,0,0.0035,bks7-dkfd
2016-03-03T00:00:00.000,08,Baix Camp,430923,Mont-roig del Camp,4.22,4.57,0.33,8.79,bks7-dkfd
2016-03-03T00:00:00.000,40,Vallès Occidental,082055,Sant Cugat del Vallès,0.0025,0,0,0.0025,bks7-dkfd
2016-03-04T00:00:00.000,16,Conca de Barberà,430862,Montblanc,0,0.3,0,0.3,bks7-dkfd
2016-03-04T00:00:00.000,34,Selva,170335,Caldes de Malavella,0.28,0,0,0.28,bks7-dkfd
2016-03-05T00:00:00.000,09,Baix Ebre,431042,"Perelló, el",0,0.045,0,0.045,bks7-dkfd
2016-03-06T00:00:00.000,09,Baix Ebre,431554,Tortosa,0,1.44,0,1.44,bks7-dkfd
2016-03-07T00:00:00.000,09,Baix Ebre,431554,Tortosa,0.34,0,0,0.34,bks7-dkfd
2016-03-08T00:00:00.000,40,Vallès Occidental,080517,Castellar del Vallès,0,0.015,0,0.015,bks7-dkfd
2016-03-08T00:00:00.000,10,Baix Empordà,171997,Torroella de Montgrí,0.131,0,0.314,0.131,bks7-dkfd
2016-03-08T00:00:00.000,09,Baix Ebre,430136,"Ametlla de Mar, l'",0.13,0.05,0,0.18,bks7-dkfd
2016-03-10T00:00:00.000,06,Anoia,082861,"Torre de Claramunt, la",0.0364,0,0,0.0364,bks7-dkfd
2016-03-11T00:00:00.000,05,Alta Ribagorça,251734,"Pont de Suert, el",0.06,1.15,0,1.21,bks7-dkfd
2016-03-11T00:00:00.000,06,Anoia,083020,Vilanova del Camí,0.016,0,0,0.016,bks7-dkfd
2016-03-11T00:00:00.000,02,Alt Empordà,170926,Llançà,0,0.005,0,0.005,bks7-dkfd
2016-03-11T00:00:00.000,41,Vallès Oriental,082021,Sant Celoni,0,0.03,0,0.03,bks7-dkfd
2016-03-11T00:00:00.000,02,Alt Empordà,171002,Masarac,0,0.007,0,0.007,bks7-dkfd
2016-03-11T00:00:00.000,23,Noguera,250349,Artesa de Segre,0,1.61,0.05,1.61,bks7-dkfd
2016-03-11T00:00:00.000,19,Garrotxa,171096,Montagut i Oix,1.19,0,0,1.19,bks7-dkfd
2016-03-12T00:00:00.000,40,Vallès Occidental,082671,Sentmenat,0,0.2636,0,0.2636,bks7-dkfd
2016-03-12T00:00:00.000,07,Bages,080386,Callús,0,0.07,0,0.07,bks7-dkfd
2016-03-12T00:00:00.000,14,Berguedà,081445,Olvan,0,0.0516,0,0.0516,bks7-dkfd
2016-03-12T00:00:00.000,31,Ripollès,171254,Pardines,0.12,0.22,0.7,0.34,bks7-dkfd
2016-03-12T00:00:00.000,20,Gironès,170904,Llambilles,0.012,0,0,0.012,bks7-dkfd
2016-03-12T00:00:00.000,14,Berguedà,081445,Olvan,0.0221,0,0,0.0221,bks7-dkfd
2016-03-12T00:00:00.000,14,Berguedà,081445,Olvan,0.1104,0,0,0.1104,bks7-dkfd
2016-03-12T00:00:00.000,40,Vallès Occidental,082384,Sant Quirze del Vallès,0.025,0,0,0.025,bks7-dkfd
2016-03-12T00:00:00.000,14,Berguedà,080996,Guardiola de Berguedà,0,0.13,0,0.13,bks7-dkfd
2016-03-12T00:00:00.000,34,Selva,170280,Brunyola i Sant Martí Sapresa,0.003,0,0,0.003,bks7-dkfd
2016-03-13T00:00:00.000,31,Ripollès,170963,"Llosses, les",0,0.01,0,0.01,bks7-dkfd
2016-03-13T00:00:00.000,05,Alta Ribagorça,251734,"Pont de Suert, el",1.13,2.19,0.06,3.32,bks7-dkfd
2016-03-13T00:00:00.000,32,Segarra,251919,Sanaüja,0.05,0,0,0.05,bks7-dkfd
2016-03-13T00:00:00.000,29,Priorat,430496,Cornudella de Montsant,0,0.243,0,0.243,bks7-dkfd
2016-03-14T00:00:00.000,28,Pla de l'Estany,170157,Banyoles,0,0.005,0,0.005,bks7-dkfd
2016-03-14T00:00:00.000,34,Selva,171931,Sils,0.8967,0,0,0.8967,bks7-dkfd
2016-03-14T00:00:00.000,10,Baix Empordà,170340,Calonge i Sant Antoni,0.003,0.006,0,0.009,bks7-dkfd
2016-03-15T00:00:00.000,15,Cerdanya,251790,Prullans,0,0.09,0,0.09,bks7-dkfd
2016-03-23T00:00:00.000,10,Baix Empordà,172057,Ullastret,0.18,0,0,0.18,bks7-dkfd
2016-03-23T00:00:00.000,08,Baix Camp,431671,Vilanova d'Escornalbou,0,0.015,0,0.015,bks7-dkfd
2016-03-23T00:00:00.000,02,Alt Empordà,170470,Castelló d'Empúries,0,0.006,0,0.006,bks7-dkfd
2016-03-25T00:00:00.000,40,Vallès Occidental,082055,Sant Cugat del Vallès,0.0015,0,0,0.0015,bks7-dkfd
2016-03-25T00:00:00.000,10,Baix Empordà,171267,Parlavà,0.006,0,0,0.006,bks7-dkfd
2016-03-26T00:00:00.000,09,Baix Ebre,431042,"Perelló, el",0,1.25,0,1.25,bks7-dkfd
2016-03-26T00:00:00.000,39,Val d'Aran,251214,Les,0,27,0,27,bks7-dkfd
2016-03-27T00:00:00.000,14,Berguedà,082554,Santa Maria de Merlès,0,0.095,0,0.095,bks7-dkfd
2016-03-29T00:00:00.000,11,Baix Llobregat,081234,Molins de Rei,0,0.003,0,0.003,bks7-dkfd
2016-03-30T00:00:00.000,18,Garrigues,251180,Juncosa,0,0.35,0,0.35,bks7-dkfd
2016-03-30T00:00:00.000,02,Alt Empordà,171328,Peralada,0.48,1.25,0.17,1.73,bks7-dkfd
2016-03-31T00:00:00.000,29,Priorat,431515,"Torre de Fontaubella, la",0,0.029,0,0.029,bks7-dkfd
2016-03-31T00:00:00.000,41,Vallès Oriental,081810,"Roca del Vallès, la",0,0.02,0,0.02,bks7-dkfd
2016-03-31T00:00:00.000,39,Val d'Aran,250450,Bausen,0,0.5,0,0.5,bks7-dkfd
2016-04-02T00:00:00.000,34,Selva,170950,Lloret de Mar,0.002,0,0,0.002,bks7-dkfd
2016-04-03T00:00:00.000,34,Selva,172023,Tossa de Mar,0.0442,0,0,0.0442,bks7-dkfd
2016-04-07T00:00:00.000,36,Tarragonès,431482,Tarragona,0.13,0,0,0.13,bks7-dkfd
2016-04-08T00:00:00.000,11,Baix Llobregat,080692,Collbató,0,0.0025,0,0.0025,bks7-dkfd
2016-04-09T00:00:00.000,28,Pla de l'Estany,171371,Porqueres,0.023,0,0,0.023,bks7-dkfd
2016-04-09T00:00:00.000,40,Vallès Occidental,082917,Vacarisses,0,0.0125,0,0.0125,bks7-dkfd
2016-04-10T00:00:00.000,14,Berguedà,080497,Casserres,0.0184,0,0,0.0184,bks7-dkfd
2016-04-11T00:00:00.000,38,Urgell,259025,Sant Martí de Riucorb,0,0.4,0,0.4,bks7-dkfd
2016-04-13T00:00:00.000,03,Alt Penedès,083041,Vilobí del Penedès,0.05,0,0,0.05,bks7-dkfd
2016-04-16T00:00:00.000,33,Segrià,251207,Lleida,0.5,0,0,0.5,bks7-dkfd
2016-04-16T00:00:00.000,11,Baix Llobregat,080898,Gavà,0,0.05,0,0.05,bks7-dkfd
2016-04-16T00:00:00.000,40,Vallès Occidental,082665,Cerdanyola del Vallès,0,0.003,0,0.003,bks7-dkfd
2016-04-17T00:00:00.000,40,Vallès Occidental,080517,Castellar del Vallès,0,0.004,0,0.004,bks7-dkfd
2016-04-17T00:00:00.000,40,Vallès Occidental,082606,Santa Perpètua de Mogoda,0,0.015,0,0.015,bks7-dkfd
2016-04-17T00:00:00.000,11,Baix Llobregat,081234,Molins de Rei,0,0.04,0,0.04,bks7-dkfd
2016-04-18T00:00:00.000,40,Vallès Occidental,080517,Castellar del Vallès,0,0.003,0,0.003,bks7-dkfd
2016-04-20T00:00:00.000,11,Baix Llobregat,080689,Cervelló,0,0.0025,0,0.0025,bks7-dkfd
2016-04-24T00:00:00.000,33,Segrià,250117,Alcarràs,0.2,0,0,0.2,bks7-dkfd
2016-04-24T00:00:00.000,09,Baix Ebre,431554,Tortosa,0.2979,0.5166,0,0.8145,bks7-dkfd
2016-04-24T00:00:00.000,30,Ribera d'Ebre,430265,Benissanet,0.56,0,0.3,0.56,bks7-dkfd
2016-04-26T00:00:00.000,29,Priorat,430496,Cornudella de Montsant,0.296,0,0.045,0.296,bks7-dkfd
2016-04-30T00:00:00.000,09,Baix Ebre,431554,Tortosa,0.74,0,0,0.74,bks7-dkfd
2016-05-01T00:00:00.000,02,Alt Empordà,170926,Llançà,0.17,11.09,1,11.26,bks7-dkfd
2016-05-01T00:00:00.000,36,Tarragonès,430430,"Catllar, el",0.88,0,0,0.88,bks7-dkfd
2016-05-02T00:00:00.000,16,Conca de Barberà,430862,Montblanc,0,2.48,0.54,2.48,bks7-dkfd
2016-05-02T00:00:00.000,13,Barcelonès,080193,Barcelona,0,0.002,0,0.002,bks7-dkfd
2016-05-04T00:00:00.000,36,Tarragonès,430430,"Catllar, el",0.006,0,0,0.006,bks7-dkfd
2016-05-04T00:00:00.000,33,Segrià,251207,Lleida,0.001,0,0,0.001,bks7-dkfd
2016-05-05T00:00:00.000,11,Baix Llobregat,081234,Molins de Rei,0,0.05,0,0.05,bks7-dkfd
2016-05-07T00:00:00.000,37,Terra Alta,430712,Horta de Sant Joan,0,0.006,0,0.006,bks7-dkfd
2016-05-07T00:00:00.000,33,Segrià,250122,Alcoletge,0,0.6,0,0.6,bks7-dkfd
2016-05-07T00:00:00.000,03,Alt Penedès,082401,Sant Sadurní d'Anoia,0,0.06,0,0.06,bks7-dkfd
2016-05-07T00:00:00.000,33,Segrià,252043,Seròs,0,0.07,0,0.07,bks7-dkfd
2016-05-13T00:00:00.000,29,Priorat,430960,"Morera de Montsant, la",0.0111,0,0,0.0111,bks7-dkfd
2016-05-13T00:00:00.000,36,Tarragonès,431009,"Pallaresos, els",0.01,0,0,0.01,bks7-dkfd
2016-05-13T00:00:00.000,29,Priorat,430496,Cornudella de Montsant,0.0142,0,0,0.0142,bks7-dkfd
2016-05-14T00:00:00.000,12,Baix Penedès,431634,"Vendrell, el",0,0.02,0,0.02,bks7-dkfd
2016-05-14T00:00:00.000,30,Ribera d'Ebre,430653,Garcia,0.005,0,0,0.005,bks7-dkfd
2016-05-15T00:00:00.000,07,Bages,080121,Avinyó,0,0.003,0,0.003,bks7-dkfd
2016-05-16T00:00:00.000,12,Baix Penedès,431634,"Vendrell, el",0.15,0,0,0.15,bks7-dkfd
2016-05-16T00:00:00.000,12,Baix Penedès,431634,"Vendrell, el",0.05,0,0,0.05,bks7-dkfd
2016-05-16T00:00:00.000,12,Baix Penedès,431634,"Vendrell, el",0.001,0,0,0.001,bks7-dkfd
2016-05-16T00:00:00.000,41,Vallès Oriental,081081,Lliçà de Vall,0.03,0,0,0.03,bks7-dkfd
2016-05-16T00:00:00.000,12,Baix Penedès,431634,"Vendrell, el",0.03,0,0,0.03,bks7-dkfd
2016-05-16T00:00:00.000,12,Baix Penedès,431634,"Vendrell, el",0.002,0,0,0.002,bks7-dkfd
2016-05-16T00:00:00.000,30,Ribera d'Ebre,431212,Rasquera,0.35,0,0.075,0.35,bks7-dkfd
2016-05-17T00:00:00.000,07,Bages,081419,Navàs,0,0.005,0,0.005,bks7-dkfd
2016-05-17T00:00:00.000,06,Anoia,081653,"Pobla de Claramunt, la",0,0.0015,0.001,0.0015,bks7-dkfd
2016-05-17T00:00:00.000,03,Alt Penedès,082877,Torrelavit,0.2,0,0,0.2,bks7-dkfd
2016-05-17T00:00:00.000,41,Vallès Oriental,081810,"Roca del Vallès, la",0.002,0,0,0.002,bks7-dkfd
2016-05-18T00:00:00.000,23,Noguera,250404,Balaguer,0.5,0,0,0.5,bks7-dkfd
2016-05-18T00:00:00.000,23,Noguera,250621,Camarasa,0.03,0,0,0.03,bks7-dkfd
2016-05-20T00:00:00.000,07,Bages,081825,"Pont de Vilomara i Rocafort, el",0.035,0,0,0.035,bks7-dkfd
2016-05-20T00:00:00.000,03,Alt Penedès,082877,Torrelavit,0.1,0,0,0.1,bks7-dkfd
2016-05-20T00:00:00.000,40,Vallès Occidental,080517,Castellar del Vallès,0,0.002,0,0.002,bks7-dkfd
2016-05-21T00:00:00.000,03,Alt Penedès,082401,Sant Sadurní d'Anoia,0.35,0,0,0.35,bks7-dkfd
2016-05-21T00:00:00.000,40,Vallès Occidental,081252,Montcada i Reixac,0,0.12,0,0.12,bks7-dkfd
2016-05-22T00:00:00.000,13,Barcelonès,080193,Barcelona,0,0.802,0,0.802,bks7-dkfd
2016-05-23T00:00:00.000,36,Tarragonès,430477,Constantí,3.1,3.63,0.02,6.73,bks7-dkfd
2016-05-24T00:00:00.000,03,Alt Penedès,083041,Vilobí del Penedès,0.07,0,0,0.07,bks7-dkfd
2016-05-24T00:00:00.000,40,Vallès Occidental,082055,Sant Cugat del Vallès,0.015,0,0,0.015,bks7-dkfd
2016-05-24T00:00:00.000,36,Tarragonès,431009,"Pallaresos, els",0.07,0,0,0.07,bks7-dkfd
2016-05-25T00:00:00.000,33,Segrià,251253,Llardecans,0,0.02,0,0.02,bks7-dkfd
2016-05-26T00:00:00.000,23,Noguera,250349,Artesa de Segre,0,0.3,0,0.3,bks7-dkfd
2016-05-26T00:00:00.000,16,Conca de Barberà,430862,Montblanc,0.09,0.04,0,0.13,bks7-dkfd
2016-05-27T00:00:00.000,41,Vallès Oriental,080235,Bigues i Riells,0.03,0,0,0.03,bks7-dkfd
2016-05-27T00:00:00.000,04,Alt Urgell,251403,Montferrer i Castellbò,0,0.005,0,0.005,bks7-dkfd
2016-05-28T00:00:00.000,37,Terra Alta,430640,Gandesa,0,0.0068,0,0.0068,bks7-dkfd
2016-05-28T00:00:00.000,40,Vallès Occidental,080543,Castellbisbal,0,1.2,0,1.2,bks7-dkfd
2016-05-28T00:00:00.000,17,Garraf,082704,Sitges,0,0.0002,0,0.0002,bks7-dkfd
2016-05-29T00:00:00.000,07,Bages,080902,Gaià,0.005,0,0,0.005,bks7-dkfd
2016-05-29T00:00:00.000,03,Alt Penedès,082877,Torrelavit,3,0,0,3,bks7-dkfd
2016-05-31T00:00:00.000,03,Alt Penedès,082362,Sant Quintí de Mediona,0.002,0,0,0.002,bks7-dkfd
2016-06-01T00:00:00.000,36,Tarragonès,431482,Tarragona,0.2,0,0,0.2,bks7-dkfd
2016-06-02T00:00:00.000,09,Baix Ebre,431042,"Perelló, el",0.06,0,0,0.06,bks7-dkfd
2016-06-02T00:00:00.000,06,Anoia,081614,Piera,0,0.025,0,0.025,bks7-dkfd
2016-06-04T00:00:00.000,11,Baix Llobregat,081234,Molins de Rei,0,0.008,0,0.008,bks7-dkfd
2016-06-05T00:00:00.000,41,Vallès Oriental,080863,"Franqueses del Vallès, les",0.001,0,0,0.001,bks7-dkfd
2016-06-05T00:00:00.000,29,Priorat,430751,Margalef,0.0725,0,0,0.0725,bks7-dkfd
2016-06-06T00:00:00.000,24,Osona,081000,Gurb,0.011,0,0,0.011,bks7-dkfd
2016-06-06T00:00:00.000,01,Alt Camp,430017,Aiguamúrcia,0.11,0,0,0.11,bks7-dkfd
2016-06-06T00:00:00.000,06,Anoia,082573,Santa Maria de Miralles,0.1803,0,0.033,0.1803,bks7-dkfd
2016-06-06T00:00:00.000,21,Maresme,081213,Mataró,0,2.76,0.1,2.76,bks7-dkfd
2016-06-09T00:00:00.000,40,Vallès Occidental,080517,Castellar del Vallès,0.0525,0,0,0.0525,bks7-dkfd
2016-06-09T00:00:00.000,03,Alt Penedès,082362,Sant Quintí de Mediona,0.04,0,0,0.04,bks7-dkfd
2016-06-10T00:00:00.000,24,Osona,082785,Taradell,0.0005,0,0,0.0005,bks7-dkfd
2016-06-10T00:00:00.000,24,Osona,082153,Sant Hipòlit de Voltregà,0,0.24,0,0.24,bks7-dkfd
2016-06-11T00:00:00.000,06,Anoia,081614,Piera,0.005,0,0,0.005,bks7-dkfd
2016-06-11T00:00:00.000,13,Barcelonès,080193,Barcelona,0.0015,0,0,0.0015,bks7-dkfd
2016-06-11T00:00:00.000,22,Montsià,431567,Ulldecona,0,0.4785,0,0.4785,bks7-dkfd
2016-06-12T00:00:00.000,09,Baix Ebre,430136,"Ametlla de Mar, l'",0.23,0,0,0.23,bks7-dkfd
2016-06-12T00:00:00.000,41,Vallès Oriental,081363,Montornès del Vallès,0.25,0,0.68,0.25,bks7-dkfd
2016-06-12T00:00:00.000,21,Maresme,082824,Tiana,0.05,1.78,0,1.83,bks7-dkfd
2016-06-14T00:00:00.000,40,Vallès Occidental,083008,Viladecavalls,0,0.5,0,0.5,bks7-dkfd
2016-06-15T00:00:00.000,11,Baix Llobregat,081141,Martorell,0,0.08,0,0.08,bks7-dkfd
2016-06-16T00:00:00.000,06,Anoia,082922,Vallbona d'Anoia,0.026,0.01,0,0.036,bks7-dkfd
2016-06-16T00:00:00.000,30,Ribera d'Ebre,430607,Flix,0.0006,0,0,0.0006,bks7-dkfd
2016-06-16T00:00:00.000,33,Segrià,252043,Seròs,0,0.3,0,0.3,bks7-dkfd
2016-06-16T00:00:00.000,22,Montsià,430629,Freginals,0,0.652,0.0127,0.652,bks7-dkfd
2016-06-16T00:00:00.000,12,Baix Penedès,430901,"Montmell, el",0,0.24,0,0.24,bks7-dkfd
2016-06-18T00:00:00.000,07,Bages,081918,Sallent,0.008,0,0,0.008,bks7-dkfd
2016-06-19T00:00:00.000,33,Segrià,251207,Lleida,0,0.11,0.1,0.11,bks7-dkfd
2016-06-19T00:00:00.000,18,Garrigues,251692,"Pobla de Cérvoles, la",0,0.007,0,0.007,bks7-dkfd
2016-06-19T00:00:00.000,40,Vallès Occidental,082798,Terrassa,0,0.005,0,0.005,bks7-dkfd
2016-06-20T00:00:00.000,11,Baix Llobregat,082172,Sant Joan Despí,0,0.001,0,0.001,bks7-dkfd
2016-06-20T00:00:00.000,13,Barcelonès,080193,Barcelona,0.0005,0,0,0.0005,bks7-dkfd
2016-06-21T00:00:00.000,36,Tarragonès,431114,"Pobla de Montornès, la",0.06,0,0,0.06,bks7-dkfd
2016-06-21T00:00:00.000,41,Vallès Oriental,082482,Santa Eulàlia de Ronçana,0.22,0,0.02,0.22,bks7-dkfd
2016-06-21T00:00:00.000,14,Berguedà,081751,Puig-reig,0,0.012,0,0.012,bks7-dkfd
2016-06-22T00:00:00.000,36,Tarragonès,430430,"Catllar, el",0,0.03,0,0.03,bks7-dkfd
2016-06-22T00:00:00.000,09,Baix Ebre,431554,Tortosa,0.45,2.5,0.3,2.95,bks7-dkfd
2016-06-22T00:00:00.000,41,Vallès Oriental,080885,"Garriga, la",0.035,0,0,0.035,bks7-dkfd
2016-06-22T00:00:00.000,23,Noguera,250693,Castelló de Farfanya,0,0.54,0.5,0.54,bks7-dkfd
2016-06-22T00:00:00.000,07,Bages,082423,Marganell,1.82,0.09,0.08,1.91,bks7-dkfd
2016-06-23T00:00:00.000,10,Baix Empordà,171241,Pals,0,0.01,0,0.01,bks7-dkfd
2016-06-23T00:00:00.000,06,Anoia,081192,Masquefa,0.15,0,0,0.15,bks7-dkfd
2016-06-23T00:00:00.000,38,Urgell,252385,Vallbona de les Monges,56.8,30.8,13.3,87.6,bks7-dkfd
2016-06-23T00:00:00.000,13,Barcelonès,080155,Badalona,0,0.5,0,0.5,bks7-dkfd
2016-06-24T00:00:00.000,24,Osona,081000,Gurb,0.2,0,0,0.2,bks7-dkfd
2016-06-24T00:00:00.000,03,Alt Penedès,080137,Avinyonet del Penedès,0,0.06,0,0.06,bks7-dkfd
2016-06-24T00:00:00.000,34,Selva,170335,Caldes de Malavella,0,0.003,0,0.003,bks7-dkfd
2016-06-24T00:00:00.000,41,Vallès Oriental,081363,Montornès del Vallès,0,0.037,0,0.037,bks7-dkfd
2016-06-24T00:00:00.000,06,Anoia,081653,"Pobla de Claramunt, la",0,0.9,0,0.9,bks7-dkfd
2016-06-24T00:00:00.000,03,Alt Penedès,081461,Olesa de Bonesvalls,1.3,0,0,1.3,bks7-dkfd
2016-06-25T00:00:00.000,40,Vallès Occidental,080517,Castellar del Vallès,0,0.0001,0,0.0001,bks7-dkfd
2016-06-25T00:00:00.000,40,Vallès Occidental,080517,Castellar del Vallès,0,0.007,0,0.007,bks7-dkfd
2016-06-25T00:00:00.000,40,Vallès Occidental,080517,Castellar del Vallès,0,0.005,0,0.005,bks7-dkfd
2016-06-25T00:00:00.000,36,Tarragonès,431482,Tarragona,0,0.003,0,0.003,bks7-dkfd
2016-06-26T00:00:00.000,40,Vallès Occidental,080517,Castellar del Vallès,0.0004,0,0,0.0004,bks7-dkfd
2016-06-26T00:00:00.000,21,Maresme,082845,Tordera,0.003,0,0,0.003,bks7-dkfd
2016-06-27T00:00:00.000,11,Baix Llobregat,081574,Pallejà,0.003,0,0,0.003,bks7-dkfd
2016-06-27T00:00:00.000,40,Vallès Occidental,081672,Polinyà,0.07,0,4.15,0.07,bks7-dkfd
2016-06-28T00:00:00.000,23,Noguera,250349,Artesa de Segre,0,0.7,0,0.7,bks7-dkfd
2016-06-28T00:00:00.000,05,Alta Ribagorça,250432,"Vall de Boí, la",0,0.0005,0,0.0005,bks7-dkfd
2016-06-29T00:00:00.000,06,Anoia,082922,Vallbona d'Anoia,0,0.225,0.045,0.225,bks7-dkfd
2016-06-29T00:00:00.000,21,Maresme,082613,Santa Susanna,0.085,0,0,0.085,bks7-dkfd
2016-06-29T00:00:00.000,40,Vallès Occidental,082798,Terrassa,0.05,0,0,0.05,bks7-dkfd
2016-06-29T00:00:00.000,09,Baix Ebre,431554,Tortosa,0.05,0,0,0.05,bks7-dkfd
2016-06-29T00:00:00.000,36,Tarragonès,431482,Tarragona,0,0.009,0,0.009,bks7-dkfd
2016-06-29T00:00:00.000,21,Maresme,081635,Pineda de Mar,0.23,0,0,0.23,bks7-dkfd
2016-06-30T00:00:00.000,02,Alt Empordà,171117,Navata,0.04,0,0,0.04,bks7-dkfd
2016-06-30T00:00:00.000,11,Baix Llobregat,081580,"Papiol, el",0,0.025,0,0.025,bks7-dkfd
2016-07-01T00:00:00.000,41,Vallès Oriental,080410,Canovelles,0,0.05,0,0.05,bks7-dkfd
2016-07-01T00:00:00.000,40,Vallès Occidental,082665,Cerdanyola del Vallès,0,0.05,0,0.05,bks7-dkfd
2016-07-01T00:00:00.000,33,Segrià,251207,Lleida,0.01,0,0,0.01,bks7-dkfd
2016-07-01T00:00:00.000,07,Bages,082779,Talamanca,0.2,0,0,0.2,bks7-dkfd
2016-07-02T00:00:00.000,11,Baix Llobregat,081234,Molins de Rei,0,0.152,0,0.152,bks7-dkfd
2016-07-02T00:00:00.000,34,Selva,170950,Lloret de Mar,0,0.0208,0,0.0208,bks7-dkfd
2016-07-02T00:00:00.000,10,Baix Empordà,171609,Sant Feliu de Guíxols,0,0.06,0,0.06,bks7-dkfd
2016-07-03T00:00:00.000,41,Vallès Oriental,082021,Sant Celoni,0.0075,0,0,0.0075,bks7-dkfd
2016-07-03T00:00:00.000,11,Baix Llobregat,081234,Molins de Rei,0,0.0015,0,0.0015,bks7-dkfd
2016-07-04T00:00:00.000,06,Anoia,081332,Montmaneu,0.41,2.7,27.63,3.11,bks7-dkfd
2016-07-05T00:00:00.000,22,Montsià,430043,Alcanar,0.16,0,0.54,0.16,bks7-dkfd
2016-07-05T00:00:00.000,06,Anoia,082975,Veciana,0,0.02,0,0.02,bks7-dkfd
2016-07-06T00:00:00.000,25,Pallars Jussà,252022,Senterada,0,0.03,0,0.03,bks7-dkfd
2016-07-06T00:00:00.000,22,Montsià,431567,Ulldecona,0.02,0.0445,0,0.0645,bks7-dkfd
2016-07-07T00:00:00.000,09,Baix Ebre,430521,Xerta,0,0.01,0,0.01,bks7-dkfd
2016-07-07T00:00:00.000,10,Baix Empordà,172327,Vilopriu,0.042,0,0,0.042,bks7-dkfd
2016-07-08T00:00:00.000,40,Vallès Occidental,081252,Montcada i Reixac,0.27,0.01,2.41,0.28,bks7-dkfd
2016-07-08T00:00:00.000,07,Bages,081419,Navàs,0.0004,0,0,0.0004,bks7-dkfd
2016-07-08T00:00:00.000,08,Baix Camp,431299,Riudoms,0.085,0,0,0.085,bks7-dkfd
2016-07-09T00:00:00.000,32,Segarra,251924,Sant Guim de Freixenet,0,0.012,0,0.012,bks7-dkfd
2016-07-09T00:00:00.000,09,Baix Ebre,431331,Roquetes,0.11,0,0,0.11,bks7-dkfd
2016-07-09T00:00:00.000,10,Baix Empordà,171609,Sant Feliu de Guíxols,0.0468,0,0,0.0468,bks7-dkfd
2016-07-09T00:00:00.000,07,Bages,080478,Cardona,0.0605,0,0,0.0605,bks7-dkfd
2016-07-09T00:00:00.000,03,Alt Penedès,080654,Castellví de la Marca,0.04,0,0,0.04,bks7-dkfd
2016-07-09T00:00:00.000,07,Bages,081419,Navàs,0,0.14,0,0.14,bks7-dkfd
2016-07-10T00:00:00.000,38,Urgell,252173,Tàrrega,0.53,1.23,3.21,1.76,bks7-dkfd
2016-07-10T00:00:00.000,28,Pla de l'Estany,172180,Vilademuls,1.23,0,0.81,1.23,bks7-dkfd
2016-07-10T00:00:00.000,40,Vallès Occidental,082055,Sant Cugat del Vallès,0.095,0,0,0.095,bks7-dkfd
2016-07-10T00:00:00.000,36,Tarragonès,431009,"Pallaresos, els",0.25,0,0,0.25,bks7-dkfd
2016-07-10T00:00:00.000,40,Vallès Occidental,082055,Sant Cugat del Vallès,0.015,0,0,0.015,bks7-dkfd
2016-07-10T00:00:00.000,06,Anoia,080082,Argençola,0.27,0,0,0.27,bks7-dkfd
2016-07-11T00:00:00.000,24,Osona,082690,Seva,0.27,0,0,0.27,bks7-dkfd
2016-07-11T00:00:00.000,06,Anoia,082861,"Torre de Claramunt, la",0,0.15,0,0.15,bks7-dkfd
2016-07-11T00:00:00.000,07,Bages,081136,Manresa,0.015,0,0.135,0.015,bks7-dkfd
2016-07-11T00:00:00.000,25,Pallars Jussà,251961,Sant Esteve de la Sarga,0.01,0,0,0.01,bks7-dkfd
2016-07-11T00:00:00.000,37,Terra Alta,430483,Corbera d'Ebre,0.15,0,0,0.15,bks7-dkfd
2016-07-11T00:00:00.000,30,Ribera d'Ebre,430672,Ginestar,0.001,0,0,0.001,bks7-dkfd
2016-07-11T00:00:00.000,08,Baix Camp,431299,Riudoms,0,0.315,0,0.315,bks7-dkfd
2016-07-11T00:00:00.000,37,Terra Alta,430712,Horta de Sant Joan,0.0008,0,0,0.0008,bks7-dkfd
2016-07-13T00:00:00.000,34,Selva,171946,Susqueda,0.002,0,0,0.002,bks7-dkfd
2016-07-14T00:00:00.000,11,Baix Llobregat,082956,Vallirana,0.37,0,0,0.37,bks7-dkfd
2016-07-14T00:00:00.000,08,Baix Camp,430385,Cambrils,0,0.02,0,0.02,bks7-dkfd
2016-07-15T00:00:00.000,40,Vallès Occidental,082055,Sant Cugat del Vallès,0.0009,0,0,0.0009,bks7-dkfd
2016-07-15T00:00:00.000,21,Maresme,082845,Tordera,0.099,0,0,0.099,bks7-dkfd
2016-07-16T00:00:00.000,41,Vallès Oriental,080410,Canovelles,0,0.035,0,0.035,bks7-dkfd
2016-07-16T00:00:00.000,36,Tarragonès,431009,"Pallaresos, els",0.22,1.88,0,2.1,bks7-dkfd
2016-07-17T00:00:00.000,29,Priorat,430751,Margalef,0.51,2.9,0,3.41,bks7-dkfd
2016-07-17T00:00:00.000,20,Gironès,171426,Quart,0.045,0,0,0.045,bks7-dkfd
2016-07-17T00:00:00.000,40,Vallès Occidental,082055,Sant Cugat del Vallès,0.0075,0,0,0.0075,bks7-dkfd
2016-07-18T00:00:00.000,07,Bages,082129,Sant Feliu Sasserra,42.71,6.39,40.25,49.1,bks7-dkfd
2016-07-18T00:00:00.000,24,Osona,082981,Vic,0,0.001,0,0.001,bks7-dkfd
2016-07-18T00:00:00.000,20,Gironès,170871,Juià,0.35,0.07,7.83,0.42,bks7-dkfd
2016-07-19T00:00:00.000,33,Segrià,251023,"Granja d'Escarp, la",0,0.71,0,0.71,bks7-dkfd
2016-07-19T00:00:00.000,23,Noguera,250946,Foradada,0.22,3.07,1.31,3.29,bks7-dkfd
2016-07-19T00:00:00.000,38,Urgell,252385,Vallbona de les Monges,185.3,140.2,353.5,325.5,bks7-dkfd
2016-07-19T00:00:00.000,32,Segarra,259059,Ribera d'Ondara,13.8,7.7,83.1,21.5,bks7-dkfd
2016-07-19T00:00:00.000,11,Baix Llobregat,081234,Molins de Rei,0,0.005,0,0.005,bks7-dkfd
2016-07-19T00:00:00.000,34,Selva,172333,Vilobí d'Onyar,13.39,2.58,2.43,15.97,bks7-dkfd
2016-07-19T00:00:00.000,40,Vallès Occidental,082671,Sentmenat,0.0542,0,0,0.0542,bks7-dkfd
2016-07-20T00:00:00.000,12,Baix Penedès,430022,Albinyana,0.053,0,0,0.053,bks7-dkfd
2016-07-20T00:00:00.000,23,Noguera,250349,Artesa de Segre,0,0.004,0,0.004,bks7-dkfd
2016-07-20T00:00:00.000,36,Tarragonès,431009,"Pallaresos, els",0.25,0.15,0.22,0.4,bks7-dkfd
2016-07-21T00:00:00.000,12,Baix Penedès,430167,"Arboç, l'",0.03,0,0,0.03,bks7-dkfd
2016-07-21T00:00:00.000,12,Baix Penedès,430206,Banyeres del Penedès,0.02,0,0,0.02,bks7-dkfd
2016-07-21T00:00:00.000,12,Baix Penedès,430167,"Arboç, l'",0.02,0,0,0.02,bks7-dkfd
2016-07-21T00:00:00.000,41,Vallès Oriental,081069,Llinars del Vallès,0.006,0.024,0.065,0.03,bks7-dkfd
2016-07-22T00:00:00.000,42,Moianès,081287,Monistrol de Calders,0.0006,0,0,0.0006,bks7-dkfd
2016-07-22T00:00:00.000,07,Bages,080594,Castellfollit del Boix,0.008,0,0,0.008,bks7-dkfd
2016-07-22T00:00:00.000,14,Berguedà,082554,Santa Maria de Merlès,0.07,0,0,0.07,bks7-dkfd
2016-07-22T00:00:00.000,36,Tarragonès,431009,"Pallaresos, els",10.07,1.06,0.14,11.13,bks7-dkfd
2016-07-22T00:00:00.000,17,Garraf,081483,Olivella,9.6,4.42,0,14.02,bks7-dkfd
2016-07-24T00:00:00.000,34,Selva,170237,Blanes,34.76,0.41,0,35.17,bks7-dkfd
2016-07-24T00:00:00.000,40,Vallès Occidental,081878,Sabadell,0.025,0,0,0.025,bks7-dkfd
2016-07-24T00:00:00.000,06,Anoia,081192,Masquefa,0,0.0831,0,0.0831,bks7-dkfd
2016-07-24T00:00:00.000,23,Noguera,250426,"Baronia de Rialb, la",0.2,0,0,0.2,bks7-dkfd
2016-07-25T00:00:00.000,13,Barcelonès,080155,Badalona,0,0.002,0,0.002,bks7-dkfd
2016-07-25T00:00:00.000,08,Baix Camp,430923,Mont-roig del Camp,0,0.3,0,0.3,bks7-dkfd
2016-07-26T00:00:00.000,41,Vallès Oriental,082107,Sant Feliu de Codines,0.014,0,0,0.014,bks7-dkfd
2016-07-26T00:00:00.000,40,Vallès Occidental,082798,Terrassa,0,0.195,0,0.195,bks7-dkfd
2016-07-26T00:00:00.000,24,Osona,082750,Tavèrnoles,0.0015,0,0,0.0015,bks7-dkfd
2016-07-26T00:00:00.000,20,Gironès,171557,Salt,0,0.055,0,0.055,bks7-dkfd
2016-07-27T00:00:00.000,24,Osona,080673,Centelles,0.01,0,0,0.01,bks7-dkfd
2016-07-27T00:00:00.000,25,Pallars Jussà,252347,Tremp,0,0.2,0.7,0.2,bks7-dkfd
2016-07-27T00:00:00.000,20,Gironès,171864,Sarrià de Ter,0.014,0,0,0.014,bks7-dkfd
2016-07-27T00:00:00.000,40,Vallès Occidental,082606,Santa Perpètua de Mogoda,0,0.1736,0.0966,0.1736,bks7-dkfd
2016-07-27T00:00:00.000,33,Segrià,250236,Alpicat,0,0.25,0,0.25,bks7-dkfd
2016-07-28T00:00:00.000,11,Baix Llobregat,083015,Viladecans,0,0.35,0,0.35,bks7-dkfd
2016-07-28T00:00:00.000,40,Vallès Occidental,082798,Terrassa,0.0187,0,0,0.0187,bks7-dkfd
2016-07-28T00:00:00.000,09,Baix Ebre,430252,Benifallet,0.49,0.15,1.66,0.64,bks7-dkfd
2016-07-29T00:00:00.000,41,Vallès Oriental,080410,Canovelles,0,0.04,0,0.04,bks7-dkfd
2016-07-29T00:00:00.000,31,Ripollès,170391,Camprodon,0,0.08,0,0.08,bks7-dkfd
2016-07-30T00:00:00.000,35,Solsonès,251240,Lladurs,0.1,0,2.4,0.1,bks7-dkfd
2016-07-30T00:00:00.000,41,Vallès Oriental,082021,Sant Celoni,0,0.12,0,0.12,bks7-dkfd
2016-07-31T00:00:00.000,40,Vallès Occidental,082606,Santa Perpètua de Mogoda,0,2.6,0,2.6,bks7-dkfd
2016-07-31T00:00:00.000,34,Selva,080826,Fogars de la Selva,0.029,0.05,0,0.079,bks7-dkfd
2016-07-31T00:00:00.000,23,Noguera,250024,Àger,0.057,0,0,0.057,bks7-dkfd
2016-07-31T00:00:00.000,10,Baix Empordà,171997,Torroella de Montgrí,0,0.246,0,0.246,bks7-dkfd
2016-07-31T00:00:00.000,40,Vallès Occidental,082055,Sant Cugat del Vallès,0,0.002,0,0.002,bks7-dkfd
2016-08-01T00:00:00.000,21,Maresme,082845,Tordera,0.005,0,0,0.005,bks7-dkfd
2016-08-01T00:00:00.000,11,Baix Llobregat,080771,Esplugues de Llobregat,0,0.75,0,0.75,bks7-dkfd
2016-08-02T00:00:00.000,40,Vallès Occidental,081846,Rubí,0,0.09,4.28,0.09,bks7-dkfd
2016-08-02T00:00:00.000,07,Bages,082135,Sant Fruitós de Bages,0.0281,0,0.4701,0.0281,bks7-dkfd
2016-08-02T00:00:00.000,10,Baix Empordà,171978,Torrent,0.14,0,0,0.14,bks7-dkfd
2016-08-03T00:00:00.000,02,Alt Empordà,170329,Cadaqués,0,0.006,0,0.006,bks7-dkfd
2016-08-03T00:00:00.000,02,Alt Empordà,172229,Vilaür,0.008,0,0,0.008,bks7-dkfd
2016-08-03T00:00:00.000,06,Anoia,082861,"Torre de Claramunt, la",0,0.022,0,0.022,bks7-dkfd
2016-08-04T00:00:00.000,02,Alt Empordà,170329,Cadaqués,0,0.005,0,0.005,bks7-dkfd
2016-08-04T00:00:00.000,10,Baix Empordà,179011,"Cruïlles, Monells i Sant Sadurní de l'Heura",4.96,0.8,49.8,5.76,bks7-dkfd
2016-08-04T00:00:00.000,17,Garraf,080749,Cubelles,0.49,0,0,0.49,bks7-dkfd
2016-08-04T00:00:00.000,40,Vallès Occidental,082055,Sant Cugat del Vallès,0.0015,0,0,0.0015,bks7-dkfd
2016-08-04T00:00:00.000,26,Pallars Sobirà,250241,Alt Àneu,0.0025,0,0,0.0025,bks7-dkfd
2016-08-04T00:00:00.000,02,Alt Empordà,171870,"Saus, Camallera i Llampaies",0,0.0001,0,0.0001,bks7-dkfd
2016-08-05T00:00:00.000,10,Baix Empordà,172327,Vilopriu,0.2115,0,0,0.2115,bks7-dkfd
2016-08-05T00:00:00.000,10,Baix Empordà,172327,Vilopriu,0.1297,0.01,0,0.1397,bks7-dkfd
2016-08-05T00:00:00.000,02,Alt Empordà,171984,Torroella de Fluvià,0.3,0,0,0.3,bks7-dkfd
2016-08-05T00:00:00.000,10,Baix Empordà,171997,Torroella de Montgrí,1.19,2.26,0.04,3.45,bks7-dkfd
2016-08-05T00:00:00.000,16,Conca de Barberà,431055,"Piles, les",0.85,0.15,3.19,1,bks7-dkfd
2016-08-05T00:00:00.000,21,Maresme,080351,Calella,0,0.15,0,0.15,bks7-dkfd
2016-08-05T00:00:00.000,36,Tarragonès,431114,"Pobla de Montornès, la",357.1,121,55.1,478.1,bks7-dkfd
2016-08-06T00:00:00.000,02,Alt Empordà,171870,"Saus, Camallera i Llampaies",57.7,5.34,35.57,63.04,bks7-dkfd
2016-08-06T00:00:00.000,21,Maresme,081108,Malgrat de Mar,0,0.05,0,0.05,bks7-dkfd
2016-08-06T00:00:00.000,24,Osona,172207,Viladrau,0,0.002,0,0.002,bks7-dkfd
2016-08-06T00:00:00.000,02,Alt Empordà,170865,"Jonquera, la",0.77,0.51,0.18,1.28,bks7-dkfd
2016-08-06T00:00:00.000,05,Alta Ribagorça,251734,"Pont de Suert, el",0,2.3,0,2.3,bks7-dkfd
2016-08-07T00:00:00.000,23,Noguera,250349,Artesa de Segre,0.31,0,0.36,0.31,bks7-dkfd
2016-08-07T00:00:00.000,11,Baix Llobregat,080898,Gavà,0.93,0.79,1.24,1.72,bks7-dkfd
2016-08-07T00:00:00.000,02,Alt Empordà,170329,Cadaqués,0.025,0,0,0.025,bks7-dkfd
2016-08-08T00:00:00.000,28,Pla de l'Estany,170157,Banyoles,0.0015,0,0,0.0015,bks7-dkfd
2016-08-08T00:00:00.000,28,Pla de l'Estany,172180,Vilademuls,0.0025,0,0,0.0025,bks7-dkfd
2016-08-08T00:00:00.000,34,Selva,171805,Santa Coloma de Farners,0.0001,0,0,0.0001,bks7-dkfd
2016-08-08T00:00:00.000,42,Moianès,081385,Moià,0,0.11,0,0.11,bks7-dkfd
2016-08-09T00:00:00.000,02,Alt Empordà,170926,Llançà,0,0.1,0,0.1,bks7-dkfd
2016-08-09T00:00:00.000,12,Baix Penedès,430901,"Montmell, el",0,0.255,0,0.255,bks7-dkfd
2016-08-10T00:00:00.000,10,Baix Empordà,171609,Sant Feliu de Guíxols,0.23,0,0,0.23,bks7-dkfd
2016-08-10T00:00:00.000,05,Alta Ribagorça,250432,"Vall de Boí, la",0.0003,0,0,0.0003,bks7-dkfd
2016-08-10T00:00:00.000,14,Berguedà,081666,"Pobla de Lillet, la",0.01,0,0,0.01,bks7-dkfd
2016-08-11T00:00:00.000,10,Baix Empordà,170558,Colomers,0.05,0,0,0.05,bks7-dkfd
2016-08-11T00:00:00.000,07,Bages,082188,Sant Joan de Vilatorrada,0,0.0135,0,0.0135,bks7-dkfd
2016-08-11T00:00:00.000,40,Vallès Occidental,082055,Sant Cugat del Vallès,0,0.0009,0,0.0009,bks7-dkfd
2016-08-12T00:00:00.000,15,Cerdanya,251272,Lles de Cerdanya,0.8266,0,0,0.8266,bks7-dkfd
2016-08-13T00:00:00.000,11,Baix Llobregat,081234,Molins de Rei,0,0.0001,0,0.0001,bks7-dkfd
2016-08-13T00:00:00.000,11,Baix Llobregat,081580,"Papiol, el",0,0.08,0,0.08,bks7-dkfd
2016-08-13T00:00:00.000,11,Baix Llobregat,081234,Molins de Rei,0,0.0001,0,0.0001,bks7-dkfd
2016-08-15T00:00:00.000,33,Segrià,251312,Massalcoreig,0.5,0,0.51,0.5,bks7-dkfd
2016-08-15T00:00:00.000,34,Selva,170237,Blanes,0.01,0,0,0.01,bks7-dkfd
2016-08-15T00:00:00.000,34,Selva,171019,Massanes,0.0025,0.0025,0,0.005,bks7-dkfd
2016-08-15T00:00:00.000,03,Alt Penedès,082732,Subirats,0.005,0,0,0.005,bks7-dkfd
2016-08-16T00:00:00.000,11,Baix Llobregat,081234,Molins de Rei,0.0128,0,0,0.0128,bks7-dkfd
2016-08-16T00:00:00.000,37,Terra Alta,430419,Caseres,0.004,0,0,0.004,bks7-dkfd
2016-08-17T00:00:00.000,08,Baix Camp,431188,Pratdip,0.1,0,0,0.1,bks7-dkfd
2016-08-17T00:00:00.000,11,Baix Llobregat,081960,Sant Andreu de la Barca,0,0.0016,0,0.0016,bks7-dkfd
2016-08-17T00:00:00.000,08,Baix Camp,430923,Mont-roig del Camp,0,0.0065,0,0.0065,bks7-dkfd
2016-08-20T00:00:00.000,42,Moianès,080348,Calders,0.002,0,0,0.002,bks7-dkfd
2016-08-21T00:00:00.000,09,Baix Ebre,430081,Alfara de Carles,0.002,0,0,0.002,bks7-dkfd
2016-08-22T00:00:00.000,12,Baix Penedès,430379,Calafell,0.95,5.58,2.95,6.53,bks7-dkfd
2016-08-22T00:00:00.000,34,Selva,171019,Massanes,0,0.03,0,0.03,bks7-dkfd
2016-08-22T00:00:00.000,16,Conca de Barberà,430542,"Espluga de Francolí, l'",0,0.0005,0,0.0005,bks7-dkfd
2016-08-22T00:00:00.000,11,Baix Llobregat,082634,Sant Vicenç dels Horts,0,0.002,0,0.002,bks7-dkfd
2016-08-23T00:00:00.000,34,Selva,171030,Maçanet de la Selva,0.8,0.54,0.26,1.34,bks7-dkfd
2016-08-23T00:00:00.000,10,Baix Empordà,170577,Corçà,0.005,0,0,0.005,bks7-dkfd
2016-08-23T00:00:00.000,02,Alt Empordà,170314,Cabanelles,0.035,0,0,0.035,bks7-dkfd
2016-08-23T00:00:00.000,07,Bages,081136,Manresa,0.003,0,0,0.003,bks7-dkfd
2016-08-23T00:00:00.000,03,Alt Penedès,082515,Santa Margarida i els Monjos,0,0.0125,0,0.0125,bks7-dkfd
2016-08-23T00:00:00.000,11,Baix Llobregat,080207,Begues,0,0.007,0,0.007,bks7-dkfd
2016-08-23T00:00:00.000,30,Ribera d'Ebre,430607,Flix,0.05,0,0.2,0.05,bks7-dkfd
2016-08-24T00:00:00.000,14,Berguedà,082687,Cercs,0,0.06,0,0.06,bks7-dkfd
2016-08-25T00:00:00.000,20,Gironès,170890,Llagostera,0.02,0.1,0.191,0.12,bks7-dkfd
2016-08-25T00:00:00.000,11,Baix Llobregat,080207,Begues,0,0.02,0,0.02,bks7-dkfd
2016-08-26T00:00:00.000,02,Alt Empordà,170059,"Far d'Empordà, el",0,0.605,0.089,0.605,bks7-dkfd
2016-08-27T00:00:00.000,24,Osona,082331,Sant Pere de Torelló,0,0.01,0,0.01,bks7-dkfd
2016-08-27T00:00:00.000,11,Baix Llobregat,080689,Cervelló,0.0924,0,0,0.0924,bks7-dkfd
2016-08-27T00:00:00.000,02,Alt Empordà,170427,Capmany,0,0.015,0,0.015,bks7-dkfd
2016-08-28T00:00:00.000,11,Baix Llobregat,080689,Cervelló,0.019,0,0,0.019,bks7-dkfd
2016-08-28T00:00:00.000,13,Barcelonès,080193,Barcelona,0,0.2,0,0.2,bks7-dkfd
2016-08-28T00:00:00.000,08,Baix Camp,431628,Vandellòs i l'Hospitalet de l'Infant,0.01,0.07,0,0.08,bks7-dkfd
2016-08-28T00:00:00.000,08,Baix Camp,431628,Vandellòs i l'Hospitalet de l'Infant,0.022,0.09,0,0.112,bks7-dkfd
2016-08-28T00:00:00.000,14,Berguedà,082687,Cercs,0,0.01,0,0.01,bks7-dkfd
2016-08-29T00:00:00.000,34,Selva,170950,Lloret de Mar,0.245,0,0,0.245,bks7-dkfd
2016-08-30T00:00:00.000,25,Pallars Jussà,251713,"Pobla de Segur, la",0.003,0,0,0.003,bks7-dkfd
2016-08-30T00:00:00.000,10,Baix Empordà,179026,Forallac,0.008,0,0,0.008,bks7-dkfd
2016-08-31T00:00:00.000,11,Baix Llobregat,080898,Gavà,0.005,0,0,0.005,bks7-dkfd
2016-08-31T00:00:00.000,21,Maresme,082359,Sant Pol de Mar,0.14,0.65,0,0.79,bks7-dkfd
2016-08-31T00:00:00.000,28,Pla de l'Estany,170583,Crespià,0.004,0,0,0.004,bks7-dkfd
2016-08-31T00:00:00.000,02,Alt Empordà,170314,Cabanelles,0.0005,0,0,0.0005,bks7-dkfd
2016-09-01T00:00:00.000,34,Selva,171931,Sils,2,0,0,2,bks7-dkfd
2016-09-01T00:00:00.000,33,Segrià,252326,Torres de Segre,0,0.1,0,0.1,bks7-dkfd
2016-09-02T00:00:00.000,41,Vallès Oriental,080425,Cànoves i Samalús,0.0365,0,0,0.0365,bks7-dkfd
2016-09-02T00:00:00.000,41,Vallès Oriental,080425,Cànoves i Samalús,0.275,0,0,0.275,bks7-dkfd
2016-09-02T00:00:00.000,06,Anoia,081614,Piera,0,0.1,0,0.1,bks7-dkfd
2016-09-02T00:00:00.000,40,Vallès Occidental,082055,Sant Cugat del Vallès,0,0.096,0,0.096,bks7-dkfd
2016-09-02T00:00:00.000,11,Baix Llobregat,082080,Sant Esteve Sesrovires,0.25,0,0,0.25,bks7-dkfd
2016-09-03T00:00:00.000,20,Gironès,170792,Girona,0,0.201,0,0.201,bks7-dkfd
2016-09-03T00:00:00.000,35,Solsonès,251240,Lladurs,0.927,0,0,0.927,bks7-dkfd
2016-09-03T00:00:00.000,41,Vallès Oriental,080961,Granollers,0,0.18,0,0.18,bks7-dkfd
2016-09-04T00:00:00.000,11,Baix Llobregat,081234,Molins de Rei,0.025,0,0,0.025,bks7-dkfd
2016-09-04T00:00:00.000,21,Maresme,080060,Arenys de Mar,0.064,0.224,0,0.288,bks7-dkfd
2016-09-04T00:00:00.000,06,Anoia,080446,Capellades,0.1055,0,0,0.1055,bks7-dkfd
2016-09-05T00:00:00.000,15,Cerdanya,171411,Puigcerdà,0.0012,0,0,0.0012,bks7-dkfd
2016-09-05T00:00:00.000,02,Alt Empordà,170519,Cistella,0.1,0,0,0.1,bks7-dkfd
2016-09-05T00:00:00.000,04,Alt Urgell,251850,Ribera d'Urgellet,8.35,5.16,0,13.51,bks7-dkfd
2016-09-05T00:00:00.000,02,Alt Empordà,170293,Boadella i les Escaules,0,1.6,0,1.6,bks7-dkfd
2016-09-05T00:00:00.000,02,Alt Empordà,170314,Cabanelles,0.0025,0,0,0.0025,bks7-dkfd
2016-09-05T00:00:00.000,23,Noguera,251728,Ponts,0.44,0.27,0.78,0.71,bks7-dkfd
2016-09-07T00:00:00.000,36,Tarragonès,431482,Tarragona,0.1435,0,0,0.1435,bks7-dkfd
2016-09-07T00:00:00.000,02,Alt Empordà,170519,Cistella,0.1432,0,0,0.1432,bks7-dkfd
2016-09-07T00:00:00.000,21,Maresme,082037,Sant Cebrià de Vallalta,0.008,0.007,0,0.015,bks7-dkfd
2016-09-09T00:00:00.000,24,Osona,082830,Tona,0,0.03,0,0.03,bks7-dkfd
2016-09-10T00:00:00.000,12,Baix Penedès,430901,"Montmell, el",0.016,0,0,0.016,bks7-dkfd
2016-09-10T00:00:00.000,07,Bages,080538,Castellbell i el Vilar,0.005,0,0,0.005,bks7-dkfd
2016-09-10T00:00:00.000,25,Pallars Jussà,252347,Tremp,0,0.0002,0,0.0002,bks7-dkfd
2016-09-10T00:00:00.000,16,Conca de Barberà,431763,Vimbodí i Poblet,0.0007,0,0,0.0007,bks7-dkfd
2016-09-10T00:00:00.000,14,Berguedà,080575,Castell de l'Areny,0.0002,0,0,0.0002,bks7-dkfd
2016-09-12T00:00:00.000,02,Alt Empordà,170314,Cabanelles,0.002,0,0,0.002,bks7-dkfd
2016-09-14T00:00:00.000,01,Alt Camp,431606,Vallmoll,0.0075,0,0,0.0075,bks7-dkfd
2016-09-14T00:00:00.000,10,Baix Empordà,179026,Forallac,0,0.001,0,0.001,bks7-dkfd
2016-09-18T00:00:00.000,21,Maresme,081108,Malgrat de Mar,0.0025,0,0,0.0025,bks7-dkfd
2016-09-19T00:00:00.000,40,Vallès Occidental,082055,Sant Cugat del Vallès,0,0.0015,0,0.0015,bks7-dkfd
2016-09-19T00:00:00.000,13,Barcelonès,080193,Barcelona,0.77,20.48,0,21.25,bks7-dkfd
2016-09-20T00:00:00.000,40,Vallès Occidental,082798,Terrassa,0,0.1,0,0.1,bks7-dkfd
2016-09-20T00:00:00.000,02,Alt Empordà,172174,Viladamat,0,0.043,0,0.043,bks7-dkfd
2016-09-22T00:00:00.000,06,Anoia,082508,Santa Margarida de Montbui,0.15,0,0,0.15,bks7-dkfd
2016-09-23T00:00:00.000,09,Baix Ebre,431042,"Perelló, el",0,0.0012,0,0.0012,bks7-dkfd
2016-09-23T00:00:00.000,09,Baix Ebre,430136,"Ametlla de Mar, l'",0,0.3,0,0.3,bks7-dkfd
2016-09-23T00:00:00.000,09,Baix Ebre,431021,Paüls,0.36,0,0,0.36,bks7-dkfd
2016-09-23T00:00:00.000,29,Priorat,430555,Falset,0.03,0,0,0.03,bks7-dkfd
2016-09-23T00:00:00.000,03,Alt Penedès,082270,Sant Martí Sarroca,0.004,0,0,0.004,bks7-dkfd
2016-09-24T00:00:00.000,29,Priorat,430825,"Masroig, el",0,0.0005,0,0.0005,bks7-dkfd
2016-09-24T00:00:00.000,29,Priorat,430496,Cornudella de Montsant,0,0.0005,0,0.0005,bks7-dkfd
2016-09-24T00:00:00.000,07,Bages,080594,Castellfollit del Boix,0.003,0,0,0.003,bks7-dkfd
2016-09-25T00:00:00.000,07,Bages,080478,Cardona,0.015,0,0,0.015,bks7-dkfd
2016-09-26T00:00:00.000,11,Baix Llobregat,080771,Esplugues de Llobregat,0.72,11.23,0,11.95,bks7-dkfd
2016-09-26T00:00:00.000,30,Ribera d'Ebre,430607,Flix,0,0.01,0,0.01,bks7-dkfd
2016-09-26T00:00:00.000,23,Noguera,250349,Artesa de Segre,0.09,0,0,0.09,bks7-dkfd
2016-09-30T00:00:00.000,13,Barcelonès,080155,Badalona,0,0.25,0,0.25,bks7-dkfd
2016-09-30T00:00:00.000,34,Selva,171931,Sils,0.2,0,0,0.2,bks7-dkfd
2016-10-01T00:00:00.000,21,Maresme,081213,Mataró,0,0.02,0,0.02,bks7-dkfd
2016-10-02T00:00:00.000,21,Maresme,081213,Mataró,0,0.0005,0,0.0005,bks7-dkfd
2016-10-02T00:00:00.000,11,Baix Llobregat,080765,Esparreguera,0.0005,0,0,0.0005,bks7-dkfd
2016-10-04T00:00:00.000,23,Noguera,251500,Oliola,1.1,0.6,8.9,1.7,bks7-dkfd
2016-10-06T00:00:00.000,15,Cerdanya,251272,Lles de Cerdanya,0.0004,0,0,0.0004,bks7-dkfd
2016-10-08T00:00:00.000,06,Anoia,081192,Masquefa,0.03,0,0,0.03,bks7-dkfd
2016-10-10T00:00:00.000,02,Alt Empordà,170427,Capmany,0.75,0,0,0.75,bks7-dkfd
2016-10-11T00:00:00.000,34,Selva,172137,Vidreres,0.0515,0,0,0.0515,bks7-dkfd
2016-10-12T00:00:00.000,10,Baix Empordà,171215,Palau-sator,0.025,0,0,0.025,bks7-dkfd
2016-10-29T00:00:00.000,26,Pallars Sobirà,259031,"Guingueta d'Àneu, la",81.89,550.36,0,632.25,bks7-dkfd
2016-11-01T00:00:00.000,29,Priorat,430496,Cornudella de Montsant,0,0.04,0,0.04,bks7-dkfd
2016-11-03T00:00:00.000,41,Vallès Oriental,080811,Fogars de Montclús,0.04,0,0,0.04,bks7-dkfd
2016-11-04T00:00:00.000,21,Maresme,081108,Malgrat de Mar,0.003,0,0,0.003,bks7-dkfd
2016-11-06T00:00:00.000,01,Alt Camp,431704,Vila-rodona,0,0.3,0,0.3,bks7-dkfd
2016-11-08T00:00:00.000,36,Tarragonès,431009,"Pallaresos, els",0,0.28,0,0.28,bks7-dkfd
2016-11-09T00:00:00.000,21,Maresme,082140,Vilassar de Dalt,0,0.02,0,0.02,bks7-dkfd
2016-11-13T00:00:00.000,09,Baix Ebre,431554,Tortosa,0,0.0005,0,0.0005,bks7-dkfd
2016-11-13T00:00:00.000,09,Baix Ebre,431554,Tortosa,0,0.0015,0,0.0015,bks7-dkfd
2016-11-13T00:00:00.000,09,Baix Ebre,431554,Tortosa,0,0.0004,0,0.0004,bks7-dkfd
2016-11-13T00:00:00.000,09,Baix Ebre,431554,Tortosa,0,0.0006,0,0.0006,bks7-dkfd
2016-11-14T00:00:00.000,28,Pla de l'Estany,170583,Crespià,0.006,0,0,0.006,bks7-dkfd
2016-11-14T00:00:00.000,18,Garrigues,251180,Juncosa,0,0.05,0.14,0.05,bks7-dkfd
2016-11-15T00:00:00.000,34,Selva,171805,Santa Coloma de Farners,0.03,0,0,0.03,bks7-dkfd
2016-11-15T00:00:00.000,40,Vallès Occidental,082520,Barberà del Vallès,0,0.002,0,0.002,bks7-dkfd
2016-11-18T00:00:00.000,30,Ribera d'Ebre,430672,Ginestar,0.08,0,0,0.08,bks7-dkfd
2016-11-18T00:00:00.000,26,Pallars Sobirà,259031,"Guingueta d'Àneu, la",0,0.005,0,0.005,bks7-dkfd
2016-11-19T00:00:00.000,37,Terra Alta,430483,Corbera d'Ebre,0.2,0,0.39,0.2,bks7-dkfd
2016-11-20T00:00:00.000,09,Baix Ebre,431554,Tortosa,0,0.002,0,0.002,bks7-dkfd
2016-11-20T00:00:00.000,09,Baix Ebre,431554,Tortosa,0,0.005,0,0.005,bks7-dkfd
2016-11-20T00:00:00.000,09,Baix Ebre,431554,Tortosa,0,0.001,0,0.001,bks7-dkfd
2016-11-20T00:00:00.000,09,Baix Ebre,431554,Tortosa,0,0.0002,0,0.0002,bks7-dkfd
2016-12-04T00:00:00.000,23,Noguera,251728,Ponts,0,0.05,0,0.05,bks7-dkfd
2016-12-16T00:00:00.000,11,Baix Llobregat,082172,Sant Joan Despí,0,0.003,0,0.003,bks7-dkfd
2016-12-23T00:00:00.000,40,Vallès Occidental,083008,Viladecavalls,0,0.07,0,0.07,bks7-dkfd
2016-12-26T00:00:00.000,26,Pallars Sobirà,252094,Sort,0,3.3,0,3.3,bks7-dkfd
2016-12-29T00:00:00.000,05,Alta Ribagorça,252458,Vilaller,0,0.05,0,0.05,bks7-dkfd
2016-12-29T00:00:00.000,25,Pallars Jussà,252017,Sarroca de Bellera,0,1.7,0,1.7,bks7-dkfd
2017-01-04T00:00:00.000,15,Cerdanya,170242,Bolvir,0,0.653,0,0.653,bks7-dkfd
2017-01-04T00:00:00.000,09,Baix Ebre,431042,"Perelló, el",0.0227,0,0,0.0227,bks7-dkfd
2017-01-05T00:00:00.000,39,Val d'Aran,250254,Naut Aran,20.52,411.78,0,432.3,bks7-dkfd
2017-01-06T00:00:00.000,41,Vallès Oriental,082021,Sant Celoni,0.005,0,0,0.005,bks7-dkfd
2017-01-07T00:00:00.000,03,Alt Penedès,082877,Torrelavit,0.015,0,0,0.015,bks7-dkfd
2017-01-08T00:00:00.000,40,Vallès Occidental,082798,Terrassa,0,0.0015,0,0.0015,bks7-dkfd
2017-01-10T00:00:00.000,08,Baix Camp,431628,Vandellòs i l'Hospitalet de l'Infant,0,0.005,0,0.005,bks7-dkfd
2017-01-10T00:00:00.000,16,Conca de Barberà,430862,Montblanc,0,0.25,0,0.25,bks7-dkfd
2017-01-14T00:00:00.000,28,Pla de l'Estany,171740,Sant Miquel de Campmajor,0.11,0,0,0.11,bks7-dkfd
2017-01-15T00:00:00.000,41,Vallès Oriental,080811,Fogars de Montclús,0,0.001,0,0.001,bks7-dkfd
2017-01-15T00:00:00.000,02,Alt Empordà,172288,Vilanant,0,0.003,0,0.003,bks7-dkfd
2017-01-17T00:00:00.000,10,Baix Empordà,171175,Palafrugell,0.0015,0,0,0.0015,bks7-dkfd
2017-01-18T00:00:00.000,36,Tarragonès,431482,Tarragona,0.01,0,0,0.01,bks7-dkfd
2017-01-18T00:00:00.000,12,Baix Penedès,430799,Masllorenç,0.0315,0,0,0.0315,bks7-dkfd
2017-01-18T00:00:00.000,08,Baix Camp,430923,Mont-roig del Camp,0,1.35,0,1.35,bks7-dkfd
2017-01-19T00:00:00.000,09,Baix Ebre,431554,Tortosa,0,0.0002,0,0.0002,bks7-dkfd
2017-01-19T00:00:00.000,09,Baix Ebre,431554,Tortosa,0.086,0,0,0.086,bks7-dkfd
2017-01-19T00:00:00.000,09,Baix Ebre,431554,Tortosa,0,0.0004,0,0.0004,bks7-dkfd
2017-01-19T00:00:00.000,09,Baix Ebre,431554,Tortosa,0,0.07,0,0.07,bks7-dkfd
2017-01-19T00:00:00.000,09,Baix Ebre,431554,Tortosa,0,0.0005,0,0.0005,bks7-dkfd
2017-01-19T00:00:00.000,09,Baix Ebre,431554,Tortosa,0,0.0002,0,0.0002,bks7-dkfd
2017-01-19T00:00:00.000,09,Baix Ebre,431554,Tortosa,0,0.0004,0,0.0004,bks7-dkfd
2017-01-19T00:00:00.000,09,Baix Ebre,431554,Tortosa,0,0.001,0,0.001,bks7-dkfd
2017-01-19T00:00:00.000,09,Baix Ebre,431554,Tortosa,0.047,0,0,0.047,bks7-dkfd
2017-01-19T00:00:00.000,09,Baix Ebre,431554,Tortosa,0,0.02,0,0.02,bks7-dkfd
2017-01-19T00:00:00.000,09,Baix Ebre,431554,Tortosa,0,0.0015,0,0.0015,bks7-dkfd
2017-01-19T00:00:00.000,09,Baix Ebre,431554,Tortosa,0,0.08,0,0.08,bks7-dkfd
2017-01-19T00:00:00.000,09,Baix Ebre,431554,Tortosa,21.2,14.46,1.05,35.66,bks7-dkfd
2017-01-19T00:00:00.000,09,Baix Ebre,431554,Tortosa,0,0.0002,0,0.0002,bks7-dkfd
2017-01-25T00:00:00.000,05,Alta Ribagorça,251734,"Pont de Suert, el",0.628,0,0,0.628,bks7-dkfd
2017-01-26T00:00:00.000,20,Gironès,171557,Salt,0.008,0,0,0.008,bks7-dkfd
2017-02-05T00:00:00.000,09,Baix Ebre,431554,Tortosa,0.37,0,0,0.37,bks7-dkfd
2017-02-05T00:00:00.000,09,Baix Ebre,431554,Tortosa,2.48,0.23,0,2.71,bks7-dkfd
2017-02-06T00:00:00.000,10,Baix Empordà,171997,Torroella de Montgrí,0,0.0005,0,0.0005,bks7-dkfd
2017-02-06T00:00:00.000,11,Baix Llobregat,083015,Viladecans,0,0.06,0,0.06,bks7-dkfd
2017-02-08T00:00:00.000,36,Tarragonès,431482,Tarragona,0,0.23,0,0.23,bks7-dkfd
2017-02-09T00:00:00.000,38,Urgell,259025,Sant Martí de Riucorb,0,1,0,1,bks7-dkfd
2017-02-10T00:00:00.000,33,Segrià,250194,Almacelles,0.02,0,0,0.02,bks7-dkfd
2017-02-10T00:00:00.000,09,Baix Ebre,431554,Tortosa,0.01,0,0,0.01,bks7-dkfd
2017-02-12T00:00:00.000,01,Alt Camp,431080,"Pla de Santa Maria, el",0.01,0.07,0,0.08,bks7-dkfd
2017-02-12T00:00:00.000,36,Tarragonès,431482,Tarragona,0,0.24,0,0.24,bks7-dkfd
2017-02-13T00:00:00.000,33,Segrià,250122,Alcoletge,0.06,1.73,0,1.79,bks7-dkfd
2017-02-21T00:00:00.000,11,Baix Llobregat,081234,Molins de Rei,0,0.004,0,0.004,bks7-dkfd
2017-02-22T00:00:00.000,05,Alta Ribagorça,251734,"Pont de Suert, el",1.88,0.43,1.68,2.31,bks7-dkfd
2017-02-22T00:00:00.000,30,Ribera d'Ebre,430846,Miravet,0,1.06,0,1.06,bks7-dkfd
2017-02-22T00:00:00.000,05,Alta Ribagorça,251734,"Pont de Suert, el",1.26,18.31,0,19.57,bks7-dkfd
2017-02-23T00:00:00.000,23,Noguera,250621,Camarasa,0,0.26,0,0.26,bks7-dkfd
2017-02-26T00:00:00.000,33,Segrià,250117,Alcarràs,0,0.66,0,0.66,bks7-dkfd
2017-02-27T00:00:00.000,04,Alt Urgell,250616,Cabó,0,0.34,0.451,0.34,bks7-dkfd
2017-02-27T00:00:00.000,33,Segrià,250117,Alcarràs,0,0.27,0,0.27,bks7-dkfd
2017-02-28T00:00:00.000,33,Segrià,252108,Soses,0.7,0,0,0.7,bks7-dkfd
2017-02-28T00:00:00.000,31,Ripollès,170963,"Llosses, les",0,0.01,0,0.01,bks7-dkfd
2017-03-01T00:00:00.000,23,Noguera,251569,Os de Balaguer,0.088,0.2,0,0.288,bks7-dkfd
2017-03-01T00:00:00.000,31,Ripollès,170963,"Llosses, les",0.025,0,0,0.025,bks7-dkfd
2017-03-01T00:00:00.000,09,Baix Ebre,431554,Tortosa,0,0.0002,0,0.0002,bks7-dkfd
2017-03-02T00:00:00.000,26,Pallars Sobirà,251235,Lladorre,0,0.6,0,0.6,bks7-dkfd
2017-03-02T00:00:00.000,08,Baix Camp,430923,Mont-roig del Camp,0,0.0025,0,0.0025,bks7-dkfd
2017-03-02T00:00:00.000,24,Osona,082541,"Esquirol, l'",0,0.078,0,0.078,bks7-dkfd
2017-03-03T00:00:00.000,24,Osona,082476,Santa Eulàlia de Riuprimer,0,0.1,0,0.1,bks7-dkfd
2017-03-03T00:00:00.000,09,Baix Ebre,439018,Deltebre,0,0.001,0,0.001,bks7-dkfd
2017-03-05T00:00:00.000,30,Ribera d'Ebre,431508,Tivissa,0,0.001,0,0.001,bks7-dkfd
2017-03-06T00:00:00.000,06,Anoia,082508,Santa Margarida de Montbui,0.32,0,0,0.32,bks7-dkfd
2017-03-06T00:00:00.000,33,Segrià,251207,Lleida,0,0.05,0,0.05,bks7-dkfd
2017-03-06T00:00:00.000,16,Conca de Barberà,430542,"Espluga de Francolí, l'",0,0.3,0,0.3,bks7-dkfd
2017-03-07T00:00:00.000,16,Conca de Barberà,431726,Vilaverd,0,0.014,0,0.014,bks7-dkfd
2017-03-07T00:00:00.000,09,Baix Ebre,431331,Roquetes,3.18,7.73,0.36,10.91,bks7-dkfd
2017-03-09T00:00:00.000,03,Alt Penedès,081228,Mediona,0.05,0,0,0.05,bks7-dkfd
2017-03-09T00:00:00.000,09,Baix Ebre,431554,Tortosa,0.13,0,0,0.13,bks7-dkfd
2017-03-10T00:00:00.000,09,Baix Ebre,431021,Paüls,2.55,0.04,0,2.59,bks7-dkfd
2017-03-10T00:00:00.000,19,Garrotxa,171833,Sant Aniol de Finestres,0,0.9,0,0.9,bks7-dkfd
2017-03-10T00:00:00.000,26,Pallars Sobirà,252094,Sort,0,6.32,0,6.32,bks7-dkfd
2017-03-11T00:00:00.000,37,Terra Alta,430483,Corbera d'Ebre,0.2082,0,0,0.2082,bks7-dkfd
2017-03-11T00:00:00.000,06,Anoia,083020,Vilanova del Camí,0.0193,0,0,0.0193,bks7-dkfd
2017-03-11T00:00:00.000,26,Pallars Sobirà,250175,Alins,0.4,0,0.4,0.4,bks7-dkfd
2017-03-12T00:00:00.000,30,Ribera d'Ebre,430653,Garcia,0.86,0,0,0.86,bks7-dkfd
2017-03-14T00:00:00.000,06,Anoia,083020,Vilanova del Camí,0,0.2,0,0.2,bks7-dkfd
2017-03-14T00:00:00.000,02,Alt Empordà,171352,Pont de Molins,0,0.25,0,0.25,bks7-dkfd
2017-03-14T00:00:00.000,28,Pla de l'Estany,170715,Fontcoberta,0.1,0,0,0.1,bks7-dkfd
2017-03-14T00:00:00.000,38,Urgell,250962,"Fuliola, la",0,0.47,0,0.47,bks7-dkfd
2017-03-17T00:00:00.000,04,Alt Urgell,259101,Josa i Tuixén,0,0.03,0,0.03,bks7-dkfd
2017-03-18T00:00:00.000,29,Priorat,430580,"Figuera, la",0,0.0844,0,0.0844,bks7-dkfd
2017-03-18T00:00:00.000,33,Segrià,252326,Torres de Segre,0,3.8,0,3.8,bks7-dkfd
2017-03-20T00:00:00.000,08,Baix Camp,430173,"Argentera, l'",0,0.0015,0,0.0015,bks7-dkfd
2017-03-20T00:00:00.000,02,Alt Empordà,170293,Boadella i les Escaules,0.01,0,0,0.01,bks7-dkfd
2017-03-25T00:00:00.000,09,Baix Ebre,431554,Tortosa,0,0.7,0,0.7,bks7-dkfd
2017-03-27T00:00:00.000,21,Maresme,082613,Santa Susanna,0.001,0.002,0,0.003,bks7-dkfd
2017-03-30T00:00:00.000,33,Segrià,252326,Torres de Segre,0,0.9,0,0.9,bks7-dkfd
2017-03-30T00:00:00.000,17,Garraf,080431,Canyelles,0,0.0015,0,0.0015,bks7-dkfd
2017-04-04T00:00:00.000,20,Gironès,171557,Salt,0,0.015,0,0.015,bks7-dkfd
2017-04-05T00:00:00.000,21,Maresme,080351,Calella,0.04,0.15,0,0.19,bks7-dkfd
2017-04-06T00:00:00.000,08,Baix Camp,431457,"Selva del Camp, la",0,0.71,0,0.71,bks7-dkfd
2017-04-06T00:00:00.000,25,Pallars Jussà,252271,"Torre de Cabdella, la",0.3,0,0,0.3,bks7-dkfd
2017-04-07T00:00:00.000,37,Terra Alta,431172,Prat de Comte,0,0.0183,0,0.0183,bks7-dkfd
2017-04-09T00:00:00.000,11,Baix Llobregat,081234,Molins de Rei,0.0866,0,0,0.0866,bks7-dkfd
2017-04-09T00:00:00.000,09,Baix Ebre,430252,Benifallet,0.5,0,0,0.5,bks7-dkfd
2017-04-10T00:00:00.000,30,Ribera d'Ebre,431508,Tivissa,0.448,0,0,0.448,bks7-dkfd
2017-04-10T00:00:00.000,28,Pla de l'Estany,171371,Porqueres,0.281,0,0,0.281,bks7-dkfd
2017-04-11T00:00:00.000,33,Segrià,251207,Lleida,0.1,0,0,0.1,bks7-dkfd
2017-04-11T00:00:00.000,30,Ribera d'Ebre,431212,Rasquera,0.002,0,0,0.002,bks7-dkfd
2017-04-11T00:00:00.000,30,Ribera d'Ebre,431251,Riba-roja d'Ebre,0,0.07,0,0.07,bks7-dkfd
2017-04-13T00:00:00.000,22,Montsià,430445,"Sénia, la",0,0.03,0,0.03,bks7-dkfd
2017-04-14T00:00:00.000,25,Pallars Jussà,252154,Talarn,0,0.05,0,0.05,bks7-dkfd
2017-04-14T00:00:00.000,21,Maresme,080039,Alella,0.015,0,0,0.015,bks7-dkfd
2017-04-15T00:00:00.000,09,Baix Ebre,430521,Xerta,0,0.098,0,0.098,bks7-dkfd
2017-04-15T00:00:00.000,09,Baix Ebre,430521,Xerta,0.28,0,0,0.28,bks7-dkfd
2017-04-16T00:00:00.000,23,Noguera,252206,Térmens,0,0.005,0,0.005,bks7-dkfd
2017-04-16T00:00:00.000,11,Baix Llobregat,081477,Olesa de Montserrat,0,0.05,0,0.05,bks7-dkfd
2017-04-17T00:00:00.000,09,Baix Ebre,431554,Tortosa,0.78,0,0,0.78,bks7-dkfd
2017-04-17T00:00:00.000,11,Baix Llobregat,081234,Molins de Rei,0.005,0,0,0.005,bks7-dkfd
2017-04-17T00:00:00.000,23,Noguera,251569,Os de Balaguer,0.75,2.84,0,3.59,bks7-dkfd
2017-04-18T00:00:00.000,02,Alt Empordà,170314,Cabanelles,0,0.015,0,0.015,bks7-dkfd
2017-04-18T00:00:00.000,09,Baix Ebre,431554,Tortosa,0,0.8,0,0.8,bks7-dkfd
2017-04-18T00:00:00.000,25,Pallars Jussà,251615,Conca de Dalt,0,0.14,0,0.14,bks7-dkfd
2017-04-19T00:00:00.000,33,Segrià,251207,Lleida,0,0.53,0,0.53,bks7-dkfd
2017-04-20T00:00:00.000,41,Vallès Oriental,082346,Sant Pere de Vilamajor,0.09,0,0,0.09,bks7-dkfd
2017-04-20T00:00:00.000,07,Bages,080983,Sant Salvador de Guardiola,0.02,0,0,0.02,bks7-dkfd
2017-04-21T00:00:00.000,18,Garrigues,251018,"Granadella, la",0,0.05,0,0.05,bks7-dkfd
2017-04-22T00:00:00.000,09,Baix Ebre,431021,Paüls,0,0.09,0,0.09,bks7-dkfd
2017-04-22T00:00:00.000,33,Segrià,251207,Lleida,0,0.15,0,0.15,bks7-dkfd
2017-04-22T00:00:00.000,04,Alt Urgell,250772,Coll de Nargó,0,0.052,0,0.052,bks7-dkfd
2017-04-22T00:00:00.000,22,Montsià,430043,Alcanar,0,1.256,0,1.256,bks7-dkfd
2017-04-23T00:00:00.000,40,Vallès Occidental,080517,Castellar del Vallès,0,0.0001,0,0.0001,bks7-dkfd
2017-04-23T00:00:00.000,15,Cerdanya,170694,Fontanals de Cerdanya,0,0.194,0,0.194,bks7-dkfd
2017-04-23T00:00:00.000,15,Cerdanya,170062,Alp,0,0.0003,0,0.0003,bks7-dkfd
2017-04-23T00:00:00.000,13,Barcelonès,080193,Barcelona,0.007,0,0,0.007,bks7-dkfd
2017-04-24T00:00:00.000,18,Garrigues,251057,Granyena de les Garrigues,0,0.1,0,0.1,bks7-dkfd
2017-04-25T00:00:00.000,02,Alt Empordà,170314,Cabanelles,0.06,0,0,0.06,bks7-dkfd
2017-05-04T00:00:00.000,01,Alt Camp,431080,"Pla de Santa Maria, el",0.01,0,0,0.01,bks7-dkfd
2017-05-05T00:00:00.000,40,Vallès Occidental,082798,Terrassa,0.0032,0,0.0008,0.0032,bks7-dkfd
2017-05-05T00:00:00.000,33,Segrià,250138,Alfarràs,0.5,0,0,0.5,bks7-dkfd
2017-05-06T00:00:00.000,09,Baix Ebre,430252,Benifallet,0.12,0,0.43,0.12,bks7-dkfd
2017-05-06T00:00:00.000,20,Gironès,170736,Fornells de la Selva,0.002,0,0,0.002,bks7-dkfd
2017-05-06T00:00:00.000,07,Bages,080386,Callús,0,0.0432,0,0.0432,bks7-dkfd
2017-05-06T00:00:00.000,03,Alt Penedès,081228,Mediona,0,0.003,0,0.003,bks7-dkfd
2017-05-06T00:00:00.000,41,Vallès Oriental,081982,Sant Antoni de Vilamajor,0.003,0,0,0.003,bks7-dkfd
2017-05-06T00:00:00.000,03,Alt Penedès,082732,Subirats,0.42,0,0,0.42,bks7-dkfd
2017-05-07T00:00:00.000,33,Segrià,251207,Lleida,0,0.03,0,0.03,bks7-dkfd
2017-05-08T00:00:00.000,29,Priorat,430580,"Figuera, la",0.86,0.54,0.04,1.4,bks7-dkfd
2017-05-08T00:00:00.000,33,Segrià,252326,Torres de Segre,0.003,0,0,0.003,bks7-dkfd
2017-05-08T00:00:00.000,20,Gironès,170255,Bordils,0.012,0,0,0.012,bks7-dkfd
2017-05-08T00:00:00.000,07,Bages,081136,Manresa,0.65,0,0,0.65,bks7-dkfd
2017-05-09T00:00:00.000,25,Pallars Jussà,250984,Gavet de la Conca,0.15,4.29,0.08,4.44,bks7-dkfd
2017-05-10T00:00:00.000,34,Selva,170084,Anglès,0.03,0,0,0.03,bks7-dkfd
2017-05-10T00:00:00.000,28,Pla de l'Estany,171371,Porqueres,0.022,0,0,0.022,bks7-dkfd
2017-05-13T00:00:00.000,40,Vallès Occidental,080517,Castellar del Vallès,0.015,0,0,0.015,bks7-dkfd
2017-05-14T00:00:00.000,40,Vallès Occidental,080517,Castellar del Vallès,0,0.002,0,0.002,bks7-dkfd
2017-05-15T00:00:00.000,23,Noguera,250621,Camarasa,0.69,0.86,0,1.55,bks7-dkfd
2017-05-16T00:00:00.000,23,Noguera,250349,Artesa de Segre,0,0.1,0,0.1,bks7-dkfd
2017-05-16T00:00:00.000,25,Pallars Jussà,251155,Isona i Conca Dellà,0,0.0025,0,0.0025,bks7-dkfd
2017-05-16T00:00:00.000,37,Terra Alta,430568,"Fatarella, la",1.95,3.72,1.01,5.67,bks7-dkfd
2017-05-16T00:00:00.000,28,Pla de l'Estany,170157,Banyoles,0,0.02,0,0.02,bks7-dkfd
2017-05-16T00:00:00.000,18,Garrigues,252555,Vinaixa,0.06,0,0.03,0.06,bks7-dkfd
2017-05-18T00:00:00.000,41,Vallès Oriental,081810,"Roca del Vallès, la",0.031,0,0,0.031,bks7-dkfd
2017-05-19T00:00:00.000,41,Vallès Oriental,082107,Sant Feliu de Codines,0.01,0,0,0.01,bks7-dkfd
2017-05-19T00:00:00.000,22,Montsià,430770,Mas de Barberans,0,0.6,0,0.6,bks7-dkfd
2017-05-20T00:00:00.000,22,Montsià,431567,Ulldecona,0,0.0684,0,0.0684,bks7-dkfd
2017-05-21T00:00:00.000,11,Baix Llobregat,080765,Esparreguera,0.35,0,0,0.35,bks7-dkfd
2017-05-22T00:00:00.000,21,Maresme,080095,Argentona,0,0.0001,0,0.0001,bks7-dkfd
2017-05-23T00:00:00.000,20,Gironès,170499,Celrà,0.16,0,0,0.16,bks7-dkfd
2017-05-23T00:00:00.000,24,Osona,082785,Taradell,0,0.005,0,0.005,bks7-dkfd
2017-05-24T00:00:00.000,11,Baix Llobregat,080898,Gavà,0.3,0,0,0.3,bks7-dkfd
2017-05-24T00:00:00.000,06,Anoia,082508,Santa Margarida de Montbui,0,0.0018,0,0.0018,bks7-dkfd
2017-05-24T00:00:00.000,11,Baix Llobregat,080898,Gavà,0.57,0.61,0,1.18,bks7-dkfd
2017-05-25T00:00:00.000,11,Baix Llobregat,080569,Castelldefels,0,0.15,0,0.15,bks7-dkfd
2017-05-25T00:00:00.000,24,Osona,082690,Seva,0,0.02,0,0.02,bks7-dkfd
2017-05-25T00:00:00.000,18,Garrigues,250582,"Borges Blanques, les",0,0.088,0,0.088,bks7-dkfd
2017-05-25T00:00:00.000,20,Gironès,170448,Cassà de la Selva,0.043,0,0,0.043,bks7-dkfd
2017-05-25T00:00:00.000,34,Selva,171030,Maçanet de la Selva,0.85,0,0,0.85,bks7-dkfd
2017-05-25T00:00:00.000,40,Vallès Occidental,081252,Montcada i Reixac,0,0.11,0,0.11,bks7-dkfd
2017-05-27T00:00:00.000,22,Montsià,439023,Sant Jaume d'Enveja,0,0.016,0,0.016,bks7-dkfd
2017-05-28T00:00:00.000,03,Alt Penedès,080137,Avinyonet del Penedès,0.005,0,0,0.005,bks7-dkfd
2017-05-29T00:00:00.000,06,Anoia,081629,"Hostalets de Pierola, els",0.004,0.001,0,0.005,bks7-dkfd
2017-05-30T00:00:00.000,33,Segrià,250215,Almenar,0,0.03,0.1,0.03,bks7-dkfd
2017-05-30T00:00:00.000,01,Alt Camp,431613,Valls,0.2,0.7,0.03,0.9,bks7-dkfd
2017-05-30T00:00:00.000,19,Garrotxa,171096,Montagut i Oix,0,0.0008,0,0.0008,bks7-dkfd
2017-05-31T00:00:00.000,23,Noguera,250156,Algerri,0,0.02,0,0.02,bks7-dkfd
2017-06-01T00:00:00.000,40,Vallès Occidental,081846,Rubí,0,0.235,0,0.235,bks7-dkfd
2017-06-01T00:00:00.000,12,Baix Penedès,430287,"Bisbal del Penedès, la",0,0.44,0,0.44,bks7-dkfd
2017-06-01T00:00:00.000,34,Selva,171019,Massanes,0,0.05,0.285,0.05,bks7-dkfd
2017-06-01T00:00:00.000,21,Maresme,080752,Dosrius,0,0.3,0.07,0.3,bks7-dkfd
2017-06-02T00:00:00.000,21,Maresme,082037,Sant Cebrià de Vallalta,0.001,0,0,0.001,bks7-dkfd
2017-06-02T00:00:00.000,18,Garrigues,250766,"Cogul, el",0,0.135,0,0.135,bks7-dkfd
2017-06-03T00:00:00.000,11,Baix Llobregat,081477,Olesa de Montserrat,0,0.43,0,0.43,bks7-dkfd
2017-06-04T00:00:00.000,06,Anoia,080636,Castellolí,0,0.0004,0,0.0004,bks7-dkfd
2017-06-04T00:00:00.000,10,Baix Empordà,171175,Palafrugell,0.005,0,0,0.005,bks7-dkfd
2017-06-06T00:00:00.000,33,Segrià,252000,Sarroca de Lleida,0,0.87,2.36,0.87,bks7-dkfd
2017-06-07T00:00:00.000,36,Tarragonès,431310,Roda de Berà,0.05,0,0,0.05,bks7-dkfd
2017-06-08T00:00:00.000,41,Vallès Oriental,080333,Caldes de Montbui,0,0.002,0,0.002,bks7-dkfd
2017-06-08T00:00:00.000,11,Baix Llobregat,080765,Esparreguera,0,0.05,0.15,0.05,bks7-dkfd
2017-06-09T00:00:00.000,22,Montsià,430141,Amposta,0,0.37,0,0.37,bks7-dkfd
2017-06-09T00:00:00.000,18,Garrigues,250292,Arbeca,0,0.57,3.9,0.57,bks7-dkfd
2017-06-10T00:00:00.000,18,Garrigues,250096,"Albi, l'",0,0.36,0.71,0.36,bks7-dkfd
2017-06-10T00:00:00.000,38,Urgell,259025,Sant Martí de Riucorb,0,0.25,1.25,0.25,bks7-dkfd
2017-06-10T00:00:00.000,21,Maresme,081555,Palafolls,0,0.03,0,0.03,bks7-dkfd
2017-06-10T00:00:00.000,30,Ribera d'Ebre,431212,Rasquera,0,0.58,0,0.58,bks7-dkfd
2017-06-11T00:00:00.000,03,Alt Penedès,081688,Pontons,0,0.003,0,0.003,bks7-dkfd
2017-06-11T00:00:00.000,28,Pla de l'Estany,171903,Serinyà,0,0.008,0,0.008,bks7-dkfd
2017-06-12T00:00:00.000,20,Gironès,171557,Salt,0,0.06,0,0.06,bks7-dkfd
2017-06-12T00:00:00.000,28,Pla de l'Estany,172180,Vilademuls,0.1634,0,0,0.1634,bks7-dkfd
2017-06-12T00:00:00.000,28,Pla de l'Estany,172180,Vilademuls,0.0555,0,0,0.0555,bks7-dkfd
2017-06-12T00:00:00.000,28,Pla de l'Estany,170715,Fontcoberta,0.0124,0,0,0.0124,bks7-dkfd
2017-06-12T00:00:00.000,37,Terra Alta,430419,Caseres,0.015,0,0,0.015,bks7-dkfd
2017-06-12T00:00:00.000,20,Gironès,171557,Salt,0,0.02,0,0.02,bks7-dkfd
2017-06-13T00:00:00.000,21,Maresme,081555,Palafolls,0,0.02,0,0.02,bks7-dkfd
2017-06-13T00:00:00.000,02,Alt Empordà,170010,Agullana,0.4,0,0.2,0.4,bks7-dkfd
2017-06-14T00:00:00.000,32,Segarra,259078,Torrefeta i Florejacs,1.21,0.12,3.53,1.33,bks7-dkfd
2017-06-14T00:00:00.000,20,Gironès,170792,Girona,1.34,1.49,0.26,2.83,bks7-dkfd
2017-06-14T00:00:00.000,34,Selva,171931,Sils,0.77,0.36,7.4,1.13,bks7-dkfd
2017-06-14T00:00:00.000,10,Baix Empordà,171215,Palau-sator,0.2,0,0.15,0.2,bks7-dkfd
2017-06-14T00:00:00.000,18,Garrigues,251180,Juncosa,0.355,0,0,0.355,bks7-dkfd
2017-06-14T00:00:00.000,34,Selva,171946,Susqueda,0.45,0.42,0,0.87,bks7-dkfd
2017-06-14T00:00:00.000,23,Noguera,251500,Oliola,5.67,1.16,35.45,6.83,bks7-dkfd
2017-06-14T00:00:00.000,40,Vallès Occidental,081252,Montcada i Reixac,0,0.6,0,0.6,bks7-dkfd
2017-06-14T00:00:00.000,06,Anoia,080608,Castellfollit de Riubregós,0,0.078,0,0.078,bks7-dkfd
2017-06-14T00:00:00.000,09,Baix Ebre,431495,Tivenys,0,0.69,0,0.69,bks7-dkfd
2017-06-15T00:00:00.000,41,Vallès Oriental,080462,Cardedeu,0.88,0.06,6.77,0.94,bks7-dkfd
2017-06-15T00:00:00.000,15,Cerdanya,251399,Montellà i Martinet,0.0008,0,0,0.0008,bks7-dkfd
2017-06-16T00:00:00.000,24,Osona,082690,Seva,0,0.02,0,0.02,bks7-dkfd
2017-06-16T00:00:00.000,23,Noguera,250220,Alòs de Balaguer,0.1,0,0,0.1,bks7-dkfd
2017-06-16T00:00:00.000,18,Garrigues,250292,Arbeca,0,0.41,4.04,0.41,bks7-dkfd
2017-06-17T00:00:00.000,33,Segrià,251207,Lleida,0,8.19,81.74,8.19,bks7-dkfd
2017-06-17T00:00:00.000,24,Osona,082690,Seva,0,0.04,0.76,0.04,bks7-dkfd
2017-06-17T00:00:00.000,10,Baix Empordà,171997,Torroella de Montgrí,0.005,0,0,0.005,bks7-dkfd
2017-06-17T00:00:00.000,21,Maresme,081555,Palafolls,0,0.006,0,0.006,bks7-dkfd
2017-06-17T00:00:00.000,06,Anoia,081192,Masquefa,0,0.04,0,0.04,bks7-dkfd
2017-06-18T00:00:00.000,11,Baix Llobregat,081234,Molins de Rei,0.0248,0,0,0.0248,bks7-dkfd
2017-06-18T00:00:00.000,16,Conca de Barberà,430542,"Espluga de Francolí, l'",0.03,0.12,0,0.15,bks7-dkfd
2017-06-18T00:00:00.000,21,Maresme,081555,Palafolls,0.05,0.09,0,0.14,bks7-dkfd
2017-06-18T00:00:00.000,11,Baix Llobregat,080207,Begues,0.242,0,0,0.242,bks7-dkfd
2017-06-18T00:00:00.000,13,Barcelonès,082457,Santa Coloma de Gramenet,0,0.1,0.3,0.1,bks7-dkfd
2017-06-18T00:00:00.000,40,Vallès Occidental,082671,Sentmenat,0.79,0.1,6.57,0.89,bks7-dkfd
2017-06-19T00:00:00.000,22,Montsià,430445,"Sénia, la",0,0.005,0,0.005,bks7-dkfd
2017-06-19T00:00:00.000,09,Baix Ebre,431554,Tortosa,0,0.0005,0,0.0005,bks7-dkfd
2017-06-19T00:00:00.000,09,Baix Ebre,431554,Tortosa,0,0.025,0,0.025,bks7-dkfd
2017-06-19T00:00:00.000,10,Baix Empordà,171812,Santa Cristina d'Aro,0,0.003,0,0.003,bks7-dkfd
2017-06-19T00:00:00.000,40,Vallès Occidental,082798,Terrassa,0.045,0.045,0,0.09,bks7-dkfd
2017-06-19T00:00:00.000,23,Noguera,251500,Oliola,0,0.06,0.2,0.06,bks7-dkfd
2017-06-20T00:00:00.000,35,Solsonès,251667,Pinell de Solsonès,0,0.047,0.139,0.047,bks7-dkfd
2017-06-20T00:00:00.000,23,Noguera,251348,Menàrguens,0,0.2,0,0.2,bks7-dkfd
2017-06-21T00:00:00.000,30,Ribera d'Ebre,430672,Ginestar,0.06,0.03,0,0.09,bks7-dkfd
2017-06-21T00:00:00.000,09,Baix Ebre,431331,Roquetes,0,2.77,0.11,2.77,bks7-dkfd
2017-06-21T00:00:00.000,33,Segrià,251207,Lleida,0.08,0,0,0.08,bks7-dkfd
2017-06-21T00:00:00.000,34,Selva,171501,Riudellots de la Selva,0.3175,0,0,0.3175,bks7-dkfd
2017-06-21T00:00:00.000,23,Noguera,250349,Artesa de Segre,0,0.36,0.44,0.36,bks7-dkfd
2017-06-22T00:00:00.000,07,Bages,082135,Sant Fruitós de Bages,1.42,6.05,87.45,7.47,bks7-dkfd
2017-06-22T00:00:00.000,41,Vallès Oriental,081069,Llinars del Vallès,0,0.44,0,0.44,bks7-dkfd
2017-06-22T00:00:00.000,25,Pallars Jussà,252347,Tremp,0.0001,0,0,0.0001,bks7-dkfd
2017-06-23T00:00:00.000,11,Baix Llobregat,080765,Esparreguera,3.17,0.74,2.59,3.91,bks7-dkfd
2017-06-23T00:00:00.000,20,Gironès,171557,Salt,0,0.03,0,0.03,bks7-dkfd
2017-06-23T00:00:00.000,20,Gironès,170792,Girona,0,0.014,0,0.014,bks7-dkfd
2017-06-23T00:00:00.000,40,Vallès Occidental,081252,Montcada i Reixac,0.14,4.67,0.84,4.81,bks7-dkfd
2017-06-23T00:00:00.000,11,Baix Llobregat,082956,Vallirana,0,0.015,0,0.015,bks7-dkfd
2017-06-23T00:00:00.000,03,Alt Penedès,082732,Subirats,0.04,0,0,0.04,bks7-dkfd
2017-06-23T00:00:00.000,21,Maresme,081213,Mataró,0,0.009,0,0.009,bks7-dkfd
2017-06-23T00:00:00.000,12,Baix Penedès,430304,Bonastre,2.2,0.16,0,2.36,bks7-dkfd
2017-06-23T00:00:00.000,11,Baix Llobregat,081960,Sant Andreu de la Barca,0,0.007,0,0.007,bks7-dkfd
2017-06-23T00:00:00.000,40,Vallès Occidental,082917,Vacarisses,0,0.005,0.12,0.005,bks7-dkfd
2017-06-23T00:00:00.000,35,Solsonès,251517,Olius,0.52,0,4.77,0.52,bks7-dkfd
2017-06-23T00:00:00.000,07,Bages,081918,Sallent,0,0.075,0,0.075,bks7-dkfd
2017-06-23T00:00:00.000,11,Baix Llobregat,080765,Esparreguera,0,0.4,0.8,0.4,bks7-dkfd
2017-06-24T00:00:00.000,25,Pallars Jussà,250984,Gavet de la Conca,0,0.027,0,0.027,bks7-dkfd
2017-06-24T00:00:00.000,13,Barcelonès,082457,Santa Coloma de Gramenet,0,0.192,0,0.192,bks7-dkfd
2017-06-24T00:00:00.000,07,Bages,081136,Manresa,0,0.05,0,0.05,bks7-dkfd
2017-06-24T00:00:00.000,41,Vallès Oriental,080961,Granollers,0,0.07,0,0.07,bks7-dkfd
2017-06-24T00:00:00.000,02,Alt Empordà,171984,Torroella de Fluvià,0,0.53,0,0.53,bks7-dkfd
2017-06-24T00:00:00.000,40,Vallès Occidental,081878,Sabadell,0,0.05,0,0.05,bks7-dkfd
2017-06-24T00:00:00.000,41,Vallès Oriental,081056,"Llagosta, la",0,0.0035,0,0.0035,bks7-dkfd
2017-06-24T00:00:00.000,28,Pla de l'Estany,171371,Porqueres,0,0.041,0,0.041,bks7-dkfd
2017-06-24T00:00:00.000,41,Vallès Oriental,080863,"Franqueses del Vallès, les",0,0.415,0,0.415,bks7-dkfd
2017-06-24T00:00:00.000,40,Vallès Occidental,082671,Sentmenat,0.005,0,0,0.005,bks7-dkfd
2017-06-24T00:00:00.000,34,Selva,080826,Fogars de la Selva,0.35,0,0,0.35,bks7-dkfd
2017-06-24T00:00:00.000,38,Urgell,250030,Agramunt,2.4,0.38,7.31,2.78,bks7-dkfd
2017-06-25T00:00:00.000,23,Noguera,252496,Vilanova de l'Aguda,0.03,0,0,0.03,bks7-dkfd
2017-06-25T00:00:00.000,40,Vallès Occidental,082233,Sant Llorenç Savall,0,0.5144,0,0.5144,bks7-dkfd
2017-06-26T00:00:00.000,34,Selva,171501,Riudellots de la Selva,0.003,0,0,0.003,bks7-dkfd
2017-06-26T00:00:00.000,25,Pallars Jussà,251615,Conca de Dalt,0.003,0,0,0.003,bks7-dkfd
2017-06-26T00:00:00.000,21,Maresme,081213,Mataró,0.006,0,0,0.006,bks7-dkfd
2017-06-26T00:00:00.000,16,Conca de Barberà,430542,"Espluga de Francolí, l'",0,0.037,0,0.037,bks7-dkfd
2017-06-26T00:00:00.000,06,Anoia,083020,Vilanova del Camí,0,0.1454,0,0.1454,bks7-dkfd
2017-06-27T00:00:00.000,28,Pla de l'Estany,170715,Fontcoberta,0.047,0,0,0.047,bks7-dkfd
2017-06-27T00:00:00.000,09,Baix Ebre,430081,Alfara de Carles,0,0.0009,0,0.0009,bks7-dkfd
2017-06-27T00:00:00.000,09,Baix Ebre,430081,Alfara de Carles,0.038,0,0,0.038,bks7-dkfd
2017-06-27T00:00:00.000,16,Conca de Barberà,430542,"Espluga de Francolí, l'",0.03,0,0.57,0.03,bks7-dkfd
2017-06-27T00:00:00.000,40,Vallès Occidental,082917,Vacarisses,0,0.0015,0,0.0015,bks7-dkfd
2017-06-27T00:00:00.000,20,Gironès,171729,Sant Martí de Llémena,0.0008,0,0,0.0008,bks7-dkfd
2017-06-28T00:00:00.000,30,Ribera d'Ebre,431508,Tivissa,0.135,0,0,0.135,bks7-dkfd
2017-06-28T00:00:00.000,18,Garrigues,252555,Vinaixa,0,0.002,0,0.002,bks7-dkfd
2017-06-28T00:00:00.000,23,Noguera,250426,"Baronia de Rialb, la",1.14,0.31,5.06,1.45,bks7-dkfd
2017-06-28T00:00:00.000,06,Anoia,081614,Piera,0,0.025,0,0.025,bks7-dkfd
2017-06-28T00:00:00.000,40,Vallès Occidental,080543,Castellbisbal,0,0.119,0,0.119,bks7-dkfd
2017-06-28T00:00:00.000,08,Baix Camp,430537,Duesaigües,0.01,0,0,0.01,bks7-dkfd
2017-06-28T00:00:00.000,03,Alt Penedès,082877,Torrelavit,0.03,0,0.27,0.03,bks7-dkfd
2017-06-29T00:00:00.000,17,Garraf,082310,Sant Pere de Ribes,0.01,0,0,0.01,bks7-dkfd
2017-06-29T00:00:00.000,40,Vallès Occidental,082606,Santa Perpètua de Mogoda,0,0.2,0,0.2,bks7-dkfd
2017-06-29T00:00:00.000,41,Vallès Oriental,081982,Sant Antoni de Vilamajor,0,0.006,0,0.006,bks7-dkfd
2017-06-30T00:00:00.000,13,Barcelonès,082457,Santa Coloma de Gramenet,0.05,0,0,0.05,bks7-dkfd
2017-06-30T00:00:00.000,22,Montsià,430688,Godall,0,1.19,0.34,1.19,bks7-dkfd
2017-07-01T00:00:00.000,11,Baix Llobregat,081960,Sant Andreu de la Barca,0.59,0.32,0.17,0.91,bks7-dkfd
2017-07-01T00:00:00.000,04,Alt Urgell,250447,Bassella,0.055,0,0,0.055,bks7-dkfd
2017-07-03T00:00:00.000,11,Baix Llobregat,083015,Viladecans,0,0.01,0,0.01,bks7-dkfd
2017-07-03T00:00:00.000,21,Maresme,081635,Pineda de Mar,0.03,2.67,1.14,2.7,bks7-dkfd
2017-07-03T00:00:00.000,13,Barcelonès,080155,Badalona,0.44,4.56,0,5,bks7-dkfd
2017-07-03T00:00:00.000,40,Vallès Occidental,081846,Rubí,0.18,0.91,0.24,1.09,bks7-dkfd
2017-07-04T00:00:00.000,03,Alt Penedès,082270,Sant Martí Sarroca,0.15,1.1,1.2,1.25,bks7-dkfd
2017-07-04T00:00:00.000,06,Anoia,081764,Pujalt,8.07,5.33,24.22,13.4,bks7-dkfd
2017-07-04T00:00:00.000,40,Vallès Occidental,081568,Palau-solità i Plegamans,0.67,1.72,14.14,2.39,bks7-dkfd
2017-07-04T00:00:00.000,36,Tarragonès,431009,"Pallaresos, els",0.25,0,0,0.25,bks7-dkfd
2017-07-05T00:00:00.000,07,Bages,080121,Avinyó,21.74,12.26,42.67,34,bks7-dkfd
2017-07-05T00:00:00.000,41,Vallès Oriental,080885,"Garriga, la",0.008,0,0,0.008,bks7-dkfd
2017-07-06T00:00:00.000,11,Baix Llobregat,080765,Esparreguera,0,0.05,0,0.05,bks7-dkfd
2017-07-06T00:00:00.000,02,Alt Empordà,170622,"Escala, l'",0,0.004,0,0.004,bks7-dkfd
2017-07-06T00:00:00.000,40,Vallès Occidental,081252,Montcada i Reixac,0,0.52,0,0.52,bks7-dkfd
2017-07-07T00:00:00.000,35,Solsonès,251462,Navès,0.2,0.1,0.5,0.3,bks7-dkfd
2017-07-07T00:00:00.000,36,Tarragonès,430430,"Catllar, el",0.0076,0,0,0.0076,bks7-dkfd
2017-07-07T00:00:00.000,40,Vallès Occidental,082917,Vacarisses,0,0.17,0,0.17,bks7-dkfd
2017-07-08T00:00:00.000,32,Segarra,250557,Biosca,5.27,1.96,8.63,7.23,bks7-dkfd
2017-07-08T00:00:00.000,35,Solsonès,251240,Lladurs,0.25,0,0,0.25,bks7-dkfd
2017-07-08T00:00:00.000,36,Tarragonès,431310,Roda de Berà,0.15,0,0,0.15,bks7-dkfd
2017-07-08T00:00:00.000,23,Noguera,251500,Oliola,0.44,0.61,65.82,1.05,bks7-dkfd
2017-07-08T00:00:00.000,21,Maresme,081939,Sant Iscle de Vallalta,0.002,0,0,0.002,bks7-dkfd
2017-07-09T00:00:00.000,18,Garrigues,250096,"Albi, l'",0,0.0334,0,0.0334,bks7-dkfd
2017-07-09T00:00:00.000,06,Anoia,081192,Masquefa,0.42,0,0,0.42,bks7-dkfd
2017-07-09T00:00:00.000,32,Segarra,250729,Cervera,0,0.01,5.72,0.01,bks7-dkfd
2017-07-10T00:00:00.000,01,Alt Camp,430363,Cabra del Camp,0.628,0,0,0.628,bks7-dkfd
2017-07-10T00:00:00.000,21,Maresme,080095,Argentona,0.0025,0,0,0.0025,bks7-dkfd
2017-07-10T00:00:00.000,30,Ribera d'Ebre,430846,Miravet,0,0.27,0,0.27,bks7-dkfd
2017-07-11T00:00:00.000,06,Anoia,081043,"Llacuna, la",0.144,0,0,0.144,bks7-dkfd
2017-07-11T00:00:00.000,38,Urgell,251543,"Omells de na Gaia, els",0.4493,0,0.085,0.4493,bks7-dkfd
2017-07-11T00:00:00.000,33,Segrià,251207,Lleida,1.86,0.27,0,2.13,bks7-dkfd
2017-07-12T00:00:00.000,06,Anoia,081038,Jorba,0.25,0.06,0,0.31,bks7-dkfd
2017-07-12T00:00:00.000,21,Maresme,080351,Calella,0,0.6,0,0.6,bks7-dkfd
2017-07-13T00:00:00.000,41,Vallès Oriental,081810,"Roca del Vallès, la",0.075,0.2,0,0.275,bks7-dkfd
2017-07-13T00:00:00.000,09,Baix Ebre,431331,Roquetes,0,0.014,0,0.014,bks7-dkfd
2017-07-13T00:00:00.000,16,Conca de Barberà,431476,Solivella,0.39,0.72,1.3,1.11,bks7-dkfd
2017-07-13T00:00:00.000,36,Tarragonès,439076,"Canonja, la",0,1.05,0.59,1.05,bks7-dkfd
2017-07-14T00:00:00.000,24,Osona,082652,Sant Vicenç de Torelló,0.3,0.05,0,0.35,bks7-dkfd
2017-07-14T00:00:00.000,40,Vallès Occidental,082671,Sentmenat,0,0.025,0,0.025,bks7-dkfd
2017-07-14T00:00:00.000,32,Segarra,251327,Massoteres,0.1,0,0.4,0.1,bks7-dkfd
2017-07-15T00:00:00.000,10,Baix Empordà,172327,Vilopriu,1,0,0,1,bks7-dkfd
2017-07-15T00:00:00.000,11,Baix Llobregat,080765,Esparreguera,0,0.01,0,0.01,bks7-dkfd
2017-07-16T00:00:00.000,02,Alt Empordà,170622,"Escala, l'",0.06,0,0,0.06,bks7-dkfd
2017-07-16T00:00:00.000,37,Terra Alta,430712,Horta de Sant Joan,0,0.0638,0.0477,0.0638,bks7-dkfd
2017-07-16T00:00:00.000,38,Urgell,251305,Maldà,0.04,0,0.01,0.04,bks7-dkfd
2017-07-16T00:00:00.000,02,Alt Empordà,170622,"Escala, l'",0.01,0,0,0.01,bks7-dkfd
2017-07-16T00:00:00.000,03,Alt Penedès,080137,Avinyonet del Penedès,0.002,0,0,0.002,bks7-dkfd
2017-07-16T00:00:00.000,11,Baix Llobregat,082634,Sant Vicenç dels Horts,0,0.001,0,0.001,bks7-dkfd
2017-07-16T00:00:00.000,38,Urgell,251305,Maldà,0.26,0,0,0.26,bks7-dkfd
2017-07-16T00:00:00.000,30,Ribera d'Ebre,430192,Ascó,0,0.2,0,0.2,bks7-dkfd
2017-07-17T00:00:00.000,36,Tarragonès,431482,Tarragona,0.003,0,0,0.003,bks7-dkfd
2017-07-17T00:00:00.000,28,Pla de l'Estany,171903,Serinyà,0,0.035,0.845,0.035,bks7-dkfd
2017-07-17T00:00:00.000,40,Vallès Occidental,081252,Montcada i Reixac,0,0.3454,0,0.3454,bks7-dkfd
2017-07-18T00:00:00.000,11,Baix Llobregat,081141,Martorell,2.44,3.12,0,5.56,bks7-dkfd
2017-07-18T00:00:00.000,21,Maresme,082819,Teià,6.5,7.88,1.49,14.38,bks7-dkfd
2017-07-18T00:00:00.000,40,Vallès Occidental,082900,Ullastrell,0,0.003,0,0.003,bks7-dkfd
2017-07-19T00:00:00.000,33,Segrià,251207,Lleida,0,0.015,0,0.015,bks7-dkfd
2017-07-19T00:00:00.000,36,Tarragonès,431009,"Pallaresos, els",0.19,0,0,0.19,bks7-dkfd
2017-07-19T00:00:00.000,10,Baix Empordà,170486,Castell-Platja d'Aro,0,0.15,0.06,0.15,bks7-dkfd
2017-07-19T00:00:00.000,02,Alt Empordà,170622,"Escala, l'",0.2,0,0,0.2,bks7-dkfd
2017-07-20T00:00:00.000,07,Bages,081136,Manresa,0,0.015,0,0.015,bks7-dkfd
2017-07-20T00:00:00.000,07,Bages,081786,Rajadell,0,0.015,0,0.015,bks7-dkfd
2017-07-20T00:00:00.000,40,Vallès Occidental,082055,Sant Cugat del Vallès,0,0.002,0,0.002,bks7-dkfd
2017-07-20T00:00:00.000,11,Baix Llobregat,080692,Collbató,0,0.0005,0,0.0005,bks7-dkfd
2017-07-20T00:00:00.000,35,Solsonès,251517,Olius,0.0009,0,0,0.0009,bks7-dkfd
2017-07-20T00:00:00.000,35,Solsonès,251240,Lladurs,0.015,0,0,0.015,bks7-dkfd
2017-07-20T00:00:00.000,35,Solsonès,250642,Castellar de la Ribera,0.2841,0,0,0.2841,bks7-dkfd
2017-07-20T00:00:00.000,32,Segarra,251410,Montoliu de Segarra,0,0.3,0,0.3,bks7-dkfd
2017-07-21T00:00:00.000,03,Alt Penedès,080654,Castellví de la Marca,0,0.04,0,0.04,bks7-dkfd
2017-07-21T00:00:00.000,25,Pallars Jussà,252017,Sarroca de Bellera,0.002,0,0,0.002,bks7-dkfd
2017-07-21T00:00:00.000,29,Priorat,430402,Capçanes,0.0015,0,0,0.0015,bks7-dkfd
2017-07-21T00:00:00.000,09,Baix Ebre,430521,Xerta,0.0001,0,0,0.0001,bks7-dkfd
2017-07-21T00:00:00.000,01,Alt Camp,431613,Valls,0.002,0,0,0.002,bks7-dkfd
2017-07-21T00:00:00.000,11,Baix Llobregat,081234,Molins de Rei,0,0.19,1.81,0.19,bks7-dkfd
2017-07-21T00:00:00.000,21,Maresme,082140,Vilassar de Dalt,0.011,0.083,0,0.094,bks7-dkfd
2017-07-21T00:00:00.000,03,Alt Penedès,082877,Torrelavit,0,0.01,0,0.01,bks7-dkfd
2017-07-22T00:00:00.000,06,Anoia,080253,"Bruc, el",0.0516,0,0,0.0516,bks7-dkfd
2017-07-22T00:00:00.000,37,Terra Alta,430228,Batea,0.0431,0,0,0.0431,bks7-dkfd
2017-07-23T00:00:00.000,11,Baix Llobregat,080898,Gavà,0.03,0,0,0.03,bks7-dkfd
2017-07-24T00:00:00.000,06,Anoia,080288,Cabrera d'Anoia,0,0.0046,0,0.0046,bks7-dkfd
2017-07-24T00:00:00.000,11,Baix Llobregat,081141,Martorell,0,0.1,0,0.1,bks7-dkfd
2017-07-24T00:00:00.000,06,Anoia,081764,Pujalt,2.41,0.22,1.24,2.63,bks7-dkfd
2017-07-24T00:00:00.000,06,Anoia,082573,Santa Maria de Miralles,1.22,0.81,0,2.03,bks7-dkfd
2017-07-25T00:00:00.000,33,Segrià,251207,Lleida,0.02,1.04,0.15,1.06,bks7-dkfd
2017-07-25T00:00:00.000,02,Alt Empordà,170412,Cantallops,0,0.07,0,0.07,bks7-dkfd
2017-07-26T00:00:00.000,09,Baix Ebre,439060,"Ampolla, l'",0.08,0,0,0.08,bks7-dkfd
2017-07-26T00:00:00.000,06,Anoia,080214,Bellprat,11.79,0.66,10.39,12.45,bks7-dkfd
2017-07-27T00:00:00.000,36,Tarragonès,431114,"Pobla de Montornès, la",0,0.065,0,0.065,bks7-dkfd
2017-07-27T00:00:00.000,07,Bages,080615,Castellgalí,0.1,0.42,0.49,0.52,bks7-dkfd
2017-07-27T00:00:00.000,06,Anoia,082922,Vallbona d'Anoia,0.002,0,0.2,0.002,bks7-dkfd
2017-07-27T00:00:00.000,24,Osona,081607,Perafita,0,0.12,0,0.12,bks7-dkfd
2017-07-27T00:00:00.000,02,Alt Empordà,172229,Vilaür,0.2,0,0,0.2,bks7-dkfd
2017-07-27T00:00:00.000,09,Baix Ebre,431495,Tivenys,7.71,115.44,0,123.15,bks7-dkfd
2017-07-28T00:00:00.000,30,Ribera d'Ebre,431508,Tivissa,0.06,0,0,0.06,bks7-dkfd
2017-07-28T00:00:00.000,29,Priorat,431153,Pradell de la Teixeta,0,0.366,0,0.366,bks7-dkfd
2017-07-28T00:00:00.000,40,Vallès Occidental,081252,Montcada i Reixac,0,1.7,0.06,1.7,bks7-dkfd
2017-07-28T00:00:00.000,11,Baix Llobregat,080898,Gavà,0.072,0,0,0.072,bks7-dkfd
2017-07-29T00:00:00.000,09,Baix Ebre,431554,Tortosa,0,0.37,0,0.37,bks7-dkfd
2017-07-29T00:00:00.000,24,Osona,080266,"Brull, el",0.046,0.018,0,0.064,bks7-dkfd
2017-07-29T00:00:00.000,41,Vallès Oriental,081075,Lliçà d'Amunt,0.015,0,0.025,0.015,bks7-dkfd
2017-07-30T00:00:00.000,11,Baix Llobregat,081234,Molins de Rei,0,0.0018,0,0.0018,bks7-dkfd
2017-07-30T00:00:00.000,09,Baix Ebre,430136,"Ametlla de Mar, l'",0,0.006,0,0.006,bks7-dkfd
2017-07-30T00:00:00.000,09,Baix Ebre,430136,"Ametlla de Mar, l'",0,0.0108,0,0.0108,bks7-dkfd
2017-07-30T00:00:00.000,09,Baix Ebre,430136,"Ametlla de Mar, l'",0,0.0058,0,0.0058,bks7-dkfd
2017-07-30T00:00:00.000,06,Anoia,081430,Òdena,0,0.01,0,0.01,bks7-dkfd
2017-07-31T00:00:00.000,10,Baix Empordà,172327,Vilopriu,0.12,0,0,0.12,bks7-dkfd
2017-07-31T00:00:00.000,28,Pla de l'Estany,172180,Vilademuls,0.04,0,0,0.04,bks7-dkfd
2017-08-02T00:00:00.000,10,Baix Empordà,172327,Vilopriu,0,0.0002,0,0.0002,bks7-dkfd
2017-08-02T00:00:00.000,06,Anoia,080288,Cabrera d'Anoia,0.01,0.035,0,0.045,bks7-dkfd
2017-08-02T00:00:00.000,11,Baix Llobregat,080898,Gavà,0,0.0136,0,0.0136,bks7-dkfd
2017-08-02T00:00:00.000,37,Terra Alta,430640,Gandesa,0.0308,0,0,0.0308,bks7-dkfd
2017-08-02T00:00:00.000,16,Conca de Barberà,431763,Vimbodí i Poblet,0.3,0,0,0.3,bks7-dkfd
2017-08-02T00:00:00.000,41,Vallès Oriental,082482,Santa Eulàlia de Ronçana,0.01,0,0,0.01,bks7-dkfd
2017-08-02T00:00:00.000,36,Tarragonès,431310,Roda de Berà,0.053,0,0,0.053,bks7-dkfd
2017-08-02T00:00:00.000,38,Urgell,252385,Vallbona de les Monges,10.06,2.34,5.03,12.4,bks7-dkfd
2017-08-03T00:00:00.000,09,Baix Ebre,431554,Tortosa,0,0.015,0,0.015,bks7-dkfd
2017-08-04T00:00:00.000,32,Segarra,251919,Sanaüja,0.03,1.12,0.04,1.15,bks7-dkfd
2017-08-04T00:00:00.000,16,Conca de Barberà,430542,"Espluga de Francolí, l'",0.39,0.5,5.63,0.89,bks7-dkfd
2017-08-04T00:00:00.000,16,Conca de Barberà,430862,Montblanc,0,1.05,3.23,1.05,bks7-dkfd
2017-08-04T00:00:00.000,40,Vallès Occidental,082798,Terrassa,0,0.0025,0,0.0025,bks7-dkfd
2017-08-04T00:00:00.000,21,Maresme,080095,Argentona,0.024,0,0.032,0.024,bks7-dkfd
2017-08-04T00:00:00.000,11,Baix Llobregat,082634,Sant Vicenç dels Horts,0,0.07,0,0.07,bks7-dkfd
2017-08-04T00:00:00.000,41,Vallès Oriental,080425,Cànoves i Samalús,0.008,0,0,0.008,bks7-dkfd
2017-08-04T00:00:00.000,42,Moianès,080348,Calders,0.05,0.0013,0,0.0513,bks7-dkfd
2017-08-04T00:00:00.000,36,Tarragonès,431009,"Pallaresos, els",1.04,0,0,1.04,bks7-dkfd
2017-08-05T00:00:00.000,38,Urgell,252173,Tàrrega,4.76,1.09,30.12,5.85,bks7-dkfd
2017-08-05T00:00:00.000,40,Vallès Occidental,081878,Sabadell,2.04,0.77,3.41,2.81,bks7-dkfd
2017-08-05T00:00:00.000,07,Bages,080109,Artés,245.53,32.9,99.13,278.43,bks7-dkfd
2017-08-05T00:00:00.000,41,Vallès Oriental,081075,Lliçà d'Amunt,0.24,0,0,0.24,bks7-dkfd
2017-08-06T00:00:00.000,21,Maresme,080752,Dosrius,0.001,0,0,0.001,bks7-dkfd
2017-08-06T00:00:00.000,11,Baix Llobregat,080667,Castellví de Rosanes,0,0.0208,0,0.0208,bks7-dkfd
2017-08-06T00:00:00.000,23,Noguera,250349,Artesa de Segre,7.98,3.07,3.96,11.05,bks7-dkfd
2017-08-07T00:00:00.000,40,Vallès Occidental,082798,Terrassa,0.005,0,0,0.005,bks7-dkfd
2017-08-07T00:00:00.000,32,Segarra,259078,Torrefeta i Florejacs,0,0.3,8.02,0.3,bks7-dkfd
2017-08-07T00:00:00.000,40,Vallès Occidental,082798,Terrassa,0.0181,0,0,0.0181,bks7-dkfd
2017-08-07T00:00:00.000,41,Vallès Oriental,082021,Sant Celoni,0.015,0,0,0.015,bks7-dkfd
2017-08-07T00:00:00.000,10,Baix Empordà,171447,Regencós,0.078,0,0.032,0.078,bks7-dkfd
2017-08-08T00:00:00.000,37,Terra Alta,430640,Gandesa,0.18,0,0.36,0.18,bks7-dkfd
2017-08-08T00:00:00.000,09,Baix Ebre,430136,"Ametlla de Mar, l'",0,0.005,0,0.005,bks7-dkfd
2017-08-09T00:00:00.000,32,Segarra,259078,Torrefeta i Florejacs,0.016,0,0,0.016,bks7-dkfd
2017-08-09T00:00:00.000,07,Bages,080615,Castellgalí,0.026,0.0705,0.1624,0.0965,bks7-dkfd
2017-08-09T00:00:00.000,07,Bages,082299,Sant Mateu de Bages,0.035,0.005,0,0.04,bks7-dkfd
2017-08-09T00:00:00.000,07,Bages,080109,Artés,1.15,0,0.66,1.15,bks7-dkfd
2017-08-10T00:00:00.000,02,Alt Empordà,170314,Cabanelles,0.0012,0,0,0.0012,bks7-dkfd
2017-08-10T00:00:00.000,41,Vallès Oriental,080961,Granollers,0.025,0.1,0,0.125,bks7-dkfd
2017-08-11T00:00:00.000,41,Vallès Oriental,081069,Llinars del Vallès,0,0.025,0,0.025,bks7-dkfd
2017-08-12T00:00:00.000,20,Gironès,170871,Juià,0.038,0,0,0.038,bks7-dkfd
2017-08-13T00:00:00.000,20,Gironès,170792,Girona,0.003,0,0,0.003,bks7-dkfd
2017-08-13T00:00:00.000,06,Anoia,080288,Cabrera d'Anoia,0.005,0,0,0.005,bks7-dkfd
2017-08-14T00:00:00.000,23,Noguera,250024,Àger,0,0.13,0,0.13,bks7-dkfd
2017-08-14T00:00:00.000,23,Noguera,250621,Camarasa,0,1.8,0,1.8,bks7-dkfd
2017-08-14T00:00:00.000,41,Vallès Oriental,082021,Sant Celoni,0,0.053,0,0.053,bks7-dkfd
2017-08-14T00:00:00.000,11,Baix Llobregat,082634,Sant Vicenç dels Horts,0,0.04,0,0.04,bks7-dkfd
2017-08-14T00:00:00.000,07,Bages,080478,Cardona,0,0.06,0,0.06,bks7-dkfd
2017-08-14T00:00:00.000,02,Alt Empordà,170470,Castelló d'Empúries,0,0.05,0,0.05,bks7-dkfd
2017-08-15T00:00:00.000,07,Bages,082299,Sant Mateu de Bages,0.001,0,0,0.001,bks7-dkfd
2017-08-15T00:00:00.000,21,Maresme,081108,Malgrat de Mar,0,0.05,0,0.05,bks7-dkfd
2017-08-15T00:00:00.000,06,Anoia,080364,Calonge de Segarra,0,0.001,0,0.001,bks7-dkfd
2017-08-15T00:00:00.000,07,Bages,080902,Gaià,0.04,0,0,0.04,bks7-dkfd
2017-08-15T00:00:00.000,07,Bages,080023,Aguilar de Segarra,0.0006,0,0,0.0006,bks7-dkfd
2017-08-15T00:00:00.000,07,Bages,081918,Sallent,0.0009,0,0,0.0009,bks7-dkfd
2017-08-15T00:00:00.000,25,Pallars Jussà,251615,Conca de Dalt,0,0.01,0,0.01,bks7-dkfd
2017-08-15T00:00:00.000,18,Garrigues,251018,"Granadella, la",0,0.0264,0,0.0264,bks7-dkfd
2017-08-15T00:00:00.000,35,Solsonès,251462,Navès,0.015,0,0,0.015,bks7-dkfd
2017-08-15T00:00:00.000,34,Selva,171030,Maçanet de la Selva,0.06,0,0,0.06,bks7-dkfd
2017-08-16T00:00:00.000,24,Osona,081496,Olost,0.005,0,0,0.005,bks7-dkfd
2017-08-16T00:00:00.000,09,Baix Ebre,430521,Xerta,0.79,1.18,0.01,1.97,bks7-dkfd
2017-08-17T00:00:00.000,41,Vallès Oriental,081081,Lliçà de Vall,0,0.04,0,0.04,bks7-dkfd
2017-08-17T00:00:00.000,20,Gironès,170675,Flaçà,0.021,0,0,0.021,bks7-dkfd
2017-08-17T00:00:00.000,16,Conca de Barberà,431763,Vimbodí i Poblet,0,0.55,1.15,0.55,bks7-dkfd
2017-08-17T00:00:00.000,23,Noguera,250621,Camarasa,0.8,0,0,0.8,bks7-dkfd
2017-08-17T00:00:00.000,11,Baix Llobregat,080667,Castellví de Rosanes,0.0001,0,0,0.0001,bks7-dkfd
2017-08-17T00:00:00.000,41,Vallès Oriental,081081,Lliçà de Vall,0,0.8,0,0.8,bks7-dkfd
2017-08-18T00:00:00.000,25,Pallars Jussà,252022,Senterada,0,0.03,0,0.03,bks7-dkfd
2017-08-18T00:00:00.000,07,Bages,081402,Navarcles,0.247,0,0,0.247,bks7-dkfd
2017-08-18T00:00:00.000,24,Osona,081712,Prats de Lluçanès,0.06,0,0,0.06,bks7-dkfd
2017-08-18T00:00:00.000,34,Selva,080826,Fogars de la Selva,0.02,0.005,0,0.025,bks7-dkfd
2017-08-18T00:00:00.000,11,Baix Llobregat,082634,Sant Vicenç dels Horts,1.7,2.67,0.67,4.37,bks7-dkfd
2017-08-19T00:00:00.000,10,Baix Empordà,172327,Vilopriu,0.02,0.11,0.02,0.13,bks7-dkfd
2017-08-20T00:00:00.000,40,Vallès Occidental,081878,Sabadell,0,0.04,0,0.04,bks7-dkfd
2017-08-20T00:00:00.000,03,Alt Penedès,082270,Sant Martí Sarroca,0.2,0.37,1.49,0.57,bks7-dkfd
2017-08-20T00:00:00.000,33,Segrià,251207,Lleida,0,0.65,0,0.65,bks7-dkfd
2017-08-21T00:00:00.000,33,Segrià,251207,Lleida,0,0.35,0,0.35,bks7-dkfd
2017-08-21T00:00:00.000,36,Tarragonès,431114,"Pobla de Montornès, la",0,0.094,0,0.094,bks7-dkfd
2017-08-21T00:00:00.000,08,Baix Camp,430173,"Argentera, l'",0,0.005,0,0.005,bks7-dkfd
2017-08-21T00:00:00.000,20,Gironès,170792,Girona,0,0.0035,0,0.0035,bks7-dkfd
2017-08-21T00:00:00.000,10,Baix Empordà,171978,Torrent,0.2,0,0,0.2,bks7-dkfd
2017-08-22T00:00:00.000,32,Segarra,251919,Sanaüja,0,0.0124,0,0.0124,bks7-dkfd
2017-08-22T00:00:00.000,41,Vallès Oriental,081069,Llinars del Vallès,0.21,0,0.565,0.21,bks7-dkfd
2017-08-22T00:00:00.000,11,Baix Llobregat,083015,Viladecans,0,0.003,0,0.003,bks7-dkfd
2017-08-22T00:00:00.000,07,Bages,081402,Navarcles,4.53,3.81,3.88,8.34,bks7-dkfd
2017-08-23T00:00:00.000,07,Bages,081402,Navarcles,0.68,1.22,6.03,1.9,bks7-dkfd
2017-08-24T00:00:00.000,09,Baix Ebre,431331,Roquetes,0,0.31,0,0.31,bks7-dkfd
2017-08-24T00:00:00.000,37,Terra Alta,430419,Caseres,0.23,0,0,0.23,bks7-dkfd
2017-08-24T00:00:00.000,30,Ribera d'Ebre,430607,Flix,0,0.1967,0,0.1967,bks7-dkfd
2017-08-24T00:00:00.000,33,Segrià,252326,Torres de Segre,0.01,0.01,0,0.02,bks7-dkfd
2017-08-24T00:00:00.000,08,Baix Camp,430923,Mont-roig del Camp,0,0.03,0,0.03,bks7-dkfd
2017-08-24T00:00:00.000,28,Pla de l'Estany,170157,Banyoles,0.01,0,0,0.01,bks7-dkfd
2017-08-26T00:00:00.000,16,Conca de Barberà,431726,Vilaverd,0,0.7,0,0.7,bks7-dkfd
2017-08-26T00:00:00.000,33,Segrià,259123,Gimenells i el Pla de la Font,0.0006,0,0,0.0006,bks7-dkfd
2017-08-26T00:00:00.000,16,Conca de Barberà,430542,"Espluga de Francolí, l'",0.1,0.8,0,0.9,bks7-dkfd
2017-08-27T00:00:00.000,41,Vallès Oriental,082763,Tagamanent,0,0.0001,0.002,0.0001,bks7-dkfd
2017-08-27T00:00:00.000,21,Maresme,081108,Malgrat de Mar,0,0.012,0,0.012,bks7-dkfd
2017-08-27T00:00:00.000,08,Baix Camp,431188,Pratdip,0,0.02,0,0.02,bks7-dkfd
2017-08-27T00:00:00.000,19,Garrotxa,171143,Olot,0,0.267,0,0.267,bks7-dkfd
2017-08-28T00:00:00.000,18,Garrigues,252555,Vinaixa,7.58,6.6,19.55,14.18,bks7-dkfd
2017-08-28T00:00:00.000,06,Anoia,081764,Pujalt,1.64,0.25,4.28,1.89,bks7-dkfd
2017-08-29T00:00:00.000,41,Vallès Oriental,082346,Sant Pere de Vilamajor,2.83,0.66,0.79,3.49,bks7-dkfd
2017-08-29T00:00:00.000,19,Garrotxa,171143,Olot,0,0.014,0,0.014,bks7-dkfd
2017-08-30T00:00:00.000,17,Garraf,080749,Cubelles,0.023,0,0,0.023,bks7-dkfd
2017-08-30T00:00:00.000,12,Baix Penedès,430379,Calafell,0.015,0,0,0.015,bks7-dkfd
2017-08-31T00:00:00.000,03,Alt Penedès,080581,Castellet i la Gornal,0,0.0015,0,0.0015,bks7-dkfd
2017-08-31T00:00:00.000,09,Baix Ebre,430136,"Ametlla de Mar, l'",0,0.0055,0,0.0055,bks7-dkfd
2017-09-01T00:00:00.000,16,Conca de Barberà,430542,"Espluga de Francolí, l'",1.02,0.32,1.72,1.34,bks7-dkfd
2017-09-02T00:00:00.000,22,Montsià,430141,Amposta,0,0.6,0,0.6,bks7-dkfd
2017-09-03T00:00:00.000,10,Baix Empordà,171175,Palafrugell,0.06,0,0,0.06,bks7-dkfd
2017-09-03T00:00:00.000,23,Noguera,250426,"Baronia de Rialb, la",0.13,0,0,0.13,bks7-dkfd
2017-09-03T00:00:00.000,06,Anoia,081192,Masquefa,0,0.01,0,0.01,bks7-dkfd
2017-09-04T00:00:00.000,07,Bages,082747,Súria,0,0.15,0,0.15,bks7-dkfd
2017-09-05T00:00:00.000,32,Segarra,250729,Cervera,0.42,0,6.48,0.42,bks7-dkfd
2017-09-05T00:00:00.000,33,Segrià,250387,Aitona,0,0.72,0,0.72,bks7-dkfd
2017-09-06T00:00:00.000,23,Noguera,250352,"Sentiu de Sió, la",0,0.23,0,0.23,bks7-dkfd
2017-09-06T00:00:00.000,33,Segrià,252326,Torres de Segre,0,0.51,0.01,0.51,bks7-dkfd
2017-09-07T00:00:00.000,14,Berguedà,081751,Puig-reig,0.02,0,0,0.02,bks7-dkfd
2017-09-07T00:00:00.000,33,Segrià,250387,Aitona,0,0.61,0.24,0.61,bks7-dkfd
2017-09-08T00:00:00.000,29,Priorat,431573,Ulldemolins,0.057,0,0,0.057,bks7-dkfd
2017-09-08T00:00:00.000,15,Cerdanya,170789,Ger,0,2.83,0,2.83,bks7-dkfd
2017-09-10T00:00:00.000,04,Alt Urgell,251654,Peramola,0.1,0.04,0,0.14,bks7-dkfd
2017-09-10T00:00:00.000,01,Alt Camp,431080,"Pla de Santa Maria, el",1.23,0.42,0.03,1.65,bks7-dkfd
2017-09-11T00:00:00.000,19,Garrotxa,171143,Olot,0,0.014,0,0.014,bks7-dkfd
2017-09-11T00:00:00.000,03,Alt Penedès,083054,Vilafranca del Penedès,0,0.006,0,0.006,bks7-dkfd
2017-09-11T00:00:00.000,09,Baix Ebre,439060,"Ampolla, l'",0,0.18,0,0.18,bks7-dkfd
2017-09-12T00:00:00.000,04,Alt Urgell,251556,Organyà,0.25,0,0,0.25,bks7-dkfd
2017-09-12T00:00:00.000,06,Anoia,081038,Jorba,0.5,0,2.62,0.5,bks7-dkfd
2017-09-12T00:00:00.000,19,Garrotxa,171143,Olot,0,0.006,0,0.006,bks7-dkfd
2017-09-12T00:00:00.000,19,Garrotxa,171143,Olot,0,0.012,0,0.012,bks7-dkfd
2017-09-12T00:00:00.000,19,Garrotxa,171143,Olot,0,0.008,0,0.008,bks7-dkfd
2017-09-12T00:00:00.000,11,Baix Llobregat,080692,Collbató,0.0016,0,0,0.0016,bks7-dkfd
2017-09-14T00:00:00.000,32,Segarra,252167,Talavera,0,0.31,0.12,0.31,bks7-dkfd
2017-09-14T00:00:00.000,03,Alt Penedès,082270,Sant Martí Sarroca,2.11,7.75,0.03,9.86,bks7-dkfd
2017-09-15T00:00:00.000,37,Terra Alta,431068,"Pinell de Brai, el",0,0.3967,0,0.3967,bks7-dkfd
2017-09-17T00:00:00.000,42,Moianès,082589,Santa Maria d'Oló,0.82,0.01,1.29,0.83,bks7-dkfd
2017-09-19T00:00:00.000,11,Baix Llobregat,081580,"Papiol, el",0,0.17,0,0.17,bks7-dkfd
2017-09-20T00:00:00.000,38,Urgell,251095,Guimerà,1.16,0.43,5.31,1.59,bks7-dkfd
2017-09-22T00:00:00.000,06,Anoia,080636,Castellolí,0.002,0,0,0.002,bks7-dkfd
2017-09-22T00:00:00.000,06,Anoia,080253,"Bruc, el",0.0001,0,0,0.0001,bks7-dkfd
2017-09-22T00:00:00.000,08,Baix Camp,430458,Colldejou,0,0.002,0,0.002,bks7-dkfd
2017-09-22T00:00:00.000,06,Anoia,081022,Igualada,0.11,0,0,0.11,bks7-dkfd
2017-09-22T00:00:00.000,06,Anoia,081192,Masquefa,0,0.001,0,0.001,bks7-dkfd
2017-09-23T00:00:00.000,16,Conca de Barberà,430213,Barberà de la Conca,0,0.45,1.87,0.45,bks7-dkfd
2017-09-28T00:00:00.000,41,Vallès Oriental,082093,Sant Fost de Campsentelles,0,0.08,0,0.08,bks7-dkfd
2017-09-28T00:00:00.000,18,Garrigues,250582,"Borges Blanques, les",0,0.23,0.05,0.23,bks7-dkfd
2017-09-29T00:00:00.000,13,Barcelonès,080155,Badalona,0.005,0,0,0.005,bks7-dkfd
2017-10-03T00:00:00.000,32,Segarra,251109,Guissona,2.49,0.02,4.58,2.51,bks7-dkfd
2017-10-04T00:00:00.000,40,Vallès Occidental,082798,Terrassa,0,0.0015,0,0.0015,bks7-dkfd
2017-10-04T00:00:00.000,40,Vallès Occidental,082798,Terrassa,0,0.0005,0,0.0005,bks7-dkfd
2017-10-04T00:00:00.000,01,Alt Camp,431080,"Pla de Santa Maria, el",0.16,0,0,0.16,bks7-dkfd
2017-10-06T00:00:00.000,10,Baix Empordà,171997,Torroella de Montgrí,0.43,0,0,0.43,bks7-dkfd
2017-10-06T00:00:00.000,14,Berguedà,080168,Bagà,0.2,1.79,0,1.99,bks7-dkfd
2017-10-06T00:00:00.000,03,Alt Penedès,082270,Sant Martí Sarroca,0.6725,0,0,0.6725,bks7-dkfd
2017-10-07T00:00:00.000,32,Segarra,251327,Massoteres,0,0.2,8.4,0.2,bks7-dkfd
2017-10-07T00:00:00.000,38,Urgell,250463,Belianes,0,2.21,0.04,2.21,bks7-dkfd
2017-10-08T00:00:00.000,13,Barcelonès,080193,Barcelona,0.018,0,0,0.018,bks7-dkfd
2017-10-08T00:00:00.000,33,Segrià,250122,Alcoletge,0,0.33,0,0.33,bks7-dkfd
2017-10-09T00:00:00.000,24,Osona,081000,Gurb,0.004,0,0,0.004,bks7-dkfd
2017-10-10T00:00:00.000,01,Alt Camp,431080,"Pla de Santa Maria, el",0,0.6,0,0.6,bks7-dkfd
2017-10-10T00:00:00.000,18,Garrigues,250766,"Cogul, el",0,0.002,0,0.002,bks7-dkfd
2017-10-13T00:00:00.000,31,Ripollès,170433,Queralbs,0,0.0006,0,0.0006,bks7-dkfd
2017-10-14T00:00:00.000,40,Vallès Occidental,082055,Sant Cugat del Vallès,0,0.1512,0,0.1512,bks7-dkfd
2017-10-15T00:00:00.000,33,Segrià,259123,Gimenells i el Pla de la Font,0,4.02,0.17,4.02,bks7-dkfd
2017-10-17T00:00:00.000,16,Conca de Barberà,431055,"Piles, les",0.3,0,2.1,0.3,bks7-dkfd
2017-10-17T00:00:00.000,36,Tarragonès,431711,Vila-seca,0,0.0033,0,0.0033,bks7-dkfd
2017-10-18T00:00:00.000,09,Baix Ebre,431331,Roquetes,0,0.0035,0,0.0035,bks7-dkfd
2017-10-18T00:00:00.000,02,Alt Empordà,170773,Garriguella,4.2,0.7,0,4.9,bks7-dkfd
2017-10-28T00:00:00.000,09,Baix Ebre,431554,Tortosa,0.3,0,0,0.3,bks7-dkfd
2017-10-31T00:00:00.000,02,Alt Empordà,170643,Espolla,0.14,0.06,0,0.2,bks7-dkfd
2017-11-03T00:00:00.000,20,Gironès,170792,Girona,0.065,0,0,0.065,bks7-dkfd
2017-11-04T00:00:00.000,29,Priorat,430859,"Molar, el",0,0.001,0,0.001,bks7-dkfd
2017-11-05T00:00:00.000,01,Alt Camp,431205,Querol,0.001,0,0,0.001,bks7-dkfd
2017-11-05T00:00:00.000,01,Alt Camp,431205,Querol,0.002,0,0,0.002,bks7-dkfd
2017-11-07T00:00:00.000,09,Baix Ebre,431554,Tortosa,0,0.1,0,0.1,bks7-dkfd
2017-11-08T00:00:00.000,25,Pallars Jussà,252347,Tremp,0,0.8,0,0.8,bks7-dkfd
2017-11-08T00:00:00.000,09,Baix Ebre,431554,Tortosa,0.15,0,0,0.15,bks7-dkfd
2017-11-10T00:00:00.000,15,Cerdanya,170242,Bolvir,0,0.02,0,0.02,bks7-dkfd
2017-11-10T00:00:00.000,33,Segrià,251023,"Granja d'Escarp, la",0,0.65,0,0.65,bks7-dkfd
2017-11-13T00:00:00.000,19,Garrotxa,171616,Sant Feliu de Pallerols,0,0.08,0,0.08,bks7-dkfd
2017-11-13T00:00:00.000,09,Baix Ebre,431554,Tortosa,0,0.23,0,0.23,bks7-dkfd
2017-11-14T00:00:00.000,19,Garrotxa,171851,Sant Joan les Fonts,0.06,0,0,0.06,bks7-dkfd
2017-11-17T00:00:00.000,21,Maresme,080095,Argentona,0,0.0012,0,0.0012,bks7-dkfd
2017-11-18T00:00:00.000,03,Alt Penedès,082883,Torrelles de Foix,0,0.015,0,0.015,bks7-dkfd
2017-11-18T00:00:00.000,34,Selva,171805,Santa Coloma de Farners,0.05,0,0,0.05,bks7-dkfd
2017-11-19T00:00:00.000,09,Baix Ebre,430136,"Ametlla de Mar, l'",0.4,0,0,0.4,bks7-dkfd
2017-11-19T00:00:00.000,33,Segrià,252326,Torres de Segre,0,0.25,0,0.25,bks7-dkfd
2017-11-20T00:00:00.000,34,Selva,171805,Santa Coloma de Farners,0.2889,0,0,0.2889,bks7-dkfd
2017-11-21T00:00:00.000,02,Alt Empordà,170643,Espolla,0,0.002,0,0.002,bks7-dkfd
2017-11-21T00:00:00.000,25,Pallars Jussà,251155,Isona i Conca Dellà,0.53,0,0,0.53,bks7-dkfd
2017-11-21T00:00:00.000,09,Baix Ebre,430081,Alfara de Carles,0,0.0005,0,0.0005,bks7-dkfd
2017-11-22T00:00:00.000,03,Alt Penedès,080850,Font-rubí,0.01,0,0,0.01,bks7-dkfd
2017-11-22T00:00:00.000,37,Terra Alta,430419,Caseres,0,0.0704,0,0.0704,bks7-dkfd
2017-11-23T00:00:00.000,41,Vallès Oriental,082346,Sant Pere de Vilamajor,0.068,0,0,0.068,bks7-dkfd
2017-11-24T00:00:00.000,32,Segarra,251039,Granyanella,0,0.01,0,0.01,bks7-dkfd
2017-11-26T00:00:00.000,25,Pallars Jussà,251615,Conca de Dalt,0,0.02,0,0.02,bks7-dkfd
2017-11-28T00:00:00.000,12,Baix Penedès,430304,Bonastre,0,0.22,0,0.22,bks7-dkfd
2017-11-29T00:00:00.000,17,Garraf,083073,Vilanova i la Geltrú,0,0.15,0,0.15,bks7-dkfd
2017-12-01T00:00:00.000,36,Tarragonès,431482,Tarragona,0.09,0,0,0.09,bks7-dkfd
2017-12-02T00:00:00.000,10,Baix Empordà,179011,"Cruïlles, Monells i Sant Sadurní de l'Heura",0.003,0,0,0.003,bks7-dkfd
2017-12-03T00:00:00.000,06,Anoia,081629,"Hostalets de Pierola, els",0.1,0,0,0.1,bks7-dkfd
2017-12-03T00:00:00.000,10,Baix Empordà,171812,Santa Cristina d'Aro,0.03,0,0,0.03,bks7-dkfd
2017-12-03T00:00:00.000,05,Alta Ribagorça,251734,"Pont de Suert, el",0,0.001,0,0.001,bks7-dkfd
2017-12-03T00:00:00.000,10,Baix Empordà,171609,Sant Feliu de Guíxols,0.0006,0,0,0.0006,bks7-dkfd
2017-12-04T00:00:00.000,14,Berguedà,082994,Vilada,0.248,0,0,0.248,bks7-dkfd
2017-12-05T00:00:00.000,09,Baix Ebre,431554,Tortosa,0.83,0,0,0.83,bks7-dkfd
2017-12-06T00:00:00.000,14,Berguedà,080459,Capolat,1.8,0,0,1.8,bks7-dkfd
2017-12-06T00:00:00.000,06,Anoia,081430,Òdena,0,0.025,0,0.025,bks7-dkfd
2017-12-07T00:00:00.000,19,Garrotxa,172082,"Vall de Bianya, la",0.26,0,0,0.26,bks7-dkfd
2017-12-08T00:00:00.000,33,Segrià,250215,Almenar,0,0.448,0,0.448,bks7-dkfd
2017-12-09T00:00:00.000,19,Garrotxa,171655,Sant Jaume de Llierca,0,0.01,0,0.01,bks7-dkfd
2017-12-11T00:00:00.000,08,Baix Camp,431188,Pratdip,0.2,0,0,0.2,bks7-dkfd
2017-12-15T00:00:00.000,11,Baix Llobregat,083015,Viladecans,0.0045,0,0,0.0045,bks7-dkfd
2017-12-16T00:00:00.000,10,Baix Empordà,179026,Forallac,0.01,0,0,0.01,bks7-dkfd
2017-12-17T00:00:00.000,03,Alt Penedès,081228,Mediona,0,0.005,0,0.005,bks7-dkfd
2017-12-21T00:00:00.000,24,Osona,082726,Sora,0.4,0,0,0.4,bks7-dkfd
2017-12-22T00:00:00.000,09,Baix Ebre,431554,Tortosa,0.0475,0,0,0.0475,bks7-dkfd
2017-12-23T00:00:00.000,30,Ribera d'Ebre,431212,Rasquera,0.65,0,0,0.65,bks7-dkfd
2017-12-23T00:00:00.000,21,Maresme,080351,Calella,0.002,0,0,0.002,bks7-dkfd
2017-12-23T00:00:00.000,30,Ribera d'Ebre,431212,Rasquera,0.22,0,0,0.22,bks7-dkfd
2017-12-24T00:00:00.000,36,Tarragonès,431482,Tarragona,0.026,0,0,0.026,bks7-dkfd
2017-12-24T00:00:00.000,36,Tarragonès,430430,"Catllar, el",0.02,0.04,0,0.06,bks7-dkfd
2017-12-28T00:00:00.000,11,Baix Llobregat,080207,Begues,0,0.0004,0,0.0004,bks7-dkfd
2017-12-28T00:00:00.000,34,Selva,171642,Sant Hilari Sacalm,0.035,0,0,0.035,bks7-dkfd
2017-12-31T00:00:00.000,34,Selva,171030,Maçanet de la Selva,0.0001,0,0,0.0001,bks7-dkfd
2018-01-01T00:00:00.000,01,Alt Camp,430593,Figuerola del Camp,0.21,0.2,0.01,0.41,bks7-dkfd
2018-01-01T00:00:00.000,01,Alt Camp,431606,Vallmoll,0.31,0,0,0.31,bks7-dkfd
2018-01-01T00:00:00.000,09,Baix Ebre,430521,Xerta,0.03,0,0,0.03,bks7-dkfd
2018-01-01T00:00:00.000,17,Garraf,082704,Sitges,0.58,0,0,0.58,bks7-dkfd
2018-01-01T00:00:00.000,11,Baix Llobregat,080569,Castelldefels,0,6.63,0.17,6.63,bks7-dkfd
2018-01-02T00:00:00.000,32,Segarra,250729,Cervera,0.04,1.04,0.01,1.08,bks7-dkfd
2018-01-02T00:00:00.000,12,Baix Penedès,430287,"Bisbal del Penedès, la",0,1.3,0,1.3,bks7-dkfd
2018-01-02T00:00:00.000,06,Anoia,082508,Santa Margarida de Montbui,0,0.3,0,0.3,bks7-dkfd
2018-01-03T00:00:00.000,11,Baix Llobregat,083015,Viladecans,0,0.0275,0,0.0275,bks7-dkfd
2018-01-03T00:00:00.000,19,Garrotxa,171621,Sant Ferriol,0.045,0,0,0.045,bks7-dkfd
2018-01-04T00:00:00.000,36,Tarragonès,430430,"Catllar, el",0,0.461,0,0.461,bks7-dkfd
2018-01-04T00:00:00.000,29,Priorat,430764,Marçà,0,0.115,0,0.115,bks7-dkfd
2018-01-05T00:00:00.000,34,Selva,170078,Amer,0.14,0.81,0.22,0.95,bks7-dkfd
2018-01-05T00:00:00.000,22,Montsià,430043,Alcanar,0,0.0065,0,0.0065,bks7-dkfd
2018-01-06T00:00:00.000,09,Baix Ebre,431554,Tortosa,0,0.0055,0,0.0055,bks7-dkfd
2018-01-12T00:00:00.000,08,Baix Camp,430332,Botarell,0.12,0,0,0.12,bks7-dkfd
2018-01-16T00:00:00.000,36,Tarragonès,431310,Roda de Berà,0,0.005,0,0.005,bks7-dkfd
2018-01-17T00:00:00.000,11,Baix Llobregat,081580,"Papiol, el",0,0.0012,0,0.0012,bks7-dkfd
2018-01-17T00:00:00.000,33,Segrià,251207,Lleida,0,1.45,0,1.45,bks7-dkfd
2018-01-17T00:00:00.000,09,Baix Ebre,431554,Tortosa,1.12,0.23,0.74,1.35,bks7-dkfd
2018-01-19T00:00:00.000,41,Vallès Oriental,081810,"Roca del Vallès, la",0,0.006,0,0.006,bks7-dkfd
2018-01-19T00:00:00.000,03,Alt Penedès,082877,Torrelavit,0,0.003,0,0.003,bks7-dkfd
2018-01-20T00:00:00.000,40,Vallès Occidental,082606,Santa Perpètua de Mogoda,0,0.005,0,0.005,bks7-dkfd
2018-01-20T00:00:00.000,36,Tarragonès,431482,Tarragona,0,0.39,0,0.39,bks7-dkfd
2018-01-24T00:00:00.000,04,Alt Urgell,250714,Cava,0,1.08,0,1.08,bks7-dkfd
2018-01-24T00:00:00.000,03,Alt Penedès,080850,Font-rubí,0,0.12,0,0.12,bks7-dkfd
2018-01-31T00:00:00.000,14,Berguedà,081751,Puig-reig,0.75,0.28,0.03,1.03,bks7-dkfd
2018-02-09T00:00:00.000,24,Osona,082981,Vic,0,0.004,0,0.004,bks7-dkfd
2018-02-13T00:00:00.000,30,Ribera d'Ebre,431212,Rasquera,0,0.3114,0,0.3114,bks7-dkfd
2018-02-15T00:00:00.000,24,Osona,081173,"Masies de Voltregà, les",0,0.21,0,0.21,bks7-dkfd
2018-02-18T00:00:00.000,41,Vallès Oriental,082021,Sant Celoni,0,0.02,0,0.02,bks7-dkfd
2018-02-19T00:00:00.000,38,Urgell,259025,Sant Martí de Riucorb,0,0.33,0,0.33,bks7-dkfd
2018-02-20T00:00:00.000,23,Noguera,250693,Castelló de Farfanya,0.56,11.98,0.01,12.54,bks7-dkfd
2018-02-22T00:00:00.000,25,Pallars Jussà,250019,Abella de la Conca,0,0.06,0,0.06,bks7-dkfd
2018-02-22T00:00:00.000,25,Pallars Jussà,251615,Conca de Dalt,0.002,0,0,0.002,bks7-dkfd
2018-02-23T00:00:00.000,16,Conca de Barberà,430213,Barberà de la Conca,0.14,0.33,0,0.47,bks7-dkfd
2018-02-23T00:00:00.000,32,Segarra,252234,Torà,0.254,0,0,0.254,bks7-dkfd
2018-02-23T00:00:00.000,03,Alt Penedès,082270,Sant Martí Sarroca,0,0.07,0,0.07,bks7-dkfd
2018-02-24T00:00:00.000,21,Maresme,080076,Arenys de Munt,0.001,0,0,0.001,bks7-dkfd
2018-02-24T00:00:00.000,25,Pallars Jussà,250984,Gavet de la Conca,0.14,0.15,0.01,0.29,bks7-dkfd
2018-02-25T00:00:00.000,29,Priorat,430751,Margalef,0,0.0715,0,0.0715,bks7-dkfd
2018-03-07T00:00:00.000,11,Baix Llobregat,082114,Sant Feliu de Llobregat,0,0.1,0,0.1,bks7-dkfd
2018-03-07T00:00:00.000,22,Montsià,430141,Amposta,0,0.368,0,0.368,bks7-dkfd
2018-03-11T00:00:00.000,22,Montsià,430141,Amposta,0,0.138,0,0.138,bks7-dkfd
2018-03-12T00:00:00.000,37,Terra Alta,430483,Corbera d'Ebre,0,0.0582,0,0.0582,bks7-dkfd
2018-03-13T00:00:00.000,02,Alt Empordà,170329,Cadaqués,0,0.001,0,0.001,bks7-dkfd
2018-03-15T00:00:00.000,10,Baix Empordà,172057,Ullastret,0.139,0,0,0.139,bks7-dkfd
2018-03-15T00:00:00.000,33,Segrià,250387,Aitona,0,0.2,0,0.2,bks7-dkfd
2018-03-21T00:00:00.000,33,Segrià,250334,Artesa de Lleida,0,0.18,0,0.18,bks7-dkfd
2018-03-21T00:00:00.000,15,Cerdanya,250518,Bellver de Cerdanya,0,0.001,0,0.001,bks7-dkfd
2018-03-22T00:00:00.000,02,Alt Empordà,170932,Llers,0,6.09,0.12,6.09,bks7-dkfd
2018-03-22T00:00:00.000,02,Alt Empordà,172305,Vila-sacra,0.13,0,0,0.13,bks7-dkfd
2018-03-22T00:00:00.000,33,Segrià,252108,Soses,0,0.8,0,0.8,bks7-dkfd
2018-03-22T00:00:00.000,38,Urgell,259025,Sant Martí de Riucorb,0,2.94,0,2.94,bks7-dkfd
2018-03-22T00:00:00.000,33,Segrià,250387,Aitona,0,0.2,0,0.2,bks7-dkfd
2018-03-22T00:00:00.000,17,Garraf,082310,Sant Pere de Ribes,0.2,0,0,0.2,bks7-dkfd
2018-03-23T00:00:00.000,30,Ribera d'Ebre,431520,"Torre de l'Espanyol, la",0.08,0,0,0.08,bks7-dkfd
2018-03-26T00:00:00.000,22,Montsià,430141,Amposta,0,1,0,1,bks7-dkfd
2018-03-28T00:00:00.000,29,Priorat,431129,Poboleda,0,0.0167,0,0.0167,bks7-dkfd
2018-03-29T00:00:00.000,20,Gironès,171557,Salt,0.2,0.33,0,0.53,bks7-dkfd
2018-03-29T00:00:00.000,23,Noguera,252311,Torrelameu,0.24,0.2,0.58,0.44,bks7-dkfd
2018-03-31T00:00:00.000,22,Montsià,430141,Amposta,0,0.5,0,0.5,bks7-dkfd
2018-04-04T00:00:00.000,09,Baix Ebre,439039,Camarles,0,0.13,0,0.13,bks7-dkfd
2018-04-04T00:00:00.000,22,Montsià,430043,Alcanar,0,0.003,0,0.003,bks7-dkfd
2018-04-05T00:00:00.000,40,Vallès Occidental,080517,Castellar del Vallès,0,0.015,0,0.015,bks7-dkfd
2018-04-05T00:00:00.000,24,Osona,081000,Gurb,0.03,0,0,0.03,bks7-dkfd
2018-04-05T00:00:00.000,16,Conca de Barberà,431074,Pira,0,0.036,0,0.036,bks7-dkfd
2018-04-23T00:00:00.000,11,Baix Llobregat,083015,Viladecans,0.0001,0,0,0.0001,bks7-dkfd
2018-04-23T00:00:00.000,11,Baix Llobregat,083015,Viladecans,0.0001,0,0,0.0001,bks7-dkfd
2018-04-25T00:00:00.000,24,Osona,081607,Perafita,0.26,0,0,0.26,bks7-dkfd
2018-04-25T00:00:00.000,27,Pla d'Urgell,250523,Bellvís,0,0.084,0,0.084,bks7-dkfd
2018-04-25T00:00:00.000,35,Solsonès,251240,Lladurs,0.2,0,0,0.2,bks7-dkfd
2018-04-25T00:00:00.000,23,Noguera,250083,Albesa,0.01,0,0,0.01,bks7-dkfd
2018-04-27T00:00:00.000,11,Baix Llobregat,080728,Corbera de Llobregat,0,0.015,0,0.015,bks7-dkfd
2018-05-02T00:00:00.000,21,Maresme,081213,Mataró,0,0.001,0,0.001,bks7-dkfd
2018-05-02T00:00:00.000,09,Baix Ebre,430081,Alfara de Carles,0.1,0.07,0,0.17,bks7-dkfd
2018-05-05T00:00:00.000,10,Baix Empordà,172327,Vilopriu,0,0.0001,0,0.0001,bks7-dkfd
2018-05-06T00:00:00.000,33,Segrià,252043,Seròs,0,0.04,0,0.04,bks7-dkfd
2018-05-07T00:00:00.000,09,Baix Ebre,430136,"Ametlla de Mar, l'",0,0.001,0,0.001,bks7-dkfd
2018-05-07T00:00:00.000,09,Baix Ebre,430136,"Ametlla de Mar, l'",0,0.0003,0,0.0003,bks7-dkfd
2018-05-07T00:00:00.000,09,Baix Ebre,430136,"Ametlla de Mar, l'",0,0.011,0,0.011,bks7-dkfd
2018-05-09T00:00:00.000,37,Terra Alta,430228,Batea,0.3,0.14,0.01,0.44,bks7-dkfd
2018-05-09T00:00:00.000,33,Segrià,250117,Alcarràs,0,1.78,0.14,1.78,bks7-dkfd
2018-05-10T00:00:00.000,10,Baix Empordà,171910,Serra de Daró,0,0.015,0,0.015,bks7-dkfd
2018-05-12T00:00:00.000,10,Baix Empordà,171241,Pals,0.04,0,0,0.04,bks7-dkfd
2018-05-12T00:00:00.000,18,Garrigues,251692,"Pobla de Cérvoles, la",0,0.4164,0,0.4164,bks7-dkfd
2018-05-12T00:00:00.000,30,Ribera d'Ebre,430607,Flix,0,0.075,0,0.075,bks7-dkfd
2018-05-15T00:00:00.000,03,Alt Penedès,082325,Sant Pere de Riudebitlles,0,0.02,0.045,0.02,bks7-dkfd
2018-05-15T00:00:00.000,33,Segrià,250138,Alfarràs,0,0.18,0,0.18,bks7-dkfd
2018-05-15T00:00:00.000,08,Baix Camp,431628,Vandellòs i l'Hospitalet de l'Infant,0.4925,0,0,0.4925,bks7-dkfd
2018-05-16T00:00:00.000,12,Baix Penedès,430022,Albinyana,0.0008,0,0,0.0008,bks7-dkfd
2018-05-16T00:00:00.000,06,Anoia,081430,Òdena,0,0.01,0.015,0.01,bks7-dkfd
2018-05-17T00:00:00.000,20,Gironès,170792,Girona,0,0.0001,0,0.0001,bks7-dkfd
2018-05-17T00:00:00.000,16,Conca de Barberà,430213,Barberà de la Conca,0,0.1,0,0.1,bks7-dkfd
2018-05-18T00:00:00.000,03,Alt Penedès,082515,Santa Margarida i els Monjos,0.01,0,0.015,0.01,bks7-dkfd
2018-05-18T00:00:00.000,09,Baix Ebre,430252,Benifallet,0,0.524,0,0.524,bks7-dkfd
2018-05-19T00:00:00.000,03,Alt Penedès,082732,Subirats,0,0.25,0,0.25,bks7-dkfd
2018-05-19T00:00:00.000,03,Alt Penedès,082732,Subirats,0,0.05,0,0.05,bks7-dkfd
2018-05-19T00:00:00.000,16,Conca de Barberà,430862,Montblanc,0,0.003,0,0.003,bks7-dkfd
2018-05-19T00:00:00.000,06,Anoia,080484,Carme,0.02,0,0,0.02,bks7-dkfd
2018-05-20T00:00:00.000,36,Tarragonès,431482,Tarragona,0,0.196,0,0.196,bks7-dkfd
2018-05-21T00:00:00.000,30,Ribera d'Ebre,430607,Flix,0,0.0476,0,0.0476,bks7-dkfd
2018-05-21T00:00:00.000,22,Montsià,430043,Alcanar,0.01,0,0,0.01,bks7-dkfd
2018-05-22T00:00:00.000,06,Anoia,080253,"Bruc, el",0.0025,0,0,0.0025,bks7-dkfd
2018-05-24T00:00:00.000,36,Tarragonès,431009,"Pallaresos, els",0.005,0,0,0.005,bks7-dkfd
2018-05-24T00:00:00.000,29,Priorat,431153,Pradell de la Teixeta,0.081,0,0,0.081,bks7-dkfd
2018-05-24T00:00:00.000,22,Montsià,430786,Masdenverge,0,0.015,0,0.015,bks7-dkfd
2018-05-25T00:00:00.000,11,Baix Llobregat,080898,Gavà,0,0.8,0,0.8,bks7-dkfd
2018-05-25T00:00:00.000,40,Vallès Occidental,082055,Sant Cugat del Vallès,0.003,0,0,0.003,bks7-dkfd
2018-05-26T00:00:00.000,18,Garrigues,251057,Granyena de les Garrigues,0,0.026,0,0.026,bks7-dkfd
2018-05-27T00:00:00.000,14,Berguedà,081751,Puig-reig,0,0.0005,0,0.0005,bks7-dkfd
2018-05-29T00:00:00.000,11,Baix Llobregat,082956,Vallirana,0,0.03,0,0.03,bks7-dkfd
2018-06-13T00:00:00.000,19,Garrotxa,171096,Montagut i Oix,0.0306,0,0,0.0306,bks7-dkfd
2018-06-14T00:00:00.000,02,Alt Empordà,170926,Llançà,2.42,5.07,0,7.49,bks7-dkfd
2018-06-15T00:00:00.000,24,Osona,082652,Sant Vicenç de Torelló,0,0.03,0,0.03,bks7-dkfd
2018-06-15T00:00:00.000,09,Baix Ebre,431554,Tortosa,0,0.19,0,0.19,bks7-dkfd
2018-06-16T00:00:00.000,11,Baix Llobregat,083015,Viladecans,0,0.78,0,0.78,bks7-dkfd
2018-06-16T00:00:00.000,22,Montsià,431362,Sant Carles de la Ràpita,0,0.81,0.73,0.81,bks7-dkfd
2018-06-16T00:00:00.000,02,Alt Empordà,170622,"Escala, l'",0,0.0003,0,0.0003,bks7-dkfd
2018-06-17T00:00:00.000,38,Urgell,252385,Vallbona de les Monges,0,0.05,0,0.05,bks7-dkfd
2018-06-17T00:00:00.000,11,Baix Llobregat,080692,Collbató,0.0025,0,0,0.0025,bks7-dkfd
2018-06-17T00:00:00.000,02,Alt Empordà,171523,Roses,0,0.02,0,0.02,bks7-dkfd
2018-06-17T00:00:00.000,22,Montsià,430141,Amposta,0,0.14,0.01,0.14,bks7-dkfd
2018-06-17T00:00:00.000,01,Alt Camp,430056,Alcover,0,0.004,0,0.004,bks7-dkfd
2018-06-18T00:00:00.000,11,Baix Llobregat,081234,Molins de Rei,0,0.03,0,0.03,bks7-dkfd
2018-06-18T00:00:00.000,11,Baix Llobregat,081234,Molins de Rei,0,0.04,0.06,0.04,bks7-dkfd
2018-06-19T00:00:00.000,36,Tarragonès,431009,"Pallaresos, els",0.47,0,0,0.47,bks7-dkfd
2018-06-19T00:00:00.000,34,Selva,171030,Maçanet de la Selva,0.028,0,0,0.028,bks7-dkfd
2018-06-20T00:00:00.000,40,Vallès Occidental,082606,Santa Perpètua de Mogoda,0,0.008,0,0.008,bks7-dkfd
2018-06-21T00:00:00.000,34,Selva,171931,Sils,0.04,0,0.33,0.04,bks7-dkfd
2018-06-23T00:00:00.000,20,Gironès,170890,Llagostera,0.2,0,0,0.2,bks7-dkfd
2018-06-23T00:00:00.000,21,Maresme,081213,Mataró,0,0.7,0,0.7,bks7-dkfd
2018-06-24T00:00:00.000,10,Baix Empordà,171978,Torrent,0.02,0,0.01,0.02,bks7-dkfd
2018-06-24T00:00:00.000,41,Vallès Oriental,080885,"Garriga, la",0.0025,0,0,0.0025,bks7-dkfd
2018-06-24T00:00:00.000,13,Barcelonès,080193,Barcelona,0,0.25,0,0.25,bks7-dkfd
2018-06-24T00:00:00.000,40,Vallès Occidental,081878,Sabadell,0,0.21,0,0.21,bks7-dkfd
2018-06-24T00:00:00.000,13,Barcelonès,080155,Badalona,0,0.02,0,0.02,bks7-dkfd
2018-06-24T00:00:00.000,13,Barcelonès,080155,Badalona,0,0.02,0,0.02,bks7-dkfd
2018-06-24T00:00:00.000,13,Barcelonès,080193,Barcelona,0,0.88,0,0.88,bks7-dkfd
2018-06-24T00:00:00.000,16,Conca de Barberà,431687,Vilanova de Prades,0,0.03,0,0.03,bks7-dkfd
2018-06-25T00:00:00.000,41,Vallès Oriental,081347,Figaró-Montmany,0.01,0,0,0.01,bks7-dkfd
2018-06-25T00:00:00.000,30,Ribera d'Ebre,431779,Vinebre,0.06,0.16,0.57,0.22,bks7-dkfd
2018-06-25T00:00:00.000,22,Montsià,430043,Alcanar,0.1,0,0,0.1,bks7-dkfd
2018-06-25T00:00:00.000,32,Segarra,259078,Torrefeta i Florejacs,0.05,0.08,8.03,0.13,bks7-dkfd
2018-06-25T00:00:00.000,20,Gironès,171557,Salt,0,0.036,0,0.036,bks7-dkfd
2018-06-26T00:00:00.000,25,Pallars Jussà,259046,Castell de Mur,0,0.22,0,0.22,bks7-dkfd
2018-06-26T00:00:00.000,03,Alt Penedès,082515,Santa Margarida i els Monjos,0.06,0.07,0,0.13,bks7-dkfd
2018-06-27T00:00:00.000,11,Baix Llobregat,081234,Molins de Rei,0.0128,0,0,0.0128,bks7-dkfd
2018-06-28T00:00:00.000,40,Vallès Occidental,082798,Terrassa,0,0.01,0,0.01,bks7-dkfd
2018-06-28T00:00:00.000,20,Gironès,171557,Salt,0.006,0,0,0.006,bks7-dkfd
2018-06-30T00:00:00.000,20,Gironès,170792,Girona,0.003,0,0,0.003,bks7-dkfd
2018-07-01T00:00:00.000,12,Baix Penedès,430516,Cunit,0.06,0,0,0.06,bks7-dkfd
2018-07-02T00:00:00.000,14,Berguedà,081445,Olvan,0,0.001,0,0.001,bks7-dkfd
2018-07-02T00:00:00.000,23,Noguera,250404,Balaguer,0,0.07,4.07,0.07,bks7-dkfd
2018-07-02T00:00:00.000,10,Baix Empordà,171241,Pals,0,0.0005,0,0.0005,bks7-dkfd
2018-07-03T00:00:00.000,33,Segrià,250387,Aitona,0.38,2.72,0,3.1,bks7-dkfd
2018-07-04T00:00:00.000,34,Selva,172023,Tossa de Mar,0.0008,0,0,0.0008,bks7-dkfd
2018-07-04T00:00:00.000,34,Selva,170335,Caldes de Malavella,0.18,0,0,0.18,bks7-dkfd
2018-07-04T00:00:00.000,02,Alt Empordà,170519,Cistella,0.05,0,0,0.05,bks7-dkfd
2018-07-04T00:00:00.000,28,Pla de l'Estany,170715,Fontcoberta,0.05,0,0.77,0.05,bks7-dkfd
2018-07-04T00:00:00.000,32,Segarra,251327,Massoteres,0.99,0.3,6.06,1.29,bks7-dkfd
2018-07-04T00:00:00.000,10,Baix Empordà,172327,Vilopriu,7.63,1.34,11.88,8.97,bks7-dkfd
2018-07-05T00:00:00.000,29,Priorat,430350,Cabacés,0.032,0,0,0.032,bks7-dkfd
2018-07-05T00:00:00.000,33,Segrià,250387,Aitona,0,2.1,0,2.1,bks7-dkfd
2018-07-06T00:00:00.000,35,Solsonès,251462,Navès,0.0187,0,0,0.0187,bks7-dkfd
2018-07-06T00:00:00.000,20,Gironès,170792,Girona,0,0.0035,0,0.0035,bks7-dkfd
2018-07-06T00:00:00.000,20,Gironès,170792,Girona,0,0.238,0,0.238,bks7-dkfd
2018-07-07T00:00:00.000,34,Selva,170950,Lloret de Mar,0.0225,0,0,0.0225,bks7-dkfd
2018-07-07T00:00:00.000,11,Baix Llobregat,082009,Sant Boi de Llobregat,0,0.47,0,0.47,bks7-dkfd
2018-07-09T00:00:00.000,20,Gironès,171557,Salt,0,0.0015,0,0.0015,bks7-dkfd
2018-07-09T00:00:00.000,09,Baix Ebre,431554,Tortosa,0,0.027,0,0.027,bks7-dkfd
2018-07-10T00:00:00.000,23,Noguera,250621,Camarasa,0,0.13,1.88,0.13,bks7-dkfd
2018-07-10T00:00:00.000,02,Alt Empordà,171024,Maçanet de Cabrenys,0,0.005,0,0.005,bks7-dkfd
2018-07-11T00:00:00.000,06,Anoia,082264,Sant Martí de Tous,0.0025,0,0,0.0025,bks7-dkfd
2018-07-12T00:00:00.000,40,Vallès Occidental,082233,Sant Llorenç Savall,0.004,0,0,0.004,bks7-dkfd
2018-07-12T00:00:00.000,01,Alt Camp,430593,Figuerola del Camp,0.003,0,0,0.003,bks7-dkfd
2018-07-13T00:00:00.000,22,Montsià,430141,Amposta,0,0.14,0,0.14,bks7-dkfd
2018-07-13T00:00:00.000,30,Ribera d'Ebre,431508,Tivissa,0.12,0.47,0,0.59,bks7-dkfd
2018-07-14T00:00:00.000,01,Alt Camp,430056,Alcover,0.04,0.04,0,0.08,bks7-dkfd
2018-07-14T00:00:00.000,33,Segrià,250365,Aspa,0,0.1,0,0.1,bks7-dkfd
2018-07-14T00:00:00.000,11,Baix Llobregat,082634,Sant Vicenç dels Horts,0,0.0001,0,0.0001,bks7-dkfd
2018-07-14T00:00:00.000,08,Baix Camp,431457,"Selva del Camp, la",0,0.12,0,0.12,bks7-dkfd
2018-07-15T00:00:00.000,06,Anoia,080082,Argençola,0.007,0,0,0.007,bks7-dkfd
2018-07-15T00:00:00.000,06,Anoia,081430,Òdena,0,0.02,0,0.02,bks7-dkfd
2018-07-16T00:00:00.000,07,Bages,081918,Sallent,0,0.01,0,0.01,bks7-dkfd
2018-07-17T00:00:00.000,38,Urgell,250740,Ciutadilla,1.16,0.46,3.52,1.62,bks7-dkfd
2018-07-19T00:00:00.000,03,Alt Penedès,082515,Santa Margarida i els Monjos,0,0.05,0,0.05,bks7-dkfd
2018-07-20T00:00:00.000,24,Osona,082652,Sant Vicenç de Torelló,0,0.003,0,0.003,bks7-dkfd
2018-07-20T00:00:00.000,20,Gironès,170405,Canet d'Adri,0.005,0,0,0.005,bks7-dkfd
2018-07-20T00:00:00.000,40,Vallès Occidental,081878,Sabadell,0.1027,0,0,0.1027,bks7-dkfd
2018-07-21T00:00:00.000,22,Montsià,430043,Alcanar,0,0.98,0.15,0.98,bks7-dkfd
2018-07-22T00:00:00.000,03,Alt Penedès,082515,Santa Margarida i els Monjos,0.001,0,0,0.001,bks7-dkfd
2018-07-22T00:00:00.000,03,Alt Penedès,080581,Castellet i la Gornal,0.0005,0,0,0.0005,bks7-dkfd
2018-07-24T00:00:00.000,11,Baix Llobregat,080898,Gavà,0,0.001,0,0.001,bks7-dkfd
2018-07-24T00:00:00.000,06,Anoia,081430,Òdena,0.003,0,0,0.003,bks7-dkfd
2018-07-24T00:00:00.000,23,Noguera,250352,"Sentiu de Sió, la",0,2.43,0,2.43,bks7-dkfd
2018-07-25T00:00:00.000,36,Tarragonès,431482,Tarragona,0.8,0,0,0.8,bks7-dkfd
2018-07-26T00:00:00.000,30,Ribera d'Ebre,431508,Tivissa,4.02,0.14,0.14,4.16,bks7-dkfd
2018-07-26T00:00:00.000,22,Montsià,430141,Amposta,0.12,0.15,0.07,0.27,bks7-dkfd
2018-07-26T00:00:00.000,18,Garrigues,251180,Juncosa,0,0.21,0,0.21,bks7-dkfd
2018-07-27T00:00:00.000,03,Alt Penedès,082270,Sant Martí Sarroca,0,0.18,0,0.18,bks7-dkfd
2018-07-27T00:00:00.000,20,Gironès,170448,Cassà de la Selva,0.002,0,0,0.002,bks7-dkfd
2018-07-27T00:00:00.000,11,Baix Llobregat,080728,Corbera de Llobregat,0,0.0935,0,0.0935,bks7-dkfd
2018-07-28T00:00:00.000,33,Segrià,251207,Lleida,0,0.06,0,0.06,bks7-dkfd
2018-07-30T00:00:00.000,21,Maresme,081537,Òrrius,0.008,0,0,0.008,bks7-dkfd
2018-08-01T00:00:00.000,22,Montsià,430770,Mas de Barberans,0,0.11,0,0.11,bks7-dkfd
2018-08-02T00:00:00.000,03,Alt Penedès,080581,Castellet i la Gornal,1.34,1.1,0,2.44,bks7-dkfd
2018-08-02T00:00:00.000,11,Baix Llobregat,080734,Cornellà de Llobregat,0,0.287,0,0.287,bks7-dkfd
2018-08-03T00:00:00.000,28,Pla de l'Estany,171371,Porqueres,0,0.0008,0,0.0008,bks7-dkfd
2018-08-03T00:00:00.000,35,Solsonès,251240,Lladurs,0.47,0,0,0.47,bks7-dkfd
2018-08-04T00:00:00.000,08,Baix Camp,431233,Reus,0,3.26,2.02,3.26,bks7-dkfd
2018-08-05T00:00:00.000,20,Gironès,170792,Girona,0.005,0,0,0.005,bks7-dkfd
2018-08-05T00:00:00.000,12,Baix Penedès,431634,"Vendrell, el",0,0.376,0.208,0.376,bks7-dkfd
2018-08-05T00:00:00.000,01,Alt Camp,431080,"Pla de Santa Maria, el",0.68,0,2.26,0.68,bks7-dkfd
2018-08-05T00:00:00.000,26,Pallars Sobirà,250390,Baix Pallars,0,0.25,0.1,0.25,bks7-dkfd
2018-08-06T00:00:00.000,06,Anoia,081653,"Pobla de Claramunt, la",0.015,0,0,0.015,bks7-dkfd
2018-08-06T00:00:00.000,20,Gironès,170792,Girona,0.005,0,0,0.005,bks7-dkfd
2018-08-06T00:00:00.000,28,Pla de l'Estany,171371,Porqueres,0.003,0,0,0.003,bks7-dkfd
2018-08-06T00:00:00.000,02,Alt Empordà,170031,Albanyà,0.0025,0,0,0.0025,bks7-dkfd
2018-08-07T00:00:00.000,01,Alt Camp,430363,Cabra del Camp,4.42,1.3,3.72,5.72,bks7-dkfd
2018-08-07T00:00:00.000,02,Alt Empordà,170031,Albanyà,0,0.025,0,0.025,bks7-dkfd
2018-08-07T00:00:00.000,21,Maresme,081555,Palafolls,0.16,0,0,0.16,bks7-dkfd
2018-08-08T00:00:00.000,23,Noguera,250426,"Baronia de Rialb, la",0.57,0,0,0.57,bks7-dkfd
2018-08-09T00:00:00.000,12,Baix Penedès,430287,"Bisbal del Penedès, la",0,0.001,0,0.001,bks7-dkfd
2018-08-09T00:00:00.000,35,Solsonès,251667,Pinell de Solsonès,0.02,0,0,0.02,bks7-dkfd
2018-08-09T00:00:00.000,22,Montsià,431567,Ulldecona,0.03,0.08,0,0.11,bks7-dkfd
2018-08-09T00:00:00.000,03,Alt Penedès,080919,Gelida,0.01,0,0,0.01,bks7-dkfd
2018-08-09T00:00:00.000,12,Baix Penedès,431634,"Vendrell, el",0.003,0,0,0.003,bks7-dkfd
2018-08-10T00:00:00.000,06,Anoia,080288,Cabrera d'Anoia,0.0015,0,0,0.0015,bks7-dkfd
2018-08-10T00:00:00.000,33,Segrià,250138,Alfarràs,0,3.15,0.59,3.15,bks7-dkfd
2018-08-12T00:00:00.000,11,Baix Llobregat,082080,Sant Esteve Sesrovires,0.07,0.08,1.39,0.15,bks7-dkfd
2018-08-12T00:00:00.000,11,Baix Llobregat,080689,Cervelló,0,0.004,0,0.004,bks7-dkfd
2018-08-12T00:00:00.000,22,Montsià,430043,Alcanar,0,0.017,0,0.017,bks7-dkfd
2018-08-13T00:00:00.000,04,Alt Urgell,250447,Bassella,0.28,0,0,0.28,bks7-dkfd
2018-08-13T00:00:00.000,40,Vallès Occidental,081568,Palau-solità i Plegamans,0,0.52,0,0.52,bks7-dkfd
2018-08-13T00:00:00.000,03,Alt Penedès,080581,Castellet i la Gornal,0,0.0001,0,0.0001,bks7-dkfd
2018-08-13T00:00:00.000,03,Alt Penedès,080581,Castellet i la Gornal,0,0.0001,0,0.0001,bks7-dkfd
2018-08-13T00:00:00.000,40,Vallès Occidental,081878,Sabadell,0.05,0,0,0.05,bks7-dkfd
2018-08-13T00:00:00.000,24,Osona,080673,Centelles,0.035,0,0,0.035,bks7-dkfd
2018-08-13T00:00:00.000,36,Tarragonès,431009,"Pallaresos, els",0.24,0.62,0,0.86,bks7-dkfd
2018-08-17T00:00:00.000,13,Barcelonès,080155,Badalona,0,0.001,0,0.001,bks7-dkfd
2018-08-17T00:00:00.000,11,Baix Llobregat,080667,Castellví de Rosanes,0,0.001,0,0.001,bks7-dkfd
2018-08-18T00:00:00.000,13,Barcelonès,080155,Badalona,0.09,3.9,0,3.99,bks7-dkfd
2018-08-18T00:00:00.000,22,Montsià,430043,Alcanar,0.0272,0,0,0.0272,bks7-dkfd
2018-08-19T00:00:00.000,02,Alt Empordà,171523,Roses,0,0.27,0,0.27,bks7-dkfd
2018-08-19T00:00:00.000,11,Baix Llobregat,080898,Gavà,0.38,0.39,0.09,0.77,bks7-dkfd
2018-08-19T00:00:00.000,02,Alt Empordà,171523,Roses,0,2.6,0,2.6,bks7-dkfd
2018-08-19T00:00:00.000,02,Alt Empordà,171523,Roses,0,3.2,0,3.2,bks7-dkfd
2018-08-19T00:00:00.000,02,Alt Empordà,171523,Roses,0,3.39,0,3.39,bks7-dkfd
2018-08-20T00:00:00.000,33,Segrià,251023,"Granja d'Escarp, la",0,0.64,0,0.64,bks7-dkfd
2018-08-20T00:00:00.000,02,Alt Empordà,170010,Agullana,0,0.0001,0,0.0001,bks7-dkfd
2018-08-20T00:00:00.000,02,Alt Empordà,170865,"Jonquera, la",0,0.85,0.05,0.85,bks7-dkfd
2018-08-20T00:00:00.000,02,Alt Empordà,170865,"Jonquera, la",0.04,0,0,0.04,bks7-dkfd
2018-08-21T00:00:00.000,21,Maresme,080752,Dosrius,0,0.02,0,0.02,bks7-dkfd
2018-08-22T00:00:00.000,23,Noguera,250349,Artesa de Segre,0,0.008,0,0.008,bks7-dkfd
2018-08-22T00:00:00.000,23,Noguera,250349,Artesa de Segre,0,0.05,0,0.05,bks7-dkfd
2018-08-23T00:00:00.000,23,Noguera,250349,Artesa de Segre,0,0.08,0,0.08,bks7-dkfd
2018-08-23T00:00:00.000,21,Maresme,080752,Dosrius,0.001,0,0,0.001,bks7-dkfd
2018-08-25T00:00:00.000,40,Vallès Occidental,081846,Rubí,0,0.001,0,0.001,bks7-dkfd
2018-08-28T00:00:00.000,29,Priorat,430555,Falset,0,0.0002,0,0.0002,bks7-dkfd
2018-08-28T00:00:00.000,09,Baix Ebre,431554,Tortosa,0.007,0,0,0.007,bks7-dkfd
2018-08-29T00:00:00.000,16,Conca de Barberà,431460,Senan,0.06,0,0,0.06,bks7-dkfd
2018-08-29T00:00:00.000,16,Conca de Barberà,431460,Senan,0.005,0,0,0.005,bks7-dkfd
2018-08-29T00:00:00.000,16,Conca de Barberà,430733,Llorac,0.05,0,0,0.05,bks7-dkfd
2018-08-29T00:00:00.000,20,Gironès,170209,Bescanó,0.0125,0,0,0.0125,bks7-dkfd
2018-08-30T00:00:00.000,03,Alt Penedès,081228,Mediona,0,0.09,0,0.09,bks7-dkfd
2018-09-01T00:00:00.000,38,Urgell,250463,Belianes,0,0.48,0.8,0.48,bks7-dkfd
2018-09-02T00:00:00.000,18,Garrigues,250812,"Espluga Calba, l'",0,0.26,0.41,0.26,bks7-dkfd
2018-09-02T00:00:00.000,38,Urgell,250463,Belianes,0,0.14,0,0.14,bks7-dkfd
2018-09-02T00:00:00.000,38,Urgell,250463,Belianes,0,0.19,0,0.19,bks7-dkfd
2018-09-02T00:00:00.000,38,Urgell,250463,Belianes,0,0.61,0,0.61,bks7-dkfd
2018-09-04T00:00:00.000,40,Vallès Occidental,082798,Terrassa,0.0307,0,0,0.0307,bks7-dkfd
2018-09-04T00:00:00.000,02,Alt Empordà,171352,Pont de Molins,0,0.005,0,0.005,bks7-dkfd
2018-09-05T00:00:00.000,21,Maresme,082649,Sant Vicenç de Montalt,0.015,0,0,0.015,bks7-dkfd
2018-09-07T00:00:00.000,37,Terra Alta,430419,Caseres,0.45,0,0.07,0.45,bks7-dkfd
2018-09-07T00:00:00.000,23,Noguera,250156,Algerri,0,0.12,0,0.12,bks7-dkfd
2018-09-09T00:00:00.000,18,Garrigues,252189,Tarrés,0.002,0,0,0.002,bks7-dkfd
2018-09-11T00:00:00.000,22,Montsià,430141,Amposta,0,0.0158,0,0.0158,bks7-dkfd
2018-09-12T00:00:00.000,03,Alt Penedès,082877,Torrelavit,0.001,0,0,0.001,bks7-dkfd
2018-09-12T00:00:00.000,07,Bages,081786,Rajadell,0,0.006,0,0.006,bks7-dkfd
2018-09-12T00:00:00.000,18,Garrigues,250812,"Espluga Calba, l'",0.22,0.34,0.96,0.56,bks7-dkfd
2018-09-13T00:00:00.000,06,Anoia,080636,Castellolí,0.003,0,0,0.003,bks7-dkfd
2018-09-15T00:00:00.000,36,Tarragonès,431009,"Pallaresos, els",0.01,0,0,0.01,bks7-dkfd
2018-09-15T00:00:00.000,36,Tarragonès,431482,Tarragona,0,0.03,0,0.03,bks7-dkfd
2018-09-21T00:00:00.000,23,Noguera,251771,Preixens,0,0.05,0,0.05,bks7-dkfd
2018-09-23T00:00:00.000,10,Baix Empordà,172327,Vilopriu,0.078,0,0,0.078,bks7-dkfd
2018-09-23T00:00:00.000,39,Val d'Aran,250450,Bausen,0.6,0.9,0,1.5,bks7-dkfd
2018-09-24T00:00:00.000,23,Noguera,251771,Preixens,0,0.02,0,0.02,bks7-dkfd
2018-09-24T00:00:00.000,13,Barcelonès,080155,Badalona,0,0.002,0,0.002,bks7-dkfd
2018-09-24T00:00:00.000,10,Baix Empordà,172327,Vilopriu,0.06,0,0,0.06,bks7-dkfd
2018-09-25T00:00:00.000,08,Baix Camp,430424,Castellvell del Camp,0.431,0,0,0.431,bks7-dkfd
2018-09-27T00:00:00.000,38,Urgell,252385,Vallbona de les Monges,0.61,0.96,7.11,1.57,bks7-dkfd
2018-09-29T00:00:00.000,11,Baix Llobregat,081234,Molins de Rei,0,0.001,0,0.001,bks7-dkfd
2018-09-30T00:00:00.000,03,Alt Penedès,082325,Sant Pere de Riudebitlles,0.047,0,0,0.047,bks7-dkfd
2018-10-01T00:00:00.000,41,Vallès Oriental,080885,"Garriga, la",0.25,0,0,0.25,bks7-dkfd
2018-10-01T00:00:00.000,28,Pla de l'Estany,170353,Camós,0,0.002,0,0.002,bks7-dkfd
2018-10-01T00:00:00.000,28,Pla de l'Estany,171371,Porqueres,0.12,0,0,0.12,bks7-dkfd
2018-10-01T00:00:00.000,23,Noguera,250352,"Sentiu de Sió, la",0.18,1.54,0.33,1.72,bks7-dkfd
2018-10-02T00:00:00.000,25,Pallars Jussà,252347,Tremp,0,0.14,0,0.14,bks7-dkfd
2018-10-02T00:00:00.000,41,Vallès Oriental,082093,Sant Fost de Campsentelles,0,0.035,0,0.035,bks7-dkfd
2018-10-02T00:00:00.000,41,Vallès Oriental,080885,"Garriga, la",0.006,0,0,0.006,bks7-dkfd
2018-10-02T00:00:00.000,13,Barcelonès,080155,Badalona,0,0.05,0,0.05,bks7-dkfd
2018-10-02T00:00:00.000,25,Pallars Jussà,250984,Gavet de la Conca,0,0.24,0.5,0.24,bks7-dkfd
2018-10-03T00:00:00.000,21,Maresme,081555,Palafolls,0.11,0,0,0.11,bks7-dkfd
2018-10-04T00:00:00.000,39,Val d'Aran,250450,Bausen,0,0.37,0,0.37,bks7-dkfd
2018-10-04T00:00:00.000,41,Vallès Oriental,081249,Mollet del Vallès,0.04,,0,0.04,bks7-dkfd
2018-10-04T00:00:00.000,34,Selva,171463,Riells i Viabrea,0.01,0,0,0.01,bks7-dkfd
2018-10-06T00:00:00.000,11,Baix Llobregat,082080,Sant Esteve Sesrovires,0,0.0475,0.0125,0.0475,bks7-dkfd
2018-10-07T00:00:00.000,23,Noguera,251500,Oliola,0.077,0,0.07,0.077,bks7-dkfd
2018-10-24T00:00:00.000,19,Garrotxa,172076,"Vall d'en Bas, la",0,0.02,0,0.02,bks7-dkfd
2018-10-24T00:00:00.000,23,Noguera,250404,Balaguer,0,0.004,0,0.004,bks7-dkfd
2018-12-25T00:00:00.000,22,Montsià,430141,Amposta,0,0.19,0,0.19,bks7-dkfd
2019-01-02T00:00:00.000,02,Alt Empordà,170643,Espolla,0,0.008,0,0.008,bks7-dkfd
2019-01-05T00:00:00.000,39,Val d'Aran,250450,Bausen,0.406,0,0,0.406,bks7-dkfd
2019-01-06T00:00:00.000,39,Val d'Aran,250254,Naut Aran,8.81,184.19,0.12,193,bks7-dkfd
2019-01-10T00:00:00.000,32,Segarra,251919,Sanaüja,0,0.1,0,0.1,bks7-dkfd
2019-01-10T00:00:00.000,36,Tarragonès,430430,"Catllar, el",0.062,0.1,0,0.162,bks7-dkfd
2019-01-14T00:00:00.000,02,Alt Empordà,170622,"Escala, l'",0.1,0.5,0,0.6,bks7-dkfd
2019-01-26T00:00:00.000,21,Maresme,080403,Canet de Mar,0.02,0,0,0.02,bks7-dkfd
2019-01-27T00:00:00.000,03,Alt Penedès,080850,Font-rubí,0.1,0,0,0.1,bks7-dkfd
2019-01-27T00:00:00.000,08,Baix Camp,431628,Vandellòs i l'Hospitalet de l'Infant,0.03,0.15,0,0.18,bks7-dkfd
2019-01-27T00:00:00.000,09,Baix Ebre,431554,Tortosa,0,0.13,0,0.13,bks7-dkfd
2019-01-27T00:00:00.000,09,Baix Ebre,430521,Xerta,0,0.18,0,0.18,bks7-dkfd
2019-01-29T00:00:00.000,03,Alt Penedès,082883,Torrelles de Foix,0,0.02,0,0.02,bks7-dkfd
2019-02-03T00:00:00.000,14,Berguedà,081424,"Nou de Berguedà, la",0.042,0,0,0.042,bks7-dkfd
2019-02-03T00:00:00.000,36,Tarragonès,431310,Roda de Berà,0,0.0005,0,0.0005,bks7-dkfd
2019-02-04T00:00:00.000,11,Baix Llobregat,081234,Molins de Rei,0.002,0,0,0.002,bks7-dkfd
2019-02-05T00:00:00.000,37,Terra Alta,430640,Gandesa,0,0.21,0,0.21,bks7-dkfd
2019-02-06T00:00:00.000,37,Terra Alta,430640,Gandesa,0,0.43,0,0.43,bks7-dkfd
2019-02-09T00:00:00.000,16,Conca de Barberà,430862,Montblanc,0,0.016,0,0.016,bks7-dkfd
2019-02-10T00:00:00.000,40,Vallès Occidental,081803,Ripollet,0,1.2,0,1.2,bks7-dkfd
2019-02-11T00:00:00.000,22,Montsià,439023,Sant Jaume d'Enveja,0,1.206,0,1.206,bks7-dkfd
2019-02-11T00:00:00.000,20,Gironès,170792,Girona,0,0.006,0,0.006,bks7-dkfd
2019-02-11T00:00:00.000,16,Conca de Barberà,430213,Barberà de la Conca,0,0.15,0,0.15,bks7-dkfd
2019-02-11T00:00:00.000,09,Baix Ebre,430081,Alfara de Carles,0,0.035,0,0.035,bks7-dkfd
2019-02-12T00:00:00.000,02,Alt Empordà,170470,Castelló d'Empúries,0.07,0,0,0.07,bks7-dkfd
2019-02-12T00:00:00.000,01,Alt Camp,431135,"Pont d'Armentera, el",0.045,0,0,0.045,bks7-dkfd
2019-02-12T00:00:00.000,02,Alt Empordà,171523,Roses,0,0.02,0,0.02,bks7-dkfd
2019-02-13T00:00:00.000,16,Conca de Barberà,431074,Pira,0,0.2,0,0.2,bks7-dkfd
2019-02-13T00:00:00.000,34,Selva,179032,Sant Julià del Llor i Bonmatí,0.1376,0,0,0.1376,bks7-dkfd
2019-02-14T00:00:00.000,34,Selva,172023,Tossa de Mar,0.0106,0,0,0.0106,bks7-dkfd
2019-02-14T00:00:00.000,35,Solsonès,252075,Solsona,0,0.368,0,0.368,bks7-dkfd
2019-02-14T00:00:00.000,34,Selva,172023,Tossa de Mar,0,0.0296,0,0.0296,bks7-dkfd
2019-02-14T00:00:00.000,41,Vallès Oriental,081810,"Roca del Vallès, la",0,0.048,0,0.048,bks7-dkfd
2019-02-15T00:00:00.000,20,Gironès,171557,Salt,0.14,0,0,0.14,bks7-dkfd
2019-02-16T00:00:00.000,37,Terra Alta,430483,Corbera d'Ebre,0,0.05,0,0.05,bks7-dkfd
2019-02-16T00:00:00.000,38,Urgell,251305,Maldà,0,2.62,0.32,2.62,bks7-dkfd
2019-02-17T00:00:00.000,19,Garrotxa,171096,Montagut i Oix,0,0.016,0,0.016,bks7-dkfd
2019-02-17T00:00:00.000,07,Bages,080538,Castellbell i el Vilar,0,0.35,0,0.35,bks7-dkfd
2019-02-17T00:00:00.000,34,Selva,171899,"Cellera de Ter, la",0.001,0,0,0.001,bks7-dkfd
2019-02-17T00:00:00.000,11,Baix Llobregat,082634,Sant Vicenç dels Horts,0,0.01,0,0.01,bks7-dkfd
2019-02-17T00:00:00.000,19,Garrotxa,170101,Argelaguer,0,0.07,0,0.07,bks7-dkfd
2019-02-18T00:00:00.000,41,Vallès Oriental,080333,Caldes de Montbui,0,0.065,0,0.065,bks7-dkfd
2019-02-18T00:00:00.000,23,Noguera,250349,Artesa de Segre,0,0.07,0,0.07,bks7-dkfd
2019-02-19T00:00:00.000,23,Noguera,251569,Os de Balaguer,0,0.22,0,0.22,bks7-dkfd
2019-02-21T00:00:00.000,06,Anoia,080288,Cabrera d'Anoia,0.05,0,0,0.05,bks7-dkfd
2019-02-21T00:00:00.000,14,Berguedà,081751,Puig-reig,0,0.3,0,0.3,bks7-dkfd
2019-02-22T00:00:00.000,10,Baix Empordà,170708,Fontanilles,0.2,0.03,0,0.23,bks7-dkfd
2019-02-22T00:00:00.000,02,Alt Empordà,170754,Garrigàs,0.2,0,0.023,0.2,bks7-dkfd
2019-02-22T00:00:00.000,06,Anoia,081897,Sant Pere Sallavinera,0,0.13,0,0.13,bks7-dkfd
2019-02-22T00:00:00.000,18,Garrigues,251180,Juncosa,0.22,0.14,0.58,0.36,bks7-dkfd
2019-02-23T00:00:00.000,06,Anoia,080288,Cabrera d'Anoia,0.005,0,0,0.005,bks7-dkfd
2019-02-23T00:00:00.000,13,Barcelonès,082457,Santa Coloma de Gramenet,0,0.009,0,0.009,bks7-dkfd
2019-02-23T00:00:00.000,16,Conca de Barberà,430862,Montblanc,0,0.005,0,0.005,bks7-dkfd
2019-02-23T00:00:00.000,06,Anoia,081653,"Pobla de Claramunt, la",0.0015,0,0,0.0015,bks7-dkfd
2019-02-24T00:00:00.000,11,Baix Llobregat,080569,Castelldefels,0.035,0,0,0.035,bks7-dkfd
2019-02-25T00:00:00.000,24,Osona,081995,Sant Bartomeu del Grau,0.13,0,0,0.13,bks7-dkfd
2019-02-25T00:00:00.000,10,Baix Empordà,170139,Begur,0.12,0,0,0.12,bks7-dkfd
2019-02-26T00:00:00.000,42,Moianès,081385,Moià,0,0.08,0,0.08,bks7-dkfd
2019-02-27T00:00:00.000,23,Noguera,251386,Montgai,0,0.1,0,0.1,bks7-dkfd
2019-02-28T00:00:00.000,26,Pallars Sobirà,252094,Sort,0.61,11.8,0.05,12.41,bks7-dkfd
2019-02-28T00:00:00.000,36,Tarragonès,431649,Vespella de Gaià,0.1,0.25,0,0.35,bks7-dkfd
2019-02-28T00:00:00.000,30,Ribera d'Ebre,431508,Tivissa,0.33,0.5,0.33,0.83,bks7-dkfd
2019-03-01T00:00:00.000,19,Garrotxa,172076,"Vall d'en Bas, la",0,0.043,0,0.043,bks7-dkfd
2019-03-01T00:00:00.000,26,Pallars Sobirà,252094,Sort,0,0.8,0,0.8,bks7-dkfd
2019-03-01T00:00:00.000,20,Gironès,171693,Sant Julià de Ramis,0.07,0,0,0.07,bks7-dkfd
2019-03-02T00:00:00.000,14,Berguedà,081901,Saldes,0,0.009,0,0.009,bks7-dkfd
2019-03-03T00:00:00.000,40,Vallès Occidental,080517,Castellar del Vallès,0,0.04,0.01,0.04,bks7-dkfd
2019-03-03T00:00:00.000,11,Baix Llobregat,081477,Olesa de Montserrat,0,0.043,0,0.043,bks7-dkfd
2019-03-03T00:00:00.000,25,Pallars Jussà,250984,Gavet de la Conca,0.15,0.77,0,0.92,bks7-dkfd
2019-03-04T00:00:00.000,24,Osona,080832,Folgueroles,0,0.2,0,0.2,bks7-dkfd
2019-03-04T00:00:00.000,28,Pla de l'Estany,170353,Camós,0.04,0.11,0,0.15,bks7-dkfd
2019-03-04T00:00:00.000,31,Ripollès,171122,Ogassa,1.83,0.2,0,2.03,bks7-dkfd
2019-03-04T00:00:00.000,19,Garrotxa,171334,"Planes d'Hostoles, les",0.5,0,0,0.5,bks7-dkfd
2019-03-04T00:00:00.000,38,Urgell,259025,Sant Martí de Riucorb,0.28,3.06,0.39,3.34,bks7-dkfd
2019-03-05T00:00:00.000,14,Berguedà,081445,Olvan,0.38,0.01,2.34,0.39,bks7-dkfd
2019-03-05T00:00:00.000,16,Conca de Barberà,430542,"Espluga de Francolí, l'",0.15,0.05,0,0.2,bks7-dkfd
2019-03-05T00:00:00.000,19,Garrotxa,172001,Tortellà,0,0.006,0,0.006,bks7-dkfd
2019-03-06T00:00:00.000,07,Bages,081136,Manresa,0.01,0.01,0,0.02,bks7-dkfd
2019-03-06T00:00:00.000,11,Baix Llobregat,083015,Viladecans,0,0.3,0,0.3,bks7-dkfd
2019-03-06T00:00:00.000,34,Selva,170280,Brunyola i Sant Martí Sapresa,0.25,0,0,0.25,bks7-dkfd
2019-03-07T00:00:00.000,11,Baix Llobregat,080898,Gavà,0.04,0,0,0.04,bks7-dkfd
2019-03-07T00:00:00.000,37,Terra Alta,430419,Caseres,0,0.43,0.66,0.43,bks7-dkfd
2019-03-08T00:00:00.000,15,Cerdanya,170849,Isòvol,0.29,0.93,0,1.22,bks7-dkfd
2019-03-08T00:00:00.000,23,Noguera,251728,Ponts,0.31,0,0.44,0.31,bks7-dkfd
2019-03-09T00:00:00.000,38,Urgell,250463,Belianes,0,0.91,0,0.91,bks7-dkfd
2019-03-09T00:00:00.000,36,Tarragonès,431482,Tarragona,0,0.3,0,0.3,bks7-dkfd
2019-03-09T00:00:00.000,02,Alt Empordà,170293,Boadella i les Escaules,0.09,0,0,0.09,bks7-dkfd
2019-03-09T00:00:00.000,33,Segrià,251207,Lleida,0,0.25,0,0.25,bks7-dkfd
2019-03-09T00:00:00.000,42,Moianès,082397,Sant Quirze Safaja,0.045,0,0,0.045,bks7-dkfd
2019-03-09T00:00:00.000,22,Montsià,439023,Sant Jaume d'Enveja,0,0.01,0,0.01,bks7-dkfd
2019-03-10T00:00:00.000,02,Alt Empordà,170773,Garriguella,0,0.4,0,0.4,bks7-dkfd
2019-03-10T00:00:00.000,13,Barcelonès,082457,Santa Coloma de Gramenet,0,0.03,0,0.03,bks7-dkfd
2019-03-12T00:00:00.000,25,Pallars Jussà,251155,Isona i Conca Dellà,0,0.41,0,0.41,bks7-dkfd
2019-03-12T00:00:00.000,15,Cerdanya,250518,Bellver de Cerdanya,0,0.17,0,0.17,bks7-dkfd
2019-03-12T00:00:00.000,38,Urgell,250707,Castellserà,0,0.36,0,0.36,bks7-dkfd
2019-03-13T00:00:00.000,38,Urgell,251095,Guimerà,0,1.37,0.06,1.37,bks7-dkfd
2019-03-13T00:00:00.000,36,Tarragonès,431482,Tarragona,0,0.04,0,0.04,bks7-dkfd
2019-03-13T00:00:00.000,31,Ripollès,170391,Camprodon,0,1.9,0,1.9,bks7-dkfd
2019-03-13T00:00:00.000,33,Segrià,250077,Albatàrrec,0,0.63,0,0.63,bks7-dkfd
2019-03-13T00:00:00.000,02,Alt Empordà,170010,Agullana,0,0.55,0,0.55,bks7-dkfd
2019-03-13T00:00:00.000,09,Baix Ebre,439060,"Ampolla, l'",0,0.027,0,0.027,bks7-dkfd
2019-03-13T00:00:00.000,22,Montsià,430141,Amposta,0,0.222,0,0.222,bks7-dkfd
2019-03-13T00:00:00.000,36,Tarragonès,431114,"Pobla de Montornès, la",0,0.05,0,0.05,bks7-dkfd
2019-03-15T00:00:00.000,33,Segrià,250138,Alfarràs,0.49,1.76,0.27,2.25,bks7-dkfd
2019-03-15T00:00:00.000,03,Alt Penedès,080850,Font-rubí,0.003,0,0,0.003,bks7-dkfd
2019-03-16T00:00:00.000,09,Baix Ebre,430081,Alfara de Carles,0,0.15,0,0.15,bks7-dkfd
2019-03-16T00:00:00.000,09,Baix Ebre,430081,Alfara de Carles,0,0.015,0,0.015,bks7-dkfd
2019-03-16T00:00:00.000,09,Baix Ebre,430081,Alfara de Carles,0,0.04,0,0.04,bks7-dkfd
2019-03-16T00:00:00.000,09,Baix Ebre,430081,Alfara de Carles,0,0.01,0,0.01,bks7-dkfd
2019-03-16T00:00:00.000,09,Baix Ebre,430081,Alfara de Carles,0,0.018,0,0.018,bks7-dkfd
2019-03-16T00:00:00.000,09,Baix Ebre,430081,Alfara de Carles,0,0.96,0,0.96,bks7-dkfd
2019-03-16T00:00:00.000,11,Baix Llobregat,080569,Castelldefels,0.023,0,0,0.023,bks7-dkfd
2019-03-16T00:00:00.000,20,Gironès,171557,Salt,0.03,0.17,0,0.2,bks7-dkfd
2019-03-17T00:00:00.000,11,Baix Llobregat,082634,Sant Vicenç dels Horts,0,0.015,0,0.015,bks7-dkfd
2019-03-17T00:00:00.000,11,Baix Llobregat,081234,Molins de Rei,0.0025,0,0,0.0025,bks7-dkfd
2019-03-17T00:00:00.000,09,Baix Ebre,431554,Tortosa,0,0.24,0.25,0.24,bks7-dkfd
2019-03-17T00:00:00.000,36,Tarragonès,431310,Roda de Berà,0.0098,0,0,0.0098,bks7-dkfd
2019-03-18T00:00:00.000,40,Vallès Occidental,082055,Sant Cugat del Vallès,0,0.0025,0,0.0025,bks7-dkfd
2019-03-18T00:00:00.000,09,Baix Ebre,430252,Benifallet,0,0.43,0,0.43,bks7-dkfd
2019-03-19T00:00:00.000,25,Pallars Jussà,251288,Llimiana,0.1,0,0,0.1,bks7-dkfd
2019-03-19T00:00:00.000,06,Anoia,081653,"Pobla de Claramunt, la",0,0.0001,0,0.0001,bks7-dkfd
2019-03-19T00:00:00.000,21,Maresme,082613,Santa Susanna,0,0.25,0,0.25,bks7-dkfd
2019-03-20T00:00:00.000,12,Baix Penedès,430799,Masllorenç,0,0.056,0,0.056,bks7-dkfd
2019-03-20T00:00:00.000,25,Pallars Jussà,252022,Senterada,0.6,0,0,0.6,bks7-dkfd
2019-03-20T00:00:00.000,38,Urgell,250463,Belianes,0,0.48,0,0.48,bks7-dkfd
2019-03-20T00:00:00.000,13,Barcelonès,080193,Barcelona,0,0.016,0,0.016,bks7-dkfd
2019-03-21T00:00:00.000,24,Osona,082418,Sant Sadurní d'Osormort,0.13,0,0,0.13,bks7-dkfd
2019-03-21T00:00:00.000,12,Baix Penedès,430304,Bonastre,0,0.379,0,0.379,bks7-dkfd
2019-03-22T00:00:00.000,33,Segrià,251312,Massalcoreig,0.39,1.1,0.01,1.49,bks7-dkfd
2019-03-22T00:00:00.000,33,Segrià,251312,Massalcoreig,2.4,0.78,0.11,3.18,bks7-dkfd
2019-03-22T00:00:00.000,07,Bages,081918,Sallent,0.6,0,0,0.6,bks7-dkfd
2019-03-23T00:00:00.000,09,Baix Ebre,430136,"Ametlla de Mar, l'",0,1.22,0,1.22,bks7-dkfd
2019-03-23T00:00:00.000,25,Pallars Jussà,251155,Isona i Conca Dellà,0.1,0.3,0,0.4,bks7-dkfd
2019-03-24T00:00:00.000,23,Noguera,252206,Térmens,0,0.05,0,0.05,bks7-dkfd
2019-03-24T00:00:00.000,11,Baix Llobregat,081234,Molins de Rei,0.017,0,0,0.017,bks7-dkfd
2019-03-24T00:00:00.000,38,Urgell,259025,Sant Martí de Riucorb,0,0.17,0.05,0.17,bks7-dkfd
2019-03-24T00:00:00.000,40,Vallès Occidental,081252,Montcada i Reixac,0,0.01,0.01,0.01,bks7-dkfd
2019-03-24T00:00:00.000,08,Baix Camp,431628,Vandellòs i l'Hospitalet de l'Infant,0.0341,0,0,0.0341,bks7-dkfd
2019-03-24T00:00:00.000,08,Baix Camp,430038,"Albiol, l'",0,0.63,0,0.63,bks7-dkfd
2019-03-26T00:00:00.000,34,Selva,171805,Santa Coloma de Farners,0,0.1,0,0.1,bks7-dkfd
2019-03-26T00:00:00.000,02,Alt Empordà,170865,"Jonquera, la",0.02,0.05,0,0.07,bks7-dkfd
2019-03-26T00:00:00.000,38,Urgell,252173,Tàrrega,0,0.004,0,0.004,bks7-dkfd
2019-03-26T00:00:00.000,26,Pallars Sobirà,259031,"Guingueta d'Àneu, la",0,0.73,0,0.73,bks7-dkfd
2019-03-26T00:00:00.000,07,Bages,082423,Marganell,0.42,0,0.1,0.42,bks7-dkfd
2019-03-27T00:00:00.000,31,Ripollès,171450,Ribes de Freser,0.65,0,0,0.65,bks7-dkfd
2019-03-27T00:00:00.000,37,Terra Alta,430640,Gandesa,0.3177,0,0,0.3177,bks7-dkfd
2019-03-28T00:00:00.000,26,Pallars Sobirà,250827,Espot,0,0.5,0,0.5,bks7-dkfd
2019-03-28T00:00:00.000,07,Bages,080983,Sant Salvador de Guardiola,0.003,0,0,0.003,bks7-dkfd
2019-03-28T00:00:00.000,09,Baix Ebre,430521,Xerta,0.0015,0,0,0.0015,bks7-dkfd
2019-03-28T00:00:00.000,09,Baix Ebre,430521,Xerta,0.0015,0,0,0.0015,bks7-dkfd
2019-03-28T00:00:00.000,09,Baix Ebre,430521,Xerta,0.005,0,0,0.005,bks7-dkfd
2019-03-28T00:00:00.000,09,Baix Ebre,430521,Xerta,0.079,0,0,0.079,bks7-dkfd
2019-03-28T00:00:00.000,09,Baix Ebre,430081,Alfara de Carles,0.0192,0,0,0.0192,bks7-dkfd
2019-03-28T00:00:00.000,09,Baix Ebre,430081,Alfara de Carles,0.113,0,0,0.113,bks7-dkfd
2019-03-28T00:00:00.000,39,Val d'Aran,251214,Les,17.36,33.85,0,51.21,bks7-dkfd
2019-03-28T00:00:00.000,25,Pallars Jussà,251155,Isona i Conca Dellà,0,3.34,0,3.34,bks7-dkfd
2019-03-28T00:00:00.000,09,Baix Ebre,430521,Xerta,0.06,0,0,0.06,bks7-dkfd
2019-03-29T00:00:00.000,18,Garrigues,251018,"Granadella, la",0.59,0.55,0.35,1.14,bks7-dkfd
2019-03-29T00:00:00.000,33,Segrià,251333,Maials,0,0.08,0,0.08,bks7-dkfd
2019-03-30T00:00:00.000,32,Segarra,250729,Cervera,0,0.1,0,0.1,bks7-dkfd
2019-03-31T00:00:00.000,40,Vallès Occidental,081878,Sabadell,0.0063,0,0,0.0063,bks7-dkfd
2019-04-01T00:00:00.000,16,Conca de Barberà,431074,Pira,0,0.05,0,0.05,bks7-dkfd
2019-04-01T00:00:00.000,06,Anoia,082508,Santa Margarida de Montbui,0,0.008,0,0.008,bks7-dkfd
2019-04-01T00:00:00.000,40,Vallès Occidental,081799,Rellinars,0,0.0016,0,0.0016,bks7-dkfd
2019-04-01T00:00:00.000,40,Vallès Occidental,081252,Montcada i Reixac,0,0.02,0,0.02,bks7-dkfd
2019-04-02T00:00:00.000,42,Moianès,081385,Moià,0.08,0,0,0.08,bks7-dkfd
2019-04-03T00:00:00.000,29,Priorat,431140,Porrera,0,2.51,0.03,2.51,bks7-dkfd
2019-04-05T00:00:00.000,37,Terra Alta,430228,Batea,0.0004,0,0,0.0004,bks7-dkfd
2019-04-12T00:00:00.000,16,Conca de Barberà,431763,Vimbodí i Poblet,0.003,0,0,0.003,bks7-dkfd
2019-04-12T00:00:00.000,36,Tarragonès,431310,Roda de Berà,0,0.13,0,0.13,bks7-dkfd
2019-04-14T00:00:00.000,38,Urgell,252173,Tàrrega,0,0.3,0,0.3,bks7-dkfd
2019-04-14T00:00:00.000,18,Garrigues,251180,Juncosa,0,0.0225,0,0.0225,bks7-dkfd
2019-04-14T00:00:00.000,22,Montsià,430445,"Sénia, la",0,0.3745,0,0.3745,bks7-dkfd
2019-04-14T00:00:00.000,01,Alt Camp,431080,"Pla de Santa Maria, el",0.05,0,0,0.05,bks7-dkfd
2019-04-15T00:00:00.000,33,Segrià,251207,Lleida,0.0006,0,0,0.0006,bks7-dkfd
2019-04-16T00:00:00.000,11,Baix Llobregat,080569,Castelldefels,0.15,0.048,0,0.198,bks7-dkfd
2019-04-18T00:00:00.000,25,Pallars Jussà,251713,"Pobla de Segur, la",0,0.01,0,0.01,bks7-dkfd
2019-04-19T00:00:00.000,04,Alt Urgell,250772,Coll de Nargó,0.1878,0,0,0.1878,bks7-dkfd
2019-04-20T00:00:00.000,26,Pallars Sobirà,252094,Sort,0,0.742,0,0.742,bks7-dkfd
2019-04-20T00:00:00.000,38,Urgell,251305,Maldà,0,0.27,0,0.27,bks7-dkfd
2019-04-22T00:00:00.000,13,Barcelonès,080193,Barcelona,0,0.067,0,0.067,bks7-dkfd
2019-04-25T00:00:00.000,33,Segrià,250122,Alcoletge,0.01,0.2,0.09,0.21,bks7-dkfd
2019-04-26T00:00:00.000,17,Garraf,080431,Canyelles,0.004,0,0,0.004,bks7-dkfd
2019-04-27T00:00:00.000,22,Montsià,430141,Amposta,0,1.47,0,1.47,bks7-dkfd
2019-04-28T00:00:00.000,33,Segrià,251023,"Granja d'Escarp, la",0.29,0,0.97,0.29,bks7-dkfd
2019-04-28T00:00:00.000,40,Vallès Occidental,081878,Sabadell,0,0.02,0,0.02,bks7-dkfd
2019-04-28T00:00:00.000,21,Maresme,080752,Dosrius,0.01,0,0,0.01,bks7-dkfd
2019-04-29T00:00:00.000,13,Barcelonès,080155,Badalona,0.02,0,0,0.02,bks7-dkfd
2019-04-30T00:00:00.000,30,Ribera d'Ebre,430939,Móra d'Ebre,0.04,0,0,0.04,bks7-dkfd
2019-04-30T00:00:00.000,05,Alta Ribagorça,251734,"Pont de Suert, el",0,0.2,0,0.2,bks7-dkfd
2019-05-01T00:00:00.000,21,Maresme,081213,Mataró,0,0.2,0,0.2,bks7-dkfd
2019-05-01T00:00:00.000,18,Garrigues,252069,"Soleràs, el",0,0.004,0,0.004,bks7-dkfd
2019-05-01T00:00:00.000,03,Alt Penedès,082877,Torrelavit,0,0.041,0,0.041,bks7-dkfd
2019-05-05T00:00:00.000,33,Segrià,252326,Torres de Segre,5.55,2.09,0.3,7.64,bks7-dkfd
2019-05-06T00:00:00.000,33,Segrià,251207,Lleida,0,0.03,0,0.03,bks7-dkfd
2019-05-06T00:00:00.000,33,Segrià,250788,Corbins,0,0.1,0,0.1,bks7-dkfd
2019-05-07T00:00:00.000,21,Maresme,080351,Calella,0.67,0,0,0.67,bks7-dkfd
2019-05-08T00:00:00.000,22,Montsià,431567,Ulldecona,0,0.22,0,0.22,bks7-dkfd
2019-05-08T00:00:00.000,30,Ribera d'Ebre,430944,Móra la Nova,0,0.06,0.02,0.06,bks7-dkfd
2019-05-08T00:00:00.000,22,Montsià,431567,Ulldecona,0,0.33,0,0.33,bks7-dkfd
2019-05-09T00:00:00.000,01,Alt Camp,431080,"Pla de Santa Maria, el",0.25,0.1,0,0.35,bks7-dkfd
2019-05-10T00:00:00.000,41,Vallès Oriental,080863,"Franqueses del Vallès, les",0,0.05,0,0.05,bks7-dkfd
2019-05-10T00:00:00.000,16,Conca de Barberà,431423,Sarral,0.16,0.27,0,0.43,bks7-dkfd
2019-05-11T00:00:00.000,01,Alt Camp,431613,Valls,0.02,2.79,0.34,2.81,bks7-dkfd
2019-05-12T00:00:00.000,41,Vallès Oriental,080333,Caldes de Montbui,0,0.002,0,0.002,bks7-dkfd
2019-05-12T00:00:00.000,01,Alt Camp,430897,Montferri,0.47,18.15,0,18.62,bks7-dkfd
2019-05-12T00:00:00.000,07,Bages,082299,Sant Mateu de Bages,0.008,0,0,0.008,bks7-dkfd
2019-05-13T00:00:00.000,10,Baix Empordà,171997,Torroella de Montgrí,0.28,1.14,0,1.42,bks7-dkfd
2019-05-14T00:00:00.000,41,Vallès Oriental,081081,Lliçà de Vall,0.025,0,0,0.025,bks7-dkfd
2019-05-14T00:00:00.000,18,Garrigues,250292,Arbeca,0,0.17,0.21,0.17,bks7-dkfd
2019-05-14T00:00:00.000,18,Garrigues,251180,Juncosa,0,0.18,0.3,0.18,bks7-dkfd
2019-05-14T00:00:00.000,20,Gironès,170792,Girona,0.007,0,0,0.007,bks7-dkfd
2019-05-15T00:00:00.000,03,Alt Penedès,080581,Castellet i la Gornal,0,0.05,0,0.05,bks7-dkfd
2019-05-15T00:00:00.000,28,Pla de l'Estany,170656,Esponellà,0,0.015,0,0.015,bks7-dkfd
2019-05-15T00:00:00.000,41,Vallès Oriental,080057,"Ametlla del Vallès, l'",0.013,0,0,0.013,bks7-dkfd
2019-05-16T00:00:00.000,23,Noguera,250352,"Sentiu de Sió, la",0,0.25,0,0.25,bks7-dkfd
2019-05-16T00:00:00.000,33,Segrià,252326,Torres de Segre,0.48,0.4,0,0.88,bks7-dkfd
2019-05-16T00:00:00.000,04,Alt Urgell,250772,Coll de Nargó,0,0.02,0,0.02,bks7-dkfd
2019-05-16T00:00:00.000,03,Alt Penedès,083041,Vilobí del Penedès,0.08,0,0,0.08,bks7-dkfd
2019-05-16T00:00:00.000,20,Gironès,170792,Girona,0,0.009,0,0.009,bks7-dkfd
2019-05-16T00:00:00.000,40,Vallès Occidental,080517,Castellar del Vallès,0.005,0,0,0.005,bks7-dkfd
2019-05-21T00:00:00.000,11,Baix Llobregat,081960,Sant Andreu de la Barca,0,0.0064,0,0.0064,bks7-dkfd
2019-05-21T00:00:00.000,08,Baix Camp,430115,Almoster,0,0.5,0,0.5,bks7-dkfd
2019-05-21T00:00:00.000,18,Garrigues,251538,"Omellons, els",0,0.07,0,0.07,bks7-dkfd
2019-05-21T00:00:00.000,11,Baix Llobregat,080728,Corbera de Llobregat,0,0.001,0,0.001,bks7-dkfd
2019-05-22T00:00:00.000,37,Terra Alta,430228,Batea,0.43,0.38,0.04,0.81,bks7-dkfd
2019-05-23T00:00:00.000,29,Priorat,430496,Cornudella de Montsant,0.604,0.331,0.227,0.935,bks7-dkfd
2019-05-23T00:00:00.000,40,Vallès Occidental,082798,Terrassa,0.001,0,0,0.001,bks7-dkfd
2019-05-23T00:00:00.000,34,Selva,170834,Hostalric,0,0.0011,0,0.0011,bks7-dkfd
2019-05-26T00:00:00.000,20,Gironès,170448,Cassà de la Selva,0,0.001,0,0.001,bks7-dkfd
2019-05-28T00:00:00.000,40,Vallès Occidental,082798,Terrassa,0,0.005,0,0.005,bks7-dkfd
2019-05-29T00:00:00.000,29,Priorat,431153,Pradell de la Teixeta,7.15,0,0.46,7.15,bks7-dkfd
2019-05-30T00:00:00.000,07,Bages,082188,Sant Joan de Vilatorrada,0,0.015,0,0.015,bks7-dkfd
2019-05-30T00:00:00.000,25,Pallars Jussà,251615,Conca de Dalt,0.1,0,0,0.1,bks7-dkfd
2019-05-31T00:00:00.000,30,Ribera d'Ebre,430672,Ginestar,0.05,0,0.4,0.05,bks7-dkfd
2019-05-31T00:00:00.000,09,Baix Ebre,431042,"Perelló, el",0.0312,0,0,0.0312,bks7-dkfd
2019-06-01T00:00:00.000,07,Bages,082628,Sant Vicenç de Castellet,0.01,0,0,0.01,bks7-dkfd
2019-06-01T00:00:00.000,36,Tarragonès,430430,"Catllar, el",0.1963,0,0,0.1963,bks7-dkfd
2019-06-01T00:00:00.000,14,Berguedà,082687,Cercs,0.04,0,0,0.04,bks7-dkfd
2019-06-02T00:00:00.000,23,Noguera,250498,Bellmunt d'Urgell,0,0.25,0,0.25,bks7-dkfd
2019-06-02T00:00:00.000,11,Baix Llobregat,081234,Molins de Rei,0,0.005,0,0.005,bks7-dkfd
2019-06-02T00:00:00.000,23,Noguera,250498,Bellmunt d'Urgell,0,0.84,0.91,0.84,bks7-dkfd
2019-06-02T00:00:00.000,33,Segrià,251207,Lleida,0,2.43,14.51,2.43,bks7-dkfd
2019-06-02T00:00:00.000,23,Noguera,250498,Bellmunt d'Urgell,0,0.4,0,0.4,bks7-dkfd
2019-06-02T00:00:00.000,23,Noguera,251500,Oliola,0,0.26,0,0.26,bks7-dkfd
2019-06-02T00:00:00.000,24,Osona,080673,Centelles,0.06,0.01,0,0.07,bks7-dkfd
2019-06-02T00:00:00.000,24,Osona,082153,Sant Hipòlit de Voltregà,0.15,0,0,0.15,bks7-dkfd
2019-06-03T00:00:00.000,24,Osona,081995,Sant Bartomeu del Grau,0.01,0,0,0.01,bks7-dkfd
2019-06-03T00:00:00.000,09,Baix Ebre,431331,Roquetes,0,0.059,0,0.059,bks7-dkfd
2019-06-03T00:00:00.000,14,Berguedà,080229,Berga,0.001,0,0.019,0.001,bks7-dkfd
2019-06-04T00:00:00.000,07,Bages,082747,Súria,0.32,0,0,0.32,bks7-dkfd
2019-06-04T00:00:00.000,23,Noguera,250404,Balaguer,0.7,1.64,0.07,2.34,bks7-dkfd
2019-06-04T00:00:00.000,10,Baix Empordà,172116,Verges,0.35,0,0,0.35,bks7-dkfd
2019-06-04T00:00:00.000,04,Alt Urgell,250616,Cabó,0.0025,0,0,0.0025,bks7-dkfd
2019-06-05T00:00:00.000,22,Montsià,431567,Ulldecona,0,0.02,0,0.02,bks7-dkfd
2019-06-05T00:00:00.000,37,Terra Alta,430483,Corbera d'Ebre,0.26,1.12,0.45,1.38,bks7-dkfd
2019-06-06T00:00:00.000,30,Ribera d'Ebre,431508,Tivissa,0.26,1.35,0.01,1.61,bks7-dkfd
2019-06-07T00:00:00.000,11,Baix Llobregat,080728,Corbera de Llobregat,0.001,0,0,0.001,bks7-dkfd
2019-06-08T00:00:00.000,24,Osona,082652,Sant Vicenç de Torelló,0.07,0.3,0,0.37,bks7-dkfd
2019-06-08T00:00:00.000,33,Segrià,252542,Vilanova de la Barca,0,0.17,0,0.17,bks7-dkfd
2019-06-08T00:00:00.000,30,Ribera d'Ebre,430607,Flix,0.3,0,1.1,0.3,bks7-dkfd
2019-06-08T00:00:00.000,22,Montsià,431362,Sant Carles de la Ràpita,0.06,0,0,0.06,bks7-dkfd
2019-06-10T00:00:00.000,04,Alt Urgell,250772,Coll de Nargó,0.005,0.0145,0,0.0195,bks7-dkfd
2019-06-10T00:00:00.000,09,Baix Ebre,431331,Roquetes,0,0.52,0,0.52,bks7-dkfd
2019-06-10T00:00:00.000,09,Baix Ebre,431042,"Perelló, el",91.08,120.08,15.94,211.16,bks7-dkfd
2019-06-10T00:00:00.000,28,Pla de l'Estany,170157,Banyoles,0,0.0015,0,0.0015,bks7-dkfd
2019-06-12T00:00:00.000,33,Segrià,250138,Alfarràs,0,0.2587,0,0.2587,bks7-dkfd
2019-06-12T00:00:00.000,03,Alt Penedès,082270,Sant Martí Sarroca,0.01,0,0,0.01,bks7-dkfd
2019-06-13T00:00:00.000,33,Segrià,250215,Almenar,0,0.0459,0,0.0459,bks7-dkfd
2019-06-14T00:00:00.000,41,Vallès Oriental,080410,Canovelles,0,0.3,0,0.3,bks7-dkfd
2019-06-15T00:00:00.000,36,Tarragonès,431009,"Pallaresos, els",0.017,0,0,0.017,bks7-dkfd
2019-06-15T00:00:00.000,07,Bages,081136,Manresa,0,0.13,0,0.13,bks7-dkfd
2019-06-17T00:00:00.000,03,Alt Penedès,081228,Mediona,0,0.02,0.08,0.02,bks7-dkfd
2019-06-18T00:00:00.000,10,Baix Empordà,170767,Garrigoles,0.0008,0,0,0.0008,bks7-dkfd
2019-06-18T00:00:00.000,11,Baix Llobregat,080689,Cervelló,0.005,0,0,0.005,bks7-dkfd
2019-06-19T00:00:00.000,06,Anoia,081038,Jorba,0,0.21,0.85,0.21,bks7-dkfd
2019-06-19T00:00:00.000,30,Ribera d'Ebre,430653,Garcia,0.27,0,0,0.27,bks7-dkfd
2019-06-19T00:00:00.000,23,Noguera,250693,Castelló de Farfanya,0,1.02,6.96,1.02,bks7-dkfd
2019-06-20T00:00:00.000,06,Anoia,082508,Santa Margarida de Montbui,0.15,0,0.35,0.15,bks7-dkfd
2019-06-20T00:00:00.000,21,Maresme,080305,Cabrils,0.025,0,0,0.025,bks7-dkfd
2019-06-21T00:00:00.000,36,Tarragonès,431310,Roda de Berà,0.1822,0,0,0.1822,bks7-dkfd
2019-06-22T00:00:00.000,33,Segrià,251333,Maials,25.46,1.63,0.26,27.09,bks7-dkfd
2019-06-22T00:00:00.000,40,Vallès Occidental,081252,Montcada i Reixac,0,0.005,0,0.005,bks7-dkfd
2019-06-22T00:00:00.000,40,Vallès Occidental,082520,Barberà del Vallès,0,0.005,0,0.005,bks7-dkfd
2019-06-22T00:00:00.000,14,Berguedà,089030,Sant Julià de Cerdanyola,0.001,0,0,0.001,bks7-dkfd
2019-06-23T00:00:00.000,10,Baix Empordà,171241,Pals,0.185,0,0,0.185,bks7-dkfd
2019-06-23T00:00:00.000,06,Anoia,080446,Capellades,0,0.003,0,0.003,bks7-dkfd
2019-06-23T00:00:00.000,11,Baix Llobregat,082042,Sant Climent de Llobregat,0,0.0025,0,0.0025,bks7-dkfd
2019-06-24T00:00:00.000,38,Urgell,259025,Sant Martí de Riucorb,8.29,6.78,16.57,15.07,bks7-dkfd
2019-06-24T00:00:00.000,32,Segarra,259118,"Plans de Sió, els",0,1.16,6.74,1.16,bks7-dkfd
2019-06-24T00:00:00.000,21,Maresme,080305,Cabrils,0.04,0,0,0.04,bks7-dkfd
2019-06-24T00:00:00.000,38,Urgell,251305,Maldà,0.0368,0,0,0.0368,bks7-dkfd
2019-06-24T00:00:00.000,14,Berguedà,081751,Puig-reig,0,0.006,0,0.006,bks7-dkfd
2019-06-24T00:00:00.000,06,Anoia,081192,Masquefa,1.33,0.2,0.51,1.53,bks7-dkfd
2019-06-24T00:00:00.000,21,Maresme,080305,Cabrils,0.04,0,0,0.04,bks7-dkfd
2019-06-24T00:00:00.000,21,Maresme,080305,Cabrils,0.04,0,0,0.04,bks7-dkfd
2019-06-24T00:00:00.000,41,Vallès Oriental,082093,Sant Fost de Campsentelles,0.023,0,0,0.023,bks7-dkfd
2019-06-24T00:00:00.000,33,Segrià,251207,Lleida,0.83,0,0.3,0.83,bks7-dkfd
2019-06-24T00:00:00.000,37,Terra Alta,430228,Batea,8.75,10.34,8,19.09,bks7-dkfd
2019-06-24T00:00:00.000,11,Baix Llobregat,083015,Viladecans,0,0.6442,0,0.6442,bks7-dkfd
2019-06-24T00:00:00.000,21,Maresme,080403,Canet de Mar,0.006,0,0,0.006,bks7-dkfd
2019-06-24T00:00:00.000,02,Alt Empordà,172229,Vilaür,0.011,0,0,0.011,bks7-dkfd
2019-06-24T00:00:00.000,41,Vallès Oriental,081810,"Roca del Vallès, la",0,0.006,0,0.006,bks7-dkfd
2019-06-24T00:00:00.000,04,Alt Urgell,251497,Oliana,0,0.0005,0,0.0005,bks7-dkfd
2019-06-24T00:00:00.000,32,Segarra,250557,Biosca,1.41,2.45,15.53,3.86,bks7-dkfd
2019-06-25T00:00:00.000,34,Selva,170950,Lloret de Mar,1.86,0,0,1.86,bks7-dkfd
2019-06-25T00:00:00.000,20,Gironès,170890,Llagostera,0.0125,0,0,0.0125,bks7-dkfd
2019-06-26T00:00:00.000,31,Ripollès,170433,Queralbs,0.0769,0,0,0.0769,bks7-dkfd
2019-06-26T00:00:00.000,30,Ribera d'Ebre,431520,"Torre de l'Espanyol, la",1778.87,2502.64,1799.81,4281.51,bks7-dkfd
2019-06-26T00:00:00.000,33,Segrià,251207,Lleida,0.57,0,0,0.57,bks7-dkfd
2019-06-26T00:00:00.000,33,Segrià,251207,Lleida,0.9,0,0,0.9,bks7-dkfd
2019-06-26T00:00:00.000,41,Vallès Oriental,081363,Montornès del Vallès,0,0.275,0,0.275,bks7-dkfd
2019-06-27T00:00:00.000,31,Ripollès,170366,Campdevànol,0.185,0,0,0.185,bks7-dkfd
2019-06-27T00:00:00.000,40,Vallès Occidental,082384,Sant Quirze del Vallès,0.0004,0,0,0.0004,bks7-dkfd
2019-06-27T00:00:00.000,23,Noguera,250352,"Sentiu de Sió, la",0,0.13,0,0.13,bks7-dkfd
2019-06-27T00:00:00.000,06,Anoia,081653,"Pobla de Claramunt, la",0.81,0,0,0.81,bks7-dkfd
2019-06-27T00:00:00.000,37,Terra Alta,430483,Corbera d'Ebre,0.98,3.51,0.04,4.49,bks7-dkfd
2019-06-28T00:00:00.000,07,Bages,081402,Navarcles,0.015,0,0,0.015,bks7-dkfd
2019-06-28T00:00:00.000,12,Baix Penedès,430901,"Montmell, el",0.78,1.19,0.97,1.97,bks7-dkfd
2019-06-28T00:00:00.000,38,Urgell,252385,Vallbona de les Monges,0,0.2751,0,0.2751,bks7-dkfd
2019-06-29T00:00:00.000,10,Baix Empordà,171609,Sant Feliu de Guíxols,0.005,0,0,0.005,bks7-dkfd
2019-06-29T00:00:00.000,10,Baix Empordà,171175,Palafrugell,0.0072,0,0.01,0.0072,bks7-dkfd
2019-06-29T00:00:00.000,40,Vallès Occidental,081878,Sabadell,0,0.31,0,0.31,bks7-dkfd
2019-06-29T00:00:00.000,13,Barcelonès,082457,Santa Coloma de Gramenet,0,0.144,0,0.144,bks7-dkfd
2019-06-29T00:00:00.000,02,Alt Empordà,170926,Llançà,0.04,0,0,0.04,bks7-dkfd
2019-06-30T00:00:00.000,10,Baix Empordà,170486,Castell-Platja d'Aro,0,0.02,0,0.02,bks7-dkfd
2019-06-30T00:00:00.000,32,Segarra,252167,Talavera,4.85,5.7,45.38,10.55,bks7-dkfd
2019-06-30T00:00:00.000,23,Noguera,251121,Ivars de Noguera,0.24,2.47,0.02,2.71,bks7-dkfd
2019-06-30T00:00:00.000,19,Garrotxa,171621,Sant Ferriol,0,0.13,0,0.13,bks7-dkfd
2019-06-30T00:00:00.000,32,Segarra,259078,Torrefeta i Florejacs,0.41,0.15,14.17,0.56,bks7-dkfd
2019-06-30T00:00:00.000,02,Alt Empordà,170926,Llançà,0.048,0,0,0.048,bks7-dkfd
2019-07-01T00:00:00.000,40,Vallès Occidental,081252,Montcada i Reixac,0,0.0012,0,0.0012,bks7-dkfd
2019-07-01T00:00:00.000,11,Baix Llobregat,080765,Esparreguera,0,0.0127,0,0.0127,bks7-dkfd
2019-07-01T00:00:00.000,23,Noguera,250349,Artesa de Segre,0.184,0,0,0.184,bks7-dkfd
2019-07-02T00:00:00.000,36,Tarragonès,431482,Tarragona,0.14,0,0,0.14,bks7-dkfd
2019-07-03T00:00:00.000,10,Baix Empordà,170221,"Bisbal d'Empordà, la",0.42,0,2.61,0.42,bks7-dkfd
2019-07-03T00:00:00.000,07,Bages,080478,Cardona,0.003,0,0,0.003,bks7-dkfd
2019-07-03T00:00:00.000,14,Berguedà,081304,Montclar,0.002,0,0,0.002,bks7-dkfd
2019-07-04T00:00:00.000,30,Ribera d'Ebre,430846,Miravet,0.07,0,0,0.07,bks7-dkfd
2019-07-04T00:00:00.000,33,Segrià,250334,Artesa de Lleida,0,1.13,0.63,1.13,bks7-dkfd
2019-07-04T00:00:00.000,14,Berguedà,080240,Borredà,0.425,0,0,0.425,bks7-dkfd
2019-07-04T00:00:00.000,20,Gironès,170792,Girona,0.002,0,0,0.002,bks7-dkfd
2019-07-04T00:00:00.000,11,Baix Llobregat,080898,Gavà,0,0.001,0,0.001,bks7-dkfd
2019-07-04T00:00:00.000,33,Segrià,251207,Lleida,0.05,0,0,0.05,bks7-dkfd
2019-07-04T00:00:00.000,41,Vallès Oriental,081081,Lliçà de Vall,0,0.05,0,0.05,bks7-dkfd
2019-07-04T00:00:00.000,22,Montsià,430445,"Sénia, la",0,1.1,0.34,1.1,bks7-dkfd
2019-07-05T00:00:00.000,11,Baix Llobregat,081141,Martorell,0.0498,0,0,0.0498,bks7-dkfd
2019-07-05T00:00:00.000,09,Baix Ebre,430069,Aldover,0.1361,0,0.1684,0.1361,bks7-dkfd
2019-07-05T00:00:00.000,10,Baix Empordà,172327,Vilopriu,0.18,0,0,0.18,bks7-dkfd
2019-07-05T00:00:00.000,19,Garrotxa,171833,Sant Aniol de Finestres,0.026,0,0,0.026,bks7-dkfd
2019-07-05T00:00:00.000,33,Segrià,250117,Alcarràs,0.6,0,0,0.6,bks7-dkfd
2019-07-05T00:00:00.000,26,Pallars Sobirà,251235,Lladorre,0.0001,0.01,0,0.0101,bks7-dkfd
2019-07-05T00:00:00.000,06,Anoia,081653,"Pobla de Claramunt, la",0,0.284,0,0.284,bks7-dkfd
2019-07-05T00:00:00.000,10,Baix Empordà,170767,Garrigoles,0.15,0,0,0.15,bks7-dkfd
2019-07-06T00:00:00.000,11,Baix Llobregat,082896,Torrelles de Llobregat,0,0.0001,0,0.0001,bks7-dkfd
2019-07-06T00:00:00.000,07,Bages,081786,Rajadell,0.73,5.35,9.96,6.08,bks7-dkfd
2019-07-06T00:00:00.000,35,Solsonès,250642,Castellar de la Ribera,0.51,0,0,0.51,bks7-dkfd
2019-07-06T00:00:00.000,28,Pla de l'Estany,170583,Crespià,0.1,0,0,0.1,bks7-dkfd
2019-07-06T00:00:00.000,16,Conca de Barberà,431423,Sarral,0.0004,0,0,0.0004,bks7-dkfd
2019-07-06T00:00:00.000,06,Anoia,082573,Santa Maria de Miralles,0.004,0,0,0.004,bks7-dkfd
2019-07-06T00:00:00.000,01,Alt Camp,431205,Querol,0.02,0,0,0.02,bks7-dkfd
2019-07-06T00:00:00.000,41,Vallès Oriental,082592,Santa Maria de Palautordera,0.014,0,0,0.014,bks7-dkfd
2019-07-07T00:00:00.000,41,Vallès Oriental,082592,Santa Maria de Palautordera,0.0001,0,0,0.0001,bks7-dkfd
2019-07-07T00:00:00.000,06,Anoia,080082,Argençola,0.085,0,0,0.085,bks7-dkfd
2019-07-07T00:00:00.000,05,Alta Ribagorça,250432,"Vall de Boí, la",0,0.05,0,0.05,bks7-dkfd
2019-07-07T00:00:00.000,24,Osona,082016,Sant Boi de Lluçanès,0.52,0,2.46,0.52,bks7-dkfd
2019-07-07T00:00:00.000,02,Alt Empordà,171714,Sant Llorenç de la Muga,0.1,0,0,0.1,bks7-dkfd
2019-07-08T00:00:00.000,35,Solsonès,251462,Navès,0.0066,0,0,0.0066,bks7-dkfd
2019-07-08T00:00:00.000,11,Baix Llobregat,082956,Vallirana,0,0.015,0,0.015,bks7-dkfd
2019-07-08T00:00:00.000,07,Bages,080847,Fonollosa,0.0015,0,0,0.0015,bks7-dkfd
2019-07-08T00:00:00.000,01,Alt Camp,430363,Cabra del Camp,0,0.0005,0,0.0005,bks7-dkfd
2019-07-08T00:00:00.000,35,Solsonès,251240,Lladurs,0.0045,0,0,0.0045,bks7-dkfd
2019-07-08T00:00:00.000,16,Conca de Barberà,431439,Savallà del Comtat,0.02,0,0,0.02,bks7-dkfd
2019-07-09T00:00:00.000,36,Tarragonès,431482,Tarragona,0.03,0,0.095,0.03,bks7-dkfd
2019-07-10T00:00:00.000,10,Baix Empordà,171306,"Pera, la",0,0.01,0,0.01,bks7-dkfd
2019-07-10T00:00:00.000,29,Priorat,431153,Pradell de la Teixeta,0.05,0.186,0,0.236,bks7-dkfd
2019-07-11T00:00:00.000,36,Tarragonès,431359,Salomó,0.246,0.1054,0,0.3514,bks7-dkfd
2019-07-12T00:00:00.000,10,Baix Empordà,171306,"Pera, la",0,0.012,0,0.012,bks7-dkfd
2019-07-13T00:00:00.000,07,Bages,080121,Avinyó,0.1727,0,0,0.1727,bks7-dkfd
2019-07-14T00:00:00.000,03,Alt Penedès,080919,Gelida,0.0137,0,0,0.0137,bks7-dkfd
2019-07-14T00:00:00.000,30,Ribera d'Ebre,430939,Móra d'Ebre,0.046,0,0,0.046,bks7-dkfd
2019-07-14T00:00:00.000,40,Vallès Occidental,081252,Montcada i Reixac,0,0.17,0,0.17,bks7-dkfd
2019-07-15T00:00:00.000,21,Maresme,081108,Malgrat de Mar,0.06,0,0,0.06,bks7-dkfd
2019-07-16T00:00:00.000,04,Alt Urgell,250447,Bassella,0.19,0.08,0.07,0.27,bks7-dkfd
2019-07-16T00:00:00.000,08,Baix Camp,431457,"Selva del Camp, la",0,1.33,2.55,1.33,bks7-dkfd
2019-07-17T00:00:00.000,21,Maresme,082845,Tordera,0,0.08,0,0.08,bks7-dkfd
2019-07-17T00:00:00.000,10,Baix Empordà,170767,Garrigoles,0.025,0,0,0.025,bks7-dkfd
2019-07-17T00:00:00.000,40,Vallès Occidental,081252,Montcada i Reixac,0.071,0,0,0.071,bks7-dkfd
2019-07-17T00:00:00.000,11,Baix Llobregat,080898,Gavà,0.3436,0.1,0,0.4436,bks7-dkfd
2019-07-17T00:00:00.000,09,Baix Ebre,431554,Tortosa,0.05,0,0,0.05,bks7-dkfd
2019-07-18T00:00:00.000,36,Tarragonès,430430,"Catllar, el",0.371,0.159,0,0.53,bks7-dkfd
2019-07-18T00:00:00.000,16,Conca de Barberà,430213,Barberà de la Conca,0,0.1,0.17,0.1,bks7-dkfd
2019-07-18T00:00:00.000,36,Tarragonès,430509,Creixell,0,1.25,0.94,1.25,bks7-dkfd
2019-07-18T00:00:00.000,40,Vallès Occidental,082665,Cerdanyola del Vallès,0.0085,0,0,0.0085,bks7-dkfd
2019-07-19T00:00:00.000,20,Gironès,170792,Girona,0.0112,0,0,0.0112,bks7-dkfd
2019-07-19T00:00:00.000,07,Bages,082129,Sant Feliu Sasserra,0.015,0,0,0.015,bks7-dkfd
2019-07-19T00:00:00.000,28,Pla de l'Estany,172180,Vilademuls,0.005,0,0.69,0.005,bks7-dkfd
2019-07-20T00:00:00.000,23,Noguera,250352,"Sentiu de Sió, la",0,0.41,0.13,0.41,bks7-dkfd
2019-07-20T00:00:00.000,36,Tarragonès,431482,Tarragona,0.45,0,0,0.45,bks7-dkfd
2019-07-21T00:00:00.000,03,Alt Penedès,082401,Sant Sadurní d'Anoia,0.05,0,0,0.05,bks7-dkfd
2019-07-21T00:00:00.000,20,Gironès,170675,Flaçà,0.016,0,0.224,0.016,bks7-dkfd
2019-07-23T00:00:00.000,20,Gironès,170675,Flaçà,0.07,0,0,0.07,bks7-dkfd
2019-07-23T00:00:00.000,11,Baix Llobregat,083015,Viladecans,0.0298,0,0,0.0298,bks7-dkfd
2019-07-23T00:00:00.000,34,Selva,171030,Maçanet de la Selva,0.8,0,0,0.8,bks7-dkfd
2019-07-24T00:00:00.000,06,Anoia,080446,Capellades,51.54,4.41,0.15,55.95,bks7-dkfd
2019-07-24T00:00:00.000,07,Bages,081918,Sallent,0.057,0.053,0,0.11,bks7-dkfd
2019-07-25T00:00:00.000,41,Vallès Oriental,081810,"Roca del Vallès, la",0.0015,0,0,0.0015,bks7-dkfd
2019-07-25T00:00:00.000,40,Vallès Occidental,081252,Montcada i Reixac,0.018,0,0,0.018,bks7-dkfd
2019-07-25T00:00:00.000,06,Anoia,081614,Piera,0,0.007,0,0.007,bks7-dkfd
2019-07-26T00:00:00.000,08,Baix Camp,431188,Pratdip,0.07,0,0,0.07,bks7-dkfd
2019-07-26T00:00:00.000,37,Terra Alta,431068,"Pinell de Brai, el",0.06,0,0,0.06,bks7-dkfd
2019-07-26T00:00:00.000,37,Terra Alta,430640,Gandesa,0.0015,0,0,0.0015,bks7-dkfd
2019-07-26T00:00:00.000,02,Alt Empordà,171714,Sant Llorenç de la Muga,0.0002,0,0,0.0002,bks7-dkfd
2019-07-26T00:00:00.000,11,Baix Llobregat,082009,Sant Boi de Llobregat,0,0.007,0,0.007,bks7-dkfd
2019-07-26T00:00:00.000,10,Baix Empordà,172116,Verges,0.03,0,0,0.03,bks7-dkfd
2019-07-26T00:00:00.000,37,Terra Alta,430326,Bot,0.039,0,0,0.039,bks7-dkfd
2019-07-27T00:00:00.000,41,Vallès Oriental,081081,Lliçà de Vall,0.0004,0,0,0.0004,bks7-dkfd
2019-07-27T00:00:00.000,02,Alt Empordà,170773,Garriguella,0.002,0,0,0.002,bks7-dkfd
2019-07-28T00:00:00.000,14,Berguedà,081326,Montmajor,0.0015,0,0,0.0015,bks7-dkfd
2019-07-28T00:00:00.000,40,Vallès Occidental,082798,Terrassa,0,0.02,0,0.02,bks7-dkfd
2019-07-28T00:00:00.000,24,Osona,082785,Taradell,0.04,0,0,0.04,bks7-dkfd
2019-07-29T00:00:00.000,19,Garrotxa,171143,Olot,0.05,0.05,0,0.1,bks7-dkfd
2019-07-29T00:00:00.000,23,Noguera,250693,Castelló de Farfanya,0.17,0.41,16.29,0.58,bks7-dkfd
2019-07-29T00:00:00.000,03,Alt Penedès,083054,Vilafranca del Penedès,0,0.015,0,0.015,bks7-dkfd
2019-07-31T00:00:00.000,20,Gironès,171557,Salt,0,0.022,0,0.022,bks7-dkfd
2019-07-31T00:00:00.000,33,Segrià,250208,Almatret,0.0943,0,0,0.0943,bks7-dkfd
2019-07-31T00:00:00.000,40,Vallès Occidental,081252,Montcada i Reixac,0.01,0,0,0.01,bks7-dkfd
2019-08-01T00:00:00.000,02,Alt Empordà,171194,Palau de Santa Eulàlia,0.05,0,0.95,0.05,bks7-dkfd
2019-08-01T00:00:00.000,08,Baix Camp,431457,"Selva del Camp, la",0,0.18,0,0.18,bks7-dkfd
2019-08-01T00:00:00.000,06,Anoia,082861,"Torre de Claramunt, la",0.272,0,0,0.272,bks7-dkfd
2019-08-02T00:00:00.000,16,Conca de Barberà,431726,Vilaverd,0,0.08,0.01,0.08,bks7-dkfd
2019-08-02T00:00:00.000,13,Barcelonès,082457,Santa Coloma de Gramenet,0,0.012,0,0.012,bks7-dkfd
2019-08-02T00:00:00.000,08,Baix Camp,431628,Vandellòs i l'Hospitalet de l'Infant,0.73,0.2,2.14,0.93,bks7-dkfd
2019-08-03T00:00:00.000,02,Alt Empordà,171870,"Saus, Camallera i Llampaies",0,0.008,0,0.008,bks7-dkfd
2019-08-03T00:00:00.000,36,Tarragonès,431482,Tarragona,0.008,0,0,0.008,bks7-dkfd
2019-08-04T00:00:00.000,06,Anoia,083020,Vilanova del Camí,0,0.0015,0,0.0015,bks7-dkfd
2019-08-04T00:00:00.000,33,Segrià,252265,Torrebesses,0.03,0,0,0.03,bks7-dkfd
2019-08-04T00:00:00.000,40,Vallès Occidental,081252,Montcada i Reixac,0,0.015,0,0.015,bks7-dkfd
2019-08-04T00:00:00.000,11,Baix Llobregat,080667,Castellví de Rosanes,0.15,0.02,0.4,0.17,bks7-dkfd
2019-08-05T00:00:00.000,10,Baix Empordà,172327,Vilopriu,1.33,0.25,3.32,1.58,bks7-dkfd
2019-08-06T00:00:00.000,10,Baix Empordà,171609,Sant Feliu de Guíxols,0.0015,0,0,0.0015,bks7-dkfd
2019-08-07T00:00:00.000,41,Vallès Oriental,082021,Sant Celoni,0.0001,0,0,0.0001,bks7-dkfd
2019-08-07T00:00:00.000,02,Alt Empordà,170643,Espolla,0.1408,0,0,0.1408,bks7-dkfd
2019-08-07T00:00:00.000,40,Vallès Occidental,082665,Cerdanyola del Vallès,0,0.0025,0,0.0025,bks7-dkfd
2019-08-07T00:00:00.000,35,Solsonès,252075,Solsona,0.0015,0,0,0.0015,bks7-dkfd
2019-08-08T00:00:00.000,10,Baix Empordà,172327,Vilopriu,0.0015,0,0,0.0015,bks7-dkfd
2019-08-08T00:00:00.000,02,Alt Empordà,172229,Vilaür,0.03,0,0,0.03,bks7-dkfd
2019-08-08T00:00:00.000,10,Baix Empordà,172327,Vilopriu,0.01,0,0,0.01,bks7-dkfd
2019-08-08T00:00:00.000,10,Baix Empordà,172327,Vilopriu,0.005,0,0,0.005,bks7-dkfd
2019-08-08T00:00:00.000,36,Tarragonès,431009,"Pallaresos, els",0,0.9671,0,0.9671,bks7-dkfd
2019-08-09T00:00:00.000,12,Baix Penedès,430022,Albinyana,0.0756,0.0504,0,0.126,bks7-dkfd
2019-08-10T00:00:00.000,41,Vallès Oriental,081810,"Roca del Vallès, la",0.0025,0,0,0.0025,bks7-dkfd
2019-08-11T00:00:00.000,06,Anoia,082861,"Torre de Claramunt, la",0.186,0,0,0.186,bks7-dkfd
2019-08-11T00:00:00.000,11,Baix Llobregat,081234,Molins de Rei,0.008,0,0,0.008,bks7-dkfd
2019-08-12T00:00:00.000,28,Pla de l'Estany,172180,Vilademuls,0.003,0,0,0.003,bks7-dkfd
2019-08-12T00:00:00.000,16,Conca de Barberà,431016,Passanant i Belltall,3.37,0,0,3.37,bks7-dkfd
2019-08-12T00:00:00.000,02,Alt Empordà,171404,"Port de la Selva, el",0,0.009,0,0.009,bks7-dkfd
2019-08-12T00:00:00.000,02,Alt Empordà,170600,Darnius,0.019,0,0,0.019,bks7-dkfd
2019-08-13T00:00:00.000,17,Garraf,082310,Sant Pere de Ribes,0.018,0,0,0.018,bks7-dkfd
2019-08-13T00:00:00.000,11,Baix Llobregat,080207,Begues,0.015,0,0,0.015,bks7-dkfd
2019-08-13T00:00:00.000,20,Gironès,170209,Bescanó,0.02,0,0,0.02,bks7-dkfd
2019-08-13T00:00:00.000,34,Selva,171805,Santa Coloma de Farners,0.002,0,0,0.002,bks7-dkfd
2019-08-13T00:00:00.000,23,Noguera,251348,Menàrguens,0,0.6,0,0.6,bks7-dkfd
2019-08-14T00:00:00.000,02,Alt Empordà,172229,Vilaür,0.1,0,0,0.1,bks7-dkfd
2019-08-14T00:00:00.000,01,Alt Camp,431205,Querol,0.22,0.2,0.1,0.42,bks7-dkfd
2019-08-18T00:00:00.000,07,Bages,080594,Castellfollit del Boix,0.0045,0,0,0.0045,bks7-dkfd
2019-08-21T00:00:00.000,20,Gironès,170792,Girona,0.002,0,0,0.002,bks7-dkfd
2019-08-21T00:00:00.000,10,Baix Empordà,172327,Vilopriu,0.37,0.06,0,0.43,bks7-dkfd
2019-08-22T00:00:00.000,35,Solsonès,252075,Solsona,0.12,0,0,0.12,bks7-dkfd
2019-08-22T00:00:00.000,02,Alt Empordà,171870,"Saus, Camallera i Llampaies",0.027,0,0,0.027,bks7-dkfd
2019-08-24T00:00:00.000,02,Alt Empordà,171870,"Saus, Camallera i Llampaies",0.16,0,0,0.16,bks7-dkfd
2019-08-24T00:00:00.000,02,Alt Empordà,171788,Sant Pere Pescador,0,0.35,0,0.35,bks7-dkfd
2019-08-24T00:00:00.000,02,Alt Empordà,172229,Vilaür,0.21,0,0,0.21,bks7-dkfd
2019-08-26T00:00:00.000,02,Alt Empordà,171870,"Saus, Camallera i Llampaies",0.008,0,0,0.008,bks7-dkfd
2019-08-26T00:00:00.000,36,Tarragonès,431482,Tarragona,0.49,0,0,0.49,bks7-dkfd
2019-08-27T00:00:00.000,09,Baix Ebre,430136,"Ametlla de Mar, l'",0.0015,0,0,0.0015,bks7-dkfd
2019-08-28T00:00:00.000,37,Terra Alta,431172,Prat de Comte,0.015,0,0,0.015,bks7-dkfd
2019-08-30T00:00:00.000,23,Noguera,250024,Àger,0,0.003,0,0.003,bks7-dkfd
2019-08-30T00:00:00.000,11,Baix Llobregat,083015,Viladecans,0,0.008,0,0.008,bks7-dkfd
2019-08-30T00:00:00.000,23,Noguera,250349,Artesa de Segre,0,1.62,0.55,1.62,bks7-dkfd
2019-08-30T00:00:00.000,11,Baix Llobregat,083015,Viladecans,0,0.03,0,0.03,bks7-dkfd
2019-08-31T00:00:00.000,36,Tarragonès,431482,Tarragona,0.28,0,0,0.28,bks7-dkfd
2019-08-31T00:00:00.000,37,Terra Alta,430419,Caseres,1.32,0,1.85,1.32,bks7-dkfd
2019-08-31T00:00:00.000,32,Segarra,251327,Massoteres,0.46,0,7.63,0.46,bks7-dkfd
2019-09-02T00:00:00.000,08,Baix Camp,431628,Vandellòs i l'Hospitalet de l'Infant,0,0.91,0,0.91,bks7-dkfd
2019-09-03T00:00:00.000,02,Alt Empordà,170329,Cadaqués,0,0.0015,0,0.0015,bks7-dkfd
2019-09-03T00:00:00.000,40,Vallès Occidental,080517,Castellar del Vallès,0.04,0,0,0.04,bks7-dkfd
2019-09-04T00:00:00.000,02,Alt Empordà,170754,Garrigàs,0.23,0.03,0.39,0.26,bks7-dkfd
2019-09-04T00:00:00.000,35,Solsonès,251667,Pinell de Solsonès,0.3545,0,0.517,0.3545,bks7-dkfd
2019-09-04T00:00:00.000,06,Anoia,080364,Calonge de Segarra,0,0.04,0,0.04,bks7-dkfd
2019-09-05T00:00:00.000,02,Alt Empordà,171024,Maçanet de Cabrenys,0.25,0.25,0,0.5,bks7-dkfd
2019-09-06T00:00:00.000,09,Baix Ebre,431331,Roquetes,0,0.0122,0,0.0122,bks7-dkfd
2019-09-07T00:00:00.000,11,Baix Llobregat,080765,Esparreguera,0,0.025,0,0.025,bks7-dkfd
2019-09-07T00:00:00.000,18,Garrigues,250735,Cervià de les Garrigues,0.83,0.98,0.11,1.81,bks7-dkfd
2019-09-08T00:00:00.000,26,Pallars Sobirà,259031,"Guingueta d'Àneu, la",2.38,9.44,0,11.82,bks7-dkfd
2019-09-10T00:00:00.000,08,Baix Camp,430038,"Albiol, l'",0,0.015,0,0.015,bks7-dkfd
2019-09-10T00:00:00.000,23,Noguera,252496,Vilanova de l'Aguda,0,0.009,0,0.009,bks7-dkfd
2019-09-10T00:00:00.000,22,Montsià,430043,Alcanar,0,0.1,0,0.1,bks7-dkfd
2019-09-11T00:00:00.000,07,Bages,081918,Sallent,0.01,0,0,0.01,bks7-dkfd
2019-09-12T00:00:00.000,21,Maresme,080095,Argentona,0.003,0,0,0.003,bks7-dkfd
2019-09-13T00:00:00.000,06,Anoia,083020,Vilanova del Camí,0,0.0034,0,0.0034,bks7-dkfd
2019-09-14T00:00:00.000,38,Urgell,250740,Ciutadilla,0,0.05,0,0.05,bks7-dkfd
2019-09-14T00:00:00.000,02,Alt Empordà,171870,"Saus, Camallera i Llampaies",0.025,0,0,0.025,bks7-dkfd
2019-09-14T00:00:00.000,14,Berguedà,080522,Castellar de n'Hug,0.012,0,0,0.012,bks7-dkfd
2019-09-15T00:00:00.000,10,Baix Empordà,172327,Vilopriu,0.001,0,0,0.001,bks7-dkfd
2019-09-15T00:00:00.000,10,Baix Empordà,172327,Vilopriu,0.0003,0,0,0.0003,bks7-dkfd
2019-09-15T00:00:00.000,10,Baix Empordà,172327,Vilopriu,0.0045,0,0,0.0045,bks7-dkfd
2019-09-17T00:00:00.000,06,Anoia,083020,Vilanova del Camí,0.0079,0,0,0.0079,bks7-dkfd
2019-09-18T00:00:00.000,07,Bages,080023,Aguilar de Segarra,0,0.05,0,0.05,bks7-dkfd
2019-09-18T00:00:00.000,23,Noguera,250349,Artesa de Segre,0,0.28,0,0.28,bks7-dkfd
2019-09-19T00:00:00.000,11,Baix Llobregat,083015,Viladecans,0,0.1,0,0.1,bks7-dkfd
2019-09-19T00:00:00.000,29,Priorat,430496,Cornudella de Montsant,0,0.0365,0,0.0365,bks7-dkfd
2019-09-19T00:00:00.000,20,Gironès,171668,Sant Jordi Desvalls,0.0025,0,0,0.0025,bks7-dkfd
2019-09-20T00:00:00.000,14,Berguedà,081751,Puig-reig,0.077,0,0,0.077,bks7-dkfd
2019-09-20T00:00:00.000,06,Anoia,083020,Vilanova del Camí,0.164,0,0,0.164,bks7-dkfd
2019-09-20T00:00:00.000,06,Anoia,083020,Vilanova del Camí,0.0922,0,0,0.0922,bks7-dkfd
2019-09-22T00:00:00.000,01,Alt Camp,430017,Aiguamúrcia,0.0001,0,0,0.0001,bks7-dkfd
2019-09-25T00:00:00.000,16,Conca de Barberà,430862,Montblanc,0,0.06,0,0.06,bks7-dkfd
2019-09-26T00:00:00.000,23,Noguera,250791,Cubells,0.05,0,0.34,0.05,bks7-dkfd
2019-10-01T00:00:00.000,06,Anoia,083020,Vilanova del Camí,0.0008,0,0,0.0008,bks7-dkfd
2019-10-05T00:00:00.000,23,Noguera,250404,Balaguer,0,0.39,2.43,0.39,bks7-dkfd
2019-10-05T00:00:00.000,04,Alt Urgell,251556,Organyà,0,0.1,0.02,0.1,bks7-dkfd
2019-10-06T00:00:00.000,42,Moianès,081385,Moià,0.02,0,0,0.02,bks7-dkfd
2019-10-07T00:00:00.000,34,Selva,170097,Arbúcies,0.0002,0,0,0.0002,bks7-dkfd
2019-10-07T00:00:00.000,07,Bages,081419,Navàs,0.007,0,0,0.007,bks7-dkfd
2019-10-09T00:00:00.000,15,Cerdanya,170828,Guils de Cerdanya,0,0.004,0,0.004,bks7-dkfd
2019-10-10T00:00:00.000,40,Vallès Occidental,082233,Sant Llorenç Savall,0.0297,0,0,0.0297,bks7-dkfd
2019-10-10T00:00:00.000,41,Vallès Oriental,081810,"Roca del Vallès, la",0.015,0,0,0.015,bks7-dkfd
2019-10-12T00:00:00.000,14,Berguedà,081751,Puig-reig,0.056,0.034,0,0.09,bks7-dkfd
2019-10-15T00:00:00.000,40,Vallès Occidental,081252,Montcada i Reixac,0,0.005,0,0.005,bks7-dkfd
2019-10-16T00:00:00.000,27,Pla d'Urgell,252304,Torregrossa,0,0.205,0.0123,0.205,bks7-dkfd
2019-10-16T00:00:00.000,34,Selva,170078,Amer,1.12,0,0,1.12,bks7-dkfd
2019-10-16T00:00:00.000,02,Alt Empordà,170643,Espolla,0.03,0,0.12,0.03,bks7-dkfd
2019-10-18T00:00:00.000,28,Pla de l'Estany,171371,Porqueres,0.06,0,0,0.06,bks7-dkfd
2019-10-25T00:00:00.000,37,Terra Alta,430568,"Fatarella, la",0.0001,0,0,0.0001,bks7-dkfd
2019-11-03T00:00:00.000,41,Vallès Oriental,082021,Sant Celoni,0.01,0,0,0.01,bks7-dkfd
2019-11-03T00:00:00.000,41,Vallès Oriental,082021,Sant Celoni,0,0.01,0,0.01,bks7-dkfd
2019-11-11T00:00:00.000,40,Vallès Occidental,081252,Montcada i Reixac,0,0.08,0,0.08,bks7-dkfd
2019-11-13T00:00:00.000,03,Alt Penedès,082270,Sant Martí Sarroca,0,0.02,0,0.02,bks7-dkfd
2019-11-19T00:00:00.000,25,Pallars Jussà,252154,Talarn,0,0.0936,0,0.0936,bks7-dkfd
2019-11-27T00:00:00.000,16,Conca de Barberà,430862,Montblanc,0,0.08,0.1,0.08,bks7-dkfd
2019-12-09T00:00:00.000,36,Tarragonès,431310,Roda de Berà,0.7,0,0,0.7,bks7-dkfd
2019-12-11T00:00:00.000,41,Vallès Oriental,081363,Montornès del Vallès,0,0.65,0,0.65,bks7-dkfd
2019-12-13T00:00:00.000,09,Baix Ebre,430081,Alfara de Carles,0,0.0064,0,0.0064,bks7-dkfd
2019-12-15T00:00:00.000,13,Barcelonès,082457,Santa Coloma de Gramenet,0,0.005,0,0.005,bks7-dkfd
2019-12-15T00:00:00.000,29,Priorat,431140,Porrera,0,0.001,0,0.001,bks7-dkfd
2020-01-01T00:00:00.000,03,Alt Penedès,080919,Gelida,0,0.0009,0,0.0009,bks7-dkfd
2020-01-03T00:00:00.000,24,Osona,089019,Rupit i Pruit,0.011,0,0,0.011,bks7-dkfd
2020-01-04T00:00:00.000,05,Alta Ribagorça,251734,"Pont de Suert, el",0,0.006,0,0.006,bks7-dkfd
2020-01-07T00:00:00.000,13,Barcelonès,080193,Barcelona,0,1.09,0,1.09,bks7-dkfd
2020-01-09T00:00:00.000,34,Selva,170335,Caldes de Malavella,0.0035,0,0,0.0035,bks7-dkfd
2020-01-10T00:00:00.000,31,Ripollès,170911,Llanars,0,0.1,0,0.1,bks7-dkfd
2020-01-14T00:00:00.000,24,Osona,080266,"Brull, el",0,0.126,0,0.126,bks7-dkfd
2020-01-15T00:00:00.000,09,Baix Ebre,431554,Tortosa,0,1.04,0,1.04,bks7-dkfd
2020-01-18T00:00:00.000,16,Conca de Barberà,430862,Montblanc,0,0.4,0,0.4,bks7-dkfd
2020-01-19T00:00:00.000,25,Pallars Jussà,252154,Talarn,0,0.19,0,0.19,bks7-dkfd
2020-02-03T00:00:00.000,11,Baix Llobregat,083015,Viladecans,0,0.0001,0,0.0001,bks7-dkfd
2020-02-03T00:00:00.000,32,Segarra,250557,Biosca,0,0.25,0,0.25,bks7-dkfd
2020-02-04T00:00:00.000,04,Alt Urgell,259101,Josa i Tuixén,0,0.15,0,0.15,bks7-dkfd
2020-02-04T00:00:00.000,22,Montsià,430141,Amposta,0,1.7,0,1.7,bks7-dkfd
2020-02-05T00:00:00.000,15,Cerdanya,250518,Bellver de Cerdanya,0,1.25,0.04,1.25,bks7-dkfd
2020-02-10T00:00:00.000,33,Segrià,251207,Lleida,0.153,0,0,0.153,bks7-dkfd
2020-02-13T00:00:00.000,37,Terra Alta,430640,Gandesa,0,0.3,0,0.3,bks7-dkfd
2020-02-19T00:00:00.000,17,Garraf,080749,Cubelles,0,0.1,0,0.1,bks7-dkfd
2020-02-22T00:00:00.000,26,Pallars Sobirà,251832,Rialp,0,0.75,0,0.75,bks7-dkfd
2020-02-23T00:00:00.000,12,Baix Penedès,430516,Cunit,0.0025,0,0,0.0025,bks7-dkfd
2020-02-24T00:00:00.000,19,Garrotxa,171616,Sant Feliu de Pallerols,0,0.01,0,0.01,bks7-dkfd
2020-02-24T00:00:00.000,15,Cerdanya,250518,Bellver de Cerdanya,0,0.0002,0.0001,0.0002,bks7-dkfd
2020-02-26T00:00:00.000,07,Bages,082129,Sant Feliu Sasserra,0.116,0,0,0.116,bks7-dkfd
2020-02-26T00:00:00.000,23,Noguera,250024,Àger,0.7,0,0,0.7,bks7-dkfd
2020-02-27T00:00:00.000,15,Cerdanya,170694,Fontanals de Cerdanya,0.001,0,0.015,0.001,bks7-dkfd
2020-02-28T00:00:00.000,33,Segrià,251207,Lleida,0,0.08,0,0.08,bks7-dkfd
2020-02-28T00:00:00.000,07,Bages,080121,Avinyó,0,0.001,0,0.001,bks7-dkfd
2020-02-29T00:00:00.000,11,Baix Llobregat,083015,Viladecans,0,0.0629,0,0.0629,bks7-dkfd
2020-02-29T00:00:00.000,17,Garraf,083073,Vilanova i la Geltrú,0,0.002,0,0.002,bks7-dkfd
2020-02-29T00:00:00.000,03,Alt Penedès,082883,Torrelles de Foix,0,0.02,0.3,0.02,bks7-dkfd
2020-03-01T00:00:00.000,03,Alt Penedès,082270,Sant Martí Sarroca,0,0.1,0,0.1,bks7-dkfd
2020-03-01T00:00:00.000,15,Cerdanya,251272,Lles de Cerdanya,0,0.0002,0,0.0002,bks7-dkfd
2020-03-04T00:00:00.000,09,Baix Ebre,431554,Tortosa,0.0265,0,0,0.0265,bks7-dkfd
2020-03-05T00:00:00.000,33,Segrià,251207,Lleida,0.02,0,0.03,0.02,bks7-dkfd
2020-03-06T00:00:00.000,33,Segrià,251207,Lleida,0.34,0.18,0.03,0.52,bks7-dkfd
2020-03-10T00:00:00.000,33,Segrià,251207,Lleida,0.08,0,0,0.08,bks7-dkfd
2020-03-10T00:00:00.000,03,Alt Penedès,080137,Avinyonet del Penedès,0,0.14,0,0.14,bks7-dkfd
2020-03-11T00:00:00.000,20,Gironès,170675,Flaçà,0.0001,0,0,0.0001,bks7-dkfd
2020-03-11T00:00:00.000,16,Conca de Barberà,431303,Rocafort de Queralt,0,0.003,0,0.003,bks7-dkfd
2020-03-11T00:00:00.000,33,Segrià,250788,Corbins,0.17,0.3,0,0.47,bks7-dkfd
2020-03-11T00:00:00.000,26,Pallars Sobirà,259010,Vall de Cardós,1.9,3.61,0,5.51,bks7-dkfd
2020-03-11T00:00:00.000,02,Alt Empordà,171352,Pont de Molins,0.08,0,0,0.08,bks7-dkfd
2020-03-12T00:00:00.000,24,Osona,081516,Oristà,0,0.045,0,0.045,bks7-dkfd
2020-03-12T00:00:00.000,04,Alt Urgell,251403,Montferrer i Castellbò,0,4.08,0,4.08,bks7-dkfd
2020-03-13T00:00:00.000,12,Baix Penedès,431634,"Vendrell, el",0,0.22,0,0.22,bks7-dkfd
2020-03-21T00:00:00.000,26,Pallars Sobirà,259031,"Guingueta d'Àneu, la",0.14,2.44,0,2.58,bks7-dkfd
2020-03-21T00:00:00.000,26,Pallars Sobirà,250827,Espot,0,0.35,0,0.35,bks7-dkfd
2020-04-09T00:00:00.000,33,Segrià,252043,Seròs,0.03,0,0,0.03,bks7-dkfd
2020-04-09T00:00:00.000,34,Selva,170335,Caldes de Malavella,0.007,0,0,0.007,bks7-dkfd
2020-04-09T00:00:00.000,34,Selva,170335,Caldes de Malavella,0.005,0,0,0.005,bks7-dkfd
2020-04-10T00:00:00.000,07,Bages,080386,Callús,0.091,0,0.192,0.091,bks7-dkfd
2020-04-15T00:00:00.000,32,Segarra,250557,Biosca,0,0.016,0,0.016,bks7-dkfd
2020-04-16T00:00:00.000,33,Segrià,251312,Massalcoreig,0.05,0.33,0,0.38,bks7-dkfd
2020-04-18T00:00:00.000,36,Tarragonès,431310,Roda de Berà,0,0.0002,0,0.0002,bks7-dkfd
2020-04-18T00:00:00.000,09,Baix Ebre,431554,Tortosa,0,0.02,0,0.02,bks7-dkfd
2020-05-06T00:00:00.000,03,Alt Penedès,080919,Gelida,0,0.04,0,0.04,bks7-dkfd
2020-05-07T00:00:00.000,41,Vallès Oriental,082482,Santa Eulàlia de Ronçana,0,0.0015,0,0.0015,bks7-dkfd
2020-05-07T00:00:00.000,41,Vallès Oriental,080057,"Ametlla del Vallès, l'",0,0.005,0,0.005,bks7-dkfd
2020-05-08T00:00:00.000,41,Vallès Oriental,080235,Bigues i Riells,0.15,0,0.03,0.15,bks7-dkfd
2020-05-08T00:00:00.000,11,Baix Llobregat,080765,Esparreguera,0,0.04,0,0.04,bks7-dkfd
2020-05-16T00:00:00.000,16,Conca de Barberà,431763,Vimbodí i Poblet,0.0006,0,0,0.0006,bks7-dkfd
2020-05-20T00:00:00.000,20,Gironès,170792,Girona,0.0015,0,0,0.0015,bks7-dkfd
2020-05-21T00:00:00.000,20,Gironès,171557,Salt,0,0.013,0,0.013,bks7-dkfd
2020-05-22T00:00:00.000,40,Vallès Occidental,080517,Castellar del Vallès,0.0078,0,0,0.0078,bks7-dkfd
2020-05-22T00:00:00.000,35,Solsonès,251636,"Coma i la Pedra, la",0.273,0,0,0.273,bks7-dkfd
2020-05-23T00:00:00.000,17,Garraf,083073,Vilanova i la Geltrú,0,0.09,2.63,0.09,bks7-dkfd
2020-05-23T00:00:00.000,41,Vallès Oriental,080235,Bigues i Riells,0.002,0,0,0.002,bks7-dkfd
2020-05-24T00:00:00.000,02,Alt Empordà,170160,Bàscara,0.004,0,0,0.004,bks7-dkfd
2020-05-24T00:00:00.000,11,Baix Llobregat,080898,Gavà,0,0.0004,0,0.0004,bks7-dkfd
2020-05-24T00:00:00.000,20,Gironès,170890,Llagostera,0.024,0,0,0.024,bks7-dkfd
2020-05-26T00:00:00.000,06,Anoia,080713,Copons,0.001,0,0,0.001,bks7-dkfd
2020-05-26T00:00:00.000,34,Selva,170335,Caldes de Malavella,0.11,0,0,0.11,bks7-dkfd
2020-05-28T00:00:00.000,03,Alt Penedès,081461,Olesa de Bonesvalls,0,0.006,0,0.006,bks7-dkfd
2020-05-29T00:00:00.000,23,Noguera,251569,Os de Balaguer,0.03,0.94,4.23,0.97,bks7-dkfd
2020-05-31T00:00:00.000,10,Baix Empordà,171181,Palamós,0.028,0,0,0.028,bks7-dkfd
2020-06-05T00:00:00.000,16,Conca de Barberà,430862,Montblanc,0.04,0,0,0.04,bks7-dkfd
2020-06-09T00:00:00.000,36,Tarragonès,431114,"Pobla de Montornès, la",0,0.29,0,0.29,bks7-dkfd
2020-06-12T00:00:00.000,33,Segrià,250387,Aitona,0.47,1.98,5.4,2.45,bks7-dkfd
2020-06-14T00:00:00.000,33,Segrià,251207,Lleida,0.5,0,0,0.5,bks7-dkfd
2020-06-15T00:00:00.000,33,Segrià,251207,Lleida,0.29,0,0.54,0.29,bks7-dkfd
2020-06-21T00:00:00.000,09,Baix Ebre,430136,"Ametlla de Mar, l'",0,0.02,1.62,0.02,bks7-dkfd
2020-06-22T00:00:00.000,02,Alt Empordà,171024,Maçanet de Cabrenys,0,0.002,0,0.002,bks7-dkfd
2020-06-24T00:00:00.000,25,Pallars Jussà,250984,Gavet de la Conca,0,0.52,6.42,0.52,bks7-dkfd
2020-06-24T00:00:00.000,40,Vallès Occidental,081846,Rubí,0,0.02,0,0.02,bks7-dkfd
2020-06-26T00:00:00.000,09,Baix Ebre,431554,Tortosa,0,0.057,0,0.057,bks7-dkfd
2020-06-26T00:00:00.000,38,Urgell,250030,Agramunt,1.22,0.12,3.5,1.34,bks7-dkfd
2020-06-26T00:00:00.000,12,Baix Penedès,431634,"Vendrell, el",0.012,0,0,0.012,bks7-dkfd
2020-06-28T00:00:00.000,26,Pallars Sobirà,252094,Sort,0,0.0002,0,0.0002,bks7-dkfd
2020-06-28T00:00:00.000,11,Baix Llobregat,082212,Sant Just Desvern,0,0.0335,0,0.0335,bks7-dkfd
2020-06-28T00:00:00.000,18,Garrigues,251692,"Pobla de Cérvoles, la",0.04,0,0,0.04,bks7-dkfd
2020-07-01T00:00:00.000,40,Vallès Occidental,081878,Sabadell,0,0.015,0.065,0.015,bks7-dkfd
2020-07-02T00:00:00.000,33,Segrià,251207,Lleida,0,0.11,0,0.11,bks7-dkfd
2020-07-03T00:00:00.000,02,Alt Empordà,170926,Llançà,0.33,3.2,0,3.53,bks7-dkfd
2020-07-04T00:00:00.000,40,Vallès Occidental,082798,Terrassa,0.002,0,0,0.002,bks7-dkfd
2020-07-06T00:00:00.000,14,Berguedà,082994,Vilada,0.006,0.024,0,0.03,bks7-dkfd
2020-07-06T00:00:00.000,04,Alt Urgell,259097,"Vansa i Fórnols, la",0,0.005,0,0.005,bks7-dkfd
2020-07-08T00:00:00.000,13,Barcelonès,082457,Santa Coloma de Gramenet,0,0.0017,0,0.0017,bks7-dkfd
2020-07-08T00:00:00.000,23,Noguera,250024,Àger,0,0.007,0,0.007,bks7-dkfd
2020-07-08T00:00:00.000,20,Gironès,170792,Girona,0,0.007,0,0.007,bks7-dkfd
2020-07-08T00:00:00.000,20,Gironès,170890,Llagostera,0,0.11,0,0.11,bks7-dkfd
2020-07-08T00:00:00.000,20,Gironès,170890,Llagostera,0.1,0.05,1.22,0.15,bks7-dkfd
2020-07-10T00:00:00.000,38,Urgell,259025,Sant Martí de Riucorb,0,0.17,0,0.17,bks7-dkfd
2020-07-10T00:00:00.000,16,Conca de Barberà,431726,Vilaverd,0.0005,0,0,0.0005,bks7-dkfd
2020-07-10T00:00:00.000,41,Vallès Oriental,081363,Montornès del Vallès,0,0.06,0,0.06,bks7-dkfd
2020-07-11T00:00:00.000,36,Tarragonès,431310,Roda de Berà,0.2,0.88,0.09,1.08,bks7-dkfd
2020-07-12T00:00:00.000,32,Segarra,251919,Sanaüja,0,1.71,1.47,1.71,bks7-dkfd
2020-07-12T00:00:00.000,23,Noguera,250791,Cubells,0,0.08,0.27,0.08,bks7-dkfd
2020-07-12T00:00:00.000,41,Vallès Oriental,080863,"Franqueses del Vallès, les",0.005,0,0,0.005,bks7-dkfd
2020-07-13T00:00:00.000,02,Alt Empordà,171870,"Saus, Camallera i Llampaies",0.1,0,2.73,0.1,bks7-dkfd
2020-07-13T00:00:00.000,34,Selva,172333,Vilobí d'Onyar,0.18,0,0,0.18,bks7-dkfd
2020-07-15T00:00:00.000,17,Garraf,082704,Sitges,0.02,0,0,0.02,bks7-dkfd
2020-07-15T00:00:00.000,09,Baix Ebre,430136,"Ametlla de Mar, l'",0.01,0,0.8,0.01,bks7-dkfd
2020-07-16T00:00:00.000,22,Montsià,430445,"Sénia, la",0,1.6,0,1.6,bks7-dkfd
2020-07-16T00:00:00.000,03,Alt Penedès,081688,Pontons,0,0.008,0,0.008,bks7-dkfd
2020-07-16T00:00:00.000,16,Conca de Barberà,430542,"Espluga de Francolí, l'",0,0.79,0.93,0.79,bks7-dkfd
2020-07-16T00:00:00.000,17,Garraf,082704,Sitges,0.0024,0,0,0.0024,bks7-dkfd
2020-07-17T00:00:00.000,21,Maresme,082359,Sant Pol de Mar,0,0.001,0,0.001,bks7-dkfd
2020-07-17T00:00:00.000,21,Maresme,080291,Cabrera de Mar,0,0.003,0,0.003,bks7-dkfd
2020-07-17T00:00:00.000,08,Baix Camp,430115,Almoster,0,0.23,1.38,0.23,bks7-dkfd
2020-07-18T00:00:00.000,40,Vallès Occidental,081252,Montcada i Reixac,0,0.0009,0,0.0009,bks7-dkfd
2020-07-20T00:00:00.000,24,Osona,082690,Seva,0,0.0001,0,0.0001,bks7-dkfd
2020-07-20T00:00:00.000,10,Baix Empordà,170486,Castell-Platja d'Aro,0,0.05,0.12,0.05,bks7-dkfd
2020-07-20T00:00:00.000,26,Pallars Sobirà,250390,Baix Pallars,0,0.01,0,0.01,bks7-dkfd
2020-07-21T00:00:00.000,40,Vallès Occidental,081252,Montcada i Reixac,0,0.012,0,0.012,bks7-dkfd
2020-07-22T00:00:00.000,23,Noguera,250791,Cubells,0.36,0,2.08,0.36,bks7-dkfd
2020-07-23T00:00:00.000,06,Anoia,080446,Capellades,0,0.0008,0,0.0008,bks7-dkfd
2020-07-23T00:00:00.000,11,Baix Llobregat,082634,Sant Vicenç dels Horts,0,0.276,0.184,0.276,bks7-dkfd
2020-07-23T00:00:00.000,12,Baix Penedès,430901,"Montmell, el",0.151,0,0,0.151,bks7-dkfd
2020-07-24T00:00:00.000,21,Maresme,081265,Montgat,0,0.2678,0,0.2678,bks7-dkfd
2020-07-24T00:00:00.000,33,Segrià,251207,Lleida,0.025,0,0,0.025,bks7-dkfd
2020-07-24T00:00:00.000,10,Baix Empordà,170340,Calonge i Sant Antoni,0.02,0,0.18,0.02,bks7-dkfd
2020-07-24T00:00:00.000,06,Anoia,082861,"Torre de Claramunt, la",0.6491,0,0,0.6491,bks7-dkfd
2020-07-25T00:00:00.000,21,Maresme,080095,Argentona,0,0.01,0,0.01,bks7-dkfd
2020-07-25T00:00:00.000,09,Baix Ebre,430252,Benifallet,0.095,0,0,0.095,bks7-dkfd
2020-07-26T00:00:00.000,32,Segarra,259078,Torrefeta i Florejacs,0,0.05,1.34,0.05,bks7-dkfd
2020-07-26T00:00:00.000,13,Barcelonès,080193,Barcelona,0.0003,0,0,0.0003,bks7-dkfd
2020-07-26T00:00:00.000,41,Vallès Oriental,081363,Montornès del Vallès,0,0.04,0,0.04,bks7-dkfd
2020-07-27T00:00:00.000,33,Segrià,251207,Lleida,0,0.108,0,0.108,bks7-dkfd
2020-07-27T00:00:00.000,06,Anoia,080446,Capellades,0,0.003,0,0.003,bks7-dkfd
2020-07-28T00:00:00.000,24,Osona,082690,Seva,0.0008,0,0,0.0008,bks7-dkfd
2020-07-29T00:00:00.000,18,Garrigues,250061,"Albagés, l'",0,1.0295,0,1.0295,bks7-dkfd
2020-07-29T00:00:00.000,01,Alt Camp,430017,Aiguamúrcia,0,0.02,0.23,0.02,bks7-dkfd
2020-07-30T00:00:00.000,09,Baix Ebre,430136,"Ametlla de Mar, l'",0,0.35,0,0.35,bks7-dkfd
2020-07-31T00:00:00.000,36,Tarragonès,431536,Torredembarra,0.006,0,0,0.006,bks7-dkfd
2020-07-31T00:00:00.000,03,Alt Penedès,082877,Torrelavit,0,0.1,0,0.1,bks7-dkfd
2020-07-31T00:00:00.000,23,Noguera,250621,Camarasa,0,0.28,1.82,0.28,bks7-dkfd
2020-07-31T00:00:00.000,20,Gironès,170448,Cassà de la Selva,0.004,0.0037,0,0.0077,bks7-dkfd
2020-07-31T00:00:00.000,11,Baix Llobregat,080898,Gavà,0.001,0.049,0,0.05,bks7-dkfd
2020-08-01T00:00:00.000,08,Baix Camp,430094,Alforja,0.09,0.16,0.06,0.25,bks7-dkfd
2020-08-01T00:00:00.000,04,Alt Urgell,251850,Ribera d'Urgellet,0,0.0176,0.0112,0.0176,bks7-dkfd
2020-08-01T00:00:00.000,25,Pallars Jussà,252271,"Torre de Cabdella, la",0,0.07,0,0.07,bks7-dkfd
2020-08-02T00:00:00.000,40,Vallès Occidental,082233,Sant Llorenç Savall,0.35,0,0,0.35,bks7-dkfd
2020-08-03T00:00:00.000,17,Garraf,082310,Sant Pere de Ribes,0.0008,0,0,0.0008,bks7-dkfd
2020-08-03T00:00:00.000,08,Baix Camp,430537,Duesaigües,0,0.009,0,0.009,bks7-dkfd
2020-08-03T00:00:00.000,22,Montsià,430141,Amposta,0.6,4.01,1.06,4.61,bks7-dkfd
2020-08-03T00:00:00.000,03,Alt Penedès,082495,Santa Fe del Penedès,0,0.008,0,0.008,bks7-dkfd
2020-08-04T00:00:00.000,09,Baix Ebre,431331,Roquetes,0,0.12,0,0.12,bks7-dkfd
2020-08-05T00:00:00.000,10,Baix Empordà,179026,Forallac,0.02,0,0.5,0.02,bks7-dkfd
2020-08-05T00:00:00.000,37,Terra Alta,430568,"Fatarella, la",0.129,0,0,0.129,bks7-dkfd
2020-08-05T00:00:00.000,11,Baix Llobregat,080667,Castellví de Rosanes,0.012,0,0,0.012,bks7-dkfd
2020-08-05T00:00:00.000,10,Baix Empordà,171609,Sant Feliu de Guíxols,0.2168,0.1,0.2298,0.3168,bks7-dkfd
2020-08-05T00:00:00.000,11,Baix Llobregat,081234,Molins de Rei,0.0005,0,0,0.0005,bks7-dkfd
2020-08-06T00:00:00.000,33,Segrià,250117,Alcarràs,0,0.57,0.52,0.57,bks7-dkfd
2020-08-06T00:00:00.000,41,Vallès Oriental,082107,Sant Feliu de Codines,0.08,0,0,0.08,bks7-dkfd
2020-08-07T00:00:00.000,23,Noguera,250609,Cabanabona,0,0.049,0.294,0.049,bks7-dkfd
2020-08-08T00:00:00.000,13,Barcelonès,080193,Barcelona,0,0.09,0,0.09,bks7-dkfd
2020-08-08T00:00:00.000,23,Noguera,250404,Balaguer,0,0.4,0.1,0.4,bks7-dkfd
2020-08-09T00:00:00.000,04,Alt Urgell,251403,Montferrer i Castellbò,0.0001,0,0,0.0001,bks7-dkfd
2020-08-09T00:00:00.000,39,Val d'Aran,252430,Vielha e Mijaran,0.02,0,0,0.02,bks7-dkfd
2020-08-10T00:00:00.000,30,Ribera d'Ebre,431251,Riba-roja d'Ebre,0,0.0028,0,0.0028,bks7-dkfd
2020-08-10T00:00:00.000,30,Ribera d'Ebre,431779,Vinebre,0.0009,0,0,0.0009,bks7-dkfd
2020-08-10T00:00:00.000,30,Ribera d'Ebre,430846,Miravet,0,0.0027,0,0.0027,bks7-dkfd
2020-08-10T00:00:00.000,41,Vallès Oriental,081056,"Llagosta, la",0,0.02,0.1,0.02,bks7-dkfd
2020-08-10T00:00:00.000,17,Garraf,083073,Vilanova i la Geltrú,0,0.004,0,0.004,bks7-dkfd
2020-08-10T00:00:00.000,11,Baix Llobregat,080765,Esparreguera,0,0.12,0,0.12,bks7-dkfd
2020-08-10T00:00:00.000,41,Vallès Oriental,081081,Lliçà de Vall,0.04,0.2,0,0.24,bks7-dkfd
2020-08-10T00:00:00.000,37,Terra Alta,431172,Prat de Comte,0.095,0,0,0.095,bks7-dkfd
2020-08-11T00:00:00.000,06,Anoia,082861,"Torre de Claramunt, la",0.0008,0,0,0.0008,bks7-dkfd
2020-08-11T00:00:00.000,23,Noguera,251728,Ponts,0.09,0,0.02,0.09,bks7-dkfd
2020-08-11T00:00:00.000,39,Val d'Aran,250254,Naut Aran,0.002,0,0,0.002,bks7-dkfd
2020-08-12T00:00:00.000,22,Montsià,430688,Godall,0,0.0008,0,0.0008,bks7-dkfd
2020-08-12T00:00:00.000,09,Baix Ebre,431042,"Perelló, el",0.0011,0,0,0.0011,bks7-dkfd
2020-08-13T00:00:00.000,16,Conca de Barberà,431476,Solivella,0,0.14,0.53,0.14,bks7-dkfd
2020-08-13T00:00:00.000,07,Bages,081271,Monistrol de Montserrat,0,0.89,0,0.89,bks7-dkfd
2020-08-16T00:00:00.000,40,Vallès Occidental,082055,Sant Cugat del Vallès,0.0045,0,0,0.0045,bks7-dkfd
2020-08-17T00:00:00.000,07,Bages,080620,Castellnou de Bages,0,0.0001,0,0.0001,bks7-dkfd
2020-08-17T00:00:00.000,33,Segrià,251207,Lleida,0,0.52,0.29,0.52,bks7-dkfd
2020-08-17T00:00:00.000,07,Bages,080620,Castellnou de Bages,0.001,0,0,0.001,bks7-dkfd
2020-08-18T00:00:00.000,23,Noguera,250083,Albesa,0,0.66,0,0.66,bks7-dkfd
2020-08-18T00:00:00.000,34,Selva,171030,Maçanet de la Selva,0.01,0,0,0.01,bks7-dkfd
2020-08-19T00:00:00.000,34,Selva,170335,Caldes de Malavella,6.81,4.77,0.19,11.58,bks7-dkfd
2020-08-19T00:00:00.000,03,Alt Penedès,082401,Sant Sadurní d'Anoia,0,0.03,0.17,0.03,bks7-dkfd
2020-08-19T00:00:00.000,04,Alt Urgell,259084,Fígols i Alinyà,0.008,0,0,0.008,bks7-dkfd
2020-08-20T00:00:00.000,06,Anoia,081653,"Pobla de Claramunt, la",0.25,0.27,0,0.52,bks7-dkfd
2020-08-21T00:00:00.000,14,Berguedà,081424,"Nou de Berguedà, la",0.0036,0,0,0.0036,bks7-dkfd
2020-08-21T00:00:00.000,25,Pallars Jussà,252347,Tremp,0,0.001,0,0.001,bks7-dkfd
2020-08-21T00:00:00.000,35,Solsonès,251240,Lladurs,0,0.265,0,0.265,bks7-dkfd
2020-08-22T00:00:00.000,41,Vallès Oriental,081810,"Roca del Vallès, la",0,0.001,0,0.001,bks7-dkfd
2020-08-22T00:00:00.000,37,Terra Alta,430568,"Fatarella, la",0,0.0601,0,0.0601,bks7-dkfd
2020-08-23T00:00:00.000,19,Garrotxa,170216,Beuda,0,0.0005,0,0.0005,bks7-dkfd
2020-08-23T00:00:00.000,40,Vallès Occidental,080543,Castellbisbal,0,0.17,0,0.17,bks7-dkfd
2020-08-23T00:00:00.000,11,Baix Llobregat,081234,Molins de Rei,0.005,0,0,0.005,bks7-dkfd
2020-08-23T00:00:00.000,36,Tarragonès,431482,Tarragona,0.044,0,0,0.044,bks7-dkfd
2020-08-23T00:00:00.000,10,Baix Empordà,179011,"Cruïlles, Monells i Sant Sadurní de l'Heura",0.01,0,0,0.01,bks7-dkfd
2020-08-25T00:00:00.000,03,Alt Penedès,082401,Sant Sadurní d'Anoia,0.36,0,0.38,0.36,bks7-dkfd
2020-08-25T00:00:00.000,23,Noguera,251500,Oliola,0.09,0.71,0.27,0.8,bks7-dkfd
2020-08-25T00:00:00.000,22,Montsià,430141,Amposta,0,0.89,0,0.89,bks7-dkfd
2020-08-25T00:00:00.000,38,Urgell,250463,Belianes,0,0.2,7.33,0.2,bks7-dkfd
2020-08-26T00:00:00.000,04,Alt Urgell,250772,Coll de Nargó,0.22,0,1.13,0.22,bks7-dkfd
2020-08-26T00:00:00.000,34,Selva,171931,Sils,0.015,0,0,0.015,bks7-dkfd
2020-08-28T00:00:00.000,13,Barcelonès,080193,Barcelona,0.01,0,0,0.01,bks7-dkfd
2020-08-30T00:00:00.000,30,Ribera d'Ebre,431520,"Torre de l'Espanyol, la",0.002,0,0,0.002,bks7-dkfd
2020-09-01T00:00:00.000,27,Pla d'Urgell,252521,Vila-sana,0,0.157,0.194,0.157,bks7-dkfd
2020-09-02T00:00:00.000,09,Baix Ebre,439044,"Aldea, l'",0,0.15,0,0.15,bks7-dkfd
2020-09-04T00:00:00.000,41,Vallès Oriental,082107,Sant Feliu de Codines,0,0.0001,0,0.0001,bks7-dkfd
2020-09-04T00:00:00.000,13,Barcelonès,080193,Barcelona,0.005,0,0,0.005,bks7-dkfd
2020-09-06T00:00:00.000,01,Alt Camp,430056,Alcover,0,0.0038,0,0.0038,bks7-dkfd
2020-09-06T00:00:00.000,06,Anoia,080446,Capellades,0,0.13,0,0.13,bks7-dkfd
2020-09-06T00:00:00.000,40,Vallès Occidental,082798,Terrassa,0,0.01,0,0.01,bks7-dkfd
2020-09-06T00:00:00.000,04,Alt Urgell,259101,Josa i Tuixén,0,0.002,0,0.002,bks7-dkfd
2020-09-07T00:00:00.000,30,Ribera d'Ebre,431508,Tivissa,0.05,0,0,0.05,bks7-dkfd
2020-09-08T00:00:00.000,14,Berguedà,080168,Bagà,0,0.003,0,0.003,bks7-dkfd
2020-09-08T00:00:00.000,08,Baix Camp,430094,Alforja,0,0.125,0,0.125,bks7-dkfd
2020-09-08T00:00:00.000,16,Conca de Barberà,431055,"Piles, les",0.04,0,0,0.04,bks7-dkfd
2020-09-12T00:00:00.000,42,Moianès,081385,Moià,0,0.15,0,0.15,bks7-dkfd
2020-09-12T00:00:00.000,36,Tarragonès,431482,Tarragona,0.0154,0,0,0.0154,bks7-dkfd
2020-09-13T00:00:00.000,40,Vallès Occidental,081878,Sabadell,0,0.01,0,0.01,bks7-dkfd
2020-09-15T00:00:00.000,32,Segarra,250729,Cervera,0,2.41,6.26,2.41,bks7-dkfd
2020-09-15T00:00:00.000,37,Terra Alta,430228,Batea,0.04,0,0.014,0.04,bks7-dkfd
2020-09-16T00:00:00.000,02,Alt Empordà,171788,Sant Pere Pescador,0,0.06,0,0.06,bks7-dkfd
2020-09-17T00:00:00.000,03,Alt Penedès,082515,Santa Margarida i els Monjos,0.07,0,0,0.07,bks7-dkfd
2020-09-21T00:00:00.000,30,Ribera d'Ebre,430192,Ascó,0,0.45,0.28,0.45,bks7-dkfd
2020-09-25T00:00:00.000,09,Baix Ebre,430252,Benifallet,0.3193,0,0.19,0.3193,bks7-dkfd
2020-09-25T00:00:00.000,11,Baix Llobregat,082634,Sant Vicenç dels Horts,0,0.012,0,0.012,bks7-dkfd
2020-09-26T00:00:00.000,09,Baix Ebre,431554,Tortosa,0.096,0.42,1.26,0.516,bks7-dkfd
2020-09-26T00:00:00.000,41,Vallès Oriental,080333,Caldes de Montbui,0.0075,0,0,0.0075,bks7-dkfd
2020-09-27T00:00:00.000,34,Selva,171030,Maçanet de la Selva,0.0015,0,0,0.0015,bks7-dkfd
2020-09-27T00:00:00.000,30,Ribera d'Ebre,431520,"Torre de l'Espanyol, la",0.74,1.91,0,2.65,bks7-dkfd
2020-09-28T00:00:00.000,09,Baix Ebre,430136,"Ametlla de Mar, l'",0,0.015,0,0.015,bks7-dkfd
2020-09-29T00:00:00.000,29,Priorat,430960,"Morera de Montsant, la",0,0.0568,0,0.0568,bks7-dkfd
2020-10-08T00:00:00.000,28,Pla de l'Estany,171236,Palol de Revardit,0,0.001,0,0.001,bks7-dkfd
2020-10-08T00:00:00.000,03,Alt Penedès,080272,"Cabanyes, les",0,0.3,0,0.3,bks7-dkfd
2020-10-08T00:00:00.000,34,Selva,171805,Santa Coloma de Farners,0.02,0,0,0.02,bks7-dkfd
2020-10-09T00:00:00.000,12,Baix Penedès,431634,"Vendrell, el",0,0.08,0,0.08,bks7-dkfd
2020-10-11T00:00:00.000,33,Segrià,252115,Sudanell,0.55,1.09,2.65,1.64,bks7-dkfd
2020-10-11T00:00:00.000,16,Conca de Barberà,430461,Conesa,0.0325,0,0,0.0325,bks7-dkfd
2020-10-12T00:00:00.000,38,Urgell,252445,Vilagrassa,0,0.84,0.73,0.84,bks7-dkfd
2020-10-14T00:00:00.000,33,Segrià,250122,Alcoletge,0.2,5.5,0,5.7,bks7-dkfd
2020-10-14T00:00:00.000,09,Baix Ebre,431554,Tortosa,1.12,0.12,1.18,1.24,bks7-dkfd
2020-10-14T00:00:00.000,07,Bages,081786,Rajadell,0,0.0009,0,0.0009,bks7-dkfd
2020-10-17T00:00:00.000,23,Noguera,250371,"Avellanes i Santa Linya, les",26.2,4.7,0,30.9,bks7-dkfd
2020-10-17T00:00:00.000,23,Noguera,251728,Ponts,0.1,0,0,0.1,bks7-dkfd
2020-10-19T00:00:00.000,18,Garrigues,252249,"Torms, els",0,0.08,0.11,0.08,bks7-dkfd
2020-10-20T00:00:00.000,32,Segarra,250729,Cervera,0,0.195,0.0739,0.195,bks7-dkfd
2020-10-21T00:00:00.000,18,Garrigues,251193,Juneda,0.0286,0.544,0,0.5726,bks7-dkfd
2020-10-21T00:00:00.000,32,Segarra,259078,Torrefeta i Florejacs,0,0.142,0.422,0.142,bks7-dkfd
2020-10-21T00:00:00.000,37,Terra Alta,430228,Batea,0.1,0.1,0.52,0.2,bks7-dkfd
2020-10-21T00:00:00.000,38,Urgell,250030,Agramunt,0,0.16,0.17,0.16,bks7-dkfd
2020-10-22T00:00:00.000,09,Baix Ebre,431042,"Perelló, el",0,0.3139,0,0.3139,bks7-dkfd
2020-10-26T00:00:00.000,30,Ribera d'Ebre,431508,Tivissa,3.11,3.45,2.81,6.56,bks7-dkfd
2020-10-26T00:00:00.000,23,Noguera,251728,Ponts,0,0.05,0.41,0.05,bks7-dkfd
2020-10-27T00:00:00.000,09,Baix Ebre,431554,Tortosa,0.74,0.39,0,1.13,bks7-dkfd
2020-10-27T00:00:00.000,37,Terra Alta,430568,"Fatarella, la",0,0.103,0,0.103,bks7-dkfd
2020-10-27T00:00:00.000,18,Garrigues,250812,"Espluga Calba, l'",0,0.26,0.71,0.26,bks7-dkfd
2020-10-28T00:00:00.000,40,Vallès Occidental,080517,Castellar del Vallès,0.03,0,0,0.03,bks7-dkfd
2020-10-30T00:00:00.000,40,Vallès Occidental,080517,Castellar del Vallès,0.0025,0,0,0.0025,bks7-dkfd
2020-10-30T00:00:00.000,23,Noguera,250349,Artesa de Segre,0,0.07,2.33,0.07,bks7-dkfd
2020-10-30T00:00:00.000,08,Baix Camp,431270,Riudecanyes,0.1,1.35,0.08,1.45,bks7-dkfd
2020-10-31T00:00:00.000,32,Segarra,252167,Talavera,0.14,0,0.86,0.14,bks7-dkfd
2020-10-31T00:00:00.000,16,Conca de Barberà,431055,"Piles, les",0.0156,0,0.916,0.0156,bks7-dkfd
2020-10-31T00:00:00.000,24,Osona,081290,Muntanyola,0.14,0,0,0.14,bks7-dkfd
2020-10-31T00:00:00.000,23,Noguera,252402,Vallfogona de Balaguer,0,1.2,0.87,1.2,bks7-dkfd
2020-10-31T00:00:00.000,40,Vallès Occidental,080517,Castellar del Vallès,0.001,0,0,0.001,bks7-dkfd
2020-11-01T00:00:00.000,42,Moianès,082589,Santa Maria d'Oló,0.007,0,0.003,0.007,bks7-dkfd
2020-11-02T00:00:00.000,11,Baix Llobregat,080728,Corbera de Llobregat,0.06,0,0.02,0.06,bks7-dkfd
2020-11-03T00:00:00.000,13,Barcelonès,080193,Barcelona,0,0.306,0,0.306,bks7-dkfd
2020-11-12T00:00:00.000,16,Conca de Barberà,430542,"Espluga de Francolí, l'",0.004,0,0,0.004,bks7-dkfd
2020-11-13T00:00:00.000,36,Tarragonès,431482,Tarragona,0.0077,0,0,0.0077,bks7-dkfd
2020-11-21T00:00:00.000,38,Urgell,250501,Bellpuig,0,0.1278,0.4653,0.1278,bks7-dkfd
2020-11-22T00:00:00.000,20,Gironès,170448,Cassà de la Selva,0.018,0,0,0.018,bks7-dkfd
2020-11-23T00:00:00.000,16,Conca de Barberà,430862,Montblanc,0.01,0,0.01,0.01,bks7-dkfd
2020-11-24T00:00:00.000,25,Pallars Jussà,252347,Tremp,0,0.11,0,0.11,bks7-dkfd
2020-12-02T00:00:00.000,09,Baix Ebre,431042,"Perelló, el",0.0015,0,0,0.0015,bks7-dkfd
2020-12-09T00:00:00.000,21,Maresme,082819,Teià,0,0.6,0,0.6,bks7-dkfd
2020-12-09T00:00:00.000,09,Baix Ebre,431554,Tortosa,0,0.15,0,0.15,bks7-dkfd
2020-12-12T00:00:00.000,21,Maresme,080060,Arenys de Mar,0,0.002,0,0.002,bks7-dkfd
2020-12-13T00:00:00.000,16,Conca de Barberà,430213,Barberà de la Conca,0.01,0,0,0.01,bks7-dkfd
2020-12-22T00:00:00.000,10,Baix Empordà,171306,"Pera, la",0,0.003,0,0.003,bks7-dkfd
2020-12-26T00:00:00.000,20,Gironès,171557,Salt,0.0005,0,0,0.0005,bks7-dkfd
2021-01-01T00:00:00.000,21,Maresme,082613,Santa Susanna,0,0.0001,0,0.0001,bks7-dkfd
2021-01-03T00:00:00.000,16,Conca de Barberà,431016,Passanant i Belltall,0,0.45,0,0.45,bks7-dkfd
2021-01-03T00:00:00.000,25,Pallars Jussà,252347,Tremp,0,1.5,0.07,1.5,bks7-dkfd
2021-01-04T00:00:00.000,22,Montsià,430141,Amposta,0,0.045,0,0.045,bks7-dkfd
2021-01-05T00:00:00.000,26,Pallars Sobirà,252094,Sort,0,0.12,0,0.12,bks7-dkfd
2021-01-06T00:00:00.000,14,Berguedà,080229,Berga,0,0.002,0,0.002,bks7-dkfd
2021-01-07T00:00:00.000,03,Alt Penedès,082227,Sant Llorenç d'Hortons,0,0.03,0.02,0.03,bks7-dkfd
2021-01-14T00:00:00.000,02,Alt Empordà,171387,Portbou,0,0.005,0,0.005,bks7-dkfd
2021-01-15T00:00:00.000,11,Baix Llobregat,080734,Cornellà de Llobregat,0,0.02,0,0.02,bks7-dkfd
2021-01-16T00:00:00.000,16,Conca de Barberà,430542,"Espluga de Francolí, l'",0,0.2,0,0.2,bks7-dkfd
2021-01-16T00:00:00.000,10,Baix Empordà,171997,Torroella de Montgrí,0,0.33,0,0.33,bks7-dkfd
2021-01-17T00:00:00.000,03,Alt Penedès,082877,Torrelavit,0,0.0044,0,0.0044,bks7-dkfd
2021-01-23T00:00:00.000,40,Vallès Occidental,081672,Polinyà,0,0.006,0,0.006,bks7-dkfd
2021-01-25T00:00:00.000,02,Alt Empordà,171387,Portbou,0,0.005,0,0.005,bks7-dkfd
2021-01-26T00:00:00.000,02,Alt Empordà,170545,Colera,0,0.002,0,0.002,bks7-dkfd
2021-01-27T00:00:00.000,03,Alt Penedès,082401,Sant Sadurní d'Anoia,0,0.15,0,0.15,bks7-dkfd
2021-01-27T00:00:00.000,11,Baix Llobregat,080765,Esparreguera,0,0.005,0,0.005,bks7-dkfd
2021-01-28T00:00:00.000,24,Osona,082830,Tona,0.16,0,0,0.16,bks7-dkfd
2021-01-29T00:00:00.000,29,Priorat,430580,"Figuera, la",0.017,0,0,0.017,bks7-dkfd
2021-01-29T00:00:00.000,33,Segrià,252287,Torrefarrera,0,0.83,0,0.83,bks7-dkfd
2021-01-31T00:00:00.000,11,Baix Llobregat,080689,Cervelló,0.0001,0.0006,0,0.0007,bks7-dkfd
2021-02-01T00:00:00.000,36,Tarragonès,431482,Tarragona,0,0.0168,0,0.0168,bks7-dkfd
2021-02-01T00:00:00.000,36,Tarragonès,430477,Constantí,0,0.025,0.05,0.025,bks7-dkfd
2021-02-01T00:00:00.000,22,Montsià,430141,Amposta,0,2.11,0,2.11,bks7-dkfd
2021-02-01T00:00:00.000,36,Tarragonès,430477,Constantí,0,1.38,2.64,1.38,bks7-dkfd
2021-02-01T00:00:00.000,01,Alt Camp,431191,Puigpelat,0.12,0.5,0.65,0.62,bks7-dkfd
2021-02-01T00:00:00.000,36,Tarragonès,430477,Constantí,0,2.32,2.19,2.32,bks7-dkfd
2021-02-01T00:00:00.000,34,Selva,170950,Lloret de Mar,0.015,0,0,0.015,bks7-dkfd
2021-02-01T00:00:00.000,06,Anoia,080713,Copons,0,0.014,0,0.014,bks7-dkfd
2021-02-01T00:00:00.000,09,Baix Ebre,431554,Tortosa,0,0.85,0,0.85,bks7-dkfd
2021-02-01T00:00:00.000,01,Alt Camp,431613,Valls,0.71,2.99,0.8,3.7,bks7-dkfd
2021-02-02T00:00:00.000,22,Montsià,430141,Amposta,0.0165,0,0,0.0165,bks7-dkfd
2021-02-03T00:00:00.000,40,Vallès Occidental,081846,Rubí,0,0.4,0,0.4,bks7-dkfd
2021-02-03T00:00:00.000,34,Selva,170237,Blanes,0.01,0,0,0.01,bks7-dkfd
2021-02-03T00:00:00.000,14,Berguedà,081751,Puig-reig,0,0.0656,0.0535,0.0656,bks7-dkfd
2021-02-03T00:00:00.000,03,Alt Penedès,083054,Vilafranca del Penedès,0,0.04,0.217,0.04,bks7-dkfd
2021-02-05T00:00:00.000,24,Osona,082476,Santa Eulàlia de Riuprimer,0.22,0.2,0,0.42,bks7-dkfd
2021-02-06T00:00:00.000,32,Segarra,251327,Massoteres,0.1158,0,0,0.1158,bks7-dkfd
2021-02-12T00:00:00.000,06,Anoia,081629,"Hostalets de Pierola, els",0.006,0,0,0.006,bks7-dkfd
2021-02-17T00:00:00.000,41,Vallès Oriental,080333,Caldes de Montbui,0.15,0,0,0.15,bks7-dkfd
2021-02-17T00:00:00.000,06,Anoia,080484,Carme,0.0584,0,0,0.0584,bks7-dkfd
2021-02-18T00:00:00.000,26,Pallars Sobirà,252094,Sort,0,0.2,0.3,0.2,bks7-dkfd
2021-02-18T00:00:00.000,42,Moianès,082589,Santa Maria d'Oló,0.3,0.1,0,0.4,bks7-dkfd
2021-02-19T00:00:00.000,31,Ripollès,171450,Ribes de Freser,0.03,0,0,0.03,bks7-dkfd
2021-02-19T00:00:00.000,20,Gironès,171557,Salt,0,0.032,0,0.032,bks7-dkfd
2021-02-20T00:00:00.000,35,Solsonès,251517,Olius,0.916,0,0,0.916,bks7-dkfd
2021-02-20T00:00:00.000,20,Gironès,171557,Salt,0,0.31,0,0.31,bks7-dkfd
2021-02-20T00:00:00.000,32,Segarra,251039,Granyanella,0,1.57,0,1.57,bks7-dkfd
2021-02-20T00:00:00.000,32,Segarra,252234,Torà,0,8.93,0,8.93,bks7-dkfd
2021-02-20T00:00:00.000,15,Cerdanya,251790,Prullans,0.3,2.57,0,2.87,bks7-dkfd
2021-02-25T00:00:00.000,18,Garrigues,251018,"Granadella, la",0,0.002,0,0.002,bks7-dkfd
2021-02-27T00:00:00.000,26,Pallars Sobirà,252081,Soriguera,0,0.2,0,0.2,bks7-dkfd
2021-02-28T00:00:00.000,21,Maresme,081108,Malgrat de Mar,0.002,0,0,0.002,bks7-dkfd
2021-02-28T00:00:00.000,40,Vallès Occidental,081252,Montcada i Reixac,0,0.02,0,0.02,bks7-dkfd
2021-03-05T00:00:00.000,17,Garraf,082704,Sitges,0.51,0,0,0.51,bks7-dkfd
2021-03-05T00:00:00.000,06,Anoia,081430,Òdena,0.09,0,0,0.09,bks7-dkfd
2021-03-07T00:00:00.000,38,Urgell,259025,Sant Martí de Riucorb,0,0.11,0,0.11,bks7-dkfd
2021-03-11T00:00:00.000,37,Terra Alta,430483,Corbera d'Ebre,0,0.252,0,0.252,bks7-dkfd
2021-03-12T00:00:00.000,22,Montsià,431362,Sant Carles de la Ràpita,0.0002,0,0,0.0002,bks7-dkfd
2021-03-14T00:00:00.000,40,Vallès Occidental,080517,Castellar del Vallès,0,0.1,0,0.1,bks7-dkfd
2021-03-14T00:00:00.000,07,Bages,080983,Sant Salvador de Guardiola,0.1,0.31,0,0.41,bks7-dkfd
2021-03-14T00:00:00.000,06,Anoia,081653,"Pobla de Claramunt, la",0.0236,0,0,0.0236,bks7-dkfd
2021-03-14T00:00:00.000,03,Alt Penedès,082270,Sant Martí Sarroca,0,0.003,0,0.003,bks7-dkfd
2021-03-16T00:00:00.000,36,Tarragonès,430976,"Nou de Gaià, la",0.0016,0,0,0.0016,bks7-dkfd
2021-03-18T00:00:00.000,14,Berguedà,081666,"Pobla de Lillet, la",0.14,0,0,0.14,bks7-dkfd
2021-03-18T00:00:00.000,16,Conca de Barberà,430290,Blancafort,0.15,0,0,0.15,bks7-dkfd
2021-03-18T00:00:00.000,38,Urgell,250463,Belianes,0,0.8,0,0.8,bks7-dkfd
2021-03-20T00:00:00.000,25,Pallars Jussà,252154,Talarn,0,0.13,0,0.13,bks7-dkfd
2021-03-20T00:00:00.000,38,Urgell,251095,Guimerà,0,0.07,0,0.07,bks7-dkfd
2021-03-21T00:00:00.000,38,Urgell,250463,Belianes,0,0.0278,0,0.0278,bks7-dkfd
2021-03-21T00:00:00.000,16,Conca de Barberà,430542,"Espluga de Francolí, l'",38.13,3.33,1.81,41.46,bks7-dkfd
2021-03-21T00:00:00.000,33,Segrià,252108,Soses,0,0.2,0,0.2,bks7-dkfd
2021-03-21T00:00:00.000,05,Alta Ribagorça,251734,"Pont de Suert, el",0,0.15,0,0.15,bks7-dkfd
2021-03-22T00:00:00.000,19,Garrotxa,171143,Olot,0,0.4,0,0.4,bks7-dkfd
2021-03-22T00:00:00.000,12,Baix Penedès,430022,Albinyana,0.02,0,0,0.02,bks7-dkfd
2021-03-22T00:00:00.000,36,Tarragonès,430477,Constantí,0,2.74,0.89,2.74,bks7-dkfd
2021-03-23T00:00:00.000,01,Alt Camp,431606,Vallmoll,0,1.49,0,1.49,bks7-dkfd
2021-03-24T00:00:00.000,20,Gironès,170675,Flaçà,0.052,0,0,0.052,bks7-dkfd
2021-03-25T00:00:00.000,30,Ribera d'Ebre,430995,"Palma d'Ebre, la",0.55,0,0,0.55,bks7-dkfd
2021-03-25T00:00:00.000,34,Selva,171485,Riudarenes,0.0625,0,0,0.0625,bks7-dkfd
2021-03-27T00:00:00.000,41,Vallès Oriental,081810,"Roca del Vallès, la",0,0.01,0,0.01,bks7-dkfd
2021-03-27T00:00:00.000,35,Solsonès,251636,"Coma i la Pedra, la",0,0.0425,0,0.0425,bks7-dkfd
2021-03-28T00:00:00.000,05,Alta Ribagorça,251734,"Pont de Suert, el",0.13,0,0,0.13,bks7-dkfd
2021-03-28T00:00:00.000,40,Vallès Occidental,080879,Gallifa,0.005,0,0,0.005,bks7-dkfd
2021-03-28T00:00:00.000,12,Baix Penedès,430022,Albinyana,0.015,0,0,0.015,bks7-dkfd
2021-03-29T00:00:00.000,20,Gironès,170890,Llagostera,0.0135,0,0,0.0135,bks7-dkfd
2021-03-29T00:00:00.000,08,Baix Camp,430075,"Aleixar, l'",0.2,0,0,0.2,bks7-dkfd
2021-03-29T00:00:00.000,18,Garrigues,251018,"Granadella, la",0,0.31,0,0.31,bks7-dkfd
2021-03-29T00:00:00.000,03,Alt Penedès,082325,Sant Pere de Riudebitlles,0,0.048,0,0.048,bks7-dkfd
2021-03-29T00:00:00.000,30,Ribera d'Ebre,430846,Miravet,1.76,0,0.48,1.76,bks7-dkfd
2021-03-30T00:00:00.000,32,Segarra,259078,Torrefeta i Florejacs,0,0.045,0,0.045,bks7-dkfd
2021-03-30T00:00:00.000,25,Pallars Jussà,251615,Conca de Dalt,0.13,1.41,0.4,1.54,bks7-dkfd
2021-03-31T00:00:00.000,25,Pallars Jussà,251288,Llimiana,0.15,0,0,0.15,bks7-dkfd
2021-04-01T00:00:00.000,11,Baix Llobregat,082634,Sant Vicenç dels Horts,0,0.0045,0,0.0045,bks7-dkfd
2021-04-01T00:00:00.000,07,Bages,080983,Sant Salvador de Guardiola,0.46,0.13,0,0.59,bks7-dkfd
2021-04-01T00:00:00.000,21,Maresme,080095,Argentona,0,0.03,0,0.03,bks7-dkfd
2021-04-01T00:00:00.000,11,Baix Llobregat,082042,Sant Climent de Llobregat,0.016,0,0,0.016,bks7-dkfd
2021-04-01T00:00:00.000,11,Baix Llobregat,082444,Santa Coloma de Cervelló,0,0.0048,0,0.0048,bks7-dkfd
2021-04-01T00:00:00.000,32,Segarra,250729,Cervera,0,0.1,0,0.1,bks7-dkfd
2021-04-01T00:00:00.000,23,Noguera,251569,Os de Balaguer,0,0.33,0,0.33,bks7-dkfd
2021-04-03T00:00:00.000,20,Gironès,170904,Llambilles,0.0062,0,0,0.0062,bks7-dkfd
2021-04-03T00:00:00.000,18,Garrigues,251180,Juncosa,0,0.02,0,0.02,bks7-dkfd
2021-04-03T00:00:00.000,42,Moianès,080706,Collsuspina,0.012,0,0,0.012,bks7-dkfd
2021-04-03T00:00:00.000,05,Alta Ribagorça,251734,"Pont de Suert, el",0,0.0001,0,0.0001,bks7-dkfd
2021-04-03T00:00:00.000,13,Barcelonès,081017,"Hospitalet de Llobregat, l'",0,0.186,0,0.186,bks7-dkfd
2021-04-04T00:00:00.000,11,Baix Llobregat,082634,Sant Vicenç dels Horts,0,0.025,0,0.025,bks7-dkfd
2021-04-04T00:00:00.000,09,Baix Ebre,431554,Tortosa,0,0.1,0,0.1,bks7-dkfd
2021-04-04T00:00:00.000,40,Vallès Occidental,082798,Terrassa,0,0.0004,0,0.0004,bks7-dkfd
2021-04-05T00:00:00.000,09,Baix Ebre,430069,Aldover,0.15,0.05,0,0.2,bks7-dkfd
2021-04-05T00:00:00.000,09,Baix Ebre,431554,Tortosa,0,0.06,0,0.06,bks7-dkfd
2021-04-05T00:00:00.000,38,Urgell,251543,"Omells de na Gaia, els",0,0.2,0.1,0.2,bks7-dkfd
2021-04-05T00:00:00.000,09,Baix Ebre,431554,Tortosa,0.05,0,0.14,0.05,bks7-dkfd
2021-04-06T00:00:00.000,12,Baix Penedès,430379,Calafell,0,0.08,0,0.08,bks7-dkfd
2021-04-06T00:00:00.000,10,Baix Empordà,170340,Calonge i Sant Antoni,0.0025,0,0,0.0025,bks7-dkfd
2021-04-06T00:00:00.000,26,Pallars Sobirà,250241,Alt Àneu,0,0.13,0,0.13,bks7-dkfd
2021-04-07T00:00:00.000,15,Cerdanya,251790,Prullans,4.14,0.48,0,4.62,bks7-dkfd
2021-04-07T00:00:00.000,18,Garrigues,250061,"Albagés, l'",0,0.06,0,0.06,bks7-dkfd
2021-04-07T00:00:00.000,18,Garrigues,250061,"Albagés, l'",0,0.04,0,0.04,bks7-dkfd
2021-04-07T00:00:00.000,18,Garrigues,250061,"Albagés, l'",0,0.01,0,0.01,bks7-dkfd
2021-04-08T00:00:00.000,33,Segrià,251207,Lleida,0.24,1.45,0,1.69,bks7-dkfd
2021-04-08T00:00:00.000,21,Maresme,080752,Dosrius,0,0.005,0,0.005,bks7-dkfd
2021-04-09T00:00:00.000,02,Alt Empordà,171432,Rabós,0,0.2,0,0.2,bks7-dkfd
2021-04-09T00:00:00.000,11,Baix Llobregat,080898,Gavà,0,0.025,0,0.025,bks7-dkfd
2021-04-10T00:00:00.000,04,Alt Urgell,250306,"Pont de Bar, el",0,0.01,0,0.01,bks7-dkfd
2021-04-13T00:00:00.000,12,Baix Penedès,430379,Calafell,0.1,0,0,0.1,bks7-dkfd
2021-04-15T00:00:00.000,20,Gironès,170890,Llagostera,0,0.0004,0,0.0004,bks7-dkfd
2021-04-15T00:00:00.000,10,Baix Empordà,170486,Castell-Platja d'Aro,0.1,0,0,0.1,bks7-dkfd
2021-04-16T00:00:00.000,20,Gironès,170890,Llagostera,0,0.005,0,0.005,bks7-dkfd
2021-04-16T00:00:00.000,02,Alt Empordà,170932,Llers,0.02,0,0,0.02,bks7-dkfd
2021-04-16T00:00:00.000,20,Gironès,170890,Llagostera,0,0.0015,0,0.0015,bks7-dkfd
2021-04-17T00:00:00.000,20,Gironès,170025,Aiguaviva,0,0.0025,0,0.0025,bks7-dkfd
2021-04-18T00:00:00.000,08,Baix Camp,430923,Mont-roig del Camp,0.05,0,0.04,0.05,bks7-dkfd
2021-04-18T00:00:00.000,09,Baix Ebre,431021,Paüls,0.0112,0,0,0.0112,bks7-dkfd
2021-04-18T00:00:00.000,06,Anoia,081430,Òdena,0.0006,0,0,0.0006,bks7-dkfd
2021-04-23T00:00:00.000,09,Baix Ebre,431554,Tortosa,0,0.33,0,0.33,bks7-dkfd
2021-04-26T00:00:00.000,13,Barcelonès,080193,Barcelona,0,2.74,0,2.74,bks7-dkfd
2021-05-02T00:00:00.000,33,Segrià,250138,Alfarràs,0,1.17,0,1.17,bks7-dkfd
2021-05-05T00:00:00.000,11,Baix Llobregat,081141,Martorell,0,0.037,0,0.037,bks7-dkfd
2021-05-07T00:00:00.000,23,Noguera,250404,Balaguer,0,0.002,0.002,0.002,bks7-dkfd
2021-05-08T00:00:00.000,23,Noguera,250404,Balaguer,0.5,0,0.2,0.5,bks7-dkfd
2021-05-08T00:00:00.000,33,Segrià,251253,Llardecans,0.2,1.3,0.51,1.5,bks7-dkfd
2021-05-08T00:00:00.000,41,Vallès Oriental,081350,Montmeló,0,0.008,0,0.008,bks7-dkfd
2021-05-09T00:00:00.000,33,Segrià,251826,Puigverd de Lleida,0.1,0.1,0,0.2,bks7-dkfd
2021-05-09T00:00:00.000,13,Barcelonès,080193,Barcelona,0,0.19,0,0.19,bks7-dkfd
2021-05-10T00:00:00.000,11,Baix Llobregat,081477,Olesa de Montserrat,0,1.52,0,1.52,bks7-dkfd
2021-05-10T00:00:00.000,03,Alt Penedès,082515,Santa Margarida i els Monjos,0,0.01,0,0.01,bks7-dkfd
2021-05-11T00:00:00.000,03,Alt Penedès,082732,Subirats,0.5,0.1,0,0.6,bks7-dkfd
2021-05-11T00:00:00.000,33,Segrià,252000,Sarroca de Lleida,0,0.36,0,0.36,bks7-dkfd
2021-05-11T00:00:00.000,06,Anoia,081192,Masquefa,0.12,0,0,0.12,bks7-dkfd
2021-05-11T00:00:00.000,13,Barcelonès,082457,Santa Coloma de Gramenet,0,0.0084,0,0.0084,bks7-dkfd
2021-05-11T00:00:00.000,17,Garraf,082310,Sant Pere de Ribes,0.12,0,0,0.12,bks7-dkfd
2021-05-12T00:00:00.000,11,Baix Llobregat,081477,Olesa de Montserrat,0,0.025,0,0.025,bks7-dkfd
2021-05-12T00:00:00.000,40,Vallès Occidental,081846,Rubí,0,0.006,0,0.006,bks7-dkfd
2021-05-13T00:00:00.000,11,Baix Llobregat,080898,Gavà,0.5658,0,0,0.5658,bks7-dkfd
2021-05-14T00:00:00.000,07,Bages,081136,Manresa,0.0007,0,0,0.0007,bks7-dkfd
2021-05-14T00:00:00.000,07,Bages,082747,Súria,0.02,0,0,0.02,bks7-dkfd
2021-05-14T00:00:00.000,41,Vallès Oriental,080235,Bigues i Riells,0.043,0,0.01,0.043,bks7-dkfd
2021-05-15T00:00:00.000,07,Bages,081136,Manresa,0.005,0,0,0.005,bks7-dkfd
2021-05-15T00:00:00.000,40,Vallès Occidental,082917,Vacarisses,0,0.03,0,0.03,bks7-dkfd
2021-05-16T00:00:00.000,41,Vallès Oriental,080961,Granollers,0,0.075,0,0.075,bks7-dkfd
2021-05-16T00:00:00.000,02,Alt Empordà,170669,Figueres,0.0015,0,0,0.0015,bks7-dkfd
2021-05-16T00:00:00.000,41,Vallès Oriental,080885,"Garriga, la",0.012,0,0,0.012,bks7-dkfd
2021-05-16T00:00:00.000,41,Vallès Oriental,089024,Vilanova del Vallès,0.075,0,0,0.075,bks7-dkfd
2021-05-16T00:00:00.000,21,Maresme,080305,Cabrils,0.08,0,0,0.08,bks7-dkfd
2021-05-17T00:00:00.000,09,Baix Ebre,431554,Tortosa,0.08,0,0.65,0.08,bks7-dkfd
2021-05-17T00:00:00.000,03,Alt Penedès,082732,Subirats,0.05,0.12,0,0.17,bks7-dkfd
2021-05-18T00:00:00.000,06,Anoia,081192,Masquefa,0,0.015,0,0.015,bks7-dkfd
2021-05-18T00:00:00.000,40,Vallès Occidental,081878,Sabadell,0,0.02,0,0.02,bks7-dkfd
2021-05-18T00:00:00.000,11,Baix Llobregat,081960,Sant Andreu de la Barca,0,0.002,0,0.002,bks7-dkfd
2021-05-19T00:00:00.000,20,Gironès,172155,Vilablareix,0,0.004,0,0.004,bks7-dkfd
2021-05-19T00:00:00.000,33,Segrià,251207,Lleida,0,0.0053,0,0.0053,bks7-dkfd
2021-05-19T00:00:00.000,06,Anoia,081614,Piera,0.3,0.2,0,0.5,bks7-dkfd
2021-05-19T00:00:00.000,03,Alt Penedès,080581,Castellet i la Gornal,0.05,0,0,0.05,bks7-dkfd
2021-05-19T00:00:00.000,07,Bages,081136,Manresa,0.4,0,0.05,0.4,bks7-dkfd
2021-05-19T00:00:00.000,33,Segrià,251207,Lleida,0,0.03,0,0.03,bks7-dkfd
2021-05-19T00:00:00.000,06,Anoia,082508,Santa Margarida de Montbui,0.14,0,1.18,0.14,bks7-dkfd
2021-05-19T00:00:00.000,40,Vallès Occidental,080517,Castellar del Vallès,0,0.2,0.082,0.2,bks7-dkfd
2021-05-20T00:00:00.000,24,Osona,081831,Roda de Ter,0,0.0016,0,0.0016,bks7-dkfd
2021-05-20T00:00:00.000,40,Vallès Occidental,081878,Sabadell,0,0.006,0,0.006,bks7-dkfd
2021-05-20T00:00:00.000,23,Noguera,250404,Balaguer,0,0.66,5.9,0.66,bks7-dkfd
2021-05-21T00:00:00.000,40,Vallès Occidental,082384,Sant Quirze del Vallès,0.0001,0,0,0.0001,bks7-dkfd
2021-05-21T00:00:00.000,06,Anoia,080713,Copons,0,0.0085,0,0.0085,bks7-dkfd
2021-05-22T00:00:00.000,13,Barcelonès,082457,Santa Coloma de Gramenet,0,0.2,0,0.2,bks7-dkfd
2021-05-22T00:00:00.000,07,Bages,081271,Monistrol de Montserrat,0.003,0,0,0.003,bks7-dkfd
2021-05-22T00:00:00.000,20,Gironès,171557,Salt,0.06,0.12,0,0.18,bks7-dkfd
2021-05-22T00:00:00.000,02,Alt Empordà,170118,"Armentera, l'",0.7,0,0,0.7,bks7-dkfd
2021-05-22T00:00:00.000,40,Vallès Occidental,082917,Vacarisses,0,0.005,0,0.005,bks7-dkfd
2021-05-22T00:00:00.000,24,Osona,082981,Vic,0.001,0.004,0,0.005,bks7-dkfd
2021-05-22T00:00:00.000,35,Solsonès,251116,Guixers,0.0008,0,0,0.0008,bks7-dkfd
2021-05-23T00:00:00.000,13,Barcelonès,080193,Barcelona,0,0.375,0,0.375,bks7-dkfd
2021-05-23T00:00:00.000,24,Osona,081120,Manlleu,0,0.001,0,0.001,bks7-dkfd
2021-05-24T00:00:00.000,20,Gironès,171557,Salt,0,0.005,0,0.005,bks7-dkfd
2021-05-25T00:00:00.000,01,Alt Camp,431613,Valls,0.1,0,0,0.1,bks7-dkfd
2021-05-25T00:00:00.000,23,Noguera,250621,Camarasa,0,0.46,0.42,0.46,bks7-dkfd
2021-05-25T00:00:00.000,23,Noguera,251569,Os de Balaguer,0,0.43,1.07,0.43,bks7-dkfd
2021-05-25T00:00:00.000,40,Vallès Occidental,081878,Sabadell,0,0.026,0,0.026,bks7-dkfd
2021-05-25T00:00:00.000,41,Vallès Oriental,082592,Santa Maria de Palautordera,0,0.02,0,0.02,bks7-dkfd
2021-05-26T00:00:00.000,13,Barcelonès,080193,Barcelona,0,0.55,0,0.55,bks7-dkfd
2021-05-26T00:00:00.000,41,Vallès Oriental,081363,Montornès del Vallès,0,0.09,0,0.09,bks7-dkfd
2021-05-27T00:00:00.000,40,Vallès Occidental,081672,Polinyà,0,0.015,0,0.015,bks7-dkfd
2021-05-27T00:00:00.000,33,Segrià,251207,Lleida,0.0095,0,0,0.0095,bks7-dkfd
2021-05-27T00:00:00.000,41,Vallès Oriental,080885,"Garriga, la",0.14,0,0,0.14,bks7-dkfd
2021-05-27T00:00:00.000,20,Gironès,171557,Salt,0,0.12,0,0.12,bks7-dkfd
2021-05-28T00:00:00.000,20,Gironès,171557,Salt,0.001,0,0,0.001,bks7-dkfd
2021-05-28T00:00:00.000,40,Vallès Occidental,081568,Palau-solità i Plegamans,0.04,0,0,0.04,bks7-dkfd
2021-05-28T00:00:00.000,01,Alt Camp,430363,Cabra del Camp,0.01,0.29,0,0.3,bks7-dkfd
2021-05-28T00:00:00.000,03,Alt Penedès,082877,Torrelavit,0.61,0.42,0.08,1.03,bks7-dkfd
2021-05-29T00:00:00.000,16,Conca de Barberà,431074,Pira,0,0.16,0,0.16,bks7-dkfd
2021-05-29T00:00:00.000,40,Vallès Occidental,080517,Castellar del Vallès,0.03,0,0,0.03,bks7-dkfd
2021-05-29T00:00:00.000,37,Terra Alta,431750,Vilalba dels Arcs,0.015,0,0,0.015,bks7-dkfd
2021-05-29T00:00:00.000,18,Garrigues,250292,Arbeca,0,0.12,1.58,0.12,bks7-dkfd
2021-05-29T00:00:00.000,06,Anoia,081614,Piera,0.329,0,0,0.329,bks7-dkfd
2021-05-30T00:00:00.000,34,Selva,170950,Lloret de Mar,0.001,0,0,0.001,bks7-dkfd
2021-05-31T00:00:00.000,40,Vallès Occidental,081252,Montcada i Reixac,0,0.02,0,0.02,bks7-dkfd
2021-05-31T00:00:00.000,36,Tarragonès,431649,Vespella de Gaià,0,0.074,0,0.074,bks7-dkfd
2021-05-31T00:00:00.000,40,Vallès Occidental,082798,Terrassa,0,0.3136,0,0.3136,bks7-dkfd
2021-06-01T00:00:00.000,11,Baix Llobregat,082080,Sant Esteve Sesrovires,0,0.078,0,0.078,bks7-dkfd
2021-06-01T00:00:00.000,33,Segrià,251207,Lleida,0,0.02,0,0.02,bks7-dkfd
2021-06-01T00:00:00.000,41,Vallès Oriental,081081,Lliçà de Vall,0,0.005,0,0.005,bks7-dkfd
2021-06-02T00:00:00.000,21,Maresme,080403,Canet de Mar,0.09,0,0,0.09,bks7-dkfd
2021-06-03T00:00:00.000,18,Garrigues,251180,Juncosa,0,0.0545,0,0.0545,bks7-dkfd
2021-06-05T00:00:00.000,18,Garrigues,252069,"Soleràs, el",0,0.14,1.24,0.14,bks7-dkfd
2021-06-05T00:00:00.000,30,Ribera d'Ebre,431508,Tivissa,0.95,0,0.03,0.95,bks7-dkfd
2021-06-05T00:00:00.000,07,Bages,081419,Navàs,0,1.54,0,1.54,bks7-dkfd
2021-06-05T00:00:00.000,13,Barcelonès,080193,Barcelona,0,0.003,0,0.003,bks7-dkfd
2021-06-05T00:00:00.000,11,Baix Llobregat,080018,Abrera,0,0.1558,0.0936,0.1558,bks7-dkfd
2021-06-05T00:00:00.000,40,Vallès Occidental,082798,Terrassa,0.0006,0,0,0.0006,bks7-dkfd
2021-06-06T00:00:00.000,41,Vallès Oriental,081056,"Llagosta, la",0,0.025,0,0.025,bks7-dkfd
2021-06-06T00:00:00.000,02,Alt Empordà,170307,Cabanes,0,0.015,0.485,0.015,bks7-dkfd
2021-06-06T00:00:00.000,11,Baix Llobregat,081691,"Prat de Llobregat, el",0,0.3791,0,0.3791,bks7-dkfd
2021-06-07T00:00:00.000,33,Segrià,251207,Lleida,0,0.18,0,0.18,bks7-dkfd
2021-06-07T00:00:00.000,33,Segrià,252043,Seròs,2.12,3.57,1.16,5.69,bks7-dkfd
2021-06-07T00:00:00.000,13,Barcelonès,080193,Barcelona,0,0.004,0,0.004,bks7-dkfd
2021-06-07T00:00:00.000,01,Alt Camp,431135,"Pont d'Armentera, el",0,0.08,0,0.08,bks7-dkfd
2021-06-07T00:00:00.000,11,Baix Llobregat,081234,Molins de Rei,0.161,0,0,0.161,bks7-dkfd
2021-06-08T00:00:00.000,23,Noguera,251569,Os de Balaguer,0,1.93,0,1.93,bks7-dkfd
2021-06-08T00:00:00.000,13,Barcelonès,080193,Barcelona,0.37,11.65,0.06,12.02,bks7-dkfd
2021-06-08T00:00:00.000,09,Baix Ebre,430252,Benifallet,0.03,0,0.1,0.03,bks7-dkfd
2021-06-08T00:00:00.000,37,Terra Alta,430228,Batea,0.31,0,0.84,0.31,bks7-dkfd
2021-06-09T00:00:00.000,35,Solsonès,251517,Olius,0.002,0,0,0.002,bks7-dkfd
2021-06-10T00:00:00.000,18,Garrigues,250292,Arbeca,0,0.03,0,0.03,bks7-dkfd
2021-06-10T00:00:00.000,35,Solsonès,251863,Riner,0.011,0,0,0.011,bks7-dkfd
2021-06-10T00:00:00.000,02,Alt Empordà,170427,Capmany,1.83,1.64,3.95,3.47,bks7-dkfd
2021-06-10T00:00:00.000,33,Segrià,252043,Seròs,0.14,0.06,0.54,0.2,bks7-dkfd
2021-06-10T00:00:00.000,41,Vallès Oriental,082482,Santa Eulàlia de Ronçana,0.55,0.28,3.26,0.83,bks7-dkfd
2021-06-12T00:00:00.000,29,Priorat,430691,Gratallops,1.47,1.02,1.65,2.49,bks7-dkfd
2021-06-12T00:00:00.000,03,Alt Penedès,081688,Pontons,0.35,0,0,0.35,bks7-dkfd
2021-06-12T00:00:00.000,20,Gironès,170792,Girona,0.002,0,0,0.002,bks7-dkfd
2021-06-12T00:00:00.000,23,Noguera,250349,Artesa de Segre,0.22,1.35,0.7,1.57,bks7-dkfd
2021-06-12T00:00:00.000,40,Vallès Occidental,081252,Montcada i Reixac,0,0.007,0,0.007,bks7-dkfd
2021-06-13T00:00:00.000,40,Vallès Occidental,081672,Polinyà,0,0.0125,0,0.0125,bks7-dkfd
2021-06-13T00:00:00.000,03,Alt Penedès,082227,Sant Llorenç d'Hortons,0.38,0.38,4.15,0.76,bks7-dkfd
2021-06-13T00:00:00.000,11,Baix Llobregat,082634,Sant Vicenç dels Horts,0,0.001,0,0.001,bks7-dkfd
2021-06-13T00:00:00.000,11,Baix Llobregat,080728,Corbera de Llobregat,0,0.015,0,0.015,bks7-dkfd
2021-06-13T00:00:00.000,11,Baix Llobregat,082080,Sant Esteve Sesrovires,0.31,0,0,0.31,bks7-dkfd
2021-06-13T00:00:00.000,40,Vallès Occidental,081252,Montcada i Reixac,0,0.25,0.1,0.25,bks7-dkfd
2021-06-14T00:00:00.000,37,Terra Alta,431107,"Pobla de Massaluca, la",0.06,0.47,2,0.53,bks7-dkfd
2021-06-14T00:00:00.000,30,Ribera d'Ebre,430846,Miravet,0.01,0,0,0.01,bks7-dkfd
2021-06-14T00:00:00.000,41,Vallès Oriental,089024,Vilanova del Vallès,0,0.35,0,0.35,bks7-dkfd
2021-06-14T00:00:00.000,41,Vallès Oriental,081056,"Llagosta, la",0,0.08,0,0.08,bks7-dkfd
2021-06-14T00:00:00.000,35,Solsonès,251517,Olius,0.3,0,1.4,0.3,bks7-dkfd
2021-06-15T00:00:00.000,23,Noguera,250404,Balaguer,0,1.53,1.5,1.53,bks7-dkfd
2021-06-15T00:00:00.000,03,Alt Penedès,082325,Sant Pere de Riudebitlles,0.003,0,0,0.003,bks7-dkfd
2021-06-15T00:00:00.000,01,Alt Camp,431205,Querol,0.47,0.23,0,0.7,bks7-dkfd
2021-06-15T00:00:00.000,11,Baix Llobregat,082009,Sant Boi de Llobregat,0,0.005,0,0.005,bks7-dkfd
2021-06-16T00:00:00.000,40,Vallès Occidental,082798,Terrassa,0,0.1,0.035,0.1,bks7-dkfd
2021-06-16T00:00:00.000,23,Noguera,251500,Oliola,0,0.35,0.02,0.35,bks7-dkfd
2021-06-16T00:00:00.000,08,Baix Camp,431457,"Selva del Camp, la",0,0.12,0,0.12,bks7-dkfd
2021-06-16T00:00:00.000,08,Baix Camp,431457,"Selva del Camp, la",0,0.026,0,0.026,bks7-dkfd
2021-06-16T00:00:00.000,08,Baix Camp,431457,"Selva del Camp, la",0,0.7,0.18,0.7,bks7-dkfd
2021-06-16T00:00:00.000,08,Baix Camp,431457,"Selva del Camp, la",0,0.53,0,0.53,bks7-dkfd
2021-06-16T00:00:00.000,08,Baix Camp,431457,"Selva del Camp, la",0,0.09,0.03,0.09,bks7-dkfd
2021-06-16T00:00:00.000,21,Maresme,080076,Arenys de Munt,0,0.001,0,0.001,bks7-dkfd
2021-06-18T00:00:00.000,06,Anoia,081614,Piera,0.372,0,0,0.372,bks7-dkfd
2021-06-19T00:00:00.000,28,Pla de l'Estany,172180,Vilademuls,0.08,0,1.45,0.08,bks7-dkfd
2021-06-20T00:00:00.000,10,Baix Empordà,171241,Pals,0.002,0,0,0.002,bks7-dkfd
2021-06-21T00:00:00.000,17,Garraf,082704,Sitges,0,0.0015,0,0.0015,bks7-dkfd
2021-06-21T00:00:00.000,21,Maresme,080060,Arenys de Mar,0.58,0,0,0.58,bks7-dkfd
2021-06-21T00:00:00.000,06,Anoia,081192,Masquefa,0,0.386,0,0.386,bks7-dkfd
2021-06-21T00:00:00.000,41,Vallès Oriental,080961,Granollers,0,0.58,0,0.58,bks7-dkfd
2021-06-21T00:00:00.000,40,Vallès Occidental,081252,Montcada i Reixac,0,0.3,0.85,0.3,bks7-dkfd
2021-06-21T00:00:00.000,10,Baix Empordà,171978,Torrent,1.01,0,14.06,1.01,bks7-dkfd
2021-06-21T00:00:00.000,03,Alt Penedès,082401,Sant Sadurní d'Anoia,0,0.04,0,0.04,bks7-dkfd
2021-06-22T00:00:00.000,21,Maresme,081555,Palafolls,0,0.03,0,0.03,bks7-dkfd
2021-06-22T00:00:00.000,17,Garraf,082310,Sant Pere de Ribes,0,0.002,0,0.002,bks7-dkfd
2021-06-22T00:00:00.000,23,Noguera,250404,Balaguer,0.48,0.79,2.08,1.27,bks7-dkfd
2021-06-23T00:00:00.000,11,Baix Llobregat,081960,Sant Andreu de la Barca,0.0005,0,0,0.0005,bks7-dkfd
2021-06-23T00:00:00.000,10,Baix Empordà,170340,Calonge i Sant Antoni,0,0.006,0,0.006,bks7-dkfd
2021-06-23T00:00:00.000,10,Baix Empordà,171997,Torroella de Montgrí,0.002,0,0,0.002,bks7-dkfd
2021-06-23T00:00:00.000,41,Vallès Oriental,080410,Canovelles,0,0.04,0,0.04,bks7-dkfd
2021-06-23T00:00:00.000,13,Barcelonès,080155,Badalona,0,0.86,0,0.86,bks7-dkfd
2021-06-23T00:00:00.000,23,Noguera,250404,Balaguer,0.97,2.36,57.47,3.33,bks7-dkfd
2021-06-23T00:00:00.000,13,Barcelonès,080193,Barcelona,0,0.035,0,0.035,bks7-dkfd
2021-06-23T00:00:00.000,10,Baix Empordà,170767,Garrigoles,0.03,0,0,0.03,bks7-dkfd
2021-06-23T00:00:00.000,23,Noguera,250404,Balaguer,0,0.1,0.06,0.1,bks7-dkfd
2021-06-23T00:00:00.000,40,Vallès Occidental,081252,Montcada i Reixac,0,0.08,0,0.08,bks7-dkfd
2021-06-23T00:00:00.000,23,Noguera,250404,Balaguer,0,1.92,3.9,1.92,bks7-dkfd
2021-06-24T00:00:00.000,13,Barcelonès,080193,Barcelona,0,0.095,0,0.095,bks7-dkfd
2021-06-24T00:00:00.000,11,Baix Llobregat,081580,"Papiol, el",0,0.02,0,0.02,bks7-dkfd
2021-06-24T00:00:00.000,13,Barcelonès,080193,Barcelona,0.066,0,0,0.066,bks7-dkfd
2021-06-24T00:00:00.000,10,Baix Empordà,171175,Palafrugell,0.0025,0,0,0.0025,bks7-dkfd
2021-06-24T00:00:00.000,10,Baix Empordà,171812,Santa Cristina d'Aro,0.001,0,0,0.001,bks7-dkfd
2021-06-24T00:00:00.000,40,Vallès Occidental,080517,Castellar del Vallès,0,0.008,0,0.008,bks7-dkfd
2021-06-24T00:00:00.000,08,Baix Camp,430332,Botarell,0,0.9,0,0.9,bks7-dkfd
2021-06-24T00:00:00.000,21,Maresme,080095,Argentona,12.06,1.45,0,13.51,bks7-dkfd
2021-06-24T00:00:00.000,03,Alt Penedès,080850,Font-rubí,0,0.1,0,0.1,bks7-dkfd
2021-06-24T00:00:00.000,40,Vallès Occidental,081878,Sabadell,0,0.005,0,0.005,bks7-dkfd
2021-06-24T00:00:00.000,40,Vallès Occidental,082606,Santa Perpètua de Mogoda,0,0.0015,0,0.0015,bks7-dkfd
2021-06-24T00:00:00.000,36,Tarragonès,431482,Tarragona,0.0078,0,0,0.0078,bks7-dkfd
2021-06-25T00:00:00.000,20,Gironès,171426,Quart,0.002,0,0,0.002,bks7-dkfd
2021-06-25T00:00:00.000,03,Alt Penedès,080581,Castellet i la Gornal,0.17,0.16,0,0.33,bks7-dkfd
2021-06-25T00:00:00.000,20,Gironès,170792,Girona,0.025,0.01,0,0.035,bks7-dkfd
2021-06-25T00:00:00.000,20,Gironès,171637,Sant Gregori,0.31,0,0,0.31,bks7-dkfd
2021-06-25T00:00:00.000,23,Noguera,251348,Menàrguens,0,0.39,0.87,0.39,bks7-dkfd
2021-06-25T00:00:00.000,41,Vallès Oriental,082107,Sant Feliu de Codines,0.04,0.1,0,0.14,bks7-dkfd
2021-06-26T00:00:00.000,10,Baix Empordà,170558,Colomers,0.5,1.39,0.04,1.89,bks7-dkfd
2021-06-26T00:00:00.000,13,Barcelonès,080193,Barcelona,0,0.0002,0,0.0002,bks7-dkfd
2021-06-26T00:00:00.000,02,Alt Empordà,170926,Llançà,0,0.005,0,0.005,bks7-dkfd
2021-06-27T00:00:00.000,13,Barcelonès,080193,Barcelona,0,0.03,0,0.03,bks7-dkfd
2021-06-27T00:00:00.000,10,Baix Empordà,171997,Torroella de Montgrí,0,0.03,0,0.03,bks7-dkfd
2021-06-27T00:00:00.000,11,Baix Llobregat,081574,Pallejà,0.54,0,0,0.54,bks7-dkfd
2021-06-27T00:00:00.000,33,Segrià,250138,Alfarràs,6.72,24.25,20.72,30.97,bks7-dkfd
2021-06-27T00:00:00.000,02,Alt Empordà,170314,Cabanelles,0,0.004,0,0.004,bks7-dkfd
2021-06-28T00:00:00.000,40,Vallès Occidental,081878,Sabadell,0,0.03,0,0.03,bks7-dkfd
2021-06-28T00:00:00.000,20,Gironès,170209,Bescanó,0.022,0.03,0,0.052,bks7-dkfd
2021-06-29T00:00:00.000,33,Segrià,250387,Aitona,0.5,4.91,0,5.41,bks7-dkfd
2021-06-29T00:00:00.000,04,Alt Urgell,250447,Bassella,0,0.0021,0,0.0021,bks7-dkfd
2021-06-30T00:00:00.000,36,Tarragonès,430509,Creixell,0,0.07,0,0.07,bks7-dkfd
2021-06-30T00:00:00.000,18,Garrigues,250674,Castelldans,0,0.012,0,0.012,bks7-dkfd
2021-06-30T00:00:00.000,41,Vallès Oriental,082482,Santa Eulàlia de Ronçana,0.0001,0,0,0.0001,bks7-dkfd
2021-07-01T00:00:00.000,40,Vallès Occidental,082665,Cerdanyola del Vallès,0.02,0.01,1.81,0.03,bks7-dkfd
2021-07-01T00:00:00.000,04,Alt Urgell,259084,Fígols i Alinyà,0.275,0,0,0.275,bks7-dkfd
2021-07-01T00:00:00.000,11,Baix Llobregat,082080,Sant Esteve Sesrovires,3.84,4.39,15.57,8.23,bks7-dkfd
2021-07-02T00:00:00.000,03,Alt Penedès,081688,Pontons,0,0.03,0,0.03,bks7-dkfd
2021-07-02T00:00:00.000,24,Osona,080673,Centelles,0.54,0.08,0.4,0.62,bks7-dkfd
2021-07-02T00:00:00.000,06,Anoia,080364,Calonge de Segarra,0.29,0.58,3.35,0.87,bks7-dkfd
2021-07-03T00:00:00.000,12,Baix Penedès,431634,"Vendrell, el",1.2,0.73,0.56,1.93,bks7-dkfd
2021-07-04T00:00:00.000,40,Vallès Occidental,081878,Sabadell,0,0.24,0,0.24,bks7-dkfd
2021-07-05T00:00:00.000,20,Gironès,170890,Llagostera,0.03,0,0,0.03,bks7-dkfd
2021-07-05T00:00:00.000,02,Alt Empordà,171352,Pont de Molins,0,0.175,0,0.175,bks7-dkfd
2021-07-05T00:00:00.000,18,Garrigues,252555,Vinaixa,0.045,0,0,0.045,bks7-dkfd
2021-07-06T00:00:00.000,41,Vallès Oriental,082021,Sant Celoni,0,0.0005,0,0.0005,bks7-dkfd
2021-07-06T00:00:00.000,16,Conca de Barberà,430862,Montblanc,0,0.01,0.33,0.01,bks7-dkfd
2021-07-07T00:00:00.000,02,Alt Empordà,171387,Portbou,0,0.04,0,0.04,bks7-dkfd
2021-07-08T00:00:00.000,34,Selva,171463,Riells i Viabrea,0.004,0,0,0.004,bks7-dkfd
2021-07-08T00:00:00.000,04,Alt Urgell,251497,Oliana,0,0.01,0,0.01,bks7-dkfd
2021-07-08T00:00:00.000,14,Berguedà,081304,Montclar,0,0.2,0.6,0.2,bks7-dkfd
2021-07-08T00:00:00.000,02,Alt Empordà,170160,Bàscara,0,0.88,0,0.88,bks7-dkfd
2021-07-08T00:00:00.000,11,Baix Llobregat,089058,"Palma de Cervelló, la",0,0.0001,0,0.0001,bks7-dkfd
2021-07-09T00:00:00.000,13,Barcelonès,080193,Barcelona,0.163,0,0,0.163,bks7-dkfd
2021-07-10T00:00:00.000,20,Gironès,170792,Girona,0.48,1.18,0.09,1.66,bks7-dkfd
2021-07-10T00:00:00.000,41,Vallès Oriental,080333,Caldes de Montbui,0.025,0,0,0.025,bks7-dkfd
2021-07-10T00:00:00.000,40,Vallès Occidental,082798,Terrassa,3.2,3.85,2.44,7.05,bks7-dkfd
2021-07-10T00:00:00.000,11,Baix Llobregat,080898,Gavà,0,0.0125,0,0.0125,bks7-dkfd
2021-07-11T00:00:00.000,40,Vallès Occidental,081252,Montcada i Reixac,0,0.22,0,0.22,bks7-dkfd
2021-07-11T00:00:00.000,07,Bages,080847,Fonollosa,0.014,0,0,0.014,bks7-dkfd
2021-07-11T00:00:00.000,40,Vallès Occidental,081878,Sabadell,0,0.005,0,0.005,bks7-dkfd
2021-07-11T00:00:00.000,13,Barcelonès,080193,Barcelona,0,0.09,0,0.09,bks7-dkfd
2021-07-12T00:00:00.000,07,Bages,081419,Navàs,0.33,0,0,0.33,bks7-dkfd
2021-07-12T00:00:00.000,41,Vallès Oriental,080057,"Ametlla del Vallès, l'",0.025,0,0,0.025,bks7-dkfd
2021-07-12T00:00:00.000,35,Solsonès,251462,Navès,0.42,0,0,0.42,bks7-dkfd
2021-07-12T00:00:00.000,35,Solsonès,251673,Pinós,0.0034,0,0,0.0034,bks7-dkfd
2021-07-12T00:00:00.000,23,Noguera,250946,Foradada,0.1,0.17,1.97,0.27,bks7-dkfd
2021-07-12T00:00:00.000,23,Noguera,250349,Artesa de Segre,1.125,0,0.065,1.125,bks7-dkfd
2021-07-12T00:00:00.000,40,Vallès Occidental,081878,Sabadell,0,0.005,0,0.005,bks7-dkfd
2021-07-12T00:00:00.000,02,Alt Empordà,171984,Torroella de Fluvià,0.06,0,0,0.06,bks7-dkfd
2021-07-12T00:00:00.000,13,Barcelonès,080193,Barcelona,0,0.0004,0,0.0004,bks7-dkfd
2021-07-13T00:00:00.000,30,Ribera d'Ebre,430939,Móra d'Ebre,0.0604,0,0,0.0604,bks7-dkfd
2021-07-13T00:00:00.000,34,Selva,170950,Lloret de Mar,2.05,0,4.69,2.05,bks7-dkfd
2021-07-13T00:00:00.000,40,Vallès Occidental,083008,Viladecavalls,0.05,0.1,0,0.15,bks7-dkfd
2021-07-13T00:00:00.000,11,Baix Llobregat,080667,Castellví de Rosanes,89.62,101.56,3.7,191.18,bks7-dkfd
2021-07-13T00:00:00.000,35,Solsonès,251863,Riner,1.37,0.43,5.72,1.8,bks7-dkfd
2021-07-13T00:00:00.000,20,Gironès,170792,Girona,0,0.38,0,0.38,bks7-dkfd
2021-07-13T00:00:00.000,24,Osona,083036,Vilanova de Sau,0,0.02,0,0.02,bks7-dkfd
2021-07-13T00:00:00.000,03,Alt Penedès,082515,Santa Margarida i els Monjos,0,0.26,0.09,0.26,bks7-dkfd
2021-07-13T00:00:00.000,21,Maresme,082824,Tiana,0,0.02,0,0.02,bks7-dkfd
2021-07-13T00:00:00.000,04,Alt Urgell,259097,"Vansa i Fórnols, la",0.004,0,0,0.004,bks7-dkfd
2021-07-14T00:00:00.000,13,Barcelonès,080193,Barcelona,0.15,0,0,0.15,bks7-dkfd
2021-07-14T00:00:00.000,11,Baix Llobregat,080898,Gavà,0,0.004,0,0.004,bks7-dkfd
2021-07-15T00:00:00.000,07,Bages,080023,Aguilar de Segarra,0.2234,0,0,0.2234,bks7-dkfd
2021-07-15T00:00:00.000,30,Ribera d'Ebre,430939,Móra d'Ebre,0.96,2.71,0,3.67,bks7-dkfd
2021-07-15T00:00:00.000,10,Baix Empordà,171609,Sant Feliu de Guíxols,0.66,0,0,0.66,bks7-dkfd
2021-07-15T00:00:00.000,33,Segrià,250138,Alfarràs,0,0.21,0,0.21,bks7-dkfd
2021-07-15T00:00:00.000,18,Garrigues,250061,"Albagés, l'",0,0.08,0.83,0.08,bks7-dkfd
2021-07-15T00:00:00.000,40,Vallès Occidental,082606,Santa Perpètua de Mogoda,0.18,1.01,5.39,1.19,bks7-dkfd
2021-07-16T00:00:00.000,13,Barcelonès,080193,Barcelona,0,0.73,0,0.73,bks7-dkfd
2021-07-16T00:00:00.000,02,Alt Empordà,170926,Llançà,9.91,388.42,2.43,398.33,bks7-dkfd
2021-07-17T00:00:00.000,02,Alt Empordà,172214,Vilafant,0,0.61,2.3,0.61,bks7-dkfd
2021-07-17T00:00:00.000,18,Garrigues,252555,Vinaixa,0.035,0,0,0.035,bks7-dkfd
2021-07-18T00:00:00.000,23,Noguera,250371,"Avellanes i Santa Linya, les",2.14,0,0,2.14,bks7-dkfd
2021-07-18T00:00:00.000,03,Alt Penedès,082401,Sant Sadurní d'Anoia,0,0.3,0,0.3,bks7-dkfd
2021-07-18T00:00:00.000,09,Baix Ebre,430136,"Ametlla de Mar, l'",0,0.98,0.11,0.98,bks7-dkfd
2021-07-19T00:00:00.000,33,Segrià,252043,Seròs,0,0.015,0,0.015,bks7-dkfd
2021-07-19T00:00:00.000,40,Vallès Occidental,081878,Sabadell,0,0.59,0,0.59,bks7-dkfd
2021-07-20T00:00:00.000,11,Baix Llobregat,082634,Sant Vicenç dels Horts,0,0.02,0.03,0.02,bks7-dkfd
2021-07-20T00:00:00.000,02,Alt Empordà,172348,Biure,0,0.04,0,0.04,bks7-dkfd
2021-07-20T00:00:00.000,11,Baix Llobregat,082634,Sant Vicenç dels Horts,0.2,0.52,0,0.72,bks7-dkfd
2021-07-20T00:00:00.000,10,Baix Empordà,171997,Torroella de Montgrí,0.0006,0,0,0.0006,bks7-dkfd
2021-07-20T00:00:00.000,10,Baix Empordà,171997,Torroella de Montgrí,0.0002,0,0,0.0002,bks7-dkfd
2021-07-20T00:00:00.000,30,Ribera d'Ebre,430653,Garcia,0.03,0,0,0.03,bks7-dkfd
2021-07-20T00:00:00.000,24,Osona,082251,Sant Martí d'Albars,0.08,0,0,0.08,bks7-dkfd
2021-07-20T00:00:00.000,13,Barcelonès,082457,Santa Coloma de Gramenet,0,0.0385,0,0.0385,bks7-dkfd
2021-07-21T00:00:00.000,26,Pallars Sobirà,251266,Llavorsí,0.68,0.78,0,1.46,bks7-dkfd
2021-07-21T00:00:00.000,03,Alt Penedès,082401,Sant Sadurní d'Anoia,0,0.168,0,0.168,bks7-dkfd
2021-07-21T00:00:00.000,11,Baix Llobregat,081960,Sant Andreu de la Barca,0,0.22,0,0.22,bks7-dkfd
2021-07-22T00:00:00.000,40,Vallès Occidental,080543,Castellbisbal,0,0.11,0.92,0.11,bks7-dkfd
2021-07-22T00:00:00.000,40,Vallès Occidental,082233,Sant Llorenç Savall,0.18,0.69,1.19,0.87,bks7-dkfd
2021-07-22T00:00:00.000,23,Noguera,250024,Àger,0.64,0.33,4.49,0.97,bks7-dkfd
2021-07-22T00:00:00.000,10,Baix Empordà,171997,Torroella de Montgrí,42.91,32.54,0.27,75.45,bks7-dkfd
2021-07-23T00:00:00.000,36,Tarragonès,431482,Tarragona,0,0.161,0,0.161,bks7-dkfd
2021-07-24T00:00:00.000,06,Anoia,081629,"Hostalets de Pierola, els",0.008,0,0,0.008,bks7-dkfd
2021-07-24T00:00:00.000,25,Pallars Jussà,252347,Tremp,0.13,0.17,0.61,0.3,bks7-dkfd
2021-07-24T00:00:00.000,08,Baix Camp,430154,Arbolí,0,0.0502,0,0.0502,bks7-dkfd
2021-07-24T00:00:00.000,02,Alt Empordà,172109,Ventalló,20.76,1.25,13.25,22.01,bks7-dkfd
2021-07-24T00:00:00.000,16,Conca de Barberà,431397,Santa Coloma de Queralt,1123,189.86,389.4,1312.86,bks7-dkfd
2021-07-25T00:00:00.000,02,Alt Empordà,170470,Castelló d'Empúries,0,0.006,0,0.006,bks7-dkfd
2021-07-25T00:00:00.000,11,Baix Llobregat,082634,Sant Vicenç dels Horts,0,0.003,0,0.003,bks7-dkfd
2021-07-27T00:00:00.000,21,Maresme,082824,Tiana,0,0.534,0,0.534,bks7-dkfd
2021-07-27T00:00:00.000,40,Vallès Occidental,082798,Terrassa,0.01,0.04,0,0.05,bks7-dkfd
2021-07-27T00:00:00.000,21,Maresme,080095,Argentona,0,0.2267,0,0.2267,bks7-dkfd
2021-07-27T00:00:00.000,11,Baix Llobregat,080569,Castelldefels,0,0.012,0,0.012,bks7-dkfd
2021-07-28T00:00:00.000,40,Vallès Occidental,080517,Castellar del Vallès,0,0.005,0,0.005,bks7-dkfd
2021-07-28T00:00:00.000,30,Ribera d'Ebre,430939,Móra d'Ebre,0.01,0,0,0.01,bks7-dkfd
2021-07-28T00:00:00.000,10,Baix Empordà,171959,"Tallada d'Empordà, la",0,0.0004,0,0.0004,bks7-dkfd
2021-07-28T00:00:00.000,40,Vallès Occidental,082606,Santa Perpètua de Mogoda,0,0.025,0,0.025,bks7-dkfd
2021-07-28T00:00:00.000,36,Tarragonès,431482,Tarragona,0.12,0.8,0,0.92,bks7-dkfd
2021-07-28T00:00:00.000,41,Vallès Oriental,082021,Sant Celoni,0,0.05,0,0.05,bks7-dkfd
2021-07-29T00:00:00.000,11,Baix Llobregat,080898,Gavà,0,0.01,0,0.01,bks7-dkfd
2021-07-29T00:00:00.000,20,Gironès,171557,Salt,0.35,0.43,0,0.78,bks7-dkfd
2021-07-29T00:00:00.000,40,Vallès Occidental,081252,Montcada i Reixac,0,0.025,0,0.025,bks7-dkfd
2021-07-29T00:00:00.000,10,Baix Empordà,171175,Palafrugell,0.02,0,0,0.02,bks7-dkfd
2021-07-30T00:00:00.000,32,Segarra,259059,Ribera d'Ondara,0,0.015,0,0.015,bks7-dkfd
2021-07-30T00:00:00.000,26,Pallars Sobirà,250827,Espot,0.0005,0,0,0.0005,bks7-dkfd
2021-07-31T00:00:00.000,02,Alt Empordà,171387,Portbou,0,37.92,4.16,37.92,bks7-dkfd
2021-07-31T00:00:00.000,12,Baix Penedès,431634,"Vendrell, el",0.0147,0,0,0.0147,bks7-dkfd
2021-07-31T00:00:00.000,23,Noguera,250791,Cubells,0.16,0.27,1.16,0.43,bks7-dkfd
2021-07-31T00:00:00.000,03,Alt Penedès,082270,Sant Martí Sarroca,0.015,0,0,0.015,bks7-dkfd
2021-07-31T00:00:00.000,17,Garraf,082704,Sitges,0.04,0,0,0.04,bks7-dkfd
2021-07-31T00:00:00.000,12,Baix Penedès,431634,"Vendrell, el",0,0.008,0,0.008,bks7-dkfd
2021-07-31T00:00:00.000,24,Osona,082830,Tona,0.12,0,0,0.12,bks7-dkfd
2021-08-01T00:00:00.000,03,Alt Penedès,081458,Olèrdola,0,0.04,0,0.04,bks7-dkfd
2021-08-01T00:00:00.000,16,Conca de Barberà,430542,"Espluga de Francolí, l'",0,0.0142,0,0.0142,bks7-dkfd
2021-08-01T00:00:00.000,16,Conca de Barberà,430542,"Espluga de Francolí, l'",0.0085,0,0,0.0085,bks7-dkfd
2021-08-01T00:00:00.000,16,Conca de Barberà,430862,Montblanc,0.0071,0,0,0.0071,bks7-dkfd
2021-08-01T00:00:00.000,03,Alt Penedès,081458,Olèrdola,0,0.0006,0,0.0006,bks7-dkfd
2021-08-01T00:00:00.000,03,Alt Penedès,081458,Olèrdola,0,0.009,0,0.009,bks7-dkfd
2021-08-01T00:00:00.000,06,Anoia,081043,"Llacuna, la",0.0004,0,0,0.0004,bks7-dkfd
2021-08-01T00:00:00.000,03,Alt Penedès,081542,Pacs del Penedès,0,0.005,0,0.005,bks7-dkfd
2021-08-01T00:00:00.000,03,Alt Penedès,081458,Olèrdola,0,0.01,0,0.01,bks7-dkfd
2021-08-01T00:00:00.000,20,Gironès,170448,Cassà de la Selva,0.005,0,0,0.005,bks7-dkfd
2021-08-01T00:00:00.000,03,Alt Penedès,080850,Font-rubí,0,0.028,0,0.028,bks7-dkfd
2021-08-02T00:00:00.000,18,Garrigues,250061,"Albagés, l'",0.1,0.1,0.5,0.2,bks7-dkfd
2021-08-03T00:00:00.000,41,Vallès Oriental,080961,Granollers,0.18,0,0,0.18,bks7-dkfd
2021-08-03T00:00:00.000,33,Segrià,250215,Almenar,0,0.31,0,0.31,bks7-dkfd
2021-08-04T00:00:00.000,02,Alt Empordà,172235,Vilajuïga,0.0002,0,0,0.0002,bks7-dkfd
2021-08-05T00:00:00.000,03,Alt Penedès,080919,Gelida,0,0.085,0.035,0.085,bks7-dkfd
2021-08-07T00:00:00.000,01,Alt Camp,430017,Aiguamúrcia,0,0.16,0,0.16,bks7-dkfd
2021-08-08T00:00:00.000,03,Alt Penedès,082732,Subirats,0,0.02,0,0.02,bks7-dkfd
2021-08-09T00:00:00.000,06,Anoia,083020,Vilanova del Camí,0,0.1,0,0.1,bks7-dkfd
2021-08-09T00:00:00.000,12,Baix Penedès,430516,Cunit,0.001,0,0,0.001,bks7-dkfd
2021-08-10T00:00:00.000,13,Barcelonès,080193,Barcelona,0,0.32,0,0.32,bks7-dkfd
2021-08-10T00:00:00.000,37,Terra Alta,430483,Corbera d'Ebre,2.41,0,0,2.41,bks7-dkfd
2021-08-11T00:00:00.000,11,Baix Llobregat,080898,Gavà,0,0.02,0,0.02,bks7-dkfd
2021-08-11T00:00:00.000,33,Segrià,250208,Almatret,0.55,0.1,0,0.65,bks7-dkfd
2021-08-11T00:00:00.000,36,Tarragonès,430430,"Catllar, el",0,0.06,0,0.06,bks7-dkfd
2021-08-11T00:00:00.000,33,Segrià,250208,Almatret,0.42,0,0.01,0.42,bks7-dkfd
2021-08-11T00:00:00.000,41,Vallès Oriental,080961,Granollers,0,0.14,0,0.14,bks7-dkfd
2021-08-12T00:00:00.000,41,Vallès Oriental,081347,Figaró-Montmany,0.18,0,0,0.18,bks7-dkfd
2021-08-12T00:00:00.000,23,Noguera,250426,"Baronia de Rialb, la",1.14,0.05,1.43,1.19,bks7-dkfd
2021-08-12T00:00:00.000,06,Anoia,081043,"Llacuna, la",0.025,0,0,0.025,bks7-dkfd
2021-08-12T00:00:00.000,41,Vallès Oriental,081593,Parets del Vallès,0.0175,0,0,0.0175,bks7-dkfd
2021-08-12T00:00:00.000,10,Baix Empordà,171997,Torroella de Montgrí,0.004,0,0,0.004,bks7-dkfd
2021-08-12T00:00:00.000,16,Conca de Barberà,431763,Vimbodí i Poblet,0.03,0,0,0.03,bks7-dkfd
2021-08-12T00:00:00.000,37,Terra Alta,431107,"Pobla de Massaluca, la",46.74,20.8,7.24,67.54,bks7-dkfd
2021-08-13T00:00:00.000,11,Baix Llobregat,081141,Martorell,0,0.03,0,0.03,bks7-dkfd
2021-08-13T00:00:00.000,10,Baix Empordà,171997,Torroella de Montgrí,0.03,0,0,0.03,bks7-dkfd
2021-08-13T00:00:00.000,03,Alt Penedès,082401,Sant Sadurní d'Anoia,0,0.28,0,0.28,bks7-dkfd
2021-08-13T00:00:00.000,06,Anoia,080288,Cabrera d'Anoia,0.027,0,0,0.027,bks7-dkfd
2021-08-13T00:00:00.000,10,Baix Empordà,171997,Torroella de Montgrí,0.003,0,0,0.003,bks7-dkfd
2021-08-13T00:00:00.000,33,Segrià,250208,Almatret,0.17,0,0,0.17,bks7-dkfd
2021-08-14T00:00:00.000,22,Montsià,430629,Freginals,0,2.93,0,2.93,bks7-dkfd
2021-08-14T00:00:00.000,18,Garrigues,250292,Arbeca,0,0.0005,0,0.0005,bks7-dkfd
2021-08-15T00:00:00.000,37,Terra Alta,431750,Vilalba dels Arcs,0.1,0.35,0,0.45,bks7-dkfd
2021-08-15T00:00:00.000,41,Vallès Oriental,081593,Parets del Vallès,0.002,0,0,0.002,bks7-dkfd
2021-08-16T00:00:00.000,36,Tarragonès,431482,Tarragona,2.74,3.64,0.59,6.38,bks7-dkfd
2021-08-16T00:00:00.000,19,Garrotxa,171334,"Planes d'Hostoles, les",0,0.02,0,0.02,bks7-dkfd
2021-08-17T00:00:00.000,21,Maresme,081635,Pineda de Mar,0.097,0.055,0,0.152,bks7-dkfd
2021-08-17T00:00:00.000,20,Gironès,171426,Quart,0.0075,0,0,0.0075,bks7-dkfd
2021-08-18T00:00:00.000,34,Selva,171019,Massanes,0.012,0,0,0.012,bks7-dkfd
2021-08-18T00:00:00.000,41,Vallès Oriental,080961,Granollers,0,0.1,0,0.1,bks7-dkfd
2021-08-18T00:00:00.000,15,Cerdanya,251272,Lles de Cerdanya,0.0001,0,0,0.0001,bks7-dkfd
2021-08-19T00:00:00.000,16,Conca de Barberà,431460,Senan,0.0005,0,0,0.0005,bks7-dkfd
2021-08-19T00:00:00.000,23,Noguera,251728,Ponts,0,0.0015,0,0.0015,bks7-dkfd
2021-08-19T00:00:00.000,07,Bages,082747,Súria,0.041,0,0,0.041,bks7-dkfd
2021-08-19T00:00:00.000,07,Bages,080847,Fonollosa,0.02,0,0,0.02,bks7-dkfd
2021-08-20T00:00:00.000,41,Vallès Oriental,081249,Mollet del Vallès,0,0.005,0,0.005,bks7-dkfd
2021-08-20T00:00:00.000,11,Baix Llobregat,080018,Abrera,0.002,0,0,0.002,bks7-dkfd
2021-08-20T00:00:00.000,23,Noguera,250426,"Baronia de Rialb, la",0.763,0,0,0.763,bks7-dkfd
2021-08-20T00:00:00.000,16,Conca de Barberà,430862,Montblanc,0.004,0,0,0.004,bks7-dkfd
2021-08-20T00:00:00.000,09,Baix Ebre,431554,Tortosa,0.008,0,0,0.008,bks7-dkfd
2021-08-20T00:00:00.000,04,Alt Urgell,259101,Josa i Tuixén,0.001,0,0,0.001,bks7-dkfd
2021-08-21T00:00:00.000,19,Garrotxa,171621,Sant Ferriol,0,0.026,0,0.026,bks7-dkfd
2021-08-22T00:00:00.000,10,Baix Empordà,171997,Torroella de Montgrí,0.003,0,0,0.003,bks7-dkfd
2021-08-22T00:00:00.000,33,Segrià,252000,Sarroca de Lleida,0,0.88,0,0.88,bks7-dkfd
2021-08-22T00:00:00.000,14,Berguedà,080575,Castell de l'Areny,0.015,0,0,0.015,bks7-dkfd
2021-08-22T00:00:00.000,10,Baix Empordà,170486,Castell-Platja d'Aro,0.003,0,0,0.003,bks7-dkfd
2021-08-22T00:00:00.000,35,Solsonès,251636,"Coma i la Pedra, la",0.016,0,0,0.016,bks7-dkfd
2021-08-23T00:00:00.000,10,Baix Empordà,170486,Castell-Platja d'Aro,0.02,0,0,0.02,bks7-dkfd
2021-08-23T00:00:00.000,15,Cerdanya,170849,Isòvol,0,0.002,0,0.002,bks7-dkfd
2021-08-23T00:00:00.000,33,Segrià,252000,Sarroca de Lleida,0,0.3,0,0.3,bks7-dkfd
2021-08-23T00:00:00.000,14,Berguedà,080497,Casserres,0,0.002,0,0.002,bks7-dkfd
2021-08-23T00:00:00.000,35,Solsonès,251673,Pinós,0.005,0,0,0.005,bks7-dkfd
2021-08-24T00:00:00.000,10,Baix Empordà,171609,Sant Feliu de Guíxols,0,0.015,0,0.015,bks7-dkfd
2021-08-24T00:00:00.000,07,Bages,080180,Balsareny,0.04,0,0,0.04,bks7-dkfd
2021-08-24T00:00:00.000,10,Baix Empordà,170486,Castell-Platja d'Aro,0.005,0,0,0.005,bks7-dkfd
2021-08-24T00:00:00.000,01,Alt Camp,431135,"Pont d'Armentera, el",0,0.02,0,0.02,bks7-dkfd
2021-08-25T00:00:00.000,35,Solsonès,250642,Castellar de la Ribera,0.0175,0,0,0.0175,bks7-dkfd
2021-08-25T00:00:00.000,11,Baix Llobregat,080569,Castelldefels,0,0.02,0,0.02,bks7-dkfd
2021-08-25T00:00:00.000,07,Bages,080023,Aguilar de Segarra,0.0003,0,0,0.0003,bks7-dkfd
2021-08-26T00:00:00.000,26,Pallars Sobirà,250175,Alins,0,0.71,0,0.71,bks7-dkfd
2021-08-26T00:00:00.000,10,Baix Empordà,171997,Torroella de Montgrí,0.265,0.005,0,0.27,bks7-dkfd
2021-08-27T00:00:00.000,38,Urgell,259025,Sant Martí de Riucorb,0,0.0466,0.0956,0.0466,bks7-dkfd
2021-08-28T00:00:00.000,26,Pallars Sobirà,250241,Alt Àneu,0.12,0,0,0.12,bks7-dkfd
2021-08-28T00:00:00.000,41,Vallès Oriental,080961,Granollers,0,0.24,0,0.24,bks7-dkfd
2021-08-29T00:00:00.000,25,Pallars Jussà,252347,Tremp,0,0.01,0,0.01,bks7-dkfd
2021-08-29T00:00:00.000,20,Gironès,170792,Girona,0.0001,0,0,0.0001,bks7-dkfd
2021-08-29T00:00:00.000,33,Segrià,251207,Lleida,0,0.4,0,0.4,bks7-dkfd
2021-08-29T00:00:00.000,10,Baix Empordà,179026,Forallac,0,0.02,0,0.02,bks7-dkfd
2021-08-31T00:00:00.000,14,Berguedà,081666,"Pobla de Lillet, la",0.0211,0,0,0.0211,bks7-dkfd
2021-09-03T00:00:00.000,03,Alt Penedès,082227,Sant Llorenç d'Hortons,0,0.025,0,0.025,bks7-dkfd
2021-09-04T00:00:00.000,02,Alt Empordà,170773,Garriguella,0,0.0005,0,0.0005,bks7-dkfd
2021-09-04T00:00:00.000,07,Bages,080538,Castellbell i el Vilar,0,0.003,0,0.003,bks7-dkfd
2021-09-06T00:00:00.000,06,Anoia,082508,Santa Margarida de Montbui,0,0.053,0,0.053,bks7-dkfd
2021-09-07T00:00:00.000,11,Baix Llobregat,081691,"Prat de Llobregat, el",0,0.065,0,0.065,bks7-dkfd
2021-09-08T00:00:00.000,41,Vallès Oriental,080863,"Franqueses del Vallès, les",0,0.34,0,0.34,bks7-dkfd
2021-09-08T00:00:00.000,36,Tarragonès,431482,Tarragona,0.0002,0,0,0.0002,bks7-dkfd
2021-09-08T00:00:00.000,41,Vallès Oriental,082592,Santa Maria de Palautordera,0,0.075,0,0.075,bks7-dkfd
2021-09-09T00:00:00.000,11,Baix Llobregat,081691,"Prat de Llobregat, el",0,0.0002,0,0.0002,bks7-dkfd
2021-09-10T00:00:00.000,12,Baix Penedès,431634,"Vendrell, el",0,0.13,0,0.13,bks7-dkfd
2021-09-14T00:00:00.000,21,Maresme,081213,Mataró,0.0025,0,0,0.0025,bks7-dkfd
2021-09-16T00:00:00.000,30,Ribera d'Ebre,430939,Móra d'Ebre,0,0.004,0,0.004,bks7-dkfd
2021-09-18T00:00:00.000,10,Baix Empordà,171181,Palamós,0.025,0,0,0.025,bks7-dkfd
2021-09-18T00:00:00.000,23,Noguera,251569,Os de Balaguer,0,0.22,0,0.22,bks7-dkfd
2021-09-19T00:00:00.000,33,Segrià,250365,Aspa,0,0.05,0,0.05,bks7-dkfd
2021-09-21T00:00:00.000,11,Baix Llobregat,080018,Abrera,0,0.06,0,0.06,bks7-dkfd
2021-09-25T00:00:00.000,38,Urgell,252385,Vallbona de les Monges,0,0.12,0,0.12,bks7-dkfd
2021-09-25T00:00:00.000,23,Noguera,250404,Balaguer,0,0.0386,0,0.0386,bks7-dkfd
2021-09-25T00:00:00.000,29,Priorat,430751,Margalef,0,0.0015,0,0.0015,bks7-dkfd
2021-09-25T00:00:00.000,24,Osona,082690,Seva,0.0001,0,0,0.0001,bks7-dkfd
2021-09-25T00:00:00.000,38,Urgell,252385,Vallbona de les Monges,0.1048,0,0,0.1048,bks7-dkfd
2021-10-02T00:00:00.000,10,Baix Empordà,171978,Torrent,0.06,0,0,0.06,bks7-dkfd
2021-10-09T00:00:00.000,08,Baix Camp,430094,Alforja,0,0.015,0,0.015,bks7-dkfd
2021-10-09T00:00:00.000,10,Baix Empordà,170340,Calonge i Sant Antoni,0.002,0,0,0.002,bks7-dkfd
2021-10-09T00:00:00.000,10,Baix Empordà,170340,Calonge i Sant Antoni,0.0009,0,0,0.0009,bks7-dkfd
2021-10-11T00:00:00.000,18,Garrigues,250978,Fulleda,0.05,0.12,0.2,0.17,bks7-dkfd
2021-10-12T00:00:00.000,41,Vallès Oriental,081056,"Llagosta, la",0,0.095,0,0.095,bks7-dkfd
2021-10-13T00:00:00.000,10,Baix Empordà,171997,Torroella de Montgrí,0.005,0,0,0.005,bks7-dkfd
2021-10-13T00:00:00.000,10,Baix Empordà,171997,Torroella de Montgrí,0.15,0,0,0.15,bks7-dkfd
2021-10-13T00:00:00.000,10,Baix Empordà,171997,Torroella de Montgrí,0.05,0,0,0.05,bks7-dkfd
2021-10-14T00:00:00.000,02,Alt Empordà,171156,Ordis,0.02,0,0,0.02,bks7-dkfd
2021-10-17T00:00:00.000,18,Garrigues,250292,Arbeca,0,0.22,0,0.22,bks7-dkfd
2021-10-17T00:00:00.000,38,Urgell,250463,Belianes,0,0.78,0.18,0.78,bks7-dkfd
2021-10-20T00:00:00.000,18,Garrigues,250096,"Albi, l'",0,0.04,0,0.04,bks7-dkfd
2021-10-20T00:00:00.000,16,Conca de Barberà,430862,Montblanc,0,0.08,0,0.08,bks7-dkfd
2021-10-20T00:00:00.000,10,Baix Empordà,171997,Torroella de Montgrí,0.001,0,0,0.001,bks7-dkfd
2021-10-21T00:00:00.000,23,Noguera,250693,Castelló de Farfanya,0,1.05,0.12,1.05,bks7-dkfd
2021-10-21T00:00:00.000,16,Conca de Barberà,431763,Vimbodí i Poblet,0,0.02,0.04,0.02,bks7-dkfd
2021-10-23T00:00:00.000,02,Alt Empordà,170643,Espolla,0.15,0,0.2,0.15,bks7-dkfd
2021-10-23T00:00:00.000,38,Urgell,250030,Agramunt,0.5,0,0.95,0.5,bks7-dkfd
2021-10-23T00:00:00.000,23,Noguera,250024,Àger,0,0.12,0,0.12,bks7-dkfd
2021-10-25T00:00:00.000,10,Baix Empordà,170340,Calonge i Sant Antoni,0,0.0002,0,0.0002,bks7-dkfd
2021-10-26T00:00:00.000,02,Alt Empordà,171582,Sant Climent Sescebes,0,0.55,0,0.55,bks7-dkfd
2021-10-27T00:00:00.000,02,Alt Empordà,170427,Capmany,0.15,0.83,0.04,0.98,bks7-dkfd
2021-10-28T00:00:00.000,38,Urgell,251095,Guimerà,0.65,1.17,0.36,1.82,bks7-dkfd
2021-11-03T00:00:00.000,16,Conca de Barberà,430542,"Espluga de Francolí, l'",0.1,0.35,0.42,0.45,bks7-dkfd
2021-11-03T00:00:00.000,16,Conca de Barberà,431460,Senan,0.09,0,0,0.09,bks7-dkfd
2021-11-06T00:00:00.000,11,Baix Llobregat,080569,Castelldefels,0.02,0,0,0.02,bks7-dkfd
2021-11-06T00:00:00.000,24,Osona,081173,"Masies de Voltregà, les",0.25,0.1,0,0.35,bks7-dkfd
2021-11-07T00:00:00.000,25,Pallars Jussà,259046,Castell de Mur,0,0.05,0,0.05,bks7-dkfd
2021-11-07T00:00:00.000,02,Alt Empordà,170160,Bàscara,0.085,0,0,0.085,bks7-dkfd
2021-11-07T00:00:00.000,10,Baix Empordà,171997,Torroella de Montgrí,0,14.49,0.08,14.49,bks7-dkfd
2021-11-07T00:00:00.000,10,Baix Empordà,171812,Santa Cristina d'Aro,0.012,0,0,0.012,bks7-dkfd
2021-11-07T00:00:00.000,19,Garrotxa,171621,Sant Ferriol,0.03,0.1,0,0.13,bks7-dkfd
2021-11-09T00:00:00.000,40,Vallès Occidental,082798,Terrassa,0,0.1,0,0.1,bks7-dkfd
2021-11-09T00:00:00.000,34,Selva,170084,Anglès,0.001,0,0,0.001,bks7-dkfd
2021-11-13T00:00:00.000,13,Barcelonès,080193,Barcelona,0,0.6,0,0.6,bks7-dkfd
2021-11-19T00:00:00.000,25,Pallars Jussà,250019,Abella de la Conca,0,0.005,0,0.005,bks7-dkfd
2021-11-27T00:00:00.000,30,Ribera d'Ebre,430607,Flix,0,0.01,0,0.01,bks7-dkfd
2021-11-28T00:00:00.000,11,Baix Llobregat,080569,Castelldefels,0.12,0,0,0.12,bks7-dkfd
2021-12-07T00:00:00.000,04,Alt Urgell,251556,Organyà,0,0.0025,0,0.0025,bks7-dkfd
2021-12-07T00:00:00.000,25,Pallars Jussà,250984,Gavet de la Conca,0,0.15,0,0.15,bks7-dkfd
2021-12-08T00:00:00.000,40,Vallès Occidental,081252,Montcada i Reixac,0,0.0004,0,0.0004,bks7-dkfd
2021-12-08T00:00:00.000,03,Alt Penedès,080919,Gelida,0.15,0,0,0.15,bks7-dkfd
2021-12-08T00:00:00.000,11,Baix Llobregat,080569,Castelldefels,0.015,0,0,0.015,bks7-dkfd
2021-12-10T00:00:00.000,34,Selva,171805,Santa Coloma de Farners,0.05,0,0,0.05,bks7-dkfd
2021-12-10T00:00:00.000,12,Baix Penedès,431634,"Vendrell, el",0.087,0,0,0.087,bks7-dkfd
2021-12-11T00:00:00.000,38,Urgell,250030,Agramunt,0,0.049,0,0.049,bks7-dkfd
2021-12-11T00:00:00.000,22,Montsià,430786,Masdenverge,0,0.1176,0,0.1176,bks7-dkfd
2021-12-15T00:00:00.000,03,Alt Penedès,082270,Sant Martí Sarroca,0,0.06,0,0.06,bks7-dkfd
2021-12-16T00:00:00.000,20,Gironès,171557,Salt,0.015,0,0,0.015,bks7-dkfd
2021-12-16T00:00:00.000,10,Baix Empordà,170139,Begur,0,0.003,0,0.003,bks7-dkfd
2021-12-16T00:00:00.000,04,Alt Urgell,250772,Coll de Nargó,0,0.008,0,0.008,bks7-dkfd
2021-12-21T00:00:00.000,31,Ripollès,171479,Ripoll,0,0.1,0,0.1,bks7-dkfd
2021-12-23T00:00:00.000,02,Alt Empordà,170470,Castelló d'Empúries,0,0.2,0,0.2,bks7-dkfd
2021-12-29T00:00:00.000,21,Maresme,082140,Vilassar de Dalt,0.01,0,0,0.01,bks7-dkfd
2021-12-29T00:00:00.000,08,Baix Camp,430094,Alforja,0,0.75,0,0.75,bks7-dkfd
2021-12-30T00:00:00.000,12,Baix Penedès,431378,Sant Jaume dels Domenys,0,0.05,0,0.05,bks7-dkfd
2022-01-01T00:00:00.000,24,Osona,080673,Centelles,0.25,0,0,0.25,bks7-dkfd
2022-01-01T00:00:00.000,23,Noguera,250371,"Avellanes i Santa Linya, les",0,0.005,0,0.005,bks7-dkfd
2022-01-04T00:00:00.000,22,Montsià,430445,"Sénia, la",0,0.1,0,0.1,bks7-dkfd
2022-01-05T00:00:00.000,28,Pla de l'Estany,171740,Sant Miquel de Campmajor,0.15,0,0,0.15,bks7-dkfd
2022-01-05T00:00:00.000,02,Alt Empordà,171061,Mollet de Peralada,0.3,0,0,0.3,bks7-dkfd
2022-01-07T00:00:00.000,36,Tarragonès,431482,Tarragona,0.0075,0,0,0.0075,bks7-dkfd
2022-01-08T00:00:00.000,35,Solsonès,251636,"Coma i la Pedra, la",0.005,0,0,0.005,bks7-dkfd
2022-01-08T00:00:00.000,03,Alt Penedès,080850,Font-rubí,0.34,0,0,0.34,bks7-dkfd
2022-01-09T00:00:00.000,11,Baix Llobregat,081691,"Prat de Llobregat, el",0,0.04,0,0.04,bks7-dkfd
2022-01-09T00:00:00.000,11,Baix Llobregat,080728,Corbera de Llobregat,0.0315,0,0,0.0315,bks7-dkfd
2022-01-11T00:00:00.000,24,Osona,081173,"Masies de Voltregà, les",0.53,0,0,0.53,bks7-dkfd
2022-01-12T00:00:00.000,33,Segrià,250387,Aitona,0,0.2,0,0.2,bks7-dkfd
2022-01-12T00:00:00.000,21,Maresme,082819,Teià,0,0.001,0,0.001,bks7-dkfd
2022-01-13T00:00:00.000,03,Alt Penedès,082515,Santa Margarida i els Monjos,0,0.02,0,0.02,bks7-dkfd
2022-01-13T00:00:00.000,35,Solsonès,251636,"Coma i la Pedra, la",0.66,0,0,0.66,bks7-dkfd
2022-01-13T00:00:00.000,16,Conca de Barberà,431423,Sarral,0.001,0,0,0.001,bks7-dkfd
2022-01-14T00:00:00.000,16,Conca de Barberà,430862,Montblanc,0,0.07,0,0.07,bks7-dkfd
2022-01-15T00:00:00.000,07,Bages,081786,Rajadell,0.025,0,0,0.025,bks7-dkfd
2022-01-15T00:00:00.000,25,Pallars Jussà,251615,Conca de Dalt,0,1.13,0.1,1.13,bks7-dkfd
2022-01-15T00:00:00.000,33,Segrià,250117,Alcarràs,0,0.0038,0,0.0038,bks7-dkfd
2022-01-16T00:00:00.000,03,Alt Penedès,082362,Sant Quintí de Mediona,0.15,0,0,0.15,bks7-dkfd
2022-01-16T00:00:00.000,31,Ripollès,170963,"Llosses, les",0.045,0,0,0.045,bks7-dkfd
2022-01-16T00:00:00.000,20,Gironès,170448,Cassà de la Selva,0.03,0,0,0.03,bks7-dkfd
2022-01-18T00:00:00.000,04,Alt Urgell,250306,"Pont de Bar, el",0,0.35,1.46,0.35,bks7-dkfd
2022-01-18T00:00:00.000,26,Pallars Sobirà,250827,Espot,0,9.43,0,9.43,bks7-dkfd
2022-01-20T00:00:00.000,04,Alt Urgell,251850,Ribera d'Urgellet,0.2748,0,0,0.2748,bks7-dkfd
2022-01-21T00:00:00.000,12,Baix Penedès,430799,Masllorenç,0.0008,0,0,0.0008,bks7-dkfd
2022-01-22T00:00:00.000,07,Bages,082628,Sant Vicenç de Castellet,0.0223,0,0,0.0223,bks7-dkfd
2022-01-22T00:00:00.000,25,Pallars Jussà,251155,Isona i Conca Dellà,0.09,0,0,0.09,bks7-dkfd
2022-01-23T00:00:00.000,19,Garrotxa,172076,"Vall d'en Bas, la",0,0.004,0,0.004,bks7-dkfd
2022-01-23T00:00:00.000,16,Conca de Barberà,431418,Pontils,0.12,0,0,0.12,bks7-dkfd
2022-01-23T00:00:00.000,14,Berguedà,083089,Viver i Serrateix,0,0.0881,0,0.0881,bks7-dkfd
2022-01-24T00:00:00.000,16,Conca de Barberà,431074,Pira,0,0.75,0,0.75,bks7-dkfd
2022-01-24T00:00:00.000,16,Conca de Barberà,431418,Pontils,0.3,0,0,0.3,bks7-dkfd
2022-01-25T00:00:00.000,03,Alt Penedès,080654,Castellví de la Marca,0,0.02,0,0.02,bks7-dkfd
2022-01-25T00:00:00.000,38,Urgell,250463,Belianes,0,0.146,0,0.146,bks7-dkfd
2022-01-26T00:00:00.000,03,Alt Penedès,082515,Santa Margarida i els Monjos,0.035,0,0,0.035,bks7-dkfd
2022-01-27T00:00:00.000,21,Maresme,080076,Arenys de Munt,0,0.001,0,0.001,bks7-dkfd
2022-01-28T00:00:00.000,36,Tarragonès,431009,"Pallaresos, els",0,0.005,0,0.005,bks7-dkfd
2022-01-28T00:00:00.000,02,Alt Empordà,170600,Darnius,0,1.32,0,1.32,bks7-dkfd
2022-01-28T00:00:00.000,24,Osona,082016,Sant Boi de Lluçanès,1.0041,0,0,1.0041,bks7-dkfd
2022-01-28T00:00:00.000,02,Alt Empordà,170741,Fortià,0,0.2,0,0.2,bks7-dkfd
2022-01-28T00:00:00.000,11,Baix Llobregat,083015,Viladecans,0,0.0075,0,0.0075,bks7-dkfd
2022-01-29T00:00:00.000,24,Osona,082439,Santa Cecília de Voltregà,0.1,0,0,0.1,bks7-dkfd
2022-01-29T00:00:00.000,23,Noguera,250156,Algerri,0,1.6,0,1.6,bks7-dkfd
2022-01-29T00:00:00.000,20,Gironès,171864,Sarrià de Ter,0,0.0035,0,0.0035,bks7-dkfd
2022-01-29T00:00:00.000,22,Montsià,431384,Santa Bàrbara,0,0.25,0,0.25,bks7-dkfd
2022-01-30T00:00:00.000,07,Bages,081398,Mura,0.07,0,0,0.07,bks7-dkfd
2022-01-31T00:00:00.000,07,Bages,080983,Sant Salvador de Guardiola,0,0.02,0,0.02,bks7-dkfd
2022-01-31T00:00:00.000,09,Baix Ebre,431554,Tortosa,0,0.0305,0.017,0.0305,bks7-dkfd
2022-01-31T00:00:00.000,03,Alt Penedès,082401,Sant Sadurní d'Anoia,0,0.026,0,0.026,bks7-dkfd
2022-02-01T00:00:00.000,02,Alt Empordà,170865,"Jonquera, la",0.04,0,0,0.04,bks7-dkfd
2022-02-01T00:00:00.000,02,Alt Empordà,171328,Peralada,3.14,10.15,17.73,13.29,bks7-dkfd
2022-02-01T00:00:00.000,42,Moianès,082397,Sant Quirze Safaja,0.025,0.05,0,0.075,bks7-dkfd
2022-02-02T00:00:00.000,02,Alt Empordà,171714,Sant Llorenç de la Muga,0.12,0,0,0.12,bks7-dkfd
2022-02-02T00:00:00.000,18,Garrigues,251706,Bellaguarda,0.0335,0,0,0.0335,bks7-dkfd
2022-02-02T00:00:00.000,19,Garrotxa,171058,Mieres,0,0.03,0,0.03,bks7-dkfd
2022-02-02T00:00:00.000,31,Ripollès,171479,Ripoll,0.035,0,0,0.035,bks7-dkfd
2022-02-03T00:00:00.000,16,Conca de Barberà,430542,"Espluga de Francolí, l'",0,0.2,0,0.2,bks7-dkfd
2022-02-03T00:00:00.000,02,Alt Empordà,170773,Garriguella,0,0.025,0,0.025,bks7-dkfd
2022-02-05T00:00:00.000,25,Pallars Jussà,251155,Isona i Conca Dellà,0,3.92,0,3.92,bks7-dkfd
2022-02-05T00:00:00.000,25,Pallars Jussà,251155,Isona i Conca Dellà,0,1.27,0,1.27,bks7-dkfd
2022-02-05T00:00:00.000,09,Baix Ebre,431554,Tortosa,0,2.22,0.29,2.22,bks7-dkfd
2022-02-05T00:00:00.000,36,Tarragonès,430477,Constantí,0,0.3388,0,0.3388,bks7-dkfd
2022-02-06T00:00:00.000,31,Ripollès,171479,Ripoll,0.13,0,0,0.13,bks7-dkfd
2022-02-06T00:00:00.000,11,Baix Llobregat,081580,"Papiol, el",0,0.001,0,0.001,bks7-dkfd
2022-02-06T00:00:00.000,11,Baix Llobregat,081234,Molins de Rei,0.001,0,0,0.001,bks7-dkfd
2022-02-06T00:00:00.000,09,Baix Ebre,431554,Tortosa,0.04,0,0,0.04,bks7-dkfd
2022-02-07T00:00:00.000,03,Alt Penedès,082732,Subirats,0.02,0,0,0.02,bks7-dkfd
2022-02-07T00:00:00.000,03,Alt Penedès,082732,Subirats,0.02,0,0,0.02,bks7-dkfd
2022-02-07T00:00:00.000,03,Alt Penedès,082732,Subirats,0,0.2,0.018,0.2,bks7-dkfd
2022-02-07T00:00:00.000,03,Alt Penedès,082732,Subirats,0,0.01,0,0.01,bks7-dkfd
2022-02-07T00:00:00.000,33,Segrià,252108,Soses,0,0.135,0,0.135,bks7-dkfd
2022-02-07T00:00:00.000,36,Tarragonès,430477,Constantí,0,0.699,0,0.699,bks7-dkfd
2022-02-07T00:00:00.000,30,Ribera d'Ebre,431779,Vinebre,0,0.07,0,0.07,bks7-dkfd
2022-02-07T00:00:00.000,10,Baix Empordà,171997,Torroella de Montgrí,0.03,0,0,0.03,bks7-dkfd
2022-02-08T00:00:00.000,34,Selva,171595,Sant Feliu de Buixalleu,0.005,0,0,0.005,bks7-dkfd
2022-02-08T00:00:00.000,09,Baix Ebre,430081,Alfara de Carles,0.004,0,0,0.004,bks7-dkfd
2022-02-08T00:00:00.000,40,Vallès Occidental,081846,Rubí,0.005,0,0,0.005,bks7-dkfd
2022-02-08T00:00:00.000,08,Baix Camp,430923,Mont-roig del Camp,0,0.245,0,0.245,bks7-dkfd
2022-02-08T00:00:00.000,04,Alt Urgell,251403,Montferrer i Castellbò,1.15,0,0,1.15,bks7-dkfd
2022-02-09T00:00:00.000,14,Berguedà,080575,Castell de l'Areny,0.056,0.206,0,0.262,bks7-dkfd
2022-02-09T00:00:00.000,04,Alt Urgell,250772,Coll de Nargó,0.07,0,0,0.07,bks7-dkfd
2022-02-09T00:00:00.000,37,Terra Alta,430640,Gandesa,0,0.5,0,0.5,bks7-dkfd
2022-02-10T00:00:00.000,04,Alt Urgell,252038,"Seu d'Urgell, la",0,0.015,0,0.015,bks7-dkfd
2022-02-11T00:00:00.000,07,Bages,081398,Mura,0.003,0,0,0.003,bks7-dkfd
2022-02-11T00:00:00.000,13,Barcelonès,080193,Barcelona,0,0.012,0,0.012,bks7-dkfd
2022-02-12T00:00:00.000,14,Berguedà,080240,Borredà,0,0.0005,0,0.0005,bks7-dkfd
2022-02-12T00:00:00.000,02,Alt Empordà,170470,Castelló d'Empúries,0,0.0002,0,0.0002,bks7-dkfd
2022-02-12T00:00:00.000,07,Bages,080386,Callús,0,0.004,0,0.004,bks7-dkfd
2022-02-12T00:00:00.000,14,Berguedà,080240,Borredà,0,0.001,0,0.001,bks7-dkfd
2022-02-13T00:00:00.000,34,Selva,172333,Vilobí d'Onyar,0.04,0,0,0.04,bks7-dkfd
2022-02-14T00:00:00.000,40,Vallès Occidental,081846,Rubí,0,0.05,0,0.05,bks7-dkfd
2022-02-14T00:00:00.000,08,Baix Camp,430311,"Borges del Camp, les",0.11,0.12,0,0.23,bks7-dkfd
2022-02-15T00:00:00.000,38,Urgell,251305,Maldà,0,0.46,0,0.46,bks7-dkfd
2022-02-15T00:00:00.000,16,Conca de Barberà,431687,Vilanova de Prades,0,0.03,0,0.03,bks7-dkfd
2022-02-15T00:00:00.000,09,Baix Ebre,430081,Alfara de Carles,0,0.013,0,0.013,bks7-dkfd
2022-02-15T00:00:00.000,28,Pla de l'Estany,170561,Cornellà del Terri,0.06,0,0,0.06,bks7-dkfd
2022-02-16T00:00:00.000,06,Anoia,080484,Carme,0.02,0,0,0.02,bks7-dkfd
2022-02-16T00:00:00.000,40,Vallès Occidental,081846,Rubí,0.005,0,0,0.005,bks7-dkfd
2022-02-17T00:00:00.000,26,Pallars Sobirà,252094,Sort,0,0.552,0.2,0.552,bks7-dkfd
2022-02-17T00:00:00.000,28,Pla de l'Estany,171903,Serinyà,0.004,0,0,0.004,bks7-dkfd
2022-02-17T00:00:00.000,42,Moianès,080706,Collsuspina,0,0.014,0,0.014,bks7-dkfd
2022-02-18T00:00:00.000,06,Anoia,080214,Bellprat,0.5375,0,0,0.5375,bks7-dkfd
2022-02-18T00:00:00.000,14,Berguedà,080497,Casserres,2.88,0,0,2.88,bks7-dkfd
2022-02-18T00:00:00.000,13,Barcelonès,080193,Barcelona,0.005,0,0,0.005,bks7-dkfd
2022-02-18T00:00:00.000,38,Urgell,259025,Sant Martí de Riucorb,0,2.5,0,2.5,bks7-dkfd
2022-02-19T00:00:00.000,16,Conca de Barberà,430862,Montblanc,0,0.04,0,0.04,bks7-dkfd
2022-02-19T00:00:00.000,10,Baix Empordà,170577,Corçà,0.0001,0,0,0.0001,bks7-dkfd
2022-02-19T00:00:00.000,20,Gironès,172168,Viladasens,0.0575,0,0,0.0575,bks7-dkfd
2022-02-20T00:00:00.000,01,Alt Camp,431606,Vallmoll,0,0.09,0.01,0.09,bks7-dkfd
2022-02-21T00:00:00.000,15,Cerdanya,251272,Lles de Cerdanya,0.06,0.95,0,1.01,bks7-dkfd
2022-02-21T00:00:00.000,40,Vallès Occidental,081846,Rubí,0,0.008,0,0.008,bks7-dkfd
2022-02-21T00:00:00.000,10,Baix Empordà,171812,Santa Cristina d'Aro,0,0.025,0,0.025,bks7-dkfd
2022-02-21T00:00:00.000,02,Alt Empordà,171523,Roses,29.61,346.3,1.22,375.91,bks7-dkfd
2022-02-21T00:00:00.000,33,Segrià,250117,Alcarràs,2.54,1.03,3.58,3.57,bks7-dkfd
2022-02-22T00:00:00.000,42,Moianès,080706,Collsuspina,0,0.08,0,0.08,bks7-dkfd
2022-02-23T00:00:00.000,34,Selva,172137,Vidreres,0.01,0,0,0.01,bks7-dkfd
2022-02-23T00:00:00.000,02,Alt Empordà,171523,Roses,0.008,0,0,0.008,bks7-dkfd
2022-02-23T00:00:00.000,06,Anoia,081192,Masquefa,0,0.19,0,0.19,bks7-dkfd
2022-02-23T00:00:00.000,18,Garrigues,251180,Juncosa,0.0592,0,0,0.0592,bks7-dkfd
2022-02-23T00:00:00.000,25,Pallars Jussà,259046,Castell de Mur,0.6,2.02,0.15,2.62,bks7-dkfd
2022-02-23T00:00:00.000,40,Vallès Occidental,082671,Sentmenat,0.14,0,0,0.14,bks7-dkfd
2022-02-23T00:00:00.000,12,Baix Penedès,431378,Sant Jaume dels Domenys,0,0.27,0.005,0.27,bks7-dkfd
2022-02-23T00:00:00.000,03,Alt Penedès,080919,Gelida,0.015,0,0,0.015,bks7-dkfd
2022-02-23T00:00:00.000,36,Tarragonès,431444,"Secuita, la",0.06,0,0,0.06,bks7-dkfd
2022-02-23T00:00:00.000,02,Alt Empordà,171523,Roses,0.0004,0,0,0.0004,bks7-dkfd
2022-02-23T00:00:00.000,18,Garrigues,251180,Juncosa,0.942,0,0,0.942,bks7-dkfd
2022-02-23T00:00:00.000,02,Alt Empordà,171523,Roses,0.042,0,0,0.042,bks7-dkfd
2022-02-23T00:00:00.000,31,Ripollès,171925,Setcases,0,5.78,0,5.78,bks7-dkfd
2022-02-23T00:00:00.000,02,Alt Empordà,171523,Roses,0.002,0,0,0.002,bks7-dkfd
2022-02-25T00:00:00.000,02,Alt Empordà,170622,"Escala, l'",0.1,0,0,0.1,bks7-dkfd
2022-02-25T00:00:00.000,25,Pallars Jussà,251155,Isona i Conca Dellà,0,0.08,0,0.08,bks7-dkfd
2022-02-26T00:00:00.000,10,Baix Empordà,170852,Jafre,0.002,0.2,0,0.202,bks7-dkfd
2022-02-26T00:00:00.000,02,Alt Empordà,171292,Pedret i Marzà,0.002,0.013,0,0.015,bks7-dkfd
2022-02-27T00:00:00.000,10,Baix Empordà,172095,Vall-llobrega,0.02,0,0,0.02,bks7-dkfd
2022-02-27T00:00:00.000,04,Alt Urgell,252398,"Valls de Valira, les",0.123,0,0,0.123,bks7-dkfd
2022-02-28T00:00:00.000,20,Gironès,171557,Salt,0.12,0,0,0.12,bks7-dkfd
2022-02-28T00:00:00.000,37,Terra Alta,430640,Gandesa,0.01,0,0,0.01,bks7-dkfd
2022-02-28T00:00:00.000,36,Tarragonès,431649,Vespella de Gaià,0,0.008,0,0.008,bks7-dkfd
2022-02-28T00:00:00.000,20,Gironès,171557,Salt,0,0.25,0,0.25,bks7-dkfd
2022-02-28T00:00:00.000,08,Baix Camp,431286,Riudecols,0.12,0,0.03,0.12,bks7-dkfd
2022-03-01T00:00:00.000,20,Gironès,171557,Salt,0.18,0.07,0,0.25,bks7-dkfd
2022-03-01T00:00:00.000,10,Baix Empordà,171447,Regencós,0.04,0,0,0.04,bks7-dkfd
2022-03-01T00:00:00.000,25,Pallars Jussà,252017,Sarroca de Bellera,1.54,0,0,1.54,bks7-dkfd
2022-03-01T00:00:00.000,09,Baix Ebre,439060,"Ampolla, l'",0.1,0,0,0.1,bks7-dkfd
2022-03-01T00:00:00.000,09,Baix Ebre,430081,Alfara de Carles,0,0.002,0,0.002,bks7-dkfd
2022-03-02T00:00:00.000,11,Baix Llobregat,083015,Viladecans,0.014,0,0,0.014,bks7-dkfd
2022-03-02T00:00:00.000,15,Cerdanya,170828,Guils de Cerdanya,0,0.1,0,0.1,bks7-dkfd
2022-03-02T00:00:00.000,30,Ribera d'Ebre,430944,Móra la Nova,0.0003,0,0,0.0003,bks7-dkfd
2022-03-02T00:00:00.000,16,Conca de Barberà,430542,"Espluga de Francolí, l'",0.2,0,0,0.2,bks7-dkfd
2022-03-02T00:00:00.000,15,Cerdanya,251790,Prullans,0,0.47,0,0.47,bks7-dkfd
2022-03-03T00:00:00.000,33,Segrià,251207,Lleida,0.1,0.1,0,0.2,bks7-dkfd
2022-03-03T00:00:00.000,11,Baix Llobregat,081234,Molins de Rei,0.016,0,0,0.016,bks7-dkfd
2022-03-03T00:00:00.000,03,Alt Penedès,080919,Gelida,0,0.002,0,0.002,bks7-dkfd
2022-03-03T00:00:00.000,15,Cerdanya,251272,Lles de Cerdanya,0,0.1235,0,0.1235,bks7-dkfd
2022-03-04T00:00:00.000,11,Baix Llobregat,083015,Viladecans,0.034,0,0,0.034,bks7-dkfd
2022-03-05T00:00:00.000,25,Pallars Jussà,252347,Tremp,0.1,0,0,0.1,bks7-dkfd
2022-03-05T00:00:00.000,04,Alt Urgell,251556,Organyà,0,0.05,0,0.05,bks7-dkfd
2022-03-05T00:00:00.000,33,Segrià,251207,Lleida,0,0.1,0,0.1,bks7-dkfd
2022-03-05T00:00:00.000,07,Bages,080983,Sant Salvador de Guardiola,0.03,0,0,0.03,bks7-dkfd
2022-03-06T00:00:00.000,10,Baix Empordà,171175,Palafrugell,0.002,0,0,0.002,bks7-dkfd
2022-03-06T00:00:00.000,07,Bages,081136,Manresa,0.025,0,0,0.025,bks7-dkfd
2022-03-06T00:00:00.000,23,Noguera,250621,Camarasa,0,0.0001,0,0.0001,bks7-dkfd
2022-03-07T00:00:00.000,25,Pallars Jussà,251902,Salàs de Pallars,0,0.6,0.2,0.6,bks7-dkfd
2022-03-10T00:00:00.000,33,Segrià,252326,Torres de Segre,0,0.25,0,0.25,bks7-dkfd
2022-03-10T00:00:00.000,26,Pallars Sobirà,250864,Esterri d'Àneu,0,0.9891,0,0.9891,bks7-dkfd
2022-03-22T00:00:00.000,13,Barcelonès,080193,Barcelona,0,0.0001,0,0.0001,bks7-dkfd
2022-03-23T00:00:00.000,33,Segrià,252326,Torres de Segre,0,0.63,0,0.63,bks7-dkfd
2022-03-23T00:00:00.000,03,Alt Penedès,083054,Vilafranca del Penedès,0,0.05,0,0.05,bks7-dkfd
2022-04-04T00:00:00.000,01,Alt Camp,430056,Alcover,0,0.389,0,0.389,bks7-dkfd
2022-04-04T00:00:00.000,11,Baix Llobregat,081960,Sant Andreu de la Barca,0.0067,0,0,0.0067,bks7-dkfd
2022-04-04T00:00:00.000,11,Baix Llobregat,080898,Gavà,0.005,0,0,0.005,bks7-dkfd
2022-04-06T00:00:00.000,03,Alt Penedès,081228,Mediona,0,0.005,0.005,0.005,bks7-dkfd
2022-04-06T00:00:00.000,33,Segrià,252326,Torres de Segre,0.06,0.02,0,0.08,bks7-dkfd
2022-04-06T00:00:00.000,23,Noguera,250404,Balaguer,0.44,0.1,0,0.54,bks7-dkfd
2022-04-06T00:00:00.000,21,Maresme,080095,Argentona,0,0.1,0,0.1,bks7-dkfd
2022-04-07T00:00:00.000,04,Alt Urgell,250772,Coll de Nargó,0,0.93,0.3,0.93,bks7-dkfd
2022-04-07T00:00:00.000,11,Baix Llobregat,081477,Olesa de Montserrat,0.038,0,0,0.038,bks7-dkfd
2022-04-07T00:00:00.000,37,Terra Alta,430228,Batea,0.03,0,0,0.03,bks7-dkfd
2022-04-07T00:00:00.000,17,Garraf,082310,Sant Pere de Ribes,0.86,0,0,0.86,bks7-dkfd
2022-04-08T00:00:00.000,17,Garraf,082310,Sant Pere de Ribes,16.3,7.41,0,23.71,bks7-dkfd
2022-04-08T00:00:00.000,11,Baix Llobregat,080765,Esparreguera,0.41,2.79,0.93,3.2,bks7-dkfd
2022-04-09T00:00:00.000,28,Pla de l'Estany,170157,Banyoles,0.0003,0,0,0.0003,bks7-dkfd
2022-04-09T00:00:00.000,08,Baix Camp,430154,Arbolí,0,0.01,0,0.01,bks7-dkfd
2022-04-09T00:00:00.000,18,Garrigues,250292,Arbeca,0,0.14,0,0.14,bks7-dkfd
2022-04-10T00:00:00.000,40,Vallès Occidental,081252,Montcada i Reixac,0,0.02,0,0.02,bks7-dkfd
2022-04-10T00:00:00.000,33,Segrià,252326,Torres de Segre,0.05,0.05,0,0.1,bks7-dkfd
2022-04-12T00:00:00.000,25,Pallars Jussà,252347,Tremp,0,0.2821,0,0.2821,bks7-dkfd
2022-04-14T00:00:00.000,25,Pallars Jussà,250019,Abella de la Conca,0,0.1,0,0.1,bks7-dkfd
2022-04-15T00:00:00.000,41,Vallès Oriental,081154,Martorelles,0,0.12,0,0.12,bks7-dkfd
2022-04-15T00:00:00.000,24,Osona,081509,Orís,0.74,1.27,0,2.01,bks7-dkfd
2022-04-16T00:00:00.000,33,Segrià,251207,Lleida,0.15,0,0,0.15,bks7-dkfd
2022-04-16T00:00:00.000,15,Cerdanya,170242,Bolvir,0.25,0.3,0.28,0.55,bks7-dkfd
2022-04-17T00:00:00.000,09,Baix Ebre,431554,Tortosa,0,0.003,0,0.003,bks7-dkfd
2022-04-19T00:00:00.000,07,Bages,080902,Gaià,0.012,0,0,0.012,bks7-dkfd
2022-04-27T00:00:00.000,15,Cerdanya,170242,Bolvir,0,0.015,0,0.015,bks7-dkfd
2022-04-29T00:00:00.000,33,Segrià,251207,Lleida,0.057,0,0,0.057,bks7-dkfd
2022-04-30T00:00:00.000,07,Bages,082188,Sant Joan de Vilatorrada,0.0015,0.01,0,0.0115,bks7-dkfd
2022-04-30T00:00:00.000,16,Conca de Barberà,430290,Blancafort,0.0488,0,0,0.0488,bks7-dkfd
2022-05-01T00:00:00.000,06,Anoia,081022,Igualada,0.01,0,0,0.01,bks7-dkfd
2022-05-04T00:00:00.000,13,Barcelonès,080193,Barcelona,0,0.0013,0,0.0013,bks7-dkfd
2022-05-05T00:00:00.000,20,Gironès,170792,Girona,0,0.11,0,0.11,bks7-dkfd
2022-05-06T00:00:00.000,20,Gironès,170499,Celrà,0.98,0,0,0.98,bks7-dkfd
2022-05-06T00:00:00.000,30,Ribera d'Ebre,430607,Flix,0,0.004,0,0.004,bks7-dkfd
2022-05-07T00:00:00.000,09,Baix Ebre,430136,"Ametlla de Mar, l'",0,0.0109,0,0.0109,bks7-dkfd
2022-05-07T00:00:00.000,34,Selva,172023,Tossa de Mar,0.004,0,0,0.004,bks7-dkfd
2022-05-07T00:00:00.000,33,Segrià,252043,Seròs,22.01,25.56,0.89,47.57,bks7-dkfd
2022-05-07T00:00:00.000,08,Baix Camp,430332,Botarell,0,0.27,1.49,0.27,bks7-dkfd
2022-05-08T00:00:00.000,07,Bages,081136,Manresa,0.02,0,0,0.02,bks7-dkfd
2022-05-09T00:00:00.000,11,Baix Llobregat,081960,Sant Andreu de la Barca,0.003,0,0,0.003,bks7-dkfd
2022-05-09T00:00:00.000,33,Segrià,250788,Corbins,2.06,2.56,0.15,4.62,bks7-dkfd
2022-05-09T00:00:00.000,26,Pallars Sobirà,259031,"Guingueta d'Àneu, la",0.016,0,0,0.016,bks7-dkfd
2022-05-09T00:00:00.000,33,Segrià,250788,Corbins,0,0.43,0,0.43,bks7-dkfd
2022-05-09T00:00:00.000,09,Baix Ebre,431554,Tortosa,0.008,0,0,0.008,bks7-dkfd
2022-05-10T00:00:00.000,04,Alt Urgell,250886,Estamariu,0,0.02,0,0.02,bks7-dkfd
2022-05-10T00:00:00.000,33,Segrià,252108,Soses,0.49,0.64,0,1.13,bks7-dkfd
2022-05-10T00:00:00.000,23,Noguera,252311,Torrelameu,12.52,2.26,1.46,14.78,bks7-dkfd
2022-05-10T00:00:00.000,37,Terra Alta,430640,Gandesa,0,0.05,0.03,0.05,bks7-dkfd
2022-05-11T00:00:00.000,11,Baix Llobregat,080765,Esparreguera,0.0025,0,0,0.0025,bks7-dkfd
2022-05-11T00:00:00.000,20,Gironès,170792,Girona,0.0853,0.0927,0,0.178,bks7-dkfd
2022-05-11T00:00:00.000,07,Bages,080615,Castellgalí,0.2305,0,0,0.2305,bks7-dkfd
2022-05-11T00:00:00.000,07,Bages,080615,Castellgalí,0.093,0,0,0.093,bks7-dkfd
2022-05-12T00:00:00.000,40,Vallès Occidental,082606,Santa Perpètua de Mogoda,0,0.035,0,0.035,bks7-dkfd
2022-05-12T00:00:00.000,20,Gironès,170209,Bescanó,0.057,0,0,0.057,bks7-dkfd
2022-05-13T00:00:00.000,41,Vallès Oriental,081810,"Roca del Vallès, la",0.085,0,0,0.085,bks7-dkfd
2022-05-13T00:00:00.000,33,Segrià,251207,Lleida,0,0.27,0,0.27,bks7-dkfd
2022-05-13T00:00:00.000,18,Garrigues,251180,Juncosa,0.008,0.012,0,0.02,bks7-dkfd
2022-05-13T00:00:00.000,25,Pallars Jussà,250984,Gavet de la Conca,0,0.25,0,0.25,bks7-dkfd
2022-05-13T00:00:00.000,41,Vallès Oriental,080235,Bigues i Riells,0.218,0,0.042,0.218,bks7-dkfd
2022-05-13T00:00:00.000,23,Noguera,250404,Balaguer,0.02,0,0,0.02,bks7-dkfd
2022-05-13T00:00:00.000,09,Baix Ebre,431554,Tortosa,0.05,0,0,0.05,bks7-dkfd
2022-05-13T00:00:00.000,07,Bages,081825,"Pont de Vilomara i Rocafort, el",1.67,0.32,0.02,1.99,bks7-dkfd
2022-05-13T00:00:00.000,07,Bages,080615,Castellgalí,0,0.003,0,0.003,bks7-dkfd
2022-05-14T00:00:00.000,14,Berguedà,081770,"Quar, la",0,0.0021,0,0.0021,bks7-dkfd
2022-05-14T00:00:00.000,11,Baix Llobregat,081960,Sant Andreu de la Barca,0.0034,0,0,0.0034,bks7-dkfd
2022-05-14T00:00:00.000,18,Garrigues,250560,Bovera,0,0.013,0,0.013,bks7-dkfd
2022-05-14T00:00:00.000,41,Vallès Oriental,082021,Sant Celoni,0.02,0,0,0.02,bks7-dkfd
2022-05-15T00:00:00.000,41,Vallès Oriental,080057,"Ametlla del Vallès, l'",0,0.25,0,0.25,bks7-dkfd
2022-05-15T00:00:00.000,20,Gironès,170675,Flaçà,0.001,0,0,0.001,bks7-dkfd
2022-05-15T00:00:00.000,40,Vallès Occidental,082055,Sant Cugat del Vallès,0,0.008,0,0.008,bks7-dkfd
2022-05-15T00:00:00.000,07,Bages,081402,Navarcles,0.005,0,0,0.005,bks7-dkfd
2022-05-15T00:00:00.000,37,Terra Alta,430640,Gandesa,0.015,0,0,0.015,bks7-dkfd
2022-05-16T00:00:00.000,41,Vallès Oriental,082763,Tagamanent,0.2,0,0,0.2,bks7-dkfd
2022-05-16T00:00:00.000,40,Vallès Occidental,083008,Viladecavalls,0.3,0.52,0.05,0.82,bks7-dkfd
2022-05-16T00:00:00.000,20,Gironès,170792,Girona,0,0.024,0,0.024,bks7-dkfd
2022-05-16T00:00:00.000,06,Anoia,081653,"Pobla de Claramunt, la",0.737,0.0941,0,0.8311,bks7-dkfd
2022-05-16T00:00:00.000,18,Garrigues,250096,"Albi, l'",0.95,0,0.54,0.95,bks7-dkfd
2022-05-16T00:00:00.000,41,Vallès Oriental,081810,"Roca del Vallès, la",0.62,0.89,0.05,1.51,bks7-dkfd
2022-05-16T00:00:00.000,03,Alt Penedès,081228,Mediona,0.03,0,0,0.03,bks7-dkfd
2022-05-16T00:00:00.000,28,Pla de l'Estany,170157,Banyoles,0.02,0,0,0.02,bks7-dkfd
2022-05-17T00:00:00.000,12,Baix Penedès,430379,Calafell,0,0.008,0,0.008,bks7-dkfd
2022-05-17T00:00:00.000,07,Bages,081136,Manresa,0.01,0,0,0.01,bks7-dkfd
2022-05-17T00:00:00.000,04,Alt Urgell,252398,"Valls de Valira, les",0,0.02,0.02,0.02,bks7-dkfd
2022-05-17T00:00:00.000,30,Ribera d'Ebre,430607,Flix,0,0.161,0.311,0.161,bks7-dkfd
2022-05-17T00:00:00.000,04,Alt Urgell,251497,Oliana,0.08,0,0,0.08,bks7-dkfd
2022-05-17T00:00:00.000,41,Vallès Oriental,081982,Sant Antoni de Vilamajor,0,0.035,0.02,0.035,bks7-dkfd
2022-05-17T00:00:00.000,34,Selva,170280,Brunyola i Sant Martí Sapresa,0.56,0,0,0.56,bks7-dkfd
2022-05-17T00:00:00.000,41,Vallès Oriental,081075,Lliçà d'Amunt,0,0.012,0.005,0.012,bks7-dkfd
2022-05-17T00:00:00.000,34,Selva,170280,Brunyola i Sant Martí Sapresa,0.1,0,0,0.1,bks7-dkfd
2022-05-17T00:00:00.000,28,Pla de l'Estany,170157,Banyoles,0,0.0025,0,0.0025,bks7-dkfd
2022-05-18T00:00:00.000,18,Garrigues,250061,"Albagés, l'",0,0.017,0.233,0.017,bks7-dkfd
2022-05-19T00:00:00.000,25,Pallars Jussà,251155,Isona i Conca Dellà,0,0.13,0,0.13,bks7-dkfd
2022-05-19T00:00:00.000,24,Osona,081120,Manlleu,0.004,0,0,0.004,bks7-dkfd
2022-05-19T00:00:00.000,41,Vallès Oriental,082943,Vallgorguina,0.02,0,0,0.02,bks7-dkfd
2022-05-19T00:00:00.000,28,Pla de l'Estany,170157,Banyoles,0,0.02,0,0.02,bks7-dkfd
2022-05-19T00:00:00.000,11,Baix Llobregat,080728,Corbera de Llobregat,0.0012,0,0,0.0012,bks7-dkfd
2022-05-20T00:00:00.000,02,Alt Empordà,170307,Cabanes,0.0475,0,0,0.0475,bks7-dkfd
2022-05-20T00:00:00.000,30,Ribera d'Ebre,430846,Miravet,0,0.25,0,0.25,bks7-dkfd
2022-05-20T00:00:00.000,04,Alt Urgell,252398,"Valls de Valira, les",0,0.01,0,0.01,bks7-dkfd
2022-05-20T00:00:00.000,24,Osona,082711,Sobremunt,0.125,0,0,0.125,bks7-dkfd
2022-05-20T00:00:00.000,34,Selva,171931,Sils,0.03,0,0,0.03,bks7-dkfd
2022-05-20T00:00:00.000,20,Gironès,170871,Juià,0.033,0,0,0.033,bks7-dkfd
2022-05-20T00:00:00.000,30,Ribera d'Ebre,430653,Garcia,0,0.009,0,0.009,bks7-dkfd
2022-05-20T00:00:00.000,34,Selva,171931,Sils,0.04,0,0,0.04,bks7-dkfd
2022-05-20T00:00:00.000,11,Baix Llobregat,080689,Cervelló,0.66,0,0,0.66,bks7-dkfd
2022-05-20T00:00:00.000,33,Segrià,259123,Gimenells i el Pla de la Font,2.84,0.28,0.13,3.12,bks7-dkfd
2022-05-20T00:00:00.000,41,Vallès Oriental,081075,Lliçà d'Amunt,0.008,0,0,0.008,bks7-dkfd
2022-05-21T00:00:00.000,40,Vallès Occidental,081252,Montcada i Reixac,0,0.0003,0,0.0003,bks7-dkfd
2022-05-21T00:00:00.000,01,Alt Camp,430056,Alcover,0,0.005,0,0.005,bks7-dkfd
2022-05-22T00:00:00.000,24,Osona,081120,Manlleu,0.03,0,0,0.03,bks7-dkfd
2022-05-22T00:00:00.000,15,Cerdanya,170242,Bolvir,0,0.004,0,0.004,bks7-dkfd
2022-05-22T00:00:00.000,20,Gironès,170448,Cassà de la Selva,0.093,0,0,0.093,bks7-dkfd
2022-05-22T00:00:00.000,33,Segrià,259123,Gimenells i el Pla de la Font,0,0.27,0.04,0.27,bks7-dkfd
2022-05-22T00:00:00.000,09,Baix Ebre,431554,Tortosa,0,0.004,0,0.004,bks7-dkfd
2022-05-22T00:00:00.000,06,Anoia,081653,"Pobla de Claramunt, la",0.2434,0,0,0.2434,bks7-dkfd
2022-05-22T00:00:00.000,33,Segrià,250788,Corbins,0,0.16,0,0.16,bks7-dkfd
2022-05-23T00:00:00.000,11,Baix Llobregat,082080,Sant Esteve Sesrovires,0,0.15,0.3,0.15,bks7-dkfd
2022-05-23T00:00:00.000,11,Baix Llobregat,080728,Corbera de Llobregat,0,0.015,0,0.015,bks7-dkfd
2022-05-24T00:00:00.000,09,Baix Ebre,439018,Deltebre,0,0.48,0,0.48,bks7-dkfd
2022-05-28T00:00:00.000,11,Baix Llobregat,082009,Sant Boi de Llobregat,0,0.62,0,0.62,bks7-dkfd
2022-05-28T00:00:00.000,07,Bages,081136,Manresa,0,0.525,0,0.525,bks7-dkfd
2022-05-28T00:00:00.000,07,Bages,082188,Sant Joan de Vilatorrada,0.017,0,0,0.017,bks7-dkfd
2022-05-30T00:00:00.000,30,Ribera d'Ebre,430192,Ascó,1.27,1.71,4.07,2.98,bks7-dkfd
2022-05-31T00:00:00.000,13,Barcelonès,080193,Barcelona,0.0034,0,0,0.0034,bks7-dkfd
2022-05-31T00:00:00.000,25,Pallars Jussà,251155,Isona i Conca Dellà,0,0.5,0,0.5,bks7-dkfd
2022-05-31T00:00:00.000,09,Baix Ebre,431554,Tortosa,0.16,0,0,0.16,bks7-dkfd
2022-05-31T00:00:00.000,29,Priorat,431573,Ulldemolins,2.61,3.31,0.42,5.92,bks7-dkfd
2022-06-01T00:00:00.000,09,Baix Ebre,431554,Tortosa,0,0.018,0,0.018,bks7-dkfd
2022-06-01T00:00:00.000,35,Solsonès,251240,Lladurs,0.001,0,0,0.001,bks7-dkfd
2022-06-02T00:00:00.000,11,Baix Llobregat,080898,Gavà,0,0.0646,0,0.0646,bks7-dkfd
2022-06-02T00:00:00.000,03,Alt Penedès,081458,Olèrdola,0.43,1.16,0.12,1.59,bks7-dkfd
2022-06-02T00:00:00.000,21,Maresme,080351,Calella,0.2,0.2,0.1,0.4,bks7-dkfd
2022-06-03T00:00:00.000,41,Vallès Oriental,082482,Santa Eulàlia de Ronçana,0.015,0,0,0.015,bks7-dkfd
2022-06-03T00:00:00.000,09,Baix Ebre,431554,Tortosa,0.39,0,0,0.39,bks7-dkfd
2022-06-04T00:00:00.000,37,Terra Alta,431750,Vilalba dels Arcs,3.71,0.52,0.7,4.23,bks7-dkfd
2022-06-04T00:00:00.000,11,Baix Llobregat,081477,Olesa de Montserrat,0.05,0,0,0.05,bks7-dkfd
2022-06-05T00:00:00.000,41,Vallès Oriental,080977,Gualba,0.068,0,0,0.068,bks7-dkfd
2022-06-06T00:00:00.000,06,Anoia,081521,Orpí,0,0.0004,0,0.0004,bks7-dkfd
2022-06-06T00:00:00.000,09,Baix Ebre,431554,Tortosa,0,0.0004,0,0.0004,bks7-dkfd
2022-06-06T00:00:00.000,03,Alt Penedès,082515,Santa Margarida i els Monjos,0,0.01,0,0.01,bks7-dkfd
2022-06-07T00:00:00.000,02,Alt Empordà,170545,Colera,0.075,0,0,0.075,bks7-dkfd
2022-06-07T00:00:00.000,10,Baix Empordà,170340,Calonge i Sant Antoni,0.01,0,0,0.01,bks7-dkfd
2022-06-08T00:00:00.000,11,Baix Llobregat,081477,Olesa de Montserrat,0,0.0075,0,0.0075,bks7-dkfd
2022-06-08T00:00:00.000,13,Barcelonès,080193,Barcelona,0.002,0,0,0.002,bks7-dkfd
2022-06-09T00:00:00.000,30,Ribera d'Ebre,431779,Vinebre,0,0.02,0,0.02,bks7-dkfd
2022-06-09T00:00:00.000,33,Segrià,250365,Aspa,0,0.99,4.2,0.99,bks7-dkfd
2022-06-11T00:00:00.000,40,Vallès Occidental,082055,Sant Cugat del Vallès,0.0004,0,0,0.0004,bks7-dkfd
2022-06-11T00:00:00.000,11,Baix Llobregat,080692,Collbató,0.005,0,0,0.005,bks7-dkfd
2022-06-11T00:00:00.000,25,Pallars Jussà,252154,Talarn,0,0.05,0.35,0.05,bks7-dkfd
2022-06-11T00:00:00.000,02,Alt Empordà,172288,Vilanant,4.49,0,3.35,4.49,bks7-dkfd
2022-06-11T00:00:00.000,10,Baix Empordà,170340,Calonge i Sant Antoni,0,0.13,0,0.13,bks7-dkfd
2022-06-12T00:00:00.000,26,Pallars Sobirà,252081,Soriguera,0.02,0.03,0,0.05,bks7-dkfd
2022-06-12T00:00:00.000,35,Solsonès,251484,Odèn,0,0.0275,0,0.0275,bks7-dkfd
2022-06-12T00:00:00.000,14,Berguedà,081666,"Pobla de Lillet, la",0.006,0,0,0.006,bks7-dkfd
2022-06-12T00:00:00.000,40,Vallès Occidental,082055,Sant Cugat del Vallès,0.0002,0,0,0.0002,bks7-dkfd
2022-06-13T00:00:00.000,34,Selva,171030,Maçanet de la Selva,0.004,0,0,0.004,bks7-dkfd
2022-06-13T00:00:00.000,04,Alt Urgell,259101,Josa i Tuixén,0,0.0005,0,0.0005,bks7-dkfd
2022-06-13T00:00:00.000,20,Gironès,170871,Juià,0.29,0.33,13.57,0.62,bks7-dkfd
2022-06-14T00:00:00.000,30,Ribera d'Ebre,430846,Miravet,0.53,0,0.18,0.53,bks7-dkfd
2022-06-14T00:00:00.000,41,Vallès Oriental,081810,"Roca del Vallès, la",0.16,0.05,4.27,0.21,bks7-dkfd
2022-06-15T00:00:00.000,25,Pallars Jussà,250019,Abella de la Conca,0.05,0,0,0.05,bks7-dkfd
2022-06-15T00:00:00.000,35,Solsonès,250642,Castellar de la Ribera,233.46,8.93,82.09,242.39,bks7-dkfd
2022-06-15T00:00:00.000,23,Noguera,250349,Artesa de Segre,1174.86,1330.05,178.41,2504.91,bks7-dkfd
2022-06-15T00:00:00.000,35,Solsonès,251240,Lladurs,0.1,0,0,0.1,bks7-dkfd
2022-06-15T00:00:00.000,35,Solsonès,250642,Castellar de la Ribera,0.366,0,0,0.366,bks7-dkfd
2022-06-15T00:00:00.000,04,Alt Urgell,250772,Coll de Nargó,0.07,0.03,0,0.1,bks7-dkfd
2022-06-15T00:00:00.000,25,Pallars Jussà,250019,Abella de la Conca,0.07,0.1,0,0.17,bks7-dkfd
2022-06-15T00:00:00.000,04,Alt Urgell,251497,Oliana,0.0957,0.1,0,0.1957,bks7-dkfd
2022-06-15T00:00:00.000,03,Alt Penedès,080581,Castellet i la Gornal,0,0.037,0,0.037,bks7-dkfd
2022-06-15T00:00:00.000,11,Baix Llobregat,082042,Sant Climent de Llobregat,0.015,0.1223,0,0.1373,bks7-dkfd
2022-06-15T00:00:00.000,23,Noguera,250946,Foradada,0.87,0.32,2.38,1.19,bks7-dkfd
2022-06-15T00:00:00.000,29,Priorat,430960,"Morera de Montsant, la",0,2.31,0,2.31,bks7-dkfd
2022-06-15T00:00:00.000,25,Pallars Jussà,251288,Llimiana,0,0.015,0,0.015,bks7-dkfd
2022-06-15T00:00:00.000,35,Solsonès,250642,Castellar de la Ribera,5.28,0.75,5.19,6.03,bks7-dkfd
2022-06-15T00:00:00.000,04,Alt Urgell,251497,Oliana,0.09,0,0,0.09,bks7-dkfd
2022-06-15T00:00:00.000,35,Solsonès,250642,Castellar de la Ribera,0.18,0,0,0.18,bks7-dkfd
2022-06-15T00:00:00.000,04,Alt Urgell,250772,Coll de Nargó,0.07,0,0,0.07,bks7-dkfd
2022-06-15T00:00:00.000,37,Terra Alta,430483,Corbera d'Ebre,227.21,67.39,79.6,294.6,bks7-dkfd
2022-06-15T00:00:00.000,02,Alt Empordà,171432,Rabós,0.25,0.74,0,0.99,bks7-dkfd
2022-06-16T00:00:00.000,04,Alt Urgell,259097,"Vansa i Fórnols, la",0.0008,0,0,0.0008,bks7-dkfd
2022-06-16T00:00:00.000,25,Pallars Jussà,251615,Conca de Dalt,0.004,0,0,0.004,bks7-dkfd
2022-06-16T00:00:00.000,25,Pallars Jussà,252271,"Torre de Cabdella, la",0.004,0,0,0.004,bks7-dkfd
2022-06-16T00:00:00.000,41,Vallès Oriental,080961,Granollers,0,0.06,2.04,0.06,bks7-dkfd
2022-06-16T00:00:00.000,11,Baix Llobregat,080692,Collbató,0.001,0,0,0.001,bks7-dkfd
2022-06-16T00:00:00.000,04,Alt Urgell,259097,"Vansa i Fórnols, la",0.02,0,0,0.02,bks7-dkfd
2022-06-16T00:00:00.000,35,Solsonès,251240,Lladurs,44.36,0.54,0,44.9,bks7-dkfd
2022-06-16T00:00:00.000,04,Alt Urgell,250616,Cabó,0.2,0,0,0.2,bks7-dkfd
2022-06-16T00:00:00.000,04,Alt Urgell,250772,Coll de Nargó,0.53,0,0,0.53,bks7-dkfd
2022-06-16T00:00:00.000,07,Bages,081918,Sallent,2.96,3.14,18.57,6.1,bks7-dkfd
2022-06-17T00:00:00.000,01,Alt Camp,430918,Mont-ral,1.65,0.04,0.02,1.69,bks7-dkfd
2022-06-17T00:00:00.000,23,Noguera,250426,"Baronia de Rialb, la",0.09,0,0,0.09,bks7-dkfd
2022-06-17T00:00:00.000,20,Gironès,170792,Girona,0.019,0,0,0.019,bks7-dkfd
2022-06-17T00:00:00.000,33,Segrià,250387,Aitona,0.36,2.16,1.28,2.52,bks7-dkfd
2022-06-17T00:00:00.000,07,Bages,081136,Manresa,0,0.005,0,0.005,bks7-dkfd
2022-06-17T00:00:00.000,04,Alt Urgell,251654,Peramola,0.89,0.44,0,1.33,bks7-dkfd
2022-06-17T00:00:00.000,10,Baix Empordà,170340,Calonge i Sant Antoni,0.0035,0,0,0.0035,bks7-dkfd
2022-06-17T00:00:00.000,04,Alt Urgell,250447,Bassella,10.64,0,0.42,10.64,bks7-dkfd
2022-06-17T00:00:00.000,05,Alta Ribagorça,250432,"Vall de Boí, la",7.44,11.68,0,19.12,bks7-dkfd
2022-06-18T00:00:00.000,17,Garraf,081483,Olivella,94.2,66.83,0.45,161.03,bks7-dkfd
2022-06-18T00:00:00.000,24,Osona,081607,Perafita,0,0.02,0,0.02,bks7-dkfd
2022-06-18T00:00:00.000,35,Solsonès,251462,Navès,0.0204,0,0,0.0204,bks7-dkfd
2022-06-18T00:00:00.000,33,Segrià,251207,Lleida,0.05,0.25,0.05,0.3,bks7-dkfd
2022-06-18T00:00:00.000,14,Berguedà,251001,Gósol,1.59,0,0,1.59,bks7-dkfd
2022-06-18T00:00:00.000,35,Solsonès,251462,Navès,0.0146,0,0,0.0146,bks7-dkfd
2022-06-18T00:00:00.000,13,Barcelonès,082457,Santa Coloma de Gramenet,0.99,4.45,0,5.44,bks7-dkfd
2022-06-18T00:00:00.000,35,Solsonès,251462,Navès,0,0.0173,0,0.0173,bks7-dkfd
2022-06-18T00:00:00.000,35,Solsonès,251462,Navès,0,0.0155,0,0.0155,bks7-dkfd
2022-06-18T00:00:00.000,35,Solsonès,251462,Navès,0,0.0002,0,0.0002,bks7-dkfd
2022-06-19T00:00:00.000,02,Alt Empordà,170932,Llers,0.028,0,0.56,0.028,bks7-dkfd
2022-06-19T00:00:00.000,36,Tarragonès,430430,"Catllar, el",0,0.0047,0,0.0047,bks7-dkfd
2022-06-19T00:00:00.000,07,Bages,080478,Cardona,0,0.0012,0,0.0012,bks7-dkfd
2022-06-19T00:00:00.000,24,Osona,082331,Sant Pere de Torelló,0,0.038,0,0.038,bks7-dkfd
2022-06-19T00:00:00.000,02,Alt Empordà,170932,Llers,0.035,0,0,0.035,bks7-dkfd
2022-06-19T00:00:00.000,04,Alt Urgell,251654,Peramola,50.61,47.99,13.13,98.6,bks7-dkfd
2022-06-19T00:00:00.000,37,Terra Alta,430326,Bot,2.47,3.64,0,6.11,bks7-dkfd
2022-06-19T00:00:00.000,34,Selva,171019,Massanes,0.06,0,0,0.06,bks7-dkfd
2022-06-20T00:00:00.000,40,Vallès Occidental,082671,Sentmenat,0.3,1.18,3.02,1.48,bks7-dkfd
2022-06-20T00:00:00.000,13,Barcelonès,080193,Barcelona,0,0.002,0,0.002,bks7-dkfd
2022-06-20T00:00:00.000,04,Alt Urgell,250616,Cabó,0.04,0,0,0.04,bks7-dkfd
2022-06-21T00:00:00.000,17,Garraf,082310,Sant Pere de Ribes,18.94,4.45,0,23.39,bks7-dkfd
2022-06-23T00:00:00.000,11,Baix Llobregat,082080,Sant Esteve Sesrovires,0,0.005,0,0.005,bks7-dkfd
2022-06-23T00:00:00.000,40,Vallès Occidental,082055,Sant Cugat del Vallès,0,0.002,0,0.002,bks7-dkfd
2022-06-23T00:00:00.000,34,Selva,171805,Santa Coloma de Farners,0,0.01,0,0.01,bks7-dkfd
2022-06-23T00:00:00.000,41,Vallès Oriental,080410,Canovelles,0,0.32,0,0.32,bks7-dkfd
2022-06-23T00:00:00.000,40,Vallès Occidental,081252,Montcada i Reixac,0,0.3,0,0.3,bks7-dkfd
2022-06-23T00:00:00.000,11,Baix Llobregat,080689,Cervelló,0.025,0,0,0.025,bks7-dkfd
2022-06-23T00:00:00.000,02,Alt Empordà,170160,Bàscara,0.2,0,1.6,0.2,bks7-dkfd
2022-06-23T00:00:00.000,02,Alt Empordà,170160,Bàscara,0.17,0,0.3,0.17,bks7-dkfd
2022-06-23T00:00:00.000,10,Baix Empordà,171997,Torroella de Montgrí,0,0.0018,0,0.0018,bks7-dkfd
2022-06-24T00:00:00.000,20,Gironès,170890,Llagostera,0,0.0004,0,0.0004,bks7-dkfd
2022-06-24T00:00:00.000,20,Gironès,170792,Girona,0,0.001,0,0.001,bks7-dkfd
2022-06-24T00:00:00.000,40,Vallès Occidental,081878,Sabadell,0,0.018,0,0.018,bks7-dkfd
2022-06-24T00:00:00.000,10,Baix Empordà,171267,Parlavà,0.04,0,0,0.04,bks7-dkfd
2022-06-24T00:00:00.000,25,Pallars Jussà,252347,Tremp,0.1,0.3,0.2,0.4,bks7-dkfd
2022-06-24T00:00:00.000,30,Ribera d'Ebre,430939,Móra d'Ebre,0.1738,0,0,0.1738,bks7-dkfd
2022-06-24T00:00:00.000,02,Alt Empordà,171886,"Selva de Mar, la",0,0.003,0,0.003,bks7-dkfd
2022-06-25T00:00:00.000,02,Alt Empordà,170010,Agullana,2.64,1.08,0,3.72,bks7-dkfd
2022-06-25T00:00:00.000,18,Garrigues,250292,Arbeca,0,2.42,21.98,2.42,bks7-dkfd
2022-06-25T00:00:00.000,34,Selva,171931,Sils,0.21,1.33,2.86,1.54,bks7-dkfd
2022-06-25T00:00:00.000,17,Garraf,082310,Sant Pere de Ribes,0.0001,0,0,0.0001,bks7-dkfd
2022-06-27T00:00:00.000,24,Osona,082785,Taradell,0,0.005,0,0.005,bks7-dkfd
2022-06-27T00:00:00.000,20,Gironès,170890,Llagostera,0.005,0,0,0.005,bks7-dkfd
2022-06-27T00:00:00.000,01,Alt Camp,430363,Cabra del Camp,0,0.009,0,0.009,bks7-dkfd
2022-06-28T00:00:00.000,37,Terra Alta,430712,Horta de Sant Joan,0,0.01,0,0.01,bks7-dkfd
2022-06-28T00:00:00.000,28,Pla de l'Estany,170561,Cornellà del Terri,0.02,0,0.75,0.02,bks7-dkfd
2022-06-28T00:00:00.000,42,Moianès,082589,Santa Maria d'Oló,0.015,0,0.005,0.015,bks7-dkfd
2022-06-29T00:00:00.000,11,Baix Llobregat,081141,Martorell,0,0.1595,0,0.1595,bks7-dkfd
2022-06-29T00:00:00.000,23,Noguera,250349,Artesa de Segre,32.91,28.11,68.21,61.01,bks7-dkfd
2022-06-29T00:00:00.000,34,Selva,171595,Sant Feliu de Buixalleu,0.018,0,0,0.018,bks7-dkfd
2022-06-29T00:00:00.000,41,Vallès Oriental,080410,Canovelles,0,0.003,0,0.003,bks7-dkfd
2022-06-29T00:00:00.000,33,Segrià,251207,Lleida,0,0.166,0,0.166,bks7-dkfd
2022-06-29T00:00:00.000,01,Alt Camp,431613,Valls,0.28,0,0,0.28,bks7-dkfd
2022-06-30T00:00:00.000,25,Pallars Jussà,251615,Conca de Dalt,0.3045,0,0,0.3045,bks7-dkfd
2022-06-30T00:00:00.000,35,Solsonès,251484,Odèn,0.02,0.17,0,0.19,bks7-dkfd
2022-07-01T00:00:00.000,20,Gironès,171426,Quart,0.035,0,0,0.035,bks7-dkfd
2022-07-01T00:00:00.000,31,Ripollès,171479,Ripoll,0.02,0,0,0.02,bks7-dkfd
2022-07-01T00:00:00.000,40,Vallès Occidental,081252,Montcada i Reixac,0.49,10.62,25.53,11.11,bks7-dkfd
2022-07-01T00:00:00.000,41,Vallès Oriental,080410,Canovelles,0,0.003,0,0.003,bks7-dkfd
2022-07-01T00:00:00.000,10,Baix Empordà,170486,Castell-Platja d'Aro,57.46,16.76,0.59,74.22,bks7-dkfd
2022-07-03T00:00:00.000,07,Bages,081136,Manresa,0.0435,0,0,0.0435,bks7-dkfd
2022-07-04T00:00:00.000,07,Bages,082299,Sant Mateu de Bages,1.28,0,2.82,1.28,bks7-dkfd
2022-07-04T00:00:00.000,38,Urgell,252385,Vallbona de les Monges,11.11,7.29,16.64,18.4,bks7-dkfd
2022-07-05T00:00:00.000,29,Priorat,430727,"Lloar, el",0,0.001,0,0.001,bks7-dkfd
2022-07-05T00:00:00.000,30,Ribera d'Ebre,431508,Tivissa,0.003,0,0,0.003,bks7-dkfd
2022-07-05T00:00:00.000,09,Baix Ebre,431495,Tivenys,0,0.0253,0,0.0253,bks7-dkfd
2022-07-05T00:00:00.000,16,Conca de Barberà,430542,"Espluga de Francolí, l'",0.011,0,0,0.011,bks7-dkfd
2022-07-05T00:00:00.000,37,Terra Alta,430189,Arnes,0.004,0,0,0.004,bks7-dkfd
2022-07-05T00:00:00.000,06,Anoia,081764,Pujalt,0.05,6.3,14.34,6.35,bks7-dkfd
2022-07-06T00:00:00.000,12,Baix Penedès,430304,Bonastre,0.01,0,0,0.01,bks7-dkfd
2022-07-07T00:00:00.000,02,Alt Empordà,170622,"Escala, l'",0.24,0,6.3,0.24,bks7-dkfd
2022-07-07T00:00:00.000,20,Gironès,170388,Campllong,0.02,0,0,0.02,bks7-dkfd
2022-07-07T00:00:00.000,25,Pallars Jussà,259046,Castell de Mur,0,0.36,0,0.36,bks7-dkfd
2022-07-07T00:00:00.000,16,Conca de Barberà,431074,Pira,0.087,0,0,0.087,bks7-dkfd
2022-07-08T00:00:00.000,11,Baix Llobregat,080734,Cornellà de Llobregat,0,0.51,0,0.51,bks7-dkfd
2022-07-08T00:00:00.000,40,Vallès Occidental,082055,Sant Cugat del Vallès,0.05,0.18,0,0.23,bks7-dkfd
2022-07-09T00:00:00.000,02,Alt Empordà,170865,"Jonquera, la",0.08,0,0,0.08,bks7-dkfd
2022-07-09T00:00:00.000,14,Berguedà,080500,Castellar del Riu,0.0003,0,0,0.0003,bks7-dkfd
2022-07-09T00:00:00.000,05,Alta Ribagorça,250432,"Vall de Boí, la",0.048,0,0,0.048,bks7-dkfd
2022-07-09T00:00:00.000,31,Ripollès,171479,Ripoll,0,0.0015,0,0.0015,bks7-dkfd
2022-07-10T00:00:00.000,40,Vallès Occidental,082055,Sant Cugat del Vallès,0.0058,0,0.0237,0.0058,bks7-dkfd
2022-07-10T00:00:00.000,40,Vallès Occidental,082055,Sant Cugat del Vallès,0,0.0001,0,0.0001,bks7-dkfd
2022-07-10T00:00:00.000,24,Osona,082331,Sant Pere de Torelló,0.2,0.1,0.6,0.3,bks7-dkfd
2022-07-10T00:00:00.000,22,Montsià,431567,Ulldecona,0,0.33,0,0.33,bks7-dkfd
2022-07-10T00:00:00.000,22,Montsià,431567,Ulldecona,0,0.0403,0,0.0403,bks7-dkfd
2022-07-11T00:00:00.000,02,Alt Empordà,171523,Roses,0,5.42,14.01,5.42,bks7-dkfd
2022-07-11T00:00:00.000,10,Baix Empordà,170486,Castell-Platja d'Aro,0.03,0,0,0.03,bks7-dkfd
2022-07-11T00:00:00.000,38,Urgell,252385,Vallbona de les Monges,0,0.1,0,0.1,bks7-dkfd
2022-07-11T00:00:00.000,18,Garrigues,251057,Granyena de les Garrigues,0,0.13,0,0.13,bks7-dkfd
2022-07-12T00:00:00.000,40,Vallès Occidental,081878,Sabadell,0.25,0.2,0.3,0.45,bks7-dkfd
2022-07-12T00:00:00.000,07,Bages,082628,Sant Vicenç de Castellet,7.61,5.92,0.35,13.53,bks7-dkfd
2022-07-12T00:00:00.000,03,Alt Penedès,082270,Sant Martí Sarroca,0.088,0,0.0065,0.088,bks7-dkfd
2022-07-13T00:00:00.000,37,Terra Alta,430568,"Fatarella, la",0.001,0,0,0.001,bks7-dkfd
2022-07-13T00:00:00.000,40,Vallès Occidental,081878,Sabadell,0,0.77,0,0.77,bks7-dkfd
2022-07-13T00:00:00.000,13,Barcelonès,082457,Santa Coloma de Gramenet,0,0.01,0,0.01,bks7-dkfd
2022-07-14T00:00:00.000,41,Vallès Oriental,080863,"Franqueses del Vallès, les",0.565,0,0,0.565,bks7-dkfd
2022-07-15T00:00:00.000,06,Anoia,080608,Castellfollit de Riubregós,0.052,0.0448,0.3,0.0968,bks7-dkfd
2022-07-15T00:00:00.000,11,Baix Llobregat,082009,Sant Boi de Llobregat,0,0.008,0,0.008,bks7-dkfd
2022-07-15T00:00:00.000,07,Bages,080538,Castellbell i el Vilar,0.05,0,0,0.05,bks7-dkfd
2022-07-15T00:00:00.000,40,Vallès Occidental,089045,Badia del Vallès,0,0.03,0,0.03,bks7-dkfd
2022-07-15T00:00:00.000,11,Baix Llobregat,080765,Esparreguera,0.49,0,0.36,0.49,bks7-dkfd
2022-07-15T00:00:00.000,05,Alta Ribagorça,250432,"Vall de Boí, la",0,0.02,0,0.02,bks7-dkfd
2022-07-15T00:00:00.000,13,Barcelonès,080193,Barcelona,0,0.001,0,0.001,bks7-dkfd
2022-07-15T00:00:00.000,08,Baix Camp,431690,Vilaplana,0,0.0109,0,0.0109,bks7-dkfd
2022-07-16T00:00:00.000,11,Baix Llobregat,080898,Gavà,0,0.02,0,0.02,bks7-dkfd
2022-07-16T00:00:00.000,34,Selva,170280,Brunyola i Sant Martí Sapresa,0.001,0,0,0.001,bks7-dkfd
2022-07-16T00:00:00.000,23,Noguera,250621,Camarasa,0.016,0,0,0.016,bks7-dkfd
2022-07-17T00:00:00.000,20,Gironès,171426,Quart,0.1,0,0,0.1,bks7-dkfd
2022-07-17T00:00:00.000,07,Bages,081825,"Pont de Vilomara i Rocafort, el",1073.07,349.24,158.91,1422.31,bks7-dkfd
2022-07-18T00:00:00.000,07,Bages,081136,Manresa,26.13,19.94,5.82,46.07,bks7-dkfd
2022-07-18T00:00:00.000,23,Noguera,250024,Àger,27.82,55.93,0,83.75,bks7-dkfd
2022-07-18T00:00:00.000,35,Solsonès,250642,Castellar de la Ribera,0.67,0,0.04,0.67,bks7-dkfd
2022-07-19T00:00:00.000,14,Berguedà,082994,Vilada,0.4,0.1,0,0.5,bks7-dkfd
2022-07-19T00:00:00.000,25,Pallars Jussà,252271,"Torre de Cabdella, la",0.06,0.05,0,0.11,bks7-dkfd
2022-07-19T00:00:00.000,20,Gironès,170792,Girona,0,0.0133,0,0.0133,bks7-dkfd
2022-07-19T00:00:00.000,41,Vallès Oriental,081363,Montornès del Vallès,0.018,0,0,0.018,bks7-dkfd
2022-07-19T00:00:00.000,41,Vallès Oriental,080961,Granollers,0,0.056,0,0.056,bks7-dkfd
2022-07-19T00:00:00.000,33,Segrià,251023,"Granja d'Escarp, la",0,0.075,0,0.075,bks7-dkfd
2022-07-20T00:00:00.000,24,Osona,081173,"Masies de Voltregà, les",0.07,0,0,0.07,bks7-dkfd
2022-07-20T00:00:00.000,20,Gironès,171426,Quart,0.034,0,0,0.034,bks7-dkfd
2022-07-20T00:00:00.000,19,Garrotxa,171390,"Preses, les",0,0.015,0,0.015,bks7-dkfd
2022-07-21T00:00:00.000,14,Berguedà,080168,Bagà,0,0.008,0,0.008,bks7-dkfd
2022-07-22T00:00:00.000,41,Vallès Oriental,082482,Santa Eulàlia de Ronçana,0.1,0,0.29,0.1,bks7-dkfd
2022-07-23T00:00:00.000,07,Bages,082135,Sant Fruitós de Bages,0,0.02,0,0.02,bks7-dkfd
2022-07-24T00:00:00.000,20,Gironès,170792,Girona,0.095,0,0,0.095,bks7-dkfd
2022-07-24T00:00:00.000,30,Ribera d'Ebre,430939,Móra d'Ebre,0.33,0.07,0,0.4,bks7-dkfd
2022-07-24T00:00:00.000,30,Ribera d'Ebre,430265,Benissanet,0.096,0,0,0.096,bks7-dkfd
2022-07-24T00:00:00.000,37,Terra Alta,430483,Corbera d'Ebre,0.099,0,0,0.099,bks7-dkfd
2022-07-25T00:00:00.000,14,Berguedà,082554,Santa Maria de Merlès,0,0.0004,0,0.0004,bks7-dkfd
2022-07-25T00:00:00.000,36,Tarragonès,431482,Tarragona,0.008,0,0,0.008,bks7-dkfd
2022-07-26T00:00:00.000,25,Pallars Jussà,251155,Isona i Conca Dellà,0.04,0,0.12,0.04,bks7-dkfd
2022-07-27T00:00:00.000,09,Baix Ebre,431554,Tortosa,0.3,0,0,0.3,bks7-dkfd
2022-07-28T00:00:00.000,11,Baix Llobregat,083015,Viladecans,0,0.01,0.1,0.01,bks7-dkfd
2022-07-28T00:00:00.000,34,Selva,171931,Sils,0.08,0,0,0.08,bks7-dkfd
2022-07-28T00:00:00.000,23,Noguera,250426,"Baronia de Rialb, la",0.001,0,0,0.001,bks7-dkfd
2022-07-28T00:00:00.000,11,Baix Llobregat,081691,"Prat de Llobregat, el",0,0.0342,0,0.0342,bks7-dkfd
2022-07-29T00:00:00.000,41,Vallès Oriental,081069,Llinars del Vallès,0.02,0,0.25,0.02,bks7-dkfd
2022-07-29T00:00:00.000,11,Baix Llobregat,080898,Gavà,0,0.006,0,0.006,bks7-dkfd
2022-07-29T00:00:00.000,40,Vallès Occidental,081252,Montcada i Reixac,0,0.2,0,0.2,bks7-dkfd
2022-07-29T00:00:00.000,40,Vallès Occidental,081206,Matadepera,0.0025,0,0,0.0025,bks7-dkfd
2022-07-29T00:00:00.000,20,Gironès,171637,Sant Gregori,0.173,0,0,0.173,bks7-dkfd
2022-07-29T00:00:00.000,05,Alta Ribagorça,251734,"Pont de Suert, el",0.01,0,0,0.01,bks7-dkfd
2022-07-30T00:00:00.000,20,Gironès,170792,Girona,0.05,0.16,0,0.21,bks7-dkfd
2022-07-30T00:00:00.000,02,Alt Empordà,171523,Roses,0,0.01,0,0.01,bks7-dkfd
2022-07-30T00:00:00.000,22,Montsià,430043,Alcanar,0,0.02,0,0.02,bks7-dkfd
2022-07-31T00:00:00.000,36,Tarragonès,431482,Tarragona,0,0.014,0,0.014,bks7-dkfd
2022-07-31T00:00:00.000,07,Bages,081918,Sallent,0.0012,0,0,0.0012,bks7-dkfd
2022-07-31T00:00:00.000,41,Vallès Oriental,080333,Caldes de Montbui,0.008,0,0,0.008,bks7-dkfd
2022-08-01T00:00:00.000,20,Gironès,171426,Quart,0.21,0.01,1.55,0.22,bks7-dkfd
2022-08-01T00:00:00.000,03,Alt Penedès,080137,Avinyonet del Penedès,0.22,0.64,0,0.86,bks7-dkfd
2022-08-03T00:00:00.000,36,Tarragonès,430477,Constantí,0,2.57,0.29,2.57,bks7-dkfd
2022-08-04T00:00:00.000,08,Baix Camp,430094,Alforja,0.98,3.14,0.19,4.12,bks7-dkfd
2022-08-04T00:00:00.000,09,Baix Ebre,431554,Tortosa,0,0.41,0,0.41,bks7-dkfd
2022-08-04T00:00:00.000,22,Montsià,430445,"Sénia, la",0,0.015,0,0.015,bks7-dkfd
2022-08-05T00:00:00.000,04,Alt Urgell,251497,Oliana,0.005,0,0,0.005,bks7-dkfd
2022-08-05T00:00:00.000,35,Solsonès,251462,Navès,0.001,0,0,0.001,bks7-dkfd
2022-08-05T00:00:00.000,06,Anoia,080484,Carme,0.0003,0,0,0.0003,bks7-dkfd
2022-08-05T00:00:00.000,36,Tarragonès,431310,Roda de Berà,0.06,0,0,0.06,bks7-dkfd
2022-08-05T00:00:00.000,11,Baix Llobregat,081234,Molins de Rei,0,1.58,0,1.58,bks7-dkfd
2022-08-05T00:00:00.000,26,Pallars Sobirà,250175,Alins,0,0.05,0,0.05,bks7-dkfd
2022-08-05T00:00:00.000,30,Ribera d'Ebre,431508,Tivissa,0,0.04,0,0.04,bks7-dkfd
2022-08-05T00:00:00.000,35,Solsonès,251667,Pinell de Solsonès,0.005,0,0,0.005,bks7-dkfd
2022-08-06T00:00:00.000,30,Ribera d'Ebre,431508,Tivissa,0.11,0,0,0.11,bks7-dkfd
2022-08-06T00:00:00.000,35,Solsonès,251240,Lladurs,0.26,0,0,0.26,bks7-dkfd
2022-08-06T00:00:00.000,20,Gironès,170792,Girona,0,0.03,0,0.03,bks7-dkfd
2022-08-07T00:00:00.000,26,Pallars Sobirà,259010,Vall de Cardós,0,0.6,0,0.6,bks7-dkfd
2022-08-08T00:00:00.000,22,Montsià,431567,Ulldecona,0,0.291,0,0.291,bks7-dkfd
2022-08-08T00:00:00.000,04,Alt Urgell,250306,"Pont de Bar, el",0.0025,0,0,0.0025,bks7-dkfd
2022-08-08T00:00:00.000,24,Osona,081516,Oristà,0.02,0,0,0.02,bks7-dkfd
2022-08-08T00:00:00.000,13,Barcelonès,081017,"Hospitalet de Llobregat, l'",0,1.03,0.44,1.03,bks7-dkfd
2022-08-09T00:00:00.000,40,Vallès Occidental,081252,Montcada i Reixac,0,0.0035,0,0.0035,bks7-dkfd
2022-08-10T00:00:00.000,36,Tarragonès,430430,"Catllar, el",0,0.089,0,0.089,bks7-dkfd
2022-08-10T00:00:00.000,02,Alt Empordà,170865,"Jonquera, la",3.1,2.48,0.19,5.58,bks7-dkfd
2022-08-10T00:00:00.000,07,Bages,082188,Sant Joan de Vilatorrada,0.0009,0,0,0.0009,bks7-dkfd
2022-08-12T00:00:00.000,02,Alt Empordà,171002,Masarac,0,0.12,0,0.12,bks7-dkfd
2022-08-12T00:00:00.000,20,Gironès,170792,Girona,1.92,0.09,0,2.01,bks7-dkfd
2022-08-12T00:00:00.000,21,Maresme,082613,Santa Susanna,0.02,0.08,0,0.1,bks7-dkfd
2022-08-13T00:00:00.000,40,Vallès Occidental,083008,Viladecavalls,0,0.035,0,0.035,bks7-dkfd
2022-08-14T00:00:00.000,40,Vallès Occidental,082665,Cerdanyola del Vallès,0,0.115,0,0.115,bks7-dkfd
2022-08-14T00:00:00.000,17,Garraf,082704,Sitges,0.0002,0,0,0.0002,bks7-dkfd
2022-08-14T00:00:00.000,40,Vallès Occidental,082798,Terrassa,0.0623,0,0,0.0623,bks7-dkfd
2022-08-14T00:00:00.000,21,Maresme,082359,Sant Pol de Mar,0,0.01,0,0.01,bks7-dkfd
2022-08-14T00:00:00.000,14,Berguedà,080497,Casserres,0.0225,0,0.06,0.0225,bks7-dkfd
2022-08-15T00:00:00.000,07,Bages,082423,Marganell,0.002,0,0,0.002,bks7-dkfd
2022-08-16T00:00:00.000,09,Baix Ebre,431554,Tortosa,0,0.28,0,0.28,bks7-dkfd
2022-08-16T00:00:00.000,34,Selva,171485,Riudarenes,0.0003,0,0,0.0003,bks7-dkfd
2022-08-16T00:00:00.000,29,Priorat,430859,"Molar, el",0.0012,0,0,0.0012,bks7-dkfd
2022-08-17T00:00:00.000,24,Osona,082248,Sant Martí de Centelles,0.0015,0,0,0.0015,bks7-dkfd
2022-08-17T00:00:00.000,25,Pallars Jussà,252154,Talarn,0,0.0015,0,0.0015,bks7-dkfd
2022-08-19T00:00:00.000,09,Baix Ebre,431554,Tortosa,0,0.0002,0,0.0002,bks7-dkfd
2022-08-19T00:00:00.000,34,Selva,171931,Sils,0.03,0,0.2,0.03,bks7-dkfd
2022-08-20T00:00:00.000,23,Noguera,250404,Balaguer,0,0.0747,0,0.0747,bks7-dkfd
2022-08-20T00:00:00.000,08,Baix Camp,430923,Mont-roig del Camp,0.14,0,0,0.14,bks7-dkfd
2022-08-21T00:00:00.000,16,Conca de Barberà,430542,"Espluga de Francolí, l'",0.001,0,0,0.001,bks7-dkfd
2022-08-22T00:00:00.000,09,Baix Ebre,430521,Xerta,0.01,0,0,0.01,bks7-dkfd
2022-08-22T00:00:00.000,02,Alt Empordà,171753,Sant Miquel de Fluvià,0.09,0.02,0,0.11,bks7-dkfd
2022-08-23T00:00:00.000,40,Vallès Occidental,081252,Montcada i Reixac,0,0.13,0,0.13,bks7-dkfd
2022-08-24T00:00:00.000,09,Baix Ebre,431331,Roquetes,0,0.8,0,0.8,bks7-dkfd
2022-08-24T00:00:00.000,02,Alt Empordà,171582,Sant Climent Sescebes,0.02,0.01,0,0.03,bks7-dkfd
2022-08-25T00:00:00.000,09,Baix Ebre,431042,"Perelló, el",0,0.0025,0,0.0025,bks7-dkfd
2022-08-26T00:00:00.000,08,Baix Camp,430923,Mont-roig del Camp,0.14,0,0,0.14,bks7-dkfd
2022-08-26T00:00:00.000,22,Montsià,430786,Masdenverge,0,2.26,0,2.26,bks7-dkfd
2022-08-27T00:00:00.000,12,Baix Penedès,431634,"Vendrell, el",0.055,0,0,0.055,bks7-dkfd
2022-08-28T00:00:00.000,20,Gironès,170792,Girona,0,0.001,0,0.001,bks7-dkfd
2022-08-29T00:00:00.000,16,Conca de Barberà,430461,Conesa,0,0.83,0.07,0.83,bks7-dkfd
2022-08-30T00:00:00.000,03,Alt Penedès,081228,Mediona,0.015,0,0,0.015,bks7-dkfd
2022-08-31T00:00:00.000,12,Baix Penedès,430901,"Montmell, el",0,0.001,0,0.001,bks7-dkfd
2022-09-02T00:00:00.000,11,Baix Llobregat,081141,Martorell,0.0001,0,0,0.0001,bks7-dkfd
2022-09-02T00:00:00.000,13,Barcelonès,080155,Badalona,0,0.0025,0,0.0025,bks7-dkfd
2022-09-02T00:00:00.000,37,Terra Alta,430640,Gandesa,0.1225,0,0,0.1225,bks7-dkfd
2022-09-03T00:00:00.000,06,Anoia,081653,"Pobla de Claramunt, la",0.003,0,0,0.003,bks7-dkfd
2022-09-03T00:00:00.000,05,Alta Ribagorça,250432,"Vall de Boí, la",0.01,0,0,0.01,bks7-dkfd
2022-09-04T00:00:00.000,23,Noguera,250352,"Sentiu de Sió, la",0,0.74,0.42,0.74,bks7-dkfd
2022-09-04T00:00:00.000,09,Baix Ebre,431554,Tortosa,0,0.003,0,0.003,bks7-dkfd
2022-09-05T00:00:00.000,23,Noguera,250156,Algerri,5.37,0,0,5.37,bks7-dkfd
2022-09-07T00:00:00.000,23,Noguera,250621,Camarasa,0,0.22,0,0.22,bks7-dkfd
2022-09-08T00:00:00.000,12,Baix Penedès,431634,"Vendrell, el",0.001,0,0,0.001,bks7-dkfd
2022-09-08T00:00:00.000,11,Baix Llobregat,081141,Martorell,0,0.0166,0.36,0.0166,bks7-dkfd
2022-09-09T00:00:00.000,22,Montsià,430770,Mas de Barberans,0.5,0,0,0.5,bks7-dkfd
2022-09-09T00:00:00.000,41,Vallès Oriental,080863,"Franqueses del Vallès, les",0.02,0,0,0.02,bks7-dkfd
2022-09-09T00:00:00.000,08,Baix Camp,431671,Vilanova d'Escornalbou,0,0.03,0,0.03,bks7-dkfd
2022-09-13T00:00:00.000,06,Anoia,081614,Piera,0.02,0,0,0.02,bks7-dkfd
2022-09-13T00:00:00.000,39,Val d'Aran,250637,Canejan,1.95,0,0,1.95,bks7-dkfd
2022-09-14T00:00:00.000,21,Maresme,082845,Tordera,0.005,0,0,0.005,bks7-dkfd
2022-09-14T00:00:00.000,10,Baix Empordà,171100,Mont-ras,0.0002,0,0,0.0002,bks7-dkfd
2022-09-15T00:00:00.000,34,Selva,170078,Amer,0.01,0,0,0.01,bks7-dkfd
2022-09-15T00:00:00.000,02,Alt Empordà,170314,Cabanelles,0.05,0,0,0.05,bks7-dkfd
2022-09-15T00:00:00.000,34,Selva,170078,Amer,0.02,0,0,0.02,bks7-dkfd
2022-09-15T00:00:00.000,34,Selva,170078,Amer,0.012,0,0,0.012,bks7-dkfd
2022-09-15T00:00:00.000,19,Garrotxa,171058,Mieres,0.0178,0,0,0.0178,bks7-dkfd
2022-09-18T00:00:00.000,19,Garrotxa,170101,Argelaguer,0,0.003,0,0.003,bks7-dkfd
2022-09-22T00:00:00.000,35,Solsonès,250642,Castellar de la Ribera,0,0.01,0,0.01,bks7-dkfd
2022-09-23T00:00:00.000,16,Conca de Barberà,431074,Pira,0,0.007,0,0.007,bks7-dkfd
2022-09-23T00:00:00.000,20,Gironès,170736,Fornells de la Selva,0.034,0,0.09,0.034,bks7-dkfd
2022-09-24T00:00:00.000,26,Pallars Sobirà,250390,Baix Pallars,0.001,0,0,0.001,bks7-dkfd
2022-09-27T00:00:00.000,10,Baix Empordà,171609,Sant Feliu de Guíxols,0.01,0,0,0.01,bks7-dkfd
2022-09-27T00:00:00.000,09,Baix Ebre,430136,"Ametlla de Mar, l'",0,0.012,0,0.012,bks7-dkfd
2022-09-28T00:00:00.000,11,Baix Llobregat,081580,"Papiol, el",0,0.009,0,0.009,bks7-dkfd
2022-09-30T00:00:00.000,09,Baix Ebre,439060,"Ampolla, l'",0,0.045,0,0.045,bks7-dkfd
2022-10-01T00:00:00.000,38,Urgell,259025,Sant Martí de Riucorb,0,0.53,7.94,0.53,bks7-dkfd
2022-10-02T00:00:00.000,06,Anoia,082861,"Torre de Claramunt, la",0.89,0,0,0.89,bks7-dkfd
2022-10-02T00:00:00.000,33,Segrià,250194,Almacelles,0.0167,0,0,0.0167,bks7-dkfd
2022-10-06T00:00:00.000,01,Alt Camp,431704,Vila-rodona,0.02,0,0,0.02,bks7-dkfd
2022-10-07T00:00:00.000,07,Bages,082299,Sant Mateu de Bages,0.012,0,0.0044,0.012,bks7-dkfd
2022-10-11T00:00:00.000,11,Baix Llobregat,080765,Esparreguera,0,0.005,0,0.005,bks7-dkfd
2022-10-12T00:00:00.000,11,Baix Llobregat,080569,Castelldefels,0.017,0,0,0.017,bks7-dkfd
2022-10-13T00:00:00.000,07,Bages,080180,Balsareny,0.06,0,0,0.06,bks7-dkfd
2022-10-14T00:00:00.000,09,Baix Ebre,431554,Tortosa,0,0.0012,0,0.0012,bks7-dkfd
2022-10-14T00:00:00.000,09,Baix Ebre,431554,Tortosa,0,0.01,0,0.01,bks7-dkfd
2022-10-14T00:00:00.000,26,Pallars Sobirà,250827,Espot,0,0.002,0,0.002,bks7-dkfd
2022-10-18T00:00:00.000,04,Alt Urgell,252038,"Seu d'Urgell, la",0,0.015,0,0.015,bks7-dkfd
2022-10-24T00:00:00.000,12,Baix Penedès,431378,Sant Jaume dels Domenys,0,0.01,0,0.01,bks7-dkfd
2022-10-28T00:00:00.000,06,Anoia,080253,"Bruc, el",0,0.032,0,0.032,bks7-dkfd
2022-10-29T00:00:00.000,33,Segrià,250194,Almacelles,0.01,0,0,0.01,bks7-dkfd
2022-11-04T00:00:00.000,07,Bages,081918,Sallent,0.677,0,0,0.677,bks7-dkfd
2022-11-04T00:00:00.000,33,Segrià,250194,Almacelles,0.0001,0,0,0.0001,bks7-dkfd
2022-11-05T00:00:00.000,30,Ribera d'Ebre,431779,Vinebre,0,0.23,0,0.23,bks7-dkfd
2022-11-07T00:00:00.000,06,Anoia,081614,Piera,0,0.012,0,0.012,bks7-dkfd
2022-11-11T00:00:00.000,06,Anoia,080253,"Bruc, el",0.001,0,0,0.001,bks7-dkfd
2022-11-14T00:00:00.000,09,Baix Ebre,430136,"Ametlla de Mar, l'",0.11,0.04,1.34,0.15,bks7-dkfd
2022-11-19T00:00:00.000,06,Anoia,080253,"Bruc, el",0.002,0,0,0.002,bks7-dkfd
2022-11-20T00:00:00.000,24,Osona,081712,Prats de Lluçanès,0.005,0.017,0,0.022,bks7-dkfd
2022-11-21T00:00:00.000,06,Anoia,081022,Igualada,0,0.019,0,0.019,bks7-dkfd
2022-11-22T00:00:00.000,09,Baix Ebre,439039,Camarles,0,0.2837,0,0.2837,bks7-dkfd
2022-11-22T00:00:00.000,09,Baix Ebre,439039,Camarles,0,0.0384,0,0.0384,bks7-dkfd
2022-11-25T00:00:00.000,13,Barcelonès,080193,Barcelona,0,0.0067,0,0.0067,bks7-dkfd
2022-11-28T00:00:00.000,11,Baix Llobregat,081141,Martorell,0.08,0,0,0.08,bks7-dkfd
2022-11-29T00:00:00.000,11,Baix Llobregat,081234,Molins de Rei,0.0002,0,0,0.0002,bks7-dkfd
2022-12-01T00:00:00.000,42,Moianès,082589,Santa Maria d'Oló,0.095,0,0,0.095,bks7-dkfd
2022-12-01T00:00:00.000,24,Osona,082248,Sant Martí de Centelles,0.001,0,0,0.001,bks7-dkfd
2022-12-04T00:00:00.000,09,Baix Ebre,431554,Tortosa,0,0.02,0,0.02,bks7-dkfd
2022-12-05T00:00:00.000,42,Moianès,080348,Calders,0.053,0,0,0.053,bks7-dkfd
2022-12-21T00:00:00.000,20,Gironès,170871,Juià,0,0.008,0.014,0.008,bks7-dkfd
2023-01-07T00:00:00.000,40,Vallès Occidental,082606,Santa Perpètua de Mogoda,0,0.001,0,0.001,bks7-dkfd
2023-01-10T00:00:00.000,13,Barcelonès,081944,Sant Adrià de Besòs,0,0.01,0,0.01,bks7-dkfd
2023-01-10T00:00:00.000,02,Alt Empordà,172348,Biure,0.004,0,0,0.004,bks7-dkfd
2023-01-10T00:00:00.000,13,Barcelonès,081944,Sant Adrià de Besòs,0,0.02,0,0.02,bks7-dkfd
2023-01-11T00:00:00.000,09,Baix Ebre,430136,"Ametlla de Mar, l'",0,0.011,0,0.011,bks7-dkfd
2023-01-12T00:00:00.000,40,Vallès Occidental,080543,Castellbisbal,0,0.001,0,0.001,bks7-dkfd
2023-01-13T00:00:00.000,13,Barcelonès,081944,Sant Adrià de Besòs,0,0.02,0,0.02,bks7-dkfd
2023-01-15T00:00:00.000,24,Osona,081995,Sant Bartomeu del Grau,0,0.0001,0,0.0001,bks7-dkfd
2023-01-16T00:00:00.000,34,Selva,171805,Santa Coloma de Farners,0.0005,0,0,0.0005,bks7-dkfd
2023-01-16T00:00:00.000,13,Barcelonès,081944,Sant Adrià de Besòs,0,0.015,0,0.015,bks7-dkfd
2023-01-18T00:00:00.000,40,Vallès Occidental,082798,Terrassa,0,0.001,0,0.001,bks7-dkfd
2023-01-19T00:00:00.000,12,Baix Penedès,431634,"Vendrell, el",0.0219,0,0,0.0219,bks7-dkfd
2023-01-20T00:00:00.000,40,Vallès Occidental,080517,Castellar del Vallès,0,0.3,0,0.3,bks7-dkfd
2023-01-21T00:00:00.000,40,Vallès Occidental,081252,Montcada i Reixac,0,0.487,0,0.487,bks7-dkfd
2023-01-22T00:00:00.000,22,Montsià,430141,Amposta,0,0.025,0,0.025,bks7-dkfd
2023-01-22T00:00:00.000,12,Baix Penedès,431634,"Vendrell, el",0.006,0,0,0.006,bks7-dkfd
2023-01-22T00:00:00.000,03,Alt Penedès,080850,Font-rubí,0,0.042,0,0.042,bks7-dkfd
2023-01-23T00:00:00.000,04,Alt Urgell,259084,Fígols i Alinyà,0,0.004,0,0.004,bks7-dkfd
2023-01-23T00:00:00.000,40,Vallès Occidental,080517,Castellar del Vallès,0,0.003,0,0.003,bks7-dkfd
2023-01-23T00:00:00.000,12,Baix Penedès,431634,"Vendrell, el",0,0.002,0,0.002,bks7-dkfd
2023-01-24T00:00:00.000,08,Baix Camp,431671,Vilanova d'Escornalbou,0.0365,0,0,0.0365,bks7-dkfd
2023-01-24T00:00:00.000,29,Priorat,430555,Falset,0,0.2,0,0.2,bks7-dkfd
2023-01-25T00:00:00.000,40,Vallès Occidental,080517,Castellar del Vallès,0,0.03,0,0.03,bks7-dkfd
2023-01-25T00:00:00.000,37,Terra Alta,430640,Gandesa,0,0.12,0,0.12,bks7-dkfd
2023-01-27T00:00:00.000,09,Baix Ebre,431042,"Perelló, el",0,0.2,0,0.2,bks7-dkfd
2023-01-27T00:00:00.000,10,Baix Empordà,172116,Verges,0,0.24,0,0.24,bks7-dkfd
2023-01-28T00:00:00.000,11,Baix Llobregat,080898,Gavà,0.015,0.08,0,0.095,bks7-dkfd
2023-01-30T00:00:00.000,30,Ribera d'Ebre,430846,Miravet,0,0.06,0,0.06,bks7-dkfd
2023-01-30T00:00:00.000,41,Vallès Oriental,081982,Sant Antoni de Vilamajor,0.1,0,0.14,0.1,bks7-dkfd
2023-01-30T00:00:00.000,11,Baix Llobregat,080898,Gavà,0.0015,0,0,0.0015,bks7-dkfd
2023-01-30T00:00:00.000,03,Alt Penedès,080919,Gelida,0.15,0,0,0.15,bks7-dkfd
2023-01-30T00:00:00.000,40,Vallès Occidental,081878,Sabadell,0,0.05,0,0.05,bks7-dkfd
2023-01-30T00:00:00.000,41,Vallès Oriental,082763,Tagamanent,0.18,0,0,0.18,bks7-dkfd
2023-01-31T00:00:00.000,10,Baix Empordà,171997,Torroella de Montgrí,0.028,0,0,0.028,bks7-dkfd
2023-01-31T00:00:00.000,24,Osona,081607,Perafita,0.25,0,0,0.25,bks7-dkfd
2023-02-01T00:00:00.000,11,Baix Llobregat,080728,Corbera de Llobregat,0,0.0012,0,0.0012,bks7-dkfd
2023-02-01T00:00:00.000,11,Baix Llobregat,081234,Molins de Rei,0,0.0025,0,0.0025,bks7-dkfd
2023-02-01T00:00:00.000,40,Vallès Occidental,081878,Sabadell,0.03,0,0,0.03,bks7-dkfd
2023-02-02T00:00:00.000,03,Alt Penedès,082515,Santa Margarida i els Monjos,0,0.03,0,0.03,bks7-dkfd
2023-02-03T00:00:00.000,15,Cerdanya,170947,Llívia,0,0.5,0,0.5,bks7-dkfd
2023-02-03T00:00:00.000,08,Baix Camp,430311,"Borges del Camp, les",0,0.97,2.08,0.97,bks7-dkfd
2023-02-03T00:00:00.000,41,Vallès Oriental,080235,Bigues i Riells,0.02,0,0,0.02,bks7-dkfd
2023-02-03T00:00:00.000,08,Baix Camp,430094,Alforja,0,0.075,0,0.075,bks7-dkfd
2023-02-04T00:00:00.000,28,Pla de l'Estany,170561,Cornellà del Terri,0.01,0.05,0,0.06,bks7-dkfd
2023-02-04T00:00:00.000,10,Baix Empordà,170681,Foixà,1.22,0,0,1.22,bks7-dkfd
2023-02-04T00:00:00.000,10,Baix Empordà,179011,"Cruïlles, Monells i Sant Sadurní de l'Heura",0,0.025,0,0.025,bks7-dkfd
2023-02-04T00:00:00.000,02,Alt Empordà,171984,Torroella de Fluvià,0,0.015,0,0.015,bks7-dkfd
2023-02-05T00:00:00.000,09,Baix Ebre,431554,Tortosa,0.008,0,0,0.008,bks7-dkfd
2023-02-05T00:00:00.000,10,Baix Empordà,170340,Calonge i Sant Antoni,0.06,0,0,0.06,bks7-dkfd
2023-02-05T00:00:00.000,04,Alt Urgell,259084,Fígols i Alinyà,0,0.05,0.15,0.05,bks7-dkfd
2023-02-05T00:00:00.000,09,Baix Ebre,431554,Tortosa,0,0.18,0,0.18,bks7-dkfd
2023-02-05T00:00:00.000,24,Osona,089019,Rupit i Pruit,0.258,0,0,0.258,bks7-dkfd
2023-02-05T00:00:00.000,34,Selva,171595,Sant Feliu de Buixalleu,0,0.87,0,0.87,bks7-dkfd
2023-02-05T00:00:00.000,09,Baix Ebre,431554,Tortosa,5.04,7.89,13.09,12.93,bks7-dkfd
2023-02-05T00:00:00.000,38,Urgell,252173,Tàrrega,0,1.72,0.04,1.72,bks7-dkfd
2023-02-05T00:00:00.000,40,Vallès Occidental,082384,Sant Quirze del Vallès,0.09,0,0,0.09,bks7-dkfd
2023-02-05T00:00:00.000,03,Alt Penedès,082270,Sant Martí Sarroca,0.1,0.3,0,0.4,bks7-dkfd
2023-02-06T00:00:00.000,29,Priorat,430350,Cabacés,0.3553,0,0,0.3553,bks7-dkfd
2023-02-06T00:00:00.000,40,Vallès Occidental,083008,Viladecavalls,0.07,0,0,0.07,bks7-dkfd
2023-02-06T00:00:00.000,01,Alt Camp,430363,Cabra del Camp,0,0.08,0,0.08,bks7-dkfd
2023-02-07T00:00:00.000,40,Vallès Occidental,081568,Palau-solità i Plegamans,0.002,0,0,0.002,bks7-dkfd
2023-02-11T00:00:00.000,13,Barcelonès,080193,Barcelona,0,0.0025,0,0.0025,bks7-dkfd
2023-02-14T00:00:00.000,03,Alt Penedès,082227,Sant Llorenç d'Hortons,0,0.585,0,0.585,bks7-dkfd
2023-02-16T00:00:00.000,04,Alt Urgell,250772,Coll de Nargó,0,0.0269,0,0.0269,bks7-dkfd
2023-02-17T00:00:00.000,40,Vallès Occidental,082665,Cerdanyola del Vallès,0.01,0.015,0,0.025,bks7-dkfd
2023-02-18T00:00:00.000,41,Vallès Oriental,082074,Sant Esteve de Palautordera,0,0.018,0,0.018,bks7-dkfd
2023-02-18T00:00:00.000,11,Baix Llobregat,080667,Castellví de Rosanes,0.235,0,0,0.235,bks7-dkfd
2023-02-18T00:00:00.000,33,Segrià,251023,"Granja d'Escarp, la",0.015,0,0,0.015,bks7-dkfd
2023-02-18T00:00:00.000,04,Alt Urgell,259062,"Valls d'Aguilar, les",0.005,0,0,0.005,bks7-dkfd
2023-02-18T00:00:00.000,41,Vallès Oriental,081810,"Roca del Vallès, la",0.18,0.03,0,0.21,bks7-dkfd
2023-02-18T00:00:00.000,01,Alt Camp,430056,Alcover,0.09,0,0,0.09,bks7-dkfd
2023-02-18T00:00:00.000,11,Baix Llobregat,082634,Sant Vicenç dels Horts,0,0.863,0,0.863,bks7-dkfd
2023-02-19T00:00:00.000,15,Cerdanya,251752,Prats i Sansor,0.15,0,0,0.15,bks7-dkfd
2023-02-19T00:00:00.000,19,Garrotxa,172082,"Vall de Bianya, la",0.9,0,0,0.9,bks7-dkfd
2023-02-20T00:00:00.000,30,Ribera d'Ebre,431508,Tivissa,0,0.235,0,0.235,bks7-dkfd
2023-02-20T00:00:00.000,36,Tarragonès,431482,Tarragona,0.0025,0,0,0.0025,bks7-dkfd
2023-02-20T00:00:00.000,34,Selva,171595,Sant Feliu de Buixalleu,0.004,0,0,0.004,bks7-dkfd
2023-02-20T00:00:00.000,06,Anoia,082264,Sant Martí de Tous,0,0.347,0,0.347,bks7-dkfd
2023-02-21T00:00:00.000,40,Vallès Occidental,082798,Terrassa,0,0.002,0,0.002,bks7-dkfd
2023-02-21T00:00:00.000,42,Moianès,081385,Moià,0.02,0,0,0.02,bks7-dkfd
2023-02-21T00:00:00.000,11,Baix Llobregat,080569,Castelldefels,0,0.0006,0,0.0006,bks7-dkfd
2023-02-25T00:00:00.000,20,Gironès,170792,Girona,0,0.2,0,0.2,bks7-dkfd
2023-02-27T00:00:00.000,06,Anoia,082508,Santa Margarida de Montbui,0.008,0,0,0.008,bks7-dkfd
2023-03-01T00:00:00.000,07,Bages,081918,Sallent,0,0.072,0,0.072,bks7-dkfd
2023-03-01T00:00:00.000,09,Baix Ebre,431554,Tortosa,0,0.04,0,0.04,bks7-dkfd
2023-03-02T00:00:00.000,20,Gironès,170890,Llagostera,0,0.05,0,0.05,bks7-dkfd
2023-03-02T00:00:00.000,09,Baix Ebre,439060,"Ampolla, l'",0,0.002,0,0.002,bks7-dkfd
2023-03-03T00:00:00.000,34,Selva,170335,Caldes de Malavella,0.13,0,0,0.13,bks7-dkfd
2023-03-03T00:00:00.000,11,Baix Llobregat,080667,Castellví de Rosanes,0,0.015,0,0.015,bks7-dkfd
2023-03-03T00:00:00.000,09,Baix Ebre,431554,Tortosa,0,0.39,0,0.39,bks7-dkfd
2023-03-04T00:00:00.000,20,Gironès,171557,Salt,0.035,0,0,0.035,bks7-dkfd
2023-03-04T00:00:00.000,22,Montsià,430141,Amposta,0.0124,0,0,0.0124,bks7-dkfd
2023-03-04T00:00:00.000,37,Terra Alta,430640,Gandesa,0,0.4,0,0.4,bks7-dkfd
2023-03-04T00:00:00.000,37,Terra Alta,430419,Caseres,0,0.1295,0,0.1295,bks7-dkfd
2023-03-04T00:00:00.000,29,Priorat,431541,Torroja del Priorat,0,0.13,0,0.13,bks7-dkfd
2023-03-04T00:00:00.000,09,Baix Ebre,431554,Tortosa,0.02,0,0,0.02,bks7-dkfd
2023-03-05T00:00:00.000,09,Baix Ebre,431042,"Perelló, el",0,0.02,0,0.02,bks7-dkfd
2023-03-05T00:00:00.000,10,Baix Empordà,171181,Palamós,0.38,0,0,0.38,bks7-dkfd
2023-03-05T00:00:00.000,19,Garrotxa,171848,Santa Pau,0,0.22,0,0.22,bks7-dkfd
2023-03-06T00:00:00.000,11,Baix Llobregat,082114,Sant Feliu de Llobregat,0,0.002,0,0.002,bks7-dkfd
2023-03-07T00:00:00.000,37,Terra Alta,430640,Gandesa,0,0.015,0,0.015,bks7-dkfd
2023-03-07T00:00:00.000,02,Alt Empordà,171208,Palau-saverdera,0.15,0,0,0.15,bks7-dkfd
2023-03-07T00:00:00.000,13,Barcelonès,082457,Santa Coloma de Gramenet,0,0.06,0,0.06,bks7-dkfd
2023-03-08T00:00:00.000,18,Garrigues,251018,"Granadella, la",0.17,0,0.11,0.17,bks7-dkfd
2023-03-08T00:00:00.000,41,Vallès Oriental,080863,"Franqueses del Vallès, les",0.025,0.165,0,0.19,bks7-dkfd
2023-03-08T00:00:00.000,03,Alt Penedès,082732,Subirats,0,0.05,0,0.05,bks7-dkfd
2023-03-09T00:00:00.000,33,Segrià,251207,Lleida,0,0.02,0,0.02,bks7-dkfd
2023-03-09T00:00:00.000,34,Selva,171595,Sant Feliu de Buixalleu,0.097,0,0,0.097,bks7-dkfd
2023-03-09T00:00:00.000,24,Osona,081000,Gurb,0.05,0,0,0.05,bks7-dkfd
2023-03-10T00:00:00.000,01,Alt Camp,431248,"Riba, la",0,0.0032,0,0.0032,bks7-dkfd
2023-03-10T00:00:00.000,42,Moianès,082397,Sant Quirze Safaja,0.09,0,0,0.09,bks7-dkfd
2023-03-10T00:00:00.000,38,Urgell,259025,Sant Martí de Riucorb,0.22,3.5,0.41,3.72,bks7-dkfd
2023-03-10T00:00:00.000,31,Ripollès,171674,Sant Joan de les Abadesses,1.84,0,0,1.84,bks7-dkfd
2023-03-11T00:00:00.000,02,Alt Empordà,170412,Cantallops,0.21,0,0,0.21,bks7-dkfd
2023-03-11T00:00:00.000,34,Selva,171642,Sant Hilari Sacalm,0.06,0.1,0.2,0.16,bks7-dkfd
2023-03-11T00:00:00.000,34,Selva,171595,Sant Feliu de Buixalleu,0.028,0,0,0.028,bks7-dkfd
2023-03-11T00:00:00.000,40,Vallès Occidental,082055,Sant Cugat del Vallès,0,0.01,0,0.01,bks7-dkfd
2023-03-11T00:00:00.000,02,Alt Empordà,170010,Agullana,0,0.5,0,0.5,bks7-dkfd
2023-03-11T00:00:00.000,17,Garraf,080749,Cubelles,1.25,1.12,0.51,2.37,bks7-dkfd
2023-03-11T00:00:00.000,24,Osona,081000,Gurb,0,0.0035,0,0.0035,bks7-dkfd
2023-03-12T00:00:00.000,10,Baix Empordà,179026,Forallac,0.07,0,0,0.07,bks7-dkfd
2023-03-12T00:00:00.000,37,Terra Alta,430640,Gandesa,0,0.04,0,0.04,bks7-dkfd
2023-03-13T00:00:00.000,40,Vallès Occidental,082917,Vacarisses,0,0.0003,0,0.0003,bks7-dkfd
2023-03-13T00:00:00.000,28,Pla de l'Estany,170353,Camós,0.35,0,0,0.35,bks7-dkfd
2023-03-13T00:00:00.000,02,Alt Empordà,170643,Espolla,0,0.015,0,0.015,bks7-dkfd
2023-03-14T00:00:00.000,09,Baix Ebre,431042,"Perelló, el",0.8,0,0,0.8,bks7-dkfd
2023-03-14T00:00:00.000,40,Vallès Occidental,082917,Vacarisses,0,0.04,0,0.04,bks7-dkfd
2023-03-14T00:00:00.000,11,Baix Llobregat,080898,Gavà,0,0.075,0,0.075,bks7-dkfd
2023-03-14T00:00:00.000,08,Baix Camp,431457,"Selva del Camp, la",0.47,11.31,0.71,11.78,bks7-dkfd
2023-03-14T00:00:00.000,20,Gironès,170792,Girona,0,0.02,0,0.02,bks7-dkfd
2023-03-14T00:00:00.000,12,Baix Penedès,430379,Calafell,12.03,6.12,0.27,18.15,bks7-dkfd
2023-03-14T00:00:00.000,02,Alt Empordà,170932,Llers,0.02,0.06,0.005,0.08,bks7-dkfd
2023-03-15T00:00:00.000,10,Baix Empordà,170486,Castell-Platja d'Aro,0.005,0,0,0.005,bks7-dkfd
2023-03-16T00:00:00.000,39,Val d'Aran,250637,Canejan,44,276.63,0,320.63,bks7-dkfd
2023-03-16T00:00:00.000,20,Gironès,170792,Girona,0.479,0,0,0.479,bks7-dkfd
2023-03-16T00:00:00.000,30,Ribera d'Ebre,430192,Ascó,0,0.112,0,0.112,bks7-dkfd
2023-03-18T00:00:00.000,04,Alt Urgell,251850,Ribera d'Urgellet,0.01,0.01,0.02,0.02,bks7-dkfd
2023-03-19T00:00:00.000,03,Alt Penedès,082325,Sant Pere de Riudebitlles,0,0.15,0,0.15,bks7-dkfd
2023-03-20T00:00:00.000,09,Baix Ebre,431021,Paüls,1.52,2.99,0.51,4.51,bks7-dkfd
2023-03-22T00:00:00.000,16,Conca de Barberà,431726,Vilaverd,0.04,1.31,0.34,1.35,bks7-dkfd
2023-03-22T00:00:00.000,40,Vallès Occidental,082798,Terrassa,0,0.07,0,0.07,bks7-dkfd
2023-03-22T00:00:00.000,40,Vallès Occidental,082917,Vacarisses,0,0.0075,0,0.0075,bks7-dkfd
2023-03-23T00:00:00.000,27,Pla d'Urgell,252521,Vila-sana,0.15,0,0,0.15,bks7-dkfd
2023-03-25T00:00:00.000,20,Gironès,170736,Fornells de la Selva,0.008,0,0,0.008,bks7-dkfd
2023-03-26T00:00:00.000,01,Alt Camp,431606,Vallmoll,0,0.69,0,0.69,bks7-dkfd
2023-03-26T00:00:00.000,06,Anoia,081614,Piera,0,0.001,0,0.001,bks7-dkfd
2023-03-26T00:00:00.000,23,Noguera,250621,Camarasa,0.87,0.49,0,1.36,bks7-dkfd
2023-03-26T00:00:00.000,23,Noguera,250404,Balaguer,0,0.03,0,0.03,bks7-dkfd
2023-03-27T00:00:00.000,16,Conca de Barberà,430862,Montblanc,0,0.4,0,0.4,bks7-dkfd
2023-03-28T00:00:00.000,18,Garrigues,251180,Juncosa,0,0.03,0,0.03,bks7-dkfd
2023-03-29T00:00:00.000,23,Noguera,250220,Alòs de Balaguer,0,0.01,0,0.01,bks7-dkfd
2023-03-29T00:00:00.000,02,Alt Empordà,170059,"Far d'Empordà, el",0,0.02,0,0.02,bks7-dkfd
2023-03-30T00:00:00.000,12,Baix Penedès,430901,"Montmell, el",0.3316,0,0,0.3316,bks7-dkfd
2023-03-31T00:00:00.000,09,Baix Ebre,439060,"Ampolla, l'",0,0.23,0,0.23,bks7-dkfd
2023-04-01T00:00:00.000,37,Terra Alta,430640,Gandesa,2.25,0,0,2.25,bks7-dkfd
2023-04-01T00:00:00.000,08,Baix Camp,430075,"Aleixar, l'",1.12,0,0,1.12,bks7-dkfd
2023-04-01T00:00:00.000,20,Gironès,170890,Llagostera,0.002,0,0,0.002,bks7-dkfd
2023-04-02T00:00:00.000,09,Baix Ebre,439018,Deltebre,0,0.087,0,0.087,bks7-dkfd
2023-04-02T00:00:00.000,33,Segrià,251207,Lleida,0.055,0,0.0515,0.055,bks7-dkfd
2023-04-02T00:00:00.000,20,Gironès,170890,Llagostera,0.063,0,0,0.063,bks7-dkfd
2023-04-03T00:00:00.000,11,Baix Llobregat,082956,Vallirana,0,0.088,0,0.088,bks7-dkfd
2023-04-03T00:00:00.000,19,Garrotxa,170216,Beuda,0.02,0,0,0.02,bks7-dkfd
2023-04-03T00:00:00.000,36,Tarragonès,431310,Roda de Berà,0.39,1.11,0.13,1.5,bks7-dkfd
2023-04-04T00:00:00.000,07,Bages,080121,Avinyó,0.008,0,0,0.008,bks7-dkfd
2023-04-04T00:00:00.000,21,Maresme,080305,Cabrils,0.016,0,0,0.016,bks7-dkfd
2023-04-05T00:00:00.000,03,Alt Penedès,082883,Torrelles de Foix,0.03,0,0,0.03,bks7-dkfd
2023-04-05T00:00:00.000,02,Alt Empordà,171387,Portbou,0,3.44,0,3.44,bks7-dkfd
2023-04-05T00:00:00.000,40,Vallès Occidental,081878,Sabadell,0,0.009,0,0.009,bks7-dkfd
2023-04-05T00:00:00.000,12,Baix Penedès,430901,"Montmell, el",0.1126,0,0,0.1126,bks7-dkfd
2023-04-05T00:00:00.000,08,Baix Camp,431299,Riudoms,0,2.66,0.18,2.66,bks7-dkfd
2023-04-05T00:00:00.000,11,Baix Llobregat,081234,Molins de Rei,0.0001,0,0,0.0001,bks7-dkfd
2023-04-06T00:00:00.000,18,Garrigues,250061,"Albagés, l'",0.485,0,0,0.485,bks7-dkfd
2023-04-07T00:00:00.000,03,Alt Penedès,082515,Santa Margarida i els Monjos,0,0.24,0,0.24,bks7-dkfd
2023-04-07T00:00:00.000,04,Alt Urgell,251850,Ribera d'Urgellet,0.02,0,0,0.02,bks7-dkfd
2023-04-07T00:00:00.000,23,Noguera,250352,"Sentiu de Sió, la",0.35,0.7,0,1.05,bks7-dkfd
2023-04-07T00:00:00.000,21,Maresme,082819,Teià,0.0075,0,0,0.0075,bks7-dkfd
2023-04-07T00:00:00.000,10,Baix Empordà,171997,Torroella de Montgrí,0,0.04,0,0.04,bks7-dkfd
2023-04-08T00:00:00.000,41,Vallès Oriental,082021,Sant Celoni,0.02,0,0,0.02,bks7-dkfd
2023-04-08T00:00:00.000,01,Alt Camp,430918,Mont-ral,0,0.055,0,0.055,bks7-dkfd
2023-04-08T00:00:00.000,40,Vallès Occidental,081206,Matadepera,0.028,0,0,0.028,bks7-dkfd
2023-04-08T00:00:00.000,22,Montsià,431362,Sant Carles de la Ràpita,0,0.681,0,0.681,bks7-dkfd
2023-04-09T00:00:00.000,24,Osona,172121,Vidrà,0.04,0,0,0.04,bks7-dkfd
2023-04-09T00:00:00.000,11,Baix Llobregat,081477,Olesa de Montserrat,0,0.04,0,0.04,bks7-dkfd
2023-04-10T00:00:00.000,29,Priorat,431747,"Vilella Baixa, la",0,0.02,0,0.02,bks7-dkfd
2023-04-11T00:00:00.000,15,Cerdanya,251272,Lles de Cerdanya,0,0.055,0,0.055,bks7-dkfd
2023-04-11T00:00:00.000,40,Vallès Occidental,080543,Castellbisbal,0,0.097,0,0.097,bks7-dkfd
2023-04-12T00:00:00.000,05,Alta Ribagorça,250432,"Vall de Boí, la",0.025,0,0,0.025,bks7-dkfd
2023-04-12T00:00:00.000,13,Barcelonès,082457,Santa Coloma de Gramenet,0,0.1,0,0.1,bks7-dkfd
2023-04-12T00:00:00.000,13,Barcelonès,080193,Barcelona,0,0.0002,0,0.0002,bks7-dkfd
2023-04-12T00:00:00.000,40,Vallès Occidental,080543,Castellbisbal,0.0515,0,0,0.0515,bks7-dkfd
2023-04-13T00:00:00.000,40,Vallès Occidental,081878,Sabadell,0.72,0,0,0.72,bks7-dkfd
2023-04-13T00:00:00.000,40,Vallès Occidental,082606,Santa Perpètua de Mogoda,0,0.0075,0,0.0075,bks7-dkfd
2023-04-13T00:00:00.000,21,Maresme,080351,Calella,0.2,0,0,0.2,bks7-dkfd
2023-04-13T00:00:00.000,08,Baix Camp,431628,Vandellòs i l'Hospitalet de l'Infant,1.5,1.09,1.72,2.59,bks7-dkfd
2023-04-13T00:00:00.000,41,Vallès Oriental,081593,Parets del Vallès,0,0.4,0,0.4,bks7-dkfd
2023-04-14T00:00:00.000,26,Pallars Sobirà,250390,Baix Pallars,0,0.038,0,0.038,bks7-dkfd
2023-04-14T00:00:00.000,41,Vallès Oriental,080057,"Ametlla del Vallès, l'",0.3,0.06,0,0.36,bks7-dkfd
2023-04-14T00:00:00.000,08,Baix Camp,431628,Vandellòs i l'Hospitalet de l'Infant,0,0.0525,0,0.0525,bks7-dkfd
2023-04-15T00:00:00.000,23,Noguera,250024,Àger,0,0.0013,0,0.0013,bks7-dkfd
2023-04-15T00:00:00.000,33,Segrià,251023,"Granja d'Escarp, la",38.19,86.12,11.43,124.31,bks7-dkfd
2023-04-15T00:00:00.000,03,Alt Penedès,082883,Torrelles de Foix,0,0.025,0,0.025,bks7-dkfd
2023-04-15T00:00:00.000,34,Selva,170950,Lloret de Mar,0.035,0,0,0.035,bks7-dkfd
2023-04-15T00:00:00.000,01,Alt Camp,431613,Valls,0.85,0,0,0.85,bks7-dkfd
2023-04-16T00:00:00.000,42,Moianès,080348,Calders,0.18,0,0,0.18,bks7-dkfd
2023-04-16T00:00:00.000,02,Alt Empordà,171387,Portbou,1.96,133.12,0.2,135.08,bks7-dkfd
2023-04-16T00:00:00.000,09,Baix Ebre,431554,Tortosa,0.034,0,0,0.034,bks7-dkfd
2023-04-17T00:00:00.000,09,Baix Ebre,431554,Tortosa,0.267,0,0,0.267,bks7-dkfd
2023-04-17T00:00:00.000,11,Baix Llobregat,081141,Martorell,0.14,1.31,0.18,1.45,bks7-dkfd
2023-04-17T00:00:00.000,14,Berguedà,080229,Berga,0,0.016,0,0.016,bks7-dkfd
2023-04-17T00:00:00.000,09,Baix Ebre,431554,Tortosa,0,0.08,0,0.08,bks7-dkfd
2023-04-18T00:00:00.000,09,Baix Ebre,431331,Roquetes,0,0.48,0,0.48,bks7-dkfd
2023-04-20T00:00:00.000,11,Baix Llobregat,081691,"Prat de Llobregat, el",0,2.13,0.38,2.13,bks7-dkfd
2023-04-20T00:00:00.000,23,Noguera,251500,Oliola,0,0.001,0,0.001,bks7-dkfd
2023-04-21T00:00:00.000,40,Vallès Occidental,081252,Montcada i Reixac,0,1.09,0,1.09,bks7-dkfd
2023-04-21T00:00:00.000,35,Solsonès,251484,Odèn,0.41,0,0,0.41,bks7-dkfd
2023-04-22T00:00:00.000,26,Pallars Sobirà,250390,Baix Pallars,0.001,0.0005,0,0.0015,bks7-dkfd
2023-04-22T00:00:00.000,13,Barcelonès,080193,Barcelona,0,0.057,0,0.057,bks7-dkfd
2023-04-23T00:00:00.000,06,Anoia,083020,Vilanova del Camí,0.001,0,0,0.001,bks7-dkfd
2023-04-23T00:00:00.000,03,Alt Penedès,082515,Santa Margarida i els Monjos,0.3,0.208,0,0.508,bks7-dkfd
2023-04-23T00:00:00.000,21,Maresme,082845,Tordera,0,0.04,0,0.04,bks7-dkfd
2023-04-24T00:00:00.000,29,Priorat,430496,Cornudella de Montsant,0,0.15,0.049,0.15,bks7-dkfd
2023-04-24T00:00:00.000,40,Vallès Occidental,082798,Terrassa,0.0135,0,0,0.0135,bks7-dkfd
2023-04-24T00:00:00.000,10,Baix Empordà,171609,Sant Feliu de Guíxols,0.003,0,0,0.003,bks7-dkfd
2023-04-25T00:00:00.000,03,Alt Penedès,080654,Castellví de la Marca,0.25,0,0,0.25,bks7-dkfd
2023-04-26T00:00:00.000,37,Terra Alta,430228,Batea,0,0.03,0,0.03,bks7-dkfd
2023-04-27T00:00:00.000,02,Alt Empordà,171328,Peralada,0,0.005,0,0.005,bks7-dkfd
2023-04-27T00:00:00.000,10,Baix Empordà,172044,Ullà,0,0.12,0,0.12,bks7-dkfd
2023-04-27T00:00:00.000,33,Segrià,250788,Corbins,0,0.9,0,0.9,bks7-dkfd
2023-04-28T00:00:00.000,41,Vallès Oriental,082021,Sant Celoni,0.06,0,0,0.06,bks7-dkfd
2023-04-28T00:00:00.000,35,Solsonès,251116,Guixers,0,0.0002,0,0.0002,bks7-dkfd
2023-04-29T00:00:00.000,40,Vallès Occidental,081878,Sabadell,0,0.009,0,0.009,bks7-dkfd
2023-04-29T00:00:00.000,11,Baix Llobregat,089058,"Palma de Cervelló, la",1.04,0.43,0,1.47,bks7-dkfd
2023-04-30T00:00:00.000,23,Noguera,250156,Algerri,0.15,0.06,0,0.21,bks7-dkfd
2023-04-30T00:00:00.000,32,Segarra,250557,Biosca,0,0.03,0,0.03,bks7-dkfd
2023-04-30T00:00:00.000,09,Baix Ebre,430069,Aldover,0.004,0,0,0.004,bks7-dkfd
2023-04-30T00:00:00.000,42,Moianès,080641,Castellterçol,0.01,0,0,0.01,bks7-dkfd
2023-05-01T00:00:00.000,23,Noguera,250156,Algerri,10.4,12.01,9.58,22.41,bks7-dkfd
2023-05-01T00:00:00.000,04,Alt Urgell,259084,Fígols i Alinyà,0.01,0.2,0,0.21,bks7-dkfd
2023-05-01T00:00:00.000,06,Anoia,082861,"Torre de Claramunt, la",0.031,0,0,0.031,bks7-dkfd
2023-05-02T00:00:00.000,10,Baix Empordà,171100,Mont-ras,0.008,0,0.04,0.008,bks7-dkfd
2023-05-03T00:00:00.000,08,Baix Camp,431628,Vandellòs i l'Hospitalet de l'Infant,1.86,0.34,0.38,2.2,bks7-dkfd
2023-05-03T00:00:00.000,10,Baix Empordà,171175,Palafrugell,0.171,0,0,0.171,bks7-dkfd
2023-05-03T00:00:00.000,33,Segrià,251207,Lleida,0,0.28,0,0.28,bks7-dkfd
2023-05-03T00:00:00.000,20,Gironès,171557,Salt,0,0.0012,0,0.0012,bks7-dkfd
2023-05-05T00:00:00.000,11,Baix Llobregat,082009,Sant Boi de Llobregat,0,0.372,0,0.372,bks7-dkfd
2023-05-05T00:00:00.000,18,Garrigues,251692,"Pobla de Cérvoles, la",0,0.11,0,0.11,bks7-dkfd
2023-05-06T00:00:00.000,18,Garrigues,250292,Arbeca,0,0.12,0,0.12,bks7-dkfd
2023-05-06T00:00:00.000,32,Segarra,251919,Sanaüja,0.85,4.28,1.35,5.13,bks7-dkfd
2023-05-06T00:00:00.000,41,Vallès Oriental,082567,Santa Maria de Martorelles,0,0.0009,0,0.0009,bks7-dkfd
2023-05-07T00:00:00.000,03,Alt Penedès,082401,Sant Sadurní d'Anoia,0.616,0,0,0.616,bks7-dkfd
2023-05-07T00:00:00.000,41,Vallès Oriental,081810,"Roca del Vallès, la",0,0.008,0,0.008,bks7-dkfd
2023-05-07T00:00:00.000,14,Berguedà,080996,Guardiola de Berguedà,0.0023,0,0,0.0023,bks7-dkfd
2023-05-08T00:00:00.000,14,Berguedà,080996,Guardiola de Berguedà,0.015,0,0,0.015,bks7-dkfd
2023-05-08T00:00:00.000,30,Ribera d'Ebre,430607,Flix,0,0.08,0,0.08,bks7-dkfd
2023-05-08T00:00:00.000,03,Alt Penedès,082270,Sant Martí Sarroca,0,0.37,0,0.37,bks7-dkfd
2023-05-09T00:00:00.000,11,Baix Llobregat,082080,Sant Esteve Sesrovires,1.95,0.17,0.07,2.12,bks7-dkfd
2023-05-10T00:00:00.000,09,Baix Ebre,430069,Aldover,0.36,0.36,0.68,0.72,bks7-dkfd
2023-05-12T00:00:00.000,06,Anoia,081859,Rubió,0.007,0,0,0.007,bks7-dkfd
2023-05-12T00:00:00.000,18,Garrigues,250061,"Albagés, l'",0.37,4.1,2.75,4.47,bks7-dkfd
2023-05-12T00:00:00.000,11,Baix Llobregat,082896,Torrelles de Llobregat,0.0125,0,0,0.0125,bks7-dkfd
2023-05-12T00:00:00.000,08,Baix Camp,430094,Alforja,0,0.65,0.25,0.65,bks7-dkfd
2023-05-12T00:00:00.000,12,Baix Penedès,430304,Bonastre,18.74,17.99,21.53,36.73,bks7-dkfd
2023-05-15T00:00:00.000,09,Baix Ebre,439044,"Aldea, l'",0,0.035,0,0.035,bks7-dkfd
2023-05-15T00:00:00.000,40,Vallès Occidental,082798,Terrassa,0.01,0.01,0,0.02,bks7-dkfd
2023-05-15T00:00:00.000,02,Alt Empordà,171328,Peralada,1.3,1.02,16.47,2.32,bks7-dkfd
2023-05-16T00:00:00.000,22,Montsià,430043,Alcanar,0,0.3,0,0.3,bks7-dkfd
2023-05-17T00:00:00.000,42,Moianès,082589,Santa Maria d'Oló,0,0.018,0,0.018,bks7-dkfd
2023-05-17T00:00:00.000,07,Bages,082779,Talamanca,0,0.003,0,0.003,bks7-dkfd
2023-05-17T00:00:00.000,07,Bages,082188,Sant Joan de Vilatorrada,0.0006,0,0,0.0006,bks7-dkfd
2023-05-17T00:00:00.000,07,Bages,081402,Navarcles,0.005,0,0,0.005,bks7-dkfd
2023-05-17T00:00:00.000,04,Alt Urgell,259062,"Valls d'Aguilar, les",0.0566,0,0,0.0566,bks7-dkfd
2023-05-17T00:00:00.000,33,Segrià,250365,Aspa,0,1.64,1.05,1.64,bks7-dkfd
2023-05-18T00:00:00.000,30,Ribera d'Ebre,430607,Flix,0,0.0875,0,0.0875,bks7-dkfd
2023-05-18T00:00:00.000,13,Barcelonès,080193,Barcelona,0.007,0,0,0.007,bks7-dkfd
2023-05-18T00:00:00.000,29,Priorat,430555,Falset,0.1535,0,0,0.1535,bks7-dkfd
2023-05-18T00:00:00.000,11,Baix Llobregat,081234,Molins de Rei,0.11,0,0,0.11,bks7-dkfd
2023-05-18T00:00:00.000,09,Baix Ebre,439060,"Ampolla, l'",0,0.02,0,0.02,bks7-dkfd
2023-05-19T00:00:00.000,18,Garrigues,250812,"Espluga Calba, l'",0.07,0.33,1.62,0.4,bks7-dkfd
2023-05-19T00:00:00.000,17,Garraf,082704,Sitges,0.05,0,0,0.05,bks7-dkfd
2023-05-19T00:00:00.000,21,Maresme,082845,Tordera,0.025,0,0,0.025,bks7-dkfd
2023-05-21T00:00:00.000,08,Baix Camp,430810,Maspujols,0,0.237,0,0.237,bks7-dkfd
2023-05-21T00:00:00.000,09,Baix Ebre,431042,"Perelló, el",2.29,0.61,0.07,2.9,bks7-dkfd
2023-05-21T00:00:00.000,06,Anoia,081192,Masquefa,0,0.012,0,0.012,bks7-dkfd
2023-05-21T00:00:00.000,41,Vallès Oriental,082107,Sant Feliu de Codines,0,0.002,0,0.002,bks7-dkfd
2023-05-21T00:00:00.000,23,Noguera,252206,Térmens,1.9,0,0.04,1.9,bks7-dkfd
2023-05-23T00:00:00.000,10,Baix Empordà,170486,Castell-Platja d'Aro,0.0008,0,0,0.0008,bks7-dkfd
2023-05-24T00:00:00.000,22,Montsià,430770,Mas de Barberans,0,0.041,0.485,0.041,bks7-dkfd
2023-05-24T00:00:00.000,30,Ribera d'Ebre,431508,Tivissa,0.0258,0,0,0.0258,bks7-dkfd
2023-05-24T00:00:00.000,26,Pallars Sobirà,252081,Soriguera,0.001,0.004,0,0.005,bks7-dkfd
2023-05-27T00:00:00.000,21,Maresme,082140,Vilassar de Dalt,0,0.01,0,0.01,bks7-dkfd
2023-05-27T00:00:00.000,13,Barcelonès,080193,Barcelona,0,0.08,0,0.08,bks7-dkfd
2023-05-29T00:00:00.000,09,Baix Ebre,431554,Tortosa,0.9,0,0,0.9,bks7-dkfd
2023-05-29T00:00:00.000,02,Alt Empordà,170773,Garriguella,0.17,0,1.56,0.17,bks7-dkfd
2023-05-29T00:00:00.000,40,Vallès Occidental,081568,Palau-solità i Plegamans,0,0.0006,0,0.0006,bks7-dkfd
2023-05-30T00:00:00.000,40,Vallès Occidental,083008,Viladecavalls,0.005,0,0,0.005,bks7-dkfd
2023-05-30T00:00:00.000,06,Anoia,081192,Masquefa,0.019,0,0,0.019,bks7-dkfd
2023-05-30T00:00:00.000,06,Anoia,081043,"Llacuna, la",0.04,0,0,0.04,bks7-dkfd
2023-05-30T00:00:00.000,02,Alt Empordà,170600,Darnius,0,0.05,0,0.05,bks7-dkfd
2023-05-30T00:00:00.000,06,Anoia,080288,Cabrera d'Anoia,0.001,0,0,0.001,bks7-dkfd
2023-06-02T00:00:00.000,30,Ribera d'Ebre,431508,Tivissa,0.71,0,0,0.71,bks7-dkfd
2023-06-04T00:00:00.000,29,Priorat,430496,Cornudella de Montsant,0.0003,0,0,0.0003,bks7-dkfd
2023-06-05T00:00:00.000,07,Bages,081918,Sallent,0.002,0,0,0.002,bks7-dkfd
2023-06-05T00:00:00.000,40,Vallès Occidental,081252,Montcada i Reixac,0,0.032,0,0.032,bks7-dkfd
2023-06-05T00:00:00.000,07,Bages,080180,Balsareny,0.035,0,0,0.035,bks7-dkfd
2023-06-07T00:00:00.000,41,Vallès Oriental,081154,Martorelles,0,0.0009,0,0.0009,bks7-dkfd
2023-06-08T00:00:00.000,07,Bages,080180,Balsareny,0.068,0,0,0.068,bks7-dkfd
2023-06-08T00:00:00.000,37,Terra Alta,430228,Batea,1.04,0,0.04,1.04,bks7-dkfd
2023-06-10T00:00:00.000,03,Alt Penedès,082732,Subirats,0,0.03,0,0.03,bks7-dkfd
2023-06-10T00:00:00.000,41,Vallès Oriental,082943,Vallgorguina,0.004,0,0,0.004,bks7-dkfd
2023-06-10T00:00:00.000,07,Bages,082423,Marganell,0.135,0,0,0.135,bks7-dkfd
2023-06-10T00:00:00.000,11,Baix Llobregat,081234,Molins de Rei,0,0.0025,0,0.0025,bks7-dkfd
2023-06-11T00:00:00.000,29,Priorat,431573,Ulldemolins,0.0007,0,0,0.0007,bks7-dkfd
2023-06-12T00:00:00.000,40,Vallès Occidental,081846,Rubí,0.0012,0,0,0.0012,bks7-dkfd
2023-06-13T00:00:00.000,30,Ribera d'Ebre,430607,Flix,0.0009,0,0,0.0009,bks7-dkfd
2023-06-13T00:00:00.000,01,Alt Camp,430017,Aiguamúrcia,0.002,0,0,0.002,bks7-dkfd
2023-06-14T00:00:00.000,40,Vallès Occidental,082384,Sant Quirze del Vallès,0.0025,0,0,0.0025,bks7-dkfd
2023-06-16T00:00:00.000,06,Anoia,081614,Piera,0.07,0.1,0,0.17,bks7-dkfd
2023-06-16T00:00:00.000,10,Baix Empordà,179011,"Cruïlles, Monells i Sant Sadurní de l'Heura",0.15,0,5.65,0.15,bks7-dkfd
2023-06-18T00:00:00.000,29,Priorat,430555,Falset,0.0025,0,0,0.0025,bks7-dkfd
2023-06-19T00:00:00.000,34,Selva,171595,Sant Feliu de Buixalleu,0.303,0,0,0.303,bks7-dkfd
2023-06-22T00:00:00.000,11,Baix Llobregat,082444,Santa Coloma de Cervelló,0,0.06,3.32,0.06,bks7-dkfd
2023-06-22T00:00:00.000,11,Baix Llobregat,082444,Santa Coloma de Cervelló,0,0.084,0,0.084,bks7-dkfd
2023-06-23T00:00:00.000,10,Baix Empordà,170221,"Bisbal d'Empordà, la",0,0.04,0,0.04,bks7-dkfd
2023-06-23T00:00:00.000,07,Bages,082628,Sant Vicenç de Castellet,0.007,0,0,0.007,bks7-dkfd
2023-06-23T00:00:00.000,10,Baix Empordà,171997,Torroella de Montgrí,0,0.01,0,0.01,bks7-dkfd
2023-06-23T00:00:00.000,14,Berguedà,080168,Bagà,0.0004,0,0,0.0004,bks7-dkfd
2023-06-23T00:00:00.000,40,Vallès Occidental,081252,Montcada i Reixac,0,0.0466,0,0.0466,bks7-dkfd
2023-06-24T00:00:00.000,28,Pla de l'Estany,172180,Vilademuls,0.26,0.64,7.7,0.9,bks7-dkfd
2023-06-25T00:00:00.000,40,Vallès Occidental,081878,Sabadell,0,0.02,0,0.02,bks7-dkfd
2023-06-25T00:00:00.000,41,Vallès Oriental,080961,Granollers,0,0.0022,0,0.0022,bks7-dkfd
2023-06-25T00:00:00.000,34,Selva,172333,Vilobí d'Onyar,0,0.05,0,0.05,bks7-dkfd
2023-06-25T00:00:00.000,33,Segrià,251207,Lleida,0,0.0467,0,0.0467,bks7-dkfd
2023-06-25T00:00:00.000,06,Anoia,081192,Masquefa,0,0.0002,0,0.0002,bks7-dkfd
2023-06-26T00:00:00.000,01,Alt Camp,431135,"Pont d'Armentera, el",10.75,9.35,2.52,20.1,bks7-dkfd
2023-06-26T00:00:00.000,35,Solsonès,251462,Navès,0.0003,0.0047,0,0.005,bks7-dkfd
2023-06-26T00:00:00.000,07,Bages,082299,Sant Mateu de Bages,0.159,0,0,0.159,bks7-dkfd
2023-06-28T00:00:00.000,41,Vallès Oriental,082482,Santa Eulàlia de Ronçana,0.0025,0,0,0.0025,bks7-dkfd
2023-06-28T00:00:00.000,40,Vallès Occidental,081252,Montcada i Reixac,0,0.0097,0,0.0097,bks7-dkfd
2023-06-28T00:00:00.000,34,Selva,171805,Santa Coloma de Farners,0.005,0,0,0.005,bks7-dkfd
2023-06-28T00:00:00.000,23,Noguera,250371,"Avellanes i Santa Linya, les",0,0.0025,0,0.0025,bks7-dkfd
2023-06-28T00:00:00.000,23,Noguera,250371,"Avellanes i Santa Linya, les",0.0573,0,0,0.0573,bks7-dkfd
2023-06-29T00:00:00.000,07,Bages,080594,Castellfollit del Boix,0.0015,0,0,0.0015,bks7-dkfd
2023-06-29T00:00:00.000,29,Priorat,430764,Marçà,0.0048,0,0,0.0048,bks7-dkfd
2023-06-29T00:00:00.000,06,Anoia,082573,Santa Maria de Miralles,0.002,0,0,0.002,bks7-dkfd
2023-06-29T00:00:00.000,10,Baix Empordà,171609,Sant Feliu de Guíxols,0.009,0,0,0.009,bks7-dkfd
2023-06-29T00:00:00.000,10,Baix Empordà,171100,Mont-ras,0.09,0.74,0.34,0.83,bks7-dkfd
2023-06-30T00:00:00.000,41,Vallès Oriental,080410,Canovelles,0,0.004,0,0.004,bks7-dkfd
2023-07-01T00:00:00.000,09,Baix Ebre,431331,Roquetes,0,0.003,0,0.003,bks7-dkfd
2023-07-01T00:00:00.000,03,Alt Penedès,082732,Subirats,0,0.026,0,0.026,bks7-dkfd
2023-07-01T00:00:00.000,09,Baix Ebre,430252,Benifallet,0.1,0,0,0.1,bks7-dkfd
2023-07-02T00:00:00.000,09,Baix Ebre,431331,Roquetes,0,0.12,0,0.12,bks7-dkfd
2023-07-03T00:00:00.000,37,Terra Alta,431750,Vilalba dels Arcs,0.1177,0,0,0.1177,bks7-dkfd
2023-07-03T00:00:00.000,08,Baix Camp,431188,Pratdip,0.0035,0,0,0.0035,bks7-dkfd
2023-07-03T00:00:00.000,22,Montsià,430688,Godall,0,0.01,0,0.01,bks7-dkfd
2023-07-04T00:00:00.000,02,Alt Empordà,172109,Ventalló,0,0.04,1.46,0.04,bks7-dkfd
2023-07-05T00:00:00.000,10,Baix Empordà,179026,Forallac,0.0039,0,0,0.0039,bks7-dkfd
2023-07-06T00:00:00.000,06,Anoia,081043,"Llacuna, la",0.0015,0,0,0.0015,bks7-dkfd
2023-07-06T00:00:00.000,06,Anoia,082264,Sant Martí de Tous,0.002,0,0,0.002,bks7-dkfd
2023-07-07T00:00:00.000,30,Ribera d'Ebre,431251,Riba-roja d'Ebre,0.73,0,0,0.73,bks7-dkfd
2023-07-07T00:00:00.000,11,Baix Llobregat,081574,Pallejà,0,0.168,0,0.168,bks7-dkfd
2023-07-07T00:00:00.000,10,Baix Empordà,171609,Sant Feliu de Guíxols,0.001,0,0,0.001,bks7-dkfd
2023-07-07T00:00:00.000,02,Alt Empordà,170010,Agullana,0.001,0,0,0.001,bks7-dkfd
2023-07-08T00:00:00.000,11,Baix Llobregat,081960,Sant Andreu de la Barca,0.086,0,0,0.086,bks7-dkfd
2023-07-09T00:00:00.000,03,Alt Penedès,082270,Sant Martí Sarroca,0.05,0,0,0.05,bks7-dkfd
2023-07-09T00:00:00.000,30,Ribera d'Ebre,430846,Miravet,0,0.02,0,0.02,bks7-dkfd
2023-07-10T00:00:00.000,07,Bages,080180,Balsareny,0.016,0,0,0.016,bks7-dkfd
2023-07-11T00:00:00.000,10,Baix Empordà,170340,Calonge i Sant Antoni,0.001,0,0,0.001,bks7-dkfd
2023-07-11T00:00:00.000,07,Bages,081918,Sallent,0.0001,0,0,0.0001,bks7-dkfd
2023-07-12T00:00:00.000,20,Gironès,171735,Sant Martí Vell,0,0.003,0,0.003,bks7-dkfd
2023-07-14T00:00:00.000,29,Priorat,431140,Porrera,0.109,0,0,0.109,bks7-dkfd
2023-07-14T00:00:00.000,41,Vallès Oriental,082482,Santa Eulàlia de Ronçana,0.0022,0,0,0.0022,bks7-dkfd
2023-07-15T00:00:00.000,25,Pallars Jussà,252154,Talarn,0.007,0,0,0.007,bks7-dkfd
2023-07-15T00:00:00.000,02,Alt Empordà,171387,Portbou,0,0.004,0,0.004,bks7-dkfd
2023-07-17T00:00:00.000,34,Selva,171595,Sant Feliu de Buixalleu,0.0001,0,0,0.0001,bks7-dkfd
2023-07-17T00:00:00.000,41,Vallès Oriental,089024,Vilanova del Vallès,0.007,0,0,0.007,bks7-dkfd
2023-07-17T00:00:00.000,34,Selva,171501,Riudellots de la Selva,0.018,0,0,0.018,bks7-dkfd
2023-07-18T00:00:00.000,11,Baix Llobregat,081234,Molins de Rei,0.19,0,0,0.19,bks7-dkfd
2023-07-18T00:00:00.000,07,Bages,080121,Avinyó,0.011,0.004,0,0.015,bks7-dkfd
2023-07-18T00:00:00.000,36,Tarragonès,431482,Tarragona,0.34,2.12,0,2.46,bks7-dkfd
2023-07-18T00:00:00.000,10,Baix Empordà,170340,Calonge i Sant Antoni,0.018,0.02,0,0.038,bks7-dkfd
2023-07-18T00:00:00.000,07,Bages,082135,Sant Fruitós de Bages,0.01,0,0,0.01,bks7-dkfd
2023-07-18T00:00:00.000,14,Berguedà,080168,Bagà,0.0001,0,0,0.0001,bks7-dkfd
2023-07-18T00:00:00.000,21,Maresme,082613,Santa Susanna,0,0.005,0,0.005,bks7-dkfd
2023-07-19T00:00:00.000,40,Vallès Occidental,082055,Sant Cugat del Vallès,0,0.012,0,0.012,bks7-dkfd
2023-07-21T00:00:00.000,09,Baix Ebre,430069,Aldover,0.01,0,0,0.01,bks7-dkfd
2023-07-21T00:00:00.000,11,Baix Llobregat,080898,Gavà,0.057,0,0,0.057,bks7-dkfd
2023-07-21T00:00:00.000,06,Anoia,081614,Piera,0.002,0,0,0.002,bks7-dkfd
2023-07-22T00:00:00.000,06,Anoia,081614,Piera,0.088,0,0,0.088,bks7-dkfd
2023-07-22T00:00:00.000,11,Baix Llobregat,080689,Cervelló,0,2.015,0,2.015,bks7-dkfd
2023-07-22T00:00:00.000,03,Alt Penedès,082270,Sant Martí Sarroca,0,0.01,0,0.01,bks7-dkfd
2023-07-22T00:00:00.000,07,Bages,082779,Talamanca,0.003,0,0,0.003,bks7-dkfd
2023-07-22T00:00:00.000,31,Ripollès,170372,Campelles,0,0.005,0,0.005,bks7-dkfd
2023-07-22T00:00:00.000,31,Ripollès,171349,Planoles,0,0.004,0,0.004,bks7-dkfd
2023-07-24T00:00:00.000,10,Baix Empordà,170486,Castell-Platja d'Aro,0,0.01,0,0.01,bks7-dkfd
2023-07-24T00:00:00.000,40,Vallès Occidental,082798,Terrassa,0.0511,0,0,0.0511,bks7-dkfd
2023-07-24T00:00:00.000,40,Vallès Occidental,080543,Castellbisbal,0,0.0002,0,0.0002,bks7-dkfd
2023-07-24T00:00:00.000,10,Baix Empordà,170486,Castell-Platja d'Aro,0,0.003,0,0.003,bks7-dkfd
2023-07-25T00:00:00.000,10,Baix Empordà,170486,Castell-Platja d'Aro,0,0.005,0,0.005,bks7-dkfd
2023-07-25T00:00:00.000,34,Selva,170950,Lloret de Mar,0.025,0,0,0.025,bks7-dkfd
2023-07-26T00:00:00.000,22,Montsià,431362,Sant Carles de la Ràpita,0,0.001,0,0.001,bks7-dkfd
2023-07-26T00:00:00.000,20,Gironès,171864,Sarrià de Ter,0,0.0002,0,0.0002,bks7-dkfd
2023-07-27T00:00:00.000,17,Garraf,080431,Canyelles,0.0002,0,0,0.0002,bks7-dkfd
2023-07-27T00:00:00.000,17,Garraf,080431,Canyelles,0,0.0001,0,0.0001,bks7-dkfd
2023-07-27T00:00:00.000,06,Anoia,080082,Argençola,0.007,0,0,0.007,bks7-dkfd
2023-07-27T00:00:00.000,11,Baix Llobregat,082896,Torrelles de Llobregat,0.0002,0,0,0.0002,bks7-dkfd
2023-07-27T00:00:00.000,03,Alt Penedès,081461,Olesa de Bonesvalls,0.0002,0,0,0.0002,bks7-dkfd
2023-07-28T00:00:00.000,10,Baix Empordà,170486,Castell-Platja d'Aro,0,0.026,0,0.026,bks7-dkfd
2023-07-28T00:00:00.000,08,Baix Camp,431270,Riudecanyes,0,0.0082,0,0.0082,bks7-dkfd
2023-07-28T00:00:00.000,14,Berguedà,083089,Viver i Serrateix,0.004,0,0,0.004,bks7-dkfd
2023-07-28T00:00:00.000,36,Tarragonès,431482,Tarragona,0,0.0126,0,0.0126,bks7-dkfd
2023-07-28T00:00:00.000,07,Bages,081398,Mura,0.0009,0,0,0.0009,bks7-dkfd
2023-07-28T00:00:00.000,12,Baix Penedès,430304,Bonastre,0,0.001,0,0.001,bks7-dkfd
2023-07-28T00:00:00.000,10,Baix Empordà,172057,Ullastret,0.15,0,0.85,0.15,bks7-dkfd
2023-07-29T00:00:00.000,23,Noguera,252228,Tiurana,0.04,0,0,0.04,bks7-dkfd
2023-07-30T00:00:00.000,11,Baix Llobregat,082080,Sant Esteve Sesrovires,0.0024,0,0,0.0024,bks7-dkfd
2023-07-30T00:00:00.000,10,Baix Empordà,172327,Vilopriu,0,0.032,0,0.032,bks7-dkfd
2023-07-31T00:00:00.000,23,Noguera,250024,Àger,0,0.001,0,0.001,bks7-dkfd
2023-08-01T00:00:00.000,09,Baix Ebre,431042,"Perelló, el",13.26,7.32,3.06,20.58,bks7-dkfd
2023-08-01T00:00:00.000,08,Baix Camp,430923,Mont-roig del Camp,1.18,14.51,0.12,15.69,bks7-dkfd
2023-08-01T00:00:00.000,04,Alt Urgell,250306,"Pont de Bar, el",0.002,0,0,0.002,bks7-dkfd
2023-08-01T00:00:00.000,06,Anoia,080253,"Bruc, el",2.6,0,0,2.6,bks7-dkfd
2023-08-02T00:00:00.000,15,Cerdanya,172060,Urús,0.002,0,0,0.002,bks7-dkfd
2023-08-02T00:00:00.000,11,Baix Llobregat,082114,Sant Feliu de Llobregat,0,0.068,0,0.068,bks7-dkfd
2023-08-03T00:00:00.000,40,Vallès Occidental,082917,Vacarisses,0.02,0.02,0,0.04,bks7-dkfd
2023-08-03T00:00:00.000,08,Baix Camp,431457,"Selva del Camp, la",0.58,1.69,0,2.27,bks7-dkfd
2023-08-03T00:00:00.000,36,Tarragonès,431482,Tarragona,0,0.5846,0,0.5846,bks7-dkfd
2023-08-04T00:00:00.000,02,Alt Empordà,171387,Portbou,103.6,359.83,21.46,463.43,bks7-dkfd
2023-08-04T00:00:00.000,24,Osona,080266,"Brull, el",0.007,0,0,0.007,bks7-dkfd
2023-08-04T00:00:00.000,33,Segrià,251023,"Granja d'Escarp, la",0,0.06,0.01,0.06,bks7-dkfd
2023-08-05T00:00:00.000,26,Pallars Sobirà,250827,Espot,0,0.0006,0,0.0006,bks7-dkfd
2023-08-05T00:00:00.000,25,Pallars Jussà,252347,Tremp,0,0.05,0,0.05,bks7-dkfd
2023-08-05T00:00:00.000,24,Osona,081712,Prats de Lluçanès,0.034,0,0,0.034,bks7-dkfd
2023-08-05T00:00:00.000,40,Vallès Occidental,082520,Barberà del Vallès,0,0.0712,0,0.0712,bks7-dkfd
2023-08-06T00:00:00.000,06,Anoia,081038,Jorba,0,0.0002,0,0.0002,bks7-dkfd
2023-08-06T00:00:00.000,07,Bages,080538,Castellbell i el Vilar,0,0.025,0,0.025,bks7-dkfd
2023-08-06T00:00:00.000,04,Alt Urgell,251654,Peramola,0.0001,0,0,0.0001,bks7-dkfd
2023-08-07T00:00:00.000,02,Alt Empordà,170600,Darnius,0.01,0,0,0.01,bks7-dkfd
2023-08-07T00:00:00.000,09,Baix Ebre,431331,Roquetes,0,0.1,0,0.1,bks7-dkfd
2023-08-07T00:00:00.000,02,Alt Empordà,172348,Biure,0.09,0,0,0.09,bks7-dkfd
2023-08-07T00:00:00.000,41,Vallès Oriental,081810,"Roca del Vallès, la",0.0015,0,0,0.0015,bks7-dkfd
2023-08-07T00:00:00.000,02,Alt Empordà,171523,Roses,0,0.3,0,0.3,bks7-dkfd
2023-08-07T00:00:00.000,02,Alt Empordà,170600,Darnius,0.0015,0,0,0.0015,bks7-dkfd
2023-08-08T00:00:00.000,36,Tarragonès,430430,"Catllar, el",0,0.035,0,0.035,bks7-dkfd
2023-08-09T00:00:00.000,11,Baix Llobregat,081141,Martorell,0,0.083,0,0.083,bks7-dkfd
2023-08-09T00:00:00.000,03,Alt Penedès,083054,Vilafranca del Penedès,0,0.0014,0,0.0014,bks7-dkfd
2023-08-10T00:00:00.000,30,Ribera d'Ebre,431508,Tivissa,0,8.05,0,8.05,bks7-dkfd
2023-08-10T00:00:00.000,24,Osona,081094,Lluçà,0.03,0,0,0.03,bks7-dkfd
2023-08-10T00:00:00.000,30,Ribera d'Ebre,431508,Tivissa,0.12,0.92,0,1.04,bks7-dkfd
2023-08-11T00:00:00.000,22,Montsià,430770,Mas de Barberans,0,0.001,0,0.001,bks7-dkfd
2023-08-11T00:00:00.000,22,Montsià,430770,Mas de Barberans,0,0.001,0,0.001,bks7-dkfd
2023-08-11T00:00:00.000,31,Ripollès,171479,Ripoll,0.001,0,0,0.001,bks7-dkfd
2023-08-11T00:00:00.000,22,Montsià,430770,Mas de Barberans,0.54,0.13,0.01,0.67,bks7-dkfd
2023-08-12T00:00:00.000,07,Bages,081825,"Pont de Vilomara i Rocafort, el",0.3,0.06,0,0.36,bks7-dkfd
2023-08-12T00:00:00.000,31,Ripollès,171479,Ripoll,0,0.0245,0,0.0245,bks7-dkfd
2023-08-13T00:00:00.000,07,Bages,082135,Sant Fruitós de Bages,0.0299,0,0,0.0299,bks7-dkfd
2023-08-14T00:00:00.000,30,Ribera d'Ebre,431520,"Torre de l'Espanyol, la",0.1576,0,0,0.1576,bks7-dkfd
2023-08-14T00:00:00.000,30,Ribera d'Ebre,431520,"Torre de l'Espanyol, la",0.0335,0,0,0.0335,bks7-dkfd
2023-08-15T00:00:00.000,34,Selva,170237,Blanes,0.0004,0,0,0.0004,bks7-dkfd
2023-08-15T00:00:00.000,03,Alt Penedès,080654,Castellví de la Marca,0.004,0,0,0.004,bks7-dkfd
2023-08-16T00:00:00.000,34,Selva,171946,Susqueda,0.0001,0,0,0.0001,bks7-dkfd
2023-08-16T00:00:00.000,16,Conca de Barberà,431476,Solivella,0.03,0,0,0.03,bks7-dkfd
2023-08-16T00:00:00.000,16,Conca de Barberà,431476,Solivella,0.09,0,0,0.09,bks7-dkfd
2023-08-17T00:00:00.000,41,Vallès Oriental,080863,"Franqueses del Vallès, les",0,0.01,0,0.01,bks7-dkfd
2023-08-17T00:00:00.000,15,Cerdanya,251272,Lles de Cerdanya,0.05,0.15,0,0.2,bks7-dkfd
2023-08-18T00:00:00.000,19,Garrotxa,172082,"Vall de Bianya, la",0,0.07,0,0.07,bks7-dkfd
2023-08-18T00:00:00.000,15,Cerdanya,170694,Fontanals de Cerdanya,0.0002,0,0,0.0002,bks7-dkfd
2023-08-18T00:00:00.000,26,Pallars Sobirà,259010,Vall de Cardós,0,0.0025,0,0.0025,bks7-dkfd
2023-08-18T00:00:00.000,34,Selva,170335,Caldes de Malavella,0.0627,0,0,0.0627,bks7-dkfd
2023-08-19T00:00:00.000,34,Selva,170084,Anglès,0.13,0.74,0,0.87,bks7-dkfd
2023-08-19T00:00:00.000,03,Alt Penedès,080654,Castellví de la Marca,0.006,0,0,0.006,bks7-dkfd
2023-08-19T00:00:00.000,10,Baix Empordà,171609,Sant Feliu de Guíxols,0.5,0,0,0.5,bks7-dkfd
2023-08-20T00:00:00.000,03,Alt Penedès,080654,Castellví de la Marca,0.15,0,0,0.15,bks7-dkfd
2023-08-20T00:00:00.000,20,Gironès,170792,Girona,0,0.0456,0.2735,0.0456,bks7-dkfd
2023-08-20T00:00:00.000,41,Vallès Oriental,082346,Sant Pere de Vilamajor,0.0003,0,0,0.0003,bks7-dkfd
2023-08-21T00:00:00.000,36,Tarragonès,431009,"Pallaresos, els",0.1884,0,0,0.1884,bks7-dkfd
2023-08-21T00:00:00.000,20,Gironès,170792,Girona,0,0.016,0,0.016,bks7-dkfd
2023-08-21T00:00:00.000,25,Pallars Jussà,251155,Isona i Conca Dellà,0.0022,0,0,0.0022,bks7-dkfd
2023-08-21T00:00:00.000,23,Noguera,250621,Camarasa,0,0.12,0,0.12,bks7-dkfd
2023-08-22T00:00:00.000,40,Vallès Occidental,081878,Sabadell,0.05,0,0,0.05,bks7-dkfd
2023-08-22T00:00:00.000,33,Segrià,250387,Aitona,0,0.2,0,0.2,bks7-dkfd
2023-08-23T00:00:00.000,16,Conca de Barberà,431476,Solivella,0.45,0,0,0.45,bks7-dkfd
2023-08-23T00:00:00.000,07,Bages,082779,Talamanca,0.005,0,0,0.005,bks7-dkfd
2023-08-23T00:00:00.000,04,Alt Urgell,252398,"Valls de Valira, les",0.002,0,0,0.002,bks7-dkfd
2023-08-23T00:00:00.000,06,Anoia,082861,"Torre de Claramunt, la",0.4,0,0,0.4,bks7-dkfd
2023-08-23T00:00:00.000,35,Solsonès,250642,Castellar de la Ribera,0.004,0,0,0.004,bks7-dkfd
2023-08-24T00:00:00.000,24,Osona,082981,Vic,0.05,0,0,0.05,bks7-dkfd
2023-08-24T00:00:00.000,06,Anoia,080288,Cabrera d'Anoia,0,0.01,0,0.01,bks7-dkfd
2023-08-24T00:00:00.000,41,Vallès Oriental,080863,"Franqueses del Vallès, les",0,0.025,0.05,0.025,bks7-dkfd
2023-08-24T00:00:00.000,03,Alt Penedès,082227,Sant Llorenç d'Hortons,0.3,0.5,0,0.8,bks7-dkfd
2023-08-24T00:00:00.000,13,Barcelonès,080193,Barcelona,0.0004,0,0,0.0004,bks7-dkfd
2023-08-25T00:00:00.000,24,Osona,170638,Espinelves,0.0035,0,0,0.0035,bks7-dkfd
2023-08-25T00:00:00.000,02,Alt Empordà,172235,Vilajuïga,0,0.4,0,0.4,bks7-dkfd
2023-08-25T00:00:00.000,34,Selva,170097,Arbúcies,4.49,0,0.5,4.49,bks7-dkfd
2023-08-25T00:00:00.000,34,Selva,171595,Sant Feliu de Buixalleu,0.01,0,0,0.01,bks7-dkfd
2023-08-25T00:00:00.000,26,Pallars Sobirà,252213,Tírvia,0.015,0,0,0.015,bks7-dkfd
2023-08-26T00:00:00.000,09,Baix Ebre,430081,Alfara de Carles,0.0001,0,0,0.0001,bks7-dkfd
2023-08-27T00:00:00.000,10,Baix Empordà,170139,Begur,0.0002,0,0,0.0002,bks7-dkfd
2023-08-27T00:00:00.000,01,Alt Camp,430056,Alcover,0.003,0,0,0.003,bks7-dkfd
2023-08-27T00:00:00.000,33,Segrià,250138,Alfarràs,0.0945,0,0,0.0945,bks7-dkfd
2023-08-27T00:00:00.000,30,Ribera d'Ebre,430607,Flix,0,0.33,0,0.33,bks7-dkfd
2023-08-28T00:00:00.000,25,Pallars Jussà,251961,Sant Esteve de la Sarga,0.33,0,0,0.33,bks7-dkfd
2023-08-28T00:00:00.000,08,Baix Camp,430923,Mont-roig del Camp,5,2.76,4.07,7.76,bks7-dkfd
2023-08-29T00:00:00.000,02,Alt Empordà,171523,Roses,0,0.015,0,0.015,bks7-dkfd
2023-08-29T00:00:00.000,25,Pallars Jussà,251615,Conca de Dalt,0,0.1615,0,0.1615,bks7-dkfd
2023-08-30T00:00:00.000,08,Baix Camp,430094,Alforja,0,0.8,0,0.8,bks7-dkfd
2023-08-30T00:00:00.000,07,Bages,082188,Sant Joan de Vilatorrada,0.135,0,0,0.135,bks7-dkfd
2023-08-31T00:00:00.000,18,Garrigues,252555,Vinaixa,0.0001,0,0,0.0001,bks7-dkfd
2023-09-01T00:00:00.000,03,Alt Penedès,083054,Vilafranca del Penedès,0,0.02,0,0.02,bks7-dkfd
2023-09-01T00:00:00.000,01,Alt Camp,430056,Alcover,0.008,0,0,0.008,bks7-dkfd
2023-09-02T00:00:00.000,09,Baix Ebre,431042,"Perelló, el",0,0.001,0,0.001,bks7-dkfd
2023-09-03T00:00:00.000,01,Alt Camp,430017,Aiguamúrcia,0,0.001,0,0.001,bks7-dkfd
2023-09-04T00:00:00.000,20,Gironès,170675,Flaçà,0.002,0,0,0.002,bks7-dkfd
2023-09-05T00:00:00.000,25,Pallars Jussà,252347,Tremp,0,0.1,0,0.1,bks7-dkfd
2023-09-07T00:00:00.000,34,Selva,171931,Sils,0.017,0,0,0.017,bks7-dkfd
2023-09-07T00:00:00.000,34,Selva,171931,Sils,0.0001,0,0,0.0001,bks7-dkfd
2023-09-08T00:00:00.000,08,Baix Camp,430923,Mont-roig del Camp,0.01,0,0,0.01,bks7-dkfd
2023-09-09T00:00:00.000,21,Maresme,080351,Calella,0,0.004,0,0.004,bks7-dkfd
2023-09-10T00:00:00.000,26,Pallars Sobirà,250390,Baix Pallars,0,0.016,0,0.016,bks7-dkfd
2023-09-10T00:00:00.000,20,Gironès,170792,Girona,0,1.01,0,1.01,bks7-dkfd
2023-09-11T00:00:00.000,20,Gironès,170792,Girona,0.4,0.88,0,1.28,bks7-dkfd
2023-09-11T00:00:00.000,20,Gironès,170792,Girona,0.25,0,0,0.25,bks7-dkfd
2023-09-11T00:00:00.000,23,Noguera,250404,Balaguer,0,0.03,0,0.03,bks7-dkfd
2023-09-11T00:00:00.000,04,Alt Urgell,259084,Fígols i Alinyà,0.002,0,0,0.002,bks7-dkfd
2023-09-13T00:00:00.000,41,Vallès Oriental,080863,"Franqueses del Vallès, les",0.5,0.3,0,0.8,bks7-dkfd
2023-09-17T00:00:00.000,09,Baix Ebre,431554,Tortosa,0,0.003,0,0.003,bks7-dkfd
2023-09-18T00:00:00.000,10,Baix Empordà,171241,Pals,0.01,0.02,0,0.03,bks7-dkfd
2023-09-19T00:00:00.000,20,Gironès,170792,Girona,0.0015,0,0,0.0015,bks7-dkfd
2023-09-19T00:00:00.000,09,Baix Ebre,431554,Tortosa,0,0.002,0,0.002,bks7-dkfd
2023-09-22T00:00:00.000,09,Baix Ebre,431554,Tortosa,0,0.05,0,0.05,bks7-dkfd
2023-09-22T00:00:00.000,36,Tarragonès,431649,Vespella de Gaià,30.75,6.37,2.16,37.12,bks7-dkfd
2023-09-23T00:00:00.000,08,Baix Camp,431270,Riudecanyes,0.3,0,0.9,0.3,bks7-dkfd
2023-09-29T00:00:00.000,38,Urgell,251095,Guimerà,0.16,0.87,0.23,1.03,bks7-dkfd
2023-09-30T00:00:00.000,15,Cerdanya,251272,Lles de Cerdanya,0.22,0.1,1.34,0.32,bks7-dkfd
2023-10-02T00:00:00.000,02,Alt Empordà,170329,Cadaqués,0,0.0015,0,0.0015,bks7-dkfd
2023-10-02T00:00:00.000,09,Baix Ebre,430521,Xerta,1.07,1.43,0.01,2.5,bks7-dkfd
2023-10-04T00:00:00.000,34,Selva,172333,Vilobí d'Onyar,0.001,0,0,0.001,bks7-dkfd
2023-10-06T00:00:00.000,12,Baix Penedès,431634,"Vendrell, el",0.0188,0,0,0.0188,bks7-dkfd
2023-10-10T00:00:00.000,21,Maresme,080752,Dosrius,0.085,0,0,0.085,bks7-dkfd
2023-10-11T00:00:00.000,15,Cerdanya,170694,Fontanals de Cerdanya,0,0.3,0.2,0.3,bks7-dkfd
2023-10-11T00:00:00.000,24,Osona,080673,Centelles,0,0.005,0,0.005,bks7-dkfd
2023-10-13T00:00:00.000,34,Selva,170335,Caldes de Malavella,0.05,0,0,0.05,bks7-dkfd
2023-10-13T00:00:00.000,33,Segrià,250334,Artesa de Lleida,0,0.1,0,0.1,bks7-dkfd
2023-10-13T00:00:00.000,07,Bages,080538,Castellbell i el Vilar,0.005,0,0,0.005,bks7-dkfd
2023-10-17T00:00:00.000,10,Baix Empordà,171100,Mont-ras,0.015,0,0,0.015,bks7-dkfd
2023-10-19T00:00:00.000,34,Selva,170084,Anglès,0.2,0.3,0,0.5,bks7-dkfd
2023-10-26T00:00:00.000,34,Selva,170274,Breda,0.4917,0,0,0.4917,bks7-dkfd
2023-10-27T00:00:00.000,24,Osona,081496,Olost,0.19,0.13,0,0.32,bks7-dkfd
2023-10-28T00:00:00.000,24,Osona,081496,Olost,0.0485,0,0,0.0485,bks7-dkfd
2023-11-04T00:00:00.000,06,Anoia,081897,Sant Pere Sallavinera,0.025,0,0,0.025,bks7-dkfd
2023-11-04T00:00:00.000,40,Vallès Occidental,080517,Castellar del Vallès,0,0.06,0,0.06,bks7-dkfd
2023-11-04T00:00:00.000,13,Barcelonès,082457,Santa Coloma de Gramenet,0,0.03,0,0.03,bks7-dkfd
2023-11-05T00:00:00.000,10,Baix Empordà,171910,Serra de Daró,0,0.025,0,0.025,bks7-dkfd
2023-11-05T00:00:00.000,34,Selva,171946,Susqueda,0.0005,0,0,0.0005,bks7-dkfd
2023-11-05T00:00:00.000,17,Garraf,080431,Canyelles,0.2,0,0,0.2,bks7-dkfd
2023-11-07T00:00:00.000,03,Alt Penedès,081458,Olèrdola,0.01,0,0,0.01,bks7-dkfd
2023-11-08T00:00:00.000,11,Baix Llobregat,080018,Abrera,0,0.0089,0,0.0089,bks7-dkfd
2023-11-09T00:00:00.000,40,Vallès Occidental,082798,Terrassa,0.002,0,0,0.002,bks7-dkfd
2023-11-10T00:00:00.000,21,Maresme,080403,Canet de Mar,0,0.01,0,0.01,bks7-dkfd
2023-11-12T00:00:00.000,18,Garrigues,250096,"Albi, l'",0,0.012,0,0.012,bks7-dkfd
2023-11-13T00:00:00.000,24,Osona,081290,Muntanyola,0.017,0,0,0.017,bks7-dkfd
2023-11-16T00:00:00.000,10,Baix Empordà,171175,Palafrugell,0.0015,0,0,0.0015,bks7-dkfd
2023-11-18T00:00:00.000,08,Baix Camp,431270,Riudecanyes,0.025,0,0,0.025,bks7-dkfd
2023-11-18T00:00:00.000,40,Vallès Occidental,082798,Terrassa,0.002,0,0,0.002,bks7-dkfd
2023-11-19T00:00:00.000,24,Osona,170638,Espinelves,0.005,0,0,0.005,bks7-dkfd
2023-11-21T00:00:00.000,30,Ribera d'Ebre,431520,"Torre de l'Espanyol, la",0.0027,0,0,0.0027,bks7-dkfd
2023-11-21T00:00:00.000,32,Segarra,251410,Montoliu de Segarra,0,0.025,0,0.025,bks7-dkfd
2023-11-22T00:00:00.000,20,Gironès,171693,Sant Julià de Ramis,0.72,0.91,0,1.63,bks7-dkfd
2023-11-24T00:00:00.000,31,Ripollès,172018,Toses,0.0003,0.0017,0,0.002,bks7-dkfd
2023-11-24T00:00:00.000,41,Vallès Oriental,089024,Vilanova del Vallès,0,0.0015,0,0.0015,bks7-dkfd
2023-11-29T00:00:00.000,38,Urgell,251811,Puigverd d'Agramunt,0,0.0275,0,0.0275,bks7-dkfd
2023-11-29T00:00:00.000,13,Barcelonès,082457,Santa Coloma de Gramenet,0,0.0306,0,0.0306,bks7-dkfd
2023-11-30T00:00:00.000,07,Bages,082747,Súria,0.004,0,0,0.004,bks7-dkfd
2023-11-30T00:00:00.000,18,Garrigues,250096,"Albi, l'",0,0.005,0,0.005,bks7-dkfd
2023-11-30T00:00:00.000,41,Vallès Oriental,089024,Vilanova del Vallès,0,0.004,0,0.004,bks7-dkfd
2023-12-02T00:00:00.000,40,Vallès Occidental,082798,Terrassa,0.01,0,0,0.01,bks7-dkfd
2023-12-03T00:00:00.000,07,Bages,080620,Castellnou de Bages,0.0006,0,0,0.0006,bks7-dkfd
2023-12-04T00:00:00.000,41,Vallès Oriental,082346,Sant Pere de Vilamajor,0,0.01,0,0.01,bks7-dkfd
2023-12-05T00:00:00.000,40,Vallès Occidental,081878,Sabadell,0.004,0,0,0.004,bks7-dkfd
2023-12-06T00:00:00.000,20,Gironès,170792,Girona,0.0115,0,0,0.0115,bks7-dkfd
2023-12-06T00:00:00.000,21,Maresme,081213,Mataró,0,0.015,0,0.015,bks7-dkfd
2023-12-06T00:00:00.000,21,Maresme,080076,Arenys de Munt,0.0315,0,0,0.0315,bks7-dkfd
2023-12-09T00:00:00.000,41,Vallès Oriental,081982,Sant Antoni de Vilamajor,0.0015,0,0,0.0015,bks7-dkfd
2023-12-09T00:00:00.000,41,Vallès Oriental,081363,Montornès del Vallès,0.039,0,0,0.039,bks7-dkfd
2023-12-11T00:00:00.000,11,Baix Llobregat,080765,Esparreguera,0,0.0035,0,0.0035,bks7-dkfd
2023-12-13T00:00:00.000,41,Vallès Oriental,080425,Cànoves i Samalús,0.015,0,0,0.015,bks7-dkfd
2023-12-14T00:00:00.000,11,Baix Llobregat,080898,Gavà,0.065,0,0,0.065,bks7-dkfd
2023-12-15T00:00:00.000,07,Bages,081786,Rajadell,0.0231,0,0,0.0231,bks7-dkfd
2023-12-15T00:00:00.000,13,Barcelonès,081944,Sant Adrià de Besòs,0,0.02,0,0.02,bks7-dkfd
2023-12-15T00:00:00.000,09,Baix Ebre,439018,Deltebre,0,0.04,0,0.04,bks7-dkfd
2023-12-16T00:00:00.000,34,Selva,170084,Anglès,0.07,0.23,0,0.3,bks7-dkfd
2023-12-17T00:00:00.000,03,Alt Penedès,081228,Mediona,0.02,0,0,0.02,bks7-dkfd
2023-12-17T00:00:00.000,20,Gironès,171864,Sarrià de Ter,0.0036,0,0,0.0036,bks7-dkfd
2023-12-18T00:00:00.000,41,Vallès Oriental,089024,Vilanova del Vallès,0,0.03,0,0.03,bks7-dkfd
2023-12-18T00:00:00.000,29,Priorat,430859,"Molar, el",0,0.0075,0,0.0075,bks7-dkfd
2023-12-19T00:00:00.000,36,Tarragonès,431482,Tarragona,0,0.44,0,0.44,bks7-dkfd
2023-12-19T00:00:00.000,29,Priorat,430496,Cornudella de Montsant,0,0.023,0,0.023,bks7-dkfd
2023-12-19T00:00:00.000,36,Tarragonès,431114,"Pobla de Montornès, la",0,0.015,0,0.015,bks7-dkfd
2023-12-19T00:00:00.000,03,Alt Penedès,080581,Castellet i la Gornal,0,0.03,0,0.03,bks7-dkfd
2023-12-21T00:00:00.000,19,Garrotxa,171143,Olot,0.002,0,0,0.002,bks7-dkfd
2023-12-22T00:00:00.000,40,Vallès Occidental,082798,Terrassa,0,0.025,0,0.025,bks7-dkfd
2023-12-22T00:00:00.000,14,Berguedà,081751,Puig-reig,0.073,0,0,0.073,bks7-dkfd
2023-12-23T00:00:00.000,29,Priorat,431515,"Torre de Fontaubella, la",0,0.0003,0,0.0003,bks7-dkfd
2023-12-23T00:00:00.000,25,Pallars Jussà,250019,Abella de la Conca,0,0.003,0,0.003,bks7-dkfd
2023-12-24T00:00:00.000,34,Selva,170084,Anglès,0.0025,0,0,0.0025,bks7-dkfd
2023-12-24T00:00:00.000,40,Vallès Occidental,081846,Rubí,0,0.012,0,0.012,bks7-dkfd
2023-12-25T00:00:00.000,35,Solsonès,251930,Sant Llorenç de Morunys,0,0.001,0,0.001,bks7-dkfd
2023-12-25T00:00:00.000,25,Pallars Jussà,251155,Isona i Conca Dellà,0,0.52,0,0.52,bks7-dkfd
2023-12-26T00:00:00.000,40,Vallès Occidental,081252,Montcada i Reixac,0,0.005,0,0.005,bks7-dkfd
2023-12-27T00:00:00.000,36,Tarragonès,431482,Tarragona,0,0.03,0,0.03,bks7-dkfd
2023-12-27T00:00:00.000,20,Gironès,170209,Bescanó,0.035,0,0,0.035,bks7-dkfd
2023-12-28T00:00:00.000,02,Alt Empordà,171523,Roses,0,0.015,0,0.015,bks7-dkfd
2023-12-28T00:00:00.000,34,Selva,171642,Sant Hilari Sacalm,0.2,0,0,0.2,bks7-dkfd
2023-12-29T00:00:00.000,07,Bages,081786,Rajadell,0.2,0,0,0.2,bks7-dkfd
2023-12-29T00:00:00.000,38,Urgell,252385,Vallbona de les Monges,0.067,0,0,0.067,bks7-dkfd
2023-12-30T00:00:00.000,16,Conca de Barberà,430862,Montblanc,0,0.0075,0,0.0075,bks7-dkfd
2023-12-31T00:00:00.000,07,Bages,081271,Monistrol de Montserrat,0,1.08,0,1.08,bks7-dkfd
2023-12-31T00:00:00.000,03,Alt Penedès,080581,Castellet i la Gornal,0,0.005,0,0.005,bks7-dkfd
2024-01-01T00:00:00.000,36,Tarragonès,431482,Tarragona,0.008,0,0,0.008,bks7-dkfd
2024-01-01T00:00:00.000,36,Tarragonès,431482,Tarragona,0,0.0007,0,0.0007,bks7-dkfd
2024-01-01T00:00:00.000,36,Tarragonès,431482,Tarragona,0,0.0015,0,0.0015,bks7-dkfd
2024-01-01T00:00:00.000,24,Osona,080266,"Brull, el",0,0.0001,0,0.0001,bks7-dkfd
2024-01-01T00:00:00.000,36,Tarragonès,431482,Tarragona,0.01,0,0,0.01,bks7-dkfd
2024-01-02T00:00:00.000,07,Bages,080983,Sant Salvador de Guardiola,1.15,0,0,1.15,bks7-dkfd
2024-01-03T00:00:00.000,34,Selva,171931,Sils,0.43,0,0,0.43,bks7-dkfd
2024-01-03T00:00:00.000,02,Alt Empordà,170010,Agullana,0,0.06,0,0.06,bks7-dkfd
2024-01-03T00:00:00.000,36,Tarragonès,431482,Tarragona,0.0003,0,0,0.0003,bks7-dkfd
2024-01-03T00:00:00.000,06,Anoia,081614,Piera,0.0025,0,0,0.0025,bks7-dkfd
2024-01-04T00:00:00.000,20,Gironès,170736,Fornells de la Selva,0.035,0,0,0.035,bks7-dkfd
2024-01-04T00:00:00.000,36,Tarragonès,431482,Tarragona,0,0.0025,0,0.0025,bks7-dkfd
2024-01-06T00:00:00.000,36,Tarragonès,431482,Tarragona,0,0.17,0,0.17,bks7-dkfd
2024-01-07T00:00:00.000,34,Selva,170084,Anglès,0,0.0035,0,0.0035,bks7-dkfd
2024-01-07T00:00:00.000,16,Conca de Barberà,430542,"Espluga de Francolí, l'",0.004,0,0,0.004,bks7-dkfd
2024-01-08T00:00:00.000,34,Selva,170084,Anglès,0,0.16,0,0.16,bks7-dkfd
2024-01-08T00:00:00.000,10,Baix Empordà,170221,"Bisbal d'Empordà, la",0,0.0004,0,0.0004,bks7-dkfd
2024-01-08T00:00:00.000,36,Tarragonès,430477,Constantí,0,1.35,0,1.35,bks7-dkfd
2024-01-08T00:00:00.000,10,Baix Empordà,170340,Calonge i Sant Antoni,0,0.001,0,0.001,bks7-dkfd
2024-01-09T00:00:00.000,34,Selva,170237,Blanes,0.02,0,0,0.02,bks7-dkfd
2024-01-09T00:00:00.000,10,Baix Empordà,170139,Begur,0.002,0,0,0.002,bks7-dkfd
2024-01-10T00:00:00.000,20,Gironès,171668,Sant Jordi Desvalls,0,0.0174,0,0.0174,bks7-dkfd
2024-01-12T00:00:00.000,14,Berguedà,080168,Bagà,0,0.041,0,0.041,bks7-dkfd
2024-01-13T00:00:00.000,36,Tarragonès,431444,"Secuita, la",0,0.0025,0,0.0025,bks7-dkfd
2024-01-16T00:00:00.000,09,Baix Ebre,430136,"Ametlla de Mar, l'",0.018,0,0,0.018,bks7-dkfd
2024-01-16T00:00:00.000,29,Priorat,430555,Falset,0,0.0158,0,0.0158,bks7-dkfd
2024-01-17T00:00:00.000,13,Barcelonès,081944,Sant Adrià de Besòs,0,0.0078,0,0.0078,bks7-dkfd
2024-01-18T00:00:00.000,34,Selva,170280,Brunyola i Sant Martí Sapresa,0.77,0,0,0.77,bks7-dkfd
2024-01-18T00:00:00.000,10,Baix Empordà,171175,Palafrugell,0,0.02,0,0.02,bks7-dkfd
2024-01-22T00:00:00.000,02,Alt Empordà,170754,Garrigàs,0,0.08,0,0.08,bks7-dkfd
2024-01-23T00:00:00.000,02,Alt Empordà,171582,Sant Climent Sescebes,0,0.3,0,0.3,bks7-dkfd
2024-01-23T00:00:00.000,15,Cerdanya,170947,Llívia,0.0006,0,0,0.0006,bks7-dkfd
2024-01-24T00:00:00.000,20,Gironès,170904,Llambilles,0,0.009,0,0.009,bks7-dkfd
2024-01-24T00:00:00.000,36,Tarragonès,431444,"Secuita, la",0,0.19,0.1,0.19,bks7-dkfd
2024-01-25T00:00:00.000,20,Gironès,171729,Sant Martí de Llémena,0.07,0,0,0.07,bks7-dkfd
2024-01-25T00:00:00.000,34,Selva,170280,Brunyola i Sant Martí Sapresa,0.5,0.09,0,0.59,bks7-dkfd
2024-01-26T00:00:00.000,21,Maresme,081939,Sant Iscle de Vallalta,0.0115,0,0,0.0115,bks7-dkfd
2024-01-27T00:00:00.000,03,Alt Penedès,082495,Santa Fe del Penedès,0.012,0,0,0.012,bks7-dkfd
2024-01-28T00:00:00.000,24,Osona,082476,Santa Eulàlia de Riuprimer,0.1925,0,0,0.1925,bks7-dkfd
2024-01-28T00:00:00.000,20,Gironès,170890,Llagostera,0.001,0,0,0.001,bks7-dkfd
2024-01-31T00:00:00.000,03,Alt Penedès,082270,Sant Martí Sarroca,0,0.05,0,0.05,bks7-dkfd
2024-02-01T00:00:00.000,16,Conca de Barberà,430862,Montblanc,0,0.2,0,0.2,bks7-dkfd
2024-02-02T00:00:00.000,15,Cerdanya,170947,Llívia,0.15,0,0,0.15,bks7-dkfd
2024-02-04T00:00:00.000,10,Baix Empordà,170340,Calonge i Sant Antoni,0,0.025,0,0.025,bks7-dkfd
2024-02-04T00:00:00.000,40,Vallès Occidental,081799,Rellinars,0.2,0.07,0,0.27,bks7-dkfd
2024-02-04T00:00:00.000,03,Alt Penedès,080137,Avinyonet del Penedès,0,0.015,0,0.015,bks7-dkfd
2024-02-04T00:00:00.000,06,Anoia,081038,Jorba,0,0.01,0,0.01,bks7-dkfd
2024-02-04T00:00:00.000,08,Baix Camp,430923,Mont-roig del Camp,0,0.08,0,0.08,bks7-dkfd
2024-02-04T00:00:00.000,24,Osona,089019,Rupit i Pruit,0.028,0,0,0.028,bks7-dkfd
2024-02-06T00:00:00.000,24,Osona,081173,"Masies de Voltregà, les",0.3389,0,0,0.3389,bks7-dkfd
2024-02-06T00:00:00.000,10,Baix Empordà,179026,Forallac,0,0.01,0,0.01,bks7-dkfd
2024-02-07T00:00:00.000,12,Baix Penedès,430287,"Bisbal del Penedès, la",0,0.0012,0,0.0012,bks7-dkfd
2024-02-09T00:00:00.000,20,Gironès,170792,Girona,0,0.007,0,0.007,bks7-dkfd
2024-02-12T00:00:00.000,12,Baix Penedès,431634,"Vendrell, el",0,2.76,0.39,2.76,bks7-dkfd
2024-02-14T00:00:00.000,02,Alt Empordà,171582,Sant Climent Sescebes,0,0.25,0,0.25,bks7-dkfd
2024-02-14T00:00:00.000,31,Ripollès,170963,"Llosses, les",0.015,0,0,0.015,bks7-dkfd
2024-02-15T00:00:00.000,09,Baix Ebre,439060,"Ampolla, l'",0,0.005,0,0.005,bks7-dkfd
2024-02-16T00:00:00.000,02,Alt Empordà,172214,Vilafant,0,0.7,0,0.7,bks7-dkfd
2024-02-20T00:00:00.000,03,Alt Penedès,081228,Mediona,0.003,0,0,0.003,bks7-dkfd
2024-02-20T00:00:00.000,31,Ripollès,170963,"Llosses, les",0.01,0,0,0.01,bks7-dkfd
2024-02-20T00:00:00.000,07,Bages,080847,Fonollosa,0.03,0,0,0.03,bks7-dkfd
2024-02-21T00:00:00.000,17,Garraf,080431,Canyelles,0.001,0,0,0.001,bks7-dkfd
2024-02-21T00:00:00.000,07,Bages,081136,Manresa,0,0.054,0,0.054,bks7-dkfd
2024-02-22T00:00:00.000,37,Terra Alta,431750,Vilalba dels Arcs,0.02,0,0.2,0.02,bks7-dkfd
2024-02-22T00:00:00.000,28,Pla de l'Estany,171371,Porqueres,0.015,0,0,0.015,bks7-dkfd
2024-02-22T00:00:00.000,37,Terra Alta,430640,Gandesa,0,0.017,0,0.017,bks7-dkfd
2024-02-22T00:00:00.000,01,Alt Camp,431613,Valls,0.086,0,0,0.086,bks7-dkfd
2024-02-22T00:00:00.000,42,Moianès,081287,Monistrol de Calders,0,0.1,0,0.1,bks7-dkfd
2024-02-23T00:00:00.000,17,Garraf,080431,Canyelles,0.005,0,0,0.005,bks7-dkfd
2024-02-23T00:00:00.000,14,Berguedà,082554,Santa Maria de Merlès,0.05,0.1497,0,0.1997,bks7-dkfd
2024-02-24T00:00:00.000,08,Baix Camp,430075,"Aleixar, l'",0,0.095,0,0.095,bks7-dkfd
2024-02-24T00:00:00.000,41,Vallès Oriental,080977,Gualba,0.0015,0,0,0.0015,bks7-dkfd
2024-02-24T00:00:00.000,11,Baix Llobregat,080728,Corbera de Llobregat,0.004,0,0,0.004,bks7-dkfd
2024-02-24T00:00:00.000,08,Baix Camp,431270,Riudecanyes,0.984,0,0,0.984,bks7-dkfd
2024-02-25T00:00:00.000,03,Alt Penedès,082732,Subirats,0,0.02,0,0.02,bks7-dkfd
2024-02-26T00:00:00.000,01,Alt Camp,431613,Valls,0,0.54,0,0.54,bks7-dkfd
2024-02-26T00:00:00.000,37,Terra Alta,431068,"Pinell de Brai, el",0.06,0,0,0.06,bks7-dkfd
2024-02-26T00:00:00.000,16,Conca de Barberà,430614,Forès,0.07,0,0,0.07,bks7-dkfd
2024-02-27T00:00:00.000,40,Vallès Occidental,082055,Sant Cugat del Vallès,0,0.05,0,0.05,bks7-dkfd
2024-02-28T00:00:00.000,06,Anoia,081022,Igualada,0,0.053,0,0.053,bks7-dkfd
2024-02-29T00:00:00.000,21,Maresme,081939,Sant Iscle de Vallalta,0,0.0005,0,0.0005,bks7-dkfd
2024-02-29T00:00:00.000,34,Selva,171030,Maçanet de la Selva,0.0005,0,0,0.0005,bks7-dkfd
2024-03-01T00:00:00.000,06,Anoia,080636,Castellolí,0.085,0,0,0.085,bks7-dkfd
2024-03-03T00:00:00.000,09,Baix Ebre,431495,Tivenys,0,0.003,0,0.003,bks7-dkfd
2024-03-03T00:00:00.000,09,Baix Ebre,430136,"Ametlla de Mar, l'",0,0.04,0,0.04,bks7-dkfd
2024-03-05T00:00:00.000,08,Baix Camp,430038,"Albiol, l'",0,0.015,0,0.015,bks7-dkfd
2024-03-05T00:00:00.000,06,Anoia,080253,"Bruc, el",0.6975,0,0.0211,0.6975,bks7-dkfd
2024-03-05T00:00:00.000,03,Alt Penedès,082732,Subirats,0,0.035,0,0.035,bks7-dkfd
2024-03-05T00:00:00.000,06,Anoia,083020,Vilanova del Camí,0.1227,0,0,0.1227,bks7-dkfd
2024-03-06T00:00:00.000,33,Segrià,252115,Sudanell,0.07,0,0,0.07,bks7-dkfd
2024-03-06T00:00:00.000,33,Segrià,250117,Alcarràs,0.247,0,0,0.247,bks7-dkfd
2024-03-06T00:00:00.000,06,Anoia,081859,Rubió,2.16,0.72,0,2.88,bks7-dkfd
2024-03-07T00:00:00.000,21,Maresme,081213,Mataró,0,0.0131,0,0.0131,bks7-dkfd
2024-03-07T00:00:00.000,38,Urgell,250501,Bellpuig,0,0.0018,0,0.0018,bks7-dkfd
2024-03-12T00:00:00.000,17,Garraf,082704,Sitges,0.0025,0,0,0.0025,bks7-dkfd
2024-03-15T00:00:00.000,01,Alt Camp,431704,Vila-rodona,0.3,0.025,0,0.325,bks7-dkfd
2024-03-17T00:00:00.000,11,Baix Llobregat,083015,Viladecans,0,0.01,0,0.01,bks7-dkfd
2024-03-18T00:00:00.000,38,Urgell,250030,Agramunt,0,0.39,0,0.39,bks7-dkfd
2024-03-19T00:00:00.000,21,Maresme,081213,Mataró,0,0.003,0,0.003,bks7-dkfd
2024-03-20T00:00:00.000,24,Osona,082418,Sant Sadurní d'Osormort,0.003,0,0,0.003,bks7-dkfd
2024-03-20T00:00:00.000,16,Conca de Barberà,430862,Montblanc,0.02,0,0,0.02,bks7-dkfd
2024-03-20T00:00:00.000,38,Urgell,259025,Sant Martí de Riucorb,0,0.6,0,0.6,bks7-dkfd
2024-03-20T00:00:00.000,30,Ribera d'Ebre,431212,Rasquera,0.04,0,0,0.04,bks7-dkfd
2024-03-24T00:00:00.000,10,Baix Empordà,171181,Palamós,0,0.003,0,0.003,bks7-dkfd
2024-03-26T00:00:00.000,04,Alt Urgell,250772,Coll de Nargó,0.006,0,0,0.006,bks7-dkfd
2024-03-28T00:00:00.000,24,Osona,083036,Vilanova de Sau,0.03,0,0,0.03,bks7-dkfd
2024-03-29T00:00:00.000,20,Gironès,170209,Bescanó,1.33,0,0.02,1.33,bks7-dkfd
2024-03-30T00:00:00.000,03,Alt Penedès,081228,Mediona,0.02,0,0,0.02,bks7-dkfd
2024-03-30T00:00:00.000,03,Alt Penedès,081228,Mediona,0.001,0,0,0.001,bks7-dkfd
2024-04-02T00:00:00.000,09,Baix Ebre,431554,Tortosa,0.1,0,0.04,0.1,bks7-dkfd
2024-04-02T00:00:00.000,09,Baix Ebre,431331,Roquetes,0,0.06,0.16,0.06,bks7-dkfd
2024-04-03T00:00:00.000,34,Selva,170950,Lloret de Mar,0.02,0.005,0,0.025,bks7-dkfd
2024-04-03T00:00:00.000,13,Barcelonès,081944,Sant Adrià de Besòs,0,0.003,0,0.003,bks7-dkfd
2024-04-04T00:00:00.000,36,Tarragonès,430477,Constantí,0,0.21,0,0.21,bks7-dkfd
2024-04-05T00:00:00.000,19,Garrotxa,171143,Olot,0,0.015,0,0.015,bks7-dkfd
2024-04-06T00:00:00.000,29,Priorat,430691,Gratallops,0,0.0276,0,0.0276,bks7-dkfd
2024-04-08T00:00:00.000,01,Alt Camp,431135,"Pont d'Armentera, el",0.025,0,0,0.025,bks7-dkfd
2024-04-08T00:00:00.000,33,Segrià,252326,Torres de Segre,0.14,0,0,0.14,bks7-dkfd
2024-04-09T00:00:00.000,09,Baix Ebre,431042,"Perelló, el",1.9858,0.49,1.91,2.4758,bks7-dkfd
2024-04-10T00:00:00.000,13,Barcelonès,080193,Barcelona,0,0.0012,0,0.0012,bks7-dkfd
2024-04-10T00:00:00.000,04,Alt Urgell,250447,Bassella,0.04,0,0,0.04,bks7-dkfd
2024-04-10T00:00:00.000,09,Baix Ebre,431495,Tivenys,0,0.5,0,0.5,bks7-dkfd
2024-04-11T00:00:00.000,30,Ribera d'Ebre,430607,Flix,0.06,0.06,0,0.12,bks7-dkfd
2024-04-11T00:00:00.000,07,Bages,081136,Manresa,0.0966,0,0,0.0966,bks7-dkfd
2024-04-11T00:00:00.000,03,Alt Penedès,080654,Castellví de la Marca,1.43,0.02,0.33,1.45,bks7-dkfd
2024-04-12T00:00:00.000,25,Pallars Jussà,252154,Talarn,0,0.04,0.01,0.04,bks7-dkfd
2024-04-12T00:00:00.000,15,Cerdanya,251272,Lles de Cerdanya,0.01,0,0,0.01,bks7-dkfd
2024-04-12T00:00:00.000,33,Segrià,251207,Lleida,0.0212,0,0,0.0212,bks7-dkfd
2024-04-13T00:00:00.000,30,Ribera d'Ebre,431508,Tivissa,0,0.05,0,0.05,bks7-dkfd
2024-04-13T00:00:00.000,41,Vallès Oriental,082482,Santa Eulàlia de Ronçana,0.008,0,0,0.008,bks7-dkfd
2024-04-13T00:00:00.000,30,Ribera d'Ebre,431212,Rasquera,0.1,0.1,0,0.2,bks7-dkfd
2024-04-13T00:00:00.000,03,Alt Penedès,080919,Gelida,0,0.2685,0,0.2685,bks7-dkfd
2024-04-13T00:00:00.000,03,Alt Penedès,082401,Sant Sadurní d'Anoia,0,0.186,0,0.186,bks7-dkfd
2024-04-14T00:00:00.000,06,Anoia,082508,Santa Margarida de Montbui,0,0.015,0,0.015,bks7-dkfd
2024-04-14T00:00:00.000,33,Segrià,251207,Lleida,0.6313,0,0,0.6313,bks7-dkfd
2024-04-14T00:00:00.000,33,Segrià,251207,Lleida,0.2,0,0,0.2,bks7-dkfd
2024-04-14T00:00:00.000,09,Baix Ebre,439018,Deltebre,0,0.08,0,0.08,bks7-dkfd
2024-04-14T00:00:00.000,33,Segrià,251207,Lleida,0.03,0.01,0,0.04,bks7-dkfd
2024-04-14T00:00:00.000,03,Alt Penedès,080919,Gelida,0.35,0.47,0.05,0.82,bks7-dkfd
2024-04-15T00:00:00.000,20,Gironès,170792,Girona,0,0.0015,0,0.0015,bks7-dkfd
2024-04-15T00:00:00.000,27,Pla d'Urgell,252521,Vila-sana,0,3.62,1.53,3.62,bks7-dkfd
2024-04-16T00:00:00.000,08,Baix Camp,430923,Mont-roig del Camp,0,0.045,0,0.045,bks7-dkfd
2024-04-16T00:00:00.000,33,Segrià,251207,Lleida,4.48,1.23,0,5.71,bks7-dkfd
2024-04-17T00:00:00.000,36,Tarragonès,431665,Vilallonga del Camp,0,0.33,0,0.33,bks7-dkfd
2024-04-17T00:00:00.000,32,Segarra,251919,Sanaüja,0,0.0674,0,0.0674,bks7-dkfd
2024-04-17T00:00:00.000,36,Tarragonès,431665,Vilallonga del Camp,0,0.0904,0,0.0904,bks7-dkfd
2024-04-18T00:00:00.000,28,Pla de l'Estany,170583,Crespià,0.02,0,0,0.02,bks7-dkfd
2024-04-18T00:00:00.000,32,Segarra,251327,Massoteres,0.4427,0.3344,0,0.7771,bks7-dkfd
2024-04-18T00:00:00.000,33,Segrià,251207,Lleida,0.1,0.08,0.04,0.18,bks7-dkfd
2024-04-19T00:00:00.000,29,Priorat,430691,Gratallops,0.0583,0,0.07,0.0583,bks7-dkfd
2024-04-20T00:00:00.000,36,Tarragonès,431711,Vila-seca,0,0.84,0,0.84,bks7-dkfd
2024-04-20T00:00:00.000,20,Gironès,170448,Cassà de la Selva,0.055,0,0,0.055,bks7-dkfd
2024-04-21T00:00:00.000,15,Cerdanya,251272,Lles de Cerdanya,0.02,0,0,0.02,bks7-dkfd
2024-04-21T00:00:00.000,09,Baix Ebre,431554,Tortosa,0,0.7,0,0.7,bks7-dkfd
2024-04-21T00:00:00.000,05,Alta Ribagorça,250432,"Vall de Boí, la",0,3.1408,0,3.1408,bks7-dkfd
2024-04-21T00:00:00.000,07,Bages,080538,Castellbell i el Vilar,0.01,0,0,0.01,bks7-dkfd
2024-04-22T00:00:00.000,38,Urgell,259025,Sant Martí de Riucorb,0,0.5,0,0.5,bks7-dkfd
2024-04-22T00:00:00.000,33,Segrià,251207,Lleida,1.54,0.14,0.2,1.68,bks7-dkfd
2024-04-23T00:00:00.000,33,Segrià,252326,Torres de Segre,0.33,0,0,0.33,bks7-dkfd
2024-04-24T00:00:00.000,17,Garraf,082310,Sant Pere de Ribes,0.0002,0,0,0.0002,bks7-dkfd
2024-04-24T00:00:00.000,02,Alt Empordà,170669,Figueres,0,0.2,0.05,0.2,bks7-dkfd
2024-04-26T00:00:00.000,34,Selva,170097,Arbúcies,0.08,0,0,0.08,bks7-dkfd
2024-04-26T00:00:00.000,37,Terra Alta,431107,"Pobla de Massaluca, la",2.19,1.43,0.02,3.62,bks7-dkfd
2024-04-28T00:00:00.000,09,Baix Ebre,431021,Paüls,0.15,0,0,0.15,bks7-dkfd
2024-04-28T00:00:00.000,21,Maresme,080095,Argentona,0.001,0.003,0,0.004,bks7-dkfd
2024-05-02T00:00:00.000,41,Vallès Oriental,082482,Santa Eulàlia de Ronçana,0,0.005,0,0.005,bks7-dkfd
2024-05-02T00:00:00.000,37,Terra Alta,430419,Caseres,0,0.53,0,0.53,bks7-dkfd
2024-05-02T00:00:00.000,09,Baix Ebre,439060,"Ampolla, l'",0,0.03,0,0.03,bks7-dkfd
2024-05-03T00:00:00.000,17,Garraf,080431,Canyelles,0.001,0,0,0.001,bks7-dkfd
2024-05-04T00:00:00.000,08,Baix Camp,430075,"Aleixar, l'",0.04,0,0,0.04,bks7-dkfd
2024-05-04T00:00:00.000,41,Vallès Oriental,082482,Santa Eulàlia de Ronçana,0,0.0005,0,0.0005,bks7-dkfd
2024-05-05T00:00:00.000,41,Vallès Oriental,082482,Santa Eulàlia de Ronçana,0.001,0,0,0.001,bks7-dkfd
2024-05-05T00:00:00.000,09,Baix Ebre,430521,Xerta,0.002,0,0,0.002,bks7-dkfd
2024-05-06T00:00:00.000,30,Ribera d'Ebre,431212,Rasquera,0.0211,0,0,0.0211,bks7-dkfd
2024-05-07T00:00:00.000,37,Terra Alta,430712,Horta de Sant Joan,4.47,2.57,1.17,7.04,bks7-dkfd
2024-05-08T00:00:00.000,17,Garraf,080431,Canyelles,0.003,0,0,0.003,bks7-dkfd
2024-05-08T00:00:00.000,17,Garraf,080431,Canyelles,0.002,0,0,0.002,bks7-dkfd
2024-05-08T00:00:00.000,03,Alt Penedès,081458,Olèrdola,0.002,0,0,0.002,bks7-dkfd
2024-05-08T00:00:00.000,17,Garraf,080431,Canyelles,0.001,0,0,0.001,bks7-dkfd
2024-05-08T00:00:00.000,41,Vallès Oriental,080235,Bigues i Riells,0.05,0,0,0.05,bks7-dkfd
2024-05-08T00:00:00.000,18,Garrigues,250096,"Albi, l'",0,0.03,0,0.03,bks7-dkfd
2024-05-08T00:00:00.000,38,Urgell,250740,Ciutadilla,0,0.7785,0,0.7785,bks7-dkfd
2024-05-09T00:00:00.000,13,Barcelonès,082457,Santa Coloma de Gramenet,0.004,0,0,0.004,bks7-dkfd
2024-05-09T00:00:00.000,20,Gironès,172155,Vilablareix,0.037,0,0.025,0.037,bks7-dkfd
2024-05-09T00:00:00.000,03,Alt Penedès,083054,Vilafranca del Penedès,0,0.07,0,0.07,bks7-dkfd
2024-05-09T00:00:00.000,20,Gironès,170792,Girona,0,0.0002,0,0.0002,bks7-dkfd
2024-05-09T00:00:00.000,41,Vallès Oriental,082482,Santa Eulàlia de Ronçana,0.0025,0,0,0.0025,bks7-dkfd
2024-05-10T00:00:00.000,41,Vallès Oriental,082482,Santa Eulàlia de Ronçana,0,0.002,0,0.002,bks7-dkfd
2024-05-10T00:00:00.000,30,Ribera d'Ebre,430607,Flix,0,0.6,0,0.6,bks7-dkfd
2024-05-10T00:00:00.000,33,Segrià,251207,Lleida,0,0.2,0,0.2,bks7-dkfd
2024-05-10T00:00:00.000,20,Gironès,170792,Girona,0,0.003,0,0.003,bks7-dkfd
2024-05-10T00:00:00.000,41,Vallès Oriental,081810,"Roca del Vallès, la",0,0.065,0,0.065,bks7-dkfd
2024-05-10T00:00:00.000,03,Alt Penedès,081458,Olèrdola,0.1,0,0,0.1,bks7-dkfd
2024-05-10T00:00:00.000,07,Bages,081402,Navarcles,0.3,0.15,0,0.45,bks7-dkfd
2024-05-10T00:00:00.000,06,Anoia,080484,Carme,0.14,0,0,0.14,bks7-dkfd
2024-05-10T00:00:00.000,40,Vallès Occidental,081846,Rubí,0,0.055,0,0.055,bks7-dkfd
2024-05-10T00:00:00.000,03,Alt Penedès,081458,Olèrdola,0.002,0,0,0.002,bks7-dkfd
2024-05-11T00:00:00.000,40,Vallès Occidental,081252,Montcada i Reixac,0,0.0006,0,0.0006,bks7-dkfd
2024-05-11T00:00:00.000,37,Terra Alta,430228,Batea,7.8,0.69,0.31,8.49,bks7-dkfd
2024-05-11T00:00:00.000,41,Vallès Oriental,081075,Lliçà d'Amunt,0.003,0,0,0.003,bks7-dkfd
2024-05-11T00:00:00.000,41,Vallès Oriental,081810,"Roca del Vallès, la",0.8,0,0,0.8,bks7-dkfd
2024-05-11T00:00:00.000,41,Vallès Oriental,082482,Santa Eulàlia de Ronçana,0.002,0,0,0.002,bks7-dkfd
2024-05-11T00:00:00.000,32,Segarra,259059,Ribera d'Ondara,0,0.343,0,0.343,bks7-dkfd
2024-05-11T00:00:00.000,33,Segrià,250077,Albatàrrec,0,0.8,0,0.8,bks7-dkfd
2024-05-11T00:00:00.000,30,Ribera d'Ebre,430939,Móra d'Ebre,0.03,0,0,0.03,bks7-dkfd
2024-05-11T00:00:00.000,40,Vallès Occidental,082384,Sant Quirze del Vallès,0.0015,0,0,0.0015,bks7-dkfd
2024-05-12T00:00:00.000,09,Baix Ebre,431554,Tortosa,0.08,0,0,0.08,bks7-dkfd
2024-05-12T00:00:00.000,06,Anoia,080484,Carme,0.21,0,0,0.21,bks7-dkfd
2024-05-12T00:00:00.000,41,Vallès Oriental,082592,Santa Maria de Palautordera,0.008,0,0,0.008,bks7-dkfd
2024-05-12T00:00:00.000,20,Gironès,171557,Salt,0,0.09,0,0.09,bks7-dkfd
2024-05-12T00:00:00.000,04,Alt Urgell,251850,Ribera d'Urgellet,0.001,0,0,0.001,bks7-dkfd
2024-05-13T00:00:00.000,41,Vallès Oriental,082763,Tagamanent,0.03,0,0,0.03,bks7-dkfd
2024-05-13T00:00:00.000,18,Garrigues,251692,"Pobla de Cérvoles, la",0,0.2,0,0.2,bks7-dkfd
2024-05-13T00:00:00.000,20,Gironès,170792,Girona,0,0.0027,0,0.0027,bks7-dkfd
2024-05-13T00:00:00.000,08,Baix Camp,431166,Prades,0.0875,0,0,0.0875,bks7-dkfd
2024-05-13T00:00:00.000,09,Baix Ebre,430136,"Ametlla de Mar, l'",0.04,0,0,0.04,bks7-dkfd
2024-05-13T00:00:00.000,23,Noguera,250426,"Baronia de Rialb, la",0.4,0,0,0.4,bks7-dkfd
2024-05-13T00:00:00.000,25,Pallars Jussà,251155,Isona i Conca Dellà,0,0.13,0,0.13,bks7-dkfd
2024-05-14T00:00:00.000,09,Baix Ebre,431554,Tortosa,0,0.02,0,0.02,bks7-dkfd
2024-05-14T00:00:00.000,09,Baix Ebre,430136,"Ametlla de Mar, l'",0,0.01,0,0.01,bks7-dkfd
2024-05-15T00:00:00.000,33,Segrià,250169,Alguaire,0,0.05,0,0.05,bks7-dkfd
2024-05-16T00:00:00.000,03,Alt Penedès,082362,Sant Quintí de Mediona,0,0.0005,0,0.0005,bks7-dkfd
2024-05-17T00:00:00.000,37,Terra Alta,430189,Arnes,0.1,0,0,0.1,bks7-dkfd
2024-05-18T00:00:00.000,09,Baix Ebre,431554,Tortosa,0.05,0,0,0.05,bks7-dkfd
2024-05-20T00:00:00.000,04,Alt Urgell,251850,Ribera d'Urgellet,0.001,0,0,0.001,bks7-dkfd
2024-05-21T00:00:00.000,23,Noguera,250349,Artesa de Segre,0,0.04,0,0.04,bks7-dkfd
2024-05-26T00:00:00.000,14,Berguedà,082687,Cercs,0.0026,0,0,0.0026,bks7-dkfd
2024-05-28T00:00:00.000,40,Vallès Occidental,081878,Sabadell,0,0.02,0,0.02,bks7-dkfd
2024-05-28T00:00:00.000,36,Tarragonès,431114,"Pobla de Montornès, la",0,0.2,0,0.2,bks7-dkfd
2024-05-28T00:00:00.000,09,Baix Ebre,431554,Tortosa,1.86,72.02,15.98,73.88,bks7-dkfd
2024-05-30T00:00:00.000,08,Baix Camp,430332,Botarell,0.09,0,0.51,0.09,bks7-dkfd
2024-05-30T00:00:00.000,30,Ribera d'Ebre,430995,"Palma d'Ebre, la",3.74,3.94,0.11,7.68,bks7-dkfd
2024-06-01T00:00:00.000,13,Barcelonès,080193,Barcelona,0,0.005,0,0.005,bks7-dkfd
2024-06-01T00:00:00.000,33,Segrià,251207,Lleida,0,0.05,0,0.05,bks7-dkfd
2024-06-01T00:00:00.000,15,Cerdanya,250518,Bellver de Cerdanya,0,0.04,0,0.04,bks7-dkfd
2024-06-01T00:00:00.000,38,Urgell,250740,Ciutadilla,0,0.04,0,0.04,bks7-dkfd
2024-06-01T00:00:00.000,08,Baix Camp,431270,Riudecanyes,0.17,1.2433,1.22,1.4133,bks7-dkfd
2024-06-02T00:00:00.000,34,Selva,171030,Maçanet de la Selva,0.0015,0,0,0.0015,bks7-dkfd
2024-06-02T00:00:00.000,12,Baix Penedès,431634,"Vendrell, el",0.0983,0,0,0.0983,bks7-dkfd
2024-06-05T00:00:00.000,17,Garraf,082310,Sant Pere de Ribes,0.0015,0,0,0.0015,bks7-dkfd
2024-06-06T00:00:00.000,40,Vallès Occidental,081252,Montcada i Reixac,0.015,0.015,0,0.03,bks7-dkfd
2024-06-07T00:00:00.000,18,Garrigues,252249,"Torms, els",0,0.0448,0,0.0448,bks7-dkfd
2024-06-07T00:00:00.000,18,Garrigues,250560,Bovera,0.005,0,0,0.005,bks7-dkfd
2024-06-08T00:00:00.000,10,Baix Empordà,170340,Calonge i Sant Antoni,0.05,0,0,0.05,bks7-dkfd
2024-06-08T00:00:00.000,06,Anoia,081859,Rubió,0.067,0,0,0.067,bks7-dkfd
2024-06-15T00:00:00.000,11,Baix Llobregat,082212,Sant Just Desvern,0,0.0123,0,0.0123,bks7-dkfd
2024-06-18T00:00:00.000,09,Baix Ebre,439060,"Ampolla, l'",0,0.01,0,0.01,bks7-dkfd
2024-06-19T00:00:00.000,41,Vallès Oriental,082482,Santa Eulàlia de Ronçana,0,0.015,0,0.015,bks7-dkfd
2024-06-20T00:00:00.000,18,Garrigues,252537,"Vilosell, el",0,0.021,0,0.021,bks7-dkfd
2024-06-23T00:00:00.000,24,Osona,082750,Tavèrnoles,0.07,0,0,0.07,bks7-dkfd
2024-06-24T00:00:00.000,03,Alt Penedès,081228,Mediona,0,0.02,0,0.02,bks7-dkfd
2024-06-24T00:00:00.000,40,Vallès Occidental,082900,Ullastrell,0,0.0002,0,0.0002,bks7-dkfd
2024-06-25T00:00:00.000,41,Vallès Oriental,082482,Santa Eulàlia de Ronçana,0.001,0,0,0.001,bks7-dkfd
2024-06-25T00:00:00.000,23,Noguera,250349,Artesa de Segre,0.52,1.33,9.25,1.85,bks7-dkfd
2024-06-25T00:00:00.000,04,Alt Urgell,259062,"Valls d'Aguilar, les",0,0.005,0,0.005,bks7-dkfd
2024-06-25T00:00:00.000,04,Alt Urgell,259062,"Valls d'Aguilar, les",0,0.002,0,0.002,bks7-dkfd
2024-06-25T00:00:00.000,15,Cerdanya,251272,Lles de Cerdanya,0.0025,0,0,0.0025,bks7-dkfd
2024-06-25T00:00:00.000,06,Anoia,082264,Sant Martí de Tous,0.11,0,0,0.11,bks7-dkfd
2024-06-26T00:00:00.000,40,Vallès Occidental,083008,Viladecavalls,0,0.04,0,0.04,bks7-dkfd
2024-06-26T00:00:00.000,30,Ribera d'Ebre,430653,Garcia,0.014,0,0,0.014,bks7-dkfd
2024-06-26T00:00:00.000,08,Baix Camp,431270,Riudecanyes,0.27,0,0,0.27,bks7-dkfd
2024-06-27T00:00:00.000,16,Conca de Barberà,430862,Montblanc,4.25,8.04,12.12,12.29,bks7-dkfd
2024-06-28T00:00:00.000,40,Vallès Occidental,081878,Sabadell,0.01,0,0,0.01,bks7-dkfd
2024-06-28T00:00:00.000,17,Garraf,082704,Sitges,0.06,0.07,0,0.13,bks7-dkfd
2024-06-28T00:00:00.000,12,Baix Penedès,431634,"Vendrell, el",0.044,0,0,0.044,bks7-dkfd
2024-06-29T00:00:00.000,12,Baix Penedès,431634,"Vendrell, el",0,0.01,0,0.01,bks7-dkfd
2024-06-29T00:00:00.000,32,Segarra,259059,Ribera d'Ondara,0,0.001,0,0.001,bks7-dkfd
2024-06-30T00:00:00.000,35,Solsonès,251462,Navès,0.06,0,0,0.06,bks7-dkfd
2024-07-01T00:00:00.000,09,Baix Ebre,431554,Tortosa,0.16,0,0,0.16,bks7-dkfd
2024-07-02T00:00:00.000,30,Ribera d'Ebre,431508,Tivissa,0.18,0.02,0,0.2,bks7-dkfd
2024-07-02T00:00:00.000,36,Tarragonès,431649,Vespella de Gaià,0,0.0949,0,0.0949,bks7-dkfd
2024-07-03T00:00:00.000,07,Bages,081398,Mura,0,0.015,0,0.015,bks7-dkfd
2024-07-03T00:00:00.000,04,Alt Urgell,259062,"Valls d'Aguilar, les",0.2,0,0,0.2,bks7-dkfd
2024-07-04T00:00:00.000,34,Selva,170237,Blanes,0,0.033,0,0.033,bks7-dkfd
2024-07-06T00:00:00.000,11,Baix Llobregat,082634,Sant Vicenç dels Horts,0,0.015,0,0.015,bks7-dkfd
2024-07-07T00:00:00.000,10,Baix Empordà,170340,Calonge i Sant Antoni,0,0.035,0,0.035,bks7-dkfd
2024-07-09T00:00:00.000,40,Vallès Occidental,081878,Sabadell,0,0.004,0,0.004,bks7-dkfd
2024-07-09T00:00:00.000,10,Baix Empordà,171100,Mont-ras,0.103,0,0,0.103,bks7-dkfd
2024-07-10T00:00:00.000,11,Baix Llobregat,080689,Cervelló,0,0.005,0,0.005,bks7-dkfd
2024-07-10T00:00:00.000,03,Alt Penedès,080919,Gelida,0.06,0,0,0.06,bks7-dkfd
2024-07-12T00:00:00.000,03,Alt Penedès,080919,Gelida,0.005,0,0,0.005,bks7-dkfd
2024-07-12T00:00:00.000,25,Pallars Jussà,250984,Gavet de la Conca,0.044,0.04,0,0.084,bks7-dkfd
2024-07-12T00:00:00.000,16,Conca de Barberà,430862,Montblanc,0.0253,0,0,0.0253,bks7-dkfd
2024-07-12T00:00:00.000,06,Anoia,081614,Piera,0.001,0,0,0.001,bks7-dkfd
2024-07-12T00:00:00.000,03,Alt Penedès,080919,Gelida,0.25,0,0,0.25,bks7-dkfd
2024-07-13T00:00:00.000,34,Selva,172137,Vidreres,0.009,0,0,0.009,bks7-dkfd
2024-07-13T00:00:00.000,11,Baix Llobregat,080771,Esplugues de Llobregat,0.04,0,0,0.04,bks7-dkfd
2024-07-14T00:00:00.000,11,Baix Llobregat,080018,Abrera,0,0.0025,0,0.0025,bks7-dkfd
2024-07-15T00:00:00.000,07,Bages,080121,Avinyó,0.035,0,0,0.035,bks7-dkfd
2024-07-15T00:00:00.000,41,Vallès Oriental,082482,Santa Eulàlia de Ronçana,0.02,0.05,0,0.07,bks7-dkfd
2024-07-15T00:00:00.000,40,Vallès Occidental,082055,Sant Cugat del Vallès,0,0.0004,0,0.0004,bks7-dkfd
2024-07-15T00:00:00.000,11,Baix Llobregat,082444,Santa Coloma de Cervelló,0,0.0012,0,0.0012,bks7-dkfd
2024-07-15T00:00:00.000,20,Gironès,170792,Girona,0,0.0065,0,0.0065,bks7-dkfd
2024-07-15T00:00:00.000,20,Gironès,170792,Girona,0,0.006,0,0.006,bks7-dkfd
2024-07-15T00:00:00.000,34,Selva,170950,Lloret de Mar,0.29,0,0.04,0.29,bks7-dkfd
2024-07-16T00:00:00.000,10,Baix Empordà,170577,Corçà,0,0.013,0,0.013,bks7-dkfd
2024-07-16T00:00:00.000,10,Baix Empordà,171812,Santa Cristina d'Aro,0.0001,0,0,0.0001,bks7-dkfd
2024-07-16T00:00:00.000,10,Baix Empordà,170577,Corçà,0,0.007,0,0.007,bks7-dkfd
2024-07-18T00:00:00.000,21,Maresme,082845,Tordera,0,0.0012,0,0.0012,bks7-dkfd
2024-07-19T00:00:00.000,11,Baix Llobregat,081234,Molins de Rei,0.0009,0,0,0.0009,bks7-dkfd
2024-07-19T00:00:00.000,12,Baix Penedès,431634,"Vendrell, el",0.015,0,0,0.015,bks7-dkfd
2024-07-20T00:00:00.000,06,Anoia,081430,Òdena,0.39,0,0.03,0.39,bks7-dkfd
2024-07-20T00:00:00.000,03,Alt Penedès,080919,Gelida,0.004,0,0,0.004,bks7-dkfd
2024-07-20T00:00:00.000,11,Baix Llobregat,081580,"Papiol, el",0,0.025,0,0.025,bks7-dkfd
2024-07-20T00:00:00.000,02,Alt Empordà,171387,Portbou,0,0.4,0,0.4,bks7-dkfd
2024-07-20T00:00:00.000,11,Baix Llobregat,081574,Pallejà,0,0.04,0,0.04,bks7-dkfd
2024-07-20T00:00:00.000,36,Tarragonès,439076,"Canonja, la",0,0.02,0,0.02,bks7-dkfd
2024-07-20T00:00:00.000,10,Baix Empordà,170139,Begur,2.05,0.53,1.25,2.58,bks7-dkfd
2024-07-21T00:00:00.000,08,Baix Camp,431233,Reus,0,0.26,0,0.26,bks7-dkfd
2024-07-21T00:00:00.000,10,Baix Empordà,170340,Calonge i Sant Antoni,0,0.001,0,0.001,bks7-dkfd
2024-07-22T00:00:00.000,36,Tarragonès,431114,"Pobla de Montornès, la",0,0.001,0,0.001,bks7-dkfd
2024-07-22T00:00:00.000,36,Tarragonès,439076,"Canonja, la",0,0.093,0,0.093,bks7-dkfd
2024-07-23T00:00:00.000,41,Vallès Oriental,082943,Vallgorguina,0,0.005,0,0.005,bks7-dkfd
2024-07-23T00:00:00.000,40,Vallès Occidental,082606,Santa Perpètua de Mogoda,0,0.018,0,0.018,bks7-dkfd
2024-07-23T00:00:00.000,09,Baix Ebre,430521,Xerta,0.34,1.38,1.05,1.72,bks7-dkfd
2024-07-24T00:00:00.000,40,Vallès Occidental,082917,Vacarisses,0.001,0,0,0.001,bks7-dkfd
2024-07-24T00:00:00.000,17,Garraf,082310,Sant Pere de Ribes,0.04,0,0,0.04,bks7-dkfd
2024-07-25T00:00:00.000,15,Cerdanya,170789,Ger,0.004,0.0046,0,0.0086,bks7-dkfd
2024-07-26T00:00:00.000,06,Anoia,080214,Bellprat,2.03,2.95,8.15,4.98,bks7-dkfd
2024-07-26T00:00:00.000,40,Vallès Occidental,081878,Sabadell,0.0931,0,0,0.0931,bks7-dkfd
2024-07-27T00:00:00.000,13,Barcelonès,082457,Santa Coloma de Gramenet,0,0.3,0,0.3,bks7-dkfd
2024-07-27T00:00:00.000,36,Tarragonès,431482,Tarragona,0.036,0,0,0.036,bks7-dkfd
2024-07-27T00:00:00.000,36,Tarragonès,430509,Creixell,0,0.015,0,0.015,bks7-dkfd
2024-07-27T00:00:00.000,08,Baix Camp,430923,Mont-roig del Camp,0.064,0,0,0.064,bks7-dkfd
2024-07-28T00:00:00.000,29,Priorat,430580,"Figuera, la",3.66,12.41,1.25,16.07,bks7-dkfd
2024-07-28T00:00:00.000,36,Tarragonès,431009,"Pallaresos, els",0.266,0,0,0.266,bks7-dkfd
2024-07-28T00:00:00.000,08,Baix Camp,430923,Mont-roig del Camp,0.0002,0,0,0.0002,bks7-dkfd
2024-07-28T00:00:00.000,03,Alt Penedès,081228,Mediona,0.07,0.45,0.64,0.52,bks7-dkfd
2024-07-29T00:00:00.000,11,Baix Llobregat,080898,Gavà,0,0.44,0,0.44,bks7-dkfd
2024-07-30T00:00:00.000,11,Baix Llobregat,080689,Cervelló,0.42,0,0,0.42,bks7-dkfd
2024-07-30T00:00:00.000,17,Garraf,080431,Canyelles,0.002,0,0,0.002,bks7-dkfd
2024-07-30T00:00:00.000,24,Osona,082726,Sora,0,0.005,0,0.005,bks7-dkfd
2024-07-30T00:00:00.000,40,Vallès Occidental,081878,Sabadell,0,0.05,0,0.05,bks7-dkfd
2024-07-30T00:00:00.000,34,Selva,170335,Caldes de Malavella,0.11,0,3.53,0.11,bks7-dkfd
2024-07-30T00:00:00.000,18,Garrigues,250978,Fulleda,0,0.18,0.15,0.18,bks7-dkfd
2024-07-31T00:00:00.000,03,Alt Penedès,080945,"Granada, la",1.04,2.52,2.26,3.56,bks7-dkfd
2024-07-31T00:00:00.000,38,Urgell,250740,Ciutadilla,56.38,25.45,191.73,81.83,bks7-dkfd
2024-07-31T00:00:00.000,34,Selva,171030,Maçanet de la Selva,1.31,1.17,0.82,2.48,bks7-dkfd
2024-07-31T00:00:00.000,10,Baix Empordà,171609,Sant Feliu de Guíxols,0.16,0.1,1.27,0.26,bks7-dkfd
2024-07-31T00:00:00.000,41,Vallès Oriental,082482,Santa Eulàlia de Ronçana,0.01,0.16,0,0.17,bks7-dkfd
2024-07-31T00:00:00.000,03,Alt Penedès,080919,Gelida,0,0.003,0,0.003,bks7-dkfd
2024-07-31T00:00:00.000,03,Alt Penedès,080919,Gelida,0,0.007,0,0.007,bks7-dkfd
2024-07-31T00:00:00.000,10,Baix Empordà,171609,Sant Feliu de Guíxols,0.01,0,0,0.01,bks7-dkfd
2024-07-31T00:00:00.000,40,Vallès Occidental,082233,Sant Llorenç Savall,0.01,0,0,0.01,bks7-dkfd
2024-08-01T00:00:00.000,25,Pallars Jussà,259046,Castell de Mur,0.16,1.16,0,1.32,bks7-dkfd
2024-08-01T00:00:00.000,21,Maresme,081555,Palafolls,0,0.03,0,0.03,bks7-dkfd
2024-08-01T00:00:00.000,24,Osona,082981,Vic,0,0.2787,0,0.2787,bks7-dkfd
2024-08-01T00:00:00.000,36,Tarragonès,431482,Tarragona,0.017,0,0,0.017,bks7-dkfd
2024-08-02T00:00:00.000,23,Noguera,250426,"Baronia de Rialb, la",0.23,1.38,6.19,1.61,bks7-dkfd
2024-08-02T00:00:00.000,34,Selva,170084,Anglès,0.013,0.0104,0,0.0234,bks7-dkfd
2024-08-02T00:00:00.000,42,Moianès,082589,Santa Maria d'Oló,0.007,0,0,0.007,bks7-dkfd
2024-08-02T00:00:00.000,06,Anoia,080364,Calonge de Segarra,0,0.003,0,0.003,bks7-dkfd
2024-08-02T00:00:00.000,14,Berguedà,083089,Viver i Serrateix,0.022,0,0.002,0.022,bks7-dkfd
2024-08-02T00:00:00.000,02,Alt Empordà,171292,Pedret i Marzà,0.166,0,0.2475,0.166,bks7-dkfd
2024-08-03T00:00:00.000,24,Osona,082205,Sant Julià de Vilatorta,0.0001,0,0,0.0001,bks7-dkfd
2024-08-03T00:00:00.000,26,Pallars Sobirà,250175,Alins,0.002,0.013,0,0.015,bks7-dkfd
2024-08-03T00:00:00.000,41,Vallès Oriental,081810,"Roca del Vallès, la",0,0.1,0,0.1,bks7-dkfd
2024-08-03T00:00:00.000,24,Osona,081516,Oristà,0.03,0,0,0.03,bks7-dkfd
2024-08-03T00:00:00.000,07,Bages,082779,Talamanca,0.005,0,0,0.005,bks7-dkfd
2024-08-03T00:00:00.000,34,Selva,171030,Maçanet de la Selva,0.004,0,0,0.004,bks7-dkfd
2024-08-03T00:00:00.000,36,Tarragonès,430477,Constantí,0.0344,0,0,0.0344,bks7-dkfd
2024-08-03T00:00:00.000,33,Segrià,250143,Alfés,1.03,0,7.36,1.03,bks7-dkfd
2024-08-03T00:00:00.000,35,Solsonès,251240,Lladurs,0.0108,0,0,0.0108,bks7-dkfd
2024-08-03T00:00:00.000,36,Tarragonès,431649,Vespella de Gaià,0,0.0148,0,0.0148,bks7-dkfd
2024-08-03T00:00:00.000,35,Solsonès,251517,Olius,0.015,0,0,0.015,bks7-dkfd
2024-08-04T00:00:00.000,10,Baix Empordà,171100,Mont-ras,0.0001,0,0,0.0001,bks7-dkfd
2024-08-04T00:00:00.000,26,Pallars Sobirà,252094,Sort,0.45,2.21,0,2.66,bks7-dkfd
2024-08-04T00:00:00.000,38,Urgell,250740,Ciutadilla,1.75,0.4,8.97,2.15,bks7-dkfd
2024-08-06T00:00:00.000,17,Garraf,080431,Canyelles,0.1,0,0,0.1,bks7-dkfd
2024-08-08T00:00:00.000,24,Osona,082690,Seva,0,0.001,0,0.001,bks7-dkfd
2024-08-08T00:00:00.000,40,Vallès Occidental,082520,Barberà del Vallès,0,0.006,0,0.006,bks7-dkfd
2024-08-08T00:00:00.000,34,Selva,170237,Blanes,0.018,0,0,0.018,bks7-dkfd
2024-08-09T00:00:00.000,23,Noguera,250349,Artesa de Segre,41,27.98,2.35,68.98,bks7-dkfd
2024-08-10T00:00:00.000,23,Noguera,250349,Artesa de Segre,5.23,3.26,12.86,8.49,bks7-dkfd
2024-08-11T00:00:00.000,41,Vallès Oriental,082482,Santa Eulàlia de Ronçana,0.15,0.15,0,0.3,bks7-dkfd
2024-08-11T00:00:00.000,13,Barcelonès,080193,Barcelona,0.027,0,0,0.027,bks7-dkfd
2024-08-11T00:00:00.000,07,Bages,081271,Monistrol de Montserrat,0.001,0,0,0.001,bks7-dkfd
2024-08-12T00:00:00.000,15,Cerdanya,251399,Montellà i Martinet,0.0001,0,0,0.0001,bks7-dkfd
2024-08-13T00:00:00.000,02,Alt Empordà,171714,Sant Llorenç de la Muga,0.23,0,0,0.23,bks7-dkfd
2024-08-13T00:00:00.000,20,Gironès,170736,Fornells de la Selva,0.007,0,0,0.007,bks7-dkfd
2024-08-13T00:00:00.000,25,Pallars Jussà,250019,Abella de la Conca,0,0.0001,0,0.0001,bks7-dkfd
2024-08-13T00:00:00.000,20,Gironès,170792,Girona,0.032,0,0.008,0.032,bks7-dkfd
2024-08-13T00:00:00.000,37,Terra Alta,430712,Horta de Sant Joan,0.0035,0,0,0.0035,bks7-dkfd
2024-08-13T00:00:00.000,34,Selva,170097,Arbúcies,0.26,0,0,0.26,bks7-dkfd
2024-08-13T00:00:00.000,06,Anoia,082975,Veciana,0.005,0,0,0.005,bks7-dkfd
2024-08-13T00:00:00.000,06,Anoia,082508,Santa Margarida de Montbui,0.002,0,0,0.002,bks7-dkfd
2024-08-14T00:00:00.000,01,Alt Camp,430056,Alcover,0,0.0203,0,0.0203,bks7-dkfd
2024-08-16T00:00:00.000,30,Ribera d'Ebre,430192,Ascó,0.0235,0,0,0.0235,bks7-dkfd
2024-08-17T00:00:00.000,10,Baix Empordà,171609,Sant Feliu de Guíxols,0.002,0,0,0.002,bks7-dkfd
2024-08-19T00:00:00.000,03,Alt Penedès,081458,Olèrdola,0.013,0,0,0.013,bks7-dkfd
2024-08-21T00:00:00.000,09,Baix Ebre,431554,Tortosa,0,0.008,0,0.008,bks7-dkfd
2024-08-22T00:00:00.000,20,Gironès,170792,Girona,0,0.0135,0,0.0135,bks7-dkfd
2024-08-23T00:00:00.000,40,Vallès Occidental,081252,Montcada i Reixac,0,0.025,0,0.025,bks7-dkfd
2024-08-25T00:00:00.000,23,Noguera,250352,"Sentiu de Sió, la",0,0.01,0,0.01,bks7-dkfd
2024-08-25T00:00:00.000,40,Vallès Occidental,080517,Castellar del Vallès,0,0.0005,0,0.0005,bks7-dkfd
2024-08-25T00:00:00.000,12,Baix Penedès,430379,Calafell,0,0.14,0.64,0.14,bks7-dkfd
2024-08-25T00:00:00.000,10,Baix Empordà,170852,Jafre,0.12,0,0,0.12,bks7-dkfd
2024-08-26T00:00:00.000,36,Tarragonès,431482,Tarragona,0.013,0,0,0.013,bks7-dkfd
2024-08-27T00:00:00.000,13,Barcelonès,080193,Barcelona,0,0.001,0,0.001,bks7-dkfd
2024-08-28T00:00:00.000,35,Solsonès,251240,Lladurs,0.024,0,0,0.024,bks7-dkfd
2024-08-31T00:00:00.000,11,Baix Llobregat,081960,Sant Andreu de la Barca,0.04,0,0,0.04,bks7-dkfd
2024-08-31T00:00:00.000,34,Selva,170950,Lloret de Mar,0.12,0,0.01,0.12,bks7-dkfd
2024-08-31T00:00:00.000,20,Gironès,170792,Girona,0.17,0,0,0.17,bks7-dkfd
2024-08-31T00:00:00.000,10,Baix Empordà,172044,Ullà,0,0.72,0,0.72,bks7-dkfd
2024-09-02T00:00:00.000,41,Vallès Oriental,082021,Sant Celoni,0,0.0012,0,0.0012,bks7-dkfd
2024-09-02T00:00:00.000,02,Alt Empordà,172214,Vilafant,0,0.05,0.1,0.05,bks7-dkfd
2024-09-04T00:00:00.000,36,Tarragonès,431114,"Pobla de Montornès, la",0,0.001,0,0.001,bks7-dkfd
2024-09-04T00:00:00.000,41,Vallès Oriental,082969,Vallromanes,0,0.002,0,0.002,bks7-dkfd
2024-09-05T00:00:00.000,07,Bages,082129,Sant Feliu Sasserra,0.03,0.05,0,0.08,bks7-dkfd
2024-09-07T00:00:00.000,02,Alt Empordà,170470,Castelló d'Empúries,0,0.3,0,0.3,bks7-dkfd
2024-09-08T00:00:00.000,34,Selva,170280,Brunyola i Sant Martí Sapresa,0.0002,0,0,0.0002,bks7-dkfd
2024-09-09T00:00:00.000,06,Anoia,081521,Orpí,0,0.0004,0,0.0004,bks7-dkfd
2024-09-12T00:00:00.000,29,Priorat,430350,Cabacés,50.63,53.89,1.43,104.52,bks7-dkfd
2024-09-12T00:00:00.000,29,Priorat,431140,Porrera,5.87,7.98,0.56,13.85,bks7-dkfd
2024-09-13T00:00:00.000,37,Terra Alta,430712,Horta de Sant Joan,0.055,0,0,0.055,bks7-dkfd
2024-09-14T00:00:00.000,02,Alt Empordà,170010,Agullana,14.47,2.07,14.77,16.54,bks7-dkfd
2024-09-15T00:00:00.000,02,Alt Empordà,171328,Peralada,0.005,0,0,0.005,bks7-dkfd
2024-09-16T00:00:00.000,34,Selva,170097,Arbúcies,0.0002,0,0,0.0002,bks7-dkfd
2024-09-26T00:00:00.000,20,Gironès,170792,Girona,0.04,0,0,0.04,bks7-dkfd
2024-09-26T00:00:00.000,20,Gironès,170792,Girona,0,0.005,0,0.005,bks7-dkfd
2024-09-26T00:00:00.000,20,Gironès,170792,Girona,0,0.53,0,0.53,bks7-dkfd
2024-09-27T00:00:00.000,06,Anoia,082861,"Torre de Claramunt, la",0.004,0,0,0.004,bks7-dkfd
2024-09-28T00:00:00.000,21,Maresme,081213,Mataró,0,0.0022,0,0.0022,bks7-dkfd
2024-09-29T00:00:00.000,01,Alt Camp,430363,Cabra del Camp,0,0.25,0,0.25,bks7-dkfd
2024-10-18T00:00:00.000,36,Tarragonès,431482,Tarragona,0.015,0,0,0.015,bks7-dkfd
2024-11-08T00:00:00.000,36,Tarragonès,431482,Tarragona,0.015,0,0,0.015,bks7-dkfd
2024-11-11T00:00:00.000,02,Alt Empordà,172235,Vilajuïga,0,0.015,0,0.015,bks7-dkfd
2024-12-02T00:00:00.000,34,Selva,171485,Riudarenes,0.0001,0,0,0.0001,bks7-dkfd
2024-12-02T00:00:00.000,34,Selva,171485,Riudarenes,0.0001,0,0,0.0001,bks7-dkfd
2024-12-05T00:00:00.000,09,Baix Ebre,431021,Paüls,0.02,0,0,0.02,bks7-dkfd
2024-12-08T00:00:00.000,22,Montsià,430445,"Sénia, la",0,2.27,0.11,2.27,bks7-dkfd
2024-12-23T00:00:00.000,16,Conca de Barberà,430862,Montblanc,0,0.022,0,0.022,bks7-dkfd
2024-12-23T00:00:00.000,41,Vallès Oriental,081379,Montseny,0.06,0,0,0.06,bks7-dkfd
2024-12-23T00:00:00.000,14,Berguedà,080116,Avià,0,0.002,0,0.002,bks7-dkfd
2024-12-24T00:00:00.000,08,Baix Camp,430115,Almoster,0,0.24,0,0.24,bks7-dkfd
2024-12-29T00:00:00.000,15,Cerdanya,251272,Lles de Cerdanya,0,0.025,0,0.025,bks7-dkfd
2024-12-31T00:00:00.000,26,Pallars Sobirà,252094,Sort,0,0.1,0,0.1,bks7-dkfd
2026-01-01T00:00:00.000,11,Baix Llobregat,80898,Gavà,0.0025,0,0,0.0025,9r29-e8ha
2026-01-10T00:00:00.000,21,Maresme,81939,Sant Iscle de Vallalta,0,0.0004,0,0.0004,9r29-e8ha
2026-01-11T00:00:00.000,8,Baix Camp,430385,Cambrils,0,0.2,0,0.2,9r29-e8ha
2026-01-13T00:00:00.000,41,Vallès Oriental,81249,Mollet del Vallès,0.0001,0,0,0.0001,9r29-e8ha
2026-01-13T00:00:00.000,14,Berguedà,80500,Castellar del Riu,0.001,0,0,0.001,9r29-e8ha
2026-01-16T00:00:00.000,41,Vallès Oriental,80333,Caldes de Montbui,0,0.02,0,0.02,9r29-e8ha
2026-01-25T00:00:00.000,17,Garraf,83073,Vilanova i la Geltrú,0,0.2,0,0.2,9r29-e8ha
2026-01-26T00:00:00.000,40,Vallès Occidental,82055,Sant Cugat del Vallès,0.0003,0,0,0.0003,9r29-e8ha
2026-01-31T00:00:00.000,6,Anoia,82508,Santa Margarida de Montbui,0,0.003,0,0.003,9r29-e8ha
2026-02-07T00:00:00.000,24,Osona,82460,Santa Eugènia de Berga,0,0.28,0,0.28,9r29-e8ha
2026-02-11T00:00:00.000,8,Baix Camp,430923,Mont-roig del Camp,0,0.02,0,0.02,9r29-e8ha
2026-02-12T00:00:00.000,11,Baix Llobregat,80898,Gavà,0.03,0.16,0,0.19,9r29-e8ha
2026-02-12T00:00:00.000,9,Baix Ebre,431554,Tortosa,0,0.0241,0.0177,0.0241,9r29-e8ha
2026-02-12T00:00:00.000,17,Garraf,82704,Sitges,0.18,0,0,0.18,9r29-e8ha
2026-02-12T00:00:00.000,24,Osona,82981,Vic,0,0.005,0,0.005,9r29-e8ha
2026-02-12T00:00:00.000,11,Baix Llobregat,83015,Viladecans,0,0.017,0,0.017,9r29-e8ha
2026-02-12T00:00:00.000,41,Vallès Oriental,82107,Sant Feliu de Codines,0,0.044,0,0.044,9r29-e8ha
2026-02-12T00:00:00.000,11,Baix Llobregat,81141,Martorell,0,0.08,0,0.08,9r29-e8ha
2026-02-14T00:00:00.000,36,Tarragonès,431482,Tarragona,0,0.7,0,0.7,9r29-e8ha
2026-02-16T00:00:00.000,22,Montsià,430141,Amposta,0,0.6994,0,0.6994,9r29-e8ha
2026-02-16T00:00:00.000,20,Gironès,170736,Fornells de la Selva,0,0.0025,0,0.0025,9r29-e8ha
2026-02-17T00:00:00.000,9,Baix Ebre,431554,Tortosa,0.0015,0,0,0.0015,9r29-e8ha
2026-02-18T00:00:00.000,1,Alt Camp,430017,Aiguamúrcia,0.01,0.01,0,0.02,9r29-e8ha
2026-02-18T00:00:00.000,20,Gironès,171668,Sant Jordi Desvalls,0,0.031,0,0.031,9r29-e8ha
2026-02-19T00:00:00.000,8,Baix Camp,430094,Alforja,0,0.025,0,0.025,9r29-e8ha
2026-02-19T00:00:00.000,34,Selva,170950,Lloret de Mar,0.001,0,0,0.001,9r29-e8ha
2026-02-19T00:00:00.000,9,Baix Ebre,431331,Roquetes,0.1203,0,0,0.1203,9r29-e8ha
2026-02-20T00:00:00.000,8,Baix Camp,431628,Vandellòs i l'Hospitalet de l'Infant,0,0.004,0,0.004,9r29-e8ha
2026-02-21T00:00:00.000,36,Tarragonès,431482,Tarragona,0.005,0.005,0,0.01,9r29-e8ha
2026-02-21T00:00:00.000,24,Osona,82536,Santa Maria de Besora,2.05,0.02,0,2.07,9r29-e8ha
2026-02-21T00:00:00.000,21,Maresme,81213,Mataró,0,0.01,0,0.01,9r29-e8ha
2026-02-22T00:00:00.000,34,Selva,170237,Blanes,0.002,0,0,0.002,9r29-e8ha
2026-02-22T00:00:00.000,8,Baix Camp,431286,Riudecols,0,0.074,0,0.074,9r29-e8ha
2026-02-23T00:00:00.000,25,Pallars Jussà,252347,Tremp,0,3.6,0.72,3.6,9r29-e8ha
2026-02-23T00:00:00.000,8,Baix Camp,431188,Pratdip,0,0.02,0,0.02,9r29-e8ha
2026-02-24T00:00:00.000,8,Baix Camp,430173,"Argentera, l'",0,0.19,0,0.19,9r29-e8ha
2026-02-25T00:00:00.000,1,Alt Camp,431613,Valls,0.0126,0,0,0.0126,9r29-e8ha
2026-02-25T00:00:00.000,43,Lluçanès,81712,Prats de Lluçanès,0,0.015,0,0.015,9r29-e8ha
2026-02-25T00:00:00.000,35,Solsonès,251517,Olius,0.0235,0,0,0.0235,9r29-e8ha
2026-02-27T00:00:00.000,41,Vallès Oriental,81810,"Roca del Vallès, la",0,0.05,0,0.05,9r29-e8ha
2026-03-01T00:00:00.000,13,Barcelonès,80193,Barcelona,0,0.002,0,0.002,9r29-e8ha
2026-03-02T00:00:00.000,41,Vallès Oriental,82093,Sant Fost de Campsentelles,0.0368,0,0,0.0368,9r29-e8ha
2026-03-02T00:00:00.000,13,Barcelonès,80193,Barcelona,0,0.004,0,0.004,9r29-e8ha
2026-03-04T00:00:00.000,3,Alt Penedès,80654,Castellví de la Marca,0,0.0005,0,0.0005,9r29-e8ha
2026-03-05T00:00:00.000,41,Vallès Oriental,81593,Parets del Vallès,0,0.0003,0,0.0003,9r29-e8ha
2026-03-13T00:00:00.000,24,Osona,82652,Sant Vicenç de Torelló,0,0.005,0,0.005,9r29-e8ha
2026-03-15T00:00:00.000,9,Baix Ebre,439044,"Aldea, l'",0,0.0294,0,0.0294,9r29-e8ha
2026-03-15T00:00:00.000,4,Alt Urgell,250447,Bassella,0,0.008,0,0.008,9r29-e8ha
2026-03-15T00:00:00.000,40,Vallès Occidental,81878,Sabadell,0,0.0015,0,0.0015,9r29-e8ha
2026-03-15T00:00:00.000,3,Alt Penedès,81458,Olèrdola,0.0005,0,0,0.0005,9r29-e8ha
2026-03-15T00:00:00.000,25,Pallars Jussà,251615,Conca de Dalt,0.55,0,0,0.55,9r29-e8ha
2026-03-15T00:00:00.000,31,Ripollès,170391,Camprodon,0,0.029,0,0.029,9r29-e8ha
2026-03-16T00:00:00.000,10,Baix Empordà,170221,"Bisbal d'Empordà, la",0.03,0,0,0.03,9r29-e8ha
2026-03-16T00:00:00.000,13,Barcelonès,80193,Barcelona,0.05,0,0,0.05,9r29-e8ha
2026-03-16T00:00:00.000,4,Alt Urgell,252038,"Seu d'Urgell, la",0.0025,0,0,0.0025,9r29-e8ha
2026-03-17T00:00:00.000,4,Alt Urgell,251654,Peramola,0,0.006,0,0.006,9r29-e8ha
2026-03-17T00:00:00.000,14,Berguedà,80229,Berga,0,0.12,0,0.12,9r29-e8ha
2026-03-17T00:00:00.000,21,Maresme,82649,Sant Vicenç de Montalt,0,0.11,0,0.11,9r29-e8ha
2026-03-20T00:00:00.000,17,Garraf,82310,Sant Pere de Ribes,0,0.01,0,0.01,9r29-e8ha
2026-03-21T00:00:00.000,6,Anoia,81614,Piera,0,0.02,0.06,0.02,9r29-e8ha
2026-03-22T00:00:00.000,23,Noguera,252206,Térmens,0.0336,0,0,0.0336,9r29-e8ha
2026-03-22T00:00:00.000,21,Maresme,82824,Tiana,0,0.002,0.005,0.002,9r29-e8ha
2026-03-22T00:00:00.000,18,Garrigues,250582,"Borges Blanques, les",0,0.1,0,0.1,9r29-e8ha
2026-03-24T00:00:00.000,8,Baix Camp,430094,Alforja,0,0.85,0,0.85,9r29-e8ha
2026-03-25T00:00:00.000,40,Vallès Occidental,80517,Castellar del Vallès,0,0.7,0,0.7,9r29-e8ha
2026-03-25T00:00:00.000,9,Baix Ebre,430136,"Ametlla de Mar, l'",0.04,1.57,0,1.61,9r29-e8ha
2026-03-25T00:00:00.000,26,Pallars Sobirà,252094,Sort,0.01,0.096,0,0.106,9r29-e8ha
2026-03-25T00:00:00.000,18,Garrigues,251180,Juncosa,0,0.0145,0,0.0145,9r29-e8ha
2026-03-25T00:00:00.000,30,Ribera d'Ebre,431251,Riba-roja d'Ebre,0.3406,0.3079,0,0.6485,9r29-e8ha
2026-03-26T00:00:00.000,34,Selva,171805,Santa Coloma de Farners,0.1,0.4,0,0.5,9r29-e8ha
2026-03-26T00:00:00.000,9,Baix Ebre,431021,Paüls,0.46,0,0,0.46,9r29-e8ha
2026-03-26T00:00:00.000,22,Montsià,430770,Mas de Barberans,0,0.6101,0,0.6101,9r29-e8ha
2026-03-27T00:00:00.000,2,Alt Empordà,170160,Bàscara,0.002,0.002,0,0.004,9r29-e8ha
2026-03-27T00:00:00.000,2,Alt Empordà,171714,Sant Llorenç de la Muga,0.2,0.2,0,0.4,9r29-e8ha
2026-03-27T00:00:00.000,28,Pla de l'Estany,172180,Vilademuls,0.5,0,0,0.5,9r29-e8ha
2026-03-27T00:00:00.000,10,Baix Empordà,171100,Mont-ras,0,0.012,0,0.012,9r29-e8ha
2026-03-28T00:00:00.000,25,Pallars Jussà,251288,Llimiana,0.98,5.06,0.01,6.04,9r29-e8ha
2026-03-28T00:00:00.000,2,Alt Empordà,170622,"Escala, l'",0,0.29,0,0.29,9r29-e8ha
2026-03-29T00:00:00.000,31,Ripollès,171479,Ripoll,0.34,0,0,0.34,9r29-e8ha
2026-03-29T00:00:00.000,10,Baix Empordà,170340,Calonge i Sant Antoni,0,0.001,0,0.001,9r29-e8ha
2026-03-29T00:00:00.000,10,Baix Empordà,171609,Sant Feliu de Guíxols,0,0.0006,0,0.0006,9r29-e8ha
2026-03-29T00:00:00.000,35,Solsonès,251240,Lladurs,0.13,0,0,0.13,9r29-e8ha
2026-03-29T00:00:00.000,7,Bages,81136,Manresa,0.0025,0,0,0.0025,9r29-e8ha
2026-03-29T00:00:00.000,31,Ripollès,170391,Camprodon,0.4145,0,0,0.4145,9r29-e8ha
2026-03-29T00:00:00.000,35,Solsonès,251484,Odèn,0,0.001,0,0.001,9r29-e8ha
2026-03-29T00:00:00.000,14,Berguedà,81751,Puig-reig,0,0.159,0,0.159,9r29-e8ha
2026-03-30T00:00:00.000,6,Anoia,80082,Argençola,0,0.006,0,0.006,9r29-e8ha
2026-03-30T00:00:00.000,9,Baix Ebre,439018,Deltebre,0,0.002,0,0.002,9r29-e8ha
2026-03-30T00:00:00.000,1,Alt Camp,430017,Aiguamúrcia,0.1,0,0,0.1,9r29-e8ha
2026-03-30T00:00:00.000,25,Pallars Jussà,251155,Isona i Conca Dellà,0,0.08,0,0.08,9r29-e8ha
2026-03-31T00:00:00.000,18,Garrigues,251180,Juncosa,0.22,1.08,0.1,1.3,9r29-e8ha
2026-03-31T00:00:00.000,2,Alt Empordà,171766,Sant Mori,0,0.01,0,0.01,9r29-e8ha
2026-03-31T00:00:00.000,10,Baix Empordà,171100,Mont-ras,0.005,0,0,0.005,9r29-e8ha
2026-03-31T00:00:00.000,22,Montsià,430635,"Galera, la",0,0.002,0,0.002,9r29-e8ha
2026-04-02T00:00:00.000,11,Baix Llobregat,80734,Cornellà de Llobregat,0,0.2,0,0.2,9r29-e8ha
2026-04-02T00:00:00.000,13,Barcelonès,80193,Barcelona,0,0.0777,0,0.0777,9r29-e8ha
2026-04-03T00:00:00.000,33,Segrià,250122,Alcoletge,0.02,0.03,0,0.05,9r29-e8ha
2026-04-03T00:00:00.000,21,Maresme,80095,Argentona,0,0.01,0,0.01,9r29-e8ha
2026-04-04T00:00:00.000,33,Segrià,251207,Lleida,0.03,0,0,0.03,9r29-e8ha
2026-04-04T00:00:00.000,1,Alt Camp,430017,Aiguamúrcia,0,0.001,0,0.001,9r29-e8ha
2026-04-04T00:00:00.000,10,Baix Empordà,170340,Calonge i Sant Antoni,0,0.0027,0,0.0027,9r29-e8ha
2026-04-04T00:00:00.000,23,Noguera,251569,Os de Balaguer,0,0.01,0,0.01,9r29-e8ha
2026-04-04T00:00:00.000,7,Bages,81136,Manresa,0,0.0175,0,0.0175,9r29-e8ha
2026-04-04T00:00:00.000,13,Barcelonès,81944,Sant Adrià de Besòs,0,0.03,0,0.03,9r29-e8ha
2026-04-04T00:00:00.000,7,Bages,82747,Súria,0,0.03,0,0.03,9r29-e8ha
2026-04-05T00:00:00.000,4,Alt Urgell,259097,"Vansa i Fórnols, la",0.57,1.2,0,1.77,9r29-e8ha
2026-04-05T00:00:00.000,8,Baix Camp,431628,Vandellòs i l'Hospitalet de l'Infant,0.004,0.012,0,0.016,9r29-e8ha
2026-04-05T00:00:00.000,8,Baix Camp,430398,Capafonts,0.2745,0,0,0.2745,9r29-e8ha
2026-04-06T00:00:00.000,1,Alt Camp,430017,Aiguamúrcia,0,0.003,0,0.003,9r29-e8ha
2026-04-06T00:00:00.000,33,Segrià,251207,Lleida,0.05,0,0,0.05,9r29-e8ha
2026-04-06T00:00:00.000,15,Cerdanya,250518,Bellver de Cerdanya,0,0.0745,0,0.0745,9r29-e8ha
2026-04-06T00:00:00.000,8,Baix Camp,430923,Mont-roig del Camp,0.004,0,0,0.004,9r29-e8ha
2026-04-06T00:00:00.000,33,Segrià,251207,Lleida,0.003,0,0,0.003,9r29-e8ha
2026-04-06T00:00:00.000,33,Segrià,250117,Alcarràs,0.02,0,0,0.02,9r29-e8ha
2026-04-06T00:00:00.000,31,Ripollès,171479,Ripoll,0,0.05,0,0.05,9r29-e8ha
2026-04-07T00:00:00.000,18,Garrigues,251193,Juneda,0,0.001,0,0.001,9r29-e8ha
2026-04-07T00:00:00.000,25,Pallars Jussà,259046,Castell de Mur,0,0.017,0,0.017,9r29-e8ha
2026-04-07T00:00:00.000,33,Segrià,251312,Massalcoreig,3.3,0,0,3.3,9r29-e8ha
2026-04-07T00:00:00.000,19,Garrotxa,170195,Besalú,0.02,0,0,0.02,9r29-e8ha
2026-04-08T00:00:00.000,3,Alt Penedès,83054,Vilafranca del Penedès,0,0.022,0,0.022,9r29-e8ha
2026-04-08T00:00:00.000,24,Osona,81290,Muntanyola,0.17,0,0,0.17,9r29-e8ha
2026-04-08T00:00:00.000,23,Noguera,250621,Camarasa,0,0.0015,0,0.0015,9r29-e8ha
2026-04-08T00:00:00.000,7,Bages,81918,Sallent,0.01,0.01,0,0.02,9r29-e8ha
2026-04-09T00:00:00.000,30,Ribera d'Ebre,430653,Garcia,0.21,0.01,0.02,0.22,9r29-e8ha
2026-04-09T00:00:00.000,37,Terra Alta,430228,Batea,1.56,0.06,0,1.62,9r29-e8ha
2026-04-09T00:00:00.000,33,Segrià,251023,"Granja d'Escarp, la",0.0875,0,0,0.0875,9r29-e8ha
2026-04-09T00:00:00.000,9,Baix Ebre,431042,"Perelló, el",0,0.0943,0,0.0943,9r29-e8ha
2026-04-09T00:00:00.000,17,Garraf,80749,Cubelles,0,0.025,0,0.025,9r29-e8ha
2026-04-10T00:00:00.000,40,Vallès Occidental,82055,Sant Cugat del Vallès,0,0.013,0,0.013,9r29-e8ha
2026-04-10T00:00:00.000,33,Segrià,251207,Lleida,0,0.000647,0,0.000647,9r29-e8ha
2026-04-10T00:00:00.000,11,Baix Llobregat,80018,Abrera,0.05,0,0,0.05,9r29-e8ha
2026-04-10T00:00:00.000,18,Garrigues,250582,"Borges Blanques, les",0.1074,0.0239,0,0.1313,9r29-e8ha
2026-04-10T00:00:00.000,8,Baix Camp,431270,Riudecanyes,0.0095,0,0,0.0095,9r29-e8ha
2026-04-10T00:00:00.000,40,Vallès Occidental,80517,Castellar del Vallès,0.16,0,0,0.16,9r29-e8ha
2026-04-11T00:00:00.000,3,Alt Penedès,83054,Vilafranca del Penedès,0,0.05,0,0.05,9r29-e8ha
2026-04-11T00:00:00.000,11,Baix Llobregat,82009,Sant Boi de Llobregat,0,0.073,0,0.073,9r29-e8ha
2026-04-11T00:00:00.000,38,Urgell,250501,Bellpuig,0,0.072,0.055,0.072,9r29-e8ha
2026-04-11T00:00:00.000,33,Segrià,251207,Lleida,0.0238,0,0,0.0238,9r29-e8ha
2026-04-11T00:00:00.000,33,Segrià,251207,Lleida,0,0.1188,0,0.1188,9r29-e8ha
2026-04-11T00:00:00.000,8,Baix Camp,431628,Vandellòs i l'Hospitalet de l'Infant,0,0.0966,0.03,0.0966,9r29-e8ha
2026-04-11T00:00:00.000,15,Cerdanya,251790,Prullans,0.0088,0.03,0,0.0388,9r29-e8ha
2026-04-11T00:00:00.000,29,Priorat,430555,Falset,0,0.0025,0,0.0025,9r29-e8ha
2026-04-11T00:00:00.000,30,Ribera d'Ebre,430607,Flix,0.02,0,0,0.02,9r29-e8ha
2026-04-11T00:00:00.000,9,Baix Ebre,431554,Tortosa,0.16,0,0,0.16,9r29-e8ha
2026-04-12T00:00:00.000,36,Tarragonès,430509,Creixell,0.5,0,0,0.5,9r29-e8ha
2026-04-12T00:00:00.000,40,Vallès Occidental,81878,Sabadell,0,0.0008,0,0.0008,9r29-e8ha
2026-04-15T00:00:00.000,18,Garrigues,251193,Juneda,0.0523,0,0,0.0523,9r29-e8ha
2026-04-15T00:00:00.000,11,Baix Llobregat,82080,Sant Esteve Sesrovires,0,0.0015,0,0.0015,9r29-e8ha
2026-04-16T00:00:00.000,11,Baix Llobregat,81477,Olesa de Montserrat,0,0.021,0,0.021,9r29-e8ha
2026-04-16T00:00:00.000,9,Baix Ebre,430136,"Ametlla de Mar, l'",0.17,0,0,0.17,9r29-e8ha
2026-04-16T00:00:00.000,32,Segarra,251919,Sanaüja,0.01,0.02,0,0.03,9r29-e8ha
2026-04-17T00:00:00.000,1,Alt Camp,431191,Puigpelat,0,0.3339,0,0.3339,9r29-e8ha
2026-04-18T00:00:00.000,23,Noguera,250352,"Sentiu de Sió, la",0,0.002,0,0.002,9r29-e8ha
2026-04-18T00:00:00.000,33,Segrià,251023,"Granja d'Escarp, la",0.07,0.25,0,0.32,9r29-e8ha
2026-04-18T00:00:00.000,33,Segrià,251312,Massalcoreig,0.0183,0,0,0.0183,9r29-e8ha
2026-04-18T00:00:00.000,9,Baix Ebre,430069,Aldover,0,0.1754,0,0.1754,9r29-e8ha
2026-04-19T00:00:00.000,34,Selva,170950,Lloret de Mar,0.06,0,0,0.06,9r29-e8ha
2026-04-20T00:00:00.000,21,Maresme,80060,Arenys de Mar,0.0002,0.0015,0,0.0017,9r29-e8ha
2026-04-20T00:00:00.000,34,Selva,170950,Lloret de Mar,0.0025,0,0,0.0025,9r29-e8ha
2026-04-21T00:00:00.000,41,Vallès Oriental,80885,"Garriga, la",0.13,0,0,0.13,9r29-e8ha
2026-04-22T00:00:00.000,18,Garrigues,250735,Cervià de les Garrigues,0.03,0.12,0,0.15,9r29-e8ha
2026-04-23T00:00:00.000,16,Conca de Barberà,431726,Vilaverd,0.0008,0.0002,0,0.001,9r29-e8ha
2026-04-23T00:00:00.000,8,Baix Camp,430173,"Argentera, l'",0,0.058,0,0.058,9r29-e8ha
2026-04-23T00:00:00.000,8,Baix Camp,431188,Pratdip,0,0.003,0,0.003,9r29-e8ha
2026-04-23T00:00:00.000,8,Baix Camp,430458,Colldejou,0,0.001,0,0.001,9r29-e8ha
2026-04-25T00:00:00.000,40,Vallès Occidental,82606,Santa Perpètua de Mogoda,0.002,0.003,0,0.005,9r29-e8ha
2026-04-26T00:00:00.000,33,Segrià,251207,Lleida,0,0.0425,0,0.0425,9r29-e8ha
2026-04-26T00:00:00.000,41,Vallès Oriental,82021,Sant Celoni,0,0.0052,0,0.0052,9r29-e8ha
2026-04-27T00:00:00.000,9,Baix Ebre,431554,Tortosa,0.075,0,0,0.075,9r29-e8ha
2026-04-27T00:00:00.000,33,Segrià,251207,Lleida,0.02,0,0,0.02,9r29-e8ha
2026-04-27T00:00:00.000,33,Segrià,252326,Torres de Segre,0,0.004,0,0.004,9r29-e8ha
2026-04-28T00:00:00.000,40,Vallès Occidental,81846,Rubí,0,0.003,0,0.003,9r29-e8ha
2026-04-28T00:00:00.000,9,Baix Ebre,439018,Deltebre,0,0.05,0,0.05,9r29-e8ha
2026-04-28T00:00:00.000,40,Vallès Occidental,81878,Sabadell,0,0.0004,0,0.0004,9r29-e8ha
2026-04-29T00:00:00.000,21,Maresme,82037,Sant Cebrià de Vallalta,0,0,0.06,0,9r29-e8ha
2026-04-29T00:00:00.000,41,Vallès Oriental,80863,"Franqueses del Vallès, les",0.013,0,0,0.013,9r29-e8ha
2026-04-30T00:00:00.000,40,Vallès Occidental,82798,Terrassa,0.02,0,0,0.02,9r29-e8ha
2026-04-30T00:00:00.000,40,Vallès Occidental,81846,Rubí,0.0001,0,0,0.0001,9r29-e8ha
2026-04-30T00:00:00.000,13,Barcelonès,80193,Barcelona,0,0.467,0,0.467,9r29-e8ha
2026-04-30T00:00:00.000,9,Baix Ebre,431495,Tivenys,0.025,0,0,0.025,9r29-e8ha
2026-04-30T00:00:00.000,33,Segrià,250077,Albatàrrec,0,0.37,0.86,0.37,9r29-e8ha
2026-05-01T00:00:00.000,25,Pallars Jussà,259046,Castell de Mur,0.007,0,0,0.007,9r29-e8ha
2026-05-01T00:00:00.000,23,Noguera,250083,Albesa,3.17,0.16,0.13,3.33,9r29-e8ha
2026-05-01T00:00:00.000,2,Alt Empordà,171328,Peralada,0,0.005,0,0.005,9r29-e8ha
2026-05-01T00:00:00.000,40,Vallès Occidental,82798,Terrassa,0,0.04,0,0.04,9r29-e8ha
2026-05-01T00:00:00.000,33,Segrià,250334,Artesa de Lleida,0,0.1,0,0.1,9r29-e8ha
2026-05-01T00:00:00.000,9,Baix Ebre,431554,Tortosa,0.1,0,0,0.1,9r29-e8ha
2026-05-01T00:00:00.000,20,Gironès,170792,Girona,0,0.0146,0.0176,0.0146,9r29-e8ha
2026-05-02T00:00:00.000,28,Pla de l'Estany,170715,Fontcoberta,0,0.03,0,0.03,9r29-e8ha
2026-05-02T00:00:00.000,40,Vallès Occidental,82671,Sentmenat,0,0.24,0,0.24,9r29-e8ha
2026-05-02T00:00:00.000,28,Pla de l'Estany,170157,Banyoles,0,0.04,0,0.04,9r29-e8ha
2026-05-02T00:00:00.000,28,Pla de l'Estany,170157,Banyoles,0,0.0004,0,0.0004,9r29-e8ha
2026-05-04T00:00:00.000,40,Vallès Occidental,83008,Viladecavalls,0.002,0,0,0.002,9r29-e8ha
2026-05-12T00:00:00.000,21,Maresme,80095,Argentona,0.001,0,0,0.001,9r29-e8ha
2026-05-12T00:00:00.000,41,Vallès Oriental,81363,Montornès del Vallès,0.0001,0.0014,0,0.0015,9r29-e8ha
2026-05-12T00:00:00.000,10,Baix Empordà,171997,Torroella de Montgrí,0,0.022,0,0.022,9r29-e8ha
2026-05-13T00:00:00.000,9,Baix Ebre,431554,Tortosa,0.06,0.07,0,0.13,9r29-e8ha
2026-05-13T00:00:00.000,30,Ribera d'Ebre,431251,Riba-roja d'Ebre,1.34,1.41,0.57,2.75,9r29-e8ha
2026-05-14T00:00:00.000,33,Segrià,251207,Lleida,0,0.16,0,0.16,9r29-e8ha
2026-05-14T00:00:00.000,33,Segrià,252287,Torrefarrera,0,0.12,0.1,0.12,9r29-e8ha
2026-05-16T00:00:00.000,27,Pla d'Urgell,250523,Bellvís,0,0.2084,0,0.2084,9r29-e8ha
2026-05-17T00:00:00.000,36,Tarragonès,431482,Tarragona,0,0.021,0,0.021,9r29-e8ha
2026-05-17T00:00:00.000,33,Segrià,250215,Almenar,0,0.016,0,0.016,9r29-e8ha
2026-05-21T00:00:00.000,30,Ribera d'Ebre,431779,Vinebre,1.96,3.14,3.28,5.1,9r29-e8ha
2026-05-22T00:00:00.000,7,Bages,80023,Aguilar de Segarra,0,0.65,0,0.65,9r29-e8ha
2026-05-22T00:00:00.000,23,Noguera,250349,Artesa de Segre,0,0.025,1.475,0.025,9r29-e8ha
2026-05-23T00:00:00.000,13,Barcelonès,82457,Santa Coloma de Gramenet,0,0.001,0,0.001,9r29-e8ha
2026-05-23T00:00:00.000,36,Tarragonès,431482,Tarragona,0.05,0,0,0.05,9r29-e8ha
2026-05-24T00:00:00.000,40,Vallès Occidental,81878,Sabadell,0,0.002,0,0.002,9r29-e8ha
2026-05-24T00:00:00.000,18,Garrigues,250061,"Albagés, l'",0,0.02,0.45,0.02,9r29-e8ha
2026-05-25T00:00:00.000,33,Segrià,251207,Lleida,4.2,0,0,4.2,9r29-e8ha
2026-05-25T00:00:00.000,41,Vallès Oriental,89024,Vilanova del Vallès,0.015,0,0,0.015,9r29-e8ha
2026-05-25T00:00:00.000,21,Maresme,81213,Mataró,0,0.045,0,0.045,9r29-e8ha
2026-05-26T00:00:00.000,21,Maresme,80752,Dosrius,0,0.0015,0,0.0015,9r29-e8ha
2026-05-26T00:00:00.000,33,Segrià,251749,"Portella, la",0,0.39,0,0.39,9r29-e8ha
2026-05-26T00:00:00.000,37,Terra Alta,430483,Corbera d'Ebre,0,0.1,0.34,0.1,9r29-e8ha
2026-05-26T00:00:00.000,18,Garrigues,250061,"Albagés, l'",0,0.1,0.43,0.1,9r29-e8ha
2026-05-26T00:00:00.000,37,Terra Alta,430228,Batea,0.88,0,0.06,0.88,9r29-e8ha
2026-05-26T00:00:00.000,9,Baix Ebre,431554,Tortosa,0.03,0,0.02,0.03,9r29-e8ha
2026-05-27T00:00:00.000,11,Baix Llobregat,83015,Viladecans,0.08,0.02,0,0.1,9r29-e8ha
2026-05-27T00:00:00.000,37,Terra Alta,430326,Bot,0.15,0.11,0.13,0.26,9r29-e8ha
2026-05-27T00:00:00.000,8,Baix Camp,431166,Prades,0,0.015,0,0.015,9r29-e8ha
2026-05-28T00:00:00.000,36,Tarragonès,431114,"Pobla de Montornès, la",0,0.18,0,0.18,9r29-e8ha
2026-05-28T00:00:00.000,21,Maresme,81537,Òrrius,0.84,0.1,0.46,0.94,9r29-e8ha
2026-05-28T00:00:00.000,35,Solsonès,251240,Lladurs,0.0071,0,0.061,0.0071,9r29-e8ha
2026-05-28T00:00:00.000,33,Segrià,251207,Lleida,0,0.058,0,0.058,9r29-e8ha
2026-05-28T00:00:00.000,37,Terra Alta,430326,Bot,0,0.35,0.09,0.35,9r29-e8ha
2026-05-28T00:00:00.000,3,Alt Penedès,80137,Avinyonet del Penedès,0,0.0356,0,0.0356,9r29-e8ha
2026-05-28T00:00:00.000,11,Baix Llobregat,82042,Sant Climent de Llobregat,0,0.006,0,0.006,9r29-e8ha
2026-05-29T00:00:00.000,12,Baix Penedès,430516,Cunit,0,0.0015,0,0.0015,9r29-e8ha
2026-05-29T00:00:00.000,6,Anoia,80364,Calonge de Segarra,0,0.0936,0,0.0936,9r29-e8ha
2026-05-29T00:00:00.000,33,Segrià,252542,Vilanova de la Barca,0.5,0.52,0.01,1.02,9r29-e8ha
2026-05-29T00:00:00.000,38,Urgell,250501,Bellpuig,0,0.12,0.38,0.12,9r29-e8ha
2026-05-30T00:00:00.000,40,Vallès Occidental,82233,Sant Llorenç Savall,0,0.0083,0,0.0083,9r29-e8ha
2026-05-30T00:00:00.000,20,Gironès,170675,Flaçà,0.008,0,0,0.008,9r29-e8ha
2026-05-30T00:00:00.000,20,Gironès,170675,Flaçà,0.005,0,0,0.005,9r29-e8ha
2026-05-30T00:00:00.000,16,Conca de Barberà,430213,Barberà de la Conca,0.19,0.44,0,0.63,9r29-e8ha
2026-05-30T00:00:00.000,40,Vallès Occidental,81878,Sabadell,0,0.09,0,0.09,9r29-e8ha
2026-05-30T00:00:00.000,33,Segrià,252115,Sudanell,0,0.02,0,0.02,9r29-e8ha
2026-05-31T00:00:00.000,20,Gironès,171693,Sant Julià de Ramis,0,0.85,1.67,0.85,9r29-e8ha
2026-05-31T00:00:00.000,4,Alt Urgell,251497,Oliana,0.0004,0,0,0.0004,9r29-e8ha
2026-06-01T00:00:00.000,3,Alt Penedès,81458,Olèrdola,0,0.001,0,0.001,9r29-e8ha
2026-06-01T00:00:00.000,33,Segrià,251207,Lleida,0,0.291,0,0.291,9r29-e8ha
2026-06-01T00:00:00.000,20,Gironès,171637,Sant Gregori,0.26,0.04,0,0.3,9r29-e8ha
2026-06-02T00:00:00.000,10,Baix Empordà,170221,"Bisbal d'Empordà, la",0.008,0,0,0.008,9r29-e8ha
2026-06-03T00:00:00.000,32,Segarra,259059,Ribera d'Ondara,0,0.02,0,0.02,9r29-e8ha
2026-06-03T00:00:00.000,40,Vallès Occidental,80517,Castellar del Vallès,0,0.0003,0,0.0003,9r29-e8ha
2026-06-03T00:00:00.000,41,Vallès Oriental,81810,"Roca del Vallès, la",0,0.02,0,0.02,9r29-e8ha
2026-06-03T00:00:00.000,26,Pallars Sobirà,251832,Rialp,0,0.006,0,0.006,9r29-e8ha
2026-06-03T00:00:00.000,11,Baix Llobregat,80734,Cornellà de Llobregat,0,0.4,0,0.4,9r29-e8ha
2026-06-03T00:00:00.000,24,Osona,80174,Balenyà,0.34,0,0,0.34,9r29-e8ha
2026-06-03T00:00:00.000,24,Osona,80673,Centelles,0,0.002,0,0.002,9r29-e8ha
2026-06-04T00:00:00.000,30,Ribera d'Ebre,431508,Tivissa,0.02,0.01,0,0.03,9r29-e8ha
2026-06-06T00:00:00.000,23,Noguera,251121,Ivars de Noguera,0,0.37,0.02,0.37,9r29-e8ha
2026-06-06T00:00:00.000,32,Segarra,259078,Torrefeta i Florejacs,0,0.002,0,0.002,9r29-e8ha
2026-06-06T00:00:00.000,32,Segarra,251919,Sanaüja,0.001,0.002,0,0.003,9r29-e8ha
2026-06-07T00:00:00.000,40,Vallès Occidental,81878,Sabadell,0,0.0004,0,0.0004,9r29-e8ha
2026-06-07T00:00:00.000,14,Berguedà,80924,Gironella,0,0.03,0,0.03,9r29-e8ha
2026-06-07T00:00:00.000,3,Alt Penedès,82362,Sant Quintí de Mediona,0,0.01,0,0.01,9r29-e8ha
2026-06-08T00:00:00.000,40,Vallès Occidental,81878,Sabadell,0,0.038,0,0.038,9r29-e8ha
2026-06-08T00:00:00.000,6,Anoia,82508,Santa Margarida de Montbui,0.06,0.28,1.02,0.34,9r29-e8ha
2026-06-08T00:00:00.000,29,Priorat,430555,Falset,0,0.39,0.9,0.39,9r29-e8ha
2026-06-08T00:00:00.000,6,Anoia,81192,Masquefa,0.04,0,0,0.04,9r29-e8ha
2026-06-09T00:00:00.000,41,Vallès Oriental,81347,Figaró-Montmany,0,0,0,0,9r29-e8ha
2026-06-10T00:00:00.000,11,Baix Llobregat,81691,"Prat de Llobregat, el",0,0,0,0,9r29-e8ha
2026-06-10T00:00:00.000,25,Pallars Jussà,252347,Tremp,0,0.13,0,0.13,9r29-e8ha
2026-06-11T00:00:00.000,12,Baix Penedès,431634,"Vendrell, el",0,0.17,0.17,0.17,9r29-e8ha
2026-06-11T00:00:00.000,37,Terra Alta,430228,Batea,0.02,0,0.07,0.02,9r29-e8ha
2026-06-12T00:00:00.000,8,Baix Camp,430311,"Borges del Camp, les",0,0.01,0,0.01,9r29-e8ha
2026-06-12T00:00:00.000,7,Bages,80109,Artés,0,0.03,0,0.03,9r29-e8ha
2026-06-13T00:00:00.000,40,Vallès Occidental,81878,Sabadell,0,0.06,0,0.06,9r29-e8ha
2026-06-13T00:00:00.000,11,Baix Llobregat,80569,Castelldefels,0,0.02,0,0.02,9r29-e8ha
2026-06-13T00:00:00.000,32,Segarra,251919,Sanaüja,13.11,17.65,26.49,30.76,9r29-e8ha
2026-06-13T00:00:00.000,24,Osona,82981,Vic,0,0.01,0,0.01,9r29-e8ha
2026-06-14T00:00:00.000,18,Garrigues,250735,Cervià de les Garrigues,10.66,12.39,34.79,23.05,9r29-e8ha
2026-06-14T00:00:00.000,3,Alt Penedès,81458,Olèrdola,0.65,0.35,0,1,9r29-e8ha
2026-06-14T00:00:00.000,40,Vallès Occidental,81878,Sabadell,0,0.18,0,0.18,9r29-e8ha
2026-06-14T00:00:00.000,13,Barcelonès,80155,Badalona,0.01,0,0,0.01,9r29-e8ha
2026-06-14T00:00:00.000,21,Maresme,81213,Mataró,0.2,0,0.59,0.2,9r29-e8ha
2026-06-14T00:00:00.000,23,Noguera,251728,Ponts,4.45,2.4,0,6.85,9r29-e8ha
2026-06-15T00:00:00.000,11,Baix Llobregat,82896,Torrelles de Llobregat,0,0.01,0,0.01,9r29-e8ha
2026-06-15T00:00:00.000,8,Baix Camp,431457,"Selva del Camp, la",0,0.02,0.05,0.02,9r29-e8ha
2026-06-15T00:00:00.000,25,Pallars Jussà,252022,Senterada,0.01,0,0,0.01,9r29-e8ha
2026-06-16T00:00:00.000,7,Bages,82135,Sant Fruitós de Bages,0.01,0,9.5,0.01,9r29-e8ha
2026-06-16T00:00:00.000,16,Conca de Barberà,431423,Sarral,0,0.02,0,0.02,9r29-e8ha
2026-06-17T00:00:00.000,21,Maresme,82824,Tiana,0,0.02,0,0.02,9r29-e8ha
2026-06-17T00:00:00.000,32,Segarra,259078,Torrefeta i Florejacs,0.24,0.15,5.56,0.39,9r29-e8ha
2026-06-17T00:00:00.000,27,Pla d'Urgell,252056,Sidamon,0,0.3,1,0.3,9r29-e8ha
2026-06-17T00:00:00.000,32,Segarra,252167,Talavera,3.88,5.74,92.88,9.62,9r29-e8ha
2026-06-17T00:00:00.000,41,Vallès Oriental,80333,Caldes de Montbui,0,0,0.1,0,9r29-e8ha
2026-06-18T00:00:00.000,33,Segrià,250138,Alfarràs,0.45,0.6,3.29,1.05,9r29-e8ha
2026-06-18T00:00:00.000,18,Garrigues,250292,Arbeca,0,0.22,12.74,0.22,9r29-e8ha
2026-06-18T00:00:00.000,18,Garrigues,250292,Arbeca,0,0.4,12.56,0.4,9r29-e8ha
2026-06-18T00:00:00.000,18,Garrigues,250096,"Albi, l'",0.18,0.32,14.9,0.5,9r29-e8ha
2026-06-18T00:00:00.000,38,Urgell,250030,Agramunt,0.2,0.24,3.92,0.44,9r29-e8ha
2026-06-19T00:00:00.000,10,Baix Empordà,170221,"Bisbal d'Empordà, la",0,0.01,0,0.01,9r29-e8ha
2026-06-19T00:00:00.000,10,Baix Empordà,170577,Corçà,0.43,0.05,5.34,0.48,9r29-e8ha
2026-06-19T00:00:00.000,10,Baix Empordà,179026,Forallac,0.65,0.1,10.6,0.75,9r29-e8ha
2026-06-20T00:00:00.000,41,Vallès Oriental,81363,Montornès del Vallès,0.17,0.02,1.74,0.19,9r29-e8ha
2026-06-20T00:00:00.000,1,Alt Camp,431205,Querol,0.55,0.16,3.52,0.71,9r29-e8ha
2026-06-20T00:00:00.000,41,Vallès Oriental,80961,Granollers,0,0.06,0,0.06,9r29-e8ha
2026-06-20T00:00:00.000,18,Garrigues,252189,Tarrés,0,0.01,0,0.01,9r29-e8ha
2026-06-20T00:00:00.000,28,Pla de l'Estany,172180,Vilademuls,0,0,0,0,9r29-e8ha
2026-06-20T00:00:00.000,21,Maresme,80095,Argentona,0.07,0,0,0.07,9r29-e8ha
2026-06-20T00:00:00.000,11,Baix Llobregat,81234,Molins de Rei,0,0.03,0,0.03,9r29-e8ha
2026-06-21T00:00:00.000,41,Vallès Oriental,81593,Parets del Vallès,0,0.1,0,0.1,9r29-e8ha
2026-06-21T00:00:00.000,2,Alt Empordà,171432,Rabós,0.76,0,0,0.76,9r29-e8ha
2026-06-21T00:00:00.000,34,Selva,171931,Sils,0.02,0.02,0,0.04,9r29-e8ha
2026-06-21T00:00:00.000,41,Vallès Oriental,80863,"Franqueses del Vallès, les",0,0.02,0,0.02,9r29-e8ha
2026-06-22T00:00:00.000,25,Pallars Jussà,252154,Talarn,0.01,0,0,0.01,9r29-e8ha
2026-06-22T00:00:00.000,40,Vallès Occidental,81878,Sabadell,0.07,0,0,0.07,9r29-e8ha
2026-06-22T00:00:00.000,25,Pallars Jussà,250019,Abella de la Conca,0.02,0,0,0.02,9r29-e8ha
2026-06-22T00:00:00.000,31,Ripollès,170806,Gombrèn,0.03,0,0,0.03,9r29-e8ha
2026-06-22T00:00:00.000,11,Baix Llobregat,81960,Sant Andreu de la Barca,0.01,0.03,0,0.04,9r29-e8ha
2026-06-22T00:00:00.000,25,Pallars Jussà,252154,Talarn,0.99,0.05,0,1.04,9r29-e8ha
2026-06-22T00:00:00.000,26,Pallars Sobirà,250241,Alt Àneu,0,0.09,0,0.09,9r29-e8ha
2026-06-22T00:00:00.000,20,Gironès,170792,Girona,0.08,0,0,0.08,9r29-e8ha
2026-06-22T00:00:00.000,34,Selva,170335,Caldes de Malavella,0,0.01,0,0.01,9r29-e8ha
2026-06-22T00:00:00.000,24,Osona,82205,Sant Julià de Vilatorta,0,0.01,0,0.01,9r29-e8ha
2026-06-22T00:00:00.000,25,Pallars Jussà,252347,Tremp,0.06,0.8,0,0.86,9r29-e8ha
2026-06-23T00:00:00.000,23,Noguera,252402,Vallfogona de Balaguer,0.03,0,0,0.03,9r29-e8ha
2026-06-23T00:00:00.000,40,Vallès Occidental,81878,Sabadell,0.05,0,0,0.05,9r29-e8ha
2026-06-23T00:00:00.000,40,Vallès Occidental,81878,Sabadell,0.05,0,0,0.05,9r29-e8ha
2026-06-23T00:00:00.000,11,Baix Llobregat,82212,Sant Just Desvern,0,0,0,0,9r29-e8ha
2026-06-23T00:00:00.000,25,Pallars Jussà,252347,Tremp,2.75,2.45,0,5.2,9r29-e8ha
2026-06-23T00:00:00.000,40,Vallès Occidental,81878,Sabadell,0,0,0,0,9r29-e8ha
2026-06-23T00:00:00.000,33,Segrià,250334,Artesa de Lleida,0,1.82,6.19,1.82,9r29-e8ha
2026-06-23T00:00:00.000,41,Vallès Oriental,81350,Montmeló,0,0.06,0,0.06,9r29-e8ha
2026-06-23T00:00:00.000,11,Baix Llobregat,81960,Sant Andreu de la Barca,0,2.88,0.14,2.88,9r29-e8ha
2026-06-23T00:00:00.000,10,Baix Empordà,171997,Torroella de Montgrí,0,0,0,0,9r29-e8ha
2026-06-24T00:00:00.000,26,Pallars Sobirà,250241,Alt Àneu,0,0.37,0,0.37,9r29-e8ha
2026-06-24T00:00:00.000,20,Gironès,170792,Girona,0,0.4,0.09,0.4,9r29-e8ha
2026-06-24T00:00:00.000,18,Garrigues,250582,"Borges Blanques, les",0,0.07,0.08,0.07,9r29-e8ha
2026-06-24T00:00:00.000,7,Bages,81136,Manresa,0,0.03,0,0.03,9r29-e8ha
2026-06-24T00:00:00.000,42,Moianès,82397,Sant Quirze Safaja,7.13,5.55,0.52,12.68,9r29-e8ha
2026-06-24T00:00:00.000,35,Solsonès,251484,Odèn,0.35,0.05,0,0.4,9r29-e8ha
2026-06-24T00:00:00.000,40,Vallès Occidental,82798,Terrassa,0,0.36,0.15,0.36,9r29-e8ha
2026-06-24T00:00:00.000,10,Baix Empordà,171175,Palafrugell,0,0,0,0,9r29-e8ha
2026-06-24T00:00:00.000,23,Noguera,251348,Menàrguens,0,0.77,2.47,0.77,9r29-e8ha
2026-06-24T00:00:00.000,22,Montsià,430445,"Sénia, la",0.03,2.96,0,2.99,9r29-e8ha
2026-06-24T00:00:00.000,40,Vallès Occidental,81878,Sabadell,0,0,0,0,9r29-e8ha
2026-06-24T00:00:00.000,40,Vallès Occidental,81878,Sabadell,0.1,0,0,0.1,9r29-e8ha
2026-06-24T00:00:00.000,25,Pallars Jussà,250019,Abella de la Conca,0.1,0.61,0,0.71,9r29-e8ha
2026-06-25T00:00:00.000,12,Baix Penedès,431634,"Vendrell, el",0.09,0,0.45,0.09,9r29-e8ha
2026-06-25T00:00:00.000,14,Berguedà,81884,Sagàs,0,0.05,0,0.05,9r29-e8ha
2026-06-25T00:00:00.000,41,Vallès Oriental,80410,Canovelles,0,0.01,0,0.01,9r29-e8ha
2026-06-25T00:00:00.000,17,Garraf,82310,Sant Pere de Ribes,0,0.15,0,0.15,9r29-e8ha
2026-06-25T00:00:00.000,13,Barcelonès,82457,Santa Coloma de Gramenet,0,0.12,0,0.12,9r29-e8ha
2026-06-25T00:00:00.000,40,Vallès Occidental,81846,Rubí,0.05,0.2,0,0.25,9r29-e8ha
2026-06-25T00:00:00.000,6,Anoia,81629,"Hostalets de Pierola, els",0,0,0.01,0,9r29-e8ha
2026-06-25T00:00:00.000,12,Baix Penedès,430901,"Montmell, el",0.54,0,0,0.54,9r29-e8ha
2026-06-26T00:00:00.000,38,Urgell,252173,Tàrrega,0,0.51,38.17,0.51,9r29-e8ha
2026-06-26T00:00:00.000,36,Tarragonès,431444,"Secuita, la",0,0,0,0,9r29-e8ha
2026-06-26T00:00:00.000,20,Gironès,170792,Girona,0,0.03,0,0.03,9r29-e8ha
2026-06-26T00:00:00.000,33,Segrià,251207,Lleida,0,0.01,0,0.01,9r29-e8ha
2026-06-26T00:00:00.000,21,Maresme,82824,Tiana,8.26,41.7,3.05,49.96,9r29-e8ha
2026-06-26T00:00:00.000,3,Alt Penedès,81458,Olèrdola,0,0.02,0,0.02,9r29-e8ha
2026-06-26T00:00:00.000,35,Solsonès,251673,Pinós,0.27,0.02,0.21,0.29,9r29-e8ha
2026-06-26T00:00:00.000,10,Baix Empordà,171175,Palafrugell,0,0.01,0,0.01,9r29-e8ha
2026-06-27T00:00:00.000,40,Vallès Occidental,81878,Sabadell,0.08,0.03,0,0.11,9r29-e8ha
2026-06-27T00:00:00.000,38,Urgell,252173,Tàrrega,0,0.46,7.01,0.46,9r29-e8ha
2026-06-27T00:00:00.000,25,Pallars Jussà,252347,Tremp,0.52,0.1,0,0.62,9r29-e8ha
2026-06-27T00:00:00.000,6,Anoia,80312,Calaf,0.21,0,0,0.21,9r29-e8ha
2026-06-27T00:00:00.000,34,Selva,170280,Brunyola i Sant Martí Sapresa,0.3,0,0,0.3,9r29-e8ha
2026-06-27T00:00:00.000,24,Osona,82858,Torelló,0,0.03,0,0.03,9r29-e8ha
2026-06-28T00:00:00.000,33,Segrià,250143,Alfés,0,22.68,0,22.68,9r29-e8ha
2026-06-28T00:00:00.000,6,Anoia,81705,"Prats de Rei, els",0,0,0,0,9r29-e8ha
2026-06-28T00:00:00.000,28,Pla de l'Estany,172180,Vilademuls,0.06,0,0,0.06,9r29-e8ha
2026-06-28T00:00:00.000,31,Ripollès,171925,Setcases,0,0.01,0,0.01,9r29-e8ha
2026-06-29T00:00:00.000,23,Noguera,250083,Albesa,0.1,0.36,0,0.46,9r29-e8ha
2026-06-29T00:00:00.000,6,Anoia,81521,Orpí,0,0.02,1.11,0.02,9r29-e8ha
2026-06-29T00:00:00.000,21,Maresme,80095,Argentona,0.35,0,0.1,0.35,9r29-e8ha
2026-06-29T00:00:00.000,40,Vallès Occidental,81878,Sabadell,0,0,0,0,9r29-e8ha
2026-06-29T00:00:00.000,18,Garrigues,250292,Arbeca,0,0.11,0.12,0.11,9r29-e8ha
2026-06-29T00:00:00.000,11,Baix Llobregat,82042,Sant Climent de Llobregat,0.02,0.02,0,0.04,9r29-e8ha
2026-06-29T00:00:00.000,18,Garrigues,250582,"Borges Blanques, les",0.01,0,0,0.01,9r29-e8ha
2026-06-30T00:00:00.000,36,Tarragonès,431310,Roda de Berà,0,0.03,0,0.03,9r29-e8ha
2026-06-30T00:00:00.000,24,Osona,82205,Sant Julià de Vilatorta,0,0.03,0,0.03,9r29-e8ha
2026-06-30T00:00:00.000,40,Vallès Occidental,82520,Barberà del Vallès,0,0.02,0,0.02,9r29-e8ha
2026-06-30T00:00:00.000,41,Vallès Oriental,80863,"Franqueses del Vallès, les",0,0.01,0,0.01,9r29-e8ha
2026-06-30T00:00:00.000,14,Berguedà,80930,Gisclareny,0,0.04,0,0.04,9r29-e8ha
2026-07-01T00:00:00.000,38,Urgell,250030,Agramunt,0.29,1.61,6.6,1.9,9r29-e8ha
2026-07-02T00:00:00.000,6,Anoia,81614,Piera,0,0,0,0,9r29-e8ha
2026-07-02T00:00:00.000,35,Solsonès,251667,Pinell de Solsonès,0.83,0.33,1.48,1.16,9r29-e8ha
2026-07-02T00:00:00.000,25,Pallars Jussà,251902,Salàs de Pallars,0.08,0.17,2.96,0.25,9r29-e8ha
2026-07-02T00:00:00.000,2,Alt Empordà,171292,Pedret i Marzà,1.9,0,5.5,1.9,9r29-e8ha
2026-07-02T00:00:00.000,10,Baix Empordà,171181,Palamós,0.01,0,0,0.01,9r29-e8ha
2026-07-02T00:00:00.000,2,Alt Empordà,171292,Pedret i Marzà,0.77,0,0,0.77,9r29-e8ha
2026-07-02T00:00:00.000,40,Vallès Occidental,82520,Barberà del Vallès,0,0.05,0,0.05,9r29-e8ha
2026-07-02T00:00:00.000,6,Anoia,81614,Piera,0,0,0,0,9r29-e8ha
2026-07-03T00:00:00.000,7,Bages,80615,Castellgalí,0.04,0,0,0.04,9r29-e8ha
2026-07-03T00:00:00.000,7,Bages,82628,Sant Vicenç de Castellet,0.9,0.3,1.75,1.2,9r29-e8ha
2026-07-03T00:00:00.000,10,Baix Empordà,170340,Calonge i Sant Antoni,57.11,3.5,2.82,60.61,9r29-e8ha
2026-07-03T00:00:00.000,28,Pla de l'Estany,170715,Fontcoberta,10.2,3.62,23.64,13.82,9r29-e8ha
2026-07-03T00:00:00.000,11,Baix Llobregat,80689,Cervelló,0,0.07,0,0.07,9r29-e8ha
2026-07-03T00:00:00.000,10,Baix Empordà,170221,"Bisbal d'Empordà, la",1847.99,73.83,61.76,1921.82,9r29-e8ha
2026-07-03T00:00:00.000,36,Tarragonès,431482,Tarragona,0,0.57,0.93,0.57,9r29-e8ha
2026-07-03T00:00:00.000,2,Alt Empordà,170669,Figueres,0,0.4,0,0.4,9r29-e8ha
2026-07-04T00:00:00.000,26,Pallars Sobirà,250241,Alt Àneu,0,0.27,0,0.27,9r29-e8ha
2026-07-04T00:00:00.000,7,Bages,82628,Sant Vicenç de Castellet,0.01,0,0,0.01,9r29-e8ha
2026-07-04T00:00:00.000,41,Vallès Oriental,82592,Santa Maria de Palautordera,0,0,0,0,9r29-e8ha
2026-07-04T00:00:00.000,40,Vallès Occidental,81878,Sabadell,0,0.05,0,0.05,9r29-e8ha
2026-07-05T00:00:00.000,5,Alta Ribagorça,250432,"Vall de Boí, la",0.7,0,0,0.7,9r29-e8ha
2026-07-05T00:00:00.000,25,Pallars Jussà,251902,Salàs de Pallars,0.18,0,0,0.18,9r29-e8ha
2026-07-05T00:00:00.000,6,Anoia,81614,Piera,2.6,0.6,4.89,3.2,9r29-e8ha
2026-07-05T00:00:00.000,24,Osona,81173,"Masies de Voltregà, les",0,0.68,0,0.68,9r29-e8ha
2026-07-05T00:00:00.000,6,Anoia,80446,Capellades,0.31,3.43,0.16,3.74,9r29-e8ha
2026-07-05T00:00:00.000,11,Baix Llobregat,81960,Sant Andreu de la Barca,3.42,0.92,0.01,4.34,9r29-e8ha
2026-07-05T00:00:00.000,21,Maresme,80095,Argentona,0.14,0,0,0.14,9r29-e8ha
2026-07-05T00:00:00.000,41,Vallès Oriental,81075,Lliçà d'Amunt,0,0.03,0,0.03,9r29-e8ha
2026-07-05T00:00:00.000,10,Baix Empordà,170681,Foixà,0.06,0,0,0.06,9r29-e8ha
2026-07-05T00:00:00.000,40,Vallès Occidental,82665,Cerdanyola del Vallès,0,0.07,0,0.07,9r29-e8ha
2026-07-06T00:00:00.000,6,Anoia,80484,Carme,210.55,132.39,111.82,342.94,9r29-e8ha
2026-07-06T00:00:00.000,36,Tarragonès,431114,"Pobla de Montornès, la",0,0.04,0,0.04,9r29-e8ha
2026-07-06T00:00:00.000,28,Pla de l'Estany,172180,Vilademuls,0,0.67,0.45,0.67,9r29-e8ha
2026-07-06T00:00:00.000,15,Cerdanya,250518,Bellver de Cerdanya,0,0.01,0,0.01,9r29-e8ha
2026-07-06T00:00:00.000,23,Noguera,250349,Artesa de Segre,18.38,4.3,7.16,22.68,9r29-e8ha
2026-07-06T00:00:00.000,3,Alt Penedès,81458,Olèrdola,0.02,0,0,0.02,9r29-e8ha
2026-07-06T00:00:00.000,40,Vallès Occidental,82671,Sentmenat,169.3,12.17,2.06,181.47,9r29-e8ha
2026-07-07T00:00:00.000,4,Alt Urgell,250447,Bassella,0.12,0,0,0.12,9r29-e8ha
2026-07-07T00:00:00.000,24,Osona,82858,Torelló,0.2,3.2,0,3.4,9r29-e8ha
2026-07-07T00:00:00.000,40,Vallès Occidental,81846,Rubí,0,0.14,0,0.14,9r29-e8ha
2026-07-07T00:00:00.000,16,Conca de Barberà,431439,Savallà del Comtat,0.75,0.39,7.74,1.14,9r29-e8ha
2026-07-07T00:00:00.000,11,Baix Llobregat,82080,Sant Esteve Sesrovires,0.19,0.55,2.29,0.74,9r29-e8ha
2026-07-07T00:00:00.000,24,Osona,82858,Torelló,0.08,0.47,0,0.55,9r29-e8ha
2026-07-07T00:00:00.000,4,Alt Urgell,250447,Bassella,0,0,0,0,9r29-e8ha
2026-07-07T00:00:00.000,6,Anoia,80446,Capellades,0,0,0,0,9r29-e8ha
2026-07-07T00:00:00.000,32,Segarra,259078,Torrefeta i Florejacs,9.91,21.44,90.46,31.35,9r29-e8ha
2026-07-07T00:00:00.000,35,Solsonès,251240,Lladurs,0,0,0,0,9r29-e8ha
2026-07-07T00:00:00.000,20,Gironès,170736,Fornells de la Selva,0,0.03,0,0.03,9r29-e8ha
2026-07-07T00:00:00.000,35,Solsonès,251240,Lladurs,0.11,0,0,0.11,9r29-e8ha
2026-07-07T00:00:00.000,35,Solsonès,251240,Lladurs,0,0.01,0,0.01,9r29-e8ha
2026-07-07T00:00:00.000,18,Garrigues,251193,Juneda,0.03,0.86,4.76,0.89,9r29-e8ha
2026-07-08T00:00:00.000,7,Bages,81402,Navarcles,6.35,17.9,30.5,24.25,9r29-e8ha
2026-07-08T00:00:00.000,23,Noguera,250349,Artesa de Segre,0.2,0,1.1,0.2,9r29-e8ha
2026-07-08T00:00:00.000,38,Urgell,251095,Guimerà,43.64,47.03,323,90.67,9r29-e8ha
2026-07-08T00:00:00.000,18,Garrigues,250582,"Borges Blanques, les",0,0.21,1.66,0.21,9r29-e8ha
2026-07-08T00:00:00.000,11,Baix Llobregat,80898,Gavà,6.9,2.55,0.39,9.45,9r29-e8ha
2026-07-08T00:00:00.000,10,Baix Empordà,170221,"Bisbal d'Empordà, la",0,0,0,0,9r29-e8ha
2026-07-08T00:00:00.000,1,Alt Camp,430017,Aiguamúrcia,55.63,18.91,15.12,74.54,9r29-e8ha
2026-07-08T00:00:00.000,35,Solsonès,251240,Lladurs,0.01,0,0,0.01,9r29-e8ha
2026-07-08T00:00:00.000,15,Cerdanya,170617,Das,0,0,0,0,9r29-e8ha
2026-07-08T00:00:00.000,26,Pallars Sobirà,250864,Esterri d'Àneu,0,0,0,0,9r29-e8ha
2026-07-08T00:00:00.000,11,Baix Llobregat,82080,Sant Esteve Sesrovires,0.04,0,1.6,0.04,9r29-e8ha
2026-07-08T00:00:00.000,39,Val d'Aran,252430,Vielha e Mijaran,0,5,0,5,9r29-e8ha
2026-07-09T00:00:00.000,13,Barcelonès,80193,Barcelona,0.01,0,0,0.01,9r29-e8ha
2026-07-09T00:00:00.000,6,Anoia,81332,Montmaneu,0.15,0.07,1.82,0.22,9r29-e8ha
2026-07-09T00:00:00.000,20,Gironès,170736,Fornells de la Selva,0,0.01,0,0.01,9r29-e8ha
2026-07-09T00:00:00.000,40,Vallès Occidental,81846,Rubí,0,0,0,0,9r29-e8ha
2026-07-09T00:00:00.000,11,Baix Llobregat,81477,Olesa de Montserrat,0,0.01,0,0.01,9r29-e8ha
2026-07-09T00:00:00.000,33,Segrià,251207,Lleida,0,0.06,0.09,0.06,9r29-e8ha
2026-07-09T00:00:00.000,21,Maresme,82359,Sant Pol de Mar,0,0,0,0,9r29-e8ha
2026-07-09T00:00:00.000,40,Vallès Occidental,82665,Cerdanyola del Vallès,0.02,0.25,0,0.27,9r29-e8ha
2026-07-09T00:00:00.000,41,Vallès Oriental,80885,"Garriga, la",0,0.52,0,0.52,9r29-e8ha
2026-07-09T00:00:00.000,2,Alt Empordà,170329,Cadaqués,0,0.03,0,0.03,9r29-e8ha
2026-07-09T00:00:00.000,25,Pallars Jussà,251902,Salàs de Pallars,0.7,1.3,0,2,9r29-e8ha
2026-07-10T00:00:00.000,40,Vallès Occidental,82384,Sant Quirze del Vallès,0.08,0,0,0.08,9r29-e8ha
2026-07-10T00:00:00.000,34,Selva,172137,Vidreres,0.01,0.01,0,0.02,9r29-e8ha
2026-07-10T00:00:00.000,40,Vallès Occidental,82520,Barberà del Vallès,0,0.02,0,0.02,9r29-e8ha
2026-07-10T00:00:00.000,17,Garraf,80749,Cubelles,0,0,0,0,9r29-e8ha
2026-07-10T00:00:00.000,10,Baix Empordà,171181,Palamós,0,0.01,0,0.01,9r29-e8ha
2026-07-10T00:00:00.000,26,Pallars Sobirà,250870,Esterri de Cardós,0,0,0,0,9r29-e8ha
2026-07-10T00:00:00.000,39,Val d'Aran,250254,Naut Aran,0,0.01,0,0.01,9r29-e8ha
2026-07-11T00:00:00.000,23,Noguera,250621,Camarasa,15.85,2.48,3.54,18.33,9r29-e8ha
2026-07-11T00:00:00.000,1,Alt Camp,430017,Aiguamúrcia,0,0,0,0,9r29-e8ha
2026-07-11T00:00:00.000,1,Alt Camp,430017,Aiguamúrcia,0.15,0,0,0.15,9r29-e8ha
2026-07-11T00:00:00.000,39,Val d'Aran,252430,Vielha e Mijaran,0,0.69,0,0.69,9r29-e8ha
2026-07-12T00:00:00.000,1,Alt Camp,430017,Aiguamúrcia,143.73,6.57,0.03,150.3,9r29-e8ha
2026-07-12T00:00:00.000,41,Vallès Oriental,80863,"Franqueses del Vallès, les",0,0.02,0,0.02,9r29-e8ha
2026-07-13T00:00:00.000,14,Berguedà,251001,Gósol,0.06,0,0,0.06,9r29-e8ha
2026-07-13T00:00:00.000,41,Vallès Oriental,82021,Sant Celoni,0,0.12,0,0.12,9r29-e8ha
2026-07-13T00:00:00.000,21,Maresme,82819,Teià,0.2,0.1,0,0.3,9r29-e8ha
2026-07-13T00:00:00.000,36,Tarragonès,431482,Tarragona,0,0.6,0,0.6,9r29-e8ha
2026-07-13T00:00:00.000,6,Anoia,80082,Argençola,0.53,0,1.55,0.53,9r29-e8ha
2026-07-13T00:00:00.000,40,Vallès Occidental,81878,Sabadell,0.27,0.2,0.32,0.47,9r29-e8ha
2026-07-13T00:00:00.000,40,Vallès Occidental,82798,Terrassa,0,0.01,0,0.01,9r29-e8ha
2026-07-13T00:00:00.000,35,Solsonès,251240,Lladurs,2.06,0,0,2.06,9r29-e8ha
2026-07-14T00:00:00.000,21,Maresme,81108,Malgrat de Mar,0,0.01,0,0.01,9r29-e8ha
2026-07-14T00:00:00.000,12,Baix Penedès,430516,Cunit,0.8,0,0,0.8,9r29-e8ha
2026-07-14T00:00:00.000,7,Bages,80594,Castellfollit del Boix,22.31,25.86,6.14,48.17,9r29-e8ha
2026-07-15T00:00:00.000,1,Alt Camp,430017,Aiguamúrcia,0,0,0,0,9r29-e8ha
2026-07-15T00:00:00.000,42,Moianès,82397,Sant Quirze Safaja,42.51,55.35,4.13,97.86,9r29-e8ha
2026-07-16T00:00:00.000,35,Solsonès,251484,Odèn,0,0,0,0,9r29-e8ha
2026-07-16T00:00:00.000,26,Pallars Sobirà,250899,Farrera,0,0,0,0,9r29-e8ha
2026-07-16T00:00:00.000,23,Noguera,250371,"Avellanes i Santa Linya, les",1.2,0,0,1.2,9r29-e8ha
2026-07-16T00:00:00.000,5,Alta Ribagorça,252458,Vilaller,0.01,0,0,0.01,9r29-e8ha
2026-07-16T00:00:00.000,35,Solsonès,251462,Navès,0.01,0,0,0.01,9r29-e8ha
2026-07-16T00:00:00.000,23,Noguera,250024,Àger,0,0,0,0,9r29-e8ha
2026-07-16T00:00:00.000,1,Alt Camp,430017,Aiguamúrcia,1.31,0,0,1.31,9r29-e8ha
2026-07-16T00:00:00.000,35,Solsonès,251636,"Coma i la Pedra, la",0,0,0,0,9r29-e8ha
2026-07-17T00:00:00.000,21,Maresme,81213,Mataró,0,0.05,0,0.05,9r29-e8ha
2026-07-17T00:00:00.000,36,Tarragonès,431482,Tarragona,0,0.5,0,0.5,9r29-e8ha
2026-07-18T00:00:00.000,28,Pla de l'Estany,172180,Vilademuls,0.03,0.09,1.61,0.12,9r29-e8ha
2026-07-18T00:00:00.000,41,Vallès Oriental,81593,Parets del Vallès,0,0,0.59,0,9r29-e8ha
2026-07-18T00:00:00.000,24,Osona,81509,Orís,0.17,0,0,0.17,9r29-e8ha
2026-07-18T00:00:00.000,16,Conca de Barberà,431418,Pontils,0.87,0.4,3.97,1.27,9r29-e8ha
2026-07-18T00:00:00.000,11,Baix Llobregat,81691,"Prat de Llobregat, el",0,0.01,0,0.01,9r29-e8ha
2026-07-18T00:00:00.000,11,Baix Llobregat,81691,"Prat de Llobregat, el",0,0,0,0,9r29-e8ha
2026-07-18T00:00:00.000,11,Baix Llobregat,81691,"Prat de Llobregat, el",0,0.2,0,0.2,9r29-e8ha
2026-07-19T00:00:00.000,41,Vallès Oriental,81069,Llinars del Vallès,0,0.05,0,0.05,9r29-e8ha
2026-07-19T00:00:00.000,3,Alt Penedès,80581,Castellet i la Gornal,0.03,0,0,0.03,9r29-e8ha
2026-07-19T00:00:00.000,23,Noguera,250426,"Baronia de Rialb, la",2.57,0.21,16.96,2.78,9r29-e8ha
2026-07-19T00:00:00.000,11,Baix Llobregat,81691,"Prat de Llobregat, el",0,7.8,2.2,7.8,9r29-e8ha
2026-07-20T00:00:00.000,11,Baix Llobregat,81574,Pallejà,0,0.02,0,0.02,9r29-e8ha
2026-07-20T00:00:00.000,20,Gironès,170792,Girona,0,0.05,0,0.05,9r29-e8ha
2026-07-21T00:00:00.000,43,Lluçanès,81516,Oristà,0.78,0,0.05,0.78,9r29-e8ha
2026-07-21T00:00:00.000,34,Selva,171019,Massanes,0,0.74,0,0.74,9r29-e8ha
2026-07-21T00:00:00.000,14,Berguedà,82554,Santa Maria de Merlès,0,0.06,0,0.06,9r29-e8ha
2026-07-21T00:00:00.000,11,Baix Llobregat,80689,Cervelló,0,0.03,0,0.03,9r29-e8ha
2026-07-21T00:00:00.000,18,Garrigues,252555,Vinaixa,0.06,0,0,0.06,9r29-e8ha
2026-07-22T00:00:00.000,11,Baix Llobregat,80689,Cervelló,13.57,3.56,0.16,17.13,9r29-e8ha
2026-07-22T00:00:00.000,40,Vallès Occidental,81878,Sabadell,0.09,0,0,0.09,9r29-e8ha
2026-07-22T00:00:00.000,1,Alt Camp,430363,Cabra del Camp,0.92,0.92,0.6,1.84,9r29-e8ha
2026-07-23T00:00:00.000,33,Segrià,250169,Alguaire,0,0.08,5.93,0.08,9r29-e8ha
2026-07-23T00:00:00.000,28,Pla de l'Estany,170157,Banyoles,0,0.01,0,0.01,9r29-e8ha
2026-07-23T00:00:00.000,19,Garrotxa,172082,"Vall de Bianya, la",0,0,0,0,9r29-e8ha
2026-07-23T00:00:00.000,2,Alt Empordà,170519,Cistella,0.06,0,0,0.06,9r29-e8ha
2026-07-23T00:00:00.000,17,Garraf,80749,Cubelles,0.37,0,0,0.37,9r29-e8ha
2026-07-24T00:00:00.000,26,Pallars Sobirà,251832,Rialp,0,0,0,0,9r29-e8ha
2026-07-24T00:00:00.000,21,Maresme,80095,Argentona,0,0.05,0,0.05,9r29-e8ha
2026-07-24T00:00:00.000,26,Pallars Sobirà,250899,Farrera,20.1,21.65,0,41.75,9r29-e8ha
2026-07-25T00:00:00.000,17,Garraf,80749,Cubelles,3.04,0.01,0,3.05,9r29-e8ha
2026-07-25T00:00:00.000,28,Pla de l'Estany,170157,Banyoles,0,0.04,0,0.04,9r29-e8ha
2026-07-25T00:00:00.000,17,Garraf,80749,Cubelles,1.67,0,0,1.67,9r29-e8ha
2026-07-25T00:00:00.000,36,Tarragonès,431037,Perafort,0.5,3.5,1,4,9r29-e8ha
2026-07-25T00:00:00.000,21,Maresme,81555,Palafolls,0,1.3,0.22,1.3,9r29-e8ha
2026-07-25T00:00:00.000,31,Ripollès,171077,Molló,0,0,0,0,9r29-e8ha
2026-07-25T00:00:00.000,26,Pallars Sobirà,259010,Vall de Cardós,0,0,0,0,9r29-e8ha
2026-07-25T00:00:00.000,10,Baix Empordà,172327,Vilopriu,0,0,0,0,9r29-e8ha
2026-07-26T00:00:00.000,11,Baix Llobregat,80569,Castelldefels,0,0.02,0,0.02,9r29-e8ha
2026-07-26T00:00:00.000,38,Urgell,252173,Tàrrega,0,0.11,1.53,0.11,9r29-e8ha
2026-07-26T00:00:00.000,21,Maresme,80076,Arenys de Munt,0,0.05,0,0.05,9r29-e8ha
2026-07-26T00:00:00.000,25,Pallars Jussà,252347,Tremp,0,0.09,4.89,0.09,9r29-e8ha
2026-07-27T00:00:00.000,1,Alt Camp,430017,Aiguamúrcia,0,0.02,0,0.02,9r29-e8ha
2026-07-27T00:00:00.000,16,Conca de Barberà,431397,Santa Coloma de Queralt,3.74,1.78,8.48,5.52,9r29-e8ha
2026-07-27T00:00:00.000,43,Lluçanès,81516,Oristà,0.1,0,0,0.1,9r29-e8ha
2026-07-27T00:00:00.000,36,Tarragonès,431114,"Pobla de Montornès, la",1.95,0,2.02,1.95,9r29-e8ha
2026-07-28T00:00:00.000,18,Garrigues,250292,Arbeca,0,0.07,4.53,0.07,9r29-e8ha
2026-07-28T00:00:00.000,40,Vallès Occidental,81878,Sabadell,0,0.04,0,0.04,9r29-e8ha
2026-07-28T00:00:00.000,36,Tarragonès,431482,Tarragona,0,0.04,0,0.04,9r29-e8ha
2026-07-28T00:00:00.000,41,Vallès Oriental,80977,Gualba,0,0.06,0,0.06,9r29-e8ha
2026-07-29T00:00:00.000,31,Ripollès,172018,Toses,0,0,0,0,9r29-e8ha
2026-07-29T00:00:00.000,17,Garraf,80431,Canyelles,0.23,0,0,0.23,9r29-e8ha
2026-07-29T00:00:00.000,4,Alt Urgell,252398,"Valls de Valira, les",1.5,0,0,1.5,9r29-e8ha
2026-07-29T00:00:00.000,20,Gironès,171557,Salt,0,0.67,0,0.67,9r29-e8ha
2026-07-29T00:00:00.000,1,Alt Camp,430897,Montferri,12.07,0.49,3.36,12.56,9r29-e8ha
2026-07-30T00:00:00.000,26,Pallars Sobirà,259031,"Guingueta d'Àneu, la",0,0.01,0,0.01,9r29-e8ha
2026-07-30T00:00:00.000,21,Maresme,80095,Argentona,0,0.01,0,0.01,9r29-e8ha
2026-07-30T00:00:00.000,39,Val d'Aran,252430,Vielha e Mijaran,0,0.35,0,0.35,9r29-e8ha
2026-07-31T00:00:00.000,5,Alta Ribagorça,252458,Vilaller,60.19,35.35,0,95.54,9r29-e8ha
2026-07-31T00:00:00.000,25,Pallars Jussà,251155,Isona i Conca Dellà,0,0,0,0,9r29-e8ha
2026-07-31T00:00:00.000,25,Pallars Jussà,251288,Llimiana,0,0,0,0,9r29-e8ha
2026-07-31T00:00:00.000,14,Berguedà,81770,"Quar, la",0.98,0,0,0.98,9r29-e8ha
2026-07-31T00:00:00.000,24,Osona,82981,Vic,0,0.2,0.38,0.2,9r29-e8ha
2026-07-31T00:00:00.000,42,Moianès,82589,Santa Maria d'Oló,0.38,0,2.58,0.38,9r29-e8ha
2026-07-31T00:00:00.000,35,Solsonès,251462,Navès,0.95,0,0,0.95,9r29-e8ha
2026-08-01T00:00:00.000,16,Conca de Barberà,430862,Montblanc,0.15,0,1.41,0.15,9r29-e8ha
2026-08-01T00:00:00.000,5,Alta Ribagorça,250432,"Vall de Boí, la",0,0.01,0,0.01,9r29-e8ha
2026-08-01T00:00:00.000,39,Val d'Aran,250254,Naut Aran,0,0.82,0,0.82,9r29-e8ha
2026-08-02T00:00:00.000,2,Alt Empordà,172109,Ventalló,0,0,0,0,9r29-e8ha
2026-08-02T00:00:00.000,6,Anoia,80082,Argençola,0.32,0.2,1.27,0.52,9r29-e8ha
2026-08-02T00:00:00.000,2,Alt Empordà,170926,Llançà,0.12,0,0,0.12,9r29-e8ha
2026-08-02T00:00:00.000,1,Alt Camp,431325,Rodonyà,0.05,0,0,0.05,9r29-e8ha
2026-08-02T00:00:00.000,2,Alt Empordà,172109,Ventalló,0.14,0,0,0.14,9r29-e8ha
2026-08-02T00:00:00.000,2,Alt Empordà,172109,Ventalló,0,0,0,0,9r29-e8ha
2026-08-02T00:00:00.000,2,Alt Empordà,172109,Ventalló,0,0.01,0,0.01,9r29-e8ha
2026-08-02T00:00:00.000,2,Alt Empordà,171984,Torroella de Fluvià,0,0.45,0,0.45,9r29-e8ha
2026-08-02T00:00:00.000,2,Alt Empordà,172109,Ventalló,0,0.21,0,0.21,9r29-e8ha
2026-08-03T00:00:00.000,41,Vallès Oriental,81069,Llinars del Vallès,0,0.01,0,0.01,9r29-e8ha
2026-08-03T00:00:00.000,35,Solsonès,251484,Odèn,0.01,0,0,0.01,9r29-e8ha
2026-08-04T00:00:00.000,11,Baix Llobregat,83015,Viladecans,0,0.3,0,0.3,9r29-e8ha
2026-08-04T00:00:00.000,1,Alt Camp,430918,Mont-ral,0,0.01,0,0.01,9r29-e8ha
2026-08-04T00:00:00.000,1,Alt Camp,430918,Mont-ral,0,0,0,0,9r29-e8ha
2026-08-04T00:00:00.000,4,Alt Urgell,259101,Josa i Tuixén,0,0,0,0,9r29-e8ha
2026-08-04T00:00:00.000,14,Berguedà,80497,Casserres,0.05,0,0.08,0.05,9r29-e8ha
2026-08-05T00:00:00.000,20,Gironès,171557,Salt,0.03,1.64,0,1.67,9r29-e8ha
2026-08-06T00:00:00.000,36,Tarragonès,431482,Tarragona,0.07,0,0,0.07,9r29-e8ha
2026-08-06T00:00:00.000,10,Baix Empordà,17118,"Cruïlles, Monells i Sant Sadurní de l'Heura",0,0,0,0,9r29-e8ha
2026-08-06T00:00:00.000,6,Anoia,81043,"Llacuna, la",0,0,0,0,9r29-e8ha
2026-08-06T00:00:00.000,10,Baix Empordà,170852,Jafre,0.01,0,0,0.01,9r29-e8ha
2026-08-06T00:00:00.000,7,Bages,80109,Artés,0.06,0,0,0.06,9r29-e8ha
2026-08-06T00:00:00.000,7,Bages,81918,Sallent,0,0,0,0,9r29-e8ha
2026-08-06T00:00:00.000,2,Alt Empordà,170314,Cabanelles,0.05,0,0,0.05,9r29-e8ha
2026-08-06T00:00:00.000,41,Vallès Oriental,81056,"Llagosta, la",0,0.24,0,0.24,9r29-e8ha
2026-08-06T00:00:00.000,39,Val d'Aran,252430,Vielha e Mijaran,0,39.84,0,39.84,9r29-e8ha
2026-08-07T00:00:00.000,14,Berguedà,80924,Gironella,0.01,0,0,0.01,9r29-e8ha
2026-08-07T00:00:00.000,7,Bages,80902,Gaià,1.51,0,0,1.51,9r29-e8ha
2026-08-08T00:00:00.000,23,Noguera,251728,Ponts,0.03,0,0,0.03,9r29-e8ha
2026-08-08T00:00:00.000,26,Pallars Sobirà,250241,Alt Àneu,0.01,0.05,0,0.06,9r29-e8ha
2026-08-08T00:00:00.000,41,Vallès Oriental,80462,Cardedeu,0,0,0,0,9r29-e8ha
2026-08-08T00:00:00.000,11,Baix Llobregat,80771,Esplugues de Llobregat,0,0,0,0,9r29-e8ha
2026-08-08T00:00:00.000,10,Baix Empordà,179026,Forallac,0.18,0,0,0.18,9r29-e8ha
2026-08-08T00:00:00.000,21,Maresme,81108,Malgrat de Mar,0,0.03,0,0.03,9r29-e8ha
2026-08-08T00:00:00.000,4,Alt Urgell,251497,Oliana,0,0.06,0,0.06,9r29-e8ha
2026-08-08T00:00:00.000,25,Pallars Jussà,251615,Conca de Dalt,0,0,0,0,9r29-e8ha
2026-08-08T00:00:00.000,11,Baix Llobregat,81691,"Prat de Llobregat, el",0.5,2,0,2.5,9r29-e8ha
2026-08-09T00:00:00.000,33,Segrià,251207,Lleida,0,0.02,0,0.02,9r29-e8ha
2026-08-09T00:00:00.000,41,Vallès Oriental,80961,Granollers,0,0.05,0,0.05,9r29-e8ha
2026-08-09T00:00:00.000,4,Alt Urgell,251403,Montferrer i Castellbò,0,0,0,0,9r29-e8ha
2026-08-09T00:00:00.000,34,Selva,170950,Lloret de Mar,0.01,0,0,0.01,9r29-e8ha
2026-08-09T00:00:00.000,4,Alt Urgell,250772,Coll de Nargó,0.09,0,0,0.09,9r29-e8ha
2026-08-09T00:00:00.000,39,Val d'Aran,250254,Naut Aran,0,0.07,0,0.07,9r29-e8ha
2026-08-10T00:00:00.000,7,Bages,82628,Sant Vicenç de Castellet,0,0.27,0,0.27,9r29-e8ha
2026-08-10T00:00:00.000,35,Solsonès,251484,Odèn,0.01,0,0,0.01,9r29-e8ha
2026-08-10T00:00:00.000,4,Alt Urgell,259097,"Vansa i Fórnols, la",0.02,0,0,0.02,9r29-e8ha
2026-08-11T00:00:00.000,24,Osona,81995,Sant Bartomeu del Grau,0.42,0,0.21,0.42,9r29-e8ha
2026-08-11T00:00:00.000,14,Berguedà,81304,Montclar,0,0,0,0,9r29-e8ha
2026-08-12T00:00:00.000,3,Alt Penedès,80654,Castellví de la Marca,8.29,1.17,0,9.46,9r29-e8ha
2026-08-12T00:00:00.000,9,Baix Ebre,439018,Deltebre,0,0.03,0,0.03,9r29-e8ha
2026-08-12T00:00:00.000,11,Baix Llobregat,82956,Vallirana,0.01,0,0,0.01,9r29-e8ha
2026-08-12T00:00:00.000,8,Baix Camp,431671,Vilanova d'Escornalbou,0,0.08,0,0.08,9r29-e8ha
2026-08-12T00:00:00.000,39,Val d'Aran,250254,Naut Aran,0,7.02,0,7.02,9r29-e8ha
2026-08-13T00:00:00.000,11,Baix Llobregat,80689,Cervelló,0,0,0,0,9r29-e8ha
2026-08-13T00:00:00.000,20,Gironès,170792,Girona,0.09,0,0,0.09,9r29-e8ha
2026-08-13T00:00:00.000,40,Vallès Occidental,81878,Sabadell,0,0,0,0,9r29-e8ha
2026-08-13T00:00:00.000,10,Baix Empordà,179026,Forallac,0,0,0.01,0.01,9r29-e8ha
2026-08-13T00:00:00.000,41,Vallès Oriental,81069,Llinars del Vallès,0,0.01,0,0.01,9r29-e8ha
2026-08-13T00:00:00.000,32,Segarra,259118,"Plans de Sió, els",0,0,2.42,0,9r29-e8ha
2026-08-13T00:00:00.000,29,Priorat,430960,"Morera de Montsant, la",0.02,0.04,0,0.05,9r29-e8ha
2026-08-13T00:00:00.000,14,Berguedà,83089,Viver i Serrateix,0.05,0.01,0,0.06,9r29-e8ha
2026-08-13T00:00:00.000,40,Vallès Occidental,82798,Terrassa,0,0.01,0.02,0.01,9r29-e8ha
2026-08-13T00:00:00.000,11,Baix Llobregat,83015,Viladecans,0.23,0,0,0.23,9r29-e8ha
2026-08-14T00:00:00.000,13,Barcelonès,80193,Barcelona,2.62,5.85,0.02,8.47,9r29-e8ha
2026-08-14T00:00:00.000,13,Barcelonès,80193,Barcelona,3.8,6.22,0.02,10.02,9r29-e8ha
2026-08-15T00:00:00.000,23,Noguera,250156,Algerri,3.03,1.51,21.47,4.54,9r29-e8ha
2026-08-15T00:00:00.000,40,Vallès Occidental,81878,Sabadell,0,0.6,0,0.6,9r29-e8ha
2026-08-15T00:00:00.000,24,Osona,82460,Santa Eugènia de Berga,0,0.15,0,0.15,9r29-e8ha
2026-08-15T00:00:00.000,15,Cerdanya,170694,Fontanals de Cerdanya,0,0,0,0,9r29-e8ha
2026-08-15T00:00:00.000,31,Ripollès,171925,Setcases,0,0.06,0,0.06,9r29-e8ha
2026-08-16T00:00:00.000,40,Vallès Occidental,82520,Barberà del Vallès,0,0.04,0,0.04,9r29-e8ha
2026-08-16T00:00:00.000,2,Alt Empordà,170600,Darnius,0,0,0,0,9r29-e8ha
2026-08-16T00:00:00.000,26,Pallars Sobirà,250864,Esterri d'Àneu,0,0.3,0,0.3,9r29-e8ha
2026-08-16T00:00:00.000,42,Moianès,82589,Santa Maria d'Oló,0.26,0,0,0.26,9r29-e8ha
2026-08-16T00:00:00.000,10,Baix Empordà,171241,Pals,0,0,0,0,9r29-e8ha
2026-08-18T00:00:00.000,30,Ribera d'Ebre,431508,Tivissa,0,0.03,0,0.03,9r29-e8ha
2026-08-18T00:00:00.000,40,Vallès Occidental,81252,Montcada i Reixac,0,0,0.01,0,9r29-e8ha
2026-08-18T00:00:00.000,7,Bages,80538,Castellbell i el Vilar,0.06,0,0,0.06,9r29-e8ha
2026-08-19T00:00:00.000,6,Anoia,80636,Castellolí,0.02,0,0,0.02,9r29-e8ha
2026-08-19T00:00:00.000,3,Alt Penedès,80919,Gelida,1.5,0,0,1.5,9r29-e8ha
2026-08-19T00:00:00.000,6,Anoia,83020,Vilanova del Camí,0.08,0,0,0.08,9r29-e8ha
2026-08-19T00:00:00.000,40,Vallès Occidental,80543,Castellbisbal,0,0.02,0,0.02,9r29-e8ha
2026-08-21T00:00:00.000,14,Berguedà,80924,Gironella,0.01,0,0,0.01,9r29-e8ha
2026-08-21T00:00:00.000,8,Baix Camp,430923,Mont-roig del Camp,0.35,0,0,0.35,9r29-e8ha
2026-08-24T00:00:00.000,34,Selva,170335,Caldes de Malavella,0.02,0.05,0,0.07,9r29-e8ha
2026-08-25T00:00:00.000,13,Barcelonès,80193,Barcelona,8.87,45.53,0,54.4,9r29-e8ha
2026-08-26T00:00:00.000,16,Conca de Barberà,431423,Sarral,0.69,0.84,7.27,1.53,9r29-e8ha
